time_s,C_H2_out_kmol_per_m3,C_CH4_out_kmol_per_m3,y_CH4_out,u_out_m_per_s,is_product_cut
6.2008240467837166e-06,0.04170247436757765,0.22421506522687437,0.8431751646349555,0.14,False
0.006194623222736935,0.041702474367584313,0.22421506522686172,0.8431751646349269,0.14,False
0.012395447269520651,0.041702474367590746,0.22421506522686172,0.8431751646349065,0.14,False
0.01859627131630437,0.04170247436759719,0.22421506522686172,0.8431751646348861,0.14,False
0.024797095363088086,0.041702474367603624,0.22421506522686172,0.8431751646348656,0.14,False
0.030997919409871802,0.04170247436761007,0.22421506522686172,0.8431751646348452,0.14,False
0.03719874345665552,0.04170247436761651,0.22421506522686172,0.8431751646348248,0.14,False
0.04339956750343924,0.04170247436762295,0.22421506522686172,0.8431751646348044,0.14,False
0.04960039155022296,0.04170247436762939,0.22421506522686172,0.8431751646347839,0.14,False
0.055801215597006674,0.04170247436763582,0.2242150652268618,0.8431751646347637,0.14,False
0.062002039643790384,0.04170247436764226,0.22421506522686188,0.8431751646347432,0.14,False
0.06820286369057411,0.04170247436764869,0.22421506522686202,0.843175164634723,0.14,False
0.07440368773735782,0.04170247436765513,0.22421506522686216,0.8431751646347025,0.14,False
0.08060451178414155,0.04170247436766158,0.22421506522686233,0.8431751646346822,0.14,False
0.08680533583092526,0.04170247436766802,0.2242150652268625,0.8431751646346619,0.14,False
0.09300615987770898,0.04170247436767446,0.22421506522686263,0.8431751646346417,0.14,False
0.09920698392449269,0.04170247436768089,0.2242150652268628,0.8431751646346213,0.14,False
0.10540780797127641,0.041702474367687335,0.22421506522686294,0.843175164634601,0.14,False
0.11160863201806012,0.04170247436769377,0.2242150652268631,0.8431751646345805,0.14,False
0.11780945606484385,0.041702474367700214,0.22421506522686327,0.8431751646345602,0.14,False
0.12401028011162757,0.04170247436770666,0.2242150652268634,0.8431751646345399,0.14,False
0.13021110415841128,0.0417024743677131,0.22421506522686357,0.8431751646345197,0.14,False
0.136411928205195,0.04170247436771953,0.2242150652268637,0.8431751646344993,0.14,False
0.1426127522519787,0.04170247436772598,0.22421506522686388,0.843175164634479,0.14,False
0.14881357629876243,0.04170247436773241,0.22421506522686405,0.8431751646344586,0.14,False
0.15501440034554612,0.041702474367738857,0.22421506522686419,0.8431751646344382,0.14,False
0.16121522439232985,0.041702474367745296,0.22421506522686432,0.843175164634418,0.14,False
0.16741604843911356,0.041702474367751735,0.2242150652268645,0.8431751646343977,0.14,False
0.1736168724858973,0.041702474367758174,0.22421506522686466,0.8431751646343774,0.14,False
0.17981769653268098,0.04170247436776461,0.2242150652268648,0.843175164634357,0.14,False
0.18601852057946472,0.04170247436777105,0.22421506522686496,0.8431751646343366,0.14,False
0.19221934462624843,0.04170247436777748,0.22421506522686505,0.8431751646343163,0.14,False
0.19842016867303217,0.04170247436778392,0.22421506522686518,0.8431751646342961,0.14,False
0.2046209927198159,0.04170247436779036,0.22421506522686535,0.8431751646342758,0.14,False
0.21082181676659958,0.0417024743677968,0.22421506522686552,0.8431751646342555,0.14,False
0.21702264081338332,0.04170247436780324,0.22421506522686566,0.843175164634235,0.14,False
0.22322346486016703,0.041702474367809675,0.2242150652268658,0.8431751646342147,0.14,False
0.22942428890695077,0.04170247436781612,0.224215065226866,0.8431751646341944,0.14,False
0.23562511295373448,0.04170247436782255,0.22421506522686613,0.8431751646341741,0.14,False
0.2418259370005182,0.041702474367829,0.22421506522686627,0.8431751646341537,0.14,False
0.2480267610473019,0.041702474367835446,0.22421506522686643,0.8431751646341333,0.14,False
0.2542275850940856,0.04170247436784188,0.22421506522686657,0.8431751646341131,0.14,False
0.26042840914086934,0.04170247436784832,0.22421506522686674,0.8431751646340928,0.14,False
0.2666292331876531,0.04170247436785475,0.2242150652268669,0.8431751646340725,0.14,False
0.27283005723443676,0.041702474367861196,0.22421506522686704,0.8431751646340521,0.14,False
0.27903088128122044,0.04170247436786764,0.2242150652268672,0.8431751646340317,0.14,False
0.28523170532800424,0.041702474367874075,0.22421506522686738,0.8431751646340114,0.14,False
0.2914325293747879,0.04170247436788052,0.22421506522686752,0.843175164633991,0.14,False
0.29763335342157166,0.04170247436788696,0.22421506522686768,0.8431751646339708,0.14,False
0.3038341774683554,0.04170247436789339,0.22421506522686782,0.8431751646339504,0.14,False
0.31003500151513913,0.04170247436789984,0.22421506522686796,0.8431751646339299,0.14,False
0.3162358255619228,0.041702474367906285,0.22421506522686815,0.8431751646339097,0.14,False
0.3224366496087065,0.041702474367912704,0.2242150652268682,0.8431751646338894,0.14,False
0.32863747365549023,0.04170247436791914,0.22421506522686838,0.8431751646338691,0.14,False
0.33483829770227397,0.04170247436792559,0.22421506522686852,0.8431751646338488,0.14,False
0.34103912174905765,0.04170247436793203,0.22421506522686865,0.8431751646338284,0.14,False
0.3472399457958414,0.04170247436793846,0.22421506522686885,0.8431751646338081,0.14,False
0.3534407698426251,0.04170247436794491,0.224215065226869,0.8431751646337877,0.14,False
0.35964159388940886,0.04170247436795134,0.22421506522686915,0.8431751646337674,0.14,False
0.36584241793619254,0.041702474367957786,0.2242150652268693,0.8431751646337472,0.14,False
0.3720432419829762,0.041702474367964225,0.22421506522686946,0.8431751646337269,0.14,False
0.37824406602975996,0.041702474367970664,0.22421506522686963,0.8431751646337066,0.14,False
0.3844448900765437,0.0417024743679771,0.22421506522686976,0.8431751646336861,0.14,False
0.3906457141233274,0.041702474367983536,0.2242150652268699,0.8431751646336659,0.14,False
0.3968465381701112,0.04170247436798998,0.22421506522687007,0.8431751646336456,0.14,False
0.40304736221689486,0.04170247436799643,0.22421506522687024,0.8431751646336253,0.14,False
0.4092481862636786,0.04170247436800286,0.22421506522687037,0.8431751646336049,0.14,False
0.4154490103104623,0.04170247436800931,0.22421506522687054,0.8431751646335846,0.14,False
0.421649834357246,0.041702474368015746,0.22421506522687068,0.8431751646335642,0.14,False
0.4278506584040297,0.04170247436802218,0.22421506522687085,0.8431751646335439,0.14,False
0.43405148245081343,0.041702474368028625,0.224215065226871,0.8431751646335236,0.14,False
0.4402523064975971,0.04170247436803507,0.22421506522687115,0.8431751646335032,0.14,False
0.4464531305443809,0.0417024743680415,0.22421506522687132,0.8431751646334829,0.14,False
0.4526539545911646,0.04170247436804794,0.22421506522687146,0.8431751646334626,0.14,False
0.4588547786379483,0.041702474368054375,0.22421506522687157,0.8431751646334422,0.14,False
0.465055602684732,0.041702474368060814,0.2242150652268717,0.8431751646334218,0.14,False
0.4712564267315157,0.04170247436806725,0.22421506522687185,0.8431751646334016,0.14,False
0.4774572507782994,0.04170247436807368,0.224215065226872,0.8431751646333813,0.14,False
0.48365807482508316,0.041702474368080125,0.22421506522687215,0.8431751646333608,0.14,False
0.48985889887186684,0.04170247436808657,0.22421506522687232,0.8431751646333405,0.14,False
0.49605972291865064,0.04170247436809301,0.22421506522687248,0.8431751646333202,0.14,False
0.5022605469654343,0.04170247436809945,0.22421506522687262,0.8431751646333,0.14,False
0.508461371012218,0.04170247436810589,0.22421506522687276,0.8431751646332796,0.14,False
0.5146621950590018,0.04170247436811232,0.22421506522687296,0.8431751646332594,0.14,False
0.5208630191057855,0.04170247436811877,0.2242150652268731,0.8431751646332389,0.14,False
0.5270638431525693,0.041702474368125214,0.22421506522687326,0.8431751646332186,0.14,False
0.533264667199353,0.041702474368131646,0.2242150652268734,0.8431751646331983,0.14,False
0.5394654912461366,0.041702474368138086,0.22421506522687354,0.8431751646331779,0.14,False
0.5456663152929203,0.04170247436814453,0.22421506522687373,0.8431751646331576,0.14,False
0.551867139339704,0.041702474368150964,0.22421506522687387,0.8431751646331372,0.14,False
0.5580679633864878,0.04170247436815741,0.224215065226874,0.843175164633117,0.14,False
0.5642687874332715,0.04170247436816386,0.22421506522687418,0.8431751646330965,0.14,False
0.5704696114800553,0.04170247436817029,0.22421506522687434,0.8431751646330764,0.14,False
0.5766704355268389,0.04170247436817673,0.22421506522687448,0.843175164633056,0.14,False
0.5828712595736227,0.04170247436818316,0.22421506522687465,0.8431751646330357,0.14,False
0.5890720836204063,0.0417024743681896,0.2242150652268747,0.8431751646330152,0.14,False
0.59527290766719,0.04170247436819603,0.22421506522687487,0.8431751646329949,0.14,False
0.6014737317139738,0.041702474368202465,0.22421506522687504,0.8431751646329746,0.14,False
0.6076745557607575,0.04170247436820891,0.22421506522687518,0.8431751646329544,0.14,False
0.6138753798075413,0.04170247436821536,0.22421506522687534,0.8431751646329341,0.14,False
0.6200762038543249,0.04170247436822179,0.22421506522687548,0.8431751646329136,0.14,False
0.6262770279011087,0.041702474368228236,0.22421506522687565,0.8431751646328933,0.14,False
0.6324778519478924,0.041702474368234675,0.22421506522687581,0.843175164632873,0.14,False
0.6386786759946761,0.04170247436824111,0.22421506522687595,0.8431751646328527,0.14,False
0.6448795000414598,0.041702474368247554,0.22421506522687612,0.8431751646328324,0.14,False
0.6510803240882435,0.041702474368254,0.22421506522687626,0.843175164632812,0.14,False
0.6572811481350272,0.04170247436826043,0.22421506522687643,0.8431751646327916,0.14,False
0.6634819721818109,0.04170247436826687,0.2242150652268766,0.8431751646327713,0.14,False
0.6696827962285947,0.04170247436827332,0.22421506522687673,0.8431751646327509,0.14,False
0.6758836202753784,0.04170247436827975,0.22421506522687687,0.8431751646327307,0.14,False
0.6820844443221622,0.041702474368286196,0.22421506522687704,0.8431751646327104,0.14,False
0.6882852683689459,0.04170247436829264,0.2242150652268772,0.84317516463269,0.14,False
0.6944860924157296,0.041702474368299075,0.22421506522687734,0.8431751646326698,0.14,False
0.7006869164625132,0.041702474368305514,0.2242150652268775,0.8431751646326493,0.14,False
0.7068877405092969,0.04170247436831195,0.22421506522687765,0.8431751646326291,0.14,False
0.7130885645560807,0.04170247436831839,0.22421506522687784,0.8431751646326087,0.14,False
0.7192893886028644,0.04170247436832482,0.2242150652268779,0.8431751646325885,0.14,False
0.7254902126496482,0.04170247436833125,0.22421506522687806,0.8431751646325681,0.14,False
0.7316910366964319,0.0417024743683377,0.2242150652268782,0.8431751646325477,0.14,False
0.7378918607432157,0.04170247436834414,0.22421506522687834,0.8431751646325275,0.14,False
0.7440926847899992,0.041702474368350576,0.22421506522687853,0.8431751646325071,0.14,False
0.7502935088367829,0.041702474368357015,0.22421506522687867,0.8431751646324869,0.14,False
0.7564943328835668,0.04170247436836346,0.2242150652268788,0.8431751646324664,0.14,False
0.7626951569303504,0.04170247436836989,0.22421506522687898,0.8431751646324461,0.14,False
0.7688959809771342,0.04170247436837634,0.22421506522687912,0.8431751646324258,0.14,False
0.7750968050239179,0.041702474368382786,0.22421506522687928,0.8431751646324054,0.14,False
0.7812976290707017,0.04170247436838922,0.22421506522687945,0.8431751646323852,0.14,False
0.7874984531174853,0.04170247436839566,0.2242150652268796,0.8431751646323647,0.14,False
0.793699277164269,0.0417024743684021,0.22421506522687976,0.8431751646323444,0.14,False
0.7999001012110527,0.041702474368408536,0.22421506522687992,0.8431751646323241,0.14,False
0.8061009252578365,0.04170247436841498,0.22421506522688006,0.8431751646323037,0.14,False
0.8123017493046202,0.041702474368421415,0.22421506522688023,0.8431751646322836,0.14,False
0.8185025733514039,0.04170247436842786,0.22421506522688037,0.8431751646322632,0.14,False
0.8247033973981877,0.04170247436843429,0.2242150652268805,0.8431751646322428,0.14,False
0.8309042214449713,0.04170247436844073,0.2242150652268807,0.8431751646322225,0.14,False
0.8371050454917551,0.04170247436844718,0.22421506522688084,0.8431751646322021,0.14,False
0.8433058695385387,0.041702474368453625,0.22421506522688098,0.8431751646321818,0.14,False
0.8495066935853224,0.04170247436846006,0.22421506522688114,0.8431751646321615,0.14,False
0.8557075176321063,0.04170247436846648,0.2242150652268812,0.8431751646321411,0.14,False
0.8619083416788899,0.04170247436847293,0.2242150652268814,0.8431751646321209,0.14,False
0.8681091657256736,0.04170247436847936,0.22421506522688153,0.8431751646321005,0.14,False
0.8743099897724573,0.0417024743684858,0.2242150652268817,0.8431751646320802,0.14,False
0.8805108138192411,0.04170247436849225,0.22421506522688184,0.8431751646320599,0.14,False
0.8867116378660248,0.04170247436849868,0.224215065226882,0.8431751646320396,0.14,False
0.8929124619128085,0.041702474368505126,0.22421506522688217,0.8431751646320192,0.14,False
0.8991132859595922,0.04170247436851157,0.2242150652268823,0.8431751646319988,0.14,False
0.905314110006376,0.041702474368518004,0.22421506522688245,0.8431751646319786,0.14,False
0.9115149340531596,0.04170247436852444,0.22421506522688261,0.8431751646319583,0.14,False
0.9177157580999433,0.041702474368530876,0.22421506522688278,0.843175164631938,0.14,False
0.9239165821467271,0.04170247436853732,0.22421506522688292,0.8431751646319176,0.14,False
0.9301174061935108,0.04170247436854377,0.2242150652268831,0.8431751646318972,0.14,False
0.9363182302402945,0.0417024743685502,0.22421506522688323,0.843175164631877,0.14,False
0.9425190542870782,0.04170247436855665,0.2242150652268834,0.8431751646318565,0.14,False
0.9487198783338618,0.04170247436856308,0.22421506522688356,0.8431751646318363,0.14,False
0.9549207023806457,0.04170247436856952,0.2242150652268837,0.843175164631816,0.14,False
0.9611215264274294,0.041702474368575965,0.22421506522688386,0.8431751646317955,0.14,False
0.9673223504742132,0.041702474368582404,0.224215065226884,0.8431751646317753,0.14,False
0.9735231745209967,0.04170247436858884,0.22421506522688417,0.8431751646317549,0.14,False
0.9797239985677806,0.041702474368595276,0.22421506522688434,0.8431751646317347,0.14,False
0.9859248226145643,0.041702474368601715,0.2242150652268844,0.8431751646317143,0.14,False
0.9921256466613481,0.04170247436860815,0.22421506522688456,0.843175164631694,0.14,False
0.9983264707081317,0.04170247436861459,0.2242150652268847,0.8431751646316735,0.14,False
1.0045272947549153,0.04170247436862103,0.22421506522688486,0.8431751646316532,0.14,False
1.010728118801699,0.041702474368627465,0.22421506522688503,0.8431751646316329,0.14,False
1.016928942848483,0.04170247436863391,0.22421506522688517,0.8431751646316127,0.14,False
1.0231297668952666,0.041702474368640344,0.2242150652268853,0.8431751646315923,0.14,False
1.0293305909420505,0.04170247436864679,0.22421506522688547,0.8431751646315719,0.14,False
1.0355314149888342,0.04170247436865323,0.22421506522688564,0.8431751646315516,0.14,False
1.0417322390356176,0.04170247436865966,0.2242150652268858,0.8431751646315313,0.14,False
1.0479330630824013,0.04170247436866611,0.22421506522688595,0.8431751646315111,0.14,False
1.0541338871291852,0.041702474368672554,0.22421506522688608,0.8431751646314907,0.14,False
1.060334711175969,0.041702474368678986,0.22421506522688628,0.8431751646314705,0.14,False
1.0665355352227526,0.04170247436868543,0.22421506522688642,0.84317516463145,0.14,False
1.0727363592695363,0.041702474368691865,0.22421506522688656,0.8431751646314297,0.14,False
1.07893718331632,0.041702474368698304,0.22421506522688672,0.8431751646314094,0.14,False
1.0851380073631038,0.04170247436870475,0.22421506522688686,0.843175164631389,0.14,False
1.0913388314098875,0.04170247436871119,0.22421506522688703,0.8431751646313687,0.14,False
1.0975396554566712,0.04170247436871763,0.2242150652268872,0.8431751646313483,0.14,False
1.103740479503455,0.04170247436872406,0.22421506522688733,0.8431751646313281,0.14,False
1.1099413035502383,0.04170247436873051,0.2242150652268875,0.8431751646313076,0.14,False
1.1161421275970222,0.04170247436873693,0.22421506522688756,0.8431751646312874,0.14,False
1.1223429516438062,0.04170247436874337,0.22421506522688772,0.8431751646312671,0.14,False
1.1285437756905898,0.041702474368749805,0.2242150652268879,0.8431751646312468,0.14,False
1.1347445997373735,0.04170247436875625,0.22421506522688803,0.8431751646312263,0.14,False
1.1409454237841572,0.0417024743687627,0.2242150652268882,0.843175164631206,0.14,False
1.1471462478309409,0.04170247436876916,0.22421506522688836,0.8431751646311857,0.14,False
1.1533470718777246,0.04170247436877564,0.2242150652268885,0.8431751646311653,0.14,False
1.1595478959245082,0.04170247436878272,0.22421506522688867,0.8431751646311428,0.14,False
1.1657487199712921,0.041702474368791986,0.2242150652268889,0.8431751646311136,0.14,False
1.1719495440180758,0.04170247436880124,0.22421506522688914,0.8431751646310844,0.14,False
1.1781503680648593,0.041702474368810506,0.22421506522688936,0.8431751646310551,0.14,False
1.1843511921116432,0.04170247436881976,0.22421506522688958,0.8431751646310259,0.14,False
1.190552016158427,0.041702474368829026,0.22421506522688975,0.8431751646309966,0.14,False
1.1967528402052108,0.04170247436883828,0.22421506522688997,0.8431751646309673,0.14,False
1.2029536642519945,0.041702474368847546,0.2242150652268902,0.8431751646309382,0.14,False
1.209154488298778,0.0417024743688568,0.22421506522689044,0.8431751646309089,0.14,False
1.2153553123455618,0.041702474368866066,0.22421506522689066,0.8431751646308798,0.14,False
1.2215561363923455,0.04170247436887532,0.22421506522689083,0.8431751646308505,0.14,False
1.2277569604391292,0.041702474368884586,0.22421506522689105,0.8431751646308213,0.14,False
1.233957784485913,0.04170247436889384,0.2242150652268913,0.8431751646307921,0.14,False
1.2401586085326968,0.0417024743689031,0.22421506522689152,0.8431751646307628,0.14,False
1.2463594325794802,0.04170247436891236,0.22421506522689175,0.8431751646307336,0.14,False
1.2525602566262641,0.04170247436892162,0.2242150652268919,0.8431751646307043,0.14,False
1.2587610806730478,0.04170247436893088,0.22421506522689214,0.843175164630675,0.14,False
1.2649619047198315,0.04170247436894014,0.22421506522689236,0.8431751646306459,0.14,False
1.2711627287666154,0.0417024743689494,0.2242150652268926,0.8431751646306166,0.14,False
1.2773635528133989,0.04170247436895866,0.22421506522689283,0.8431751646305874,0.14,False
1.2835643768601828,0.04170247436896792,0.22421506522689305,0.8431751646305583,0.14,False
1.2897652009069664,0.04170247436897718,0.22421506522689325,0.8431751646305289,0.14,False
1.2959660249537501,0.04170247436898644,0.22421506522689347,0.8431751646304996,0.14,False
1.302166849000534,0.0417024743689957,0.2242150652268937,0.8431751646304705,0.14,False
1.3083676730473173,0.04170247436900496,0.22421506522689394,0.8431751646304412,0.14,False
1.3145684970941012,0.04170247436901422,0.22421506522689416,0.8431751646304121,0.14,False
1.320769321140885,0.04170247436902348,0.2242150652268943,0.8431751646303827,0.14,False
1.3269701451876688,0.04170247436903274,0.22421506522689452,0.8431751646303536,0.14,False
1.3331709692344524,0.041702474369042,0.22421506522689477,0.8431751646303243,0.14,False
1.3393717932812361,0.04170247436905126,0.224215065226895,0.8431751646302951,0.14,False
1.3455726173280198,0.04170247436906052,0.22421506522689522,0.8431751646302658,0.14,False
1.3517734413748037,0.04170247436906978,0.2242150652268954,0.8431751646302366,0.14,False
1.3579742654215872,0.04170247436907904,0.22421506522689563,0.8431751646302073,0.14,False
1.364175089468371,0.0417024743690883,0.22421506522689585,0.8431751646301782,0.14,False
1.370375913515155,0.04170247436909756,0.2242150652268961,0.8431751646301489,0.14,False
1.3765767375619382,0.04170247436910682,0.22421506522689633,0.8431751646301197,0.14,False
1.3827775616087221,0.041702474369116074,0.22421506522689647,0.8431751646300903,0.14,False
1.388978385655506,0.04170247436912534,0.22421506522689671,0.8431751646300613,0.14,False
1.3951792097022897,0.041702474369134594,0.22421506522689694,0.843175164630032,0.14,False
1.4013800337490734,0.04170247436914386,0.22421506522689716,0.8431751646300027,0.14,False
1.407580857795857,0.041702474369153114,0.2242150652268974,0.8431751646299736,0.14,False
1.4137816818426407,0.04170247436916238,0.2242150652268976,0.8431751646299444,0.14,False
1.4199825058894244,0.041702474369171634,0.2242150652268978,0.8431751646299149,0.14,False
1.426183329936208,0.0417024743691809,0.22421506522689802,0.843175164629886,0.14,False
1.432384153982992,0.041702474369190154,0.22421506522689827,0.8431751646298565,0.14,False
1.4385849780297757,0.04170247436919942,0.2242150652268985,0.8431751646298273,0.14,False
1.4447858020765592,0.041702474369208674,0.2242150652268987,0.8431751646297982,0.14,False
1.450986626123343,0.04170247436921794,0.22421506522689888,0.8431751646297689,0.14,False
1.4571874501701267,0.041702474369227194,0.2242150652268991,0.8431751646297396,0.14,False
1.4633882742169104,0.04170247436923646,0.22421506522689932,0.8431751646297104,0.14,False
1.4695890982636943,0.041702474369245714,0.22421506522689957,0.8431751646296812,0.14,False
1.475789922310478,0.04170247436925498,0.2242150652268998,0.8431751646296519,0.14,False
1.4819907463572617,0.041702474369264234,0.22421506522689996,0.8431751646296227,0.14,False
1.4881915704040454,0.0417024743692735,0.2242150652269002,0.8431751646295935,0.14,False
1.494392394450829,0.041702474369282753,0.22421506522690043,0.8431751646295642,0.14,False
1.500593218497613,0.04170247436929202,0.22421506522690066,0.843175164629535,0.14,False
1.5067940425443964,0.04170247436930127,0.2242150652269009,0.8431751646295058,0.14,False
1.51299486659118,0.04170247436931054,0.22421506522690104,0.8431751646294766,0.14,False
1.519195690637964,0.04170247436931979,0.22421506522690127,0.8431751646294473,0.14,False
1.5253965146847477,0.04170247436932906,0.2242150652269015,0.8431751646294181,0.14,False
1.5315973387315314,0.04170247436933831,0.22421506522690174,0.8431751646293889,0.14,False
1.537798162778315,0.04170247436934757,0.22421506522690196,0.8431751646293596,0.14,False
1.543998986825099,0.04170247436935683,0.22421506522690213,0.8431751646293304,0.14,False
1.5501998108718826,0.04170247436936609,0.22421506522690238,0.8431751646293012,0.14,False
1.556400634918666,0.04170247436937535,0.2242150652269026,0.8431751646292719,0.14,False
1.56260145896545,0.04170247436938461,0.22421506522690282,0.8431751646292427,0.14,False
1.568802283012234,0.04170247436939387,0.22421506522690307,0.8431751646292135,0.14,False
1.5750031070590174,0.04170247436940313,0.2242150652269033,0.8431751646291843,0.14,False
1.581203931105801,0.04170247436941239,0.22421506522690343,0.843175164629155,0.14,False
1.587404755152585,0.04170247436942165,0.22421506522690368,0.8431751646291257,0.14,False
1.5936055791993686,0.04170247436943091,0.2242150652269039,0.8431751646290966,0.14,False
1.5998064032461523,0.04170247436944017,0.22421506522690415,0.8431751646290673,0.14,False
1.606007227292936,0.04170247436944943,0.22421506522690438,0.8431751646290382,0.14,False
1.6122080513397197,0.04170247436945869,0.22421506522690454,0.8431751646290089,0.14,False
1.6184088753865034,0.04170247436946795,0.22421506522690476,0.8431751646289796,0.14,False
1.624609699433287,0.04170247436947721,0.224215065226905,0.8431751646289505,0.14,False
1.630810523480071,0.0417024743694892,0.22421506522690535,0.8431751646289126,0.14,False
1.6370113475268546,0.04170247436950613,0.2242150652269057,0.8431751646288591,0.14,False
1.6432121715736383,0.04170247436952465,0.2242150652269061,0.8431751646288007,0.14,False
1.649412995620422,0.04170247436954528,0.2242150652269066,0.8431751646287355,0.14,False
1.6556138196672057,0.041702474369572445,0.2242150652269073,0.8431751646286497,0.14,False
1.6618146437139893,0.04170247436960308,0.224215065226908,0.843175164628553,0.14,False
1.6680154677607733,0.04170247436964058,0.22421506522690887,0.8431751646284347,0.14,False
1.674216291807557,0.04170247436968602,0.22421506522690995,0.8431751646282912,0.14,False
1.6804171158543406,0.04170247436974042,0.2242150652269112,0.8431751646281194,0.14,False
1.6866179399011243,0.04170247436980609,0.22421506522691279,0.8431751646279121,0.14,False
1.692818763947908,0.041702474369884904,0.22421506522691467,0.8431751646276633,0.14,False
1.6990195879946919,0.041702474369979765,0.22421506522691628,0.8431751646273634,0.14,False
1.7052204120414756,0.041702474370093515,0.22421506522691897,0.8431751646270045,0.14,False
1.7114212360882592,0.04170247437023035,0.22421506522692222,0.8431751646265724,0.14,False
1.717622060135043,0.04170247437039427,0.22421506522692605,0.8431751646260549,0.14,False
1.7238228841818266,0.04170247437059094,0.22421506522693077,0.8431751646254341,0.14,False
1.7300237082286103,0.041702474370826435,0.22421506522693635,0.8431751646246908,0.14,False
1.736224532275394,0.04170247437110816,0.224215065226943,0.8431751646238013,0.14,False
1.7424253563221779,0.041702474371444885,0.22421506522695098,0.8431751646227383,0.14,False
1.7486261803689616,0.04170247437184703,0.22421506522696044,0.8431751646214688,0.14,False
1.754827004415745,0.04170247437232684,0.2242150652269719,0.8431751646199541,0.14,False
1.761027828462529,0.04170247437289882,0.22421506522698545,0.8431751646181485,0.14,False
1.7672286525093128,0.04170247437357976,0.22421506522700158,0.8431751646159988,0.14,False
1.7734294765560963,0.04170247437438972,0.22421506522702073,0.8431751646134419,0.14,False
1.7796303006028802,0.04170247437535218,0.2242150652270436,0.8431751646104036,0.14,False
1.7858311246496639,0.0417024743764948,0.22421506522707063,0.8431751646067965,0.14,False
1.7920319486964476,0.041702474377849866,0.2242150652271027,0.8431751646025187,0.14,False
1.7982327727432312,0.041702474379455116,0.22421506522714071,0.8431751645974513,0.14,False
1.804433596790015,0.04170247438135489,0.22421506522718568,0.8431751645914539,0.14,False
1.8106344208367988,0.04170247438360071,0.2242150652272363,0.8431751645843627,0.14,False
1.8168352448835823,0.04170247438625274,0.2242150652272991,0.8431751645759907,0.14,False
1.823036068930366,0.041702474389381024,0.2242150652273731,0.8431751645661152,0.14,False
1.8292368929771499,0.04170247439306701,0.22421506522746046,0.8431751645544792,0.14,False
1.8354377170239335,0.04170247439740543,0.22421506522756057,0.8431751645407818,0.14,False
1.8416385410707172,0.041702474402506254,0.22421506522768134,0.8431751645246792,0.14,False
1.8478393651175011,0.041702474408496865,0.22421506522782278,0.8431751645057676,0.14,False
1.8540401891642846,0.04170247441552488,0.22421506522798693,0.8431751644835798,0.14,False
1.8602410132110683,0.04170247442376114,0.22421506522817994,0.843175164457578,0.14,False
1.8664418372578522,0.04170247443340297,0.2242150652284085,0.8431751644271404,0.14,False
1.8726426613046356,0.041702474444678235,0.22421506522867352,0.8431751643915449,0.14,False
1.8788434853514198,0.04170247445784949,0.22421506522898338,0.8431751643499641,0.14,False
1.8850443093982032,0.04170247447321969,0.22421506522935664,0.8431751643014481,0.14,False
1.8912451334449871,0.04170247449113724,0.22421506522982362,0.8431751642449102,0.14,False
1.8974459574917708,0.04170247451200169,0.224215065230368,0.8431751641790739,0.14,False
1.903646781538554,0.04170247453627254,0.2242150652309915,0.8431751641024834,0.14,False
1.9098476055853382,0.04170247456447685,0.22421506523170875,0.8431751640134757,0.14,False
1.9160484296321219,0.04170247459721877,0.22421506523253337,0.8431751639101435,0.14,False
1.9222492536789058,0.041702474635189536,0.22421506523347928,0.843175163790303,0.14,False
1.9284500777256892,0.04170247467917975,0.2242150652345674,0.84317516365146,0.14,False
1.934650901772473,0.041702474730093246,0.22421506523584955,0.8431751634907789,0.14,False
1.9408517258192568,0.04170247478896004,0.22421506523734122,0.843175163305003,0.14,False
1.9470525498660405,0.04170247485695463,0.2242150652390472,0.8431751630904107,0.14,False
1.9532533739128242,0.0417024749354148,0.22421506524100193,0.843175162842781,0.14,False
1.9594541979596078,0.041702475025863654,0.22421506524328896,0.8431751625573333,0.14,False
1.9656550220063918,0.041702475130029865,0.22421506524589985,0.8431751622285812,0.14,False
1.9718558460531752,0.04170247524987823,0.22421506524891352,0.8431751618503417,0.14,False
1.978056670099959,0.04170247538763631,0.224215065252368,0.8431751614155736,0.14,False
1.9842574941467428,0.041702475545829495,0.22421506525634738,0.8431751609163192,0.14,False
1.9904583181935265,0.04170247572731525,0.22421506526090426,0.843175160343549,0.14,False
1.9966591422403104,0.04170247593532654,0.22421506526612625,0.8431751596870636,0.14,False
2.002859966287094,0.04170247617351553,0.22421506527210874,0.8431751589353386,0.14,False
2.0090607903338773,0.041702476446005186,0.22421506527895485,0.843175158075362,0.14,False
2.0152616143806616,0.041702476757445144,0.22421506528677976,0.8431751570924584,0.14,False
2.021462438427445,0.041702477113073316,0.22421506529571064,0.8431751559700945,0.14,False
2.027663262474229,0.0417024775187864,0.22421506530590266,0.8431751546896644,0.14,False
2.0338640865210125,0.041702477981214764,0.2242150653175167,0.8431751532302393,0.14,False
2.040064910567796,0.04170247850780748,0.2242150653307433,0.8431751515683119,0.14,False
2.0462657346145803,0.041702479106925906,0.22421506534579225,0.8431751496774939,0.14,False
2.0524665586613633,0.04170247978794628,0.22421506536289573,0.8431751475281916,0.14,False
2.0586673827081476,0.041702480561373254,0.2242150653823211,0.8431751450872542,0.14,False
2.064868206754931,0.04170248143896505,0.22421506540436348,0.8431751423175733,0.14,False
2.0710690308017146,0.04170248243387082,0.2242150654293506,0.8431751391776481,0.14,False
2.0772698548484985,0.04170248356078225,0.2242150654576539,0.8431751356211131,0.14,False
2.0834706788952824,0.0417024848360993,0.2242150654896838,0.8431751315962094,0.14,False
2.0896715029420663,0.0417024862781125,0.2242150655259007,0.8431751270452125,0.14,False
2.0958723269888497,0.04170248790720224,0.22421506556681567,0.8431751219038014,0.14,False
2.1020731510356336,0.04170248974605801,0.22421506561299903,0.8431751161003683,0.14,False
2.108273975082417,0.04170249181991707,0.2242150656650845,0.8431751095552644,0.14,False
2.1144747991292006,0.041702494156826024,0.2242150657237767,0.8431751021799745,0.14,False
2.1206756231759845,0.04170249678792608,0.2242150657898573,0.843175093876217,0.14,False
2.1268764472227684,0.04170249974776414,0.22421506586419443,0.8431750845349618,0.14,False
2.1330772712695523,0.04170250307463183,0.22421506594775015,0.8431750740353611,0.14,False
2.1392780953163357,0.041702506810934806,0.22421506604158897,0.843175062243582,0.14,False
2.145478919363119,0.041702511003594164,0.2242150661468898,0.8431750490115418,0.14,False
2.151679743409903,0.04170251570448248,0.22421506626495522,0.8431750341755311,0.14,False
2.157880567456687,0.041702520970897404,0.22421506639722438,0.8431750175547182,0.14,False
2.164081391503471,0.04170252686607526,0.22421506654528575,0.8431749989495296,0.14,False
2.1702822155502544,0.041702533459746824,0.22421506671089075,0.8431749781398953,0.14,False
2.176483039597038,0.041702540828739754,0.22421506689596912,0.8431749548833477,0.14,False
2.1826838636438217,0.04170254905762957,0.22421506710264494,0.8431749289129663,0.14,False
2.188884687690605,0.04170255823944275,0.2242150673332548,0.8431748999351608,0.14,False
2.1950855117373895,0.04170256847641611,0.22421506759036675,0.843174867627272,0.14,False
2.201286335784173,0.041702579880815,0.22421506787680054,0.8431748316349917,0.14,False
2.2074871598309564,0.04170259257581545,0.22421506819564996,0.8431747915695775,0.14,False
2.2136879838777404,0.041702606696452094,0.22421506855030687,0.8431747470048614,0.14,False
2.219888807924524,0.04170262239063928,0.22421506894448656,0.8431746974740276,0.14,False
2.2260896319713077,0.0417026398202662,0.22421506938225483,0.8431746424661558,0.14,False
2.2322904560180916,0.04170265916237326,0.22421506986805925,0.8431745814225095,0.14,False
2.238491280064875,0.04170268061041229,0.22421507040675814,0.8431745137325581,0.14,False
2.244692104111659,0.04170270437559722,0.22421507100365712,0.8431744387297148,0.14,False
2.2508929281584424,0.041702730688348795,0.22421507166454366,0.8431743556867763,0.14,False
2.2570937522052263,0.041702759799839374,0.22421507239572666,0.8431742638110498,0.14,False
2.2632945762520102,0.04170279198364175,0.22421507320407824,0.8431741622391471,0.14,False
2.269495400298794,0.04170282753749,0.224215074097076,0.8431740500314283,0.14,False
2.275696224345577,0.041702866785155265,0.22421507508285318,0.8431739261660841,0.14,False
2.281897048392361,0.04170291007844358,0.2242150761702457,0.8431737895328276,0.14,False
2.288097872439145,0.04170295779932141,0.22421507736884838,0.8431736389261902,0.14,False
2.2942986964859284,0.04170301036217466,0.22421507868906967,0.8431734730383905,0.14,False
2.300499520532713,0.04170306821620728,0.22421508014219266,0.8431732904517649,0.14,False
2.306700344579496,0.041703131847985235,0.2242150817404393,0.8431730896307413,0.14,False
2.3129011686262793,0.0417032017841333,0.22421508349703714,0.8431728689133274,0.14,False
2.3191019926730636,0.04170327859418931,0.22421508542629262,0.8431726265021051,0.14,False
2.325302816719847,0.04170336289362308,0.22421508754366526,0.8431723604547026,0.14,False
2.3315036407666314,0.04170345534702603,0.224215089865848,0.8431720686737307,0.14,False
2.337704464813415,0.041703556671477786,0.22421509241085366,0.8431717488961601,0.14,False
2.343905288860198,0.041703667640095976,0.22421509519810132,0.8431713986821184,0.14,False
2.3501061129069822,0.041703789085776155,0.22421509824851277,0.8431710154030918,0.14,False
2.3563069369537657,0.04170392190512586,0.22421510158460928,0.843170596229511,0.14,False
2.3625077610005496,0.04170406706260162,0.2242151052306172,0.8431701381176978,0.14,False
2.3687085850473335,0.04170422559485217,0.22421510921257565,0.8431696377961636,0.14,False
2.3749094090941165,0.04170439861527477,0.2242151135584521,0.8431690917512324,0.14,False
2.3811102331409004,0.0417045873187898,0.2242151182982613,0.8431684962119798,0.14,False
2.3873110571876843,0.041704792986839365,0.22421512346419234,0.8431678471344618,0.14,False
2.3935118812344682,0.04170501699261252,0.22421512909073824,0.843167140185233,0.14,False
2.399712705281252,0.041705260806504774,0.2242151352148349,0.8431663707241246,0.14,False
2.4059135293280356,0.041705526001813056,0.22421514187600108,0.8431655337862793,0.14,False
2.412114353374819,0.041705814260671305,0.22421514911649162,0.8431646240634334,0.14,False
2.418315177421603,0.041706127380230114,0.224215156981449,0.8431636358844233,0.14,False
2.424516001468387,0.041706467279081616,0.2242151655190679,0.843162563194927,0.14,False
2.4307168255151703,0.04170683600393285,0.22421517478075964,0.8431613995364177,0.14,False
2.4369176495619542,0.04170723573652841,0.22421518482132852,0.8431601380243373,0.14,False
2.4431184736087377,0.04170766880082373,0.22421519569915158,0.843158771325481,0.14,False
2.449319297655521,0.04170813767040819,0.224215207476365,0.8431572916345954,0.14,False
2.4555201217023055,0.0417086449761771,0.2242152202190555,0.8431556906501942,0.14,False
2.461720945749089,0.04170919351425245,0.22421523399746093,0.8431539595495969,0.14,False
2.4679217697958733,0.041709786254147965,0.22421524888617506,0.8431520889631975,0.14,False
2.4741225938426563,0.04171042634717562,0.22421526496435826,0.8431500689479771,0.14,False
2.4803234178894398,0.04171111713508952,0.22421528231595372,0.8431478889602741,0.14,False
2.486524241936224,0.041711862158960895,0.2242153010299143,0.8431455378278337,0.14,False
2.4927250659830076,0.0417126651682775,0.2242153212004261,0.8431430037211513,0.14,False
2.4989258900297915,0.04171353013025983,0.2242153429271465,0.8431402741241449,0.14,False
2.505126714076575,0.04171446123938438,0.22421536631544314,0.8431373358041832,0.14,False
2.5113275381233584,0.04171546292710408,0.22421539147663114,0.8431341747814949,0.14,False
2.5175283621701423,0.04171653987175359,0.22421541852823282,0.8431307762980182,0.14,False
2.523729186216926,0.04171769700862619,0.22421544759422415,0.8431271247857118,0.14,False
2.52993001026371,0.04171893954020796,0.2242154788052938,0.8431232038343877,0.14,False
2.5361308343104936,0.0417202729465528,0.22421551229910275,0.8431189961591138,0.14,False
2.5423316583572775,0.041721702995780076,0.22421554822054737,0.8431144835672478,0.14,False
2.548532482404061,0.0417232357546772,0.22421558672203054,0.8431096469251625,0.14,False
2.554733306450845,0.04172487759938376,0.22421562796372366,0.8431044661247269,0.14,False
2.5609341304976287,0.041726635226136954,0.22421567211383966,0.8430989200496247,0.14,False
2.567134954544412,0.04172851566205334,0.22421571934890508,0.8430929865415812,0.14,False
2.573335778591196,0.04173052627591979,0.22421576985402833,0.8430866423665881,0.14,False
2.5795366026379796,0.041732674788968034,0.22421582382317412,0.8430798631812142,0.14,False
2.585737426684763,0.04173496928560152,0.224215881459429,0.8430726234990946,0.14,False
2.5919382507315474,0.0417374182240457,0.22421594297527103,0.8430648966577042,0.14,False
2.598139074778331,0.041740030446885526,0.22421600859283405,0.8430566547855234,0.14,False
2.6043398988251143,0.04174281519145995,0.2242160785441696,0.8430478687697001,0.14,False
2.610540722871898,0.04174578210007304,0.2242161530715037,0.8430385082243363,0.14,False
2.6167415469186817,0.0417489412299857,0.22421623242748395,0.8430285414595177,0.14,False
2.6229423709654656,0.041752303063148935,0.22421631687543137,0.8430179354512171,0.14,False
2.6291431950122495,0.04175587851563525,0.22421640668957116,0.8430066558122052,0.14,False
2.635344019059033,0.04175967894672684,0.22421650215526398,0.8429946667641124,0.14,False
2.641544843105817,0.04176371616761535,0.22421660356922113,0.8429819311107799,0.14,False
2.6477456671526003,0.0417680024496675,0.2242167112397169,0.8429684102130621,0.14,False
2.653946491199384,0.04177255053220831,0.22421682548678368,0.8429540639652251,0.14,False
2.660147315246168,0.04177737362977389,0.22421694664238975,0.8429388507731009,0.14,False
2.666348139292952,0.04178248543878346,0.22421707505061123,0.8429227275341709,0.14,False
2.672548963339735,0.04178790014357865,0.22421721106778336,0.8429056496197366,0.14,False
2.678749787386519,0.04179363242177782,0.22421735506263313,0.842887570859354,0.14,False
2.684950611433303,0.04179969744889233,0.22421750741639648,0.8428684435277045,0.14,False
2.6911514354800863,0.04180611090214961,0.2242176685229149,0.8428482183340837,0.14,False
2.6973522595268706,0.041812888963469276,0.22421783878870902,0.842826844414679,0.14,False
2.7035530835736536,0.04182004832153363,0.22421801863303112,0.8428042693278331,0.14,False
2.709753907620438,0.04182760617290032,0.2242182084878946,0.8427804390524617,0.14,False
2.7159547316672215,0.04183558022209663,0.22421840879807456,0.8427552979898196,0.14,False
2.722155555714005,0.04184398868064118,0.22421862002108306,0.8427287889687972,0.14,False
2.7283563797607893,0.04185285026493573,0.22421884262711872,0.8427008532549327,0.14,False
2.7345572038075727,0.0418621841929689,0.22421907709898295,0.8426714305633249,0.14,False
2.740758027854356,0.04187201017977842,0.2242193239319652,0.8426404590756251,0.14,False
2.74695885190114,0.041882348431613446,0.2242195836336932,0.8426078754612925,0.14,False
2.7531596759479235,0.04189321963874301,0.22421985672396014,0.8425736149032979,0.14,False
2.7593604999947074,0.0419046449668578,0.22422014373450375,0.8425376111284315,0.14,False
2.7655613240414914,0.04191664604700967,0.22422044520875467,0.8424997964424029,0.14,False
2.771762148088275,0.04192924496403959,0.2242207617015436,0.8424601017698881,0.14,False
2.7779629721350583,0.041942464243443285,0.22422109377877458,0.8424184566996878,0.14,False
2.784163796181842,0.04195632683662657,0.22422144201705424,0.8423747895351464,0.14,False
2.790364620228626,0.041970856104503476,0.22422180700327882,0.8423290273499787,0.14,False
2.79656544427541,0.04198607579939495,0.22422218933417862,0.8422810960496367,0.14,False
2.8027662683221934,0.04200201004518511,0.2242225896158218,0.8422309204383527,0.14,False
2.808967092368977,0.04201868331569689,0.22422300846307044,0.8421784242919693,0.14,False
2.815167916415761,0.042036120411252646,0.22422344649899117,0.8421235304366621,0.14,False
2.8213687404625447,0.04205434643338477,0.22422390435421913,0.8420661608336563,0.14,False
2.827569564509328,0.04207338675766953,0.2242243826662786,0.8420062366700174,0.14,False
2.833770388556112,0.04209326700465746,0.22422488207884897,0.84194367845558,0.14,False
2.8399712126028955,0.04211401300887994,0.2242254032409904,0.8418784061260762,0.14,False
2.8461720366496794,0.04213565078591218,0.22422594680631244,0.8418103391525005,0.14,False
2.8523728606964633,0.04215820649748215,0.22422651343210206,0.8417393966567369,0.14,False
2.858573684743247,0.04218170641461535,0.2242271037783895,0.8416654975334487,0.14,False
2.864774508790031,0.04220617687881189,0.22422771850698553,0.8415885605782358,0.14,False
2.870975332836814,0.04223164426125664,0.22422835828044343,0.8415085046220115,0.14,False
2.877176156883598,0.04225813492006998,0.22422902376099602,0.8414252486715698,0.14,False
2.883376980930382,0.04228567515560766,0.2242297156094273,0.8413387120562673,0.14,False
2.8895778049771654,0.04231429116383054,0.22423043448390098,0.8412488145807335,0.14,False
2.8957786290239493,0.042344008987763505,0.22423118103874282,0.8411554766835087,0.14,False
2.901979453070733,0.04237485446707362,0.22423195592317313,0.8410586196014751,0.14,False
2.9081802771175167,0.042406853185801285,0.22423275977999324,0.8409581655399365,0.14,False
2.9143811011643,0.04244003041828424,0.2242335932442297,0.8408540378481758,0.14,False
2.920581925211084,0.04247441107332111,0.2242344569417256,0.840746161200291,0.14,False
2.926782749257868,0.042510019636627525,0.22423535148770185,0.8406344617811055,0.14,False
2.9329835733046514,0.04254688011164137,0.22423627748526698,0.8405188674769084,0.14,False
2.9391843973514353,0.042585015958745184,0.22423723552388852,0.8403993080707631,0.14,False
2.945385221398219,0.04262445003297521,0.2242382261778311,0.8402757154421089,0.14,False
2.9515860454450027,0.04266520452029449,0.22423925000455353,0.840148023770347,0.14,False
2.9577868694917866,0.04270730087251605,0.22424030754307622,0.8400161697420866,0.14,False
2.96398769353857,0.04275075974096427,0.22424139931231069,0.8398800927616984,0.14,False
2.970188517585354,0.04279560090897198,0.22424252580936635,0.8397397351648174,0.14,False
2.9763893416321374,0.0428418432233174,0.22424368750782894,0.8395950424343921,0.14,False
2.9825901656789213,0.042889504524706766,0.22424488485601232,0.8394459634188813,0.14,False
2.9887909897257052,0.04293860157742095,0.22424611827518964,0.839292450552159,0.14,False
2.9949918137724887,0.04298914999824398,0.22424738815781087,0.8391344600746918,0.14,False
3.001192637819272,0.0430411641848019,0.2242486948657012,0.8389719522555119,0.14,False
3.007393461866056,0.04309465724344278,0.22425003872824742,0.8388048916145089,0.14,False
3.01359428591284,0.043149640916795004,0.22425142004058018,0.8386332471445458,0.14,False
3.019795109959624,0.043206125511147116,0.22425283906174995,0.8384569925328821,0.14,False
3.0259959340064073,0.043264119823795535,0.2242542960128975,0.8382761063813783,0.14,False
3.0321967580531908,0.04332363107051249,0.22425579107543564,0.8380905724249523,0.14,False
3.0383975820999747,0.04338466481328886,0.22425732438923363,0.8379003797477382,0.14,False
3.0445984061467586,0.04344722488851371,0.22425889605081045,0.8377055229963866,0.14,False
3.050799230193542,0.04351131333575334,0.22426050611154613,0.837506002589952,0.14,False
3.057000054240326,0.043576930327295905,0.22426215457591334,0.8373018249257999,0.14,False
3.06320087828711,0.04364407409863272,0.22426384139972838,0.8370930025809569,0.14,False
3.069401702333893,0.043712740880048326,0.22426556648843374,0.8368795545083381,0.14,False
3.075602526380677,0.04378292482949291,0.22426732969541072,0.8366615062272766,0.14,False
3.0818033504274607,0.043854617966914346,0.22426913082032954,0.836438890007789,0.14,False
3.088004174474244,0.043927810110227124,0.22427096960754028,0.8362117450480069,0.14,False
3.0942049985210285,0.04400248881309619,0.2242728457445118,0.8359801176442208,0.14,False
3.1004058225678115,0.04407863930471442,0.22427475886031487,0.8357440613529799,0.14,False
3.106606646614596,0.0441562444317521,0.22427670852416617,0.835503637144716,0.14,False
3.1128074706613793,0.044235284602657625,0.22427869424402788,0.8352589135483527,0.14,False
3.1190082947081628,0.04431573773448485,0.22428071546527129,0.8350099667863929,0.14,False
3.125209118754947,0.044397579202422835,0.22428277156940898,0.8347568808999879,0.14,False
3.1314099428017306,0.04448078179220188,0.22428486187289826,0.8344997478635033,0.14,False
3.137610766848514,0.04456531565554565,0.22428698562602298,0.8342386676881279,0.14,False
3.143811590895298,0.0446511482688375,0.22428914201185465,0.8339737485140838,0.14,False
3.150012414942082,0.04473824439516439,0.22429133014529554,0.8337051066910262,0.14,False
3.1562132389888653,0.04482656604989958,0.224293549072218,0.8334328668462452,0.14,False
3.162414063035649,0.04491607246997671,0.22429579776868905,0.8331571619403073,0.14,False
3.1686148870824327,0.045006720087007665,0.22429807514029582,0.832878133309805,0.14,False
3.174815711129216,0.04509846250438778,0.22430038002157232,0.8325959306969111,0.14,False
3.1810165351760005,0.04519125047852563,0.22430271117552167,0.8323107122654636,0.14,False
3.187217359222784,0.045285031904330655,0.22430506729325841,0.8320226446033533,0.14,False
3.193418183269568,0.04537975180508175,0.2243074469937488,0.8317319027109917,0.14,False
3.1996190073163513,0.04547535232679422,0.22430984882366806,0.8314386699757037,0.14,False
3.2058198313631348,0.04557177273719477,0.2243122712573784,0.8311431381319041,0.14,False
3.212020655409919,0.04566894942940314,0.22431471269702002,0.8308455072069579,0.14,False
3.2182214794567026,0.04576681593041401,0.22431717147272034,0.8305459854526612,0.14,False
3.224422303503486,0.04586530291446135,0.22431964584293465,0.8302447892623188,0.14,False
3.23062312755027,0.04596433822133634,0.22432213399489964,0.8299421430734287,0.14,False
3.2368239515970534,0.04606384687972374,0.2243246340452274,0.8296382792560264,0.14,False
3.2430247756438373,0.04616375113560857,0.22432714404061313,0.8293334379867632,0.14,False
3.249225599690621,0.04626397048579517,0.2243296619586756,0.8290278671088496,0.14,False
3.2554264237374047,0.046364421716570556,0.22433218570893343,0.8287218219780235,0.14,False
3.261627247784189,0.046465018947530794,0.22433471313390177,0.8284155652947315,0.14,False
3.267828071830972,0.046565673680580996,0.22433724201032487,0.8281093669227563,0.14,False
3.274028895877756,0.046666294854106,0.2243397700505347,0.8278035036945519,0.14,False
3.28022971992454,0.04676678890229704,0.2243422949039447,0.8274982592035881,0.14,False
3.2864305439713237,0.04686705981960879,0.2243448141586646,0.8271939235840269,0.14,False
3.292631368018107,0.04696700923030997,0.22434732534325186,0.8268907932780982,0.14,False
3.2988321920648906,0.04706653646307717,0.22434982592858072,0.826589170791555,0.14,False
3.3050330161116745,0.0471655386305704,0.2243523133298436,0.8262893644376396,0.14,False
3.311233840158458,0.047263910713919,0.22435478490867491,0.8259916880699892,0.14,False
3.3174346642052424,0.04736154565202957,0.22435723797539178,0.8256964608049646,0.14,False
3.323635488252026,0.0474583344356226,0.2243596697913572,0.8254040067338849,0.14,False
3.329836312298809,0.04755416620588824,0.22436207757145818,0.8251146546256829,0.14,False
3.336037136345593,0.047648928357640376,0.22436445848669806,0.8248287376205208,0.14,False
3.3422379603923766,0.04774250664684002,0.22436680966689596,0.8245465929149078,0.14,False
3.348438784439161,0.04783478530234498,0.22436912820349694,0.824268561438892,0.14,False
3.3546396084859444,0.047925647141732794,0.22437141115247786,0.8239949875259018,0.14,False
3.360840432532728,0.0480149736910347,0.22437365553735933,0.823726218575832,0.14,False
3.367041256579512,0.04810264530820619,0.2243758583523027,0.82346260471197,0.14,False
3.3732420806262953,0.048188541310152905,0.22437801656530687,0.8232044984323753,0.14,False
3.379442904673079,0.04827254010311649,0.22438012712147923,0.8229522542563198,0.14,False
3.385643728719863,0.04835451931622191,0.22438218694639364,0.8227062283664092,0.14,False
3.3918445527666465,0.04843435593797381,0.2243841929495171,0.8224667782470029,0.14,False
3.39804537681343,0.0485119264554855,0.22438614202770954,0.8222342623195487,0.14,False
3.404246200860214,0.0485871069962135,0.22438803106878594,0.8220090395754496,0.14,False
3.410447024906998,0.04865977347196607,0.22438985695513197,0.8217914692070685,0.14,False
3.4166478489537817,0.04872980172494513,0.22439161656736994,0.8215819102374797,0.14,False
3.4228486730005656,0.04879706767557809,0.22439330678807967,0.8213807211495676,0.14,False
3.4290494970473486,0.04886144747188647,0.22439492450554752,0.8211882595150553,0.14,False
3.4352503210941325,0.048922817640138165,0.22439646661755025,0.821004881624038,0.14,False
3.4414511451409164,0.04898105523652229,0.2243979300351694,0.8208309421155999,0.14,False
3.4476519691877,0.04903603799958368,0.22439931168661703,0.8206667936100497,0.14,False
3.4538527932344842,0.049087644503151395,0.2244006085210795,0.8205127863433234,0.14,False
3.4600536172812677,0.04913575430949194,0.2244018175125673,0.8203692678040749,0.14,False
3.4662544413280507,0.049180248122417614,0.22440293566375805,0.820236582373954,0.14,False
3.472455265374835,0.04922100794007841,0.22440396000983778,0.8201150709715652,0.14,False
3.4786560894216185,0.049257917207167504,0.22440488762232666,0.8200050707005736,0.14,False
3.484856913468403,0.04929086096626668,0.22440571561287623,0.8199069145024048,0.14,False
3.4910577375151863,0.04931972600806347,0.22440644113704836,0.8198209308139789,0.14,False
3.4972585615619693,0.04934440102017142,0.22440706139805325,0.8197474432308772,0.14,False
3.5034593856087537,0.049364776734285784,0.22440757365044434,0.8196867701763386,0.14,False
3.509660209655537,0.04938074607141291,0.224407975203772,0.8196392245764559,0.14,False
3.515861033702321,0.04939220428491292,0.2244082634261714,0.8196051135419101,0.14,False
3.522061857749105,0.04939904910109904,0.22440843574790112,0.8195847380565886,0.14,False
3.528262681795888,0.04940118085714392,0.22440848966480353,0.8195783926733731,0.14,False
3.534463505842672,0.04939850263604731,0.22440842274169978,0.8195863652174006,0.14,False
3.540664329889456,0.04939092039842412,0.2244082326156989,0.8196089364970518,0.14,False
3.5468651539362397,0.04937834311088118,0.2244079169994224,0.8196463800229146,0.14,False
3.553065977983023,0.04936068287075472,0.22440747368414107,0.8196989617349564,0.14,False
3.559266802029807,0.04933785502699232,0.22440690054281093,0.8197669397380967,0.14,False
3.5654676260765905,0.049309778296965236,0.22440619553300972,0.819850564046382,0.14,False
3.571668450123374,0.049276374879011764,0.2244053566997614,0.8199500763359183,0.14,False
3.5778692741701583,0.04923757056051584,0.22440438217825737,0.8200657097067293,0.14,False
3.584070098216942,0.0491932948213391,0.22440327019644873,0.8201976884536514,0.14,False
3.590270922263726,0.04914348093242936,0.22440201907753018,0.8203462278464092,0.14,False
3.596471746310509,0.04908806604944231,0.2244006272422897,0.8205115339189551,0.14,False
3.6026725703572926,0.04902699130122289,0.22439909321133275,0.8206938032681678,0.14,False
3.608873394404077,0.04896020187300083,0.22439741560716972,0.8208932228619806,0.14,False
3.6150742184508604,0.048887647084169726,0.22439559315617671,0.8211099698570093,0.14,False
3.6212750424976443,0.04880928046052739,0.22439362469040625,0.8213442114257086,0.14,False
3.6274758665444278,0.04872505980086659,0.2243915091492612,0.8215961045931124,0.14,False
3.6336766905912112,0.04863494723781857,0.2243892455810247,0.8218657960831742,0.14,False
3.639877514637995,0.04853890929286176,0.22438683314424482,0.8221534221747252,0.14,False
3.646078338684779,0.04843691692542012,0.224384271108964,0.8224591085670534,0.14,False
3.652279162731563,0.04832894557598868,0.22438155885780517,0.822782970255106,0.14,False
3.658479986778347,0.04821497520323202,0.2243786958869049,0.8231251114143106,0.14,False
3.66468081082513,0.04809499031502039,0.22437568180669523,0.8234856252949828,0.14,False
3.6708816348719138,0.04796897999337019,0.22437251634252503,0.8238645941263129,0.14,False
3.6770824589186977,0.047836937913276624,0.2243691993351402,0.8242620890299017,0.14,False
3.6832832829654816,0.04769886235543191,0.22436573074099794,0.8246781699428061,0.14,False
3.689484107012265,0.047554756212838105,0.22436211063243863,0.8251128855500633,0.14,False
3.6956849310590485,0.047404626991330294,0.2243583391976954,0.8255662732266551,0.14,False
3.7018857551058324,0.047248486804043276,0.22435441674075818,0.8260383589888629,0.14,False
3.708086579152616,0.04708635235985959,0.22435034368108145,0.826529157454976,0.14,False
3.7142874031994,0.04691824494589416,0.22434612055314554,0.8270386718152987,0.14,False
3.7204882272461837,0.04674419040407513,0.22434174800587123,0.8275668938114126,0.14,False
3.7266890512929676,0.04656421910189583,0.2243372268018814,0.8281138037246386,0.14,False
3.732889875339751,0.04637836589742026,0.22433255781662367,0.828679370373652,0.14,False
3.7390906993865345,0.04618667009863467,0.224327742037352,0.8292635511211994,0.14,False
3.7452915234333184,0.045989175417248715,0.22432278056196273,0.829866291889858,0.14,False
3.7514923474801027,0.04578592991705683,0.22431767459769966,0.8304875271867931,0.14,False
3.7576931715268858,0.04557698595698042,0.2243124254597216,0.8311271801374572,0.14,False
3.7638939955736697,0.045362400128920385,0.22430703456954487,0.8317851625281782,0.14,False
3.770094819620453,0.04514223319055522,0.22430150345335148,0.8324613748575844,0.14,False
3.7762956436672366,0.04491654999323179,0.22429583374017972,0.8331557063968107,0.14,False
3.7824964677140214,0.04468541940509712,0.2242900271599925,0.833868035258439,0.14,False
3.788697291760805,0.04444891422963305,0.22428408554163184,0.8345982284741128,0.14,False
3.794898115807588,0.04420711111975615,0.224278010810661,0.8353461420807771,0.14,False
3.8010989398543717,0.04396009048765532,0.22427180498709812,0.8361116212154831,0.14,False
3.807299763901155,0.04370793641054273,0.2242654701830504,0.8368945002187104,0.14,False
3.81350058794794,0.04345073653249953,0.2242590086002464,0.8376946027461415,0.14,False
3.8197014119947235,0.04318858196260294,0.22425242252747857,0.8385117418888371,0.14,False
3.8259022360415065,0.042921567169523424,0.2242457143379537,0.8393457203017496,0.14,False
3.8321030600882904,0.0426497898727883,0.22423888648656295,0.84019633034051,0.14,False
3.838303884135074,0.042373350930906474,0.22423194150707004,0.8410633542064275,0.14,False
3.844504708181858,0.04209235422655563,0.22422488200922858,0.8419465640996323,0.14,False
3.850705532228642,0.041806906549033004,0.22421771067582694,0.842845722380289,0.14,False
3.856906356275425,0.041517117474176204,0.22421043025967108,0.8437605817378041,0.14,False
3.8631071803222086,0.04122309924195664,0.2242030435805118,0.8446908853679537,0.14,False
3.8693080043689925,0.040924966631955134,0.22419555352191553,0.8456363671578379,0.14,False
3.875508828415777,0.04062283683692479,0.22418796302808647,0.8465967518785771,0.14,False
3.8817096524625607,0.04031682933465022,0.22418027510064778,0.8475717553856525,0.14,False
3.887910476509344,0.040007065758309306,0.22417249279538656,0.8485610848267897,0.14,False
3.894111300556127,0.039693669765545087,0.22416461921896055,0.8495644388572686,0.14,False
3.900312124602911,0.039376766906452886,0.2241566575255862,0.8505815078625538,0.14,False
3.9065129486496954,0.039056484490686695,0.22414861091369695,0.8516119741881099,0.14,False
3.912713772696479,0.03873295145388816,0.22414048262258646,0.8526555123762714,0.14,False
3.918914596743263,0.0384062982236377,0.22413227592904372,0.8537117894100308,0.14,False
3.925115420790046,0.038076656585126774,0.22412399414397688,0.8547804649635816,0.14,False
3.9313162448368293,0.037744159546745044,0.2241156406090354,0.8558611916594642,0.14,False
3.937517068883614,0.03740894120577588,0.22410721869323713,0.8569536153321398,0.14,False
3.9437178929303975,0.03707113661438819,0.22409873178959933,0.8580573752978075,0.14,False
3.949918716977181,0.03673088164610943,0.224090183311786,0.8591721046302802,0.14,False
3.956119541023965,0.036388312862961375,0.22408157669076947,0.8602974304427037,0.14,False
3.962320365070749,0.03604356738343474,0.22407291537151341,0.8614329741749167,0.14,False
3.9685211891175327,0.03569678275147588,0.22406420280967781,0.8625783518862111,0.14,False
3.974722013164316,0.035348096806652074,0.22405544246836295,0.8637331745532715,0.14,False
3.9809228372110996,0.03499764755565936,0.22404663781487621,0.8648970483730266,0.14,False
3.9871236612578835,0.03464557304532959,0.22403779231754156,0.866069575070163,0.14,False
3.9933244853046674,0.03429201123728931,0.224028909442554,0.8672503522090261,0.14,False
3.999525309351451,0.03393709988441745,0.22401999265087064,0.8684389735096161,0.14,False
4.005726133398235,0.03358097640924323,0.2240110453951604,0.8696350291673935,0.14,False
4.011926957445018,0.03322377778441946,0.2240020711167968,0.8708381061765742,0.14,False
4.018127781491802,0.032865640415401014,0.2239930732429105,0.8720477886566044,0.14,False
4.024328605538586,0.03250670002545224,0.22398405518350445,0.8732636581814817,0.14,False
4.0305294295853695,0.0321470915431012,0.22397502032862215,0.8744852941115767,0.14,False
4.036730253632153,0.03178694899215108,0.22396597204558047,0.8757122739276103,0.14,False
4.0429310776789364,0.031426405384355705,0.2239569136762814,0.8769441735664264,0.14,False
4.049131901725721,0.031065592614857144,0.22394784853458038,0.8781805677581804,0.14,False
4.055332725772504,0.030704641360477566,0.22393877990373012,0.8794210303645753,0.14,False
4.061533549819288,0.030343680980953417,0.22392971103390155,0.8806651347177501,0.14,False
4.067734373866072,0.02998283942319041,0.22392064513977344,0.881912453959429,0.14,False
4.0739351979128555,0.02962224312861403,0.2239115853982097,0.8831625613799304,0.14,False
4.080136021959639,0.02926201694368243,0.22390253494600784,0.8844150307566259,0.14,False
4.086336846006423,0.028902284033623053,0.22389349687773094,0.8856694366914374,0.14,False
4.092537670053207,0.028543165799447923,0.22388447424362568,0.8869253549469567,0.14,False
4.09873849409999,0.028184781798296796,0.223875470047618,0.8881823627807599,0.14,False
4.104939318146774,0.027827249667149546,0.2238664872453969,0.8894400392775034,0.14,False
4.111140142193557,0.027470685049945452,0.22385752874258347,0.8906979656783681,0.14,False
4.117340966240342,0.02711520152813918,0.22384859739298432,0.8919557257074302,0.14,False
4.123541790287125,0.02676091055471907,0.22383969599693604,0.8932129058945315,0.14,False
4.129742614333908,0.02640792139170466,0.22383082729973233,0.8944690958942271,0.14,False
4.135943438380693,0.026056341051138965,0.2238219939901439,0.895723888800387,0.14,False
4.142144262427476,0.02570627423958141,0.22381319869902014,0.8969768814560342,0.14,False
4.148345086474261,0.025357823306103876,0.2238044439979861,0.8982276747580085,0.14,False
4.154545910521044,0.02501108819378695,0.2237957323982197,0.8994758739560436,0.14,False
4.1607467345678275,0.024666166394707804,0.22378706634932402,0.9007210889458619,0.14,False
4.166947558614611,0.0243231529084061,0.2237784482382827,0.9019629345558913,0.14,False
4.173148382661394,0.0239821402038096,0.22376988038849988,0.9032010308272173,0.14,False
4.179349206708179,0.023643218184596384,0.22376136505893324,0.9044350032864045,0.14,False
4.185550030754963,0.023306474157966276,0.2237529044433097,0.905664483210815,0.14,False
4.191750854801746,0.022971992806788192,0.22374450066942242,0.9068891078860796,0.14,False
4.19795167884853,0.02263985616508861,0.22373615579851627,0.9081085208553785,0.14,False
4.2041525028953135,0.02231014359683896,0.22372787182475512,0.9093223721602135,0.14,False
4.210353326942097,0.02198293177799907,0.22371965067476896,0.910530318572354,0.14,False
4.216554150988881,0.021658294681766672,0.22371149420728556,0.9117320238166737,0.14,False
4.222754975035665,0.02133630356698262,0.22370340421283547,0.9129271587845897,0.14,False
4.228955799082448,0.021017026969635987,0.22369538241354034,0.9141154017378537,0.14,False
4.235156623129233,0.02070053069741025,0.22368743046297548,0.9152964385024472,0.14,False
4.241357447176016,0.020386877827209916,0.2236795499461106,0.9164699626523626,0.14,False
4.2475582712227995,0.02007612870560196,0.22367174237931264,0.9176356756830585,0.14,False
4.253759095269583,0.019768340952106327,0.22366400921043791,0.9187932871744177,0.14,False
4.259959919316367,0.019463569465264854,0.22365635181897586,0.9199425149430299,0.14,False
4.266160743363151,0.019161866431417537,0.2236487715162747,0.9210830851836669,0.14,False
4.272361567409934,0.018863281336111242,0.2236412695458279,0.922214732599824,0.14,False
4.278562391456719,0.01856786097806535,0.22363384708362072,0.9233372005232254,0.14,False
4.284763215503501,0.018275649485616375,0.2236265052385465,0.9244502410222191,0.14,False
4.2909640395502855,0.017986688335562245,0.22361924505287936,0.9255536149989985,0.14,False
4.29716486359707,0.017701016374324748,0.2236120675028058,0.9266470922756199,0.14,False
4.303365687643852,0.0174186698413488,0.22360497349901312,0.9277304516687975,0.14,False
4.309566511690637,0.017139682394654465,0.22359796388732825,0.9288034810534856,0.14,False
4.31576733573742,0.016864085138457812,0.22359103944941486,0.9298659774152789,0.14,False
4.321968159784205,0.016591906652775754,0.22358420090351416,0.9309177468916756,0.14,False
4.328168983830988,0.0163231730249287,0.22357744890523906,0.9319586048022828,0.14,False
4.3343698078777715,0.01605790788285529,0.22357078404841133,0.9329883756680472,0.14,False
4.340570631924556,0.015796132430152505,0.22356420686593653,0.9340068932196295,0.14,False
4.346771455971338,0.0155378654827549,0.22355771783073144,0.9350140003950526,0.14,False
4.352972280018123,0.015283123507165711,0.22355131735668238,0.9360095493267735,0.14,False
4.359173104064907,0.015031920660153669,0.22354500579964134,0.9369934013183507,0.14,False
4.365373928111691,0.014784268829829432,0.22353878345845996,0.9379654268108922,0.14,False
4.371574752158474,0.014540177678014944,0.22353265057605134,0.9389255053394923,0.14,False
4.3777755762052575,0.014299654683821317,0.22352660734048826,0.9398735254798746,0.14,False
4.383976400252041,0.014062705188349619,0.2235206538861217,0.9408093847854823,0.14,False
4.390177224298825,0.013829332440430931,0.22351479029473328,0.9417329897152662,0.14,False
4.39637804834561,0.013599537643322387,0.22350901659670827,0.9426442555524367,0.14,False
4.402578872392392,0.01337332000227708,0.22350333277223003,0.9435431063144593,0.14,False
4.408779696439176,0.013150676772906532,0.22349773875249412,0.9444294746545852,0.14,False
4.41498052048596,0.01293160331025589,0.22349223442094238,0.9453033017552213,0.14,False
4.4211813445327435,0.012716093118512985,0.22348681961451167,0.9461645372134521,0.14,False
4.427382168579528,0.012504137901274118,0.22348149412489582,0.9470131389190362,0.14,False
4.433582992626311,0.012295727612290412,0.22347625769982174,0.94784907292521,0.14,False
4.439783816673094,0.012090850506620397,0.22347111004433315,0.9486723133126366,0.14,False
4.445984640719878,0.011889493192115975,0.22346605082208673,0.949482842046846,0.14,False
4.4521854647666625,0.011691640681170632,0.2234610796566497,0.9502806488295164,0.14,False
4.458386288813446,0.011497276442660333,0.2234561961328055,0.9510657309439533,0.14,False
4.4645871128602295,0.011306382454009408,0.22345139979786133,0.9518380930951255,0.14,False
4.470787936907013,0.011118939253315675,0.22344669016295987,0.9525977472446175,0.14,False
4.476988760953796,0.01093492599147052,0.22344206670438532,0.9533447124408646,0.14,False
4.483189585000581,0.010754320484212236,0.22343752886487417,0.9540790146450321,0.14,False
4.489390409047365,0.010577099264052097,0.22343307605492058,0.9548006865529042,0.14,False
4.4955912330941485,0.010403237632015208,0.22342870765407233,0.9555097674131432,0.14,False
4.501792057140932,0.01023270970914032,0.2234244230122278,0.956206302842282,0.14,False
4.5079928811877155,0.010065488487683608,0.2234202214509219,0.9568903446368076,0.14,False
4.5141937052345,0.00990154588197553,0.22341610226460276,0.9575619505826879,0.14,False
4.520394529281283,0.009740852778880168,0.22341206472190003,0.958221184262695,0.14,False
4.526595353328067,0.009583379087809318,0.22340810806688385,0.9588681148618683,0.14,False
4.532796177374851,0.009429093790245617,0.22340423152030545,0.9595028169714572,0.14,False
4.5389970014216345,0.009277964988731242,0.22340043428082984,0.960125370391677,0.14,False
4.545197825468418,0.009129959955280488,0.22339671552625334,0.9607358599336034,0.14,False
4.551398649515202,0.00898504517917677,0.22339307441469985,0.9613343752205251,0.14,False
4.557599473561985,0.008843186414117,0.22338951008581184,0.9619210104890648,0.14,False
4.563800297608769,0.008704348724667852,0.2233860216619135,0.9624958643903689,0.14,False
4.570001121655554,0.008568496532000914,0.22338260824916092,0.9630590397916621,0.14,False
4.576201945702336,0.00843559365887545,0.22337926893866997,0.9636106435784468,0.14,False
4.5824027697491205,0.008305603373840193,0.2233760028076319,0.9641507864576242,0.14,False
4.588603593795904,0.00817848843462639,0.2233728089203995,0.9646795827617984,0.14,False
4.5948044178426874,0.008054211130707761,0.2233696863295579,0.965197150255018,0.14,False
4.601005241889472,0.00793273332500389,0.223366634076971,0.9657036099401967,0.14,False
4.607206065936255,0.007814016494705998,0.22336365119481055,0.9661990858684472,0.14,False
4.613406889983039,0.007698021771205835,0.22336073670655687,0.9666837049505453,0.14,False
4.619607714029822,0.0075847099791103755,0.22335788962797776,0.9671575967707363,0.14,False
4.6258085380766065,0.007474041674326698,0.2233551089680906,0.9676208934030828,0.14,False
4.632009362123391,0.007365977181203205,0.22335239373008844,0.9680737292305374,0.14,False
4.638210186170173,0.00726047662871536,0.22334974291225612,0.9685162407669212,0.14,False
4.644411010216958,0.0071574999856854615,0.22334715550884943,0.9689485664819678,0.14,False
4.650611834263741,0.0070570070950278065,0.2233446305109602,0.9693708466295884,0.14,False
4.656812658310525,0.006958957707012326,0.22334216690734995,0.9697832230795006,0.14,False
4.663013482357309,0.00686331151154119,0.22333976368526004,0.9701858391523497,0.14,False
4.6692143064040925,0.006770028169434282,0.22333741983119956,0.9705788394584445,0.14,False
4.675415130450876,0.006679067342721423,0.22333513433170538,0.9709623697402159,0.14,False
4.681615954497659,0.006590388723939934,0.22333290617407933,0.9713365767184963,0.14,False
4.687816778544444,0.006503952064438115,0.22333073434709785,0.9717016079427092,0.14,False
4.694017602591227,0.006419717201686285,0.22332861784169925,0.9720576116450463,0.14,False
4.700218426638011,0.0063376440855982975,0.22332655565164583,0.9724047365986987,0.14,False
4.706419250684795,0.006257692803867624,0.2233245467741583,0.9727431319802032,0.14,False
4.712620074731578,0.0061798236063235375,0.22332259021053008,0.9730729472359487,0.14,False
4.718820898778362,0.006103996928313751,0.2233206849667127,0.9733943319528862,0.14,False
4.725021722825146,0.006030173413121053,0.22331883005388192,0.9737074357334687,0.14,False
4.731222546871929,0.0059583139334224424,0.2233170244889734,0.9740124080748476,0.14,False
4.737423370918713,0.005888379611800556,0.22331526729520124,0.9743093982523335,0.14,False
4.743624194965497,0.005820331840317463,0.22331355750254725,0.9745985552071339,0.14,False
4.74982501901228,0.0057541322991625,0.22331189414823316,0.9748800274383599,0.14,False
4.7560258430590645,0.005689742974386029,0.2233102762771623,0.9751539628992953,0.14,False
4.762226667105849,0.005627126174732075,0.22330870294234414,0.9754205088979131,0.14,False
4.768427491152631,0.005566244547583651,0.2233071732052952,0.9756798120016118,0.14,False
4.774628315199415,0.0055070610940347,0.22330568613641752,0.9759320179461497,0.14,False
4.780829139246199,0.005449539183104072,0.22330424081535613,0.9761772715487336,0.14,False
4.787029963292984,0.0053936425651064275,0.22330283633133563,0.9764157166252272,0.14,False
4.793230787339767,0.005339335384196677,0.22330147178347248,0.9766474959114312,0.14,False
4.7994316113865505,0.005286582190103938,0.22330014628107397,0.9768727509883824,0.14,False
4.805632435433334,0.005235347949072494,0.22329885894391088,0.977091622211619,0.14,False
4.811833259480117,0.005185598054026599,0.2232976089024721,0.9773042486443483,0.14,False
4.818034083526902,0.005137298333977127,0.22329639529820408,0.9775107679944575,0.14,False
4.824234907573686,0.005090415062688061,0.22329521728372584,0.9777113165552948,0.14,False
4.830435731620469,0.0050449149666210065,0.2232940740230287,0.9779060291501523,0.14,False
4.836636555667252,0.005000765232176327,0.2232929646916594,0.9780950390803782,0.14,False
4.842837379714037,0.0049579335122496866,0.22329188847688544,0.9782784780770357,0.14,False
4.84903820376082,0.004916387932122739,0.22329084457784254,0.978456476256036,0.14,False
4.855239027807604,0.004876097094707155,0.22328983220566379,0.9786291620766571,0.14,False
4.861439851854388,0.004837030085161039,0.22328885058360007,0.9787966623033693,0.14,False
4.86764067590117,0.004799156474896751,0.2232878989471181,0.9789591019708804,0.14,False
4.873841499947956,0.004762446324999689,0.22328697654398819,0.9791166043523133,0.14,False
4.880042323994739,0.004726870189076883,0.22328608263435332,0.9792692909304267,0.14,False
4.8862431480415225,0.004692399115554793,0.2232852164907876,0.9794172813717933,0.14,False
4.892443972088306,0.004659004649445336,0.2232843773983443,0.9795606935038432,0.14,False
4.898644796135089,0.004626658833599224,0.22328356465458166,0.9796996432946802,0.14,False
4.904845620181874,0.0045953342094655234,0.22328277756958553,0.979834244835585,0.14,False
4.911046444228657,0.0045650038173762056,0.2232820154659747,0.9799646103261103,0.14,False
4.917247268275442,0.004535641196374379,0.2232812776789015,0.9800908500616782,0.14,False
4.923448092322224,0.004507220383604672,0.22328056355602932,0.980213072423589,0.14,False
4.9296489163690085,0.004479715913283907,0.22327987245751088,0.9803313838713525,0.14,False
4.935849740415793,0.004453102815270338,0.2232792037559528,0.9804458889372482,0.14,False
4.942050564462575,0.004427356613249116,0.22327855683636694,0.9805566902230286,0.14,False
4.94825138850936,0.004402453322551545,0.22327793109611985,0.980663888398677,0.14,False
4.954452212556143,0.004378369447625601,0.22327732594486507,0.980767582203129,0.14,False
4.960653036602928,0.004355081979174477,0.22327674080447435,0.9808678684468747,0.14,False
4.966853860649711,0.0043325683909802015,0.22327617510895575,0.980964842016355,0.14,False
4.9730546846964945,0.004310806636428506,0.2232756283043674,0.9810585958800668,0.14,False
4.979255508743279,0.004289775144751164,0.22327509984872554,0.9811492210962957,0.14,False
4.985456332790061,0.004269452817001621,0.22327458921189597,0.9812368068223936,0.14,False
4.991657156836846,0.00424981902177931,0.22327409587549635,0.9813214403255234,0.14,False
4.99785798088363,0.00423085359071782,0.22327361933277542,0.9814032069947891,0.14,False
5.004058804930413,0.004212536813751612,0.2232731590884986,0.9814821903546774,0.14,False
5.010259628977197,0.0041948494341757896,0.22327271465881984,0.9815584720797345,0.14,False
5.0164604530239805,0.004177772643512864,0.22327228557115664,0.9816321320104044,0.14,False
5.022661277070764,0.004161288076200273,0.22327187136405358,0.9817032481699598,0.14,False
5.028862101117548,0.004145377804111969,0.2232714715870468,0.9817718967824504,0.14,False
5.035062925164332,0.004130024330926914,0.22327108580052143,0.9818381522916069,0.14,False
5.041263749211115,0.004115210586357138,0.22327071357556522,0.9819020873806301,0.14,False
5.047464573257899,0.004100919920247613,0.2232703544938259,0.9819637729928044,0.14,False
5.053665397304683,0.004087136096559521,0.2232700081473524,0.9820232783528685,0.14,False
5.0598662213514665,0.004073843287248606,0.2232696741384458,0.9820806709890898,0.14,False
5.06606704539825,0.004061026066049524,0.22326935207950246,0.9821360167559772,0.14,False
5.072267869445034,0.004048669402176897,0.22326904159285454,0.98218937985758,0.14,False
5.078468693491817,0.0040367586539533625,0.2232687423106119,0.9822408228713186,0.14,False
5.084669517538601,0.004025279562374664,0.2232684538744976,0.9822904067722895,0.14,False
5.0908703415853855,0.004014218244621177,0.22326817593568837,0.9823381909580001,0.14,False
5.097071165632168,0.00400356118752519,0.2232679081546481,0.9823842332734799,0.14,False
5.1032719896789525,0.003993295241002792,0.22326765020096215,0.9824285900367226,0.14,False
5.109472813725736,0.003983407611458752,0.2232674017531745,0.9824713160644141,0.14,False
5.11567363777252,0.0039738858551726115,0.22326716249861916,0.9825124646979023,0.14,False
5.121874461819304,0.0039647178716737,0.22326693213325424,0.9825520878293683,0.14,False
5.128075285866087,0.00395589189711263,0.2232667103614977,0.982590235928157,0.14,False
5.1342761099128715,0.003947396497636177,0.22326649689605646,0.9826269580672317,0.14,False
5.140476933959654,0.003939220562772513,0.22326629145776325,0.9826623019497147,0.14,False
5.146677758006439,0.0039313532988330645,0.22326609377541182,0.9826963139354803,0.14,False
5.152878582053223,0.003923784222337296,0.22326590358558815,0.9827290390677652,0.14,False
5.159079406100006,0.003916503153466033,0.22326572063250957,0.9827605210997683,0.14,False
5.16528023014679,0.0039095002095490125,0.2232655446678583,0.9827908025212069,0.14,False
5.171481054193573,0.0039027657985916436,0.22326537545061956,0.9828199245848027,0.14,False
5.1776818782403575,0.0038962906128461668,0.22326521274692424,0.9828479273326725,0.14,False
5.183882702287141,0.0038900656224315697,0.22326505632988042,0.982874849622593,0.14,False
5.190083526333925,0.0038840820690068,0.2232649059794211,0.9829007291541236,0.14,False
5.196284350380708,0.0038783314595011846,0.22326476148214344,0.9829256024945581,0.14,False
5.202485174427491,0.003872805559906033,0.22326462263115587,0.9829495051046878,0.14,False
5.208685998474277,0.003867496389130831,0.22326448922591935,0.9829724713643565,0.14,False
5.214886822521059,0.00386239621292745,0.22326436107209824,0.9829945345977865,0.14,False
5.2210876465678435,0.003857497537885338,0.22326423798140937,0.9830157270986615,0.14,False
5.227288470614627,0.003852793105500612,0.22326411977146762,0.9830360801549478,0.14,False
5.2334892946614096,0.0038482758863215725,0.2232640062656483,0.9830556240734416,0.14,False
5.239690118708195,0.003843939074173035,0.22326389729293308,0.9830743882040268,0.14,False
5.245890942754978,0.0038397760804617927,0.2232637926877721,0.9830924009636308,0.14,False
5.252091766801763,0.00383578052856496,0.22326369228994103,0.9831096898598684,0.14,False
5.258292590848545,0.0038319462483031507,0.22326359594440462,0.9831262815143617,0.14,False
5.264493414895329,0.003828267270499958,0.22326350350117624,0.9831422016857274,0.14,False
5.270694238942114,0.0038247378216292767,0.22326341481518538,0.9831574752922216,0.14,False
5.276895062988896,0.0038213523185514505,0.2232633297461454,0.9831721264340377,0.14,False
5.283095887035681,0.0038181053633396813,0.22326324815842313,0.9831861784152446,0.14,False
5.289296711082464,0.0038149917381972197,0.22326316992091097,0.983199653765366,0.14,False
5.295497535129247,0.0038120064004663005,0.22326309490690427,0.9832125742605908,0.14,False
5.301698359176032,0.0038091444777294133,0.22326302299397294,0.983224960944612,0.14,False
5.3078991832228155,0.0038064012630032464,0.2232629540638468,0.9832368341490898,0.14,False
5.314100007269599,0.003803772210025834,0.22326288800229085,0.9832482135137358,0.14,False
5.320300831316382,0.0038012529286368378,0.22326282469899408,0.9832591180060166,0.14,False
5.326501655363167,0.0037988391802513035,0.22326276404745388,0.9832695659404743,0.14,False
5.33270247940995,0.003796526873426706,0.22326270594486602,0.9832795749976618,0.14,False
5.338903303456734,0.0037943120595231184,0.22326265029201053,0.9832891622426944,0.14,False
5.345104127503518,0.0037921909284563686,0.22326259699315248,0.983298344143416,0.14,False
5.351304951550301,0.0037901598045437454,0.22326254595593353,0.9833071365881803,0.14,False
5.357505775597085,0.003788215142441825,0.2232624970912693,0.9833155549032478,0.14,False
5.363706599643869,0.0037863535231759298,0.22326245031325162,0.9833236138698016,0.14,False
5.369907423690652,0.0037845716502605906,0.22326240553904866,0.9833313277405801,0.14,False
5.376108247737436,0.0037828663459103,0.22326236268881255,0.9833387102561324,0.14,False
5.38230907178422,0.0037812345473398254,0.2232623216855842,0.983345774660697,0.14,False
5.388509895831003,0.0037796733031533,0.22326228245520355,0.9833525337177061,0.14,False
5.3947107198777875,0.0037781797698211257,0.22326224492622251,0.9833589997249201,0.14,False
5.400911543924571,0.0037767512082437964,0.22326220902981234,0.9833651845291936,0.14,False
5.407112367971354,0.003775384980401641,0.22326217469968923,0.9833710995408804,0.14,False
5.413313192018138,0.0037740785460894243,0.2232621418720242,0.9833767557478756,0.14,False
5.419514016064923,0.0037728294597347643,0.22326211048536743,0.9833821637293051,0.14,False
5.425714840111707,0.003771635367299142,0.22326208048056825,0.9833873336688616,0.14,False
5.431915664158489,0.0037704940032603977,0.2232620518007009,0.9833922753677962,0.14,False
5.4381164882052735,0.0037694031876755662,0.22326202439098833,0.9833969982575671,0.14,False
5.444317312252057,0.0037683608233226892,0.22326199819873466,0.9834015114121518,0.14,False
5.450518136298841,0.003767364892920449,0.2232619731732508,0.9834058235600264,0.14,False
5.456718960345625,0.0037664134564242627,0.2232619492657882,0.9834099430958203,0.14,False
5.462919784392408,0.0037655046483976123,0.22326192642947426,0.9834138780916478,0.14,False
5.469120608439192,0.0037646366754572063,0.223261904619246,0.9834176363081252,0.14,False
5.475321432485975,0.003763807813790711,0.22326188379178843,0.9834212252050762,0.14,False
5.48152225653276,0.0037630164067456156,0.22326186390547473,0.9834246519519338,0.14,False
5.487723080579543,0.0037622608624879486,0.22326184492030576,0.9834279234378418,0.14,False
5.493923904626326,0.0037615396517294303,0.22326182679785356,0.9834310462814638,0.14,False
5.500124728673111,0.003760851305521709,0.223261809501208,0.9834340268405037,0.14,False
5.506325552719893,0.0037601944131162393,0.2232617929949237,0.9834368712209456,0.14,False
5.512526376766679,0.0037595676198885204,0.2232617772449602,0.9834395852860149,0.14,False
5.518727200813462,0.003758969625325278,0.22326176221863905,0.9834421746648722,0.14,False
5.524928024860245,0.0037583991810731395,0.22326174788459252,0.9834446447610395,0.14,False
5.531128848907029,0.003757855089047534,0.2232617342127157,0.9834470007605712,0.14,False
5.537329672953812,0.0037573361996003757,0.2232617211741213,0.983449247639968,0.14,False
5.543530497000597,0.0037568414097452433,0.22326170874109375,0.9834513901738468,0.14,False
5.54973132104738,0.003756369661438589,0.2232616968870469,0.9834534329423675,0.14,False
5.5559321450941646,0.0037559199399157537,0.22326168558648263,0.983455380338425,0.14,False
5.562132969140947,0.003755491272080362,0.22326167481494905,0.9834572365746093,0.14,False
5.568333793187731,0.0037550827249458753,0.22326166454900315,0.9834590056899437,0.14,False
5.574534617234516,0.0037546934041278496,0.223261654766171,0.9834606915564018,0.14,False
5.580735441281299,0.0037543224523858103,0.22326164544491206,0.983462297885212,0.14,False
5.586936265328083,0.003753969048213214,0.2232616365645843,0.983463828232954,0.14,False
5.593137089374866,0.003753632404474504,0.22326162810540856,0.9834652860074528,0.14,False
5.59933791342165,0.00375331176708778,0.22326162004843716,0.9834666744734757,0.14,False
5.605538737468434,0.0037530064137520467,0.22326161237552017,0.9834679967582362,0.14,False
5.6117395615152175,0.003752715652717609,0.2232616050692754,0.9834692558567119,0.14,False
5.617940385562002,0.0037524388215987273,0.22326159811305904,0.9834704546367817,0.14,False
5.624141209608784,0.0037521752862270386,0.22326159149093597,0.9834715958441843,0.14,False
5.630342033655568,0.003751924439544819,0.22326158518765218,0.9834726821073061,0.14,False
5.636542857702353,0.0037516857005368523,0.2232615791886081,0.9834737159418024,0.14,False
5.642743681749136,0.003751458513199805,0.2232615734798325,0.9834746997550566,0.14,False
5.64894450579592,0.003751242345548039,0.2232615680479587,0.9834756358504808,0.14,False
5.6551453298427035,0.0037510366886547744,0.22326156288019736,0.9834765264316657,0.14,False
5.661346153889486,0.0037508410557275515,0.22326155796431688,0.9834773736063802,0.14,False
5.667546977936271,0.003750654981216961,0.22326155328861957,0.9834781793904284,0.14,False
5.673747801983055,0.0037504780199575996,0.22326154884191887,0.9834789457113674,0.14,False
5.679948626029838,0.0037503097463403947,0.22326154461352063,0.9834796744120888,0.14,False
5.686149450076622,0.003750149753515144,0.22326154059320086,0.9834803672542699,0.14,False
5.692350274123405,0.00374999765262247,0.22326153677118976,0.9834810259216983,0.14,False
5.6985510981701895,0.003749853072054181,0.22326153313814884,0.9834816520234717,0.14,False
5.704751922216973,0.0037497156567411856,0.22326152968515608,0.9834822470970819,0.14,False
5.710952746263757,0.0037495850674680903,0.22326152640368785,0.9834828126113796,0.14,False
5.71715357031054,0.003749460980213544,0.22326152328560228,0.9834833499694308,0.14,False
5.723354394357324,0.0037493430855155643,0.2232615203231232,0.9834838605112637,0.14,False
5.7295552184041085,0.003749231087861005,0.223261517508825,0.9834843455165112,0.14,False
5.735756042450892,0.0037491247050983694,0.2232615148356172,0.9834848062069534,0.14,False
5.7419568664976754,0.003749023667873157,0.22326151229673266,0.9834852437489611,0.14,False
5.748157690544459,0.0037489277190850363,0.22326150988571064,0.9834856592558463,0.14,False
5.754358514591243,0.0037488366133660925,0.22326150759638566,0.9834860537901204,0.14,False
5.760559338638027,0.0037487501165794023,0.22326150542287398,0.9834864283656652,0.14,False
5.76676016268481,0.0037486680053372885,0.22326150335956235,0.9834867839498186,0.14,False
5.7729609867315945,0.0037485900665385186,0.22326150140109613,0.9834871214653779,0.14,False
5.779161810778377,0.0037485160969238213,0.2232614995423676,0.9834874417925241,0.14,False
5.785362634825161,0.0037484459026491056,0.22326149777850668,0.9834877457706701,0.14,False
5.791563458871946,0.003748379298875654,0.22326149610486815,0.9834880342002346,0.14,False
5.797764282918728,0.003748316109376846,0.22326149451702368,0.9834883078443443,0.14,False
5.803965106965513,0.0037482561661606583,0.22326149301075227,0.9834885674304694,0.14,False
5.810165931012296,0.0037481993091074976,0.2232614915820301,0.983488813651991,0.14,False
5.8163667550590805,0.0037481453856227508,0.22326149022702335,0.9834890471697054,0.14,False
5.822567579105864,0.003748094250303504,0.22326148894207815,0.9834892686132676,0.14,False
5.828768403152647,0.003748045764618954,0.22326148772371304,0.9834894785825742,0.14,False
5.834969227199431,0.003747999796604011,0.22326148656861244,0.983489677649091,0.14,False
5.841170051246214,0.003747956220565497,0.22326148547361796,0.9834898663571245,0.14,False
5.847370875293,0.0037479149168007024,0.2232614844357218,0.9834900452250412,0.14,False
5.853571699339782,0.003747875771327505,0.22326148345205943,0.983490214746435,0.14,False
5.859772523386566,0.0037478386756259544,0.2232614825199039,0.9834903753912474,0.14,False
5.86597334743335,0.003747803526390595,0.22326148163665976,0.983490527606839,0.14,False
5.8721741714801325,0.0037477702252934077,0.2232614807998557,0.9834906718190167,0.14,False
5.878374995526918,0.003747738678756617,0.22326148000714086,0.9834908084330171,0.14,False
5.884575819573701,0.003747708797735384,0.22326147925627765,0.9834909378344471,0.14,False
5.890776643620484,0.0037476804975095754,0.22326147854513717,0.9834910603901866,0.14,False
5.896977467667268,0.003747653697484624,0.22326147787169393,0.9834911764492498,0.14,False
5.903178291714052,0.0037476283210009535,0.22326147723402195,0.9834912863436106,0.14,False
5.909379115760837,0.003747604295151538,0.2232614766302891,0.9834913903889932,0.14,False
5.915579939807619,0.0037475815506075143,0.22326147605875316,0.9834914888856269,0.14,False
5.921780763854403,0.0037475600214513147,0.22326147551775802,0.9834915821189679,0.14,False
5.927981587901187,0.0037475396450171,0.2232614750057288,0.9834916703603921,0.14,False
5.93418241194797,0.0037475203617382716,0.22326147452116876,0.9834917538678533,0.14,False
5.940383235994755,0.0037475021150016065,0.22326147406265492,0.9834918328865162,0.14,False
5.9465840600415385,0.0037474848510079053,0.22326147362883625,0.9834919076493599,0.14,False
5.952784884088321,0.0037474685186387924,0.22326147321842763,0.9834919783777535,0.14,False
5.958985708135105,0.0037474530693294822,0.2232614728302089,0.9834920452820085,0.14,False
5.965186532181889,0.0037474384569472206,0.22326147246302078,0.983492108561904,0.14,False
5.971387356228673,0.003747424637675135,0.2232614721157623,0.9834921684071909,0.14,False
5.977588180275457,0.003747411569901424,0.22326147178738764,0.9834922249980703,0.14,False
5.983789004322241,0.0037473992141134017,0.22326147147690426,0.9834922785056537,0.14,False
5.989989828369024,0.0037473875327964585,0.2232614711833691,0.9834923290923994,0.14,False
5.996190652415807,0.003747376490337611,0.22326147090588763,0.9834923769125312,0.14,False
6.002391476462592,0.00374736605293336,0.22326147064361002,0.9834924221124366,0.14,False
6.008592300509375,0.003747356188501911,0.2232614703957304,0.9834924648310472,0.14,False
6.014793124556159,0.003747346866599268,0.22326147016148384,0.9834925052002025,0.14,False
6.020993948602943,0.0037473380583393353,0.22326146994014417,0.983492543344995,0.14,False
6.027194772649726,0.003747329736317621,0.22326146973102315,0.9834925793841012,0.14,False
6.0333955966965105,0.0037473218745385306,0.22326146953346718,0.9834926134300965,0.14,False
6.039596420743294,0.003747314448346002,0.223261469346857,0.9834926455897555,0.14,False
6.045797244790078,0.0037473074343574216,0.22326146917060477,0.9834926759643375,0.14,False
6.051998068836861,0.0037473008104006145,0.2232614690041536,0.9834927046498608,0.14,False
6.058198892883645,0.003747294555453776,0.2232614688469752,0.9834927317373613,0.14,False
6.06439971693043,0.0037472886495882925,0.2232614686985686,0.9834927573131411,0.14,False
6.070600540977212,0.0037472830739141826,0.22326146855845952,0.9834927814590044,0.14,False
6.0768013650239965,0.003747277810528192,0.22326146842619754,0.9834928042524823,0.14,False
6.08300218907078,0.003747272842464337,0.22326146830135704,0.9834928257670472,0.14,False
6.089203013117563,0.00374726815364681,0.22326146818353323,0.9834928460723162,0.14,False
6.095403837164348,0.003747263728845113,0.2232614680723442,0.9834928652342461,0.14,False
6.101604661211131,0.00374725955363137,0.22326146796742657,0.9834928833153177,0.14,False
6.107805485257915,0.003747255614339697,0.2232614678684375,0.9834929003747118,0.14,False
6.114006309304698,0.003747251898027522,0.22326146777505212,0.9834929164684774,0.14,False
6.1202071333514825,0.0037472483924387836,0.2232614676869613,0.98349293164969,0.14,False
6.126407957398266,0.003747245085968889,0.2232614676038747,0.983492945968604,0.14,False
6.132608781445049,0.003747241967631448,0.22326146752551543,0.9834929594727969,0.14,False
6.138809605491834,0.0037472390270265337,0.2232614674516226,0.9834929722073061,0.14,False
6.145010429538616,0.0037472362543105914,0.2232614673819485,0.9834929842147601,0.14,False
6.151211253585401,0.0037472336401677456,0.22326146731625882,0.9834929955355015,0.14,False
6.157412077632185,0.0037472311757826117,0.223261467254333,0.9834930062077063,0.14,False
6.163612901678968,0.0037472288528143122,0.2232614671959602,0.983493016267495,0.14,False
6.169813725725752,0.003747226663371954,0.22326146714094341,0.9834930257490397,0.14,False
6.176014549772535,0.0037472245999911695,0.2232614670890946,0.9834930346846656,0.14,False
6.182215373819319,0.0037472226556119082,0.2232614670402349,0.9834930431049465,0.14,False
6.188416197866103,0.003747220823557335,0.2232614669941996,0.9834930510387973,0.14,False
6.194617021912887,0.0037472190975137345,0.2232614669508277,0.9834930585135594,0.14,False
6.200817845959671,0.0037472174715114737,0.22326146690996962,0.9834930655550852,0.14,False
6.207018670006454,0.0037472159399068944,0.223261466871483,0.9834930721878147,0.14,False
6.213219494053239,0.0037472144973651374,0.2232614668352346,0.9834930784348509,0.14,False
6.219420318100022,0.0037472131388438636,0.22326146680109898,0.9834930843180304,0.14,False
6.225621142146805,0.0037472118595776867,0.22326146676895398,0.9834930898579896,0.14,False
6.231821966193589,0.0037472106550635303,0.223261466738686,0.9834930950742294,0.14,False
6.238022790240373,0.003747209521046671,0.2232614667101907,0.9834930999851756,0.14,False
6.244223614287157,0.0037472084535074804,0.2232614666833661,0.9834931046082352,0.14,False
6.2504244383339405,0.003747207448648899,0.223261466658118,0.9834931089598519,0.14,False
6.256625262380724,0.0037472065028844766,0.223261466634355,0.9834931130555568,0.14,False
6.262826086427507,0.0037472056128270994,0.22326146661198912,0.983493116910018,0.14,False
6.269026910474291,0.003747204775278299,0.22326146659094437,0.9834931205370869,0.14,False
6.275227734521076,0.003747203987218021,0.22326146657114265,0.9834931239498419,0.14,False
6.281428558567859,0.003747203245795042,0.22326146655251444,0.9834931271606308,0.14,False
6.287629382614642,0.0037472025483178124,0.22326146653498596,0.983493130181109,0.14,False
6.2938302066614265,0.003747201892245812,0.2232614665185013,0.9834931330222788,0.14,False
6.30003103070821,0.0037472012751813325,0.2232614665029983,0.9834931356945239,0.14,False
6.306231854754994,0.0037472006948616812,0.22326146648841763,0.9834931382076425,0.14,False
6.312432678801778,0.0037472001491518606,0.22326146647470613,0.9834931405708806,0.14,False
6.31863350284856,0.003747199636037555,0.22326146646181286,0.9834931427929612,0.14,False
6.324834326895345,0.0037471991536185177,0.22326146644969025,0.9834931448821137,0.14,False
6.331035150942129,0.003747198700102299,0.22326146643829192,0.9834931468461002,0.14,False
6.3372359749889124,0.0037471982737983605,0.22326146642757952,0.9834931486922419,0.14,False
6.343436799035696,0.0037471978731124177,0.22326146641751635,0.9834931504274433,0.14,False
6.349637623082479,0.003747197496541105,0.22326146640805516,0.9834931520582143,0.14,False
6.355838447129263,0.003747197142666964,0.22326146639915553,0.9834931535906928,0.14,False
6.362039271176047,0.003747196810153768,0.22326146639080738,0.9834931550306671,0.14,False
6.3682400952228315,0.003747196497741809,0.22326146638295682,0.983493156383591,0.14,False
6.374440919269615,0.0037471962042438262,0.22326146637557906,0.9834931576546062,0.14,False
6.380641743316398,0.0037471959285408996,0.22326146636865624,0.9834931588485593,0.14,False
6.386842567363182,0.0037471956695785376,0.22326146636214345,0.9834931599700151,0.14,False
6.393043391409966,0.0037471954263632494,0.2232614663560368,0.9834931610232779,0.14,False
6.39924421545675,0.003747195197958952,0.2232614663502959,0.9834931620124,0.14,False
6.405445039503533,0.003747194983483872,0.22326146634490424,0.9834931629412007,0.14,False
6.4116458635503175,0.0037471947821074015,0.22326146633985136,0.9834931638132774,0.14,False
6.4178466875971,0.003747194593047189,0.22326146633508798,0.9834931646320162,0.14,False
6.424047511643884,0.003747194415566595,0.22326146633063723,0.9834931654006102,0.14,False
6.430248335690669,0.0037471942489718177,0.22326146632645538,0.9834931661220618,0.14,False
6.436449159737451,0.003747194092609659,0.2232614663225137,0.9834931667991993,0.14,False
6.442649983784236,0.0037471939458652436,0.2232614663188297,0.9834931674346874,0.14,False
6.448850807831019,0.0037471938081596688,0.2232614663153796,0.9834931680310327,0.14,False
6.455051631877803,0.0037471936789480477,0.22326146631213,0.9834931685905933,0.14,False
6.461252455924587,0.003747193557717582,0.22326146630906757,0.98349316911559,0.14,False
6.46745327997137,0.0037471934439857815,0.22326146630621652,0.9834931696081147,0.14,False
6.473654104018154,0.0037471933372985127,0.2232614663035495,0.9834931700701331,0.14,False
6.479854928064937,0.0037471932372285196,0.22326146630103755,0.983493170503494,0.14,False
6.486055752111722,0.003747193143373885,0.2232614662986715,0.9834931709099383,0.14,False
6.492256576158505,0.003747193055356548,0.22326146629644272,0.9834931712911028,0.14,False
6.498457400205289,0.0037471929728209318,0.223261466294359,0.9834931716485288,0.14,False
6.504658224252073,0.003747192895432658,0.223261466292434,0.9834931719836661,0.14,False
6.5108590482988555,0.0037471928228771383,0.22326146629062193,0.9834931722978743,0.14,False
6.51705987234564,0.0037471927548586763,0.22326146628891697,0.9834931725924336,0.14,False
6.523260696392424,0.003747192691099252,0.22326146628731183,0.9834931728685485,0.14,False
6.529461520439208,0.003747192631337466,0.2232614662858012,0.9834931731273509,0.14,False
6.535662344485991,0.0037471925753276626,0.22326146628437776,0.9834931733699045,0.14,False
6.541863168532775,0.003747192522838919,0.22326146628303944,0.9834931735972096,0.14,False
6.548063992579559,0.0037471924736542776,0.22326146628181262,0.9834931738102082,0.14,False
6.554264816626342,0.0037471924275697464,0.223261466280676,0.9834931740097823,0.14,False
6.560465640673126,0.0037471923843936604,0.22326146627960738,0.9834931741967607,0.14,False
6.56666646471991,0.003747192343946014,0.22326146627860394,0.9834931743719233,0.14,False
6.572867288766693,0.003747192306057668,0.22326146627765972,0.9834931745360023,0.14,False
6.579068112813477,0.0037471922705697245,0.22326146627677176,0.9834931746896859,0.14,False
6.5852689368602615,0.0037471922373329947,0.2232614662759372,0.9834931748336201,0.14,False
6.591469760907044,0.0037471922062073393,0.22326146627515234,0.9834931749684119,0.14,False
6.597670584953828,0.003747192177061159,0.22326146627441454,0.9834931750946313,0.14,False
6.603871409000613,0.00374719214977089,0.22326146627372054,0.9834931752128132,0.14,False
6.610072233047396,0.003747192124220491,0.22326146627306653,0.9834931753234605,0.14,False
6.61627305709418,0.0037471921003010807,0.2232614662724519,0.9834931754270442,0.14,False
6.622473881140963,0.003747192077910389,0.22326146627187193,0.9834931755240076,0.14,False
6.628674705187747,0.0037471920569524786,0.22326146627132662,0.983493175614766,0.14,False
6.634875529234531,0.003747192037337304,0.2232614662708202,0.9834931756997101,0.14,False
6.641076353281315,0.0037471920189803714,0.2232614662703662,0.9834931757792067,0.14,False
6.647277177328098,0.003747192001802344,0.22326146626995655,0.9834931758535991,0.14,False
6.653478001374881,0.003747191985728809,0.2232614662695788,0.9834931759232086,0.14,False
6.659678825421666,0.0037471919706899568,0.22326146626922558,0.9834931759883374,0.14,False
6.665879649468449,0.003747191956620305,0.22326146626889562,0.9834931760492688,0.14,False
6.6720804735152335,0.003747191943458449,0.22326146626858692,0.9834931761062687,0.14,False
6.678281297562017,0.003747191931146792,0.22326146626829751,0.9834931761595869,0.14,False
6.6844821216087995,0.0037471919196312687,0.22326146626802676,0.983493176209457,0.14,False
6.690682945655584,0.003747191908861279,0.22326146626777382,0.9834931762560986,0.14,False
6.696883769702368,0.0037471918987893246,0.22326146626753768,0.9834931762997171,0.14,False
6.7030845937491526,0.0037471918893708833,0.223261466267316,0.9834931763405055,0.14,False
6.709285417795935,0.003747191880564222,0.22326146626710983,0.9834931763786446,0.14,False
6.715486241842719,0.0037471918723301807,0.22326146626691587,0.9834931764143037,0.14,False
6.721687065889503,0.0037471918646321154,0.22326146626673568,0.9834931764476417,0.14,False
6.727887889936286,0.003747191857435671,0.223261466266566,0.9834931764788073,0.14,False
6.734088713983071,0.003747191850708631,0.22326146626640855,0.9834931765079401,0.14,False
6.740289538029854,0.003747191844420831,0.22326146626626012,0.9834931765351707,0.14,False
6.746490362076637,0.003747191838543988,0.22326146626612262,0.9834931765606214,0.14,False
6.752691186123421,0.0037471918330516272,0.22326146626599402,0.9834931765844072,0.14,False
6.7588920101702055,0.0037471918279189387,0.22326146626587268,0.9834931766066353,0.14,False
6.765092834216989,0.0037471918231226854,0.2232614662657604,0.9834931766274063,0.14,False
6.771293658263772,0.003747191818641105,0.22326146626565552,0.9834931766468148,0.14,False
6.777494482310557,0.003747191814453809,0.22326146626555626,0.9834931766649486,0.14,False
6.783695306357339,0.0037471918105417296,0.2232614662654647,0.9834931766818907,0.14,False
6.789896130404124,0.003747191806886982,0.22326146626537918,0.9834931766977183,0.14,False
6.796096954450908,0.003747191803472853,0.2232614662652993,0.9834931767125039,0.14,False
6.802297778497691,0.0037471918002836726,0.22326146626522395,0.9834931767263152,0.14,False
6.808498602544475,0.003747191797304782,0.2232614662651536,0.9834931767392159,0.14,False
6.814699426591258,0.0037471917945224495,0.2232614662650885,0.9834931767512652,0.14,False
6.820900250638042,0.003747191791923856,0.2232614662650277,0.9834931767625191,0.14,False
6.827101074684826,0.003747191789496977,0.2232614662649709,0.9834931767730292,0.14,False
6.83330189873161,0.003747191787230567,0.22326146626491788,0.9834931767828443,0.14,False
6.839502722778394,0.003747191785114105,0.22326146626486776,0.9834931767920101,0.14,False
6.845703546825177,0.0037471917831377547,0.22326146626482085,0.9834931768005689,0.14,False
6.851904370871961,0.003747191781292305,0.22326146626477764,0.9834931768085611,0.14,False
6.858105194918745,0.0037471917795691445,0.2232614662647373,0.9834931768160236,0.14,False
6.864306018965528,0.00374719177796022,0.22326146626469967,0.9834931768229913,0.14,False
6.870506843012312,0.0037471917764579977,0.22326146626466448,0.983493176829497,0.14,False
6.876707667059096,0.003747191775055435,0.22326146626463167,0.983493176835571,0.14,False
6.882908491105879,0.0037471917737459436,0.22326146626460103,0.983493176841242,0.14,False
6.8891093151526634,0.0037471917725233695,0.22326146626457238,0.9834931768465367,0.14,False
6.895310139199447,0.0037471917713819513,0.22326146626454568,0.9834931768514799,0.14,False
6.90151096324623,0.0037471917703163077,0.22326146626452054,0.9834931768560948,0.14,False
6.907711787293015,0.003747191769321408,0.22326146626449622,0.9834931768604034,0.14,False
6.913912611339798,0.0037471917683925544,0.2232614662644745,0.9834931768644259,0.14,False
6.920113435386582,0.003747191767525348,0.22326146626445417,0.9834931768681815,0.14,False
6.926314259433365,0.003747191766715684,0.22326146626443524,0.983493176871688,0.14,False
6.932515083480149,0.00374719176595973,0.22326146626441756,0.9834931768749617,0.14,False
6.938715907526933,0.003747191765253897,0.22326146626440102,0.9834931768780185,0.14,False
6.944916731573716,0.003747191764594837,0.22326146626438562,0.9834931768808727,0.14,False
6.951117555620501,0.0037471917639794227,0.2232614662643712,0.9834931768835379,0.14,False
6.957318379667283,0.0037471917634047313,0.22326146626435778,0.9834931768860267,0.14,False
6.963519203714068,0.003747191762868035,0.22326146626434518,0.983493176888351,0.14,False
6.969720027760852,0.0037471917623667834,0.2232614662643335,0.9834931768905217,0.14,False
6.9759208518076345,0.003747191761898595,0.22326146626432253,0.9834931768925493,0.14,False
6.982121675854419,0.0037471917614612486,0.22326146626431226,0.9834931768944434,0.14,False
6.988322499901202,0.0037471917610526688,0.22326146626430274,0.9834931768962127,0.14,False
6.994523323947987,0.0037471917606709164,0.2232614662642938,0.983493176897866,0.14,False
7.00072414799477,0.003747191760314183,0.22326146626428545,0.983493176899411,0.14,False
7.006924972041554,0.003747191759980785,0.22326146626427762,0.9834931769008548,0.14,False
7.013125796088338,0.0037471917596691414,0.22326146626427035,0.9834931769022044,0.14,False
7.0193266201351205,0.0037471917593777833,0.22326146626426352,0.9834931769034662,0.14,False
7.025527444181905,0.003747191759105334,0.22326146626425714,0.9834931769046461,0.14,False
7.031728268228689,0.003747191758850517,0.22326146626425117,0.9834931769057497,0.14,False
7.037929092275473,0.0037471917586121358,0.2232614662642456,0.9834931769067821,0.14,False
7.044129916322256,0.003747191758389077,0.2232614662642404,0.983493176907748,0.14,False
7.05033074036904,0.0037471917581802985,0.2232614662642355,0.9834931769086521,0.14,False
7.056531564415823,0.003747191757984833,0.22326146626423093,0.9834931769094987,0.14,False
7.062732388462607,0.003747191757801769,0.22326146626422663,0.9834931769102915,0.14,False
7.068933212509392,0.0037471917576302684,0.22326146626422264,0.9834931769110341,0.14,False
7.075134036556174,0.00374719175746954,0.2232614662642189,0.9834931769117302,0.14,False
7.081334860602958,0.003747191757318854,0.2232614662642154,0.9834931769123828,0.14,False
7.087535684649742,0.003747191757177519,0.223261466264212,0.9834931769129949,0.14,False
7.093736508696526,0.0037471917570449068,0.22326146626420895,0.9834931769135692,0.14,False
7.09993733274331,0.0037471917569204143,0.22326146626420598,0.9834931769141083,0.14,False
7.106138156790093,0.003747191756803495,0.2232614662642033,0.9834931769146147,0.14,False
7.112338980836876,0.003747191756693631,0.22326146626420068,0.9834931769150904,0.14,False
7.11853980488366,0.0037471917565903303,0.22326146626419824,0.9834931769155378,0.14,False
7.124740628930445,0.0037471917564931437,0.22326146626419602,0.9834931769159587,0.14,False
7.130941452977228,0.003747191756401659,0.22326146626419385,0.983493176916355,0.14,False
7.137142277024012,0.0037471917563154968,0.22326146626419185,0.9834931769167281,0.14,False
7.143343101070795,0.0037471917562342865,0.2232614662641899,0.9834931769170798,0.14,False
7.1495439251175785,0.003747191756157679,0.22326146626418814,0.9834931769174116,0.14,False
7.155744749164363,0.003747191756085372,0.2232614662641865,0.9834931769177246,0.14,False
7.161945573211147,0.003747191756017066,0.2232614662641849,0.9834931769180205,0.14,False
7.168146397257931,0.0037471917559525,0.22326146626418333,0.9834931769183001,0.14,False
7.174347221304714,0.003747191755891411,0.22326146626418186,0.9834931769185646,0.14,False
7.1805480453514985,0.0037471917558335524,0.22326146626418053,0.9834931769188152,0.14,False
7.186748869398282,0.00374719175577873,0.2232614662641793,0.9834931769190527,0.14,False
7.192949693445065,0.0037471917557267078,0.22326146626417806,0.9834931769192778,0.14,False
7.199150517491849,0.003747191755677307,0.22326146626417692,0.9834931769194919,0.14,False
7.205351341538633,0.003747191755630363,0.2232614662641758,0.9834931769196951,0.14,False
7.211552165585417,0.003747191755585688,0.22326146626417478,0.9834931769198887,0.14,False
7.2177529896322,0.00374719175554314,0.22326146626417373,0.9834931769200729,0.14,False
7.2239538136789845,0.003747191755502585,0.2232614662641728,0.9834931769202485,0.14,False
7.230154637725767,0.0037471917554638616,0.22326146626417187,0.9834931769204162,0.14,False
7.236355461772551,0.0037471917554268673,0.223261466264171,0.9834931769205765,0.14,False
7.242556285819336,0.0037471917553914863,0.2232614662641702,0.9834931769207297,0.14,False
7.248757109866118,0.0037471917553575924,0.22326146626416946,0.9834931769208765,0.14,False
7.254957933912903,0.0037471917553251397,0.22326146626416868,0.983493176921017,0.14,False
7.261158757959686,0.003747191755293933,0.2232614662641679,0.9834931769211522,0.14,False
7.26735958200647,0.0037471917552639837,0.2232614662641672,0.9834931769212819,0.14,False
7.273560406053254,0.0037471917552351426,0.2232614662641665,0.9834931769214068,0.14,False
7.279761230100037,0.003747191755207392,0.2232614662641659,0.9834931769215269,0.14,False
7.285962054146821,0.003747191755180608,0.2232614662641652,0.983493176921643,0.14,False
7.292162878193604,0.003747191755154782,0.22326146626416468,0.9834931769217548,0.14,False
7.298363702240389,0.003747191755129765,0.22326146626416407,0.9834931769218631,0.14,False
7.304564526287173,0.003747191755105607,0.2232614662641635,0.9834931769219678,0.14,False
7.310765350333956,0.0037471917550822025,0.2232614662641629,0.9834931769220691,0.14,False
7.31696617438074,0.0037471917550594654,0.22326146626416238,0.9834931769221675,0.14,False
7.323166998427523,0.0037471917550373946,0.2232614662641619,0.9834931769222631,0.14,False
7.329367822474307,0.003747191755015942,0.2232614662641614,0.983493176922356,0.14,False
7.335568646521091,0.0037471917549951332,0.22326146626416093,0.9834931769224462,0.14,False
7.341769470567875,0.0037471917549748088,0.2232614662641604,0.9834931769225341,0.14,False
7.347970294614658,0.0037471917549550234,0.22326146626415994,0.9834931769226198,0.14,False
7.354171118661442,0.0037471917549357606,0.22326146626415957,0.9834931769227033,0.14,False
7.360371942708226,0.003747191754916828,0.2232614662641591,0.9834931769227853,0.14,False
7.366572766755009,0.003747191754898378,0.22326146626415866,0.9834931769228652,0.14,False
7.372773590801793,0.0037471917548803084,0.22326146626415824,0.9834931769229435,0.14,False
7.378974414848577,0.0037471917548626346,0.2232614662641578,0.98349317692302,0.14,False
7.38517523889536,0.0037471917548452466,0.2232614662641574,0.9834931769230952,0.14,False
7.391376062942144,0.003747191754828343,0.22326146626415702,0.9834931769231684,0.14,False
7.3975768869889285,0.0037471917548115787,0.22326146626415663,0.983493176923241,0.14,False
7.403777711035711,0.0037471917547951357,0.2232614662641562,0.9834931769233123,0.14,False
7.409978535082495,0.0037471917547789876,0.22326146626415588,0.9834931769233821,0.14,False
7.416179359129279,0.0037471917547630637,0.2232614662641555,0.9834931769234512,0.14,False
7.422380183176062,0.0037471917547474377,0.2232614662641551,0.9834931769235188,0.14,False
7.428581007222847,0.0037471917547320177,0.22326146626415472,0.9834931769235856,0.14,False
7.434781831269631,0.0037471917547168706,0.2232614662641544,0.9834931769236511,0.14,False
7.440982655316414,0.003747191754701823,0.22326146626415405,0.9834931769237164,0.14,False
7.447183479363197,0.0037471917546869162,0.22326146626415364,0.983493176923781,0.14,False
7.453384303409981,0.0037471917546724478,0.22326146626415336,0.9834931769238436,0.14,False
7.459585127456766,0.0037471917546579793,0.22326146626415305,0.9834931769239063,0.14,False
7.465785951503549,0.003747191754643615,0.22326146626415264,0.9834931769239685,0.14,False
7.471986775550333,0.0037471917546293703,0.22326146626415236,0.9834931769240302,0.14,False
7.478187599597116,0.0037471917546154808,0.22326146626415203,0.9834931769240902,0.14,False
7.4843884236439004,0.003747191754601591,0.22326146626415166,0.9834931769241505,0.14,False
7.490589247690684,0.0037471917545878163,0.22326146626415136,0.9834931769242101,0.14,False
7.496790071737468,0.0037471917545742555,0.22326146626415103,0.9834931769242689,0.14,False
7.502990895784251,0.003747191754560728,0.22326146626415072,0.9834931769243275,0.14,False
7.509191719831034,0.003747191754547417,0.22326146626415044,0.9834931769243851,0.14,False
7.515392543877819,0.003747191754534106,0.2232614662641501,0.9834931769244427,0.14,False
7.521593367924601,0.003747191754520795,0.2232614662641498,0.9834931769245004,0.14,False
7.5277941919713856,0.0037471917545075103,0.2232614662641495,0.9834931769245578,0.14,False
7.533995016018171,0.0037471917544947115,0.2232614662641492,0.9834931769246134,0.14,False
7.540195840064953,0.0037471917544819448,0.2232614662641489,0.9834931769246686,0.14,False
7.546396664111738,0.003747191754469179,0.22326146626414858,0.9834931769247238,0.14,False
7.552597488158521,0.0037471917544564266,0.22326146626414828,0.9834931769247791,0.14,False
7.558798312205305,0.0037471917544436946,0.22326146626414797,0.9834931769248343,0.14,False
7.564999136252088,0.003747191754430962,0.22326146626414767,0.9834931769248894,0.14,False
7.571199960298872,0.00374719175441823,0.22326146626414733,0.9834931769249445,0.14,False
7.577400784345655,0.003747191754405861,0.22326146626414706,0.9834931769249982,0.14,False
7.5836016083924385,0.0037471917543937076,0.22326146626414684,0.9834931769250508,0.14,False
7.589802432439223,0.003747191754381554,0.2232614662641465,0.9834931769251034,0.14,False
7.596003256486007,0.0037471917543694007,0.2232614662641462,0.9834931769251559,0.14,False
7.602204080532791,0.0037471917543572472,0.22326146626414597,0.9834931769252087,0.14,False
7.608404904579575,0.0037471917543451237,0.22326146626414564,0.9834931769252612,0.14,False
7.6146057286263575,0.0037471917543331528,0.22326146626414536,0.9834931769253129,0.14,False
7.620806552673142,0.0037471917543211867,0.22326146626414514,0.9834931769253648,0.14,False
7.627007376719925,0.0037471917543093003,0.2232614662641448,0.9834931769254164,0.14,False
7.63320820076671,0.003747191754297726,0.2232614662641445,0.9834931769254665,0.14,False
7.639409024813492,0.003747191754286151,0.22326146626414428,0.9834931769255165,0.14,False
7.645609848860276,0.0037471917542745764,0.22326146626414395,0.9834931769255667,0.14,False
7.651810672907062,0.0037471917542630014,0.22326146626414373,0.9834931769256168,0.14,False
7.658011496953844,0.0037471917542516477,0.22326146626414345,0.983493176925666,0.14,False
7.664212321000629,0.0037471917542404734,0.22326146626414323,0.9834931769257143,0.14,False
7.670413145047412,0.0037471917542293044,0.2232614662641429,0.9834931769257628,0.14,False
7.676613969094195,0.003747191754218143,0.22326146626414267,0.9834931769258111,0.14,False
7.682814793140979,0.003747191754207147,0.22326146626414245,0.9834931769258587,0.14,False
7.689015617187763,0.003747191754196151,0.22326146626414212,0.9834931769259062,0.14,False
7.695216441234546,0.003747191754185155,0.2232614662641419,0.983493176925954,0.14,False
7.7014172652813295,0.003747191754174172,0.22326146626414167,0.9834931769260015,0.14,False
7.707618089328113,0.003747191754163682,0.22326146626414137,0.9834931769260469,0.14,False
7.713818913374898,0.003747191754153261,0.22326146626414112,0.9834931769260921,0.14,False
7.720019737421682,0.003747191754142841,0.2232614662641409,0.9834931769261371,0.14,False
7.726220561468466,0.0037471917541324205,0.22326146626414067,0.9834931769261822,0.14,False
7.732421385515249,0.0037471917541220005,0.22326146626414045,0.9834931769262274,0.14,False
7.738622209562032,0.003747191754111579,0.22326146626414012,0.9834931769262725,0.14,False
7.744823033608816,0.003747191754101159,0.2232614662641399,0.9834931769263177,0.14,False
7.751023857655599,0.003747191754090739,0.22326146626413967,0.9834931769263627,0.14,False
7.757224681702383,0.003747191754080318,0.22326146626413942,0.983493176926408,0.14,False
7.763425505749167,0.003747191754069898,0.2232614662641392,0.9834931769264531,0.14,False
7.76962632979595,0.0037471917540594767,0.2232614662641389,0.9834931769264983,0.14,False
7.7758271538427355,0.0037471917540490562,0.22326146626413867,0.9834931769265434,0.14,False
7.782027977889519,0.003747191754038636,0.22326146626413843,0.9834931769265884,0.14,False
7.788228801936303,0.003747191754028216,0.2232614662641382,0.9834931769266336,0.14,False
7.794429625983086,0.0037471917540177957,0.22326146626413798,0.9834931769266787,0.14,False
7.800630450029869,0.003747191754007375,0.22326146626413776,0.9834931769267239,0.14,False
7.806831274076654,0.0037471917539969543,0.22326146626413743,0.983493176926769,0.14,False
7.813032098123436,0.0037471917539865338,0.2232614662641372,0.9834931769268141,0.14,False
7.819232922170221,0.0037471917539761133,0.22326146626413698,0.9834931769268592,0.14,False
7.825433746217004,0.0037471917539656932,0.22326146626413676,0.9834931769269043,0.14,False
7.8316345702637875,0.003747191753955273,0.2232614662641365,0.9834931769269495,0.14,False
7.837835394310573,0.003747191753944852,0.22326146626413623,0.9834931769269946,0.14,False
7.844036218357356,0.0037471917539344314,0.22326146626413598,0.9834931769270397,0.14,False
7.85023704240414,0.003747191753924011,0.22326146626413573,0.9834931769270848,0.14,False
7.856437866450923,0.0037471917539135904,0.2232614662641355,0.98349317692713,0.14,False
7.8626386904977075,0.003747191753903173,0.2232614662641353,0.9834931769271751,0.14,False
7.86883951454449,0.0037471917538927555,0.22326146626413507,0.9834931769272202,0.14,False
7.8750403385912735,0.003747191753882338,0.22326146626413476,0.9834931769272653,0.14,False
7.881241162638058,0.003747191753871921,0.22326146626413454,0.9834931769273104,0.14,False
7.88744198668484,0.0037471917538615036,0.2232614662641343,0.9834931769273555,0.14,False
7.893642810731625,0.003747191753851086,0.22326146626413407,0.9834931769274007,0.14,False
7.89984363477841,0.003747191753840702,0.22326146626413382,0.9834931769274456,0.14,False
7.906044458825193,0.003747191753830329,0.22326146626413354,0.9834931769274905,0.14,False
7.912245282871977,0.0037471917538199587,0.22326146626413332,0.9834931769275355,0.14,False
7.91844610691876,0.003747191753809968,0.22326146626413307,0.9834931769275788,0.14,False
7.924646930965545,0.0037471917538001295,0.22326146626413285,0.9834931769276214,0.14,False
7.930847755012327,0.003747191753790291,0.2232614662641326,0.9834931769276639,0.14,False
7.937048579059111,0.0037471917537804525,0.22326146626413237,0.9834931769277065,0.14,False
7.943249403105895,0.003747191753770614,0.22326146626413212,0.9834931769277492,0.14,False
7.949450227152678,0.0037471917537607877,0.2232614662641319,0.9834931769277917,0.14,False
7.955651051199464,0.0037471917537512107,0.22326146626413168,0.9834931769278332,0.14,False
7.961851875246247,0.0037471917537416338,0.22326146626413146,0.9834931769278746,0.14,False
7.96805269929303,0.003747191753732061,0.2232614662641312,0.9834931769279162,0.14,False
7.974253523339814,0.0037471917537226047,0.223261466264131,0.9834931769279571,0.14,False
7.980454347386598,0.0037471917537133448,0.22326146626413085,0.9834931769279972,0.14,False
7.986655171433381,0.0037471917537040852,0.22326146626413063,0.9834931769280373,0.14,False
7.992855995480165,0.0037471917536948253,0.22326146626413038,0.9834931769280775,0.14,False
7.999056819526949,0.0037471917536855653,0.22326146626413015,0.9834931769281174,0.14,False
8.005257643573731,0.003747191753676516,0.22326146626412993,0.9834931769281566,0.14,False
8.011458467620514,0.0037471917536677107,0.22326146626412977,0.9834931769281948,0.14,False
8.0176592916673,0.0037471917536589273,0.22326146626412954,0.9834931769282329,0.14,False
8.023860115714085,0.0037471917536501444,0.2232614662641293,0.9834931769282709,0.14,False
8.030060939760867,0.003747191753641362,0.22326146626412915,0.983493176928309,0.14,False
8.036261763807651,0.0037471917536325786,0.22326146626412893,0.9834931769283469,0.14,False
8.042462587854434,0.003747191753623795,0.2232614662641287,0.983493176928385,0.14,False
8.048663411901218,0.0037471917536150133,0.22326146626412852,0.9834931769284231,0.14,False
8.054864235948001,0.00374719175360623,0.2232614662641283,0.9834931769284612,0.14,False
8.061065059994785,0.003747191753597446,0.22326146626412807,0.9834931769284991,0.14,False
8.06726588404157,0.0037471917535886645,0.22326146626412793,0.9834931769285371,0.14,False
8.073466708088352,0.0037471917535798808,0.22326146626412768,0.9834931769285752,0.14,False
8.079667532135138,0.0037471917535710996,0.22326146626412746,0.9834931769286132,0.14,False
8.085868356181921,0.0037471917535623176,0.22326146626412724,0.9834931769286513,0.14,False
8.092069180228705,0.0037471917535535373,0.22326146626412707,0.9834931769286893,0.14,False
8.098270004275488,0.0037471917535447557,0.22326146626412685,0.9834931769287273,0.14,False
8.104470828322272,0.003747191753535982,0.22326146626412663,0.9834931769287653,0.14,False
8.110671652369055,0.003747191753527214,0.22326146626412646,0.9834931769288032,0.14,False
8.116872476415839,0.0037471917535185323,0.22326146626412627,0.9834931769288409,0.14,False
8.123073300462623,0.0037471917535098513,0.22326146626412605,0.9834931769288785,0.14,False
8.129274124509406,0.0037471917535011703,0.22326146626412585,0.9834931769289161,0.14,False
8.13547494855619,0.003747191753492519,0.22326146626412563,0.9834931769289534,0.14,False
8.141675772602975,0.0037471917534843534,0.2232614662641255,0.983493176928989,0.14,False
8.147876596649757,0.0037471917534762493,0.22326146626412527,0.983493176929024,0.14,False
8.154077420696542,0.003747191753468145,0.22326146626412513,0.9834931769290591,0.14,False
8.160278244743326,0.003747191753460041,0.22326146626412488,0.9834931769290942,0.14,False
8.166479068790109,0.0037471917534519375,0.2232614662641247,0.9834931769291292,0.14,False
8.172679892836893,0.003747191753443834,0.2232614662641245,0.9834931769291643,0.14,False
8.178880716883675,0.0037471917534357313,0.22326146626412435,0.9834931769291995,0.14,False
8.18508154093046,0.003747191753427627,0.22326146626412413,0.9834931769292345,0.14,False
8.191282364977242,0.003747191753419523,0.22326146626412394,0.9834931769292696,0.14,False
8.197483189024027,0.003747191753411419,0.22326146626412371,0.9834931769293047,0.14,False
8.203684013070813,0.0037471917534033154,0.22326146626412358,0.9834931769293398,0.14,False
8.209884837117595,0.003747191753395211,0.22326146626412335,0.9834931769293749,0.14,False
8.21608566116438,0.0037471917533871083,0.2232614662641232,0.98349317692941,0.14,False
8.222286485211162,0.003747191753379005,0.22326146626412294,0.983493176929445,0.14,False
8.228487309257947,0.003747191753370901,0.2232614662641228,0.9834931769294802,0.14,False
8.23468813330473,0.003747191753362796,0.22326146626412258,0.9834931769295153,0.14,False
8.240888957351514,0.003747191753354693,0.22326146626412244,0.9834931769295504,0.14,False
8.247089781398296,0.003747191753346588,0.2232614662641222,0.9834931769295855,0.14,False
8.25329060544508,0.0037471917533384858,0.22326146626412202,0.9834931769296206,0.14,False
8.259491429491865,0.0037471917533303833,0.22326146626412188,0.9834931769296557,0.14,False
8.26569225353865,0.0037471917533222813,0.22326146626412166,0.9834931769296908,0.14,False
8.271893077585432,0.003747191753314179,0.2232614662641215,0.9834931769297259,0.14,False
8.278093901632216,0.0037471917533060763,0.22326146626412124,0.983493176929761,0.14,False
8.284294725678999,0.0037471917532979743,0.2232614662641211,0.9834931769297961,0.14,False
8.290495549725783,0.003747191753289875,0.22326146626412088,0.9834931769298311,0.14,False
8.296696373772567,0.003747191753281896,0.22326146626412074,0.9834931769298657,0.14,False
8.30289719781935,0.003747191753273917,0.22326146626412052,0.9834931769299002,0.14,False
8.309098021866134,0.0037471917532659405,0.22326146626412033,0.9834931769299348,0.14,False
8.315298845912917,0.003747191753258006,0.2232614662641201,0.9834931769299692,0.14,False
8.321499669959703,0.0037471917532504733,0.22326146626411997,0.9834931769300017,0.14,False
8.327700494006486,0.0037471917532429476,0.2232614662641198,0.9834931769300344,0.14,False
8.33390131805327,0.0037471917532354224,0.22326146626411958,0.9834931769300669,0.14,False
8.340102142100054,0.003747191753227897,0.2232614662641194,0.9834931769300995,0.14,False
8.346302966146837,0.003747191753220372,0.22326146626411927,0.983493176930132,0.14,False
8.352503790193621,0.0037471917532128462,0.2232614662641191,0.9834931769301648,0.14,False
8.358704614240404,0.003747191753205321,0.22326146626411889,0.9834931769301973,0.14,False
8.364905438287188,0.003747191753197796,0.22326146626411875,0.9834931769302299,0.14,False
8.37110626233397,0.0037471917531902705,0.22326146626411858,0.9834931769302625,0.14,False
8.377307086380755,0.003747191753182744,0.22326146626411836,0.983493176930295,0.14,False
8.38350791042754,0.0037471917531752192,0.2232614662641182,0.9834931769303277,0.14,False
8.389708734474324,0.0037471917531676944,0.22326146626411805,0.9834931769303602,0.14,False
8.395909558521106,0.003747191753160168,0.22326146626411783,0.9834931769303928,0.14,False
8.402110382567889,0.003747191753152643,0.22326146626411764,0.9834931769304255,0.14,False
8.408311206614675,0.003747191753145118,0.2232614662641175,0.983493176930458,0.14,False
8.414512030661458,0.0037471917531375926,0.22326146626411736,0.9834931769304907,0.14,False
8.42071285470824,0.0037471917531300674,0.22326146626411714,0.9834931769305232,0.14,False
8.426913678755025,0.0037471917531225435,0.22326146626411697,0.9834931769305557,0.14,False
8.433114502801807,0.00374719175311502,0.2232614662641168,0.9834931769305884,0.14,False
8.439315326848591,0.0037471917531074965,0.22326146626411658,0.9834931769306209,0.14,False
8.445516150895378,0.003747191753099973,0.22326146626411644,0.9834931769306535,0.14,False
8.45171697494216,0.003747191753092449,0.22326146626411628,0.983493176930686,0.14,False
8.457917798988943,0.003747191753085128,0.22326146626411614,0.9834931769307178,0.14,False
8.464118623035727,0.003747191753077945,0.2232614662641159,0.9834931769307489,0.14,False
8.470319447082511,0.003747191753070763,0.22326146626411572,0.9834931769307801,0.14,False
8.476520271129294,0.0037471917530635863,0.22326146626411558,0.9834931769308111,0.14,False
8.482721095176078,0.0037471917530564973,0.22326146626411544,0.9834931769308418,0.14,False
8.48892191922286,0.0037471917530495524,0.22326146626411528,0.9834931769308719,0.14,False
8.495122743269647,0.003747191753042608,0.22326146626411514,0.983493176930902,0.14,False
8.50132356731643,0.003747191753035663,0.2232614662641149,0.983493176930932,0.14,False
8.507524391363214,0.00374719175302881,0.22326146626411475,0.9834931769309617,0.14,False
8.513725215409998,0.0037471917530223957,0.22326146626411458,0.9834931769309895,0.14,False
8.51992603945678,0.0037471917530160085,0.22326146626411444,0.9834931769310171,0.14,False
8.526126863503563,0.0037471917530096208,0.22326146626411428,0.9834931769310449,0.14,False
8.53232768755035,0.0037471917530032327,0.2232614662641141,0.9834931769310725,0.14,False
8.538528511597132,0.0037471917529968463,0.22326146626411403,0.9834931769311002,0.14,False
8.544729335643915,0.0037471917529904586,0.2232614662641139,0.9834931769311278,0.14,False
8.550930159690699,0.0037471917529840713,0.22326146626411375,0.9834931769311555,0.14,False
8.557130983737483,0.0037471917529776837,0.22326146626411358,0.9834931769311831,0.14,False
8.563331807784268,0.003747191752971296,0.22326146626411345,0.9834931769312107,0.14,False
8.569532631831052,0.0037471917529649087,0.22326146626411328,0.9834931769312385,0.14,False
8.575733455877835,0.003747191752958521,0.2232614662641131,0.9834931769312661,0.14,False
8.581934279924617,0.0037471917529521338,0.22326146626411297,0.9834931769312938,0.14,False
8.588135103971403,0.0037471917529457457,0.2232614662641128,0.9834931769313214,0.14,False
8.594335928018186,0.003747191752939358,0.22326146626411267,0.9834931769313491,0.14,False
8.600536752064968,0.0037471917529329703,0.22326146626411253,0.9834931769313767,0.14,False
8.606737576111753,0.003747191752926583,0.22326146626411236,0.9834931769314044,0.14,False
8.612938400158535,0.0037471917529201954,0.2232614662641122,0.983493176931432,0.14,False
8.61913922420532,0.0037471917529138077,0.22326146626411206,0.9834931769314598,0.14,False
8.625340048252106,0.0037471917529074204,0.2232614662641119,0.9834931769314874,0.14,False
8.631540872298888,0.0037471917529010327,0.22326146626411175,0.9834931769315151,0.14,False
8.637741696345671,0.003747191752894645,0.2232614662641116,0.9834931769315427,0.14,False
8.643942520392455,0.003747191752888257,0.22326146626411145,0.9834931769315703,0.14,False
8.65014334443924,0.0037471917528818697,0.22326146626411128,0.983493176931598,0.14,False
8.656344168486022,0.003747191752875482,0.2232614662641111,0.9834931769316256,0.14,False
8.662544992532807,0.0037471917528690943,0.22326146626411097,0.9834931769316534,0.14,False
8.66874581657959,0.003747191752862708,0.2232614662641109,0.983493176931681,0.14,False
8.674946640626372,0.0037471917528563207,0.22326146626411075,0.9834931769317087,0.14,False
8.681147464673158,0.003747191752849933,0.22326146626411061,0.9834931769317363,0.14,False
8.687348288719942,0.0037471917528435457,0.22326146626411042,0.983493176931764,0.14,False
8.693549112766725,0.003747191752837158,0.22326146626411028,0.9834931769317916,0.14,False
8.69974993681351,0.00374719175283077,0.22326146626411014,0.9834931769318194,0.14,False
8.705950760860292,0.0037471917528243822,0.22326146626410998,0.9834931769318471,0.14,False
8.712151584907076,0.003747191752817995,0.22326146626410984,0.9834931769318748,0.14,False
8.71835240895386,0.0037471917528116077,0.22326146626410967,0.9834931769319024,0.14,False
8.724553233000643,0.0037471917528052205,0.2232614662641095,0.9834931769319301,0.14,False
8.730754057047426,0.0037471917527988332,0.22326146626410937,0.9834931769319577,0.14,False
8.73695488109421,0.0037471917527924464,0.2232614662641092,0.9834931769319853,0.14,False
8.743155705140994,0.0037471917527860665,0.22326146626410906,0.983493176932013,0.14,False
8.749356529187779,0.0037471917527796875,0.22326146626410892,0.9834931769320406,0.14,False
8.755557353234563,0.0037471917527733124,0.22326146626410875,0.9834931769320683,0.14,False
8.761758177281346,0.003747191752766946,0.2232614662641086,0.9834931769320958,0.14,False
8.767959001328128,0.00374719175276058,0.22326146626410845,0.9834931769321233,0.14,False
8.774159825374914,0.003747191752754214,0.22326146626410828,0.983493176932151,0.14,False
8.780360649421697,0.00374719175274797,0.22326146626410814,0.983493176932178,0.14,False
8.78656147346848,0.0037471917527421516,0.22326146626410806,0.9834931769322031,0.14,False
8.792762297515264,0.0037471917527363632,0.22326146626410792,0.9834931769322283,0.14,False
8.798963121562046,0.003747191752730575,0.22326146626410773,0.9834931769322532,0.14,False
8.805163945608834,0.003747191752724786,0.2232614662641076,0.9834931769322783,0.14,False
8.811364769655617,0.0037471917527189982,0.2232614662641075,0.9834931769323033,0.14,False
8.8175655937024,0.00374719175271321,0.22326146626410737,0.9834931769323285,0.14,False
8.823766417749184,0.003747191752707421,0.22326146626410723,0.9834931769323536,0.14,False
8.829967241795966,0.0037471917527016328,0.22326146626410706,0.9834931769323786,0.14,False
8.83616806584275,0.003747191752695844,0.22326146626410692,0.9834931769324037,0.14,False
8.842368889889535,0.003747191752690056,0.2232614662641068,0.9834931769324288,0.14,False
8.848569713936318,0.0037471917526842678,0.22326146626410667,0.9834931769324539,0.14,False
8.8547705379831,0.003747191752678479,0.22326146626410653,0.9834931769324788,0.14,False
8.860971362029886,0.0037471917526726906,0.22326146626410637,0.9834931769325039,0.14,False
8.86717218607667,0.003747191752666903,0.22326146626410628,0.983493176932529,0.14,False
8.873373010123453,0.0037471917526611144,0.22326146626410615,0.9834931769325541,0.14,False
8.879573834170237,0.003747191752655326,0.22326146626410598,0.9834931769325791,0.14,False
8.88577465821702,0.0037471917526495373,0.2232614662641058,0.9834931769326042,0.14,False
8.891975482263803,0.0037471917526437494,0.22326146626410576,0.9834931769326294,0.14,False
8.898176306310589,0.0037471917526379615,0.2232614662641056,0.9834931769326544,0.14,False
8.904377130357371,0.003747191752632174,0.22326146626410545,0.9834931769326795,0.14,False
8.910577954404154,0.003747191752626387,0.2232614662641053,0.9834931769327044,0.14,False
8.916778778450938,0.0037471917526205995,0.22326146626410515,0.9834931769327296,0.14,False
8.922979602497723,0.003747191752614812,0.22326146626410506,0.9834931769327546,0.14,False
8.929180426544507,0.0037471917526090246,0.2232614662641049,0.9834931769327797,0.14,False
8.935381250591291,0.003747191752603237,0.22326146626410476,0.9834931769328047,0.14,False
8.941582074638074,0.003747191752597571,0.2232614662641046,0.9834931769328292,0.14,False
8.947782898684856,0.0037471917525919883,0.22326146626410454,0.9834931769328534,0.14,False
8.953983722731643,0.0037471917525864046,0.22326146626410437,0.9834931769328776,0.14,False
8.960184546778425,0.003747191752580821,0.22326146626410423,0.9834931769329018,0.14,False
8.966385370825208,0.0037471917525752378,0.22326146626410412,0.983493176932926,0.14,False
8.972586194871992,0.0037471917525699157,0.22326146626410398,0.9834931769329491,0.14,False
8.978787018918775,0.003747191752564686,0.22326146626410384,0.9834931769329717,0.14,False
8.984987842965559,0.0037471917525594765,0.22326146626410376,0.9834931769329943,0.14,False
8.991188667012345,0.003747191752554267,0.22326146626410362,0.9834931769330167,0.14,False
8.997389491059128,0.003747191752549058,0.22326146626410354,0.9834931769330394,0.14,False
9.00359031510591,0.0037471917525438484,0.2232614662641034,0.9834931769330619,0.14,False
9.009791139152695,0.0037471917525386386,0.2232614662641032,0.9834931769330846,0.14,False
9.015991963199479,0.003747191752533429,0.22326146626410315,0.983493176933107,0.14,False
9.022192787246262,0.0037471917525282194,0.22326146626410298,0.9834931769331297,0.14,False
9.028393611293046,0.003747191752523011,0.22326146626410293,0.9834931769331522,0.14,False
9.034594435339828,0.0037471917525178015,0.22326146626410276,0.9834931769331747,0.14,False
9.040795259386611,0.0037471917525125926,0.22326146626410262,0.9834931769331973,0.14,False
9.046996083433397,0.003747191752507383,0.22326146626410254,0.9834931769332199,0.14,False
9.053196907480181,0.003747191752502174,0.22326146626410237,0.9834931769332423,0.14,False
9.059397731526964,0.003747191752496965,0.2232614662641023,0.983493176933265,0.14,False
9.065598555573748,0.003747191752491755,0.22326146626410215,0.9834931769332875,0.14,False
9.071799379620531,0.0037471917524865457,0.22326146626410198,0.9834931769333101,0.14,False
9.078000203667315,0.0037471917524813363,0.22326146626410193,0.9834931769333326,0.14,False
9.0842010277141,0.0037471917524761265,0.22326146626410176,0.9834931769333553,0.14,False
9.090401851760882,0.0037471917524709176,0.2232614662641017,0.9834931769333777,0.14,False
9.096602675807665,0.0037471917524657078,0.22326146626410154,0.9834931769334003,0.14,False
9.10280349985445,0.0037471917524604984,0.22326146626410145,0.9834931769334229,0.14,False
9.109004323901235,0.0037471917524552895,0.2232614662641013,0.9834931769334455,0.14,False
9.11520514794802,0.0037471917524500805,0.22326146626410115,0.9834931769334679,0.14,False
9.121405971994802,0.0037471917524448716,0.22326146626410107,0.9834931769334906,0.14,False
9.127606796041585,0.0037471917524396618,0.22326146626410093,0.9834931769335132,0.14,False
9.133807620088369,0.0037471917524344524,0.22326146626410084,0.9834931769335357,0.14,False
9.140008444135153,0.0037471917524292426,0.2232614662641007,0.9834931769335583,0.14,False
9.146209268181936,0.003747191752424034,0.2232614662641005,0.9834931769335808,0.14,False
9.15241009222872,0.003747191752418825,0.22326146626410046,0.9834931769336034,0.14,False
9.158610916275503,0.0037471917524136166,0.2232614662641003,0.9834931769336259,0.14,False
9.164811740322286,0.003747191752408408,0.22326146626410023,0.9834931769336486,0.14,False
9.171012564369073,0.003747191752403199,0.22326146626410007,0.983493176933671,0.14,False
9.177213388415856,0.0037471917523982305,0.22326146626409993,0.9834931769336925,0.14,False
9.183414212462639,0.0037471917523934396,0.22326146626409984,0.9834931769337133,0.14,False
9.189615036509423,0.0037471917523886488,0.2232614662640998,0.983493176933734,0.14,False
9.195815860556205,0.003747191752383858,0.2232614662640996,0.9834931769337548,0.14,False
9.20201668460299,0.003747191752379068,0.22326146626409954,0.9834931769337756,0.14,False
9.208217508649774,0.003747191752374276,0.22326146626409937,0.9834931769337962,0.14,False
9.214418332696557,0.0037471917523694866,0.2232614662640993,0.9834931769338171,0.14,False
9.22061915674334,0.0037471917523646953,0.22326146626409915,0.9834931769338378,0.14,False
9.226819980790124,0.0037471917523599053,0.22326146626409907,0.9834931769338585,0.14,False
9.23302080483691,0.003747191752355114,0.22326146626409893,0.9834931769338793,0.14,False
9.239221628883692,0.0037471917523503235,0.22326146626409885,0.9834931769339,0.14,False
9.245422452930477,0.0037471917523455326,0.22326146626409868,0.9834931769339208,0.14,False
9.25162327697726,0.0037471917523407426,0.2232614662640986,0.9834931769339414,0.14,False
9.257824101024042,0.0037471917523359505,0.22326146626409846,0.9834931769339622,0.14,False
9.264024925070828,0.003747191752331161,0.22326146626409837,0.9834931769339831,0.14,False
9.27022574911761,0.0037471917523263696,0.22326146626409824,0.9834931769340037,0.14,False
9.276426573164393,0.00374719175232158,0.22326146626409815,0.9834931769340245,0.14,False
9.282627397211177,0.003747191752316792,0.2232614662640981,0.9834931769340451,0.14,False
9.288828221257962,0.003747191752312003,0.22326146626409793,0.983493176934066,0.14,False
9.295029045304746,0.003747191752307215,0.22326146626409782,0.9834931769340867,0.14,False
9.30122986935153,0.003747191752302426,0.22326146626409765,0.9834931769341074,0.14,False
9.307430693398313,0.0037471917522976382,0.2232614662640976,0.9834931769341281,0.14,False
9.313631517445096,0.003747191752292849,0.22326146626409743,0.983493176934149,0.14,False
9.31983234149188,0.0037471917522880617,0.22326146626409735,0.9834931769341697,0.14,False
9.326033165538664,0.003747191752283272,0.22326146626409718,0.9834931769341904,0.14,False
9.332233989585447,0.0037471917522784847,0.22326146626409712,0.9834931769342112,0.14,False
9.338434813632231,0.0037471917522736956,0.22326146626409693,0.9834931769342319,0.14,False
9.344635637679014,0.003747191752268944,0.22326146626409685,0.9834931769342524,0.14,False
9.350836461725798,0.003747191752264302,0.22326146626409676,0.9834931769342726,0.14,False
9.357037285772584,0.003747191752259671,0.2232614662640966,0.9834931769342926,0.14,False
9.363238109819367,0.003747191752255041,0.22326146626409651,0.9834931769343126,0.14,False
9.36943893386615,0.0037471917522504095,0.22326146626409638,0.9834931769343327,0.14,False
9.375639757912934,0.003747191752245779,0.22326146626409626,0.9834931769343528,0.14,False
9.381840581959718,0.0037471917522411483,0.22326146626409613,0.9834931769343729,0.14,False
9.3880414060065,0.0037471917522365174,0.22326146626409604,0.983493176934393,0.14,False
9.394242230053285,0.003747191752231888,0.22326146626409593,0.9834931769344128,0.14,False
9.400443054100068,0.0037471917522272566,0.22326146626409576,0.9834931769344329,0.14,False
9.40664387814685,0.003747191752222626,0.22326146626409568,0.983493176934453,0.14,False
9.412844702193636,0.0037471917522179958,0.22326146626409551,0.9834931769344731,0.14,False
9.41904552624042,0.003747191752213366,0.22326146626409515,0.9834931769344931,0.14,False
9.425246350287205,0.003747191752208736,0.22326146626409474,0.9834931769345132,0.14,False
9.431447174333988,0.003747191752204106,0.22326146626409424,0.9834931769345331,0.14,False
9.43764799838077,0.003747191752199476,0.22326146626409385,0.9834931769345532,0.14,False
9.443848822427556,0.0037471917521948463,0.22326146626409313,0.9834931769345732,0.14,False
9.450049646474339,0.0037471917521902163,0.22326146626409238,0.9834931769345933,0.14,False
9.456250470521121,0.00374719175218578,0.22326146626409166,0.9834931769346125,0.14,False
9.462451294567906,0.0037471917521814968,0.22326146626409085,0.9834931769346309,0.14,False
9.468652118614688,0.0037471917521772137,0.22326146626409013,0.9834931769346493,0.14,False
9.474852942661474,0.0037471917521729303,0.2232614662640894,0.983493176934668,0.14,False
9.481053766708259,0.003747191752168647,0.22326146626408858,0.9834931769346864,0.14,False
9.487254590755041,0.0037471917521643625,0.22326146626408785,0.9834931769347048,0.14,False
9.493455414801824,0.0037471917521601497,0.2232614662640871,0.983493176934723,0.14,False
9.499656238848608,0.0037471917521560523,0.22326146626408627,0.9834931769347408,0.14,False
9.505857062895393,0.003747191752151994,0.22326146626408552,0.9834931769347584,0.14,False
9.512057886942175,0.0037471917521479346,0.2232614662640848,0.9834931769347758,0.14,False
9.51825871098896,0.0037471917521438762,0.22326146626408408,0.9834931769347933,0.14,False
9.524459535035742,0.003747191752139817,0.22326146626408325,0.983493176934811,0.14,False
9.530660359082525,0.003747191752135765,0.22326146626408253,0.9834931769348284,0.14,False
9.536861183129313,0.003747191752131713,0.22326146626408178,0.983493176934846,0.14,False
9.543062007176095,0.0037471917521276544,0.22326146626407878,0.9834931769348633,0.14,False
9.549262831222878,0.0037471917521235162,0.22326146626405388,0.9834931769348794,0.14,False
9.555463655269662,0.0037471917521193776,0.22326146626402898,0.9834931769348955,0.14,False
9.561664479316445,0.0037471917521152386,0.2232614662640041,0.9834931769349116,0.14,False
9.567865303363229,0.0037471917521110913,0.22326146626397758,0.9834931769349278,0.14,False
9.574066127410013,0.0037471917521068317,0.22326146626393195,0.9834931769349428,0.14,False
9.580266951456796,0.0037471917521025517,0.223261466263883,0.9834931769349577,0.14,False
9.586467775503579,0.0037471917520982725,0.22326146626383392,0.9834931769349727,0.14,False
9.592668599550363,0.0037471917520939895,0.22326146626378435,0.9834931769349877,0.14,False
9.598869423597149,0.003747191752089706,0.22326146626373478,0.9834931769350026,0.14,False
9.605070247643932,0.003747191752085451,0.2232614662636852,0.9834931769350175,0.14,False
9.611271071690716,0.003747191752081367,0.22326146626363563,0.9834931769350315,0.14,False
9.617471895737498,0.0037471917520773067,0.22326146626358584,0.9834931769350456,0.14,False
9.623672719784281,0.0037471917520732487,0.22326146626353605,0.9834931769350596,0.14,False
9.629873543831067,0.003747191752069195,0.22326146626348625,0.9834931769350734,0.14,False
9.63607436787785,0.003747191752065144,0.2232614662634365,0.9834931769350874,0.14,False
9.642275191924632,0.0037471917520610926,0.2232614662633867,0.9834931769351013,0.14,False
9.648476015971417,0.0037471917520570416,0.2232614662633369,0.9834931769351153,0.14,False
9.654676840018201,0.0037471917520531333,0.22326146626328713,0.9834931769351286,0.14,False
9.660877664064985,0.0037471917520495997,0.22326146626323734,0.9834931769351403,0.14,False
9.66707848811177,0.003747191752046061,0.22326146626318755,0.983493176935152,0.14,False
9.673279312158552,0.003747191752042544,0.22326146626313775,0.9834931769351636,0.14,False
9.679480136205335,0.0037471917520390283,0.223261466263088,0.9834931769351752,0.14,False
9.68568096025212,0.003747191752035512,0.2232614662630382,0.9834931769351869,0.14,False
9.691881784298904,0.0037471917520319896,0.2232614662629884,0.9834931769351983,0.14,False
9.698082608345686,0.003747191752028458,0.22326146626293863,0.9834931769352101,0.14,False
9.70428343239247,0.0037471917520248326,0.22326146626288884,0.9834931769352222,0.14,False
9.710484256439253,0.0037471917520210964,0.22326146626283905,0.9834931769352347,0.14,False
9.716685080486037,0.0037471917520173975,0.22326146626278925,0.9834931769352472,0.14,False
9.722885904532824,0.003747191752013775,0.2232614662627395,0.9834931769352593,0.14,False
9.729086728579606,0.003747191752010229,0.2232614662626897,0.9834931769352709,0.14,False
9.73528755262639,0.0037471917520066895,0.2232614662626399,0.9834931769352827,0.14,False
9.741488376673173,0.0037471917520031416,0.22326146626258941,0.9834931769352944,0.14,False
9.747689200719957,0.0037471917519996015,0.22326146626253604,0.9834931769353058,0.14,False
9.753890024766742,0.003747191751996056,0.22326146626248222,0.9834931769353172,0.14,False
9.760090848813524,0.0037471917519925238,0.22326146626242832,0.9834931769353287,0.14,False
9.766291672860307,0.0037471917519890075,0.22326146626237442,0.98349317693534,0.14,False
9.772492496907091,0.003747191751985491,0.2232614662623205,0.9834931769353513,0.14,False
9.778693320953876,0.0037471917519819754,0.22326146626226623,0.9834931769353625,0.14,False
9.78489414500066,0.0037471917519784595,0.22326146626221194,0.9834931769353739,0.14,False
9.791094969047444,0.0037471917519749437,0.22326146626215776,0.9834931769353852,0.14,False
9.797295793094227,0.0037471917519714274,0.22326146626210347,0.9834931769353964,0.14,False
9.80349661714101,0.0037471917519679115,0.22326146626204924,0.9834931769354077,0.14,False
9.809697441187796,0.0037471917519643957,0.22326146626199495,0.983493176935419,0.14,False
9.815898265234578,0.00374719175196088,0.22326146626194068,0.9834931769354303,0.14,False
9.82209908928136,0.003747191751957363,0.2232614662618864,0.9834931769354416,0.14,False
9.828299913328145,0.0037471917519538473,0.22326146626183216,0.9834931769354529,0.14,False
9.834500737374928,0.0037471917519503314,0.22326146626177787,0.9834931769354642,0.14,False
9.840701561421712,0.003747191751946815,0.22326146626172363,0.9834931769354754,0.14,False
9.846902385468498,0.0037471917519432993,0.22326146626166937,0.9834931769354868,0.14,False
9.85310320951528,0.0037471917519397834,0.22326146626161508,0.9834931769354981,0.14,False
9.859304033562063,0.003747191751936267,0.22326146626156082,0.9834931769355093,0.14,False
9.865504857608848,0.0037471917519327513,0.22326146626150656,0.9834931769355206,0.14,False
9.871705681655632,0.003747191751929235,0.2232614662614523,0.983493176935532,0.14,False
9.877906505702414,0.003747191751925719,0.223261466261398,0.9834931769355432,0.14,False
9.884107329749199,0.0037471917519222033,0.22326146626134377,0.9834931769355545,0.14,False
9.890308153795981,0.0037471917519186866,0.22326146626128948,0.9834931769355658,0.14,False
9.896508977842764,0.0037471917519151707,0.22326146626123522,0.983493176935577,0.14,False
9.902709801889552,0.0037471917519116553,0.22326146626118093,0.9834931769355884,0.14,False
9.908910625936334,0.0037471917519081395,0.2232614662611267,0.9834931769355997,0.14,False
9.915111449983117,0.0037471917519046227,0.2232614662610724,0.9834931769356109,0.14,False
9.921312274029901,0.0037471917519011078,0.2232614662610182,0.9834931769356222,0.14,False
9.927513098076684,0.003747191751897592,0.2232614662609639,0.9834931769356335,0.14,False
9.933713922123468,0.003747191751894076,0.22326146626090965,0.9834931769356448,0.14,False
9.939914746170253,0.0037471917518905593,0.22326146626085536,0.9834931769356561,0.14,False
9.946115570217035,0.0037471917518870435,0.22326146626080112,0.9834931769356674,0.14,False
9.952316394263818,0.0037471917518835276,0.22326146626074683,0.9834931769356786,0.14,False
9.958517218310602,0.0037471917518800114,0.2232614662606926,0.9834931769356899,0.14,False
9.964718042357388,0.0037471917518764955,0.2232614662606383,0.9834931769357013,0.14,False
9.97091886640417,0.0037471917518729792,0.22326146626058405,0.9834931769357125,0.14,False
9.977119690450955,0.0037471917518694634,0.22326146626052976,0.9834931769357238,0.14,False
9.983320514497738,0.0037471917518659475,0.22326146626047552,0.9834931769357351,0.14,False
9.98952133854452,0.0037471917518624312,0.22326146626042123,0.9834931769357463,0.14,False
9.995722162591306,0.0037471917518589154,0.22326146626036697,0.9834931769357577,0.14,False
10.001922986638089,0.0037471917518553995,0.2232614662603127,0.983493176935769,0.14,False
10.008123810684872,0.003747191751851883,0.22326146626025845,0.9834931769357803,0.14,False
10.014324634731656,0.0037471917518483674,0.22326146626020416,0.9834931769357915,0.14,False
10.02052545877844,0.0037471917518448515,0.2232614662601499,0.9834931769358028,0.14,False
10.026726282825226,0.0037471917518413357,0.22326146626009563,0.9834931769358142,0.14,False
10.032927106872009,0.003747191751837819,0.22326146626004137,0.9834931769358254,0.14,False
10.039127930918792,0.003747191751834303,0.2232614662599871,0.9834931769358367,0.14,False
10.045328754965574,0.0037471917518307873,0.22326146625993284,0.983493176935848,0.14,False
10.051529579012358,0.0037471917518272714,0.22326146625987858,0.9834931769358592,0.14,False
10.057730403059143,0.0037471917518237564,0.22326146625982435,0.9834931769358706,0.14,False
10.063931227105927,0.0037471917518202406,0.22326146625977009,0.9834931769358819,0.14,False
10.07013205115271,0.003747191751816725,0.22326146625971582,0.9834931769358931,0.14,False
10.076332875199492,0.0037471917518132093,0.22326146625966156,0.9834931769359044,0.14,False
10.082533699246278,0.0037471917518096943,0.22326146625960727,0.9834931769359158,0.14,False
10.088734523293063,0.003747191751806179,0.223261466259553,0.9834931769359269,0.14,False
10.094935347339845,0.0037471917518026652,0.22326146625949875,0.9834931769359382,0.14,False
10.10113617138663,0.0037471917517991563,0.22326146625944449,0.9834931769359494,0.14,False
10.107336995433412,0.003747191751795647,0.22326146625939022,0.9834931769359607,0.14,False
10.113537819480195,0.003747191751792138,0.223261466259336,0.9834931769359719,0.14,False
10.119738643526981,0.003747191751788665,0.22326146625928173,0.983493176935983,0.14,False
10.125939467573764,0.0037471917517851927,0.22326146625922744,0.9834931769359941,0.14,False
10.132140291620546,0.00374719175178172,0.2232614662591732,0.9834931769360052,0.14,False
10.13834111566733,0.0037471917517782477,0.2232614662591189,0.9834931769360165,0.14,False
10.144541939714115,0.0037471917517747752,0.22326146625906468,0.9834931769360276,0.14,False
10.1507427637609,0.003747191751771612,0.22326146625901042,0.9834931769360373,0.14,False
10.156943587807683,0.003747191751768695,0.22326146625895618,0.983493176936046,0.14,False
10.163144411854466,0.0037471917517657915,0.22326146625890192,0.9834931769360545,0.14,False
10.169345235901249,0.003747191751762888,0.22326146625884769,0.9834931769360632,0.14,False
10.175546059948035,0.0037471917517599537,0.22326146625879342,0.983493176936072,0.14,False
10.181746883994817,0.003747191751757008,0.22326146625873916,0.9834931769360808,0.14,False
10.1879477080416,0.003747191751753977,0.2232614662586849,0.98349317693609,0.14,False
10.194148532088384,0.00374719175175094,0.22326146625863064,0.9834931769360992,0.14,False
10.200349356135167,0.003747191751747903,0.2232614662585764,0.9834931769361084,0.14,False
10.206550180181951,0.003747191751744865,0.22326146625852217,0.9834931769361176,0.14,False
10.212751004228737,0.0037471917517418268,0.22326146625846785,0.9834931769361268,0.14,False
10.21895182827552,0.0037471917517387897,0.22326146625841364,0.983493176936136,0.14,False
10.225152652322302,0.003747191751735752,0.22326146625835938,0.9834931769361454,0.14,False
10.231353476369087,0.0037471917517327147,0.22326146625830512,0.9834931769361545,0.14,False
10.237554300415871,0.0037471917517296767,0.22326146625825088,0.9834931769361637,0.14,False
10.243755124462654,0.0037471917517266453,0.22326146625819662,0.9834931769361729,0.14,False
10.249955948509438,0.003747191751723688,0.22326146625814233,0.9834931769361818,0.14,False
10.25615677255622,0.003747191751720732,0.22326146625808813,0.9834931769361906,0.14,False
10.262357596603003,0.003747191751717799,0.2232614662580339,0.9834931769361993,0.14,False
10.268558420649791,0.0037471917517148956,0.22326146625797968,0.983493176936208,0.14,False
10.274759244696574,0.0037471917517119878,0.2232614662579254,0.9834931769362167,0.14,False
10.280960068743356,0.0037471917517090847,0.22326146625787116,0.9834931769362253,0.14,False
10.28716089279014,0.0037471917517061804,0.22326146625781693,0.983493176936234,0.14,False
10.293361716836923,0.0037471917517032764,0.22326146625776266,0.9834931769362426,0.14,False
10.299562540883707,0.003747191751700373,0.2232614662577084,0.9834931769362512,0.14,False
10.305763364930492,0.0037471917516974677,0.22326146625765417,0.9834931769362598,0.14,False
10.311964188977274,0.003747191751694565,0.22326146625759993,0.9834931769362684,0.14,False
10.318165013024057,0.0037471917516916607,0.22326146625754564,0.9834931769362771,0.14,False
10.324365837070843,0.0037471917516887577,0.22326146625749138,0.9834931769362858,0.14,False
10.330566661117627,0.003747191751685853,0.22326146625743717,0.9834931769362943,0.14,False
10.33676748516441,0.0037471917516829147,0.2232614662573829,0.9834931769363031,0.14,False
10.342968309211194,0.003747191751679914,0.22326146625732865,0.9834931769363122,0.14,False
10.349169133257977,0.0037471917516768757,0.22326146625727436,0.9834931769363214,0.14,False
10.35536995730476,0.003747191751673838,0.22326146625722007,0.9834931769363306,0.14,False
10.361570781351546,0.0037471917516708007,0.22326146625716586,0.9834931769363399,0.14,False
10.367771605398328,0.003747191751667763,0.22326146625711157,0.9834931769363491,0.14,False
10.37397242944511,0.003747191751664726,0.2232614662570573,0.9834931769363583,0.14,False
10.380173253491895,0.003747191751661701,0.22326146625700308,0.9834931769363675,0.14,False
10.38637407753868,0.0037471917516587396,0.2232614662569488,0.9834931769363763,0.14,False
10.392574901585466,0.003747191751655829,0.2232614662568945,0.9834931769363849,0.14,False
10.398775725632248,0.003747191751652925,0.2232614662568403,0.9834931769363937,0.14,False
10.40497654967903,0.0037471917516500213,0.22326146625678597,0.9834931769364023,0.14,False
10.411177373725815,0.0037471917516471174,0.22326146625673177,0.9834931769364109,0.14,False
10.417378197772598,0.0037471917516442134,0.22326146625667748,0.9834931769364196,0.14,False
10.423579021819382,0.0037471917516413104,0.22326146625662324,0.9834931769364281,0.14,False
10.429779845866166,0.003747191751638405,0.22326146625656895,0.9834931769364368,0.14,False
10.435980669912949,0.003747191751635511,0.2232614662565147,0.9834931769364454,0.14,False
10.442181493959731,0.0037471917516326177,0.22326146625646043,0.983493176936454,0.14,False
10.448382318006518,0.003747191751629724,0.22326146625640614,0.9834931769364627,0.14,False
10.454583142053302,0.00374719175162683,0.22326146625635188,0.9834931769364712,0.14,False
10.460783966100085,0.0037471917516239367,0.2232614662562976,0.9834931769364798,0.14,False
10.466984790146869,0.0037471917516210427,0.22326146625624335,0.9834931769364883,0.14,False
10.473185614193651,0.003747191751618149,0.22326146625618906,0.983493176936497,0.14,False
10.479386438240434,0.0037471917516152557,0.22326146625613477,0.9834931769365055,0.14,False
10.48558726228722,0.0037471917516123617,0.2232614662560803,0.9834931769365141,0.14,False
10.491788086334003,0.003747191751609468,0.22326146625602541,0.9834931769365226,0.14,False
10.497988910380785,0.0037471917516065743,0.22326146625597051,0.9834931769365313,0.14,False
10.50418973442757,0.0037471917516036807,0.22326146625591553,0.9834931769365397,0.14,False
10.510390558474354,0.0037471917516007872,0.22326146625586057,0.9834931769365483,0.14,False
10.516591382521138,0.0037471917515978933,0.22326146625580554,0.9834931769365568,0.14,False
10.522792206567923,0.0037471917515949998,0.22326146625575052,0.9834931769365653,0.14,False
10.528993030614705,0.003747191751592106,0.22326146625569557,0.9834931769365739,0.14,False
10.535193854661488,0.0037471917515892123,0.22326146625564058,0.9834931769365824,0.14,False
10.541394678708272,0.0037471917515863188,0.2232614662555856,0.9834931769365909,0.14,False
10.547595502755057,0.0037471917515834318,0.2232614662555306,0.9834931769365994,0.14,False
10.553796326801839,0.0037471917515807186,0.2232614662554756,0.9834931769366072,0.14,False
10.559997150848623,0.0037471917515780055,0.2232614662554206,0.983493176936615,0.14,False
10.566197974895406,0.0037471917515752924,0.2232614662553656,0.9834931769366227,0.14,False
10.57239879894219,0.0037471917515725793,0.2232614662553106,0.9834931769366304,0.14,False
10.578599622988976,0.0037471917515698658,0.22326146625525564,0.9834931769366382,0.14,False
10.584800447035759,0.0037471917515672372,0.22326146625520057,0.9834931769366456,0.14,False
10.591001271082542,0.00374719175156477,0.2232614662551452,0.9834931769366523,0.14,False
10.597202095129326,0.0037471917515622577,0.22326146625508958,0.983493176936659,0.14,False
10.60340291917611,0.003747191751559609,0.22326146625503385,0.9834931769366666,0.14,False
10.609603743222893,0.003747191751556891,0.22326146625497814,0.9834931769366744,0.14,False
10.615804567269677,0.003747191751554187,0.2232614662549224,0.9834931769366819,0.14,False
10.62200539131646,0.003747191751551595,0.2232614662548667,0.9834931769366891,0.14,False
10.628206215363244,0.003747191751549035,0.22326146625481097,0.9834931769366962,0.14,False
10.634407039410029,0.0037471917515464735,0.22326146625475524,0.9834931769367032,0.14,False
10.640607863456813,0.003747191751543914,0.22326146625469317,0.9834931769367098,0.14,False
10.646808687503595,0.003747191751541346,0.22326146625461307,0.9834931769367151,0.14,False
10.65300951155038,0.0037471917515387544,0.2232614662545135,0.9834931769367191,0.14,False
10.659210335597162,0.0037471917515361467,0.22326146625440674,0.9834931769367226,0.14,False
10.665411159643948,0.003747191751533669,0.22326146625429688,0.9834931769367253,0.14,False
10.671611983690731,0.0037471917515311147,0.223261466254187,0.9834931769367284,0.14,False
10.677812807737514,0.0037471917515285993,0.22326146625407708,0.9834931769367313,0.14,False
10.684013631784296,0.003747191751526279,0.22326146625396717,0.9834931769367334,0.14,False
10.690214455831082,0.003747191751523959,0.2232614662538573,0.9834931769367354,0.14,False
10.696415279877867,0.0037471917515216387,0.22326146625374735,0.9834931769367375,0.14,False
10.702616103924651,0.0037471917515193185,0.22326146625363746,0.9834931769367395,0.14,False
10.708816927971434,0.003747191751516993,0.22326146625352755,0.9834931769367417,0.14,False
10.715017752018216,0.0037471917515146135,0.2232614662534172,0.983493176936744,0.14,False
10.721218576065,0.0037471917515122044,0.22326146625330656,0.9834931769367464,0.14,False
10.727419400111785,0.0037471917515097966,0.22326146625319593,0.9834931769367486,0.14,False
10.733620224158567,0.003747191751507388,0.2232614662530853,0.9834931769367511,0.14,False
10.739821048205352,0.0037471917515049793,0.22326146625297466,0.9834931769367535,0.14,False
10.746021872252134,0.003747191751502571,0.22326146625285842,0.9834931769367555,0.14,False
10.752222696298919,0.0037471917515001013,0.22326146625271565,0.9834931769367559,0.14,False
10.758423520345705,0.0037471917514975413,0.223261466252552,0.983493176936755,0.14,False
10.764624344392487,0.0037471917514948693,0.22326146625238716,0.9834931769367545,0.14,False
10.77082516843927,0.0037471917514922183,0.22326146625222232,0.9834931769367541,0.14,False
10.777025992486054,0.0037471917514896582,0.2232614662520575,0.9834931769367532,0.14,False
10.783226816532837,0.0037471917514870982,0.22326146625189264,0.9834931769367523,0.14,False
10.789427640579621,0.003747191751484539,0.22326146625172782,0.9834931769367513,0.14,False
10.795628464626406,0.0037471917514819786,0.2232614662515625,0.9834931769367505,0.14,False
10.801829288673188,0.0037471917514794186,0.22326146625139692,0.9834931769367495,0.14,False
10.80803011271997,0.0037471917514768586,0.2232614662512314,0.9834931769367485,0.14,False
10.814230936766757,0.0037471917514743766,0.22326146625106583,0.9834931769367473,0.14,False
10.820431760813541,0.0037471917514720243,0.22326146625088003,0.983493176936744,0.14,False
10.826632584860324,0.0037471917514697094,0.22326146625066184,0.9834931769367382,0.14,False
10.832833408907108,0.0037471917514673944,0.22326146625044208,0.9834931769367322,0.14,False
10.83903423295389,0.0037471917514650794,0.22326146625022233,0.9834931769367263,0.14,False
10.845235057000673,0.0037471917514627644,0.2232614662500026,0.9834931769367203,0.14,False
10.85143588104746,0.0037471917514604494,0.2232614662497828,0.9834931769367143,0.14,False
10.857636705094242,0.0037471917514581344,0.22326146624956236,0.9834931769367083,0.14,False
10.863837529141025,0.0037471917514558194,0.22326146624934187,0.9834931769367024,0.14,False
10.87003835318781,0.0037471917514535044,0.22326146624912072,0.9834931769366964,0.14,False
10.876239177234593,0.003747191751451158,0.22326146624886548,0.9834931769366879,0.14,False
10.882440001281378,0.0037471917514487504,0.22326146624859164,0.9834931769366784,0.14,False
10.888640825328162,0.003747191751446342,0.22326146624831736,0.9834931769366689,0.14,False
10.894841649374944,0.003747191751443936,0.2232614662480427,0.9834931769366593,0.14,False
10.901042473421727,0.003747191751441532,0.2232614662477678,0.9834931769366497,0.14,False
10.907243297468511,0.003747191751439151,0.2232614662474924,0.9834931769366401,0.14,False
10.913444121515296,0.003747191751436836,0.22326146624721702,0.9834931769366301,0.14,False
10.919644945562078,0.003747191751434521,0.223261466246911,0.9834931769366179,0.14,False
10.925845769608863,0.003747191751432206,0.22326146624658147,0.9834931769366039,0.14,False
10.932046593655647,0.003747191751429891,0.22326146624625187,0.9834931769365899,0.14,False
10.93824741770243,0.003747191751427576,0.22326146624592227,0.9834931769365761,0.14,False
10.944448241749216,0.003747191751425261,0.2232614662455921,0.983493176936562,0.14,False
10.950649065795998,0.0037471917514229946,0.22326146624526177,0.9834931769365479,0.14,False
10.95684988984278,0.003747191751420855,0.22326146624489912,0.9834931769365308,0.14,False
10.963050713889565,0.0037471917514186022,0.22326146624451468,0.9834931769365125,0.14,False
10.96925153793635,0.0037471917514163493,0.22326146624413015,0.9834931769364943,0.14,False
10.975452361983132,0.003747191751414094,0.22326146624374543,0.9834931769364762,0.14,False
10.981653186029916,0.0037471917514118407,0.2232614662433602,0.983493176936458,0.14,False
10.987854010076699,0.0037471917514095465,0.2232614662429517,0.9834931769364381,0.14,False
10.994054834123485,0.0037471917514072793,0.22326146624251245,0.983493176936416,0.14,False
11.000255658170268,0.0037471917514053103,0.22326146624207302,0.9834931769363926,0.14,False
11.006456482217052,0.003747191751403254,0.2232614662416333,0.9834931769363695,0.14,False
11.012657306263836,0.0037471917514012845,0.2232614662411921,0.983493176936346,0.14,False
11.018858130310619,0.0037471917513992254,0.22326146624070636,0.9834931769363195,0.14,False
11.025058954357402,0.003747191751397128,0.223261466240212,0.9834931769362928,0.14,False
11.031259778404188,0.0037471917513950317,0.22326146623971763,0.9834931769362658,0.14,False
11.03746060245097,0.0037471917513929305,0.22326146623922238,0.9834931769362389,0.14,False
11.043661426497753,0.003747191751390676,0.22326146623868623,0.9834931769362097,0.14,False
11.049862250544537,0.0037471917513888908,0.22326146623813758,0.9834931769361777,0.14,False
11.056063074591322,0.0037471917513871513,0.22326146623758822,0.9834931769361451,0.14,False
11.062263898638106,0.0037471917513853888,0.22326146623703355,0.9834931769361125,0.14,False
11.06846472268489,0.003747191751383444,0.2232614662364311,0.9834931769360771,0.14,False
11.074665546731673,0.0037471917513815004,0.22326146623582688,0.9834931769360415,0.14,False
11.080866370778455,0.003747191751379556,0.2232614662352223,0.983493176936006,0.14,False
11.08706719482524,0.0037471917513773796,0.22326146623458087,0.9834931769359688,0.14,False
11.093268018872024,0.003747191751375118,0.22326146623392182,0.9834931769359307,0.14,False
11.099468842918807,0.0037471917513732305,0.22326146623326248,0.983493176935891,0.14,False
11.105669666965591,0.0037471917513714594,0.2232614662325728,0.9834931769358485,0.14,False
11.111870491012374,0.003747191751369666,0.2232614662318589,0.9834931769358043,0.14,False
11.118071315059158,0.003747191751367874,0.22326146623114476,0.9834931769357602,0.14,False
11.124272139105944,0.0037471917513658575,0.2232614662303944,0.9834931769357143,0.14,False
11.130472963152727,0.003747191751363748,0.2232614662296256,0.9834931769356675,0.14,False
11.13667378719951,0.0037471917513616252,0.2232614662288553,0.9834931769356208,0.14,False
11.142874611246294,0.0037471917513598064,0.22326146622803608,0.983493176935569,0.14,False
11.149075435293076,0.00374719175135807,0.22326146622721224,0.9834931769355166,0.14,False
11.15527625933986,0.003747191751356247,0.2232614662263653,0.983493176935463,0.14,False
11.161477083386645,0.0037471917513542943,0.2232614662254869,0.9834931769354076,0.14,False
11.167677907433427,0.0037471917513524993,0.22326146622460433,0.9834931769353512,0.14,False
11.173878731480212,0.003747191751350763,0.22326146622367213,0.9834931769352909,0.14,False
11.180079555526996,0.003747191751349027,0.2232614662227384,0.9834931769352305,0.14,False
11.18628037957378,0.0037471917513472643,0.22326146622176096,0.983493176935167,0.14,False
11.192481203620563,0.0037471917513455283,0.22326146622077245,0.9834931769351027,0.14,False
11.198682027667347,0.0037471917513437923,0.22326146621974716,0.9834931769350357,0.14,False
11.20488285171413,0.003747191751342056,0.22326146621870382,0.9834931769349674,0.14,False
11.211083675760912,0.00374719175134032,0.22326146621762594,0.9834931769348966,0.14,False
11.217284499807699,0.003747191751338619,0.2232614662165277,0.9834931769348241,0.14,False
11.223485323854481,0.0037471917513369024,0.2232614662153906,0.9834931769347488,0.14,False
11.229686147901264,0.003747191751335166,0.22326146621423748,0.9834931769346724,0.14,False
11.23588697194805,0.003747191751333479,0.22326146621303627,0.9834931769345924,0.14,False
11.242087795994832,0.003747191751331937,0.2232614662118211,0.9834931769345108,0.14,False
11.248288620041617,0.003747191751330201,0.22326146621055873,0.9834931769344265,0.14,False
11.254489444088401,0.0037471917513284647,0.22326146620927165,0.9834931769343405,0.14,False
11.260690268135184,0.0037471917513270045,0.22326146620795406,0.9834931769342509,0.14,False
11.266891092181966,0.003747191751325386,0.22326146620659276,0.983493176934159,0.14,False
11.27309191622875,0.0037471917513237046,0.22326146620520676,0.9834931769340655,0.14,False
11.279292740275535,0.0037471917513223637,0.22326146620377957,0.9834931769339674,0.14,False
11.285493564322318,0.0037471917513209243,0.22326146620231135,0.983493176933867,0.14,False
11.291694388369102,0.0037471917513193353,0.22326146620081228,0.9834931769337649,0.14,False
11.297895212415886,0.0037471917513181075,0.2232614661992753,0.9834931769336585,0.14,False
11.304096036462669,0.0037471917513167753,0.22326146619768877,0.9834931769335489,0.14,False
11.310296860509455,0.0037471917513152925,0.22326146619606796,0.9834931769334373,0.14,False
11.316497684556238,0.0037471917513141315,0.22326146619440881,0.9834931769333217,0.14,False
11.322698508603022,0.0037471917513129285,0.2232614661927068,0.9834931769332032,0.14,False
11.328899332649804,0.0037471917513115603,0.2232614661909532,0.9834931769330817,0.14,False
11.335100156696587,0.0037471917513104028,0.2232614661891568,0.983493176932956,0.14,False
11.341300980743373,0.003747191751309142,0.22326146618731604,0.9834931769328277,0.14,False
11.347501804790156,0.003747191751307912,0.22326146618543072,0.9834931769326959,0.14,False
11.353702628836938,0.0037471917513067525,0.22326146618349751,0.9834931769325603,0.14,False
11.359903452883724,0.003747191751305501,0.22326146618151482,0.9834931769324216,0.14,False
11.366104276930507,0.0037471917513043416,0.22326146617948114,0.9834931769322788,0.14,False
11.372305100977291,0.003747191751303184,0.2232614661773945,0.9834931769321319,0.14,False
11.378505925024076,0.003747191751302014,0.22326146617525439,0.9834931769319815,0.14,False
11.384706749070858,0.0037471917513008566,0.22326146617306084,0.9834931769318269,0.14,False
11.39090757311764,0.003747191751299699,0.22326146617081136,0.9834931769316684,0.14,False
11.397108397164427,0.0037471917512985416,0.2232614661685043,0.9834931769315057,0.14,False
11.40330922121121,0.003747191751297446,0.22326146616613748,0.9834931769313383,0.14,False
11.409510045257992,0.003747191751296364,0.2232614661637117,0.9834931769311666,0.14,False
11.415710869304776,0.0037471917512953614,0.22326146616122547,0.9834931769309901,0.14,False
11.42191169335156,0.0037471917512944333,0.22326146615867695,0.983493176930809,0.14,False
11.428112517398343,0.0037471917512934693,0.22326146615606543,0.9834931769306231,0.14,False
11.43431334144513,0.0037471917512926964,0.22326146615339024,0.9834931769304319,0.14,False
11.440514165491912,0.0037471917512917462,0.22326146615064493,0.9834931769302365,0.14,False
11.446714989538695,0.0037471917512910866,0.2232614661478287,0.9834931769300345,0.14,False
11.452915813585479,0.003747191751290317,0.2232614661449451,0.9834931769298282,0.14,False
11.459116637632263,0.003747191751289687,0.22326146614199124,0.9834931769296161,0.14,False
11.465317461679046,0.0037471917512890474,0.22326146613895873,0.9834931769293984,0.14,False
11.47151828572583,0.0037471917512884255,0.22326146613585465,0.9834931769291754,0.14,False
11.477719109772615,0.0037471917512878466,0.22326146613267064,0.9834931769289463,0.14,False
11.483919933819397,0.0037471917512872663,0.22326146612940892,0.9834931769287117,0.14,False
11.490120757866183,0.0037471917512866874,0.2232614661260669,0.9834931769284713,0.14,False
11.496321581912966,0.003747191751286109,0.2232614661226396,0.9834931769282246,0.14,False
11.502522405959748,0.00374719175128553,0.22326146611912895,0.9834931769279718,0.14,False
11.508723230006533,0.003747191751284997,0.22326146611553313,0.9834931769277127,0.14,False
11.514924054053315,0.0037471917512845224,0.22326146611184328,0.9834931769274463,0.14,False
11.5211248781001,0.0037471917512841295,0.22326146610806677,0.9834931769271734,0.14,False
11.527325702146884,0.0037471917512838008,0.22326146610419775,0.9834931769268935,0.14,False
11.533526526193667,0.003747191751283633,0.22326146610022857,0.9834931769266057,0.14,False
11.539727350240451,0.0037471917512834833,0.22326146609616462,0.9834931769263108,0.14,False
11.545928174287235,0.0037471917512833437,0.223261466092001,0.9834931769260086,0.14,False
11.55212899833402,0.0037471917512832543,0.22326146608773453,0.9834931769256988,0.14,False
11.558329822380802,0.003747191751283227,0.22326146608336522,0.9834931769253811,0.14,False
11.564530646427587,0.003747191751283227,0.2232614660788872,0.9834931769250554,0.14,False
11.57073147047437,0.003747191751283227,0.2232614660742993,0.9834931769247219,0.14,False
11.576932294521152,0.003747191751283227,0.2232614660695998,0.9834931769243802,0.14,False
11.583133118567938,0.0037471917512832353,0.22326146606478398,0.9834931769240299,0.14,False
11.58933394261472,0.003747191751283313,0.223261466059853,0.9834931769236711,0.14,False
11.595534766661503,0.003747191751283502,0.2232614660548011,0.983493176923303,0.14,False
11.601735590708289,0.003747191751283834,0.22326146604962843,0.9834931769229254,0.14,False
11.607936414755072,0.0037471917512842392,0.22326146604432587,0.983493176922538,0.14,False
11.614137238801858,0.0037471917512847098,0.22326146603889732,0.9834931769221412,0.14,False
11.62033806284864,0.0037471917512852133,0.2232614660333372,0.9834931769217348,0.14,False
11.626538886895423,0.003747191751285762,0.22326146602764094,0.9834931769213182,0.14,False
11.632739710942205,0.003747191751286341,0.22326146602180832,0.9834931769208916,0.14,False
11.63894053498899,0.0037471917512869194,0.22326146601583408,0.9834931769204546,0.14,False
11.645141359035774,0.003747191751287525,0.2232614660097145,0.9834931769200072,0.14,False
11.651342183082559,0.00374719175128817,0.22326146600345,0.9834931769195487,0.14,False
11.657543007129341,0.003747191751289028,0.22326146599703314,0.9834931769190783,0.14,False
11.663743831176125,0.003747191751289964,0.22326146599046168,0.9834931769185966,0.14,False
11.66994465522291,0.0037471917512909934,0.22326146598373198,0.9834931769181028,0.14,False
11.676145479269694,0.0037471917512921214,0.2232614659768415,0.9834931769175969,0.14,False
11.682346303316477,0.003747191751293279,0.22326146596978624,0.9834931769170787,0.14,False
11.688547127363261,0.003747191751294436,0.22326146596256125,0.9834931769165485,0.14,False
11.694747951410044,0.0037471917512956103,0.22326146595516452,0.9834931769160055,0.14,False
11.700948775456826,0.003747191751296892,0.22326146594758936,0.983493176915449,0.14,False
11.707149599503612,0.0037471917512982528,0.22326146593983376,0.9834931769148793,0.14,False
11.713350423550395,0.00374719175129983,0.22326146593189533,0.9834931769142952,0.14,False
11.719551247597177,0.003747191751301495,0.22326146592376572,0.9834931769136968,0.14,False
11.725752071643964,0.0037471917513032314,0.22326146591544369,0.9834931769130842,0.14,False
11.731952895690746,0.0037471917513049674,0.22326146590692342,0.9834931769124571,0.14,False
11.73815371973753,0.0037471917513067273,0.2232614658982014,0.9834931769118153,0.14,False
11.744354543784315,0.003747191751308594,0.22326146588927262,0.983493176911158,0.14,False
11.750555367831097,0.0037471917513105927,0.22326146588013218,0.9834931769104847,0.14,False
11.75675619187788,0.003747191751312778,0.22326146587077617,0.9834931769097949,0.14,False
11.762957015924666,0.0037471917513150856,0.2232614658611988,0.9834931769090884,0.14,False
11.769157839971449,0.0037471917513174006,0.22326146585139522,0.9834931769083655,0.14,False
11.775358664018231,0.0037471917513197156,0.22326146584136106,0.9834931769076258,0.14,False
11.781559488065017,0.003747191751322137,0.22326146583109063,0.9834931769068687,0.14,False
11.7877603121118,0.0037471917513247806,0.22326146582057768,0.9834931769060926,0.14,False
11.793961136158583,0.003747191751327575,0.22326146580981931,0.9834931769052984,0.14,False
11.800161960205369,0.0037471917513304666,0.22326146579880732,0.9834931769044851,0.14,False
11.806362784252151,0.0037471917513333605,0.22326146578753747,0.983493176903653,0.14,False
11.812563608298934,0.003747191751336315,0.22326146577600414,0.9834931769028016,0.14,False
11.818764432345718,0.0037471917513395,0.2232614657642011,0.9834931769019295,0.14,False
11.824965256392503,0.003747191751342854,0.22326146575212222,0.9834931769010367,0.14,False
11.831166080439285,0.003747191751346322,0.22326146573976172,0.9834931769001228,0.14,False
11.83736690448607,0.003747191751349801,0.2232614657271136,0.9834931768991881,0.14,False
11.843567728532854,0.0037471917513533823,0.22326146571417008,0.9834931768982313,0.14,False
11.849768552579636,0.003747191751357178,0.22326146570092684,0.9834931768972519,0.14,False
11.855969376626422,0.003747191751361201,0.22326146568737507,0.983493176896249,0.14,False
11.862170200673205,0.0037471917513652534,0.22326146567350905,0.9834931768952233,0.14,False
11.868371024719988,0.0037471917513693504,0.22326146565932178,0.983493176894174,0.14,False
11.874571848766772,0.0037471917513736573,0.22326146564480587,0.9834931768930997,0.14,False
11.880772672813555,0.003747191751378232,0.22326146562995483,0.9834931768920001,0.14,False
11.886973496860339,0.003747191751382862,0.22326146561476123,0.9834931768908752,0.14,False
11.893174320907123,0.0037471917513875446,0.22326146559921609,0.9834931768897246,0.14,False
11.899375144953906,0.0037471917513924647,0.22326146558331342,0.9834931768885469,0.14,False
11.90557596900069,0.0037471917513976273,0.22326146556704493,0.9834931768873416,0.14,False
11.911776793047474,0.003747191751402839,0.2232614655504017,0.9834931768861088,0.14,False
11.917977617094259,0.0037471917514081557,0.223261465533377,0.9834931768848477,0.14,False
11.924178441141043,0.003747191751413781,0.2232614655159616,0.9834931768835571,0.14,False
11.930379265187826,0.0037471917514195615,0.22326146549814674,0.9834931768822367,0.14,False
11.936580089234608,0.0037471917514253833,0.223261465479925,0.9834931768808864,0.14,False
11.942780913281391,0.0037471917514314674,0.22326146546128595,0.9834931768795048,0.14,False
11.948981737328177,0.0037471917514378126,0.22326146544222195,0.983493176878091,0.14,False
11.95518256137496,0.003747191751444198,0.22326146542272274,0.9834931768766455,0.14,False
11.961383385421744,0.0037471917514508234,0.2232614654027794,0.9834931768751666,0.14,False
11.967584209468528,0.003747191751457728,0.2232614653823825,0.9834931768736535,0.14,False
11.97378503351531,0.003747191751464692,0.22326146536152158,0.9834931768721066,0.14,False
11.979985857562097,0.0037471917514719,0.2232614653401871,0.983493176870524,0.14,False
11.98618668160888,0.003747191751479404,0.22326146531836905,0.9834931768689049,0.14,False
11.992387505655662,0.003747191751486967,0.22326146529605667,0.9834931768672497,0.14,False
11.998588329702446,0.0037471917514948438,0.22326146527323934,0.9834931768655564,0.14,False
12.004789153749229,0.003747191751502943,0.22326146524990603,0.9834931768638246,0.14,False
12.010989977796013,0.003747191751511166,0.2232614652260465,0.9834931768620541,0.14,False
12.017190801842798,0.003747191751519766,0.22326146520164858,0.9834931768602427,0.14,False
12.02339162588958,0.003747191751528459,0.22326146517670115,0.9834931768583911,0.14,False
12.029592449936365,0.003747191751537457,0.2232614651511922,0.9834931768564973,0.14,False
12.035793273983149,0.0037471917515467168,0.22326146512511044,0.9834931768545606,0.14,False
12.041994098029933,0.0037471917515561367,0.2232614650984428,0.9834931768525806,0.14,False
12.048194922076716,0.00374719175156594,0.22326146507117728,0.9834931768505556,0.14,False
12.0543957461235,0.0037471917515758497,0.223261465043301,0.9834931768484857,0.14,False
12.060596570170283,0.003747191751586171,0.2232614650148012,0.9834931768463686,0.14,False
12.066797394217065,0.003747191751596623,0.22326146498566454,0.9834931768442046,0.14,False
12.072998218263852,0.0037471917516074676,0.22326146495587715,0.9834931768419918,0.14,False
12.079199042310634,0.0037471917516184922,0.2232614649254261,0.9834931768397297,0.14,False
12.085399866357418,0.003747191751629894,0.2232614648942965,0.9834931768374167,0.14,False
12.091600690404203,0.003747191751641489,0.2232614648624746,0.9834931768350526,0.14,False
12.097801514450985,0.0037471917516534903,0.22326146482994555,0.9834931768326352,0.14,False
12.10400233849777,0.00374719175166569,0.22326146479669468,0.9834931768301646,0.14,False
12.110203162544554,0.003747191751678307,0.22326146476270636,0.9834931768276385,0.14,False
12.116403986591337,0.00374719175169112,0.22326146472796546,0.9834931768250569,0.14,False
12.12260481063812,0.003747191751704373,0.2232614646924561,0.9834931768224173,0.14,False
12.128805634684904,0.0037471917517178546,0.22326146465616223,0.9834931768197198,0.14,False
12.135006458731688,0.003747191751731739,0.2232614646190674,0.9834931768169624,0.14,False
12.14120728277847,0.0037471917517459636,0.22326146458115467,0.9834931768141439,0.14,False
12.147408106825257,0.0037471917517604802,0.22326146454240717,0.9834931768112636,0.14,False
12.15360893087204,0.003747191751775448,0.2232614645028075,0.9834931768083192,0.14,False
12.159809754918822,0.003747191751790702,0.223261464462338,0.9834931768053105,0.14,False
12.166010578965608,0.003747191751806343,0.2232614644209802,0.9834931768022352,0.14,False
12.17221140301239,0.003747191751822419,0.22326146437871588,0.9834931767990924,0.14,False
12.178412227059173,0.003747191751838808,0.22326146433552607,0.983493176795881,0.14,False
12.184613051105957,0.0037471917518556172,0.2232614642913918,0.9834931767925988,0.14,False
12.190813875152742,0.0037471917518728756,0.22326146424629345,0.9834931767892447,0.14,False
12.197014699199524,0.0037471917518905064,0.22326146420021095,0.9834931767858176,0.14,False
12.203215523246309,0.003747191751908522,0.2232614641531242,0.9834931767823156,0.14,False
12.209416347293093,0.00374719175192702,0.2232614641050123,0.9834931767787369,0.14,False
12.215617171339876,0.003747191751945978,0.22326146405585423,0.9834931767750803,0.14,False
12.22181799538666,0.0037471917519653433,0.22326146400562843,0.9834931767713444,0.14,False
12.228018819433444,0.003747191751985139,0.22326146395431268,0.9834931767675271,0.14,False
12.234219643480227,0.003747191752005435,0.22326146390188492,0.983493176763627,0.14,False
12.240420467527011,0.003747191752026218,0.22326146384832243,0.9834931767596421,0.14,False
12.246621291573794,0.0037471917520474907,0.22326146379360165,0.983493176755571,0.14,False
12.25282211562058,0.003747191752069248,0.22326146373769912,0.9834931767514118,0.14,False
12.259022939667362,0.003747191752091495,0.22326146368059055,0.9834931767471629,0.14,False
12.265223763714145,0.003747191752114256,0.22326146362225127,0.9834931767428222,0.14,False
12.271424587760931,0.0037471917521375376,0.22326146356265641,0.9834931767383879,0.14,False
12.277625411807714,0.0037471917521613627,0.22326146350178022,0.9834931767338579,0.14,False
12.283826235854498,0.0037471917521857408,0.22326146343959677,0.9834931767292308,0.14,False
12.290027059901282,0.003747191752210675,0.2232614633760795,0.9834931767245042,0.14,False
12.296227883948065,0.00374719175223618,0.2232614633112013,0.9834931767196761,0.14,False
12.302428707994848,0.0037471917522622702,0.22326146324493457,0.9834931767147445,0.14,False
12.308629532041632,0.003747191752288959,0.22326146317725104,0.9834931767097073,0.14,False
12.314830356088416,0.0037471917523162384,0.2232614631081225,0.9834931767045624,0.14,False
12.321031180135199,0.0037471917523441483,0.22326146303751945,0.9834931766993077,0.14,False
12.327232004181983,0.003747191752372689,0.2232614629654122,0.9834931766939408,0.14,False
12.333432828228768,0.003747191752401868,0.22326146289177065,0.9834931766884595,0.14,False
12.33963365227555,0.0037471917524316916,0.2232614628165638,0.9834931766828617,0.14,False
12.345834476322336,0.003747191752462168,0.22326146273976016,0.983493176677145,0.14,False
12.352035300369119,0.003747191752493327,0.22326146266132776,0.9834931766713068,0.14,False
12.358236124415901,0.003747191752525209,0.22326146258123392,0.9834931766653446,0.14,False
12.364436948462686,0.003747191752557803,0.22326146249944534,0.9834931766592562,0.14,False
12.370637772509468,0.003747191752591097,0.2232614624159282,0.9834931766530391,0.14,False
12.376838596556253,0.0037471917526251106,0.2232614623306479,0.9834931766466906,0.14,False
12.383039420603037,0.003747191752659916,0.22326146224356916,0.9834931766402079,0.14,False
12.389240244649821,0.0037471917526954793,0.22326146215465645,0.9834931766335886,0.14,False
12.395441068696604,0.00374719175273179,0.22326146206387315,0.9834931766268301,0.14,False
12.401641892743388,0.0037471917527689457,0.22326146197118218,0.9834931766199291,0.14,False
12.407842716790173,0.0037471917528068797,0.22326146187654555,0.9834931766128833,0.14,False
12.414043540836955,0.003747191752845649,0.22326146177992462,0.9834931766056895,0.14,False
12.42024436488374,0.0037471917528852754,0.22326146168128033,0.983493176598345,0.14,False
12.426445188930522,0.0037471917529257478,0.2232614615805726,0.9834931765908467,0.14,False
12.432646012977305,0.003747191752967112,0.22326146147776058,0.9834931765831916,0.14,False
12.43884683702409,0.0037471917530093684,0.2232614613728028,0.9834931765753766,0.14,False
12.445047661070873,0.0037471917530525214,0.22326146126565696,0.9834931765673985,0.14,False
12.451248485117658,0.0037471917530966445,0.22326146115628007,0.9834931765592541,0.14,False
12.457449309164442,0.003747191753141676,0.2232614610446282,0.9834931765509404,0.14,False
12.463650133211225,0.003747191753187693,0.22326146093065666,0.9834931765424536,0.14,False
12.469850957258009,0.0037471917532347124,0.22326146081432002,0.9834931765337905,0.14,False
12.476051781304793,0.003747191753282718,0.22326146069557176,0.9834931765249477,0.14,False
12.482252605351576,0.0037471917533317424,0.22326146057436508,0.9834931765159219,0.14,False
12.488453429398358,0.0037471917533818217,0.22326146045065176,0.9834931765067092,0.14,False
12.494654253445143,0.0037471917534329783,0.22326146032438304,0.983493176497306,0.14,False
12.500855077491927,0.0037471917534852204,0.22326146019550894,0.9834931764877086,0.14,False
12.50705590153871,0.0037471917535385666,0.22326146006397873,0.9834931764779133,0.14,False
12.513256725585496,0.003747191753593043,0.22326145992974084,0.9834931764679163,0.14,False
12.519457549632278,0.003747191753648668,0.22326145979274276,0.9834931764577135,0.14,False
12.525658373679061,0.0037471917537054643,0.2232614596529308,0.9834931764473012,0.14,False
12.531859197725847,0.0037471917537634544,0.22326145951025048,0.983493176436675,0.14,False
12.53806002177263,0.0037471917538226605,0.22326145936464642,0.983493176425831,0.14,False
12.544260845819412,0.0037471917538831187,0.22326145921606189,0.9834931764147649,0.14,False
12.550461669866197,0.0037471917539448557,0.2232614590644395,0.9834931764034721,0.14,False
12.556662493912981,0.003747191754007881,0.2232614589097209,0.9834931763919489,0.14,False
12.562863317959764,0.003747191754072201,0.22326145875184633,0.9834931763801904,0.14,False
12.569064142006548,0.003747191754137877,0.223261458590755,0.9834931763681922,0.14,False
12.575264966053332,0.003747191754204929,0.22326145842638537,0.9834931763559496,0.14,False
12.581465790100117,0.00374719175427335,0.22326145825867452,0.9834931763434582,0.14,False
12.5876666141469,0.003747191754343219,0.22326145808755798,0.9834931763307129,0.14,False
12.593867438193683,0.0037471917544145065,0.2232614579129714,0.9834931763177089,0.14,False
12.600068262240468,0.0037471917544873025,0.2232614577348479,0.9834931763044416,0.14,False
12.60626908628725,0.003747191754561573,0.22326145755312024,0.9834931762909055,0.14,False
12.612469910334033,0.0037471917546373842,0.2232614573677195,0.9834931762770956,0.14,False
12.618670734380819,0.003747191754714772,0.22326145717857576,0.9834931762630069,0.14,False
12.624871558427602,0.003747191754793735,0.22326145698561783,0.983493176248634,0.14,False
12.631072382474386,0.0037471917548743128,0.22326145678877346,0.9834931762339715,0.14,False
12.63727320652117,0.0037471917549565426,0.22326145658796873,0.9834931762190137,0.14,False
12.643474030567953,0.0037471917550404616,0.22326145638312847,0.9834931762037553,0.14,False
12.649674854614736,0.003747191755126092,0.22326145617417673,0.9834931761881905,0.14,False
12.655875678661522,0.0037471917552134686,0.22326145596103578,0.9834931761723136,0.14,False
12.662076502708304,0.003747191755302628,0.22326145574362605,0.9834931761561184,0.14,False
12.668277326755087,0.0037471917553936057,0.22326145552186744,0.9834931761395991,0.14,False
12.674478150801871,0.0037471917554864264,0.2232614552956779,0.9834931761227498,0.14,False
12.680678974848655,0.0037471917555811185,0.22326145506497413,0.9834931761055641,0.14,False
12.686879798895438,0.0037471917556777326,0.2232614548296713,0.9834931760880355,0.14,False
12.693080622942224,0.003747191755776313,0.22326145458968316,0.9834931760701578,0.14,False
12.699281446989007,0.00374719175587686,0.22326145434492198,0.9834931760519244,0.14,False
12.70548227103579,0.00374719175597946,0.22326145409529846,0.9834931760333288,0.14,False
12.711683095082575,0.0037471917560840985,0.2232614538407218,0.983493176014364,0.14,False
12.717883919129358,0.0037471917561908543,0.2232614535810991,0.9834931759950232,0.14,False
12.72408474317614,0.003747191756299758,0.22326145331633676,0.9834931759752993,0.14,False
12.730285567222925,0.0037471917564108333,0.22326145304633893,0.9834931759551853,0.14,False
12.736486391269707,0.0037471917565241276,0.22326145277100823,0.9834931759346739,0.14,False
12.742687215316492,0.0037471917566396845,0.22326145249024495,0.9834931759137577,0.14,False
12.748888039363276,0.003747191756757553,0.22326145220394944,0.9834931758924292,0.14,False
12.75508886341006,0.0037471917568777735,0.2232614519120184,0.9834931758706807,0.14,False
12.761289687456843,0.0037471917570003834,0.22326145161434768,0.9834931758485045,0.14,False
12.767490511503627,0.0037471917571254266,0.22326145131083167,0.9834931758258928,0.14,False
12.773691335550412,0.0037471917572529457,0.22326145100136202,0.9834931758028375,0.14,False
12.779892159597194,0.0037471917573830057,0.22326145068582903,0.9834931757793302,0.14,False
12.786092983643979,0.0037471917575156192,0.22326145036412093,0.9834931757553628,0.14,False
12.792293807690761,0.003747191757650874,0.22326145003612405,0.9834931757309266,0.14,False
12.798494631737544,0.003747191757788778,0.22326144970172304,0.9834931757060132,0.14,False
12.80469545578433,0.003747191757929409,0.22326144936080045,0.9834931756806141,0.14,False
12.810896279831113,0.003747191758072813,0.22326144901323672,0.9834931756547198,0.14,False
12.817097103877897,0.003747191758219027,0.22326144865890987,0.9834931756283216,0.14,False
12.823297927924681,0.00374719175836811,0.223261448297697,0.9834931756014104,0.14,False
12.829498751971464,0.003747191758520113,0.22326144792947228,0.9834931755739765,0.14,False
12.835699576018248,0.003747191758675087,0.22326144755410757,0.9834931755460107,0.14,False
12.841900400065033,0.003747191758833099,0.2232614471714729,0.983493175517503,0.14,False
12.848101224111815,0.003747191758994197,0.22326144678143592,0.9834931754884437,0.14,False
12.854302048158598,0.0037471917591584223,0.22326144638386264,0.9834931754588229,0.14,False
12.860502872205382,0.0037471917593258565,0.2232614459786159,0.9834931754286301,0.14,False
12.866703696252166,0.0037471917594965377,0.22326144556555672,0.9834931753978553,0.14,False
12.872904520298949,0.0037471917596705287,0.2232614451445438,0.9834931753664877,0.14,False
12.879105344345735,0.003747191759847898,0.22326144471543355,0.9834931753345167,0.14,False
12.885306168392518,0.003747191760028703,0.22326144427807937,0.9834931753019315,0.14,False
12.891506992439302,0.003747191760213002,0.22326144383233237,0.9834931752687206,0.14,False
12.897707816486086,0.0037471917604008655,0.2232614433780422,0.9834931752348733,0.14,False
12.903908640532869,0.0037471917605923495,0.22326144291505506,0.9834931752003778,0.14,False
12.910109464579653,0.003747191760787509,0.22326144244321441,0.9834931751652227,0.14,False
12.916310288626436,0.003747191760986441,0.22326144196236192,0.9834931751293958,0.14,False
12.922511112673218,0.003747191761189179,0.22326144147233526,0.9834931750928855,0.14,False
12.928711936720005,0.00374719176139581,0.22326144097297068,0.9834931750556791,0.14,False
12.934912760766789,0.0037471917616064047,0.22326144046410132,0.9834931750177646,0.14,False
12.941113584813571,0.0037471917618210255,0.22326143994555764,0.983493174979129,0.14,False
12.947314408860356,0.003747191762039747,0.2232614394171672,0.9834931749397599,0.14,False
12.953515232907138,0.0037471917622626536,0.2232614388787543,0.9834931748996437,0.14,False
12.959716056953923,0.0037471917624898017,0.22326143833014095,0.9834931748587674,0.14,False
12.965916881000707,0.003747191762721272,0.22326143777114585,0.9834931748171175,0.14,False
12.97211770504749,0.003747191762957137,0.2232614372015849,0.9834931747746803,0.14,False
12.978318529094272,0.0037471917631974896,0.22326143662127046,0.9834931747314417,0.14,False
12.984519353141058,0.0037471917634423974,0.22326143603001253,0.9834931746873876,0.14,False
12.990720177187841,0.0037471917636919443,0.2232614354276184,0.9834931746425036,0.14,False
12.996921001234625,0.0037471917639462058,0.22326143481389096,0.9834931745967753,0.14,False
13.00312182528141,0.003747191764205282,0.22326143418863048,0.9834931745501873,0.14,False
13.009322649328192,0.0037471917644692375,0.22326143355163378,0.9834931745027248,0.14,False
13.015523473374975,0.0037471917647381734,0.22326143290269435,0.9834931744543723,0.14,False
13.02172429742176,0.0037471917650121656,0.22326143224160286,0.9834931744051143,0.14,False
13.027925121468543,0.0037471917652913077,0.22326143156814562,0.9834931743549349,0.14,False
13.034125945515326,0.0037471917655756922,0.2232614308821069,0.9834931743038178,0.14,False
13.04032676956211,0.0037471917658654036,0.22326143018326575,0.9834931742517468,0.14,False
13.046527593608895,0.0037471917661605404,0.22326142947139874,0.9834931741987051,0.14,False
13.052728417655677,0.003747191766461196,0.2232614287462786,0.9834931741446757,0.14,False
13.058929241702463,0.0037471917667674746,0.2232614280076747,0.9834931740896415,0.14,False
13.065130065749246,0.003747191767079464,0.22326142725535128,0.983493174033585,0.14,False
13.071330889796029,0.0037471917673972646,0.22326142648907057,0.9834931739764884,0.14,False
13.077531713842815,0.0037471917677209753,0.22326142570859003,0.9834931739183337,0.14,False
13.083732537889597,0.003747191768050711,0.2232614249136634,0.9834931738591024,0.14,False
13.08993336193638,0.0037471917683865592,0.22326142410404062,0.9834931737987761,0.14,False
13.096134185983164,0.0037471917687286324,0.2232614232794671,0.9834931737373357,0.14,False
13.102335010029947,0.0037471917690770394,0.22326142243968497,0.9834931736747617,0.14,False
13.108535834076731,0.0037471917694318923,0.22326142158443132,0.983493173611035,0.14,False
13.114736658123515,0.003747191769793295,0.2232614207134402,0.9834931735461356,0.14,False
13.1209374821703,0.003747191770161365,0.22326141982644038,0.9834931734800432,0.14,False
13.127138306217082,0.003747191770536212,0.2232614189231566,0.9834931734127373,0.14,False
13.133339130263867,0.003747191770917965,0.22326141800330948,0.9834931733441972,0.14,False
13.139539954310651,0.0037471917713067333,0.22326141706661487,0.9834931732744016,0.14,False
13.145740778357434,0.0037471917717026323,0.22326141611278466,0.9834931732033291,0.14,False
13.151941602404218,0.0037471917721057946,0.22326141514152548,0.9834931731309576,0.14,False
13.158142426451,0.0037471917725163334,0.22326141415253975,0.9834931730572654,0.14,False
13.164343250497783,0.003747191772934381,0.2232614131455259,0.9834931729822296,0.14,False
13.17054407454457,0.0037471917733600613,0.22326141212017442,0.9834931729058276,0.14,False
13.176744898591352,0.0037471917737935114,0.22326141107617495,0.9834931728280357,0.14,False
13.182945722638138,0.003747191774234858,0.22326141001321054,0.9834931727488306,0.14,False
13.18914654668492,0.0037471917746842343,0.223261408930959,0.9834931726681883,0.14,False
13.195347370731703,0.0037471917751417836,0.22326140782909365,0.9834931725860844,0.14,False
13.20154819477849,0.0037471917756076354,0.22326140670728223,0.9834931725024941,0.14,False
13.207749018825272,0.003747191776081933,0.22326140556518773,0.9834931724173924,0.14,False
13.213949842872054,0.003747191776564817,0.22326140440246747,0.9834931723307536,0.14,False
13.220150666918839,0.0037471917770564365,0.22326140321877372,0.9834931722425521,0.14,False
13.226351490965621,0.0037471917775569333,0.22326140201375314,0.9834931721527611,0.14,False
13.232552315012406,0.0037471917780664667,0.22326140078704707,0.9834931720613543,0.14,False
13.238753139059192,0.00374719177858518,0.22326139953829102,0.9834931719683042,0.14,False
13.244953963105974,0.003747191779113223,0.22326139826711502,0.9834931718735835,0.14,False
13.251154787152757,0.003747191779650763,0.2232613969731435,0.9834931717771641,0.14,False
13.257355611199541,0.003747191780197951,0.22326139565599493,0.9834931716790176,0.14,False
13.263556435246326,0.0037471917807549468,0.223261394315282,0.9834931715791152,0.14,False
13.269757259293108,0.003747191781321917,0.22326139295061107,0.9834931714774274,0.14,False
13.275958083339892,0.0037471917818990346,0.2232613915615834,0.9834931713739246,0.14,False
13.282158907386675,0.003747191782486463,0.22326139014779234,0.9834931712685763,0.14,False
13.288359731433458,0.0037471917830843725,0.22326138870882706,0.9834931711613522,0.14,False
13.294560555480244,0.0037471917836929417,0.22326138724426925,0.983493171052221,0.14,False
13.300761379527028,0.003747191784312346,0.2232613857536944,0.983493170941151,0.14,False
13.30696220357381,0.003747191784942764,0.2232613842366714,0.9834931708281102,0.14,False
13.313163027620595,0.0037471917855843736,0.22326138269276408,0.9834931707130657,0.14,False
13.319363851667378,0.0037471917862373612,0.2232613811215246,0.9834931705959848,0.14,False
13.325564675714162,0.003747191786901913,0.22326137952250477,0.9834931704768337,0.14,False
13.331765499760946,0.003747191787578227,0.2232613778952465,0.9834931703555783,0.14,False
13.337966323807729,0.003747191788266491,0.22326137623928485,0.9834931702321839,0.14,False
13.344167147854511,0.003747191788966907,0.22326137455414807,0.9834931701066154,0.14,False
13.350367971901296,0.003747191789679663,0.22326137283935693,0.9834931699788372,0.14,False
13.35656879594808,0.003747191790404974,0.22326137109442543,0.9834931698488129,0.14,False
13.362769619994864,0.0037471917911430347,0.22326136931885973,0.9834931697165059,0.14,False
13.368970444041649,0.0037471917918940572,0.22326136751215866,0.9834931695818786,0.14,False
13.375171268088431,0.003747191792658258,0.22326136567381455,0.9834931694448934,0.14,False
13.381372092135214,0.003747191793435856,0.223261363803311,0.9834931693055116,0.14,False
13.387572916182,0.0037471917942270543,0.22326136190012366,0.9834931691636943,0.14,False
13.393773740228783,0.0037471917950320866,0.22326135996372107,0.983493169019402,0.14,False
13.399974564275565,0.0037471917958511723,0.22326135799356386,0.9834931688725942,0.14,False
13.40617538832235,0.0037471917966845365,0.22326135598910365,0.9834931687232302,0.14,False
13.412376212369134,0.0037471917975324173,0.22326135394978505,0.9834931685712687,0.14,False
13.418577036415916,0.0037471917983950467,0.22326135187504348,0.9834931684166673,0.14,False
13.424777860462703,0.003747191799272662,0.22326134976430737,0.9834931682593839,0.14,False
13.430978684509485,0.0037471918001655076,0.22326134761699395,0.9834931680993748,0.14,False
13.437179508556268,0.0037471918010738257,0.22326134543251436,0.983493167936596,0.14,False
13.443380332603052,0.0037471918019978644,0.22326134321027014,0.9834931677710032,0.14,False
13.449581156649836,0.0037471918029378824,0.22326134094965422,0.9834931676025508,0.14,False
13.455781980696619,0.0037471918038941288,0.22326133865005005,0.9834931674311932,0.14,False
13.461982804743403,0.0037471918048668736,0.22326133631083256,0.9834931672568836,0.14,False
13.468183628790186,0.0037471918058563742,0.22326133393136705,0.9834931670795749,0.14,False
13.47438445283697,0.0037471918068629037,0.22326133151101002,0.983493166899219,0.14,False
13.480585276883755,0.0037471918078867306,0.22326132904910737,0.9834931667157669,0.14,False
13.486786100930539,0.0037471918089281423,0.22326132654499667,0.9834931665291698,0.14,False
13.492986924977322,0.003747191809987401,0.22326132399800544,0.9834931663393772,0.14,False
13.499187749024106,0.003747191811064797,0.2232613214074508,0.9834931661463383,0.14,False
13.50538857307089,0.0037471918121606174,0.2232613187726409,0.9834931659500016,0.14,False
13.511589397117675,0.0037471918132751577,0.22326131609287336,0.9834931657503148,0.14,False
13.517790221164457,0.0037471918144087045,0.2232613133674349,0.9834931655472245,0.14,False
13.52399104521124,0.0037471918155615688,0.22326131059560275,0.9834931653406772,0.14,False
13.530191869258022,0.0037471918167340506,0.22326130777664382,0.983493165130618,0.14,False
13.536392693304808,0.003747191817926463,0.2232613049098133,0.9834931649169916,0.14,False
13.542593517351593,0.003747191819139123,0.22326130199435706,0.9834931646997415,0.14,False
13.548794341398377,0.0037471918203723456,0.22326129902950834,0.983493164478811,0.14,False
13.55499516544516,0.0037471918216264513,0.22326129601449077,0.9834931642541418,0.14,False
13.561195989491942,0.003747191822901775,0.22326129294851624,0.9834931640256753,0.14,False
13.567396813538728,0.0037471918241986446,0.22326128983078541,0.9834931637933522,0.14,False
13.573597637585511,0.003747191825517403,0.22326128666048742,0.9834931635571117,0.14,False
13.579798461632294,0.0037471918268583925,0.22326128343679996,0.9834931633168927,0.14,False
13.585999285679078,0.003747191828221961,0.22326128015888974,0.9834931630726331,0.14,False
13.59220010972586,0.003747191829608454,0.22326127682590713,0.9834931628242698,0.14,False
13.598400933772645,0.003747191831018232,0.22326127343699656,0.9834931625717387,0.14,False
13.604601757819431,0.0037471918324516545,0.22326126999128704,0.983493162314975,0.14,False
13.610802581866214,0.0037471918339090937,0.22326126648789604,0.9834931620539129,0.14,False
13.617003405912996,0.003747191835390918,0.22326126292592804,0.9834931617884859,0.14,False
13.62320422995978,0.0037471918368975057,0.22326125930447444,0.983493161518626,0.14,False
13.629405054006565,0.0037471918384292422,0.22326125562261498,0.9834931612442648,0.14,False
13.635605878053347,0.0037471918399865196,0.22326125187941548,0.9834931609653327,0.14,False
13.641806702100132,0.0037471918415697305,0.22326124807392786,0.9834931606817587,0.14,False
13.648007526146914,0.0037471918431792985,0.2232612442051927,0.9834931603934718,0.14,False
13.654208350193697,0.0037471918448155907,0.22326124027223507,0.983493160100399,0.14,False
13.660409174240483,0.003747191846479027,0.22326123627406758,0.9834931598024669,0.14,False
13.666609998287267,0.003747191848170025,0.22326123220968852,0.9834931594996009,0.14,False
13.67281082233405,0.003747191849889013,0.2232612280780824,0.9834931591917253,0.14,False
13.679011646380834,0.003747191851636419,0.2232612238782189,0.9834931588787631,0.14,False
13.685212470427617,0.003747191853412671,0.22326121960905387,0.9834931585606368,0.14,False
13.691413294474401,0.0037471918552182135,0.22326121526952847,0.9834931582372672,0.14,False
13.697614118521185,0.003747191857053499,0.22326121085856881,0.9834931579085745,0.14,False
13.703814942567968,0.003747191858918976,0.22326120637508612,0.9834931575744775,0.14,False
13.71001576661475,0.0037471918608151036,0.22326120181797807,0.983493157234894,0.14,False
13.716216590661535,0.0037471918627423515,0.22326119718612294,0.9834931568897406,0.14,False
13.72241741470832,0.0037471918647011956,0.22326119247838852,0.9834931565389327,0.14,False
13.728618238755104,0.0037471918666921048,0.223261187693624,0.9834931561823845,0.14,False
13.734819062801888,0.003747191868715567,0.22326118283066335,0.9834931558200095,0.14,False
13.74101988684867,0.0037471918707720764,0.223261177888324,0.9834931554517191,0.14,False
13.747220710895453,0.003747191872862125,0.22326117286540795,0.9834931550774243,0.14,False
13.75342153494224,0.003747191874986236,0.22326116776069876,0.9834931546970344,0.14,False
13.759622358989022,0.0037471918771449096,0.22326116257296666,0.9834931543104577,0.14,False
13.765823183035804,0.0037471918793386817,0.22326115730096266,0.9834931539176013,0.14,False
13.772024007082589,0.0037471918815680685,0.22326115194342105,0.9834931535183704,0.14,False
13.778224831129373,0.0037471918838336005,0.22326114649905845,0.9834931531126699,0.14,False
13.784425655176156,0.0037471918861358136,0.22326114096657512,0.9834931527004029,0.14,False
13.790626479222942,0.0037471918884752578,0.22326113534465303,0.983493152281471,0.14,False
13.796827303269724,0.0037471918908524937,0.22326112963195446,0.9834931518557746,0.14,False
13.803028127316507,0.0037471918932680875,0.2232611238271278,0.9834931514232128,0.14,False
13.809228951363291,0.003747191895722608,0.22326111792879932,0.9834931509836833,0.14,False
13.815429775410076,0.003747191898216635,0.22326111193557768,0.9834931505370827,0.14,False
13.82163059945686,0.0037471919007507543,0.22326110584605355,0.9834931500833056,0.14,False
13.827831423503643,0.0037471919033255597,0.22326109965879765,0.9834931496222459,0.14,False
13.834032247550425,0.0037471919059416502,0.22326109337236086,0.9834931491537953,0.14,False
13.840233071597211,0.0037471919085996495,0.2232610869852767,0.9834931486778444,0.14,False
13.846433895643996,0.0037471919113001677,0.22326108049605736,0.9834931481942827,0.14,False
13.852634719690778,0.00374719191404383,0.2232610739031952,0.9834931477029976,0.14,False
13.858835543737563,0.0037471919168312823,0.22326106720516262,0.9834931472038753,0.14,False
13.865036367784345,0.0037471919196631616,0.22326106040041202,0.9834931466968005,0.14,False
13.87123719183113,0.00374719192254012,0.22326105348737424,0.9834931461816565,0.14,False
13.877438015877914,0.0037471919254628257,0.22326104646445932,0.9834931456583244,0.14,False
13.883638839924696,0.003747191928431944,0.22326103933005717,0.9834931451266844,0.14,False
13.889839663971479,0.003747191931448158,0.22326103208253537,0.983493144586615,0.14,False
13.896040488018263,0.003747191934512152,0.22326102472024023,0.9834931440379927,0.14,False
13.902241312065048,0.0037471919376246264,0.22326101724149572,0.9834931434806927,0.14,False
13.908442136111832,0.0037471919407862904,0.2232610096446039,0.9834931429145887,0.14,False
13.914642960158616,0.003747191943997851,0.22326100192784484,0.9834931423395521,0.14,False
13.920843784205399,0.00374719194726003,0.223260994089475,0.9834931417554534,0.14,False
13.927044608252181,0.0037471919505735643,0.22326098612772777,0.9834931411621608,0.14,False
13.933245432298968,0.003747191953939259,0.22326097804081504,0.9834931405595408,0.14,False
13.93944625634575,0.0037471919573578358,0.22326096982692253,0.9834931399474584,0.14,False
13.945647080392533,0.003747191960830021,0.2232609614842156,0.983493139325777,0.14,False
13.951847904439317,0.0037471919643566,0.22326095301083299,0.9834931386943576,0.14,False
13.9580487284861,0.00374719196793836,0.22326094440488944,0.9834931380530602,0.14,False
13.964249552532884,0.003747191971576094,0.22326093566447563,0.9834931374017422,0.14,False
13.97045037657967,0.003747191975270612,0.22326092678765672,0.9834931367402593,0.14,False
13.976651200626453,0.0037471919790227327,0.22326091777247434,0.9834931360684659,0.14,False
13.982852024673235,0.003747191982833286,0.2232609086169431,0.9834931353862136,0.14,False
13.98905284872002,0.0037471919867031055,0.2232608993190524,0.9834931346933531,0.14,False
13.995253672766804,0.003747191990633041,0.22326088987676546,0.9834931339897323,0.14,False
14.001454496813587,0.0037471919946239465,0.22326088028801894,0.9834931332751974,0.14,False
14.007655320860371,0.0037471919986766943,0.22326087055072305,0.9834931325495927,0.14,False
14.013856144907153,0.0037471920027921635,0.2232608606627618,0.9834931318127608,0.14,False
14.020056968953936,0.0037471920069712538,0.22326085062199144,0.9834931310645415,0.14,False
14.026257793000722,0.003747192011214869,0.22326084042623992,0.9834931303047733,0.14,False
14.032458617047507,0.0037471920155239227,0.22326083007330866,0.983493129533292,0.14,False
14.038659441094289,0.003747192019899336,0.22326081956096983,0.983493128749932,0.14,False
14.044860265141073,0.0037471920243420495,0.22326080888696725,0.983493127954525,0.14,False
14.051061089187856,0.0037471920288530123,0.22326079804901702,0.9834931271469007,0.14,False
14.05726191323464,0.003747192033433198,0.2232607870448054,0.9834931263268868,0.14,False
14.063462737281425,0.0037471920380835896,0.22326077587198911,0.9834931254943086,0.14,False
14.069663561328207,0.003747192042805156,0.22326076452819507,0.9834931246489893,0.14,False
14.07586438537499,0.0037471920475989073,0.22326075301102014,0.9834931237907497,0.14,False
14.082065209421774,0.003747192052465851,0.22326074131803128,0.9834931229194087,0.14,False
14.088266033468559,0.003747192057407012,0.22326072944676362,0.9834931220347826,0.14,False
14.094466857515343,0.003747192062423431,0.22326071739472172,0.9834931211366852,0.14,False
14.100667681562127,0.0037471920675161588,0.2232607051593799,0.9834931202249284,0.14,False
14.10686850560891,0.0037471920726862605,0.22326069273817914,0.9834931192993218,0.14,False
14.113069329655692,0.003747192077934823,0.22326068012852718,0.9834931183596717,0.14,False
14.119270153702479,0.003747192083262937,0.22326066732780286,0.9834931174057832,0.14,False
14.125470977749261,0.003747192088671697,0.22326065433334963,0.9834931164374582,0.14,False
14.131671801796044,0.0037471920941622295,0.22326064114247843,0.9834931154544961,0.14,False
14.137872625842828,0.003747192099735664,0.2232606277524651,0.9834931144566942,0.14,False
14.14407344988961,0.003747192105393154,0.2232606141605538,0.9834931134438469,0.14,False
14.150274273936398,0.003747192111135854,0.22326060036395368,0.9834931124157464,0.14,False
14.156475097983181,0.0037471921169649385,0.22326058635983861,0.9834931113721821,0.14,False
14.162675922029964,0.0037471921228816175,0.2232605721453481,0.9834931103129408,0.14,False
14.168876746076748,0.0037471921288870814,0.22326055771758602,0.9834931092378065,0.14,False
14.17507757012353,0.003747192134982556,0.22326054307362145,0.9834931081465609,0.14,False
14.181278394170315,0.0037471921411692684,0.22326052821048362,0.9834931070389827,0.14,False
14.1874792182171,0.003747192147448477,0.22326051312516879,0.9834931059148481,0.14,False
14.193680042263882,0.0037471921538214477,0.2232604978146361,0.9834931047739304,0.14,False
14.199880866310664,0.003747192160289462,0.22326048227580586,0.9834931036159998,0.14,False
14.20608169035745,0.003747192166853821,0.22326046650556114,0.9834931024408246,0.14,False
14.212282514404235,0.0037471921735158366,0.22326045050074744,0.9834931012481694,0.14,False
14.218483338451017,0.003747192180276833,0.22326043425817124,0.983493100037796,0.14,False
14.224684162497802,0.003747192187138153,0.2232604177745992,0.9834930988094639,0.14,False
14.230884986544584,0.0037471921941011612,0.22326040104675987,0.9834930975629291,0.14,False
14.237085810591367,0.003747192201167229,0.22326038407134163,0.9834930962979449,0.14,False
14.243286634638153,0.003747192208337774,0.22326036684499284,0.9834930950142614,0.14,False
14.249487458684936,0.0037471922156142386,0.22326034936432043,0.9834930937116256,0.14,False
14.255688282731718,0.0037471922229979967,0.22326033162589148,0.9834930923897819,0.14,False
14.261889106778503,0.0037471922304905033,0.22326031362623083,0.9834930910484714,0.14,False
14.268089930825287,0.003747192238093224,0.22326029536182165,0.9834930896874319,0.14,False
14.274290754872071,0.0037471922458076432,0.22326027682910435,0.9834930883063981,0.14,False
14.280491578918856,0.0037471922536352533,0.22326025802447613,0.9834930869051016,0.14,False
14.286692402965638,0.0037471922615775854,0.2232602389442927,0.9834930854832709,0.14,False
14.29289322701242,0.003747192269636173,0.22326021958486447,0.9834930840406306,0.14,False
14.299094051059207,0.003747192277812567,0.22326019994245885,0.9834930825769033,0.14,False
14.30529487510599,0.0037471922861083374,0.2232601800132972,0.9834930810918067,0.14,False
14.311495699152772,0.0037471922945250713,0.22326015979355715,0.9834930795850563,0.14,False
14.317696523199556,0.003747192303064398,0.2232601392793707,0.9834930780563639,0.14,False
14.323897347246339,0.0037471923117279302,0.22326011846682328,0.9834930765054375,0.14,False
14.330098171293123,0.0037471923205173174,0.22326009735195348,0.983493074931982,0.14,False
14.33629899533991,0.003747192329434231,0.2232600759307542,0.983493073335699,0.14,False
14.342499819386692,0.0037471923384803612,0.22326005419917117,0.9834930717162862,0.14,False
14.348700643433475,0.0037471923476574327,0.22326003215310072,0.9834930700734376,0.14,False
14.354901467480259,0.0037471923569671493,0.22326000978839167,0.983493068406844,0.14,False
14.361102291527043,0.003747192366411269,0.22325998710084372,0.9834930667161926,0.14,False
14.367303115573826,0.003747192375991557,0.22325996408620682,0.9834930650011664,0.14,False
14.37350393962061,0.0037471923857098047,0.22325994074018354,0.9834930632614453,0.14,False
14.379704763667393,0.0037471923955678193,0.22325991705842332,0.9834930614967049,0.14,False
14.385905587714175,0.003747192405567441,0.22325989303652552,0.9834930597066173,0.14,False
14.392106411760961,0.0037471924157105167,0.22325986867003814,0.983493057890851,0.14,False
14.398307235807746,0.0037471924259989413,0.2232598439544582,0.98349305604907,0.14,False
14.404508059854528,0.003747192436434586,0.22325981888522956,0.9834930541809349,0.14,False
14.410708883901313,0.0037471924470193745,0.22325979345774266,0.9834930522861025,0.14,False
14.416909707948095,0.0037471924577552524,0.223259767667336,0.9834930503642251,0.14,False
14.42311053199488,0.0037471924686441785,0.22325974150929362,0.9834930484149512,0.14,False
14.429311356041664,0.0037471924796881285,0.22325971497884373,0.9834930464379255,0.14,False
14.435512180088446,0.0037471924908891747,0.22325968807116256,0.9834930444327881,0.14,False
14.441713004135229,0.00374719250224928,0.22325966078136575,0.9834930423991752,0.14,False
14.447913828182013,0.003747192513770511,0.2232596331045179,0.9834930403367191,0.14,False
14.4541146522288,0.0037471925254549485,0.22325960503562478,0.9834930382450477,0.14,False
14.460315476275584,0.003747192537304706,0.22325957656963513,0.9834930361237842,0.14,False
14.466516300322366,0.0037471925493219043,0.2232595477014397,0.9834930339725482,0.14,False
14.472717124369149,0.0037471925615086936,0.22325951842587166,0.9834930317909544,0.14,False
14.478917948415933,0.003747192573867249,0.22325948873770476,0.9834930295786134,0.14,False
14.485118772462718,0.003747192586399778,0.2232594586316539,0.9834930273351314,0.14,False
14.4913195965095,0.0037471925991084984,0.22325942810237198,0.9834930250601098,0.14,False
14.497520420556285,0.0037471926119956663,0.22325939714445428,0.9834930227531459,0.14,False
14.503721244603067,0.003747192625063558,0.22325936575243424,0.9834930204138322,0.14,False
14.50992206864985,0.0037471926383144823,0.2232593339207804,0.9834930180417565,0.14,False
14.516122892696638,0.003747192651750753,0.22325930164390223,0.9834930156365024,0.14,False
14.52232371674342,0.0037471926653747253,0.223259268916146,0.9834930131976483,0.14,False
14.528524540790203,0.003747192679188775,0.22325923573179313,0.9834930107247681,0.14,False
14.534725364836987,0.003747192693195334,0.22325920208506103,0.9834930082174308,0.14,False
14.54092618888377,0.0037471927073968185,0.223259167970104,0.9834930056752008,0.14,False
14.547127012930554,0.0037471927217956912,0.22325913338100958,0.9834930030976375,0.14,False
14.553327836977338,0.0037471927363944436,0.22325909831179927,0.9834930004842953,0.14,False
14.559528661024121,0.0037471927511955887,0.22325906275642907,0.9834929978347239,0.14,False
14.565729485070904,0.0037471927662016684,0.22325902670878595,0.9834929951484676,0.14,False
14.57193030911769,0.0037471927814152423,0.22325899016269024,0.9834929924250658,0.14,False
14.578131133164474,0.0037471927968389736,0.22325895311189392,0.983492989664053,0.14,False
14.584331957211257,0.0037471928124754336,0.22325891555007943,0.9834929868649581,0.14,False
14.590532781258041,0.003747192828327289,0.22325887747085985,0.9834929840273056,0.14,False
14.596733605304824,0.0037471928443972356,0.22325883886777678,0.9834929811506138,0.14,False
14.602934429351606,0.0037471928606879873,0.22325879973430202,0.9834929782343963,0.14,False
14.609135253398392,0.003747192877202296,0.2232587600638352,0.9834929752781612,0.14,False
14.615336077445175,0.0037471928939429326,0.22325871984970397,0.9834929722814112,0.14,False
14.621536901491957,0.003747192910912715,0.22325867908516142,0.9834929692436435,0.14,False
14.627737725538742,0.003747192928114482,0.22325863776338814,0.9834929661643499,0.14,False
14.633938549585526,0.003747192945551099,0.22325859587749045,0.9834929630430167,0.14,False
14.64013937363231,0.0037471929632254693,0.2232585534204993,0.9834929598791243,0.14,False
14.646340197679095,0.0037471929811405203,0.2232585103853699,0.983492956672148,0.14,False
14.652541021725877,0.0037471929992992196,0.22325846676498062,0.9834929534215567,0.14,False
14.65874184577266,0.0037471930177045707,0.22325842255213424,0.9834929501268143,0.14,False
14.664942669819446,0.003747193036359593,0.22325837773955343,0.9834929467873782,0.14,False
14.671143493866229,0.003747193055267353,0.22325833231988357,0.9834929434027003,0.14,False
14.677344317913011,0.0037471930744309412,0.2232582862856916,0.983492939972227,0.14,False
14.683545141959796,0.0037471930938534825,0.22325823962946253,0.9834929364953977,0.14,False
14.689745966006578,0.0037471931135381773,0.22325819234360264,0.9834929329716467,0.14,False
14.695946790053362,0.003747193133488182,0.22325814442043562,0.9834929294004021,0.14,False
14.702147614100149,0.0037471931537067316,0.22325809585220355,0.9834929257810854,0.14,False
14.708348438146931,0.0037471931741970914,0.22325804663106613,0.9834929221131123,0.14,False
14.714549262193714,0.00374719319496256,0.22325799674909744,0.9834929183958924,0.14,False
14.720750086240498,0.0037471932160064707,0.22325794619828954,0.9834929146288285,0.14,False
14.726950910287282,0.0037471932373321893,0.22325789497054818,0.9834929108113176,0.14,False
14.733151734334065,0.0037471932589431237,0.22325784305769514,0.9834929069427502,0.14,False
14.73935255838085,0.003747193280842757,0.223257790451463,0.9834929030225098,0.14,False
14.745553382427632,0.0037471933030345213,0.22325773714349761,0.9834928990499741,0.14,False
14.751754206474414,0.003747193325521934,0.22325768312535998,0.9834928950245141,0.14,False
14.7579550305212,0.0037471933483085467,0.22325762838851887,0.9834928909454937,0.14,False
14.764155854567985,0.0037471933713979495,0.22325757292435375,0.983492886812271,0.14,False
14.77035667861477,0.0037471933947937665,0.22325751672415417,0.9834928826241963,0.14,False
14.776557502661552,0.0037471934184996614,0.22325745977911857,0.9834928783806138,0.14,False
14.782758326708334,0.003747193442519369,0.22325740208035408,0.9834928740808607,0.14,False
14.78895915075512,0.0037471934668565914,0.22325734361887445,0.9834928697242672,0.14,False
14.795159974801903,0.0037471934915151153,0.2232572843855992,0.9834928653101566,0.14,False
14.801360798848686,0.003747193516498763,0.2232572243713547,0.983492860837845,0.14,False
14.80756162289547,0.0037471935418113985,0.2232571635668713,0.9834928563066418,0.14,False
14.813762446942253,0.0037471935674569163,0.22325710196278437,0.983492851715849,0.14,False
14.819963270989039,0.003747193593439259,0.22325703954963283,0.9834928470647614,0.14,False
14.826164095035823,0.003747193619762402,0.223256976317855,0.9834928423526662,0.14,False
14.832364919082606,0.0037471936464303704,0.22325691225779437,0.9834928375788439,0.14,False
14.838565743129388,0.003747193673447223,0.22325684735969392,0.983492832742567,0.14,False
14.844766567176173,0.0037471937008170617,0.223256781613696,0.9834928278431013,0.14,False
14.850967391222957,0.0037471937285440313,0.22325671500984237,0.9834928228797041,0.14,False
14.85716821526974,0.003747193756632318,0.22325664753807095,0.9834928178516257,0.14,False
14.863369039316524,0.0037471937850861656,0.22325657918822384,0.9834928127581088,0.14,False
14.869569863363306,0.0037471938139098542,0.22325650995003268,0.9834928075983883,0.14,False
14.875770687410089,0.003747193843107678,0.22325643981312704,0.9834928023716912,0.14,False
14.881971511456877,0.003747193872684002,0.2232563687670322,0.9834927970772368,0.14,False
14.88817233550366,0.0037471939026432386,0.22325629680116646,0.9834927917142361,0.14,False
14.894373159550442,0.0037471939329898484,0.22325622390484065,0.9834927862818927,0.14,False
14.900573983597226,0.0037471939637283022,0.2232561500672586,0.9834927807794022,0.14,False
14.906774807644009,0.0037471939948631504,0.22325607527751606,0.9834927752059512,0.14,False
14.912975631690793,0.0037471940263989825,0.22325599952459887,0.9834927695607192,0.14,False
14.919176455737578,0.0037471940583404337,0.2232559227973821,0.9834927638428769,0.14,False
14.92537727978436,0.0037471940906921757,0.22325584508462815,0.9834927580515865,0.14,False
14.931578103831143,0.0037471941234589225,0.2232557663749894,0.9834927521860027,0.14,False
14.937778927877927,0.0037471941566454845,0.2232556866570046,0.9834927462452707,0.14,False
14.943979751924713,0.0037471941902566352,0.2232556059190975,0.9834927402285281,0.14,False
14.950180575971496,0.0037471942242972467,0.22325552414957817,0.9834927341349032,0.14,False
14.95638140001828,0.003747194258772257,0.22325544133663824,0.9834927279635161,0.14,False
14.962582224065063,0.0037471942936866142,0.22325535746835518,0.9834927217134781,0.14,False
14.968783048111845,0.003747194329045335,0.22325527253268776,0.9834927153838917,0.14,False
14.974983872158631,0.0037471943648534783,0.22325518651747536,0.9834927089738502,0.14,False
14.981184696205414,0.003747194401116159,0.22325509941044028,0.983492702482439,0.14,False
14.987385520252197,0.0037471944378385377,0.22325501119918167,0.9834926959087334,0.14,False
14.993586344298981,0.003747194475025829,0.22325492187117732,0.9834926892518,0.14,False
14.999787168345765,0.0037471945126833117,0.22325483141378333,0.9834926825106963,0.14,False
15.005987992392548,0.0037471945508162816,0.22325473981423236,0.983492675684471,0.14,False
15.012188816439332,0.003747194589430108,0.22325464705963158,0.9834926687721629,0.14,False
15.018389640486115,0.0037471946285302124,0.22325455313696357,0.9834926617728015,0.14,False
15.024590464532897,0.003747194668122063,0.22325445803308536,0.9834926546854074,0.14,False
15.030791288579685,0.0037471947082111877,0.22325436173472538,0.9834926475089911,0.14,False
15.03699211262647,0.0037471947488031732,0.22325426422848482,0.9834926402425542,0.14,False
15.043192936673254,0.003747194789903645,0.2232541655008341,0.9834926328850878,0.14,False
15.049393760720037,0.0037471948315182893,0.22325406553811486,0.9834926254355743,0.14,False
15.055594584766819,0.0037471948736528472,0.22325396432653707,0.9834926178929851,0.14,False
15.061795408813602,0.0037471949163131297,0.22325386185217658,0.9834926102562829,0.14,False
15.067996232860388,0.003747194959504962,0.2232537581009786,0.9834926025244196,0.14,False
15.07419705690717,0.0037471950032342623,0.22325365305875297,0.9834925946963379,0.14,False
15.080397880953955,0.0037471950475069958,0.22325354671117437,0.9834925867709694,0.14,False
15.086598705000737,0.003747195092329184,0.2232534390437802,0.9834925787472366,0.14,False
15.092799529047522,0.0037471951377068963,0.22325333004197132,0.9834925706240508,0.14,False
15.099000353094306,0.0037471951836462723,0.22325321969100936,0.9834925624003137,0.14,False
15.105201177141089,0.003747195230153503,0.22325310797601888,0.9834925540749162,0.14,False
15.111402001187871,0.0037471952772349035,0.22325299488198078,0.9834925456467386,0.14,False
15.117602825234655,0.0037471953248967285,0.2232528803937369,0.9834925371146511,0.14,False
15.12380364928144,0.0037471953731453393,0.22325276449598594,0.9834925284775132,0.14,False
15.130004473328222,0.00374719542198716,0.22325264717328105,0.9834925197341733,0.14,False
15.136205297375007,0.00374719547142869,0.22325252841003304,0.9834925108834693,0.14,False
15.14240612142179,0.0037471955214764805,0.22325240819050637,0.9834925019242283,0.14,False
15.148606945468572,0.0037471955721371454,0.22325228649881756,0.9834924928552662,0.14,False
15.15480776951536,0.003747195623417358,0.22325216331893588,0.983492483675388,0.14,False
15.161008593562144,0.003747195675323854,0.2232520386346832,0.9834924743833875,0.14,False
15.167209417608927,0.0037471957278634497,0.22325191242972875,0.9834924649780474,0.14,False
15.173410241655711,0.0037471957810429873,0.22325178468759244,0.9834924554581392,0.14,False
15.179611065702494,0.0037471958348694033,0.22325165539164168,0.9834924458224229,0.14,False
15.185811889749278,0.0037471958893496703,0.22325152452508906,0.9834924360696471,0.14,False
15.192012713796062,0.0037471959444908545,0.22325139207099523,0.9834924261985488,0.14,False
15.198213537842845,0.003747196000300064,0.22325125801226395,0.9834924162078537,0.14,False
15.204414361889627,0.00374719605678447,0.22325112233164246,0.9834924060962756,0.14,False
15.210615185936412,0.0037471961139513626,0.2232509850117196,0.9834923958625165,0.14,False
15.216816009983196,0.0037471961718080283,0.22325084603492606,0.9834923855052664,0.14,False
15.223016834029979,0.0037471962303618446,0.22325070538353245,0.9834923750232037,0.14,False
15.229217658076763,0.003747196289620264,0.22325056303964924,0.983492364414995,0.14,False
15.235418482123546,0.003747196349590798,0.2232504189852234,0.9834923536792939,0.14,False
15.241619306170328,0.0037471964102810426,0.22325027320203922,0.9834923428147427,0.14,False
15.247820130217114,0.0037471964716986315,0.22325012567171473,0.983492331819971,0.14,False
15.254020954263897,0.0037471965338513147,0.2232499763757052,0.9834923206935959,0.14,False
15.26022177831068,0.003747196596746849,0.22324982529529713,0.9834923094342226,0.14,False
15.266422602357464,0.0037471966603931104,0.2232496724116094,0.9834922980404434,0.14,False
15.272623426404248,0.0037471967247980228,0.22324951770559187,0.9834922865108379,0.14,False
15.278824250451034,0.0037471967899695975,0.2232493611580248,0.9834922748439732,0.14,False
15.285025074497819,0.0037471968559159136,0.22324920274951554,0.9834922630384035,0.14,False
15.291225898544601,0.003747196922645102,0.22324904246050054,0.9834922510926701,0.14,False
15.297426722591384,0.003747196990165384,0.2232488802712405,0.9834922390053016,0.14,False
15.303627546638168,0.003747197058485049,0.22324871616182446,0.9834922267748132,0.14,False
15.309828370684953,0.0037471971276124578,0.22324855011216282,0.9834922143997072,0.14,False
15.316029194731735,0.0037471971975560512,0.22324838210198877,0.9834922018784725,0.14,False
15.32223001877852,0.003747197268324338,0.2232482121108577,0.9834921892095849,0.14,False
15.328430842825302,0.0037471973399259093,0.22324804011814492,0.9834921763915067,0.14,False
15.334631666872085,0.0037471974123694284,0.22324786610304506,0.9834921634226862,0.14,False
15.34083249091887,0.003747197485663625,0.22324769004457018,0.983492150301559,0.14,False
15.347033314965653,0.003747197559817307,0.22324751192155046,0.9834921370265465,0.14,False
15.353234139012436,0.003747197634839405,0.22324733171263003,0.9834921235960562,0.14,False
15.35943496305922,0.0037471977107388418,0.22324714939626727,0.9834921100084824,0.14,False
15.365635787106005,0.0037471977875246686,0.22324696495073562,0.9834920962622046,0.14,False
15.371836611152787,0.00374719786520603,0.22324677835411902,0.9834920823555889,0.14,False
15.378037435199571,0.0037471979437921103,0.22324658958431057,0.983492068286987,0.14,False
15.384238259246354,0.003747198023292195,0.22324639861901796,0.9834920540547365,0.14,False
15.390439083293137,0.003747198103715651,0.22324620543575177,0.9834920396571607,0.14,False
15.396639907339924,0.003747198185071916,0.2232460100118303,0.9834920250925682,0.14,False
15.402840731386709,0.003747198267370523,0.22324581232438045,0.9834920103592534,0.14,False
15.409041555433493,0.003747198350621064,0.22324561235033097,0.9834919954554959,0.14,False
15.415242379480276,0.003747198434833232,0.22324541006641488,0.983491980379561,0.14,False
15.421443203527058,0.003747198520016797,0.22324520544916723,0.9834919651296988,0.14,False
15.427644027573843,0.003747198606181604,0.22324499847492374,0.9834919497041446,0.14,False
15.433844851620627,0.0037471986933375915,0.2232447891198196,0.983491934101119,0.14,False
15.44004567566741,0.003747198781494787,0.22324457735978762,0.9834919183188271,0.14,False
15.446246499714194,0.003747198870663289,0.22324436317055907,0.9834919023554594,0.14,False
15.452447323760977,0.003747198960853276,0.22324414652765992,0.9834918862091908,0.14,False
15.458648147807759,0.003747199052075028,0.2232439274064112,0.9834918698781807,0.14,False
15.464848971854545,0.003747199144338905,0.22324370578192637,0.9834918533605735,0.14,False
15.471049795901328,0.0037471992376553647,0.2232434816291125,0.9834918366544978,0.14,False
15.47725061994811,0.0037471993320349352,0.2232432549226655,0.9834918197580665,0.14,False
15.483451443994895,0.003747199427488233,0.2232430256370705,0.9834918026693771,0.14,False
15.489652268041679,0.0037471995240259673,0.2232427937466031,0.983491785386511,0.14,False
15.495853092088462,0.003747199621658949,0.2232425592253229,0.9834917679075336,0.14,False
15.502053916135246,0.003747199720398055,0.22324232204707678,0.9834917502304946,0.14,False
15.508254740182029,0.003747199820254263,0.2232420821854955,0.9834917323534275,0.14,False
15.514455564228811,0.0037471999212386428,0.2232418396139924,0.9834917142743491,0.14,False
15.520656388275599,0.0037472000233623416,0.22324159430576318,0.983491695991261,0.14,False
15.526857212322383,0.0037472001266366742,0.22324134623378367,0.9834916775021469,0.14,False
15.533058036369166,0.00374720023107293,0.22324109537080808,0.9834916588049756,0.14,False
15.53925886041595,0.003747200336682536,0.2232408416893692,0.9834916398976978,0.14,False
15.545459684462733,0.003747200443477017,0.2232405851617763,0.9834916207782491,0.14,False
15.551660508509515,0.00374720055146801,0.22324032576011266,0.9834916014445467,0.14,False
15.557861332556302,0.003747200660667233,0.22324006345623787,0.983491581894492,0.14,False
15.564062156603084,0.003747200771086489,0.22323979822178197,0.9834915621259691,0.14,False
15.570262980649867,0.0037472008827376876,0.22323953002814648,0.9834915421368448,0.14,False
15.576463804696651,0.0037472009956328275,0.22323925884650342,0.9834915219249689,0.14,False
15.582664628743435,0.003747201109784015,0.22323898464779315,0.983491501488174,0.14,False
15.588865452790218,0.003747201225203434,0.22323870740272342,0.9834914808242752,0.14,False
15.595066276837002,0.0037472013419033844,0.22323842708176636,0.9834914599310701,0.14,False
15.601267100883785,0.0037472014598962577,0.22323814365516223,0.9834914388063387,0.14,False
15.607467924930567,0.00374720157919455,0.2232378570929113,0.9834914174478434,0.14,False
15.613668748977354,0.003747201699810838,0.2232375673647783,0.983491395853329,0.14,False
15.619869573024136,0.0037472018217578106,0.22323727444028738,0.983491374020522,0.14,False
15.626070397070919,0.003747201945048252,0.22323697828872044,0.9834913519471311,0.14,False
15.632271221117703,0.003747202069695065,0.22323667887912055,0.9834913296308471,0.14,False
15.63847204516449,0.0037472021957112183,0.22323637618028533,0.9834913070693422,0.14,False
15.644672869211272,0.003747202323109816,0.22323607016076796,0.9834912842602709,0.14,False
15.650873693258058,0.0037472024519040474,0.22323576078887705,0.9834912612012688,0.14,False
15.65707451730484,0.0037472025821072116,0.22323544803267187,0.9834912378899534,0.14,False
15.663275341351623,0.003747202713732706,0.22323513185996322,0.9834912143239232,0.14,False
15.669476165398407,0.0037472028467940444,0.22323481223831373,0.9834911905007583,0.14,False
15.675676989445192,0.003747202981304836,0.22323448913503344,0.98349116641802,0.14,False
15.681877813491974,0.003747203117278787,0.22323416251717929,0.9834911420732508,0.14,False
15.688078637538759,0.003747203254729719,0.22323383235155328,0.9834911174639738,0.14,False
15.694279461585541,0.0037472033936715495,0.2232334986047049,0.9834910925876934,0.14,False
15.700480285632324,0.0037472035341183287,0.2232331612429248,0.9834910674418947,0.14,False
15.70668110967911,0.0037472036760841914,0.22323282023224633,0.9834910420240437,0.14,False
15.712881933725892,0.0037472038195833827,0.22323247553844214,0.9834910163315865,0.14,False
15.719082757772675,0.003747203964630277,0.22323212712702575,0.9834909903619501,0.14,False
15.72528358181946,0.0037472041112393334,0.2232317749632478,0.9834909641125418,0.14,False
15.731484405866242,0.0037472042594251134,0.22323141901209412,0.9834909375807492,0.14,False
15.737685229913028,0.0037472044092023153,0.2232310592382887,0.9834909107639404,0.14,False
15.74388605395981,0.00374720456058573,0.22323069560628567,0.9834908836594628,0.14,False
15.750086878006593,0.003747204713590275,0.22323032808027546,0.9834908562646446,0.14,False
15.756287702053376,0.0037472048682309703,0.22322995662417652,0.9834908285767936,0.14,False
15.762488526100164,0.0037472050245229488,0.2232295812016386,0.9834908005931973,0.14,False
15.768689350146948,0.0037472051824814453,0.2232292017760395,0.9834907723111229,0.14,False
15.774890174193732,0.0037472053421218343,0.22322881831048336,0.9834907437278174,0.14,False
15.781090998240515,0.0037472055034595774,0.22322843076780086,0.9834907148405071,0.14,False
15.787291822287298,0.0037472056665102645,0.22322803911054667,0.9834906856463976,0.14,False
15.793492646334082,0.0037472058312896187,0.22322764330099795,0.9834906561426741,0.14,False
15.799693470380866,0.003747205997813479,0.22322724330115506,0.9834906263265003,0.14,False
15.805894294427649,0.003747206166097737,0.22322683907273677,0.9834905961950199,0.14,False
15.812095118474433,0.003747206336158456,0.22322643057718158,0.983490565745355,0.14,False
15.818295942521216,0.0037472065080118096,0.22322601777564569,0.9834905349746067,0.14,False
15.824496766567998,0.0037472066816740908,0.22322560062900218,0.9834905038798548,0.14,False
15.830697590614784,0.0037472068571617117,0.22322517909783743,0.9834904724581578,0.14,False
15.836898414661567,0.0037472070344911905,0.22322475314245221,0.9834904407065528,0.14,False
15.84309923870835,0.0037472072136791753,0.22322432272285916,0.9834904086220553,0.14,False
15.849300062755134,0.0037472073947424278,0.22322388779878113,0.9834903762016594,0.14,False
15.855500886801918,0.0037472075776978555,0.22322344832965324,0.983490343442337,0.14,False
15.8617017108487,0.003747207762562454,0.22322300427461483,0.9834903103410386,0.14,False
15.867902534895485,0.003747207949353366,0.22322255559251541,0.9834902768946925,0.14,False
15.874103358942268,0.00374720813808784,0.2232221022419074,0.9834902431002049,0.14,False
15.880304182989054,0.0037472083287832534,0.22322164418104853,0.9834902089544603,0.14,False
15.886505007035838,0.0037472085214571064,0.22322118136789923,0.9834901744543202,0.14,False
15.892705831082623,0.0037472087161270306,0.22322071376012048,0.9834901395966245,0.14,False
15.898906655129405,0.003747208912810767,0.22322024131507398,0.9834901043781898,0.14,False
15.90510747917619,0.003747209111526211,0.2232197639898207,0.9834900687958112,0.14,False
15.911308303222972,0.0037472093122913547,0.22321928174111894,0.9834900328462602,0.14,False
15.917509127269755,0.0037472095151243187,0.2232187945254211,0.9834899965262863,0.14,False
15.92370995131654,0.0037472097200433744,0.22321830229887715,0.9834899598326154,0.14,False
15.929910775363323,0.003747209927066892,0.22321780501732924,0.9834899227619511,0.14,False
15.936111599410106,0.0037472101362133895,0.2232173026363097,0.9834898853109734,0.14,False
15.94231242345689,0.0037472103475015037,0.22321679511104453,0.9834898474763395,0.14,False
15.948513247503675,0.0037472105609500043,0.2232162823964472,0.9834898092546831,0.14,False
15.954714071550457,0.003747210776577801,0.22321576444712146,0.9834897706426148,0.14,False
15.960914895597242,0.0037472109944039268,0.22321524121735506,0.9834897316367215,0.14,False
15.967115719644024,0.003747211214447526,0.22321471266112294,0.9834896922335665,0.14,False
15.973316543690807,0.003747211436727899,0.22321417873208502,0.9834896524296897,0.14,False
15.979517367737593,0.00374721166126447,0.22321363938358138,0.9834896122216071,0.14,False
15.985718191784375,0.0037472118880767886,0.22321309456863447,0.9834895716058107,0.14,False
15.991919015831158,0.0037472121171845223,0.22321254423994982,0.983489530578769,0.14,False
15.998119839877942,0.0037472123486075926,0.22321198834990783,0.9834894891369254,0.14,False
16.00432066392473,0.003747212582365873,0.22321142685056888,0.9834894472767001,0.14,False
16.010521487971513,0.003747212818479471,0.22321085969366883,0.983489404994489,0.14,False
16.016722312018295,0.0037472130569686153,0.22321028683061833,0.9834893622866632,0.14,False
16.02292313606508,0.0037472132978536733,0.2232097082125029,0.9834893191495696,0.14,False
16.029123960111864,0.0037472135411551473,0.22320912379007965,0.9834892755795305,0.14,False
16.035324784158647,0.003747213786893669,0.22320853351377876,0.9834892315728434,0.14,False
16.041525608205433,0.00374721403509002,0.22320793733369618,0.9834891871257813,0.14,False
16.047726432252215,0.003747214285765105,0.22320733519960032,0.983489142234592,0.14,False
16.053927256298998,0.0037472145389399864,0.2232067270609246,0.9834890968954989,0.14,False
16.06012808034578,0.0037472147946358437,0.22320611286676845,0.9834890511046994,0.14,False
16.066328904392563,0.00374721505287401,0.22320549256589925,0.9834890048583671,0.14,False
16.07252972843935,0.0037472153136759575,0.2232048661067454,0.9834889581526491,0.14,False
16.07873055248613,0.003747215577063293,0.22320423343739673,0.983488910983668,0.14,False
16.084931376532914,0.003747215843057786,0.22320359450560676,0.9834888633475204,0.14,False
16.091132200579697,0.0037472161116813086,0.22320294925878623,0.9834888152402778,0.14,False
16.097333024626483,0.003747216382955905,0.22320229764400587,0.9834887666579857,0.14,False
16.103533848673266,0.0037472166569037534,0.2232016396079935,0.9834887175966643,0.14,False
16.109734672720048,0.0037472169335471673,0.2232009750971322,0.9834886680523077,0.14,False
16.115935496766834,0.003747217212908609,0.2232003040574598,0.983488618020884,0.14,False
16.122136320813617,0.0037472174950107045,0.22319962643467053,0.9834885674983356,0.14,False
16.128337144860403,0.003747217779876201,0.2231989421741077,0.9834885164805786,0.14,False
16.13453796890719,0.0037472180675280006,0.22319825122076867,0.9834884649635028,0.14,False
16.14073879295397,0.003747218357989137,0.2231975535192987,0.9834884129429723,0.14,False
16.146939617000754,0.00374721865128281,0.22319684901399173,0.983488360414824,0.14,False
16.153140441047537,0.0037472189474323406,0.22319613764878912,0.9834883073748688,0.14,False
16.15934126509432,0.003747219246461248,0.22319541936728113,0.9834882538188912,0.14,False
16.165542089141105,0.003747219548393152,0.22319469411269977,0.9834881997426481,0.14,False
16.171742913187888,0.003747219853251824,0.22319396182792517,0.9834881451418712,0.14,False
16.17794373723467,0.003747220161061191,0.22319322245547674,0.9834880900122642,0.14,False
16.184144561281453,0.003747220471845336,0.22319247593751673,0.9834880343495042,0.14,False
16.19034538532824,0.003747220785628489,0.22319172221584846,0.9834879781492412,0.14,False
16.196546209375022,0.003747221102435022,0.2231909612319128,0.9834879214070982,0.14,False
16.202747033421808,0.0037472214222894775,0.22319019292679085,0.983487864118671,0.14,False
16.20894785746859,0.0037472217452165285,0.22318941724120064,0.983487806279528,0.14,False
16.215148681515373,0.0037472220712410067,0.22318863411549503,0.9834877478852104,0.14,False
16.22134950556216,0.003747222400387899,0.22318784348966222,0.9834876889312318,0.14,False
16.227550329608942,0.0037472227326823386,0.22318704530332437,0.9834876294130784,0.14,False
16.233751153655724,0.003747223068149613,0.22318623949573646,0.9834875693262085,0.14,False
16.239951977702507,0.003747223406815176,0.22318542600578428,0.983487508666053,0.14,False
16.246152801749293,0.0037472237487046066,0.22318460477198337,0.9834874474280146,0.14,False
16.252353625796076,0.003747224093843675,0.22318377573248038,0.9834873856074687,0.14,False
16.258554449842862,0.0037472244422582747,0.22318293882504767,0.983487323199762,0.14,False
16.264755273889644,0.0037472247939744686,0.2231820939870868,0.9834872602002135,0.14,False
16.270956097936427,0.003747225149018466,0.22318124115562474,0.9834871966041142,0.14,False
16.277156921983213,0.0037472255074166593,0.22318038026731243,0.9834871324067266,0.14,False
16.283357746029996,0.003747225869195555,0.2231795112584261,0.983487067603285,0.14,False
16.289558570076778,0.0037472262343818618,0.22317863406486538,0.9834870021889951,0.14,False
16.295759394123564,0.003747226603002397,0.22317774862214937,0.9834869361590347,0.14,False
16.301960218170347,0.003747226975084192,0.22317685486541794,0.9834868695085521,0.14,False
16.30816104221713,0.0037472273506544067,0.22317595272943447,0.9834868022326679,0.14,False
16.314361866263916,0.0037472277297403464,0.22317504214857736,0.9834867343264735,0.14,False
16.320562690310698,0.0037472281123694887,0.22317412305684345,0.9834866657850313,0.14,False
16.32676351435748,0.0037472284985694665,0.22317319538784686,0.9834865966033753,0.14,False
16.332964338404263,0.003747228888368088,0.2231722590748181,0.9834865267765102,0.14,False
16.339165162451046,0.0037472292817933065,0.22317131405060164,0.9834864562994119,0.14,False
16.345365986497832,0.0037472296788732336,0.22317036024765458,0.9834863851670269,0.14,False
16.351566810544615,0.003747230079636163,0.22316939759804907,0.9834863133742726,0.14,False
16.357767634591397,0.003747230484110528,0.223168426033468,0.9834862409160373,0.14,False
16.36396845863818,0.003747230892324936,0.2231674454852042,0.9834861677871798,0.14,False
16.37016928268497,0.003747231304308155,0.22316645588416223,0.9834860939825293,0.14,False
16.376370106731752,0.003747231720089101,0.22316545716085448,0.983486019496886,0.14,False
16.382570930778535,0.0037472321396968783,0.22316444924540244,0.9834859443250199,0.14,False
16.38877175482532,0.003747232563160737,0.22316343206753328,0.983485868461672,0.14,False
16.394972578872103,0.0037472329905100985,0.22316240555658295,0.9834857919015529,0.14,False
16.401173402918886,0.0037472334217745445,0.22316136964149066,0.9834857146393442,0.14,False
16.407374226965672,0.0037472338569838263,0.22316032425080093,0.9834856366696968,0.14,False
16.413575051012455,0.0037472342961678514,0.22315926931266186,0.9834855579872325,0.14,False
16.419775875059237,0.0037472347393566964,0.22315820475482398,0.9834854785865422,0.14,False
16.42597669910602,0.003747235186580615,0.22315713050464014,0.9834853984621874,0.14,False
16.432177523152802,0.003747235637870033,0.2231560464890653,0.9834853176086994,0.14,False
16.43837834719959,0.003747236093255501,0.2231549526346535,0.9834852360205788,0.14,False
16.44457917124637,0.0037472365527677705,0.22315384886755854,0.9834851536922966,0.14,False
16.450779995293153,0.0037472370164377457,0.22315273511353356,0.983485070618293,0.14,False
16.456980819339936,0.0037472374842965122,0.2231516112979282,0.9834849867929781,0.14,False
16.463181643386722,0.003747237956375319,0.2231504773456905,0.983484902210731,0.14,False
16.469382467433505,0.0037472384327055606,0.22314933318136365,0.9834848168659011,0.14,False
16.475583291480287,0.0037472389133188333,0.2231481787290884,0.9834847307528063,0.14,False
16.481784115527073,0.0037472393982468854,0.22314701391259867,0.9834846438657344,0.14,False
16.48798493957386,0.003747239887521647,0.2231458386552232,0.9834845561989424,0.14,False
16.494185763620642,0.003747240381175197,0.22314465287988416,0.9834844677466565,0.14,False
16.50038658766743,0.003747240879239791,0.22314345650909562,0.983484378503072,0.14,False
16.50658741171421,0.0037472413817478674,0.22314224946496414,0.9834842884623531,0.14,False
16.512788235760993,0.003747241888732016,0.22314103166918783,0.9834841976186336,0.14,False
16.518989059807776,0.003747242400225005,0.223139803043054,0.9834841059660155,0.14,False
16.52518988385456,0.0037472429162597864,0.22313856350744155,0.9834840134985706,0.14,False
16.531390707901345,0.0037472434368694516,0.22313731298281778,0.9834839202103388,0.14,False
16.537591531948127,0.003747243962087318,0.22313605138923878,0.9834838260953291,0.14,False
16.54379235599491,0.0037472444919468147,0.22313477864634906,0.9834837311475194,0.14,False
16.549993180041696,0.003747245026481556,0.22313349467337992,0.9834836353608564,0.14,False
16.55619400408848,0.0037472455657253474,0.22313219938914905,0.9834835387292549,0.14,False
16.56239482813526,0.00374724610971216,0.22313089271206257,0.9834834412465988,0.14,False
16.568595652182047,0.0037472466584761396,0.223129574560109,0.9834833429067403,0.14,False
16.57479647622883,0.003747247212051597,0.22312824485086508,0.9834832437035005,0.14,False
16.580997300275612,0.0037472477704730256,0.22312690350148937,0.9834831436306684,0.14,False
16.5871981243224,0.00374724833377508,0.2231255504287251,0.9834830426820015,0.14,False
16.59339894836918,0.003747248901992602,0.22312418554889946,0.9834829408512259,0.14,False
16.599599772415964,0.003747249475160593,0.22312280877792362,0.9834828381320361,0.14,False
16.605800596462746,0.0037472500533142386,0.22312142003128912,0.9834827345180944,0.14,False
16.612001420509532,0.0037472506364888934,0.22312001922407024,0.9834826300030317,0.14,False
16.618202244556315,0.0037472512247200915,0.22311860627092212,0.983482524580447,0.14,False
16.6244030686031,0.0037472518180435344,0.22311718108608267,0.9834824182439073,0.14,False
16.630603892649884,0.0037472524164951096,0.22311574358336922,0.9834823109869475,0.14,False
16.636804716696666,0.0037472530201108465,0.22311429367617952,0.9834822028030715,0.14,False
16.643005540743452,0.0037472536289270123,0.22311283127748985,0.98348209368575,0.14,False
16.649206364790235,0.003747254242979991,0.2231113562998571,0.9834819836284221,0.14,False
16.655407188837017,0.0037472548623063546,0.2231098686554173,0.9834818726244954,0.14,False
16.661608012883804,0.0037472554869428703,0.223108368255884,0.9834817606673444,0.14,False
16.667808836930586,0.003747256116926455,0.2231068550125502,0.9834816477503125,0.14,False
16.67400966097737,0.003747256752294238,0.22310532883628695,0.9834815338667101,0.14,False
16.680210485024155,0.0037472573930834763,0.223103789637542,0.9834814190098158,0.14,False
16.686411309070937,0.0037472580393316385,0.22310223732633946,0.9834813031728757,0.14,False
16.69261213311772,0.0037472586910763665,0.22310067181228194,0.9834811863491041,0.14,False
16.698812957164503,0.00374725934835546,0.22309909300454783,0.9834810685316823,0.14,False
16.705013781211285,0.003747260011206912,0.22309750081189156,0.9834809497137598,0.14,False
16.71121460525807,0.003747260679668878,0.2230958951426461,0.9834808298884534,0.14,False
16.717415429304854,0.0037472613537797117,0.2230942759047186,0.9834807090488481,0.14,False
16.723616253351636,0.0037472620335779116,0.22309264300559065,0.9834805871879956,0.14,False
16.72981707739842,0.00374726271910218,0.22309099635232157,0.9834804642989158,0.14,False
16.73601790144521,0.0037472634103914047,0.22308933585154503,0.9834803403745958,0.14,False
16.74221872549199,0.003747264107484614,0.22308766140947048,0.9834802154079906,0.14,False
16.748419549538774,0.0037472648104210316,0.22308597293188162,0.9834800893920221,0.14,False
16.75462037358556,0.0037472655192400607,0.22308427032413816,0.9834799623195803,0.14,False
16.760821197632342,0.0037472662339812727,0.22308255349117115,0.9834798341835223,0.14,False
16.767022021679125,0.0037472669546844287,0.2230808223374915,0.9834797049766724,0.14,False
16.77322284572591,0.0037472676813894647,0.22307907676718036,0.9834795746918228,0.14,False
16.77942366977269,0.003747268414136482,0.22307731668389716,0.983479443321733,0.14,False
16.785624493819473,0.0037472691529657773,0.22307554199087154,0.9834793108591292,0.14,False
16.791825317866262,0.0037472698979178097,0.2230737525909105,0.9834791772967059,0.14,False
16.798026141913045,0.0037472706490332157,0.22307194838639377,0.9834790426271245,0.14,False
16.804226965959828,0.0037472714063528124,0.22307012927927772,0.9834789068430136,0.14,False
16.81042779000661,0.0037472721699175968,0.22306829517108992,0.9834787699369694,0.14,False
16.816628614053393,0.0037472729397687505,0.22306644596293493,0.9834786319015552,0.14,False
16.822829438100175,0.0037472737159476074,0.22306458155549097,0.9834784927293019,0.14,False
16.82903026214696,0.0037472744984957326,0.22306270184901025,0.9834783524127071,0.14,False
16.835231086193744,0.003747275287454784,0.22306080674331974,0.9834782109442364,0.14,False
16.841431910240527,0.003747276082866654,0.22305889613782182,0.9834780683163223,0.14,False
16.847632734287313,0.0037472768847734025,0.2230569699314924,0.9834779245213645,0.14,False
16.8538335583341,0.0037472776932172725,0.22305502802288374,0.9834777795517303,0.14,False
16.860034382380885,0.0037472785082406693,0.2230530703101219,0.9834776333997539,0.14,False
16.866235206427667,0.0037472793298861753,0.2230510966909095,0.9834774860577372,0.14,False
16.87243603047445,0.003747280158196569,0.2230491070625248,0.9834773375179489,0.14,False
16.878636854521233,0.0037472809932147856,0.2230471013218195,0.9834771877726252,0.14,False
16.884837678568015,0.003747281834983947,0.2230450793652224,0.9834770368139695,0.14,False
16.891038502614798,0.0037472826835473544,0.2230430410887402,0.9834768846341528,0.14,False
16.897239326661584,0.0037472835389484593,0.22304098638795294,0.983476731225313,0.14,False
16.903440150708366,0.0037472844012309166,0.22303891515801882,0.9834765765795555,0.14,False
16.90964097475515,0.003747285270438559,0.22303682729367297,0.9834764206889528,0.14,False
16.915841798801935,0.0037472861466154,0.2230347226892287,0.9834762635455448,0.14,False
16.922042622848718,0.003747287029805589,0.22303260123857468,0.9834761051413391,0.14,False
16.9282434468955,0.0037472879200534867,0.22303046283517947,0.9834759454683099,0.14,False
16.934444270942286,0.0037472888174036184,0.22302830737209048,0.9834757845183995,0.14,False
16.94064509498907,0.0037472897219006924,0.22302613474193014,0.9834756222835169,0.14,False
16.94684591903585,0.0037472906335895783,0.223023944836905,0.9834754587555389,0.14,False
16.953046743082634,0.0037472915525153267,0.22302173754879662,0.9834752939263096,0.14,False
16.959247567129417,0.003747292478723169,0.22301951276896984,0.9834751277876405,0.14,False
16.9654483911762,0.0037472934122585073,0.22301727038836802,0.9834749603313101,0.14,False
16.97164921522299,0.0037472943531669267,0.22301501029751744,0.9834747915490653,0.14,False
16.977850039269775,0.003747295301494162,0.22301273238652364,0.9834746214326195,0.14,False
16.984050863316558,0.0037472962572861392,0.2230104365450758,0.9834744499736544,0.14,False
16.99025168736334,0.003747297220588993,0.22300812266244308,0.9834742771638183,0.14,False
16.996452511410123,0.0037472981914489565,0.2230057906274814,0.9834741029947279,0.14,False
17.002653335456905,0.0037472991699124764,0.2230034403286282,0.9834739274579671,0.14,False
17.00885415950369,0.003747300156026181,0.22300107165390473,0.9834737505450875,0.14,False
17.015054983550474,0.0037473011498368645,0.22299868449091806,0.9834735722476079,0.14,False
17.021255807597257,0.003747302151391483,0.22299627872686179,0.9834733925570155,0.14,False
17.02745663164404,0.0037473031607371896,0.2229938542485128,0.9834732114647646,0.14,False
17.033657455690825,0.0037473041779212735,0.22299141094223668,0.9834730289622775,0.14,False
17.039858279737608,0.0037473052029912165,0.22298894869398683,0.983472845040944,0.14,False
17.046059103784394,0.003747306235994683,0.2229864673893049,0.9834726596921222,0.14,False
17.052259927831177,0.0037473072769794824,0.22298396691332098,0.9834724729071374,0.14,False
17.05846075187796,0.003747308325993609,0.22298144715075344,0.983472284677283,0.14,False
17.06466157592474,0.0037473093830852357,0.22297890798591471,0.9834720949938205,0.14,False
17.070862399971524,0.003747310448302711,0.22297634930270754,0.9834719038479793,0.14,False
17.077063224018307,0.003747311521694511,0.222973770984624,0.9834717112309567,0.14,False
17.083264048065093,0.0037473126033093153,0.22297117291475255,0.9834715171339181,0.14,False
17.089464872111876,0.003747313693195978,0.22296855497577436,0.9834713215479969,0.14,False
17.09566569615866,0.003747314791403492,0.222965917049964,0.9834711244642945,0.14,False
17.101866520205448,0.003747315897981038,0.22296325901919403,0.9834709258738811,0.14,False
17.10806734425223,0.0037473170129779807,0.222960580764932,0.983470725767794,0.14,False
17.114268168299017,0.003747318136443824,0.22295788216824325,0.9834705241370401,0.14,False
17.1204689923458,0.0037473192684282473,0.22295516310979185,0.9834703209725936,0.14,False
17.12666981639258,0.003747320408981102,0.22295242346984118,0.9834701162653975,0.14,False
17.132870640439364,0.003747321558152398,0.22294966312825662,0.9834699100063633,0.14,False
17.139071464486147,0.003747322715992354,0.22294688196450185,0.983469702186371,0.14,False
17.14527228853293,0.0037473238825512616,0.22294407985764603,0.9834694927962688,0.14,False
17.151473112579712,0.003747325057879654,0.22294125668635917,0.983469281826874,0.14,False
17.1576739366265,0.0037473262420282052,0.22293841232891873,0.9834690692689723,0.14,False
17.163874760673284,0.00374732743504776,0.2229355466632064,0.9834688551133178,0.14,False
17.170075584720067,0.003747328636989312,0.2229326595667115,0.9834686393506344,0.14,False
17.17627640876685,0.003747329847904048,0.2229297509165315,0.9834684219716139,0.14,False
17.182477232813632,0.0037473310678432866,0.2229268205893719,0.9834682029669174,0.14,False
17.188678056860418,0.00374733229685852,0.22292386846154988,0.9834679823271747,0.14,False
17.1948788809072,0.003747333535001402,0.22292089440899238,0.9834677600429853,0.14,False
17.201079704953983,0.0037473347823237485,0.22291789830724199,0.9834675361049173,0.14,False
17.207280529000766,0.0037473360388775227,0.2229148800314539,0.9834673105035082,0.14,False
17.213481353047552,0.00374733730471489,0.22291183945639834,0.9834670832292647,0.14,False
17.219682177094338,0.0037473385798881234,0.22290877645646284,0.9834668542726627,0.14,False
17.225883001141124,0.0037473398644496856,0.22290569090565363,0.9834666236241479,0.14,False
17.232083825187907,0.003747341158452175,0.22290258267759452,0.9834663912741355,0.14,False
17.23828464923469,0.003747342461948373,0.22289945164553202,0.98346615721301,0.14,False
17.244485473281472,0.0037473437749912034,0.22289629768233282,0.9834659214311255,0.14,False
17.250686297328254,0.0037473450976337544,0.22289312066048786,0.9834656839188063,0.14,False
17.256887121375037,0.003747346429929269,0.2228899204521138,0.9834654446663459,0.14,False
17.263087945421823,0.003747347771931143,0.22288669692895297,0.9834652036640084,0.14,False
17.269288769468606,0.0037473491236929076,0.22288344996237458,0.9834649609020274,0.14,False
17.27548959351539,0.003747350485268287,0.2228801794233786,0.9834647163706067,0.14,False
17.281690417562174,0.0037473518567111516,0.2228768851825943,0.9834644700599203,0.14,False
17.287891241608957,0.0037473532380755043,0.22287356711028505,0.9834642219601125,0.14,False
17.29409206565574,0.0037473546294155063,0.222870225076347,0.9834639720612981,0.14,False
17.300292889702526,0.0037473560307854674,0.22286685895031233,0.983463720353562,0.14,False
17.30649371374931,0.0037473574422398595,0.22286346860134867,0.9834634668269597,0.14,False
17.31269453779609,0.0037473588638333084,0.22286005389826496,0.9834632114715177,0.14,False
17.318895361842873,0.0037473602956205735,0.22285661470950818,0.9834629542772331,0.14,False
17.325096185889656,0.003747361737656578,0.22285315090316743,0.9834626952340731,0.14,False
17.33129700993644,0.0037473631899963816,0.22284966234697712,0.983462434331977,0.14,False
17.337497833983228,0.003747364652695199,0.22284614890831508,0.9834621715608544,0.14,False
17.343698658030014,0.003747366125808427,0.2228426104542071,0.9834619069105861,0.14,False
17.349899482076797,0.0037473676093915127,0.2228390468513268,0.9834616403710242,0.14,False
17.35610030612358,0.0037473691035001338,0.22283545796599857,0.9834613719319923,0.14,False
17.362301130170362,0.0037473706081900884,0.2228318436642018,0.9834611015832855,0.14,False
17.368501954217145,0.0037473721235173098,0.22282820381156535,0.9834608293146699,0.14,False
17.37470277826393,0.003747373649537886,0.2228245382733779,0.9834605551158838,0.14,False
17.380903602310713,0.0037473751863080426,0.2228208469145829,0.9834602789766371,0.14,False
17.387104426357496,0.0037473767338841502,0.22281712959978645,0.9834600008866118,0.14,False
17.39330525040428,0.003747378292322717,0.22281338619325392,0.9834597208354614,0.14,False
17.399506074451065,0.0037473798616803862,0.2228096165589136,0.983459438812812,0.14,False
17.40570689849785,0.0037473814420139777,0.22280582056036174,0.9834591548082614,0.14,False
17.411907722544633,0.0037473830333803753,0.22280199806085887,0.9834588688113804,0.14,False
17.418108546591416,0.0037473846358366597,0.222798148923337,0.983458580811712,0.14,False
17.4243093706382,0.0037473862494400334,0.22279427301039897,0.9834582907987716,0.14,False
17.43051019468498,0.0037473878742478347,0.2227903701843202,0.9834579987620474,0.14,False
17.436711018731764,0.0037473895103175368,0.2227864403070518,0.9834577046910007,0.14,False
17.442911842778546,0.003747391157706741,0.2227824832402212,0.983457408575065,0.14,False
17.449112666825332,0.003747392816473201,0.2227784988451379,0.983457110403648,0.14,False
17.455313490872115,0.003747394486674781,0.22277448698279076,0.98345681016613,0.14,False
17.4615143149189,0.0037473961683694825,0.2227704475138512,0.9834565078518642,0.14,False
17.467715138965687,0.0037473978616154634,0.22276638029867848,0.9834562034501778,0.14,False
17.47391596301247,0.0037473995664709598,0.22276228519731972,0.9834558969503717,0.14,False
17.480116787059256,0.0037474012829943745,0.2227581620695106,0.9834555883417204,0.14,False
17.48631761110604,0.0037474030112442346,0.22275401077468152,0.9834552776134721,0.14,False
17.49251843515282,0.003747404751279186,0.22274983117195463,0.983454964754849,0.14,False
17.498719259199603,0.0037474065031580196,0.2227456231201497,0.9834546497550475,0.14,False
17.504920083246386,0.0037474082669396213,0.22274138647778688,0.9834543326032386,0.14,False
17.51112090729317,0.003747410042683019,0.222737121103087,0.9834540132885671,0.14,False
17.517321731339955,0.003747411830447361,0.22273282685397228,0.9834536918001529,0.14,False
17.52352255538674,0.0037474136302919187,0.22272850358807378,0.9834533681270902,0.14,False
17.529723379433523,0.003747415442276088,0.22272415116272962,0.9834530422584481,0.14,False
17.535924203480306,0.003747417266459393,0.22271976943498775,0.983452714183271,0.14,False
17.54212502752709,0.003747419102901456,0.22271535826160935,0.9834523838905779,0.14,False
17.54832585157387,0.0037474209516620296,0.2227109174990726,0.9834520513693636,0.14,False
17.554526675620657,0.0037474228128009835,0.22270644700357198,0.983451716608598,0.14,False
17.56072749966744,0.0037474246863783045,0.22270194663102091,0.9834513795972266,0.14,False
17.566928323714222,0.0037474265724540944,0.22269741623705824,0.9834510403241709,0.14,False
17.573129147761005,0.0037474284710885633,0.2226928556770473,0.9834506987783278,0.14,False
17.57932997180779,0.0037474303823420508,0.222688264806078,0.9834503549485705,0.14,False
17.585530795854577,0.0037474323062749774,0.22268364347896968,0.9834500088237483,0.14,False
17.591731619901363,0.00374743424294794,0.22267899155027754,0.983449660392687,0.14,False
17.597932443948146,0.003747436192421563,0.2226743088742888,0.9834493096441886,0.14,False
17.60413326799493,0.0037474381547566286,0.22266959530502983,0.9834489565670324,0.14,False
17.61033409204171,0.003747440130014018,0.22266485069626757,0.9834486011499733,0.14,False
17.616534916088494,0.0037474421182547082,0.2226600749015115,0.9834482433817445,0.14,False
17.622735740135276,0.003747444119539809,0.22265526777401867,0.9834478832510556,0.14,False
17.628936564182062,0.0037474461339305053,0.2226504291667911,0.9834475207465936,0.14,False
17.635137388228845,0.0037474481614881033,0.22264555893258375,0.9834471558570228,0.14,False
17.641338212275627,0.003747450202273998,0.22264065692390603,0.9834467885709858,0.14,False
17.647539036322414,0.003747452256349724,0.22263572299302148,0.9834464188771018,0.14,False
17.653739860369196,0.0037474543237768546,0.22263075699195475,0.9834460467639695,0.14,False
17.65994068441598,0.0037474564046171056,0.2226257587724916,0.9834456722201644,0.14,False
17.666141508462765,0.003747458498932274,0.2226207281861825,0.9834452952342411,0.14,False
17.672342332509547,0.0037474606067842745,0.22261566508434585,0.9834449157947323,0.14,False
17.67854315655633,0.0037474627282351046,0.22261056931806933,0.9834445338901492,0.14,False
17.684743980603113,0.003747464863346836,0.22260544073821326,0.9834441495089824,0.14,False
17.690944804649895,0.0037474670121816584,0.22260027919541556,0.9834437626397012,0.14,False
17.697145628696678,0.003747469174801841,0.2225950845400915,0.9834433732707538,0.14,False
17.703346452743467,0.0037474713512697573,0.2225898566224382,0.9834429813905682,0.14,False
17.709547276790254,0.0037474735416478853,0.22258459529243688,0.9834425869875514,0.14,False
17.715748100837036,0.0037474757459987364,0.22257930039985724,0.9834421900500908,0.14,False
17.72194892488382,0.0037474779643849564,0.22257397179425878,0.9834417905665531,0.14,False
17.7281497489306,0.0037474801968692554,0.2225686093249942,0.9834413885252854,0.14,False
17.734350572977387,0.003747482443514456,0.22256321284121158,0.983440983914615,0.14,False
17.74055139702417,0.0037474847043834185,0.2225577821918598,0.9834405767228495,0.14,False
17.746752221070953,0.0037474869795391243,0.22255231722568902,0.9834401669382773,0.14,False
17.752953045117735,0.0037474892690446157,0.22254681779125476,0.9834397545491675,0.14,False
17.759153869164518,0.0037474915729630402,0.22254128373692128,0.9834393395437704,0.14,False
17.765354693211304,0.0037474938913576064,0.22253571491086294,0.983438921910317,0.14,False
17.77155551725809,0.0037474962242915735,0.22253011116106897,0.9834385016370205,0.14,False
17.777756341304872,0.0037474985718283127,0.22252447233534667,0.9834380787120749,0.14,False
17.783957165351655,0.0037475009340312672,0.22251879828132307,0.9834376531236564,0.14,False
17.790157989398438,0.003747503310963949,0.22251308884644921,0.9834372248599228,0.14,False
17.79635881344522,0.003747505702689934,0.22250734387800242,0.9834367939090144,0.14,False
17.802559637492003,0.0037475081092728756,0.2225015632230906,0.9834363602590539,0.14,False
17.80876046153879,0.0037475105307764964,0.222495746728654,0.9834359238981463,0.14,False
17.81496128558557,0.0037475129672645793,0.22248989424147023,0.9834354848143791,0.14,False
17.821162109632354,0.0037475154188010124,0.22248400560815504,0.9834350429958234,0.14,False
17.82736293367914,0.003747517885449682,0.22247808067516775,0.9834345984305328,0.14,False
17.833563757725926,0.0037475203672745904,0.22247211928881297,0.983434151106545,0.14,False
17.83976458177271,0.0037475228643397856,0.2224661212952447,0.9834337010118803,0.14,False
17.845965405819495,0.003747525376709378,0.2224600865404693,0.9834332481345435,0.14,False
17.852166229866278,0.003747527904447539,0.2224540148703478,0.9834327924625229,0.14,False
17.85836705391306,0.003747530447618498,0.22244790613060256,0.9834323339837913,0.14,False
17.864567877959843,0.0037475330062865437,0.2224417601668167,0.9834318726863055,0.14,False
17.870768702006625,0.0037475355805160044,0.22243557682443688,0.9834314085580073,0.14,False
17.876969526053408,0.0037475381703713216,0.22242935594878258,0.9834309415868225,0.14,False
17.883170350100194,0.00374754077591691,0.22242309738504196,0.9834304717606629,0.14,False
17.88937117414698,0.0037475433972172737,0.22241680097828145,0.9834299990674248,0.14,False
17.895571998193763,0.0037475460343369756,0.22241046657344404,0.9834295234949901,0.14,False
17.901772822240545,0.0037475486873406114,0.2224040940153563,0.9834290450312262,0.14,False
17.907973646287328,0.0037475513562928373,0.2223976831487304,0.9834285636639865,0.14,False
17.91417447033411,0.003747554041258347,0.222391233818168,0.9834280793811103,0.14,False
17.920375294380896,0.0037475567423018814,0.22238474586816181,0.9834275921704232,0.14,False
17.92657611842768,0.0037475594594882228,0.22237821914310274,0.9834271020197372,0.14,False
17.93277694247446,0.003747562192882209,0.2223716534872786,0.983426608916851,0.14,False
17.938977766521244,0.003747564942548691,0.22236504874488236,0.9834261128495504,0.14,False
17.94517859056803,0.0037475677085525797,0.22235840476001292,0.9834256138056079,0.14,False
17.951379414614816,0.0037475704909588205,0.22235172137667777,0.9834251117727838,0.14,False
17.957580238661603,0.0037475732898323865,0.22234499843879832,0.9834246067388254,0.14,False
17.963781062708385,0.0037475761052382975,0.22233823579021372,0.9834240986914682,0.14,False
17.969981886755168,0.0037475789372416004,0.22233143327468238,0.9834235876184356,0.14,False
17.97618271080195,0.003747581785907371,0.22232459073588753,0.983423073507439,0.14,False
17.982383534848733,0.0037475846513006952,0.22231770801743897,0.9834225563461785,0.14,False
17.988584358895515,0.0037475875334867714,0.22231078496287893,0.9834220361223426,0.14,False
17.9947851829423,0.0037475904325307164,0.22230382141568303,0.9834215128236088,0.14,False
18.000986006989084,0.00374759334849773,0.22229681721926478,0.9834209864376439,0.14,False
18.007186831035867,0.003747596281453032,0.2222897722169816,0.9834204569521036,0.14,False
18.013387655082653,0.003747599231461856,0.22228268625213377,0.9834199243546332,0.14,False
18.019588479129435,0.0037476021985894583,0.2222755591679734,0.9834193886328684,0.14,False
18.025789303176218,0.0037476051829011137,0.22226839080770278,0.983418849774434,0.14,False
18.031990127223004,0.00374760818446213,0.22226118101448206,0.9834183077669457,0.14,False
18.038190951269787,0.0037476112033378263,0.22225392963143012,0.9834177625980093,0.14,False
18.04439177531657,0.0037476142395935132,0.2222466365016303,0.9834172142552212,0.14,False
18.050592599363352,0.0037476172932945214,0.22223930146813348,0.9834166627261695,0.14,False
18.056793423410134,0.0037476203645062313,0.2222319243739605,0.983416107998432,0.14,False
18.062994247456917,0.0037476234532939985,0.2222245050621093,0.9834155500595794,0.14,False
18.069195071503707,0.003747626559723201,0.22221704337555276,0.983414988897173,0.14,False
18.075395895550493,0.0037476296838592086,0.22220953915724725,0.9834144244987661,0.14,False
18.081596719597275,0.003747632825767414,0.22220199225013607,0.9834138568519045,0.14,False
18.087797543644058,0.0037476359855132067,0.22219440249715153,0.9834132859441261,0.14,False
18.09399836769084,0.003747639163161977,0.22218676974121826,0.983412711762961,0.14,False
18.100199191737627,0.0037476423587791416,0.2221790938252585,0.9834121342959323,0.14,False
18.10640001578441,0.0037476455724300747,0.22217137459219627,0.9834115535305563,0.14,False
18.11260083983119,0.003747648804180172,0.2221636118849579,0.9834109694543423,0.14,False
18.118801663877974,0.003747652054094825,0.2221558055464797,0.9834103820547929,0.14,False
18.125002487924757,0.0037476553222394247,0.22214795541970997,0.9834097913194049,0.14,False
18.131203311971543,0.003747658608679335,0.22214006134761216,0.9834091972356687,0.14,False
18.13740413601833,0.003747661913479939,0.22213212317317135,0.9834085997910691,0.14,False
18.14360496006511,0.003747665236706587,0.22212414073939243,0.983407998973085,0.14,False
18.149805784111894,0.00374766857842465,0.22211611388931146,0.9834073947691901,0.14,False
18.156006608158677,0.0037476719386994334,0.22210804246599264,0.9834067871668534,0.14,False
18.16220743220546,0.0037476753175962672,0.22209992631253642,0.9834061761535384,0.14,False
18.168408256252242,0.003747678715180461,0.22209176527208283,0.9834055617167042,0.14,False
18.174609080299028,0.0037476821315173023,0.22208355918781236,0.983404943843806,0.14,False
18.18080990434581,0.0037476855666720614,0.22207530790295388,0.9834043225222938,0.14,False
18.187010728392593,0.0037476890207099795,0.22206701126078546,0.9834036977396148,0.14,False
18.19321155243938,0.003747692493696291,0.22205866910463973,0.983403069483212,0.14,False
18.199412376486165,0.0037476959856961815,0.22205028127790624,0.9834024377405249,0.14,False
18.205613200532948,0.003747699496774833,0.22204184762403711,0.98340180249899,0.14,False
18.211814024579734,0.0037477030269973998,0.22203336798655207,0.983401163746041,0.14,False
18.218014848626517,0.003747706576428991,0.2220248422090378,0.9834005214691086,0.14,False
18.2242156726733,0.003747710145134699,0.222016270135155,0.9833998756556211,0.14,False
18.230416496720082,0.0037477137331795697,0.22200765160864325,0.9833992262930051,0.14,False
18.236617320766864,0.0037477173406286384,0.22199898647332164,0.9833985733686843,0.14,False
18.242818144813647,0.003747720967546886,0.22199027457309445,0.9833979168700816,0.14,False
18.249018968860433,0.0037477246139992577,0.22198151575195513,0.9833972567846178,0.14,False
18.25521979290722,0.003747728280050669,0.22197270985399192,0.9833965930997126,0.14,False
18.261420616954002,0.0037477319657659948,0.22196385672338698,0.9833959258027849,0.14,False
18.267621441000784,0.0037477356712100536,0.22195495620442424,0.9833952548812527,0.14,False
18.273822265047567,0.0037477393964476407,0.2219460081414942,0.9833945803225337,0.14,False
18.28002308909435,0.003747743141543492,0.22193701237909563,0.9833939021140453,0.14,False
18.286223913141136,0.003747746906562286,0.2219279687618352,0.9833932202432044,0.14,False
18.29242473718792,0.0037477506915686814,0.22191887713444136,0.9833925346974289,0.14,False
18.2986255612347,0.003747754496627274,0.22190973734175967,0.9833918454641365,0.14,False
18.304826385281483,0.003747758321802605,0.2219005492287627,0.9833911525307463,0.14,False
18.31102720932827,0.003747762167159153,0.2218913126405492,0.9833904558846776,0.14,False
18.317228033375052,0.0037477660327613596,0.22188202742234991,0.9833897555133517,0.14,False
18.323428857421842,0.003747769918673615,0.22187269341953283,0.9833890514041908,0.14,False
18.329629681468624,0.0037477738249602197,0.2218633104776047,0.9833883435446189,0.14,False
18.335830505515407,0.0037477777516854477,0.22185387844221754,0.9833876319220625,0.14,False
18.34203132956219,0.003747781698913486,0.22184439715916932,0.9833869165239493,0.14,False
18.348232153608972,0.0037477856667084714,0.2218348664744112,0.9833861973377105,0.14,False
18.354432977655755,0.003747789655134463,0.22182528623405035,0.9833854743507793,0.14,False
18.36063380170254,0.003747793664255481,0.2218156562843523,0.9833847475505921,0.14,False
18.366834625749323,0.003747797694135453,0.22180597647174677,0.9833840169245887,0.14,False
18.373035449796106,0.003747801744838261,0.22179624664283099,0.9833832824602116,0.14,False
18.379236273842892,0.003747805816427676,0.2217864666443745,0.983382544144908,0.14,False
18.385437097889675,0.003747809908967423,0.22177663632332062,0.9833818019661282,0.14,False
18.39163792193646,0.003747814022521162,0.22176675552679273,0.9833810559113272,0.14,False
18.397838745983243,0.0037478181571524542,0.22175682410209704,0.9833803059679641,0.14,False
18.404039570030026,0.003747822312924784,0.22174684189672844,0.9833795521235028,0.14,False
18.41024039407681,0.003747826489901574,0.22173680875837143,0.9833787943654122,0.14,False
18.41644121812359,0.0037478306881461544,0.22172672453490588,0.9833780326811662,0.14,False
18.422642042170374,0.0037478349077217734,0.22171658907441114,0.9833772670582444,0.14,False
18.428842866217156,0.0037478391486915905,0.221706402225168,0.9833764974841315,0.14,False
18.435043690263946,0.003747843411118704,0.22169616383566623,0.9833757239463187,0.14,False
18.441244514310732,0.003747847695066084,0.22168587375460516,0.9833749464323029,0.14,False
18.447445338357515,0.003747852000596637,0.22167553183089897,0.983374164929588,0.14,False
18.453646162404297,0.003747856327773169,0.22166513791367987,0.9833733794256838,0.14,False
18.45984698645108,0.0037478606766584046,0.22165469185230294,0.9833725899081074,0.14,False
18.466047810497866,0.003747865047314959,0.22164419349635034,0.9833717963643831,0.14,False
18.47224863454465,0.003747869439805361,0.2216336426956334,0.9833709987820423,0.14,False
18.47844945859143,0.003747873854192047,0.22162303930019858,0.9833701971486243,0.14,False
18.484650282638214,0.0037478782905373577,0.2216123831603297,0.9833693914516759,0.14,False
18.490851106684996,0.0037478827489034984,0.22160167412655288,0.9833685816787524,0.14,False
18.49705193073178,0.003747887229352605,0.2215909120496414,0.9833677678174174,0.14,False
18.50325275477857,0.0037478917319467052,0.22158009678061583,0.9833669498552429,0.14,False
18.50945357882535,0.0037478962567477105,0.22156922817075306,0.9833661277798099,0.14,False
18.515654402872133,0.0037479008038174295,0.22155830607158586,0.9833653015787086,0.14,False
18.521855226918916,0.003747905373217579,0.22154733033490884,0.9833644712395381,0.14,False
18.5280560509657,0.003747909965009737,0.22153630081278206,0.9833636367499076,0.14,False
18.53425687501248,0.003747914579255385,0.2215252173575341,0.9833627980974357,0.14,False
18.540457699059267,0.0037479192160158772,0.22151407982176768,0.9833619552697512,0.14,False
18.54665852310605,0.0037479238753525164,0.2215028880583627,0.9833611082544935,0.14,False
18.552859347152836,0.003747928557326384,0.22149164192047743,0.9833602570393122,0.14,False
18.55906017119962,0.003747933261998505,0.22148034126155675,0.9833594016118676,0.14,False
18.565260995246405,0.003747937989429781,0.22146898593533423,0.9833585419598315,0.14,False
18.571461819293187,0.0037479427396809807,0.22145757579583372,0.9833576780708865,0.14,False
18.577662643339973,0.003747947512812759,0.2214461106973776,0.9833568099327269,0.14,False
18.583863467386756,0.0037479523088856403,0.22143459049458572,0.9833559375330588,0.14,False
18.59006429143354,0.0037479571279600125,0.22142301504238274,0.9833550608596002,0.14,False
18.59626511548032,0.003747961970096154,0.2214113841960009,0.9833541799000813,0.14,False
18.602465939527104,0.0037479668353542026,0.2213996978109837,0.9833532946422451,0.14,False
18.608666763573886,0.00374797172379419,0.22138795574318926,0.9833524050738467,0.14,False
18.614867587620672,0.0037479766354759714,0.2213761578487949,0.9833515111826545,0.14,False
18.62106841166746,0.003747981570459295,0.22136430398430118,0.9833506129564502,0.14,False
18.62726923571424,0.0037479865288037643,0.22135239400653428,0.983349710383029,0.14,False
18.633470059761024,0.0037479915105688515,0.22134042777264937,0.9833488034501991,0.14,False
18.639670883807806,0.0037479965158138916,0.22132840514013782,0.9833478921457833,0.14,False
18.64587170785459,0.0037480015445980654,0.2213163259668265,0.9833469764576183,0.14,False
18.652072531901375,0.003748006596980423,0.2213041901108849,0.9833460563735549,0.14,False
18.658273355948158,0.003748011673019869,0.22129199743082711,0.9833451318814589,0.14,False
18.66447417999494,0.0037480167727751983,0.2212797477855166,0.9833442029692104,0.14,False
18.670675004041723,0.003748021896304966,0.221267441034168,0.9833432696247055,0.14,False
18.67687582808851,0.0037480270436676694,0.221255077036353,0.9833423318358545,0.14,False
18.68307665213529,0.0037480322149216093,0.2212426556520025,0.9833413895905839,0.14,False
18.68927747618208,0.0037480374101249558,0.2212301767414114,0.983340442876836,0.14,False
18.695478300228864,0.0037480426293357233,0.22121764016524148,0.9833394916825684,0.14,False
18.701679124275646,0.00374804787261176,0.2212050457845262,0.9833385359957558,0.14,False
18.70787994832243,0.003748053140010772,0.22119239346067113,0.9833375758043889,0.14,False
18.71408077236921,0.003748058431590295,0.22117968305546232,0.983336611096475,0.14,False
18.720281596415997,0.0037480637474077115,0.2211669144310663,0.9833356418600385,0.14,False
18.72648242046278,0.0037480690875202655,0.22115408745003418,0.9833346680831209,0.14,False
18.732683244509563,0.003748074451985003,0.2211412019753077,0.9833336897537809,0.14,False
18.738884068556345,0.0037480798408588206,0.22112825787022,0.983332706860095,0.14,False
18.74508489260313,0.0037480852541984487,0.22111525499849954,0.9833317193901575,0.14,False
18.751285716649914,0.0037480906920604614,0.22110219322427527,0.9833307273320807,0.14,False
18.7574865406967,0.00374809615450125,0.22108907241207887,0.9833297306739951,0.14,False
18.763687364743483,0.003748101641577055,0.22107589242684836,0.9833287294040497,0.14,False
18.769888188790265,0.0037481071533439327,0.22106265313393217,0.9833277235104122,0.14,False
18.776089012837048,0.0037481126898577734,0.22104935439909415,0.9833267129812693,0.14,False
18.78228983688383,0.003748118251174278,0.22103599608851124,0.9833256978048268,0.14,False
18.788490660930613,0.0037481238373489965,0.22102257806878514,0.9833246779693101,0.14,False
18.7946914849774,0.003748129448437296,0.22100910020693948,0.9833236534629638,0.14,False
18.800892309024185,0.0037481350844943374,0.22099556237042445,0.9833226242740526,0.14,False
18.80709313307097,0.003748140745575146,0.2209819644271239,0.9833215903908611,0.14,False
18.813293957117754,0.0037481464317345374,0.22096830624535277,0.9833205518016941,0.14,False
18.819494781164536,0.0037481521430271438,0.22095458769386705,0.9833195084948771,0.14,False
18.82569560521132,0.0037481578795074354,0.22094080864186122,0.983318460458756,0.14,False
18.831896429258105,0.0037481636412296806,0.22092696895897732,0.9833174076816981,0.14,False
18.838097253304888,0.003748169428247961,0.22091306851530237,0.983316350152091,0.14,False
18.84429807735167,0.0037481752406161805,0.22089910718137531,0.9833152878583442,0.14,False
18.850498901398453,0.0037481810783880423,0.22088508482819205,0.9833142207888887,0.14,False
18.856699725445235,0.0037481869416170887,0.22087100132720267,0.983313148932177,0.14,False
18.862900549492018,0.003748192830356622,0.2208568565503212,0.9833120722766837,0.14,False
18.869101373538808,0.0037481987446597786,0.22084265036992498,0.9833109908109058,0.14,False
18.87530219758559,0.003748204684579487,0.2208283826588606,0.9833099045233623,0.14,False
18.881503021632373,0.0037482106501685007,0.22081405329044412,0.9833088134025949,0.14,False
18.887703845679155,0.003748216641479373,0.22079966213846733,0.9833077174371683,0.14,False
18.893904669725938,0.0037482226585644385,0.22078520907719848,0.9833066166156696,0.14,False
18.90010549377272,0.0037482287014758368,0.22077069398138754,0.9833055109267103,0.14,False
18.906306317819507,0.00374823477026553,0.22075611672626674,0.9833044003589239,0.14,False
18.91250714186629,0.0037482408649852396,0.22074147718755618,0.9833032849009683,0.14,False
18.918707965913075,0.0037482469856865,0.220726775241467,0.9833021645415252,0.14,False
18.924908789959858,0.003748253132420681,0.22071201076470448,0.9833010392692998,0.14,False
18.931109614006644,0.0037482593052388666,0.22069718363446914,0.9832999090730224,0.14,False
18.937310438053427,0.0037482655041919874,0.2206822937284614,0.983298773941447,0.14,False
18.943511262100213,0.003748271729330754,0.22066734092488388,0.9832976338633524,0.14,False
18.949712086146995,0.003748277980705661,0.22065232510244678,0.9832964888275424,0.14,False
18.955912910193778,0.003748284258366985,0.22063724614036748,0.9832953388228454,0.14,False
18.96211373424056,0.0037482905623648153,0.2206221039183767,0.9832941838381153,0.14,False
18.968314558287343,0.003748296892748997,0.22060689831671884,0.9832930238622314,0.14,False
18.974515382334125,0.0037483032495691823,0.22059162921615727,0.9832918588840984,0.14,False
18.98071620638091,0.0037483096328747847,0.2205762964979764,0.9832906888926471,0.14,False
18.986917030427698,0.0037483160427150115,0.22056090004398368,0.983289513876834,0.14,False
18.99311785447448,0.0037483224791388663,0.2205454397365148,0.9832883338256418,0.14,False
18.999318678521263,0.0037483289421951092,0.22052991545843567,0.9832871487280798,0.14,False
19.005519502568045,0.0037483354319322627,0.2205143270931422,0.9832859585731835,0.14,False
19.011720326614828,0.0037483419483986687,0.22049867452456898,0.9832847633500152,0.14,False
19.017921150661614,0.0037483484916424246,0.22048295763718556,0.9832835630476643,0.14,False
19.024121974708397,0.003748355061711398,0.22046717631600682,0.9832823576552472,0.14,False
19.03032279875518,0.0037483616586532396,0.22045133044659176,0.9832811471619075,0.14,False
19.036523622801962,0.0037483682825153603,0.2204354199150431,0.9832799315568163,0.14,False
19.042724446848748,0.0037483749333449543,0.22041944460801582,0.9832787108291725,0.14,False
19.048925270895534,0.0037483816111889825,0.2204034044127171,0.9832774849682027,0.14,False
19.05512609494232,0.0037483883160941726,0.22038729921691033,0.9832762539631614,0.14,False
19.061326918989103,0.0037483950481070113,0.22037112890891467,0.9832750178033315,0.14,False
19.067527743035885,0.003748401807273755,0.22035489337761271,0.983273776478024,0.14,False
19.073728567082668,0.003748408593640477,0.2203385925124503,0.9832725299765789,0.14,False
19.07992939112945,0.0037484154072529225,0.22032222620343864,0.9832712782883642,0.14,False
19.086130215176237,0.0037484222481566545,0.2203057943411581,0.9832700214027776,0.14,False
19.09233103922302,0.0037484291163969925,0.22028929681676035,0.9832687593092453,0.14,False
19.098531863269802,0.0037484360120190238,0.2202727335219725,0.9832674919972229,0.14,False
19.104732687316584,0.0037484429350675696,0.22025610434909682,0.9832662194561951,0.14,False
19.11093351136337,0.003748449885587233,0.2202394091910156,0.9832649416756768,0.14,False
19.117134335410153,0.0037484568636223735,0.22022264794119376,0.9832636586452121,0.14,False
19.12333515945694,0.0037484638692171016,0.22020582049367987,0.9832623703543752,0.14,False
19.12953598350372,0.003748470902415278,0.22018892674311094,0.9832610767927705,0.14,False
19.135736807550504,0.003748477963260528,0.22017196658471297,0.9832597779500324,0.14,False
19.141937631597287,0.003748485051796217,0.2201549399143017,0.9832584738158258,0.14,False
19.14813845564407,0.003748492168065474,0.22013784662829053,0.9832571643798461,0.14,False
19.154339279690852,0.003748499312111228,0.22012068662368772,0.9832558496318192,0.14,False
19.16054010373764,0.0037485064839760294,0.22010345979810061,0.9832545295615026,0.14,False
19.166740927784424,0.003748513683702289,0.2200861660497398,0.983253204158684,0.14,False
19.17294175183121,0.0037485209113321313,0.22006880527741746,0.9832518734131829,0.14,False
19.179142575877993,0.003748528166907437,0.22005137738055655,0.9832505373148496,0.14,False
19.185343399924776,0.0037485354504698232,0.22003388225918402,0.9832491958535663,0.14,False
19.191544223971558,0.00374854276206065,0.2200163198139413,0.9832478490192469,0.14,False
19.197745048018344,0.003748550101721049,0.2199986899460809,0.9832464968018368,0.14,False
19.203945872065127,0.0037485574694918586,0.21998099255747183,0.9832451391913135,0.14,False
19.21014669611191,0.0037485648654136837,0.2199632275506003,0.9832437761776863,0.14,False
19.216347520158692,0.00374857228952686,0.21994539482857356,0.9832424077509977,0.14,False
19.222548344205475,0.003748579741871474,0.21992749429512154,0.9832410339013214,0.14,False
19.228749168252257,0.003748587222487337,0.219909525854596,0.9832396546187645,0.14,False
19.234949992299047,0.0037485947314140036,0.21989148941197778,0.9832382698934664,0.14,False
19.24115081634583,0.0037486022686907846,0.21987338487287664,0.9832368797155994,0.14,False
19.247351640392612,0.0037486098343567304,0.21985521214353,0.9832354840753685,0.14,False
19.253552464439394,0.003748617428450584,0.21983697113081122,0.9832340829630125,0.14,False
19.259753288486177,0.0037486250510108724,0.21981866174222692,0.983232676368803,0.14,False
19.26595411253296,0.003748632702075829,0.2198002838859216,0.9832312642830446,0.14,False
19.272154936579746,0.0037486403816834367,0.21978183747067853,0.9832298466960763,0.14,False
19.27835576062653,0.0037486480898713944,0.2197633224059215,0.9832284235982701,0.14,False
19.284556584673314,0.0037486558266771482,0.2197447386017175,0.983226994980032,0.14,False
19.290757408720097,0.0037486635921378775,0.21972608596877846,0.983225560831802,0.14,False
19.296958232766883,0.0037486713862904834,0.21970736441846264,0.983224121144054,0.14,False
19.30315905681367,0.003748679209171597,0.21968857386277765,0.9832226759072961,0.14,False
19.309359880860452,0.003748687060817586,0.21966971421438256,0.983221225112071,0.14,False
19.315560704907234,0.003748694941264543,0.21965078538658678,0.9832197687489554,0.14,False
19.321761528954017,0.0037487028505482794,0.21963178729335417,0.9832183068085607,0.14,False
19.3279623530008,0.003748710788704345,0.2196127198493063,0.9832168392815335,0.14,False
19.334163177047582,0.003748718755767999,0.21959358296972087,0.9832153661585544,0.14,False
19.340364001094365,0.0037487267517742956,0.21957437657053566,0.9832138874303392,0.14,False
19.34656482514115,0.0037487347767579038,0.21955510056835192,0.9832124030876391,0.14,False
19.352765649187937,0.003748742830753283,0.2195357548804304,0.9832109131212403,0.14,False
19.35896647323472,0.0037487509137945963,0.21951633942469825,0.9832094175219641,0.14,False
19.365167297281502,0.003748759025915751,0.21949685411974804,0.9832079162806673,0.14,False
19.371368121328285,0.0037487671671503475,0.21947729888484294,0.9832064093882424,0.14,False
19.37756894537507,0.0037487753375317263,0.21945767363991323,0.9832048968356172,0.14,False
19.383769769421853,0.0037487835370929464,0.21943797830556033,0.9832033786137555,0.14,False
19.389970593468636,0.0037487917658667732,0.21941821280306034,0.9832018547136572,0.14,False
19.39617141751542,0.003748800023885705,0.21939837705436216,0.9832003251263575,0.14,False
19.4023722415622,0.003748808311181971,0.21937847098209218,0.9831987898429282,0.14,False
19.408573065608987,0.003748816627787492,0.21935849450955175,0.9831972488544769,0.14,False
19.414773889655773,0.003748824973733922,0.21933844756072263,0.9831957021521481,0.14,False
19.42097471370256,0.0037488333490526176,0.21931833006026724,0.983194149727122,0.14,False
19.427175537749342,0.003748841753774671,0.2192981419335277,0.9831925915706158,0.14,False
19.433376361796125,0.0037488501879308664,0.2192778831065299,0.983191027673883,0.14,False
19.439577185842907,0.003748858651551731,0.2192575535059867,0.9831894580282139,0.14,False
19.44577800988969,0.0037488671446674992,0.21923715305929323,0.9831878826249355,0.14,False
19.451978833936476,0.003748875667308101,0.21921668169453362,0.9831863014554117,0.14,False
19.45817965798326,0.003748884219503195,0.21919613934048013,0.9831847145110437,0.14,False
19.46438048203004,0.0037488928012821394,0.21917552592659573,0.9831831217832696,0.14,False
19.470581306076824,0.0037489014126740115,0.219154841383032,0.9831815232635644,0.14,False
19.47678213012361,0.0037489100537076094,0.21913408564063494,0.9831799189434406,0.14,False
19.482982954170392,0.003748918724411439,0.21911325863094314,0.9831783088144482,0.14,False
19.48918377821718,0.003748927424813709,0.2190923602861886,0.9831766928681744,0.14,False
19.49538460226396,0.0037489361549423485,0.21907139053930189,0.983175071096244,0.14,False
19.501585426310744,0.0037489449148249846,0.21905034932390785,0.9831734434903194,0.14,False
19.507786250357526,0.003748953704488975,0.2190292365743305,0.9831718100421009,0.14,False
19.51398707440431,0.0037489625239613585,0.2190080522255923,0.9831701707433261,0.14,False
19.52018789845109,0.003748971373268898,0.21898679621341677,0.9831685255857713,0.14,False
19.52638872249788,0.0037489802524380664,0.21896546847422763,0.9831668745612498,0.14,False
19.532589546544664,0.0037489891614950347,0.21894406894515114,0.9831652176616135,0.14,False
19.53879037059145,0.003748998100465697,0.21892259756401708,0.9831635548787524,0.14,False
19.544991194638232,0.003749007069375632,0.21890105426935905,0.9831618862045944,0.14,False
19.551192018685015,0.0037490160682501473,0.21887943900041573,0.983160211631106,0.14,False
19.557392842731797,0.00374902509711424,0.21885775169713156,0.9831585311502917,0.14,False
19.563593666778583,0.0037490341559926186,0.21883599230015788,0.9831568447541947,0.14,False
19.569794490825366,0.0037490432449097024,0.21881416075085536,0.9831551524348965,0.14,False
19.57599531487215,0.0037490523638896043,0.21879225699129087,0.983153454184517,0.14,False
19.58219613891893,0.003749061512956161,0.21877028096424114,0.9831517499952153,0.14,False
19.588396962965714,0.003749070692132903,0.2187482326131956,0.9831500398591881,0.14,False
19.594597787012496,0.003749079901443037,0.2187261118823511,0.9831483237686722,0.14,False
19.600798611059286,0.003749089140909524,0.21870391871661815,0.9831466017159424,0.14,False
19.60699943510607,0.0037490984105549934,0.21868165306161916,0.9831448736933122,0.14,False
19.61320025915285,0.0037491077104017897,0.2186593148636896,0.9831431396931344,0.14,False
19.619401083199634,0.0037491170404719593,0.21863690406988043,0.983141399707801,0.14,False
19.625601907246416,0.003749126400787244,0.21861442062795539,0.9831396537297427,0.14,False
19.6318027312932,0.003749135791369092,0.21859186448639276,0.9831379017514293,0.14,False
19.638003555339985,0.00374914521223867,0.21856923559438834,0.9831361437653701,0.14,False
19.644204379386768,0.0037491546634168186,0.21854653390185128,0.983134379764113,0.14,False
19.650405203433554,0.0037491641449240993,0.2185237593594111,0.9831326097402459,0.14,False
19.656606027480336,0.003749173656780773,0.2185009119184124,0.9831308336863955,0.14,False
19.662806851527122,0.003749183199006777,0.21847799153091801,0.9831290515952282,0.14,False
19.66900767557391,0.003749192771621811,0.21845499814970956,0.9831272634594495,0.14,False
19.67520849962069,0.0037492023746451913,0.21843193172828548,0.9831254692718047,0.14,False
19.681409323667474,0.0037492120080960035,0.21840879222086765,0.9831236690250785,0.14,False
19.687610147714256,0.0037492216719929965,0.21838557958239369,0.9831218627120952,0.14,False
19.69381097176104,0.003749231366354649,0.2183622937685232,0.9831200503257185,0.14,False
19.70001179580782,0.0037492410911991055,0.21833893473563504,0.983118231858852,0.14,False
19.706212619854607,0.003749250846544241,0.21831550244083,0.9831164073044392,0.14,False
19.71241344390139,0.003749260632407604,0.21829199684192901,0.9831145766554626,0.14,False
19.718614267948173,0.0037492704488064645,0.2182684178974739,0.9831127399049452,0.14,False
19.72481509199496,0.0037492802957577696,0.21824476556672817,0.9831108970459493,0.14,False
19.73101591604174,0.0037492901732781945,0.2182210398096782,0.9831090480715775,0.14,False
19.737216740088524,0.003749300081384084,0.21819724058703138,0.983107192974972,0.14,False
19.74341756413531,0.003749310020091508,0.21817336786021874,0.9831053317493148,0.14,False
19.749618388182093,0.0037493199894162174,0.21814942159139186,0.9831034643878283,0.14,False
19.755819212228875,0.003749329989373666,0.21812540174342662,0.9831015908837744,0.14,False
19.762020036275658,0.0037493400199790153,0.21810130827992055,0.9830997112304553,0.14,False
19.768220860322444,0.003749350081247091,0.21807714116519358,0.9830978254212132,0.14,False
19.774421684369226,0.0037493601731925516,0.21805290036429015,0.9830959334494297,0.14,False
19.780622508416013,0.0037493702958295563,0.21802858584297652,0.9830940353085277,0.14,False
19.7868233324628,0.0037493804491720677,0.21800419756774156,0.9830921309919695,0.14,False
19.79302415650958,0.003749390633233741,0.21797973550579725,0.9830902204932573,0.14,False
19.799224980556364,0.0037494008480279265,0.2179551996250795,0.9830883038059341,0.14,False
19.805425804603146,0.003749411093567688,0.21793058989424638,0.9830863809235827,0.14,False
19.81162662864993,0.0037494213698657537,0.2179059062826796,0.9830844518398261,0.14,False
19.817827452696715,0.0037494316769345814,0.21788114876048253,0.9830825165483275,0.14,False
19.824028276743498,0.0037494420147863284,0.21785631729848287,0.9830805750427903,0.14,False
19.83022910079028,0.003749452383432822,0.21783141186822869,0.9830786273169584,0.14,False
19.836429924837063,0.0037494627828856065,0.21780643244199258,0.9830766733646157,0.14,False
19.84263074888385,0.003749473213155943,0.217781378992768,0.9830747131795863,0.14,False
19.84883157293063,0.003749483674254755,0.21775625149427053,0.9830727467557349,0.14,False
19.855032396977418,0.003749494166192703,0.2177310499209383,0.9830707740869662,0.14,False
19.8612332210242,0.0037495046889801176,0.21770577424793183,0.9830687951672253,0.14,False
19.867434045070983,0.003749515242627031,0.21768042445113137,0.9830668099904978,0.14,False
19.873634869117765,0.0037495258271432247,0.21765500050713898,0.9830648185508092,0.14,False
19.879835693164548,0.0037495364425381103,0.21762950239327747,0.9830628208422255,0.14,False
19.88603651721133,0.0037495470888208237,0.2176039300875892,0.9830608168588534,0.14,False
19.89223734125812,0.0037495577660002365,0.21757828356883888,0.9830588065948392,0.14,False
19.898438165304903,0.0037495684740848716,0.21755256281650978,0.9830567900443703,0.14,False
19.904638989351685,0.0037495792130829687,0.21752676781080246,0.9830547672016737,0.14,False
19.91083981339847,0.00374958998300248,0.2175008985326405,0.9830527380610173,0.14,False
19.917040637445254,0.0037496007838510492,0.21747495496366276,0.9830507026167089,0.14,False
19.92324146149204,0.0037496116156360186,0.21744893708622684,0.9830486608630971,0.14,False
19.929442285538823,0.0037496224783644394,0.21742284488340916,0.9830466127945702,0.14,False
19.935643109585605,0.003749633372043058,0.2173966783390017,0.9830445584055572,0.14,False
19.941843933632388,0.003749644296678301,0.21737043743751372,0.9830424976905275,0.14,False
19.94804475767917,0.0037496552522763766,0.2173441221641702,0.9830404306439904,0.14,False
19.954245581725953,0.003749666238843108,0.2173177325049127,0.9830383572604958,0.14,False
19.960446405772736,0.0037496772563840415,0.21729126844639612,0.9830362775346339,0.14,False
19.966647229819525,0.0037496883049044404,0.2172647299759895,0.9830341914610348,0.14,False
19.972848053866308,0.00374969938440927,0.2172381170817776,0.9830320990343691,0.14,False
19.97904887791309,0.003749710494903208,0.21721142975255595,0.9830300002493477,0.14,False
19.985249701959873,0.0037497216363906005,0.21718466797783462,0.983027895100722,0.14,False
19.991450526006656,0.0037497328088755325,0.21715783174783457,0.9830257835832827,0.14,False
19.99765135005344,0.0037497440123617724,0.21713092105348553,0.9830236656918616,0.14,False
20.003852174100224,0.0037497552468528186,0.21710393588643093,0.9830215414213301,0.14,False
20.01005299814701,0.003749766512351835,0.21707687623902053,0.9830194107665999,0.14,False
20.016253822193793,0.0037497778088617204,0.21704974210431488,0.983017273722623,0.14,False
20.022454646240575,0.0037497891363850685,0.21702253347608172,0.9830151302843914,0.14,False
20.02865547028736,0.003749800494924167,0.21699525034879685,0.9830129804469371,0.14,False
20.034856294334148,0.003749811884481061,0.21696789271764047,0.9830108242053319,0.14,False
20.04105711838093,0.003749823305057438,0.21694046057849958,0.9830086615546882,0.14,False
20.047257942427713,0.003749834756654722,0.21691295392796622,0.9830064924901583,0.14,False
20.053458766474495,0.0037498462392740383,0.2168853727633355,0.983004317006934,0.14,False
20.059659590521278,0.0037498577529162165,0.2168577170826045,0.9830021351002475,0.14,False
20.06586041456806,0.0037498692975818063,0.21682998688447286,0.9829999467653707,0.14,False
20.072061238614847,0.0037498808732710585,0.21680218216834232,0.9829977519976155,0.14,False
20.07826206266163,0.003749892479983933,0.2167743029343133,0.9829955507923335,0.14,False
20.084462886708412,0.0037499041177200916,0.21674634918318533,0.9829933431449165,0.14,False
20.090663710755198,0.0037499157864789184,0.21671832091645712,0.9829911290507954,0.14,False
20.09686453480198,0.0037499274862594894,0.2166902181363222,0.9829889085054417,0.14,False
20.103065358848763,0.0037499392170606133,0.21666204084567225,0.9829866815043659,0.14,False
20.10926618289555,0.0037499509788807986,0.21663378904809202,0.9829844480431186,0.14,False
20.115467006942332,0.0037499627717182517,0.2166054627478609,0.9829822081172899,0.14,False
20.121667830989114,0.0037499745955709113,0.21657706194995088,0.9829799617225091,0.14,False
20.127868655035897,0.00374998645043642,0.21654858666002655,0.982977708854446,0.14,False
20.134069479082683,0.00374999833631213,0.2165200368844416,0.9829754495088091,0.14,False
20.140270303129466,0.003750010253195121,0.21649141263023972,0.9829731836813466,0.14,False
20.14647112717625,0.003750022201082157,0.216462713905152,0.9829709113678461,0.14,False
20.152671951223038,0.0037500341799697424,0.21643394071759817,0.982968632564135,0.14,False
20.15887277526982,0.003750046189854108,0.2164050930766814,0.9829663472660793,0.14,False
20.165073599316603,0.0037500582307311526,0.21637617099219178,0.9829640554695849,0.14,False
20.171274423363386,0.0037500703025965254,0.21634717447460242,0.9829617571705968,0.14,False
20.177475247410168,0.0037500824054455795,0.21631810353506695,0.9829594523650989,0.14,False
20.183676071456954,0.0037500945392733914,0.21628895818542068,0.9829571410491147,0.14,False
20.189876895503737,0.003750106704074756,0.2162597384381785,0.9829548232187063,0.14,False
20.19607771955052,0.0037501188998441885,0.2162304443065341,0.9829524988699754,0.14,False
20.202278543597302,0.003750131126575882,0.2162010758043569,0.9829501679990623,0.14,False
20.208479367644088,0.003750143384263806,0.21617163294619274,0.9829478306021465,0.14,False
20.21468019169087,0.0037501556729016314,0.21614211574726108,0.9829454866754459,0.14,False
20.220881015737657,0.0037501679924827397,0.21611252422345636,0.982943136215218,0.14,False
20.22708183978444,0.0037501803430002234,0.2160828583913399,0.9829407792177581,0.14,False
20.233282663831222,0.00375019272444692,0.2160531182681471,0.9829384156794012,0.14,False
20.239483487878005,0.0037502051368153745,0.21602330387178104,0.9829360455965206,0.14,False
20.245684311924787,0.003750217580097851,0.21599341522081156,0.9829336689655276,0.14,False
20.25188513597157,0.0037502300542863417,0.2159634523344743,0.982931285782873,0.14,False
20.25808596001836,0.0037502425593725686,0.21593341523267012,0.9829288960450457,0.14,False
20.264286784065142,0.0037502550953479688,0.21590330393596077,0.9829264997485727,0.14,False
20.270487608111925,0.003750267662203708,0.21587311846557097,0.9829240968900195,0.14,False
20.27668843215871,0.003750280259930667,0.21584285884338436,0.9829216874659904,0.14,False
20.282889256205493,0.003750292888519477,0.21581252509194326,0.9829192714731272,0.14,False
20.28909008025228,0.003750305547960475,0.21578211723444676,0.9829168489081104,0.14,False
20.295290904299062,0.003750318238243731,0.21575163529474875,0.982914419767658,0.14,False
20.301491728345844,0.0037503309593590437,0.21572107929735654,0.982911984048527,0.14,False
20.307692552392627,0.0037503437112959346,0.21569044926743083,0.9829095417475113,0.14,False
20.31389337643941,0.003750356494043668,0.21565974523078085,0.9829070928614434,0.14,False
20.320094200486192,0.0037503693075912233,0.21562896721386493,0.9829046373871934,0.14,False
20.32629502453298,0.00375038215192731,0.21559811524379088,0.9829021753216691,0.14,False
20.332495848579764,0.0037503950270403805,0.2155671893483076,0.9828997066618159,0.14,False
20.338696672626547,0.0037504079329186138,0.2155361895558114,0.9828972314046172,0.14,False
20.34489749667333,0.003750420869549924,0.21550511589533947,0.9828947495470932,0.14,False
20.351098320720112,0.003750433836921964,0.2154739683965699,0.9828922610863026,0.14,False
20.357299144766895,0.003750446835022093,0.21544274708981928,0.9828897660193405,0.14,False
20.36349996881368,0.003750459863837442,0.21541145200604137,0.9828872643433401,0.14,False
20.369700792860463,0.0037504729233548543,0.21538008317682358,0.9828847560554711,0.14,False
20.37590161690725,0.003750486013560939,0.2153486406343903,0.9828822411529408,0.14,False
20.382102440954032,0.0037504991344419094,0.21531712441159517,0.9828797196329938,0.14,False
20.388303265000815,0.003750512285983964,0.21528553454192256,0.9828771914929112,0.14,False
20.3945040890476,0.0037505254681728397,0.21525387105948446,0.9828746567300114,0.14,False
20.400704913094387,0.003750538680994094,0.2152221339990206,0.9828721153416492,0.14,False
20.40690573714117,0.003750551924433003,0.21519032339589386,0.9828695673252167,0.14,False
20.413106561187952,0.003750565198474577,0.21515843928609085,0.9828670126781421,0.14,False
20.419307385234735,0.0037505785031035845,0.21512648170622006,0.982864451397891,0.14,False
20.425508209281517,0.003750591838304514,0.21509445069350763,0.982861883481965,0.14,False
20.4317090333283,0.003750605204061623,0.21506234628579585,0.982859308927902,0.14,False
20.437909857375086,0.003750618600358889,0.21503016852154463,0.9828567277332764,0.14,False
20.44411068142187,0.0037506320271800727,0.21499791743982732,0.982854139895699,0.14,False
20.45031150546865,0.003750645484508606,0.21496559308032834,0.9828515454128169,0.14,False
20.456512329515437,0.003750658972327748,0.21493319548334086,0.982848944282313,0.14,False
20.46271315356222,0.003750672490620467,0.21490072468976737,0.982846336501906,0.14,False
20.468913977609002,0.0037506860393694817,0.2148681807411146,0.9828437220693511,0.14,False
20.47511480165579,0.0037506996185572633,0.21483556367949558,0.9828411009824392,0.14,False
20.48131562570257,0.0037507132281660235,0.21480287354762326,0.9828384732389964,0.14,False
20.487516449749354,0.0037507268681777482,0.21477011038881136,0.9828358388368851,0.14,False
20.493717273796136,0.003750740538574113,0.21473727424697142,0.9828331977740032,0.14,False
20.499918097842922,0.0037507542393366232,0.21470436516661057,0.9828305500482837,0.14,False
20.506118921889705,0.003750767970446498,0.2146713831928311,0.9828278956576951,0.14,False
20.51231974593649,0.003750781731884717,0.21463832837132726,0.9828252346002413,0.14,False
20.518520569983277,0.0037507955236320083,0.21460520074838138,0.9828225668739616,0.14,False
20.52472139403006,0.0037508093456688515,0.21457200037086527,0.9828198924769298,0.14,False
20.530922218076842,0.003750823197975498,0.21453872728623594,0.9828172114072551,0.14,False
20.537123042123625,0.003750837080531948,0.21450538154253646,0.982814523663082,0.14,False
20.543323866170407,0.003750850993317961,0.21447196318838851,0.9828118292425889,0.14,False
20.549524690217194,0.0037508649363130506,0.2144384722729961,0.9828091281439897,0.14,False
20.555725514263976,0.0037508789094964825,0.21440490884613922,0.9828064203655326,0.14,False
20.56192633831076,0.0037508929128473125,0.21437127295817432,0.9828037059055005,0.14,False
20.56812716235754,0.0037509069463443315,0.21433756466003184,0.9828009847622102,0.14,False
20.574327986404327,0.003750921009966109,0.2143037840032117,0.9827982569340138,0.14,False
20.580528810451113,0.0037509351036909273,0.21426993103978434,0.9827955224192967,0.14,False
20.586729634497896,0.0037509492274968937,0.21423600582238841,0.9827927812164792,0.14,False
20.59293045854468,0.0037509633813618817,0.21420200840422604,0.9827900333240149,0.14,False
20.59913128259146,0.0037509775652634944,0.21416793883906154,0.9827872787403918,0.14,False
20.605332106638244,0.0037509917791791175,0.21413379718122116,0.9827845174641318,0.14,False
20.611532930685026,0.0037510060230858803,0.21409958348558877,0.98278174949379,0.14,False
20.617733754731816,0.0037510202969607263,0.2140652978076068,0.9827789748279558,0.14,False
20.6239345787786,0.003751034600780339,0.21403094020326946,0.9827761934652519,0.14,False
20.63013540282538,0.003751048934521177,0.21399651072912368,0.9827734054043341,0.14,False
20.636336226872164,0.0037510632981594613,0.2139620094422657,0.9827706106438919,0.14,False
20.64253705091895,0.0037510776916712045,0.21392743640034106,0.982767809182648,0.14,False
20.648737874965732,0.003751092115032183,0.2138927916615391,0.9827650010193579,0.14,False
20.65493869901252,0.0037511065682179295,0.21385807528459308,0.9827621861528107,0.14,False
20.6611395230593,0.0037511210512037835,0.2138232873287759,0.9827593645818276,0.14,False
20.667340347106084,0.003751135563964844,0.21378842785390126,0.9827565363052634,0.14,False
20.673541171152866,0.0037511501064759864,0.21375349692031673,0.9827537013220049,0.14,False
20.67974199519965,0.003751164678711854,0.2137184945889058,0.9827508596309719,0.14,False
20.68594281924643,0.0037511792806468832,0.2136834209210842,0.9827480112311168,0.14,False
20.692143643293218,0.0037511939122552925,0.21364827597879624,0.982745156121424,0.14,False
20.698344467340004,0.0037512085735110635,0.2136130598245152,0.9827422943009104,0.14,False
20.704545291386786,0.0037512232643879756,0.21357777252123591,0.9827394257686248,0.14,False
20.71074611543357,0.0037512379848595873,0.21354241413248012,0.9827365505236486,0.14,False
20.71694693948035,0.0037512527348992283,0.2135069847222882,0.9827336685650944,0.14,False
20.723147763527134,0.0037512675144800254,0.21347148435521868,0.9827307798921071,0.14,False
20.72934858757392,0.003751282323574867,0.21343591309634677,0.9827278845038635,0.14,False
20.735549411620703,0.003751297162156487,0.21340027101126213,0.9827249823995713,0.14,False
20.74175023566749,0.0037513120301973448,0.21336455816606315,0.9827220735784704,0.14,False
20.74795105971427,0.00375132692766972,0.21332877462735925,0.9827191580398318,0.14,False
20.754151883761054,0.003751341854545673,0.21329292046226692,0.9827162357829576,0.14,False
20.76035270780784,0.0037513568107970406,0.21325699573840415,0.9827133068071814,0.14,False
20.766553531854626,0.0037513717963954703,0.21322100052389267,0.9827103711118675,0.14,False
20.77275435590141,0.0037513868113123712,0.2131849348873542,0.9827074286964116,0.14,False
20.77895517994819,0.0037514018555190073,0.2131487988979101,0.9827044795602399,0.14,False
20.785156003994974,0.0037514169289863813,0.21311259262517043,0.982701523702809,0.14,False
20.791356828041756,0.003751432031685287,0.21307631613924374,0.9826985611236069,0.14,False
20.79755765208854,0.0037514471635863534,0.21303996951072687,0.9826955918221515,0.14,False
20.803758476135325,0.003751462324659991,0.21300355281070382,0.982692615797991,0.14,False
20.809959300182108,0.0037514775148763937,0.21296706611074395,0.9826896330507044,0.14,False
20.81616012422889,0.0037514927342055695,0.2129305094829002,0.9826866435799003,0.14,False
20.822360948275676,0.0037515079826173146,0.2128938829997061,0.9826836473852176,0.14,False
20.82856177232246,0.003751523260081249,0.21285718673417486,0.982680644466325,0.14,False
20.83476259636924,0.0037515385665667705,0.21282042075979402,0.9826776348229208,0.14,False
20.840963420416028,0.0037515539020430808,0.21278358515052423,0.9826746184547335,0.14,False
20.84716424446281,0.003751569266479214,0.21274667998079977,0.9826715953615206,0.14,False
20.853365068509593,0.0037515846598439287,0.2127097053255203,0.9826685655430697,0.14,False
20.859565892556375,0.0037516000821059005,0.21267266126005469,0.982665528999197,0.14,False
20.86576671660316,0.0037516155332335613,0.21263554786023434,0.9826624857297482,0.14,False
20.871967540649944,0.0037516310131951265,0.21259836520235215,0.9826594357345982,0.14,False
20.87816836469673,0.0037516465219586586,0.21256111336316005,0.9826563790136508,0.14,False
20.884369188743516,0.003751662059492003,0.21252379241986755,0.9826533155668387,0.14,False
20.8905700127903,0.003751677625762836,0.21248640245013786,0.982650245394123,0.14,False
20.89677083683708,0.003751693220738633,0.21244894353208515,0.9826471684954942,0.14,False
20.902971660883864,0.003751708844386696,0.2124114157442741,0.9826440848709702,0.14,False
20.90917248493065,0.0037517244966741078,0.2123738191657156,0.9826409945205983,0.14,False
20.915373308977433,0.0037517401775677994,0.21233615387586566,0.9826378974444534,0.14,False
20.921574133024215,0.0037517558870345195,0.21229841995462184,0.9826347936426388,0.14,False
20.927774957070998,0.0037517716250408117,0.21226061748232142,0.982631683115286,0.14,False
20.93397578111778,0.00375178739155305,0.21222274653973863,0.9826285658625539,0.14,False
20.940176605164567,0.003751803186537426,0.21218480720808278,0.9826254418846296,0.14,False
20.946377429211353,0.0037518190099599565,0.2121467995689957,0.9826223111817276,0.14,False
20.952578253258135,0.003751834861786478,0.21210872370454886,0.9826191737540904,0.14,False
20.958779077304918,0.0037518507419826057,0.21207057969723936,0.9826160296019871,0.14,False
20.9649799013517,0.003751866650513866,0.2120323676299924,0.9826128787257151,0.14,False
20.971180725398483,0.003751882587345544,0.2119940875861532,0.9826097211255981,0.14,False
20.977381549445266,0.003751898552442766,0.211955739649487,0.9826065568019872,0.14,False
20.983582373492055,0.0037519145457704825,0.21191732390417764,0.9826033857552605,0.14,False
20.989783197538838,0.0037519305672934797,0.21187884043482433,0.982600207985823,0.14,False
20.99598402158562,0.003751946616976352,0.211840289326437,0.982597023494106,0.14,False
21.002184845632403,0.0037519626947835416,0.21180167066443747,0.9825938322805681,0.14,False
21.00838566967919,0.0037519788006793327,0.2117629845346545,0.9825906343456933,0.14,False
21.01458649372597,0.0037519949346278042,0.21172423102332158,0.9825874296899928,0.14,False
21.020787317772758,0.003752011096592891,0.21168541021707626,0.9825842183140036,0.14,False
21.02698814181954,0.003752027286538361,0.21164652220295338,0.9825810002182888,0.14,False
21.033188965866323,0.003752043504427817,0.21160756706838962,0.9825777754034377,0.14,False
21.039389789913105,0.00375205975022469,0.21156854490121385,0.9825745438700652,0.14,False
21.045590613959888,0.0037520760238922597,0.2115294557896492,0.9825713056188118,0.14,False
21.05179143800667,0.003752092325393628,0.2114902998223087,0.9825680606503439,0.14,False
21.057992262053457,0.003752108654691724,0.2114510770881944,0.9825648089653536,0.14,False
21.064193086100243,0.0037521250117493635,0.21141178767669153,0.9825615505645573,0.14,False
21.070393910147025,0.003752141396529165,0.2113724316775694,0.9825582854486979,0.14,False
21.076594734193808,0.0037521578089935895,0.21133300918097805,0.9825550136185424,0.14,False
21.08279555824059,0.003752174249104961,0.21129352027744402,0.9825517350748832,0.14,False
21.088996382287373,0.0037521907168254296,0.21125396505787233,0.9825484498185377,0.14,False
21.09519720633416,0.003752207212116992,0.21121434361353747,0.9825451578503478,0.14,False
21.101398030380942,0.0037522237349414908,0.21117465603608673,0.9825418591711799,0.14,False
21.107598854427728,0.00375224028526062,0.21113490241753527,0.9825385537819253,0.14,False
21.11379967847451,0.0037522568630359286,0.21109508285026318,0.9825352416834991,0.14,False
21.120000502521293,0.0037522734682288047,0.21105519742701304,0.982531922876841,0.14,False
21.126201326568076,0.003752290100800475,0.21101524624088966,0.9825285973629149,0.14,False
21.132402150614865,0.0037523067607120393,0.2109752293853561,0.9825252651427084,0.14,False
21.138602974661648,0.0037523234479244407,0.21093514695422977,0.982521926217233,0.14,False
21.14480379870843,0.00375234016239847,0.21089499904168155,0.9825185805875243,0.14,False
21.151004622755213,0.0037523569040947904,0.210854785742234,0.9825152282546409,0.14,False
21.157205446801996,0.0037523736729738657,0.2108145071507574,0.9825118692196654,0.14,False
21.16340627084878,0.0037523904689960937,0.21077416336246635,0.9825085034837037,0.14,False
21.169607094895564,0.003752407292121671,0.210733754472922,0.9825051310478845,0.14,False
21.175807918942347,0.003752424142310683,0.21069328057802314,0.9825017519133602,0.14,False
21.18200874298913,0.0037524410195230585,0.2106527417740102,0.9824983660813063,0.14,False
21.188209567035916,0.0037524579237185945,0.21061213815745544,0.9824949735529199,0.14,False
21.194410391082698,0.0037524748548569496,0.21057146982526856,0.9824915743294225,0.14,False
21.20061121512948,0.003752491812897624,0.21053073687468757,0.9824881684120571,0.14,False
21.206812039176267,0.0037525087978000247,0.21048993940328195,0.98248475580209,0.14,False
21.21301286322305,0.0037525258095233776,0.21044907750894506,0.9824813365008094,0.14,False
21.219213687269832,0.003752542848026802,0.21040815128989415,0.9824779105095254,0.14,False
21.225414511316618,0.0037525599132692666,0.21036716084466753,0.9824744778295712,0.14,False
21.2316153353634,0.003752577005209631,0.21032610627212261,0.9824710384623009,0.14,False
21.237816159410187,0.0037525941238065984,0.2102849876714342,0.9824675924090914,0.14,False
21.24401698345697,0.00375261126901872,0.21024380514208874,0.982464139671341,0.14,False
21.250217807503756,0.003752628440804482,0.21020255878388627,0.9824606802504696,0.14,False
21.256418631550538,0.0037526456391221994,0.2101612486969336,0.9824572141479185,0.14,False
21.26261945559732,0.0037526628639300602,0.21011987498164647,0.9824537413651508,0.14,False
21.268820279644103,0.0037526801151861544,0.21007843773874454,0.9824502619036504,0.14,False
21.27502110369089,0.003752697392848402,0.21003693706924592,0.9824467757649225,0.14,False
21.281221927737672,0.0037527146968746416,0.2099953730744707,0.9824432829504933,0.14,False
21.287422751784455,0.0037527320272225475,0.2099537458560356,0.9824397834619101,0.14,False
21.293623575831237,0.0037527493838497013,0.2099120555158519,0.9824362773007407,0.14,False
21.29982439987802,0.003752766766713556,0.20987030215612182,0.9824327644685737,0.14,False
21.306025223924802,0.0037527841757714468,0.2098284858793381,0.9824292449670183,0.14,False
21.312226047971592,0.0037528016109805756,0.20978660678828004,0.9824257187977038,0.14,False
21.318426872018374,0.0037528190722980422,0.20974466498601121,0.98242218596228,0.14,False
21.324627696065157,0.0037528365596808037,0.20970266057587825,0.982418646462417,0.14,False
21.33082852011194,0.0037528540730857314,0.20966059366150763,0.9824151002998045,0.14,False
21.337029344158722,0.0037528716124695686,0.20961846434680365,0.9824115474761527,0.14,False
21.343230168205505,0.003752889177788946,0.20957627273594442,0.9824079879931907,0.14,False
21.349430992252294,0.0037529067690003793,0.20953401893338244,0.9824044218526684,0.14,False
21.355631816299077,0.00375292438606026,0.20949170304383785,0.9824008490563544,0.14,False
21.36183264034586,0.0037529420289248885,0.20944932517230277,0.9823972696060369,0.14,False
21.368033464392642,0.003752959697550436,0.2094068854240296,0.9823936835035236,0.14,False
21.37423428843943,0.003752977391892979,0.20936438390453854,0.9823900907506411,0.14,False
21.38043511248621,0.0037529951119084793,0.20932182071960795,0.9823864913492354,0.14,False
21.386635936532997,0.0037530128575527805,0.2092791959752761,0.9823828853011712,0.14,False
21.39283676057978,0.0037530306287816536,0.20923650977783645,0.9823792726083321,0.14,False
21.399037584626562,0.0037530484255507207,0.20919376223383496,0.9823756532726202,0.14,False
21.405238408673345,0.0037530662478155175,0.20915095345007065,0.9823720272959563,0.14,False
21.411439232720127,0.003753084095531489,0.2091080835335911,0.9823683946802798,0.14,False
21.41764005676691,0.003753101968653965,0.20906515259169045,0.9823647554275482,0.14,False
21.423840880813696,0.003753119867138178,0.20902216073190683,0.9823611095397375,0.14,False
21.430041704860482,0.003753137790939248,0.20897910806202,0.9823574570188414,0.14,False
21.436242528907265,0.0037531557400122097,0.20893599469004923,0.9823537978668717,0.14,False
21.442443352954047,0.0037531737143119983,0.2088928207242521,0.9823501320858582,0.14,False
21.44864417700083,0.003753191713793436,0.20884958627311817,0.9823464596778482,0.14,False
21.454845001047612,0.003753209738411264,0.20880629144537247,0.9823427806449069,0.14,False
21.4610458250944,0.0037532277881201143,0.20876293634996915,0.9823390949891165,0.14,False
21.46724664914118,0.0037532458628745475,0.2087195210960912,0.9823354027125774,0.14,False
21.473447473187967,0.003753263962629005,0.20867604579314528,0.9823317038174061,0.14,False
21.47964829723475,0.0037532820873378506,0.20863251055076298,0.9823279983057372,0.14,False
21.485849121281532,0.003753300236955327,0.208588915478795,0.982324286179722,0.14,False
21.492049945328315,0.003753318411435638,0.20854526068731222,0.9823205674415285,0.14,False
21.498250769375105,0.0037533366107328665,0.2085015462866021,0.9823168420933416,0.14,False
21.504451593421887,0.003753354834800999,0.20845777238716506,0.9823131101373629,0.14,False
21.51065241746867,0.003753373083593947,0.20841393909971384,0.9823093715758103,0.14,False
21.516853241515452,0.0037533913570655304,0.20837004653517022,0.9823056264109186,0.14,False
21.523054065562235,0.00375340965516949,0.20832609480466427,0.9823018746449383,0.14,False
21.529254889609017,0.0037534279778594585,0.20828208401952952,0.9822981162801366,0.14,False
21.535455713655804,0.003753446325089007,0.20823801429130293,0.9822943513187966,0.14,False
21.541656537702586,0.003753464696811624,0.2081938857317224,0.982290579763217,0.14,False
21.54785736174937,0.0037534830929807066,0.20814969845272324,0.9822868016157127,0.14,False
21.554058185796155,0.003753501513549582,0.20810545256643648,0.9822830168786141,0.14,False
21.560259009842937,0.0037535199584714774,0.208061148185188,0.9822792255542675,0.14,False
21.566459833889724,0.0037535384276995167,0.20801678542149385,0.9822754276450344,0.14,False
21.572660657936506,0.0037535569211868203,0.2079723643880593,0.9822716231532918,0.14,False
21.57886148198329,0.0037535754388863807,0.20792788519777916,0.9822678120814317,0.14,False
21.58506230603007,0.0037535939807511126,0.20788334796372868,0.9822639944318614,0.14,False
21.591263130076857,0.0037536125467338677,0.20783875279916825,0.9822601702070033,0.14,False
21.59746395412364,0.0037536311367874263,0.20779409981753877,0.9822563394092946,0.14,False
21.603664778170426,0.0037536497508644647,0.20774938913245847,0.9822525020411873,0.14,False
21.60986560221721,0.0037536683889176268,0.20770462085772193,0.9822486581051478,0.14,False
21.616066426263995,0.003753687050899461,0.2076597951072977,0.9822448076036577,0.14,False
21.622267250310777,0.0037537057367624444,0.20761491199532395,0.9822409505392123,0.14,False
21.62846807435756,0.0037537244464589917,0.2075699716361106,0.9822370869143217,0.14,False
21.634668898404342,0.0037537431799414545,0.2075249741441341,0.9822332167315098,0.14,False
21.64086972245113,0.0037537619371620823,0.20747991963403478,0.9822293399933151,0.14,False
21.64707054649791,0.0037537807180730845,0.2074348082206174,0.9822254567022898,0.14,False
21.653271370544694,0.003753799522626602,0.20738964001884655,0.9822215668609998,0.14,False
21.659472194591476,0.0037538183507747147,0.20734441514384622,0.9822176704720252,0.14,False
21.66567301863826,0.00375383720246943,0.20729913371089562,0.9822137675379592,0.14,False
21.67187384268504,0.003753856077662675,0.20725379583542888,0.9822098580614091,0.14,False
21.67807466673183,0.003753874976306331,0.20720840163303098,0.982205942044995,0.14,False
21.684275490778614,0.003753893898352225,0.20716295121943962,0.9822020194913509,0.14,False
21.690476314825396,0.0037539128437521084,0.20711744471053775,0.9821980904031233,0.14,False
21.69667713887218,0.0037539318124576748,0.20707188222235612,0.9821941547829727,0.14,False
21.70287796291896,0.003753950804420555,0.20702626387106787,0.9821902126335716,0.14,False
21.709078786965744,0.003753969819592335,0.20698058977298817,0.9821862639576062,0.14,False
21.715279611012534,0.003753988857924521,0.20693486004457143,0.9821823087577748,0.14,False
21.721480435059316,0.003754007919368566,0.20688907480240906,0.9821783470367885,0.14,False
21.7276812591061,0.0037540270038758884,0.20684323416322925,0.9821743787973712,0.14,False
21.73388208315288,0.0037540461113978337,0.20679733824389163,0.982170404042259,0.14,False
21.740082907199668,0.0037540652418856955,0.20675138716138855,0.9821664227742002,0.14,False
21.74628373124645,0.0037540843952907164,0.20670538103284014,0.9821624349959557,0.14,False
21.752484555293236,0.0037541035715640625,0.2066593199754948,0.9821584407102979,0.14,False
21.75868537934002,0.0037541227706568963,0.20661320410672498,0.9821544399200115,0.14,False
21.7648862033868,0.0037541419925202933,0.20656703354402617,0.9821504326278931,0.14,False
21.771087027433584,0.0037541612371052844,0.2065208084050158,0.9821464188367512,0.14,False
21.777287851480366,0.003754180504362854,0.20647452880742984,0.9821423985494057,0.14,False
21.78348867552715,0.0037541997942439494,0.2064281948691193,0.9821383717686877,0.14,False
21.789689499573935,0.003754219106699424,0.2063818067080523,0.9821343384974406,0.14,False
21.79589032362072,0.0037542384416801365,0.2063353644423089,0.9821302987385186,0.14,False
21.802091147667504,0.0037542577991368955,0.20628886819008058,0.982126252494787,0.14,False
21.808291971714286,0.0037542771790204364,0.20624231806966714,0.9821221997691226,0.14,False
21.81449279576107,0.0037542965812814677,0.20619571419947574,0.982118140564413,0.14,False
21.82069361980785,0.003754316005870661,0.2061490566980182,0.9821140748835566,0.14,False
21.826894443854638,0.0037543354527386145,0.20610234568390798,0.9821100027294627,0.14,False
21.833095267901424,0.003754354921835912,0.2060555812758623,0.9821059241050516,0.14,False
21.839296091948206,0.003754374413113085,0.20600876359269568,0.9821018390132535,0.14,False
21.84549691599499,0.0037543939265206354,0.2059618927533192,0.9820977474570097,0.14,False
21.85169774004177,0.0037544134620090134,0.20591496887673957,0.9820936494392716,0.14,False
21.857898564088558,0.0037544330195286436,0.20586799208205833,0.9820895449630012,0.14,False
21.864099388135344,0.0037544525990298727,0.20582096248846463,0.9820854340311699,0.14,False
21.870300212182126,0.0037544722004630754,0.2057738802152416,0.9820813166467601,0.14,False
21.87650103622891,0.0037544918237785423,0.20572674538175575,0.9820771928127635,0.14,False
21.88270186027569,0.003754511468926545,0.20567955810746094,0.982073062532182,0.14,False
21.888902684322474,0.0037545311358573134,0.20563231851189348,0.9820689258080271,0.14,False
21.89510350836926,0.003754550824521053,0.20558502671467352,0.9820647826433199,0.14,False
21.901304332416043,0.00375457053486793,0.20553768283549945,0.9820606330410911,0.14,False
21.907505156462825,0.0037545902668480713,0.20549028699414718,0.9820564770043814,0.14,False
21.913705980509608,0.003754610020411593,0.2054428393104707,0.9820523145362399,0.14,False
21.919906804556394,0.00375462979550855,0.20539533990439648,0.9820481456397253,0.14,False
21.926107628603177,0.003754649592089,0.20534778889592378,0.982043970317906,0.14,False
21.932308452649963,0.003754669410102948,0.20530018640512193,0.9820397885738587,0.14,False
21.938509276696745,0.00375468924950036,0.20525253255212972,0.9820356004106692,0.14,False
21.944710100743528,0.0037547091102312115,0.20520482745715268,0.9820314058314328,0.14,False
21.95091092479031,0.003754728992245431,0.20515707124046131,0.9820272048392525,0.14,False
21.957111748837097,0.0037547488954929186,0.2051092640223897,0.9820229974372409,0.14,False
21.96331257288388,0.003754768819923552,0.20506140592333208,0.9820187836285186,0.14,False
21.969513396930665,0.003754788765487169,0.2050134970637423,0.9820145634162146,0.14,False
21.975714220977448,0.00375480873213362,0.20496553756413394,0.9820103368034668,0.14,False
21.981915045024234,0.003754828719812697,0.20491752754507386,0.9820061037934208,0.14,False
21.988115869071017,0.0037548487284741828,0.2048694671271855,0.9820018643892305,0.14,False
21.9943166931178,0.0037548687580678483,0.20482135643114394,0.9819976185940579,0.14,False
22.00051751716458,0.0037548888085434154,0.20477319557767348,0.9819933664110733,0.14,False
22.006718341211368,0.0037549088798506085,0.20472498468754918,0.9819891078434541,0.14,False
22.01291916525815,0.0037549289719391358,0.20467672388159286,0.9819848428943863,0.14,False
22.019119989304933,0.0037549490847586693,0.20462841328067075,0.9819805715670628,0.14,False
22.025320813351716,0.003754969218258873,0.20458005300569337,0.9819762938646848,0.14,False
22.031521637398498,0.0037549893723893913,0.20453164317761396,0.9819720097904606,0.14,False
22.03772246144528,0.003755009547099847,0.204483183917424,0.9819677193476058,0.14,False
22.04392328549207,0.003755029742339858,0.20443467534615556,0.9819634225393437,0.14,False
22.050124109538853,0.003755049958059024,0.20438611758487668,0.9819591193689041,0.14,False
22.056324933585636,0.0037550701942069176,0.204337510754691,0.9819548098395249,0.14,False
22.062525757632418,0.003755090450733118,0.2042888549767342,0.9819504939544502,0.14,False
22.0687265816792,0.0037551107275871675,0.20424015037217444,0.9819461717169312,0.14,False
22.074927405725987,0.003755131024718604,0.20419139706220998,0.981941843130226,0.14,False
22.081128229772773,0.0037551513420769752,0.20414259516806785,0.9819375081975998,0.14,False
22.087329053819555,0.0037551716796117925,0.20409374481100037,0.9819331669223237,0.14,False
22.093529877866338,0.003755192037272572,0.204044846112287,0.9819288193076757,0.14,False
22.09973070191312,0.003755212415008803,0.2039958991932287,0.9819244653569406,0.14,False
22.105931525959907,0.0037552328127699783,0.20394690417514935,0.981920105073409,0.14,False
22.112132350006693,0.003755253230505585,0.20389786117939296,0.9819157384603784,0.14,False
22.118333174053475,0.003755273668165092,0.2038487703273216,0.9819113655211518,0.14,False
22.124533998100258,0.003755294125697967,0.2037996317403131,0.9819069862590386,0.14,False
22.13073482214704,0.003755314603053674,0.20375044553976396,0.9819026006773545,0.14,False
22.136935646193823,0.003755335100181663,0.20370121184707973,0.9818982087794206,0.14,False
22.143136470240606,0.003755355617031407,0.2036519307836823,0.9818938105685641,0.14,False
22.14933729428739,0.003755376153552287,0.203602602471001,0.9818894060481181,0.14,False
22.155538118334174,0.0037553967096938057,0.20355322703047588,0.981884995221421,0.14,False
22.16173894238096,0.003755417285405383,0.2035038045835545,0.9818805780918171,0.14,False
22.167939766427743,0.0037554378806364543,0.2034543352516886,0.9818761546626558,0.14,False
22.174140590474526,0.003755458495336456,0.20340481915633568,0.9818717249372921,0.14,False
22.18034141452131,0.0037554791294548175,0.20335525641895427,0.9818672889190864,0.14,False
22.186542238568094,0.003755499782940973,0.20330564716100688,0.9818628466114041,0.14,False
22.192743062614877,0.003755520455744363,0.20325599150395257,0.9818583980176159,0.14,False
22.198943886661663,0.0037555411478144146,0.2032062895692503,0.9818539431410975,0.14,False
22.205144710708446,0.003755561859100572,0.2031565414783567,0.9818494819852296,0.14,False
22.211345534755228,0.003755582589552269,0.20310674735271997,0.9818450145533973,0.14,False
22.21754635880201,0.0037556033391189206,0.20305690731378426,0.9818405408489914,0.14,False
22.223747182848797,0.0037556241077499994,0.20300702148298622,0.9818360608754068,0.14,False
22.229948006895583,0.0037556448953949533,0.20295708998175208,0.9818315746360426,0.14,False
22.236148830942366,0.0037556657020032217,0.20290711293149846,0.9818270821343036,0.14,False
22.242349654989148,0.0037556865275242633,0.20285709045362638,0.981822583373598,0.14,False
22.24855047903593,0.0037557073719075487,0.20280702266952721,0.9818180783573387,0.14,False
22.254751303082713,0.0037557282351025215,0.20275690970057372,0.9818135670889432,0.14,False
22.2609521271295,0.00375574911705869,0.2027067516681245,0.9818090495718328,0.14,False
22.267152951176282,0.0037557700177255258,0.20265654869351962,0.9818045258094331,0.14,False
22.273353775223065,0.0037557909370525213,0.20260630089807768,0.9817999958051735,0.14,False
22.279554599269847,0.003755811874989168,0.20255600840309793,0.9817954595624879,0.14,False
22.285755423316633,0.0037558328314849796,0.20250567132985783,0.9817909170848135,0.14,False
22.291956247363416,0.00375585380648947,0.20245528979960797,0.9817863683755915,0.14,False
22.298157071410202,0.0037558747999521867,0.2024048639335765,0.9817818134382668,0.14,False
22.304357895456985,0.003755895811822667,0.20235439385296367,0.9817772522762876,0.14,False
22.310558719503767,0.0037559168420504578,0.20230387967894378,0.9817726848931068,0.14,False
22.31675954355055,0.0037559378905851182,0.2022533215326592,0.9817681112921794,0.14,False
22.322960367597336,0.003755958957376234,0.20220271953522398,0.9817635314769647,0.14,False
22.32916119164412,0.0037559800423733972,0.2021520738077175,0.9817589454509249,0.14,False
22.335362015690905,0.0037560011455262106,0.20210138447118592,0.9817543532175254,0.14,False
22.341562839737687,0.0037560222667842908,0.20205065164664193,0.9817497547802347,0.14,False
22.347763663784473,0.0037560434060972788,0.20199987545506307,0.9817451501425251,0.14,False
22.353964487831256,0.003756064563414827,0.20194905601738633,0.9817405393078709,0.14,False
22.36016531187804,0.003756085738686587,0.20189819345451218,0.98173592227975,0.14,False
22.36636613592482,0.003756106931862245,0.2018472878873011,0.981731299061643,0.14,False
22.372566959971607,0.003756128142891508,0.20179633943657052,0.9817266696570331,0.14,False
22.37876778401839,0.003756149371724088,0.20174534822309603,0.9817220340694064,0.14,False
22.384968608065172,0.0037561706183097355,0.20169431436760976,0.9817173923022515,0.14,False
22.391169432111955,0.0037561918825982027,0.2016432379907985,0.9817127443590596,0.14,False
22.397370256158737,0.003756213164539244,0.20159211921330067,0.9817080902433245,0.14,False
22.40357108020552,0.0037562344640826714,0.20154095815570844,0.9817034299585422,0.14,False
22.40977190425231,0.003756255781178308,0.2014897549385643,0.9816987635082108,0.14,False
22.415972728299092,0.003756277115775979,0.2014385096823611,0.9816940908958313,0.14,False
22.422173552345875,0.003756298467825543,0.2013872225075388,0.9816894121249062,0.14,False
22.428374376392657,0.0037563198372768834,0.20133589353448583,0.9816847271989407,0.14,False
22.43457520043944,0.0037563412240798825,0.20128452288353477,0.9816800361214416,0.14,False
22.44077602448623,0.003756362628184486,0.20123311067496485,0.981675338895918,0.14,False
22.446976848533012,0.0037563840495406335,0.20118165702899737,0.9816706355258804,0.14,False
22.453177672579795,0.0037564054880983066,0.20113016206579645,0.9816659260148414,0.14,False
22.459378496626577,0.0037564269438074985,0.20107862590546735,0.9816612103663155,0.14,False
22.46557932067336,0.003756448416618224,0.20102704866805474,0.9816564885838187,0.14,False
22.471780144720146,0.0037564699064805427,0.20097543047354302,0.9816517606708687,0.14,False
22.477980968766932,0.0037564914133445225,0.20092377144185225,0.9816470266309845,0.14,False
22.484181792813715,0.003756512937160269,0.20087207169284002,0.9816422864676868,0.14,False
22.490382616860497,0.0037565344778779032,0.2008203313462983,0.9816375401844973,0.14,False
22.49658344090728,0.0037565560354475926,0.20076855052195453,0.9816327877849399,0.14,False
22.502784264954062,0.003756577609819481,0.2007167293394675,0.9816280292725388,0.14,False
22.508985089000845,0.0037565992009438226,0.20066486791842775,0.9816232646508198,0.14,False
22.51518591304763,0.003756620808770848,0.20061296637835646,0.9816184939233098,0.14,False
22.521386737094414,0.0037566424332508208,0.20056102483870436,0.9816137170935366,0.14,False
22.527587561141196,0.003756664074334038,0.20050904341884992,0.9816089341650293,0.14,False
22.533788385187982,0.0037566857319708395,0.20045702223810052,0.9816041451413174,0.14,False
22.539989209234765,0.0037567074061115755,0.20040496141568861,0.9815993500259318,0.14,False
22.546190033281547,0.0037567290967066434,0.20035286107077088,0.9815945488224039,0.14,False
22.552390857328334,0.0037567508037064635,0.2003007213224286,0.9815897415342659,0.14,False
22.558591681375116,0.0037567725270614945,0.20024854228966546,0.9815849281650506,0.14,False
22.564792505421902,0.0037567942667222293,0.20019632409140625,0.981580108718291,0.14,False
22.570993329468685,0.003756816022639196,0.20014406684649794,0.9815752831975215,0.14,False
22.577194153515467,0.0037568377947629116,0.20009177067370573,0.9815704516062762,0.14,False
22.58339497756225,0.0037568595830439924,0.2000394356917141,0.9815656139480896,0.14,False
22.589595801609036,0.00375688138743307,0.19998706201912492,0.9815607702264972,0.14,False
22.595796625655822,0.0037569032078807844,0.19993464977445552,0.981555920445034,0.14,False
22.601997449702605,0.0037569250443378424,0.19988219907614035,0.9815510646072356,0.14,False
22.608198273749387,0.003756946896754969,0.19982971004252548,0.9815462027166374,0.14,False
22.61439909779617,0.003756968765082916,0.19977718279187315,0.9815413347767754,0.14,False
22.620599921842953,0.0037569906492725,0.19972461744235673,0.9815364607911851,0.14,False
22.62680074588974,0.0037570125492745535,0.19967201411206,0.9815315807634023,0.14,False
22.63300156993652,0.0037570344650399577,0.19961937291897888,0.9815266946969622,0.14,False
22.639202393983304,0.003757056396519624,0.19956669398101665,0.9815218025954004,0.14,False
22.645403218030086,0.003757078343664521,0.1995139774159855,0.981516904462252,0.14,False
22.651604042076873,0.0037571003064255887,0.1994612233416055,0.9815120003010516,0.14,False
22.657804866123655,0.0037571222847538935,0.19940843187550222,0.9815070901153338,0.14,False
22.66400569017044,0.0037571442786005034,0.1993556031352084,0.9815021739086325,0.14,False
22.670206514217224,0.003757166287916528,0.19930273723815997,0.9814972516844812,0.14,False
22.676407338264006,0.0037571883126531085,0.19924983430169524,0.9814923234464128,0.14,False
22.682608162310792,0.0037572103527614385,0.19919689444305644,0.9814873891979599,0.14,False
22.688808986357575,0.003757232408192737,0.19914391777938673,0.981482448942654,0.14,False
22.695009810404358,0.003757254478898282,0.19909090442773103,0.9814775026840262,0.14,False
22.701210634451144,0.003757276564829396,0.19903785450503178,0.9814725504256063,0.14,False
22.707411458497926,0.003757298665937425,0.19898476812813262,0.9814675921709242,0.14,False
22.71361228254471,0.003757320782173769,0.19893164541377398,0.981462627923508,0.14,False
22.719813106591495,0.003757342913489879,0.19887848647859388,0.9814576576868854,0.14,False
22.726013930638278,0.0037573650598372197,0.198825291439125,0.981452681464583,0.14,False
22.73221475468506,0.003757387221167333,0.1987720604117963,0.9814476992601259,0.14,False
22.738415578731846,0.0037574093974317786,0.1987187935129316,0.9814427110770386,0.14,False
22.74461640277863,0.003757431588582183,0.1986654908587465,0.9814377169188441,0.14,False
22.75081722682541,0.003757453794570208,0.19861215256535142,0.9814327167890644,0.14,False
22.757018050872194,0.003757476015347554,0.1985587787487461,0.9814277106912201,0.14,False
22.763218874918977,0.0037574982508659692,0.19850536952482223,0.9814226986288305,0.14,False
22.76941969896576,0.0037575205010772572,0.1984519250093618,0.9814176806054133,0.14,False
22.77562052301255,0.003757542765933264,0.1983984453180355,0.981412656624485,0.14,False
22.78182134705933,0.0037575650453858783,0.19834493056640193,0.9814076266895602,0.14,False
22.788022171106114,0.003757587339387034,0.19829138086990886,0.9814025908041527,0.14,False
22.794222995152897,0.003757609647888701,0.19823779634388813,0.9813975489717738,0.14,False
22.80042381919968,0.0037576319708429247,0.19818417710355937,0.9813925011959337,0.14,False
22.80662464324647,0.0037576543082017883,0.19813052326402672,0.9813874474801406,0.14,False
22.81282546729325,0.0037576766599174164,0.1980768349402786,0.9813823878279012,0.14,False
22.819026291340034,0.003757699025941981,0.19802311224718644,0.9813773222427201,0.14,False
22.825227115386816,0.0037577214062277163,0.19796935529950463,0.9813722507281001,0.14,False
22.8314279394336,0.0037577438007268837,0.1979155642118697,0.981367173287542,0.14,False
22.837628763480385,0.0037577662093918117,0.19786173909879803,0.9813620899245448,0.14,False
22.84382958752717,0.0037577886321748795,0.19780788007468778,0.9813570006426052,0.14,False
22.850030411573954,0.00375781106902851,0.19775398725381563,0.9813519054452182,0.14,False
22.856231235620736,0.0037578335199051735,0.19770006075033783,0.9813468043358764,0.14,False
22.86243205966752,0.0037578559847573907,0.19764610067828733,0.9813416973180701,0.14,False
22.8686328837143,0.0037578784635377603,0.19759210715157574,0.9813365843952875,0.14,False
22.874833707761084,0.003757900956198852,0.1975380802839907,0.9813314655710147,0.14,False
22.88103453180787,0.0037579234626934025,0.19748402018919453,0.9813263408487352,0.14,False
22.887235355854653,0.003757945982974121,0.197429926980727,0.9813212102319301,0.14,False
22.893436179901435,0.0037579685169938006,0.19737580077200023,0.9813160737240783,0.14,False
22.89963700394822,0.0037579910647052633,0.1973216416762995,0.9813109313286561,0.14,False
22.905837827995004,0.003758013626061413,0.19726744980678493,0.9813057830491371,0.14,False
22.912038652041787,0.003758036201015171,0.19721322527648796,0.9813006288889924,0.14,False
22.918239476088573,0.003758058789519551,0.1971589681983102,0.9812954688516908,0.14,False
22.924440300135355,0.0037580813915275967,0.19710467868502649,0.981290302940698,0.14,False
22.93064112418214,0.0037581040069924123,0.1970503568492811,0.9812851311594771,0.14,False
22.936841948228924,0.003758126635867159,0.19699600280358495,0.9812799535114887,0.14,False
22.943042772275707,0.0037581492781050504,0.19694161666032195,0.9812747700001901,0.14,False
22.94924359632249,0.0037581719336593155,0.19688719853174158,0.9812695806290364,0.14,False
22.955444420369275,0.0037581946024833326,0.19683274852996138,0.981264385401479,0.14,False
22.96164524441606,0.0037582172845304638,0.1967782667669657,0.9812591843209668,0.14,False
22.967846068462844,0.00375823997975414,0.19672375335460415,0.9812539773909458,0.14,False
22.974046892509627,0.0037582626881078494,0.19666920840459406,0.9812487646148587,0.14,False
22.98024771655641,0.0037582854095451297,0.19661463202851504,0.9812435459961455,0.14,False
22.98644854060319,0.003758308144019588,0.19656002433781086,0.9812383215382422,0.14,False
22.992649364649978,0.0037583308914848888,0.1965053854437918,0.9812330912445828,0.14,False
22.99885018869676,0.0037583536518947473,0.19645071545762882,0.9812278551185972,0.14,False
23.005051012743543,0.0037583764252029435,0.19639601449035618,0.9812226131637126,0.14,False
23.011251836790326,0.0037583992113632897,0.1963412826528685,0.9812173653833525,0.14,False
23.01745266083711,0.0037584220103296963,0.1962865200559222,0.9812121117809369,0.14,False
23.023653484883894,0.0037584448220561043,0.19623172681013504,0.9812068523598829,0.14,False
23.02985430893068,0.0037584676464964975,0.19617690302598398,0.9812015871236043,0.14,False
23.036055132977463,0.0037584904836049675,0.19612204881380524,0.9811963160755107,0.14,False
23.042255957024246,0.0037585133333356267,0.1960671642837945,0.9811910392190086,0.14,False
23.04845678107103,0.0037585361956426534,0.1960122495460051,0.9811857565575011,0.14,False
23.054657605117814,0.0037585590704802994,0.19595730471034817,0.9811804680943873,0.14,False
23.060858429164597,0.00375858195780286,0.1959023298865912,0.981175173833063,0.14,False
23.067059253211383,0.0037586048575646933,0.19584732518435902,0.9811698737769201,0.14,False
23.073260077258166,0.0037586277697202243,0.19579229071313192,0.9811645679293468,0.14,False
23.079460901304948,0.0037586506942239263,0.1957372265822469,0.9811592562937277,0.14,False
23.085661725351734,0.0037586736310303427,0.19568213290089392,0.9811539388734437,0.14,False
23.091862549398517,0.003758696580094085,0.19562700977811995,0.9811486156718714,0.14,False
23.098063373445303,0.0037587195413698146,0.19557185732282176,0.9811432866923838,0.14,False
23.104264197492085,0.003758742514812224,0.19551667564375355,0.9811379519383502,0.14,False
23.110465021538868,0.0037587655003761293,0.19546146484951862,0.9811326114131355,0.14,False
23.11666584558565,0.003758788498016378,0.1954062250485747,0.9811272651201006,0.14,False
23.122866669632433,0.003758811507687875,0.19535095634923208,0.981121913062603,0.14,False
23.129067493679216,0.0037588345293455843,0.19529565885964992,0.9811165552439953,0.14,False
23.135268317726,0.0037588575629445373,0.19524033268783877,0.9811111916676267,0.14,False
23.141469141772788,0.003758880608439832,0.19518497794166184,0.9811058223368418,0.14,False
23.14766996581957,0.003758903665786625,0.19512959472882765,0.981100447254981,0.14,False
23.153870789866353,0.003758926734940131,0.19507418315689778,0.9810950664253809,0.14,False
23.160071613913136,0.0037589498158556397,0.19501874333328123,0.9810896798513734,0.14,False
23.16627243795992,0.0037589729084884943,0.19496327536523625,0.9810842875362863,0.14,False
23.172473262006708,0.0037589960127941127,0.19490777935986683,0.981078889483443,0.14,False
23.17867408605349,0.003759019128727965,0.19485225542412593,0.9810734856961626,0.14,False
23.184874910100273,0.0037590422562455428,0.19479670366481355,0.9810680761777599,0.14,False
23.191075734147056,0.0037590653953025084,0.19474112418857573,0.9810626609315449,0.14,False
23.19727655819384,0.003759088545854503,0.19468551710190465,0.9810572399608236,0.14,False
23.203477382240624,0.003759111707857261,0.19462988251113778,0.9810518132688969,0.14,False
23.20967820628741,0.0037591348812665718,0.194574220522458,0.9810463808590616,0.14,False
23.215879030334193,0.003759158066038296,0.19451853124189333,0.98104094273461,0.14,False
23.222079854380976,0.0037591812621283536,0.19446281477531582,0.9810354988988294,0.14,False
23.22828067842776,0.0037592044694927276,0.1944070712284413,0.9810300493550027,0.14,False
23.23448150247454,0.0037592276880874733,0.1943513007068293,0.9810245941064083,0.14,False
23.240682326521323,0.00375925091786871,0.19429550331588172,0.9810191331563193,0.14,False
23.24688315056811,0.0037592741587926296,0.1942396791608437,0.9810136665080047,0.14,False
23.253083974614892,0.00375929741081547,0.19418382834680356,0.9810081941647284,0.14,False
23.259284798661675,0.0037593206738935586,0.19412795097868932,0.9810027161297491,0.14,False
23.26548562270846,0.0037593439479832614,0.19407204716127302,0.9809972324063218,0.14,False
23.271686446755243,0.00375936723304102,0.19401611699916457,0.9809917429976953,0.14,False
23.277887270802026,0.003759390529023363,0.1939601605968177,0.9809862479071144,0.14,False
23.284088094848812,0.003759413835886876,0.19390417805852533,0.9809807471378185,0.14,False
23.290288918895598,0.0037594371535881934,0.19384816948841996,0.9809752406930422,0.14,False
23.29648974294238,0.0037594604820840403,0.19379213499047512,0.9809697285760153,0.14,False
23.302690566989163,0.0037594838213311937,0.1937360746685005,0.9809642107899618,0.14,False
23.308891391035946,0.00375950717128649,0.19367998862614766,0.9809586873381018,0.14,False
23.31509221508273,0.003759530531906849,0.19362387696690547,0.9809531582236491,0.14,False
23.321293039129515,0.0037595539031492495,0.19356773979410086,0.9809476234498136,0.14,False
23.3274938631763,0.003759577284970754,0.19351157721089957,0.9809420830197987,0.14,False
23.333694687223083,0.0037596006773284786,0.1934553893203039,0.9809365369368038,0.14,False
23.339895511269866,0.003759624080179603,0.19339917622515357,0.9809309852040223,0.14,False
23.34609633531665,0.003759647493481374,0.1933429380281254,0.980925427824643,0.14,False
23.35229715936343,0.0037596709171911088,0.19328667483173093,0.9809198648018486,0.14,False
23.358497983410217,0.0037596943512662206,0.19323038673832077,0.9809142961388173,0.14,False
23.364698807457,0.0037597177956641484,0.1931740738500789,0.9809087218387215,0.14,False
23.370899631503782,0.0037597412503424274,0.19311773626902734,0.9809031419047284,0.14,False
23.377100455550565,0.0037597647152586423,0.19306137409702073,0.9808975563399999,0.14,False
23.38330127959735,0.0037597881903704755,0.1930049874357513,0.9808919651476921,0.14,False
23.389502103644134,0.003759811675635642,0.19294857638674426,0.9808863683309563,0.14,False
23.39570292769092,0.003759835171011944,0.19289214105135788,0.9808807658929377,0.14,False
23.401903751737702,0.0037598586764572522,0.19283568153078795,0.9808751578367764,0.14,False
23.408104575784485,0.003759882191929515,0.19277919792606152,0.9808695441656067,0.14,False
23.41430539983127,0.003759905717386727,0.1927226903380393,0.9808639248825577,0.14,False
23.420506223878053,0.003759929252786985,0.19266615886741695,0.9808582999907524,0.14,False
23.42670704792484,0.0037599527980884235,0.19260960361472002,0.9808526694933086,0.14,False
23.432907871971622,0.003759976353249264,0.19255302468030913,0.9808470333933385,0.14,False
23.439108696018405,0.003759999918227777,0.19249642216437698,0.9808413916939482,0.14,False
23.445309520065187,0.0037600234929823376,0.19243979616694878,0.980835744398239,0.14,False
23.451510344111973,0.0037600470774713794,0.19238314678788038,0.9808300915093053,0.14,False
23.457711168158756,0.0037600706716533912,0.19232647412686052,0.9808244330302367,0.14,False
23.463911992205542,0.0037600942754869365,0.1922697782834088,0.9808187689641168,0.14,False
23.470112816252325,0.0037601178889306625,0.1922130593568753,0.9808130993140229,0.14,False
23.476313640299107,0.0037601415119432728,0.1921563174464427,0.9808074240830275,0.14,False
23.48251446434589,0.003760165144483546,0.192099552651122,0.9808017432741961,0.14,False
23.488715288392672,0.0037601887865103293,0.19204276506975668,0.9807960568905892,0.14,False
23.494916112439455,0.003760212437982533,0.19198595480101915,0.9807903649352614,0.14,False
23.50111693648624,0.0037602360988591614,0.19192912194341438,0.9807846674112607,0.14,False
23.507317760533027,0.0037602597690992697,0.19187226659527323,0.9807789643216299,0.14,False
23.51351858457981,0.0037602834486620026,0.19181538885475882,0.9807732556694055,0.14,False
23.519719408626592,0.0037603071375065344,0.19175848881986407,0.9807675414576182,0.14,False
23.525920232673375,0.003760330835592161,0.19170156658840848,0.9807618216892924,0.14,False
23.532121056720158,0.003760354542878232,0.1916446222580419,0.9807560963674467,0.14,False
23.538321880766947,0.0037603782593241515,0.1915876559262438,0.9807503654950935,0.14,False
23.54452270481373,0.003760401984889426,0.1915306676903203,0.9807446290752395,0.14,False
23.550723528860512,0.003760425719533596,0.19147365764740773,0.9807388871108849,0.14,False
23.556924352907295,0.003760449463216303,0.19141662589446962,0.9807331396050237,0.14,False
23.563125176954077,0.00376047321589725,0.19135957252829805,0.9807273865606444,0.14,False
23.569326001000864,0.0037604969775362103,0.19130249764551333,0.9807216279807289,0.14,False
23.57552682504765,0.0037605207480930223,0.19124540134256154,0.980715863868253,0.14,False
23.581727649094432,0.003760544527527612,0.19118828371571825,0.9807100942261863,0.14,False
23.587928473141215,0.003760568315799977,0.19113114486108454,0.9807043190574918,0.14,False
23.594129297187997,0.0037605921128701686,0.19107398487459076,0.9806985383651271,0.14,False
23.60033012123478,0.003760615918698327,0.19101680385199193,0.9806927521520427,0.14,False
23.606530945281563,0.0037606397332446825,0.19095960188887193,0.9806869604211834,0.14,False
23.61273176932835,0.003760663556469433,0.19090237908063984,0.9806811631754876,0.14,False
23.61893259337513,0.0037606873883330055,0.1908451355225323,0.9806753604178868,0.14,False
23.625133417421914,0.0037607112287957986,0.1907878713096114,0.9806695521513072,0.14,False
23.6313342414687,0.003760735077818307,0.19073058653676517,0.9806637383786676,0.14,False
23.637535065515483,0.003760758935361106,0.1906732812987091,0.9806579191028809,0.14,False
23.643735889562265,0.003760782801384826,0.19061595568998352,0.9806520943268536,0.14,False
23.64993671360905,0.0037608066758501924,0.19055860980495717,0.9806462640534862,0.14,False
23.656137537655837,0.0037608305587179826,0.19050124373781976,0.9806404282856718,0.14,False
23.66233836170262,0.0037608544499490508,0.1904438575825891,0.9806345870262976,0.14,False
23.668539185749403,0.0037608783495043344,0.19038645143311034,0.9806287402782445,0.14,False
23.674740009796185,0.0037609022573448286,0.19032902538305038,0.9806228880443867,0.14,False
23.680940833842968,0.003760926173431609,0.19027157952590357,0.9806170303275917,0.14,False
23.687141657889754,0.0037609500977258403,0.19021411395498863,0.9806111671307206,0.14,False
23.69334248193654,0.003760974030188735,0.19015662876344983,0.9806052984566282,0.14,False
23.699543305983322,0.003760997970781592,0.19009912404425577,0.9805994243081625,0.14,False
23.705744130030105,0.0037610219194657486,0.19004159989019936,0.9805935446881648,0.14,False
23.711944954076888,0.003761045876202678,0.18998405639389923,0.9805876595994701,0.14,False
23.718145778123674,0.0037610698409538874,0.18992649364779862,0.9805817690449067,0.14,False
23.724346602170456,0.00376109381368096,0.18986891174416431,0.9805758730272961,0.14,False
23.73054742621724,0.0037611177943455607,0.18981131077508717,0.9805699715494529,0.14,False
23.73674825026402,0.0037611417829094226,0.18975369083248456,0.9805640646141859,0.14,False
23.742949074310804,0.003761165779334342,0.18969605200809556,0.9805581522242965,0.14,False
23.74914989835759,0.0037611897835822124,0.18963839439348515,0.9805522343825793,0.14,False
23.755350722404376,0.0037612137956149765,0.1895807180800417,0.980546311091823,0.14,False
23.76155154645116,0.003761237815394657,0.18952302315897696,0.9805403823548086,0.14,False
23.76775237049794,0.0037612618428833574,0.18946530972132744,0.9805344481743109,0.14,False
23.773953194544724,0.0037612858780432562,0.18940757785795406,0.980528508553098,0.14,False
23.78015401859151,0.003761309920836593,0.18934982765954095,0.9805225634939309,0.14,False
23.786354842638293,0.0037613339712256836,0.18929205921659462,0.9805166129995637,0.14,False
23.79255566668508,0.003761358029172953,0.18923427261944692,0.9805106570727441,0.14,False
23.79875649073186,0.0037613820946407923,0.18917646795825332,0.9805046957162132,0.14,False
23.804957314778644,0.0037614061675918004,0.18911864532299222,0.9804987289327045,0.14,False
23.811158138825427,0.0037614302479885837,0.18906080480346532,0.9804927567249448,0.14,False
23.817358962872213,0.0037614543357938272,0.1890029464893,0.9804867790956546,0.14,False
23.823559786918995,0.0037614784309702885,0.18894507046994402,0.980480796047547,0.14,False
23.82976061096578,0.003761502533480791,0.18888717683466932,0.9804748075833285,0.14,False
23.835961435012564,0.0037615266432882563,0.18882926567257216,0.9804688137056983,0.14,False
23.842162259059346,0.003761550760355657,0.18877133707257082,0.9804628144173487,0.14,False
23.84836308310613,0.003761574884646049,0.1887133911234086,0.9804568097209658,0.14,False
23.85456390715291,0.0037615990161225642,0.18865542791365145,0.980450799619228,0.14,False
23.860764731199694,0.0037616231547483964,0.18859744753168778,0.9804447841148068,0.14,False
23.86696555524648,0.003761647300486825,0.1885394500657307,0.980438763210367,0.14,False
23.873166379293266,0.0037616714533011994,0.18848143560381422,0.9804327369085665,0.14,False
23.87936720334005,0.0037616956131549337,0.18842340423379753,0.9804267052120557,0.14,False
23.88556802738683,0.0037617197800115347,0.1883653560433623,0.9804206681234781,0.14,False
23.891768851433614,0.003761743953834567,0.18830729112001335,0.9804146256454704,0.14,False
23.8979696754804,0.0037617681345876596,0.18824920955107757,0.9804085777806625,0.14,False
23.904170499527186,0.003761792322234552,0.18819111142370762,0.9804025245316765,0.14,False
23.91037132357397,0.0037618165167390247,0.188132996824877,0.9803964659011282,0.14,False
23.91657214762075,0.003761840718064943,0.1880748658413836,0.9803904018916256,0.14,False
23.922772971667534,0.0037618649261762487,0.18801671855984753,0.9803843325057701,0.14,False
23.928973795714317,0.003761889141036946,0.18795855506671333,0.9803782577461561,0.14,False
23.9351746197611,0.0037619133626111204,0.1879003754482465,0.9803721776153703,0.14,False
23.94137544380789,0.003761937590862931,0.1878421797905371,0.9803660921159927,0.14,False
23.94757626785467,0.0037619618257566075,0.18778396817949775,0.9803600012505961,0.14,False
23.953777091901454,0.0037619860672564584,0.18772574070086592,0.9803539050217462,0.14,False
23.959977915948237,0.0037620103153268606,0.1876674974402008,0.9803478034320013,0.14,False
23.96617873999502,0.003762034569932281,0.1876092384828852,0.9803416964839128,0.14,False
23.972379564041802,0.003762058831037228,0.18755096391412443,0.9803355841800249,0.14,False
23.978580388088588,0.003762083098606316,0.18749267381894796,0.9803294665228741,0.14,False
23.98478121213537,0.0037621073726042038,0.18743436828220822,0.9803233435149906,0.14,False
23.990982036182153,0.0037621316529956694,0.18737604738858124,0.9803172151588966,0.14,False
23.99718286022894,0.0037621559397454664,0.18731771122256632,0.9803110814571075,0.14,False
24.003383684275722,0.0037621802328185465,0.18725935986848563,0.9803049424121314,0.14,False
24.009584508322504,0.0037622045321798647,0.1872009934104849,0.9802987980264687,0.14,False
24.01578533236929,0.003762228837794458,0.18714261193253406,0.9802926483026134,0.14,False
24.021986156416077,0.0037622531496274546,0.1870842155184263,0.9802864932430515,0.14,False
24.02818698046286,0.003762277467644031,0.18702580425177737,0.9802803328502618,0.14,False
24.03438780450964,0.003762301791809448,0.18696737821602738,0.9802741671267164,0.14,False
24.040588628556424,0.0037623261220890436,0.186908937494441,0.9802679960748796,0.14,False
24.04678945260321,0.003762350458448214,0.18685048217010383,0.9802618196972083,0.14,False
24.052990276649993,0.0037623748008524674,0.18679201232592804,0.9802556379961523,0.14,False
24.05919110069678,0.0037623991492673455,0.1867335280446493,0.9802494509741545,0.14,False
24.06539192474356,0.0037624235036584778,0.1866750294088258,0.9802432586336496,0.14,False
24.071592748790344,0.0037624478639915588,0.18661651650083932,0.9802370609770656,0.14,False
24.077793572837127,0.0037624722302323716,0.18655798940289695,0.9802308580068227,0.14,False
24.083994396883913,0.0037624966023467607,0.1864994481970292,0.9802246497253344,0.14,False
24.090195220930696,0.0037625209803006515,0.18644089296509178,0.9802184361350061,0.14,False
24.096396044977478,0.0037625453640600243,0.1863823237887629,0.9802122172382365,0.14,False
24.10259686902426,0.00376256975359096,0.18632374074954594,0.9802059930374162,0.14,False
24.108797693071043,0.0037625941488595997,0.18626514392876883,0.9801997635349291,0.14,False
24.114998517117826,0.003762618549832163,0.18620653340758292,0.9801935287331512,0.14,False
24.121199341164616,0.003762642956474927,0.1861479092669653,0.9801872886344516,0.14,False
24.127400165211398,0.00376266736875426,0.18608927158771618,0.9801810432411915,0.14,False
24.13360098925818,0.0037626917866365943,0.1860306204504628,0.9801747925557247,0.14,False
24.139801813304967,0.0037627162100884242,0.18597195593565372,0.9801685365803983,0.14,False
24.14600263735175,0.003762740639076346,0.18591327812356434,0.9801622753175508,0.14,False
24.152203461398532,0.0037627650735669958,0.18585458709429412,0.9801560087695141,0.14,False
24.158404285445318,0.0037627895135271113,0.185795882927769,0.9801497369386126,0.14,False
24.1646051094921,0.003762813958923496,0.18573716570373877,0.9801434598271628,0.14,False
24.170805933538883,0.003762838409723002,0.18567843550177796,0.9801371774374742,0.14,False
24.177006757585666,0.0037628628658925873,0.1856196924012872,0.9801308897718485,0.14,False
24.183207581632452,0.0037628873273992565,0.18556093648149333,0.9801245968325804,0.14,False
24.189408405679234,0.0037629117942101094,0.1855021678214462,0.9801182986219564,0.14,False
24.19560922972602,0.0037629362662923087,0.18544338650002334,0.9801119951422562,0.14,False
24.201810053772803,0.0037629607436131117,0.18538459259592713,0.9801056863957516,0.14,False
24.208010877819586,0.003762985226139737,0.18532578618768583,0.9800993723847073,0.14,False
24.21421170186637,0.0037630097138396422,0.18526696735365306,0.98009305311138,0.14,False
24.22041252591315,0.0037630342066802586,0.18520813617200907,0.980086728578019,0.14,False
24.226613349959933,0.0037630587046291126,0.18514929272076008,0.9800803987868664,0.14,False
24.23281417400672,0.003763083207653798,0.18509043707773784,0.9800740637401563,0.14,False
24.239014998053506,0.003763107715721983,0.18503156932060116,0.9800677234401161,0.14,False
24.24521582210029,0.0037631322288014077,0.18497268952683552,0.9800613778889645,0.14,False
24.25141664614707,0.0037631567468598918,0.18491379777375197,0.9800550270889136,0.14,False
24.257617470193853,0.003763181269865319,0.1848548941384886,0.9800486710421675,0.14,False
24.26381829424064,0.003763205797785634,0.18479597869801118,0.9800423097509232,0.14,False
24.270019118287426,0.0037632303305888794,0.1847370515291105,0.9800359432173696,0.14,False
24.276219942334208,0.0037632548682431507,0.18467811270840595,0.9800295714436883,0.14,False
24.28242076638099,0.003763279410716625,0.18461916231234307,0.9800231944320532,0.14,False
24.288621590427773,0.003763303957977544,0.18456020041719595,0.980016812184631,0.14,False
24.294822414474556,0.003763328509994228,0.1845012270990646,0.9800104247035806,0.14,False
24.30102323852134,0.003763353066735069,0.18444224243387883,0.9800040319910532,0.14,False
24.307224062568128,0.003763377628168524,0.18438324649739285,0.9799976340491924,0.14,False
24.31342488661491,0.0037634021942631406,0.18432423936519068,0.9799912308801345,0.14,False
24.319625710661693,0.0037634267649874612,0.18426522111268467,0.9799848224860083,0.14,False
24.325826534708476,0.0037634513403102254,0.18420619181511375,0.9799784088689343,0.14,False
24.33202735875526,0.003763475920200162,0.1841471515475463,0.9799719900310262,0.14,False
24.33822818280204,0.003763500504626097,0.18408810038487886,0.9799655659743896,0.14,False
24.344429006848827,0.0037635250935569146,0.1840290384018355,0.9799591367011227,0.14,False
24.35062983089561,0.0037635496869615767,0.18396996567297053,0.979952702213316,0.14,False
24.356830654942392,0.003763574284809112,0.18391088227266605,0.9799462625130526,0.14,False
24.36303147898918,0.0037635988870686242,0.18385178827513263,0.9799398176024079,0.14,False
24.36923230303596,0.0037636234937092994,0.1837926837544112,0.9799333674834494,0.14,False
24.375433127082747,0.003763648104700373,0.1837335687843705,0.9799269121582372,0.14,False
24.38163395112953,0.003763672720011164,0.18367444343871045,0.979920451628824,0.14,False
24.387834775176316,0.003763697339611061,0.18361530779095847,0.9799139858972543,0.14,False
24.3940355992231,0.003763721963469527,0.18355616191447388,0.9799075149655658,0.14,False
24.40023642326988,0.003763746591556083,0.1834970058824431,0.9799010388357876,0.14,False
24.406437247316664,0.003763771223840327,0.18343783976788422,0.9798945575099419,0.14,False
24.41263807136345,0.0037637958602919487,0.18337866364364697,0.9798880709900432,0.14,False
24.418838895410232,0.003763820500880679,0.1833194775824079,0.9798815792780976,0.14,False
24.42503971945702,0.0037638451455763336,0.18326028165667638,0.9798750823761044,0.14,False
24.4312405435038,0.0037638697943488102,0.18320107593879228,0.9798685802860551,0.14,False
24.437441367550583,0.0037638944471679986,0.18314186050092537,0.9798620730099333,0.14,False
24.443642191597366,0.0037639191040039904,0.18308263541507805,0.9798555605497151,0.14,False
24.449843015644152,0.003763943764826862,0.18302340075308285,0.9798490429073691,0.14,False
24.456043839690935,0.0037639684296067715,0.18296415658660195,0.9798425200848557,0.14,False
24.462244663737717,0.0037639930983139527,0.1829049029871318,0.9798359920841283,0.14,False
24.4684454877845,0.0037640177709187196,0.18284564002599837,0.9798294589071321,0.14,False
24.474646311831282,0.0037640424473914286,0.18278636777436053,0.9798229205558052,0.14,False
24.480847135878065,0.003764067127702556,0.18272708630320958,0.9798163770320774,0.14,False
24.487047959924855,0.0037640918118225885,0.1826677956833674,0.9798098283378711,0.14,False
24.493248783971637,0.0037641164997221266,0.18260849598548995,0.9798032744751013,0.14,False
24.49944960801842,0.0037641411913718077,0.1825491872800651,0.9797967154456753,0.14,False
24.505650432065206,0.0037641658867423656,0.18248986963741307,0.9797901512514923,0.14,False
24.51185125611199,0.0037641905858046003,0.1824305431276865,0.979783581894444,0.14,False
24.51805208015877,0.0037642152885293606,0.18237120782087216,0.9797770073764147,0.14,False
24.524252904205557,0.0037642399948875902,0.18231186378678885,0.9797704276992806,0.14,False
24.53045372825234,0.0037642647048502864,0.1822525110950903,0.9797638428649107,0.14,False
24.536654552299122,0.0037642894183885175,0.18219314981526286,0.9797572528751658,0.14,False
24.542855376345905,0.0037643141354734254,0.18213378001662828,0.9797506577318997,0.14,False
24.54905620039269,0.0037643388560762254,0.18207440176833842,0.9797440574369579,0.14,False
24.555257024439474,0.0037643635801681836,0.182015015139382,0.9797374519921782,0.14,False
24.56145784848626,0.003764388307720635,0.1819556201985837,0.9797308413993916,0.14,False
24.567658672533042,0.0037644130387050286,0.18189621701459857,0.97972422566042,0.14,False
24.573859496579825,0.0037644377730928383,0.18183680565591973,0.9797176047770787,0.14,False
24.580060320626608,0.003764462510855607,0.18177738619087486,0.9797109787511754,0.14,False
24.58626114467339,0.0037644872519649697,0.1817179586876252,0.9797043475845093,0.14,False
24.592461968720173,0.003764511996392611,0.1816585232141685,0.9796977112788725,0.14,False
24.59866279276696,0.0037645367441102875,0.18159907983833762,0.9796910698360493,0.14,False
24.604863616813745,0.0037645614950898246,0.18153962862780074,0.979684423257816,0.14,False
24.611064440860527,0.0037645862493031292,0.18148016965006258,0.979677771545942,0.14,False
24.61726526490731,0.0037646110067221677,0.1814207029724643,0.979671114702188,0.14,False
24.623466088954093,0.0037646357673189537,0.18136122866218232,0.9796644527283082,0.14,False
24.629666913000882,0.0037646605310656034,0.18130174678623082,0.9796577856260478,0.14,False
24.635867737047665,0.003764685297934281,0.18124225741145839,0.9796511133971453,0.14,False
24.642068561094447,0.0037647100678972326,0.1811827606045533,0.9796444360433311,0.14,False
24.64826938514123,0.0037647348409267432,0.1811232564320383,0.9796377535663279,0.14,False
24.654470209188013,0.0037647596169951927,0.18106374496027572,0.979631065967851,0.14,False
24.660671033234795,0.0037647843960750237,0.18100422625546359,0.9796243732496076,0.14,False
24.666871857281578,0.0037648091781387442,0.18094470038363875,0.9796176754132977,0.14,False
24.673072681328367,0.0037648339631589254,0.18088516741067653,0.9796109724606132,0.14,False
24.67927350537515,0.00376485875110822,0.18082562740228872,0.9796042643932387,0.14,False
24.685474329421933,0.00376488354195932,0.18076608042402725,0.9795975512128509,0.14,False
24.691675153468715,0.003764908335684999,0.1807065265412804,0.9795908329211185,0.14,False
24.697875977515498,0.003764933132258113,0.18064696581927694,0.9795841095197031,0.14,False
24.704076801562284,0.0037649579316515703,0.18058739832308338,0.9795773810102583,0.14,False
24.710277625609066,0.003764982733838359,0.18052782411760684,0.9795706473944301,0.14,False
24.71647844965585,0.003765007538791514,0.1804682432675929,0.9795639086738568,0.14,False
24.72267927370263,0.003765032346484152,0.18040865583762683,0.9795571648501691,0.14,False
24.728880097749418,0.0037650571568894385,0.18034906189213493,0.9795504159249899,0.14,False
24.7350809217962,0.0037650819699806227,0.18028946149538125,0.9795436618999346,0.14,False
24.741281745842986,0.0037651067857310183,0.18022985471147113,0.9795369027766107,0.14,False
24.747482569889772,0.0037651316041140033,0.18017024160435036,0.9795301385566181,0.14,False
24.753683393936555,0.003765156425103025,0.18011062223780572,0.9795233692415491,0.14,False
24.759884217983338,0.003765181248671586,0.18005099667546606,0.9795165948329885,0.14,False
24.76608504203012,0.0037652060747932737,0.1799913649807982,0.9795098153325129,0.14,False
24.772285866076903,0.0037652309034417217,0.1799317272171131,0.9795030307416919,0.14,False
24.77848669012369,0.0037652557345906382,0.17987208344756253,0.979496241062087,0.14,False
24.78468751417047,0.003765280568213797,0.17981243373513878,0.979489446295252,0.14,False
24.790888338217258,0.003765305404285038,0.17975277814267718,0.9794826464427332,0.14,False
24.79708916226404,0.0037653302427782713,0.17969311673285587,0.9794758415060694,0.14,False
24.803289986310823,0.0037653550836674677,0.17963344956819638,0.9794690314867917,0.14,False
24.809490810357605,0.0037653799269266627,0.17957377671105937,0.979462216386423,0.14,False
24.81569163440439,0.0037654047725299736,0.1795140982236506,0.9794553962064789,0.14,False
24.821892458451174,0.003765429620451497,0.179454414168019,0.979448570948468,0.14,False
24.828093282497957,0.003765454470665549,0.17939472460605693,0.9794417406138904,0.14,False
24.83429410654474,0.0037654793231464007,0.17933502959949948,0.9794349052042384,0.14,False
24.84049493059152,0.003765504177868415,0.17927532920992725,0.9794280647209975,0.14,False
24.846695754638304,0.0037655290348060223,0.17921562349876252,0.9794212191656448,0.14,False
24.852896578685094,0.0037655538939337057,0.17915591252727395,0.9794143685396504,0.14,False
24.859097402731877,0.003765578755226027,0.17909619635657428,0.9794075128444761,0.14,False
24.86529822677866,0.003765603618657612,0.17903647504761902,0.9794006520815768,0.14,False
24.871499050825445,0.003765628484203139,0.17897674866121052,0.9793937862523988,0.14,False
24.877699874872228,0.0037656533518373673,0.17891701725799658,0.9793869153583817,0.14,False
24.88390069891901,0.003765678221535115,0.17885728089847042,0.9793800394009572,0.14,False
24.890101522965796,0.003765703093271242,0.17879753964296816,0.979373158381549,0.14,False
24.89630234701258,0.0037657279670207083,0.17873779355167596,0.9793662723015735,0.14,False
24.90250317105936,0.0037657528427585186,0.1786780426846228,0.9793593811624395,0.14,False
24.908703995106144,0.0037657777204597427,0.17861828710168554,0.9793524849655478,0.14,False
24.91490481915293,0.003765802600099522,0.1785585268625885,0.9793455837122924,0.14,False
24.921105643199713,0.003765827481653057,0.17849876202690051,0.9793386774040587,0.14,False
24.9273064672465,0.003765852365095601,0.17843899265403812,0.9793317660422249,0.14,False
24.93350729129328,0.003765877250402482,0.17837921880326665,0.979324849628162,0.14,False
24.939708115340064,0.003765902137549097,0.1783194405336986,0.9793179281632329,0.14,False
24.945908939386847,0.0037659270265108925,0.17825965790429218,0.9793110016487929,0.14,False
24.95210976343363,0.003765951917263395,0.17819987097385648,0.9793040700861899,0.14,False
24.958310587480412,0.0037659768097821856,0.17814007980104704,0.9792971334767641,0.14,False
24.964511411527198,0.003766001704042853,0.178080284444368,0.9792901918218485,0.14,False
24.970712235573984,0.0037660266000211703,0.17802048496217293,0.9792832451227674,0.14,False
24.976913059620767,0.0037660514976928894,0.17796068141266422,0.979276293380839,0.14,False
24.98311388366755,0.003766076397033847,0.17790087385389305,0.9792693365973724,0.14,False
24.989314707714332,0.003766101298019927,0.17784106234376093,0.9792623747736705,0.14,False
24.99551553176112,0.0037661262006270825,0.17778124694001732,0.9792554079110279,0.14,False
25.001716355807904,0.003766151104831343,0.1777214277002636,0.9792484360107315,0.14,False
25.007917179854687,0.0037661760106087864,0.17766160468195044,0.979241459074061,0.14,False
25.01411800390147,0.0037662009179355543,0.17760177794237936,0.9792344771022883,0.14,False
25.020318827948252,0.0037662258267878467,0.17754194753870053,0.9792274900966779,0.14,False
25.026519651995034,0.0037662507371419404,0.17748211352791812,0.9792204980584867,0.14,False
25.03272047604182,0.003766275648974164,0.17742227596688592,0.9792135009889638,0.14,False
25.038921300088607,0.0037663005622609095,0.17736243491230888,0.9792064988893511,0.14,False
25.04512212413539,0.0037663254769786233,0.1773025904207428,0.9791994917608826,0.14,False
25.05132294818217,0.003766350393103834,0.17724274254859765,0.979192479604785,0.14,False
25.057523772228954,0.0037663753106131075,0.1771828913521343,0.9791854624222773,0.14,False
25.063724596275737,0.0037664002294830836,0.1771230368874663,0.9791784402145715,0.14,False
25.069925420322523,0.0037664251496904765,0.17706317921056,0.979171412982871,0.14,False
25.076126244369306,0.0037664500712120364,0.1770033183772333,0.9791643807283726,0.14,False
25.082327068416088,0.0037664749940245794,0.17694345444315898,0.9791573434522653,0.14,False
25.08852789246287,0.003766499918104998,0.17688358746386226,0.9791503011557305,0.14,False
25.094728716509657,0.003766524843430233,0.17682371749472206,0.9791432538399418,0.14,False
25.10092954055644,0.0037665497699772964,0.17676384459097078,0.9791362015060658,0.14,False
25.107130364603226,0.003766574697723251,0.17670396880769612,0.9791291441552612,0.14,False
25.11333118865001,0.00376659962664522,0.1766440901998393,0.9791220817886797,0.14,False
25.119532012696794,0.003766624556720351,0.1765842088221963,0.979115014407465,0.14,False
25.125732836743577,0.0037666494879259483,0.17652432472941815,0.9791079420127533,0.14,False
25.13193366079036,0.0037666744202393084,0.17646443797601136,0.9791008646056736,0.14,False
25.138134484837142,0.0037666993536377997,0.1764045486163371,0.9790937821873471,0.14,False
25.144335308883928,0.0037667242880988386,0.17634465670461077,0.9790866947588874,0.14,False
25.15053613293071,0.0037667492235999175,0.17628476229490656,0.9790796023214015,0.14,False
25.156736956977497,0.0037667741601185908,0.1762248654411529,0.9790725048759877,0.14,False
25.16293778102428,0.0037667990976324554,0.17616496619713556,0.9790654024237377,0.14,False
25.169138605071062,0.0037668240361191873,0.17610506461649683,0.9790582949657353,0.14,False
25.175339429117845,0.003766848975556507,0.17604516075273596,0.9790511825030571,0.14,False
25.18154025316463,0.003766873915922198,0.17598525465920822,0.9790440650367721,0.14,False
25.187741077211413,0.0037668988571941107,0.17592534638912613,0.9790369425679417,0.14,False
25.193941901258196,0.003766923799350161,0.17586543599556195,0.9790298150976201,0.14,False
25.20014272530498,0.0037669487423682875,0.17580552353144382,0.9790226826268535,0.14,False
25.20634354935176,0.0037669736862265338,0.1757456090495595,0.9790155451566818,0.14,False
25.212544373398543,0.003766998630902979,0.17568569260255418,0.979008402688136,0.14,False
25.218745197445333,0.0037670235763757605,0.17562577424293227,0.979001255222241,0.14,False
25.224946021492116,0.0037670485226230796,0.17556585402305697,0.9789941027600134,0.14,False
25.2311468455389,0.003767073469623189,0.1755059319951501,0.9789869453024627,0.14,False
25.237347669585684,0.0037670984173544153,0.17544600821129291,0.9789797828505906,0.14,False
25.243548493632467,0.003767123365795135,0.17538608272342673,0.978972615405392,0.14,False
25.24974931767925,0.0037671483149237794,0.17532615558335385,0.9789654429678539,0.14,False
25.255950141726036,0.003767173264718842,0.1752662268427336,0.9789582655389562,0.14,False
25.26215096577282,0.003767198215158863,0.17520629655309003,0.978951083119671,0.14,False
25.2683517898196,0.0037672231662224625,0.1751463647658039,0.9789438957109634,0.14,False
25.274552613866383,0.0037672481178883032,0.1750864315321198,0.9789367033137909,0.14,False
25.28075343791317,0.003767273070135048,0.17502649690314145,0.9789295059291041,0.14,False
25.286954261959956,0.0037672980229415754,0.17496656092983556,0.978922303557845,0.14,False
25.29315508600674,0.0037673229762866874,0.17490662366303028,0.9789150962009495,0.14,False
25.29935591005352,0.0037673479301492804,0.1748466851534144,0.9789078838593452,0.14,False
25.305556734100303,0.0037673728845083088,0.17478674545154105,0.978900666533953,0.14,False
25.311757558147086,0.0037673978393427824,0.17472680460782486,0.9788934442256862,0.14,False
25.31795838219387,0.003767422794631764,0.17466686267254142,0.9788862169354506,0.14,False
25.32415920624065,0.0037674477503543843,0.17460691969583234,0.9788789846641447,0.14,False
25.330360030287437,0.003767472706489823,0.17454697572770017,0.9788717474126597,0.14,False
25.33656085433422,0.003767497663017319,0.17448703081801298,0.9788645051818796,0.14,False
25.342761678381006,0.003767522619916167,0.17442708501650026,0.9788572579726805,0.14,False
25.34896250242779,0.00376754757716573,0.1743671383727575,0.9788500057859317,0.14,False
25.355163326474575,0.0037675725347454028,0.17430719093624433,0.9788427486224953,0.14,False
25.36136415052136,0.0037675974926346606,0.17424724275628306,0.9788354864832255,0.14,False
25.367564974568143,0.0037676224508130076,0.1741872938820632,0.9788282193689698,0.14,False
25.373765798614926,0.0037676474092600385,0.17412734436263763,0.9788209472805676,0.14,False
25.37996662266171,0.0037676723679553868,0.17406739424692486,0.9788136702188514,0.14,False
25.38616744670849,0.0037676973268787393,0.17400744358370918,0.9788063881846467,0.14,False
25.392368270755274,0.0037677222860098385,0.1739474924216424,0.9787991011787716,0.14,False
25.39856909480206,0.003767747245328487,0.17388754080923888,0.9787918092020361,0.14,False
25.404769918848846,0.003767772204814538,0.1738275887948812,0.9787845122552442,0.14,False
25.41097074289563,0.0037677971644479087,0.1737676364268191,0.9787772103391914,0.14,False
25.41717156694241,0.0037678221242085654,0.1737076837531682,0.9787699034546667,0.14,False
25.423372390989194,0.003767847084076539,0.17364773082191262,0.9787625916024517,0.14,False
25.429573215035976,0.0037678720440319008,0.1735877776809016,0.9787552747833204,0.14,False
25.435774039082762,0.0037678970040547874,0.17352782437785355,0.9787479529980396,0.14,False
25.441974863129545,0.003767921964125389,0.17346787096035515,0.9787406262473692,0.14,False
25.448175687176327,0.0037679469242239577,0.1734079174758604,0.9787332945320617,0.14,False
25.45437651122311,0.003767971884330731,0.17334796397169056,0.9787259578528623,0.14,False
25.460577335269896,0.0037679968444261284,0.17328801049503764,0.9787186162105086,0.14,False
25.46677815931668,0.0037680218044905535,0.1732280570929625,0.9787112696057316,0.14,False
25.472978983363465,0.0037680467645044556,0.17316810381239328,0.9787039180392543,0.14,False
25.47917980741025,0.003768071724448348,0.17310815070012936,0.9786965615117934,0.14,False
25.485380631457033,0.0037680966843028074,0.17304819780283895,0.9786892000240576,0.14,False
25.491581455503816,0.003768121644048452,0.17298824516706096,0.978681833576749,0.14,False
25.4977822795506,0.0037681466036659714,0.1729282928392033,0.9786744621705616,0.14,False
25.50398310359738,0.0037681715631360884,0.17286834086554628,0.9786670858061836,0.14,False
25.510183927644167,0.00376819652243959,0.1728083892922385,0.9786597044842943,0.14,False
25.51638475169095,0.003768221481557315,0.17274843816530108,0.9786523182055673,0.14,False
25.522585575737732,0.003768246440470162,0.17268848753062543,0.978644926970668,0.14,False
25.52878639978452,0.003768271399159073,0.1726285374339767,0.9786375307802552,0.14,False
25.5349872238313,0.0037682963576050497,0.17256858792098892,0.9786301296349802,0.14,False
25.541188047878084,0.003768321315789153,0.1725086390371692,0.9786227235354872,0.14,False
25.54738887192487,0.003768346273692487,0.17244869082789796,0.9786153124824133,0.14,False
25.553589695971652,0.003768371231296208,0.17238874333842624,0.9786078964763885,0.14,False
25.559790520018435,0.0037683961885815256,0.17232879661387962,0.9786004755180353,0.14,False
25.565991344065218,0.0037684211455297134,0.1722688506992565,0.9785930496079696,0.14,False
25.572192168112,0.003768446102122094,0.1722089056394271,0.9785856187467995,0.14,False
25.578392992158783,0.0037684710583400223,0.17214896147913625,0.9785781829351267,0.14,False
25.584593816205572,0.003768496014164942,0.17208901826300374,0.978570742173545,0.14,False
25.590794640252355,0.0037685209695783174,0.17202907603552123,0.9785632964626417,0.14,False
25.596995464299138,0.003768545924561682,0.17196913484105716,0.9785558458029966,0.14,False
25.603196288345924,0.0037685708790966103,0.1719091947238525,0.9785483901951828,0.14,False
25.609397112392706,0.0037685958331647503,0.17184925572802295,0.9785409296397655,0.14,False
25.615597936439492,0.003768620786747779,0.17178931789756074,0.9785334641373036,0.14,False
25.621798760486275,0.0037686457398274256,0.17172938127633178,0.9785259936883483,0.14,False
25.627999584533057,0.0037686706923854927,0.17166944590808084,0.9785185182934444,0.14,False
25.63420040857984,0.0037686956444038093,0.17160951183642453,0.978511037953129,0.14,False
25.640401232626623,0.003768720595864295,0.17154957910485766,0.9785035526679319,0.14,False
25.64660205667341,0.003768745546748791,0.17148964775675163,0.9784960624383772,0.14,False
25.652802880720195,0.0037687704970394095,0.17142971783535416,0.9784885672649803,0.14,False
25.659003704766977,0.0037687954467181717,0.17136978938378916,0.9784810671482501,0.14,False
25.66520452881376,0.003768820395767171,0.17130986244505897,0.9784735620886889,0.14,False
25.671405352860543,0.0037688453441685334,0.1712499370620435,0.9784660520867916,0.14,False
25.677606176907325,0.0037688702919044725,0.17119001327749814,0.9784585371430456,0.14,False
25.683807000954108,0.0037688952389572355,0.17113009113405792,0.9784510172579323,0.14,False
25.690007825000894,0.0037689201853091246,0.17107017067423624,0.9784434924319251,0.14,False
25.696208649047676,0.003768945130942493,0.17101025194042427,0.9784359626654907,0.14,False
25.70240947309446,0.003768970075839737,0.1709503349748917,0.9784284279590891,0.14,False
25.708610297141245,0.003768995019983311,0.1708904198197888,0.9784208883131729,0.14,False
25.714811121188028,0.0037690199633557088,0.1708305065171421,0.9784133437281876,0.14,False
25.721011945234814,0.0037690449059394984,0.17077059510886058,0.9784057942045722,0.14,False
25.7272127692816,0.00376906984771728,0.1707106856367309,0.9783982397427579,0.14,False
25.733413593328383,0.0037690947886717127,0.17065077814242136,0.9783906803431697,0.14,False
25.739614417375165,0.0037691197287854795,0.17059087266747852,0.9783831160062252,0.14,False
25.745815241421948,0.003769144668041349,0.17053096925333042,0.9783755467323353,0.14,False
25.75201606546873,0.0037691696064221054,0.17047106794128639,0.9783679725219034,0.14,False
25.758216889515513,0.0037691945439106158,0.17041116877253612,0.9783603933753265,0.14,False
25.7644177135623,0.0037692194804897776,0.17035127178815138,0.9783528092929944,0.14,False
25.770618537609085,0.003769244416142538,0.17029137702908442,0.9783452202752899,0.14,False
25.776819361655868,0.003769269350851899,0.17023148453616915,0.9783376263225889,0.14,False
25.78302018570265,0.00376929428460092,0.17017159435012277,0.9783300274352601,0.14,False
25.789221009749433,0.003769319217372671,0.17011170651154223,0.978322423613666,0.14,False
25.795421833796215,0.003769344149150321,0.17005182106091046,0.9783148148581612,0.14,False
25.801622657843,0.0037693690799170585,0.16999193803859033,0.978307201169094,0.14,False
25.807823481889784,0.0037693940096561345,0.16993205748482876,0.9782995825468055,0.14,False
25.814024305936567,0.0037694189383508272,0.1698721794397566,0.9782919589916302,0.14,False
25.82022512998335,0.0037694438659844863,0.16981230394338662,0.9782843305038954,0.14,False
25.826425954030135,0.0037694687925405005,0.16975243103561732,0.9782766970839215,0.14,False
25.832626778076918,0.0037694937180023044,0.16969256075623002,0.9782690587320222,0.14,False
25.838827602123704,0.0037695186423533874,0.16963269314489035,0.9782614154485041,0.14,False
25.84502842617049,0.003769543565577294,0.16957282824114875,0.9782537672336671,0.14,False
25.851229250217273,0.0037695684876576396,0.16951296608444036,0.9782461140878037,0.14,False
25.857430074264055,0.003769593408577921,0.16945310671408556,0.9782384560112009,0.14,False
25.863630898310838,0.0037696183283219336,0.16939325016929002,0.978230793004137,0.14,False
25.86983172235762,0.0037696432468733794,0.16933339648914386,0.9782231250668845,0.14,False
25.876032546404407,0.0037696681642160235,0.16927354571262412,0.9782154521997088,0.14,False
25.88223337045119,0.0037696930803336943,0.16921369787859394,0.9782077744028688,0.14,False
25.88843419449797,0.0037697179952102615,0.16915385302580263,0.978200091676616,0.14,False
25.894635018544758,0.0037697429088296326,0.16909401119288714,0.9781924040211956,0.14,False
25.90083584259154,0.0037697678211757687,0.1690341724183677,0.9781847114368454,0.14,False
25.907036666638326,0.0037697927322326865,0.1689743367406557,0.9781770139237969,0.14,False
25.91323749068511,0.003769817641984431,0.16891450419804632,0.9781693114822743,0.14,False
25.91943831473189,0.0037698425504151087,0.1688546748287247,0.9781616041124953,0.14,False
25.925639138778674,0.0037698674575088755,0.16879484867076355,0.9781538918146707,0.14,False
25.931839962825457,0.003769892363249913,0.16873502576212185,0.9781461745890047,0.14,False
25.93804078687224,0.0037699172676224787,0.16867520614064885,0.9781384524356943,0.14,False
25.944241610919022,0.0037699421706108515,0.16861538984408153,0.9781307253549302,0.14,False
25.95044243496581,0.003769967072199376,0.1685555769100466,0.9781229933468959,0.14,False
25.956643259012594,0.0037699919723724294,0.16849576737605798,0.9781152564117682,0.14,False
25.96284408305938,0.0037700168711144477,0.1684359612795198,0.9781075145497173,0.14,False
25.969044907106163,0.0037700417684098796,0.16837615865772573,0.9780997677609066,0.14,False
25.975245731152945,0.003770066664243265,0.16831635954785956,0.9780920160454927,0.14,False
25.98144655519973,0.0037700915585991666,0.1682565639869947,0.9780842594036251,0.14,False
25.987647379246514,0.0037701164514621923,0.16819677201209554,0.9780764978354474,0.14,False
25.993848203293297,0.003770141342817002,0.16813698366001598,0.9780687313410955,0.14,False
26.00004902734008,0.003770166232648296,0.16807719896750017,0.9780609599206992,0.14,False
26.006249851386862,0.003770191120940809,0.16801741797118439,0.9780531835743813,0.14,False
26.012450675433648,0.003770216007679356,0.16795764070759622,0.978045402302258,0.14,False
26.018651499480434,0.0037702408928487617,0.16789786721315497,0.9780376161044387,0.14,False
26.024852323527217,0.0037702657764339185,0.1678380975241717,0.9780298249810264,0.14,False
26.031053147574,0.0037702906584197466,0.16777833167684744,0.9780220289321166,0.14,False
26.037253971620782,0.0037703155387912115,0.1677185697072777,0.9780142279577992,0.14,False
26.043454795667564,0.0037703404175333456,0.1676588116514497,0.9780064220581564,0.14,False
26.049655619714347,0.0037703652946312113,0.1675990575452447,0.9779986112332644,0.14,False
26.055856443761133,0.0037703901700698976,0.16753930742443368,0.9779907954831925,0.14,False
26.062057267807916,0.003770415043834573,0.1674795613246835,0.9779829748080029,0.14,False
26.068258091854698,0.0037704399159104235,0.16741981928155467,0.9779751492077521,0.14,False
26.074458915901484,0.0037704647862826894,0.16736008133049873,0.9779673186824889,0.14,False
26.080659739948267,0.0037704896549366736,0.16730034750686462,0.977959483232256,0.14,False
26.086860563995053,0.003770514521857662,0.16724061784589286,0.9779516428570897,0.14,False
26.09306138804184,0.003770539387031038,0.16718089238271946,0.9779437975570192,0.14,False
26.09926221208862,0.003770564250442247,0.16712117115237662,0.9779359473320671,0.14,False
26.105463036135404,0.00377058911207673,0.16706145418978777,0.9779280921822494,0.14,False
26.111663860182187,0.003770613971919993,0.16700174152977365,0.9779202321075755,0.14,False
26.11786468422897,0.0037706388299575855,0.1669420332070507,0.9779123671080483,0.14,False
26.124065508275752,0.0037706636861750977,0.16688232925623092,0.977904497183664,0.14,False
26.130266332322538,0.0037706885405581624,0.1668226297118217,0.9778966223344121,0.14,False
26.136467156369324,0.0037707133930924524,0.16676293460822647,0.9778887425602759,0.14,False
26.142667980416107,0.0037707382437636894,0.1667032439797452,0.9778808578612315,0.14,False
26.14886880446289,0.00377076309255764,0.1666435578605741,0.9778729682372487,0.14,False
26.155069628509672,0.0037707879394601016,0.1665838762848069,0.9778650736882909,0.14,False
26.161270452556455,0.00377081278445693,0.16652419928643405,0.9778571742143146,0.14,False
26.16747127660324,0.0037708376275340156,0.1664645268993444,0.9778492698152701,0.14,False
26.173672100650023,0.003770862468677286,0.16640485915732142,0.9778413604911008,0.14,False
26.179872924696806,0.003770887307872731,0.1663451960940494,0.9778334462417436,0.14,False
26.18607374874359,0.0037709121451063705,0.16628553774310953,0.9778255270671291,0.14,False
26.192274572790375,0.0037709369803642424,0.16622588413798067,0.977817602967181,0.14,False
26.198475396837157,0.0037709618136324737,0.16616623531204164,0.9778096739418166,0.14,False
26.204676220883947,0.0037709866448972064,0.16610659129856808,0.9778017399909471,0.14,False
26.21087704493073,0.0037710114741446223,0.1660469521307354,0.9777938011144761,0.14,False
26.217077868977512,0.00377103630136095,0.16598731784161969,0.9777858573123019,0.14,False
26.223278693024294,0.0037710611265324677,0.1659276884641945,0.9777779085843156,0.14,False
26.229479517071077,0.0037710859496454816,0.1658680640313344,0.977769954930402,0.14,False
26.235680341117863,0.0037711107706863557,0.16580844457581237,0.9777619963504391,0.14,False
26.241881165164646,0.003771135589641488,0.16574883013030234,0.9777540328442987,0.14,False
26.24808198921143,0.0037711604064973128,0.1656892207273793,0.9777460644118461,0.14,False
26.25428281325821,0.003771185221240317,0.16562961639951906,0.9777380910529401,0.14,False
26.260483637304997,0.003771210033857003,0.16557001717909609,0.9777301127674328,0.14,False
26.26668446135178,0.0037712348443339565,0.1655104230983874,0.9777221295551701,0.14,False
26.272885285398566,0.00377125965265776,0.16545083418957246,0.9777141414159914,0.14,False
26.27908610944535,0.0037712844588150677,0.16539125048472975,0.9777061483497297,0.14,False
26.28528693349213,0.0037713092627925664,0.16533167201584226,0.9776981503562111,0.14,False
26.291487757538913,0.0037713340645769734,0.16527209881479296,0.9776901474352558,0.14,False
26.297688581585696,0.003771358864155067,0.1652125309133668,0.9776821395866773,0.14,False
26.30388940563248,0.0037713836615136448,0.16515296834325302,0.9776741268102824,0.14,False
26.310090229679265,0.0037714084566395547,0.16509341113604337,0.9776661091058721,0.14,False
26.31629105372605,0.0037714332495196947,0.16503385932323036,0.9776580864732406,0.14,False
26.322491877772833,0.00377145804014099,0.16497431293621334,0.9776500589121759,0.14,False
26.32869270181962,0.0037714828284904113,0.16491477200629098,0.9776420264224589,0.14,False
26.334893525866402,0.003771507614554962,0.1648552365646684,0.9776339890038649,0.14,False
26.341094349913185,0.0037715323983217065,0.16479570664245466,0.9776259466561628,0.14,False
26.34729517395997,0.003771557179777704,0.16473618227065995,0.9776178993791143,0.14,False
26.353495998006753,0.0037715819589100633,0.1646766634802017,0.9776098471724756,0.14,False
26.359696822053536,0.0037716067357059964,0.16461715030190122,0.9776017900359959,0.14,False
26.36589764610032,0.003771631510152706,0.16455764276648413,0.9775937279694185,0.14,False
26.3720984701471,0.003771656282237437,0.1644981409045818,0.9775856609724798,0.14,False
26.378299294193887,0.003771681051947474,0.16443864474672928,0.9775775890449102,0.14,False
26.384500118240673,0.00377170581927015,0.16437915432336997,0.977569512186434,0.14,False
26.390700942287456,0.0037717305841928252,0.16431966966484984,0.9775614303967682,0.14,False
26.39690176633424,0.0037717553467028968,0.16426019080142296,0.9775533436756247,0.14,False
26.40310259038102,0.003771780106787817,0.16420071776324704,0.9775452520227081,0.14,False
26.409303414427804,0.0037718048644350727,0.16414125058038884,0.9775371554377171,0.14,False
26.415504238474586,0.0037718296196321793,0.16408178928282122,0.9775290539203438,0.14,False
26.421705062521372,0.00377185437236669,0.16402233390042198,0.9775209474702744,0.14,False
26.427905886568155,0.0037718791226262183,0.1639628844629786,0.9775128360871883,0.14,False
26.434106710614937,0.0037719038703984006,0.1639034410001841,0.9775047197707588,0.14,False
26.440307534661724,0.003771928615670903,0.16384400354163836,0.9774965985206531,0.14,False
26.446508358708506,0.0037719533584314423,0.16378457211685174,0.9774884723365318,0.14,False
26.452709182755292,0.003771978098667776,0.16372514675524055,0.9774803412180495,0.14,False
26.45891000680208,0.003772002836367686,0.16366572748612812,0.977472205164854,0.14,False
26.46511083084886,0.0037720275715190195,0.16360631433874895,0.9774640641765874,0.14,False
26.471311654895644,0.003772052304109626,0.16354690734224497,0.9774559182528851,0.14,False
26.477512478942426,0.0037720770341274287,0.1634875065256663,0.9774477673933766,0.14,False
26.48371330298921,0.003772101761560356,0.16342811191797285,0.9774396115976849,0.14,False
26.48991412703599,0.0037721264863963895,0.16336872354803253,0.9774314508654266,0.14,False
26.496114951082777,0.0037721512086235547,0.16330934144462528,0.9774232851962122,0.14,False
26.502315775129563,0.003772175928229904,0.1632499656364384,0.9774151145896464,0.14,False
26.508516599176346,0.0037722006452035385,0.16319059615207063,0.9774069390453268,0.14,False
26.51471742322313,0.0037722253595325805,0.163131233020029,0.9773987585628452,0.14,False
26.52091824726991,0.0037722500712052028,0.16307187626873265,0.9773905731417873,0.14,False
26.527119071316694,0.003772274780209608,0.1630125259265122,0.9773823827817328,0.14,False
26.53331989536348,0.003772299486534041,0.16295318202160564,0.9773741874822544,0.14,False
26.539520719410262,0.0037723241901667947,0.16289384458216558,0.977365987242919,0.14,False
26.545721543457045,0.003772348891096149,0.1628345136362524,0.9773577820632874,0.14,False
26.551922367503828,0.0037723735893104905,0.16277518921184214,0.9773495719429142,0.14,False
26.558123191550614,0.0037723982847982,0.16271587133681906,0.9773413568813476,0.14,False
26.5643240155974,0.003772422977547707,0.16265656003898077,0.9773331368781298,0.14,False
26.570524839644186,0.003772447667547471,0.16259725534603683,0.9773249119327968,0.14,False
26.57672566369097,0.0037724723547860007,0.16253795728560924,0.9773166820448782,0.14,False
26.58292648773775,0.003772497039251828,0.16247866588523216,0.9773084472138976,0.14,False
26.589127311784534,0.0037725217209335225,0.1624193811723528,0.9773002074393726,0.14,False
26.595328135831316,0.0037725463998196976,0.16236010317433242,0.9772919627208145,0.14,False
26.601528959878102,0.0037725710758989904,0.1623008319184424,0.9772837130577283,0.14,False
26.607729783924885,0.0037725957491600935,0.16224156743187018,0.9772754584496128,0.14,False
26.613930607971668,0.00377262041959173,0.16218230974171702,0.9772671988959609,0.14,False
26.62013143201845,0.003772645087182628,0.16212305887499695,0.9772589343962594,0.14,False
26.626332256065236,0.0037726697519215972,0.16206381485863744,0.9772506649499891,0.14,False
26.63253308011202,0.003772694413797456,0.16200457771948126,0.9772423905566238,0.14,False
26.638733904158805,0.00377271907279908,0.16194534748428568,0.9772341112156321,0.14,False
26.644934728205588,0.0037727437289153134,0.16188612417972234,0.9772258269264763,0.14,False
26.65113555225237,0.003772768382135101,0.16182690783237827,0.9772175376886125,0.14,False
26.657336376299153,0.003772793032447461,0.16176769846875558,0.9772092435014907,0.14,False
26.663537200345935,0.003772817679841377,0.16170849611526983,0.9772009443645543,0.14,False
26.669738024392718,0.0037728423243058723,0.1616493007982545,0.9771926402772416,0.14,False
26.675938848439504,0.0037728669658300272,0.16159011254395808,0.9771843312389837,0.14,False
26.68213967248629,0.003772891604402949,0.16153093137854513,0.977176017249207,0.14,False
26.688340496533073,0.003772916240013779,0.1614717573280961,0.9771676983073305,0.14,False
26.69454132057986,0.0037729408726516786,0.1614125904186073,0.9771593744127678,0.14,False
26.70074214462664,0.003772965502305865,0.16135343067599206,0.9771510455649264,0.14,False
26.706942968673424,0.0037729901289656003,0.16129427812608194,0.9771427117632073,0.14,False
26.71314379272021,0.003773014752620135,0.16123513279462243,0.9771343730070062,0.14,False
26.719344616766993,0.0037730393732588133,0.16117599470727925,0.9771260292957121,0.14,False
26.725545440813775,0.0037730639908709744,0.16111686388963353,0.9771176806287083,0.14,False
26.731746264860558,0.0037730886054460093,0.1610577403671861,0.9771093270053718,0.14,False
26.73794708890734,0.0037731132169733167,0.16099862416535213,0.9771009684250738,0.14,False
26.744147912954123,0.003773137825442373,0.16093951530946884,0.9770926048871795,0.14,False
26.750348737000913,0.0037731624308426485,0.16088041382478951,0.9770842363910479,0.14,False
26.756549561047695,0.0037731870331636727,0.16082131973648559,0.9770758629360318,0.14,False
26.762750385094478,0.0037732116323949817,0.1607622330696477,0.9770674845214787,0.14,False
26.76895120914126,0.003773236228526181,0.1607031538492859,0.9770591011467293,0.14,False
26.775152033188043,0.0037732608215468896,0.16064408210032888,0.9770507128111188,0.14,False
26.781352857234825,0.0037732854114467646,0.16058501784762422,0.9770423195139762,0.14,False
26.78755368128161,0.0037733099982154837,0.16052596111594,0.9770339212546245,0.14,False
26.793754505328394,0.0037733345818427816,0.16046691192996293,0.9770255180323809,0.14,False
26.799955329375177,0.003773359162318406,0.16040787031429976,0.9770171098465565,0.14,False
26.806156153421963,0.0037733837396321554,0.16034883629347815,0.9770086966964564,0.14,False
26.81235697746875,0.0037734083137738435,0.1602898098919446,0.9770002785813796,0.14,False
26.818557801515535,0.0037734328847333068,0.16023079113406663,0.9769918555006196,0.14,False
26.824758625562318,0.0037734574525004525,0.16017178004413354,0.9769834274534633,0.14,False
26.8309594496091,0.003773482017065201,0.1601127766463535,0.9769749944391922,0.14,False
26.837160273655883,0.0037735065784175064,0.16005378096485853,0.9769665564570815,0.14,False
26.843361097702665,0.003773531136547363,0.15999479302369912,0.9769581135064008,0.14,False
26.849561921749448,0.0037735556914447795,0.15993581284684918,0.9769496655864134,0.14,False
26.85576274579623,0.003773580243099811,0.15987684045820308,0.9769412126963767,0.14,False
26.861963569843017,0.0037736047915025357,0.1598178758815783,0.9769327548355426,0.14,False
26.868164393889803,0.0037736293366430894,0.15975891914071363,0.9769242920031567,0.14,False
26.874365217936585,0.0037736538785115934,0.15969997025926952,0.9769158241984589,0.14,False
26.880566041983368,0.003773678417098249,0.15964102926082951,0.9769073514206827,0.14,False
26.88676686603015,0.0037737029523932574,0.1595820961689002,0.9768988736690563,0.14,False
26.892967690076937,0.003773727484386878,0.1595231710069118,0.976890390942802,0.14,False
26.89916851412372,0.003773752013069378,0.15946425379821438,0.9768819032411353,0.14,False
26.9053693381705,0.0037737765384310775,0.15940534456608516,0.9768734105632669,0.14,False
26.911570162217284,0.0037738010604622977,0.15934644333372205,0.9768649129084015,0.14,False
26.917770986264067,0.0037738255791534307,0.1592875501242486,0.9768564102757371,0.14,False
26.92397181031085,0.0037738500944948816,0.1592286649607108,0.9768479026644665,0.14,False
26.93017263435764,0.003773874606477084,0.15916978786607974,0.9768393900737767,0.14,False
26.936373458404425,0.003773899115090505,0.1591109188632492,0.9768308725028482,0.14,False
26.942574282451208,0.0037739236203256357,0.15905205797503943,0.9768223499508566,0.14,False
26.94877510649799,0.003773948122173016,0.15899320522419347,0.9768138224169707,0.14,False
26.954975930544773,0.0037739726206232147,0.15893436063337993,0.976805289900354,0.14,False
26.961176754591555,0.0037739971156668206,0.15887552422519352,0.9767967524001638,0.14,False
26.96737757863834,0.003774021607294447,0.1588166960221522,0.9767882099155522,0.14,False
26.973578402685124,0.003774046095496759,0.15875787604670066,0.9767796624456648,0.14,False
26.979779226731907,0.0037740705802644494,0.15869906432120917,0.9767711099896417,0.14,False
26.98598005077869,0.0037740950615882257,0.15864026086797203,0.9767625525466168,0.14,False
26.992180874825475,0.003774119539458843,0.15858146570921144,0.976753990115719,0.14,False
26.998381698872258,0.003774144013867105,0.15852267886707555,0.97674542269607,0.14,False
27.004582522919044,0.0037741684848037337,0.15846390036363847,0.9767368502867878,0.14,False
27.010783346965827,0.0037741929522596323,0.1584051302209011,0.9767282728869827,0.14,False
27.01698417101261,0.0037742174162256697,0.1583463684607905,0.97671969049576,0.14,False
27.023184995059392,0.003774241876692762,0.1582876151051615,0.9767111031122188,0.14,False
27.029385819106174,0.0037742663336518293,0.15822887017579507,0.9767025107354527,0.14,False
27.035586643152957,0.0037742907870938337,0.15817013369440067,0.9766939133645499,0.14,False
27.041787467199743,0.003774315237009767,0.1581114056826134,0.9766853109985918,0.14,False
27.04798829124653,0.0037743396833906447,0.15805268616199789,0.9766767036366553,0.14,False
27.054189115293312,0.0037743641262275264,0.15799397515404626,0.9766680912778105,0.14,False
27.060389939340098,0.003774388565511489,0.15793527268017787,0.9766594739211223,0.14,False
27.06659076338688,0.003774413001233652,0.15787657876174127,0.9766508515656496,0.14,False
27.072791587433663,0.0037744374333851427,0.1578178934200137,0.9766422242104458,0.14,False
27.07899241148045,0.003774461861957153,0.1577592166761985,0.9766335918545581,0.14,False
27.085193235527232,0.0037744862869408657,0.15770054855143034,0.9766249544970284,0.14,False
27.091394059574014,0.003774510708327527,0.15764188906677223,0.9766163121368925,0.14,False
27.097594883620797,0.003774535126108386,0.15758323824321652,0.9766076647731806,0.14,False
27.10379570766758,0.0037745595402747423,0.15752459610168387,0.9765990124049175,0.14,False
27.109996531714362,0.003774583950817899,0.1574659626630255,0.976590355031122,0.14,False
27.11619735576115,0.0037746083577292183,0.157407337948023,0.9765816926508071,0.14,False
27.122398179807934,0.003774632761000073,0.15734872197738664,0.9765730252629802,0.14,False
27.128599003854717,0.0037746571606218676,0.15729011477175578,0.9765643528666428,0.14,False
27.1347998279015,0.0037746815565860574,0.15723151635170357,0.976555675460791,0.14,False
27.141000651948282,0.0037747059488840735,0.15717292673772942,0.9765469930444151,0.14,False
27.147201475995065,0.0037747303375074317,0.15711434595026572,0.9765383056164995,0.14,False
27.15340230004185,0.0037747547224476555,0.1570557740096755,0.9765296131760232,0.14,False
27.159603124088633,0.00377477910369629,0.15699721093625335,0.9765209157219594,0.14,False
27.165803948135416,0.0037748034812449135,0.15693865675022242,0.9765122132532753,0.14,False
27.172004772182202,0.0037748278550851382,0.15688011147173997,0.9765035057689331,0.14,False
27.178205596228988,0.0037748522252086083,0.15682157512089454,0.976494793267889,0.14,False
27.184406420275774,0.0037748765916069647,0.15676304771770466,0.9764860757490932,0.14,False
27.190607244322557,0.0037749009542719244,0.15670452928212186,0.9764773532114905,0.14,False
27.19680806836934,0.0037749253131951974,0.15664601983402957,0.9764686256540204,0.14,False
27.203008892416122,0.0037749496683685477,0.156587519393244,0.9764598930756162,0.14,False
27.209209716462905,0.003774974019783737,0.15652902797951265,0.9764511554752057,0.14,False
27.215410540509687,0.0037749983674325665,0.15647054561251708,0.9764424128517115,0.14,False
27.221611364556473,0.003775022711306891,0.15641207231186985,0.9764336652040497,0.14,False
27.227812188603256,0.003775047051398566,0.15635360809711907,0.9764249125311316,0.14,False
27.234013012650042,0.0037750713876994794,0.1562951529877429,0.9764161548318624,0.14,False
27.240213836696825,0.003775095720201547,0.1562367070031546,0.9764073921051418,0.14,False
27.246414660743607,0.0037751200488967142,0.15617827016269997,0.9763986243498638,0.14,False
27.25261548479039,0.003775144373776965,0.1561198424856603,0.976389851564917,0.14,False
27.258816308837176,0.0037751686948342858,0.1560614239912484,0.976381073749184,0.14,False
27.26501713288396,0.0037751930120607166,0.1560030146986125,0.9763722909015424,0.14,False
27.27121795693074,0.0037752173254482933,0.15594461462683606,0.9763635030208638,0.14,False
27.277418780977523,0.003775241634989121,0.1558862237949328,0.976354710106014,0.14,False
27.283619605024306,0.0037752659406752936,0.15582784222185492,0.9763459121558536,0.14,False
27.28982042907109,0.003775290242498962,0.1557694699264884,0.9763371091692373,0.14,False
27.29602125311788,0.0037753145404522816,0.1557111069276527,0.9763283011450146,0.14,False
27.302222077164664,0.0037753388345274463,0.15565275324410444,0.976319488082029,0.14,False
27.308422901211447,0.0037753631247166813,0.15559440889453424,0.9763106699791185,0.14,False
27.31462372525823,0.003775387411012226,0.15553607389756752,0.976301846835116,0.14,False
27.320824549305012,0.003775411693406347,0.15547774827176614,0.9762930186488482,0.14,False
27.327025373351795,0.003775435971891347,0.15541943203562827,0.9762841854191368,0.14,False
27.33322619739858,0.0037754602464595576,0.1553611252075874,0.9762753471447974,0.14,False
27.339427021445363,0.0037754845171033263,0.15530282780601126,0.9762665038246402,0.14,False
27.345627845492146,0.003775508783815027,0.15524453984920658,0.9762576554574703,0.14,False
27.35182866953893,0.0037755330465870747,0.15518626135541466,0.9762488020420866,0.14,False
27.358029493585715,0.003775557305411905,0.15512799234281452,0.9762399435772828,0.14,False
27.364230317632497,0.0037755815602819576,0.15506973282952138,0.9762310800618471,0.14,False
27.370431141679283,0.0037756058111897287,0.1550114828335874,0.976222211494562,0.14,False
27.376631965726066,0.003775630058127721,0.15495324237300215,0.9762133378742048,0.14,False
27.38283278977285,0.003775654301088485,0.15489501146569173,0.9762044591995469,0.14,False
27.38903361381963,0.003775678540064575,0.15483679012951992,0.976195575469354,0.14,False
27.395234437866414,0.003775702775048579,0.15477857838228887,0.9761866866823871,0.14,False
27.401435261913196,0.0037757270060331184,0.1547203762417375,0.9761777928374007,0.14,False
27.407636085959982,0.003775751233010826,0.15466218372554388,0.9761688939331448,0.14,False
27.41383691000677,0.003775775455974376,0.15460400085132237,0.976159989968363,0.14,False
27.420037734053555,0.003775799674916453,0.15454582763662644,0.9761510809417939,0.14,False
27.426238558100337,0.003775823889829778,0.15448766409894799,0.9761421668521705,0.14,False
27.43243938214712,0.003775848100707106,0.15442951025571788,0.9761332476982202,0.14,False
27.438640206193902,0.0037758723075412056,0.15437136612430474,0.976124323478665,0.14,False
27.44484103024069,0.0037758965103247845,0.15431323172201705,0.9761153941922218,0.14,False
27.45104185428747,0.0037759207090507594,0.15425510706610196,0.9761064598376014,0.14,False
27.457242678334254,0.0037759449037119545,0.1541969921737467,0.9760975204135093,0.14,False
27.463443502381036,0.0037759690943012466,0.1541388870620754,0.9760885759186453,0.14,False
27.46964432642782,0.0037759932808115217,0.15408079174815487,0.9760796263517046,0.14,False
27.4758451504746,0.003776017463235708,0.15402270624898823,0.9760706717113757,0.14,False
27.48204597452139,0.0037760416415667407,0.15396463058152146,0.976061711996343,0.14,False
27.488246798568174,0.003776065815797591,0.15390656476263956,0.9760527472052843,0.14,False
27.494447622614956,0.00377608998592126,0.15384850880916712,0.9760437773368725,0.14,False
27.50064844666174,0.003776114151930764,0.15379046273787056,0.9760348023897751,0.14,False
27.50684927070852,0.0037761383138191465,0.15373242656545524,0.9760258223626541,0.14,False
27.513050094755304,0.0037761624715794916,0.15367440030856774,0.9760168372541655,0.14,False
27.51925091880209,0.0037761866252048575,0.15361638398379537,0.976007847062961,0.14,False
27.525451742848873,0.0037762107746883876,0.1535583776076668,0.9759988517876855,0.14,False
27.531652566895655,0.003776234920023225,0.15350038119665171,0.9759898514269799,0.14,False
27.53785339094244,0.0037762590612025345,0.15344239476716157,0.9759808459794784,0.14,False
27.544054214989227,0.0037762831982195147,0.15338441833554767,0.9759718354438107,0.14,False
27.550255039036013,0.0037763073310673597,0.1533264519181042,0.9759628198186006,0.14,False
27.556455863082796,0.00377633145973934,0.15326849553106733,0.9759537991024664,0.14,False
27.56265668712958,0.0037763555842287052,0.1532105491906145,0.9759447732940215,0.14,False
27.56885751117636,0.003776379704528746,0.15315261291286517,0.9759357423918735,0.14,False
27.575058335223144,0.00377640382063277,0.15309468671388235,0.9759267063946249,0.14,False
27.581259159269926,0.0037764279325341156,0.15303677060966933,0.9759176653008723,0.14,False
27.587459983316712,0.003776452040226152,0.15297886461617405,0.9759086191092075,0.14,False
27.593660807363495,0.0037764761437022567,0.15292096874928623,0.9758995678182164,0.14,False
27.59986163141028,0.00377650024295584,0.15286308302483761,0.9758905114264798,0.14,False
27.606062455457064,0.0037765243379803384,0.15280520745860443,0.9758814499325731,0.14,False
27.612263279503846,0.003776548428769203,0.1527473420663056,0.9758723833350664,0.14,False
27.61846410355063,0.0037765725153158995,0.1526894868636022,0.9758633116325243,0.14,False
27.624664927597415,0.0037765965976139545,0.1526316418661003,0.9758542348235058,0.14,False
27.630865751644198,0.0037766206756568877,0.1525738070893496,0.9758451529065649,0.14,False
27.63706657569098,0.0037766447494382445,0.15251598254884235,0.9758360658802502,0.14,False
27.643267399737763,0.003776668818951607,0.1524581682600165,0.975826973743105,0.14,False
27.649468223784545,0.0037766928841905588,0.1524003642382524,0.9758178764936669,0.14,False
27.655669047831328,0.0037767169451487295,0.15234257049887623,0.9758087741304685,0.14,False
27.661869871878118,0.00377674100181975,0.15228478705715595,0.9757996666520367,0.14,False
27.668070695924904,0.003776765054197288,0.15222701392830676,0.9757905540568933,0.14,False
27.674271519971686,0.0037767891022750326,0.15216925112748725,0.9757814363435551,0.14,False
27.68047234401847,0.003776813146046705,0.15211149866980198,0.9757723135105327,0.14,False
27.68667316806525,0.003776837185506024,0.15205375657029907,0.9757631855563321,0.14,False
27.692873992112034,0.0037768612206467663,0.15199602484397173,0.9757540524794538,0.14,False
27.69907481615882,0.0037768852514627072,0.15193830350576018,0.9757449142783926,0.14,False
27.705275640205603,0.00377690927794765,0.1518805925705484,0.9757357709516385,0.14,False
27.711476464252385,0.003776933300095422,0.15182289205316654,0.9757266224976758,0.14,False
27.717677288299168,0.0037769573178998437,0.15176520196839133,0.9757174689149842,0.14,False
27.723878112345954,0.0037769813313548142,0.1517075223309438,0.9757083102020369,0.14,False
27.730078936392736,0.0037770053404542303,0.15164985315549187,0.9756991463573026,0.14,False
27.736279760439523,0.003777029345191999,0.15159219445664998,0.9756899773792445,0.14,False
27.742480584486305,0.0037770533455620597,0.15153454624897802,0.9756808032663207,0.14,False
27.748681408533088,0.00377707734155838,0.15147690854698304,0.9756716240169835,0.14,False
27.75488223257987,0.0037771013331749214,0.15141928136511887,0.9756624396296807,0.14,False
27.761083056626653,0.0037771253204057164,0.15136166471778484,0.9756532501028536,0.14,False
27.767283880673435,0.0037771493032447757,0.1513040586193291,0.9756440554349399,0.14,False
27.77348470472022,0.0037771732816861453,0.15124646308404485,0.9756348556243704,0.14,False
27.779685528767008,0.003777197255723905,0.151188878126174,0.9756256506695715,0.14,False
27.785886352813794,0.003777221225352145,0.15113130375990538,0.975616440568964,0.14,False
27.792087176860576,0.0037772451905649733,0.15107373999937426,0.9756072253209638,0.14,False
27.79828800090736,0.003777269151356535,0.15101618685866525,0.9755980049239809,0.14,False
27.804488824954145,0.00377729310772099,0.15095864435180908,0.9755887793764205,0.14,False
27.810689649000928,0.0037773170596525204,0.15090111249278648,0.9755795486766826,0.14,False
27.81689047304771,0.0037773410071453056,0.1508435912955241,0.9755703128231618,0.14,False
27.823091297094493,0.003777364950193587,0.1507860807738979,0.975561071814247,0.14,False
27.829292121141275,0.0037773888887915985,0.15072858094173217,0.975551825648323,0.14,False
27.835492945188058,0.0037774128229336153,0.15067109181279884,0.9755425743237679,0.14,False
27.84169376923484,0.0037774367526139294,0.15061361340082,0.9755333178389556,0.14,False
27.84789459328163,0.003777460677826839,0.15055614571946502,0.9755240561922545,0.14,False
27.854095417328413,0.0037774845985666826,0.15049868878235256,0.9755147893820272,0.14,False
27.860296241375195,0.0037775085148278034,0.15044124260305083,0.9755055174066322,0.14,False
27.866497065421978,0.0037775324266045777,0.1503838071950766,0.9754962402644216,0.14,False
27.87269788946876,0.0037775563338914007,0.15032638257189654,0.975486957953743,0.14,False
27.878898713515547,0.003777580236682691,0.1502689687469265,0.9754776704729384,0.14,False
27.88509953756233,0.003777604134972875,0.15021156573353142,0.9754683778203449,0.14,False
27.89130036160911,0.0037776280287564173,0.1501541735450274,0.9754590799942942,0.14,False
27.897501185655894,0.0037776519180277917,0.15009679219467909,0.9754497769931126,0.14,False
27.90370200970268,0.0037776758027814857,0.15003942169570167,0.9754404688151216,0.14,False
27.909902833749467,0.0037776996830120274,0.14998206206125986,0.975431155458637,0.14,False
27.916103657796253,0.0037777235587139637,0.14992471330446913,0.9754218369219697,0.14,False
27.922304481843035,0.0037777474298818494,0.14986737543839682,0.9754125132034256,0.14,False
27.928505305889818,0.0037777712965102643,0.14981004847605828,0.9754031843013049,0.14,False
27.9347061299366,0.0037777951585938143,0.14975273243042,0.9753938502139028,0.14,False
27.940906953983383,0.003777819016127107,0.14969542731440133,0.9753845109395093,0.14,False
27.947107778030166,0.0037778428691047933,0.14963813314087024,0.9753751664764095,0.14,False
27.95330860207695,0.0037778667175215465,0.14958084992264767,0.9753658168228828,0.14,False
27.959509426123734,0.003777890561372035,0.14952357767250501,0.9753564619772037,0.14,False
27.965710250170517,0.003777914400650969,0.14946631640316393,0.9753471019376415,0.14,False
27.971911074217303,0.0037779382353530714,0.14940906612729932,0.9753377367024604,0.14,False
27.978111898264086,0.0037779620654730807,0.149351826857537,0.9753283662699194,0.14,False
27.984312722310868,0.00377798589100577,0.1492945986064551,0.9753189906382717,0.14,False
27.990513546357654,0.003778009711945916,0.14923738138658235,0.9753096098057664,0.14,False
27.996714370404437,0.0037780335282883277,0.14918017521040108,0.9753002237706468,0.14,False
28.00291519445122,0.003778057340027822,0.14912298009034433,0.975290832531151,0.14,False
28.009116018498002,0.003778081147159263,0.1490657960387983,0.9752814360855119,0.14,False
28.015316842544784,0.0037781049496774808,0.1490086230681015,0.9752720344319578,0.14,False
28.021517666591567,0.003778128747577379,0.1489514611905447,0.975262627568711,0.14,False
28.027718490638357,0.003778152540853847,0.1488943104183722,0.9752532154939895,0.14,False
28.033919314685143,0.003778176329501827,0.14883717076378106,0.9752437982060054,0.14,False
28.040120138731925,0.003778200113516171,0.14878004223891983,0.9752343757029668,0.14,False
28.046320962778708,0.003778223892891946,0.14872292485589136,0.9752249479830748,0.14,False
28.05252178682549,0.0037782476676241064,0.14866581862675204,0.975215515044527,0.14,False
28.058722610872273,0.003778271437707653,0.1486087235635112,0.9752060768855149,0.14,False
28.06492343491906,0.0037782952031376054,0.14855163967813,0.9751966335042251,0.14,False
28.071124258965842,0.0037783189639090005,0.1484945669825264,0.9751871848988395,0.14,False
28.077325083012624,0.0037783427200168977,0.14843750548856932,0.9751777310675344,0.14,False
28.083525907059407,0.0037783664714563722,0.148380455208084,0.9751682720084811,0.14,False
28.089726731106193,0.0037783902182225307,0.1483234161528469,0.9751588077198456,0.14,False
28.09592755515298,0.0037784139603104588,0.14826638833459058,0.9751493381997896,0.14,False
28.102128379199762,0.0037784376977153178,0.14820937176500087,0.975139863446468,0.14,False
28.108329203246544,0.003778461430432256,0.14815236645571928,0.9751303834580325,0.14,False
28.114530027293327,0.0037784851584564388,0.1480953724183406,0.9751208982326284,0.14,False
28.12073085134011,0.003778508881783071,0.14803838966441424,0.9751114077683961,0.14,False
28.126931675386892,0.003778532600407357,0.14798141820544516,0.9751019120634714,0.14,False
28.133132499433675,0.0037785563143245245,0.14792445805289256,0.9750924111159845,0.14,False
28.13933332348046,0.0037785800235298123,0.1478675092181706,0.9750829049240607,0.14,False
28.145534147527243,0.0037786037280185016,0.14781057171264914,0.9750733934858201,0.14,False
28.15173497157403,0.0037786274277858698,0.14775364554765297,0.9750638767993777,0.14,False
28.157935795620816,0.0037786511228272202,0.14769673073446302,0.9750543548628436,0.14,False
28.164136619667598,0.003778674813137885,0.14763982728431396,0.9750448276743224,0.14,False
28.170337443714384,0.003778698498713191,0.14758293520839694,0.975035295231914,0.14,False
28.176538267761167,0.003778722179548498,0.14752605451786016,0.975025757533713,0.14,False
28.18273909180795,0.003778745855639193,0.14746918522380553,0.9750162145778088,0.14,False
28.188939915854732,0.0037787695269806683,0.14741232733729207,0.9750066663622863,0.14,False
28.195140739901515,0.003778793193568338,0.1473554808693352,0.9749971128852244,0.14,False
28.201341563948297,0.0037788168553976346,0.14729864583090668,0.9749875541446977,0.14,False
28.207542387995083,0.003778840512464012,0.14724182223293428,0.9749779901387755,0.14,False
28.21374321204187,0.0037788641647629397,0.14718501008630117,0.9749684208655217,0.14,False
28.219944036088652,0.0037788878122898867,0.14712820940184812,0.9749588463229956,0.14,False
28.226144860135435,0.0037789114550403663,0.14707142019037228,0.9749492665092508,0.14,False
28.232345684182217,0.0037789350930099094,0.14701464246262916,0.9749396814223366,0.14,False
28.238546508229,0.003778958726194051,0.14695787622933,0.9749300910602968,0.14,False
28.244747332275786,0.0037789823545883506,0.14690112150114243,0.9749204954211702,0.14,False
28.25094815632257,0.0037790059781883886,0.14684437828869273,0.9749108945029904,0.14,False
28.25714898036935,0.0037790295969897525,0.14678764660256424,0.9749012883037864,0.14,False
28.263349804416134,0.0037790532109880544,0.1467309264532959,0.9748916768215813,0.14,False
28.26955062846292,0.0037790768201789327,0.1466742178513875,0.9748820600543942,0.14,False
28.275751452509706,0.0037791004245580307,0.14661752080729407,0.9748724380002384,0.14,False
28.281952276556492,0.0037791240241210034,0.14656083533142822,0.9748628106571221,0.14,False
28.288153100603274,0.003779147618863533,0.14650416143416223,0.9748531780230492,0.14,False
28.294353924650057,0.003779171208781329,0.14644749912582566,0.9748435400960176,0.14,False
28.30055474869684,0.003779194793870091,0.14639084841670708,0.9748338968740211,0.14,False
28.306755572743622,0.003779218374125579,0.1463342093170504,0.9748242483550474,0.14,False
28.312956396790405,0.003779241949543534,0.14627758183706094,0.9748145945370802,0.14,False
28.31915722083719,0.00377926552011973,0.14622096598690104,0.9748049354180974,0.14,False
28.325358044883973,0.003779289085849937,0.1461643617766924,0.9747952709960723,0.14,False
28.331558868930756,0.0037793126467299733,0.14610776921651616,0.974785601268973,0.14,False
28.337759692977542,0.003779336202755654,0.14605118831640995,0.9747759262347624,0.14,False
28.343960517024325,0.003779359753922806,0.14599461908637282,0.9747662458913993,0.14,False
28.350161341071107,0.003779383300227297,0.14593806153636202,0.9747565602368359,0.14,False
28.356362165117893,0.0037794068416649993,0.1458815156762929,0.9747468692690204,0.14,False
28.362562989164676,0.0037794303782317973,0.14582498151604184,0.9747371729858959,0.14,False
28.36876381321146,0.003779453909923592,0.14576845906544414,0.9747274713854006,0.14,False
28.37496463725824,0.003779477436736315,0.14571194833429443,0.9747177644654672,0.14,False
28.381165461305024,0.0037795009586659048,0.1456554493323463,0.9747080522240236,0.14,False
28.387366285351806,0.003779524475708308,0.1455989620693144,0.9746983346589928,0.14,False
28.393567109398596,0.0037795479878594946,0.14554248655487254,0.9746886117682928,0.14,False
28.399767933445382,0.0037795714951154667,0.1454860227986548,0.9746788835498362,0.14,False
28.405968757492165,0.0037795949974722244,0.1454295708102553,0.9746691500015311,0.14,False
28.412169581538947,0.003779618494925786,0.14537313059922943,0.9746594111212805,0.14,False
28.41837040558573,0.0037796419874722006,0.14531670217509046,0.9746496669069822,0.14,False
28.424571229632516,0.0037796654751075204,0.14526028554731416,0.9746399173565288,0.14,False
28.4307720536793,0.00377968895782782,0.1452038807253361,0.9746301624678083,0.14,False
28.43697287772608,0.003779712435629142,0.1451474877185532,0.9746204022387043,0.14,False
28.443173701772864,0.003779735908507635,0.1450911065363215,0.9746106366670936,0.14,False
28.449374525819646,0.00377975937645942,0.14503473718796012,0.9746008657508497,0.14,False
28.455575349866432,0.0037797828394806367,0.14497837968274851,0.9745910894878402,0.14,False
28.46177617391322,0.0037798062975674235,0.14492203402992546,0.9745813078759283,0.14,False
28.46797699796,0.0037798297507159627,0.14486570023869397,0.9745715209129715,0.14,False
28.474177822006784,0.0037798531989224333,0.14480937831821525,0.9745617285968231,0.14,False
28.480378646053566,0.0037798766421830434,0.14475306827761536,0.974551930925331,0.14,False
28.48657947010035,0.003779900080493992,0.14469677012597915,0.974542127896338,0.14,False
28.49278029414713,0.0037799235138515227,0.1446404838723537,0.974532319507682,0.14,False
28.498981118193917,0.0037799469422518943,0.144584209525749,0.9745225057571965,0.14,False
28.5051819422407,0.003779970365691351,0.14452794709513564,0.974512686642709,0.14,False
28.511382766287483,0.00377999378416618,0.144471696589447,0.9745028621620426,0.14,False
28.51758359033427,0.003780017197672683,0.14441545801757846,0.9744930323130158,0.14,False
28.523784414381055,0.0037800406062071753,0.14435923138838794,0.9744831970934412,0.14,False
28.529985238427837,0.003780064009765955,0.14430301671069418,0.9744733565011273,0.14,False
28.536186062474624,0.003780087408345403,0.14424681399328007,0.9744635105338773,0.14,False
28.542386886521406,0.003780110801941876,0.14419062324489,0.9744536591894888,0.14,False
28.54858771056819,0.00378013419055174,0.14413444447423138,0.9744438024657556,0.14,False
28.55478853461497,0.0037801575741713872,0.14407827768997394,0.9744339403604656,0.14,False
28.560989358661754,0.003780180952797227,0.14402212290075112,0.9744240728714022,0.14,False
28.567190182708536,0.003780204326425679,0.14396598011515918,0.9744141999963439,0.14,False
28.573391006755323,0.003780227695053173,0.14390984934175674,0.974404321733064,0.14,False
28.57959183080211,0.003780251058676167,0.14385373058906545,0.974394438079331,0.14,False
28.58579265484889,0.003780274417291132,0.14379762386557077,0.9743845490329082,0.14,False
28.591993478895674,0.0037802977708945493,0.14374152917972105,0.9743746545915538,0.14,False
28.598194302942456,0.0037803211194829133,0.1436854465399292,0.9743647547530219,0.14,False
28.60439512698924,0.0037803444630527287,0.1436293759545711,0.9743548495150611,0.14,False
28.610595951036025,0.0037803678016005322,0.14357331743198612,0.9743449388754148,0.14,False
28.616796775082808,0.003780391135122872,0.1435172709804773,0.9743350228318219,0.14,False
28.62299759912959,0.0037804144636162853,0.14346123660831211,0.9743251013820163,0.14,False
28.629198423176373,0.003780437787077371,0.14340521432372122,0.9743151745237265,0.14,False
28.63539924722316,0.0037804611055027087,0.1433492041349003,0.9743052422546765,0.14,False
28.641600071269945,0.003780484418888901,0.14329320605000842,0.9742953045725851,0.14,False
28.64780089531673,0.003780507727232565,0.14323722007716974,0.9742853614751665,0.14,False
28.654001719363514,0.0037805310305303267,0.14318124622447248,0.9742754129601299,0.14,False
28.660202543410296,0.003780554328778843,0.14312528449996928,0.9742654590251791,0.14,False
28.66640336745708,0.003780577621974773,0.14306933491167687,0.9742554996680135,0.14,False
28.67260419150386,0.00378060091011478,0.14301339746757702,0.9742455348863274,0.14,False
28.678805015550644,0.003780624193195578,0.14295747217561702,0.9742355646778098,0.14,False
28.68500583959743,0.0037806474712138555,0.14290155904370866,0.9742255890401456,0.14,False
28.691206663644213,0.0037806707441663434,0.14284565807972827,0.9742156079710137,0.14,False
28.697407487690995,0.00378069401204978,0.14278976929151777,0.9742056214680891,0.14,False
28.70360831173778,0.0037807172748609,0.14273389268688455,0.9741956295290413,0.14,False
28.709809135784564,0.003780740532596486,0.14267802827360013,0.9741856321515346,0.14,False
28.716009959831347,0.0037807637852533033,0.14262217605940236,0.9741756293332294,0.14,False
28.722210783878133,0.0037807870328281533,0.1425663360519945,0.97416562107178,0.14,False
28.728411607924915,0.003780810275317827,0.14251050825904527,0.9741556073648368,0.14,False
28.734612431971698,0.0037808335127191674,0.14245469268818986,0.9741455882100443,0.14,False
28.74081325601848,0.0037808567450289994,0.1423988893470283,0.9741355636050428,0.14,False
28.747014080065263,0.0037808799722441745,0.1423430982431263,0.9741255335474677,0.14,False
28.753214904112046,0.0037809031943615585,0.14228731938401643,0.9741154980349488,0.14,False
28.759415728158835,0.003780926411378026,0.14223155277719693,0.9741054570651118,0.14,False
28.76561655220562,0.0037809496232904705,0.14217579843013212,0.9740954106355768,0.14,False
28.771817376252404,0.003780972830095808,0.14212005635025451,0.9740853587439599,0.14,False
28.778018200299186,0.003780996031790939,0.14206432654495812,0.9740753013878711,0.14,False
28.78421902434597,0.003781019228372811,0.1420086090216083,0.9740652385649162,0.14,False
28.790419848392755,0.003781042419838371,0.1419529037875354,0.9740551702726962,0.14,False
28.796620672439538,0.00378106560618458,0.1418972108500352,0.9740450965088067,0.14,False
28.80282149648632,0.003781088787408413,0.14184153021637202,0.9740350172708386,0.14,False
28.809022320533103,0.0037811119635068587,0.14178586189377645,0.9740249325563782,0.14,False
28.815223144579885,0.0037811351344769245,0.14173020588944613,0.9740148423630067,0.14,False
28.82142396862667,0.003781158300315633,0.14167456221054556,0.9740047466883003,0.14,False
28.827624792673458,0.0037811814610199997,0.141618930864206,0.9739946455298303,0.14,False
28.83382561672024,0.0037812046165870716,0.14156331185752613,0.973984538885163,0.14,False
28.840026440767023,0.0037812277670139205,0.14150770519757433,0.9739744267518605,0.14,False
28.846227264813805,0.0037812509122976054,0.14145211089138068,0.9739643091274787,0.14,False
28.852428088860588,0.0037812740524352153,0.14139652894594845,0.9739541860095697,0.14,False
28.85862891290737,0.0037812971874238493,0.14134095936824556,0.9739440573956806,0.14,False
28.864829736954157,0.0037813203172606205,0.14128540216520982,0.973933923283353,0.14,False
28.87103056100094,0.0037813434419426534,0.14122985734374482,0.9739237836701242,0.14,False
28.877231385047725,0.0037813665614670924,0.14117432491072257,0.9739136385535261,0.14,False
28.883432209094508,0.0037813896758310725,0.1411188048729843,0.9739034879310865,0.14,False
28.889633033141294,0.003781412785031776,0.14106329723733702,0.9738933318003274,0.14,False
28.895833857188077,0.0037814358890663753,0.1410078020105578,0.9738831701587664,0.14,False
28.902034681234863,0.003781458987932069,0.14095231919939144,0.9738730030039162,0.14,False
28.908235505281645,0.0037814820816260562,0.14089684881055003,0.9738628303332841,0.14,False
28.914436329328428,0.003781505170145552,0.1408413908507161,0.9738526521443737,0.14,False
28.92063715337521,0.0037815282534877947,0.14078594532653962,0.9738424684346824,0.14,False
28.926837977421993,0.003781551331650033,0.14073051224463923,0.9738322792017033,0.14,False
28.933038801468776,0.003781574404629521,0.14067509161160224,0.9738220844429247,0.14,False
28.93923962551556,0.003781597472423511,0.140619683433985,0.9738118841558303,0.14,False
28.945440449562348,0.003781620535029308,0.14056428771831253,0.973801678337898,0.14,False
28.95164127360913,0.0037816435924442034,0.1405089044710799,0.9737914669866017,0.14,False
28.957842097655913,0.0037816666446655028,0.14045353369874825,0.9737812500994096,0.14,False
28.964042921702696,0.00378168969169053,0.14039817540775096,0.9737710276737859,0.14,False
28.970243745749478,0.0037817127335166264,0.14034282960448966,0.9737607997071892,0.14,False
28.976444569796264,0.00378173577014113,0.14028749629533493,0.9737505661970738,0.14,False
28.982645393843047,0.0037817588015613968,0.1402321754866283,0.9737403271408888,0.14,False
28.98884621788983,0.00378178182777471,0.1401768671846789,0.9737300825360791,0.14,False
28.995047041936612,0.00378180484877861,0.14012157139576578,0.9737198323800831,0.14,False
29.001247865983398,0.0037818278645704233,0.14006628812613972,0.9737095766703356,0.14,False
29.007448690030188,0.003781850875147589,0.14001101738201793,0.9736993154042664,0.14,False
29.01364951407697,0.0037818738805075304,0.13995575916959022,0.9736890485793,0.14,False
29.019850338123753,0.0037818968806476627,0.13990051349501548,0.9736787761928565,0.14,False
29.026051162170535,0.0037819198755654503,0.13984528036442248,0.973668498242351,0.14,False
29.032251986217318,0.0037819428652583497,0.13979005978391013,0.9736582147251935,0.14,False
29.0384528102641,0.003781965849723833,0.139734851759548,0.9736479256387893,0.14,False
29.044653634310883,0.0037819888289593703,0.1396796562973754,0.9736376309805392,0.14,False
29.05085445835767,0.003782011802962475,0.13962447340340256,0.9736273307478384,0.14,False
29.057055282404452,0.0037820347717306565,0.1395693030836094,0.9736170249380774,0.14,False
29.063256106451234,0.0037820577352614335,0.13951414534394774,0.9736067135486427,0.14,False
29.06945693049802,0.003782080693552341,0.13945900019033858,0.9735963965769147,0.14,False
29.075657754544803,0.003782103646600917,0.13940386762867402,0.9735860740202695,0.14,False
29.08185857859159,0.0037821265944047297,0.13934874766481825,0.9735757458760789,0.14,False
29.088059402638372,0.0037821495369613485,0.13929364030460517,0.9735654121417084,0.14,False
29.094260226685154,0.0037821724742683584,0.1392385455538396,0.9735550728145203,0.14,False
29.100461050731937,0.003782195406323362,0.13918346341829702,0.9735447278918704,0.14,False
29.10666187477872,0.0037822183331239316,0.13912839390372644,0.9735343773711114,0.14,False
29.112862698825502,0.0037822412546677166,0.13907333701584537,0.9735240212495894,0.14,False
29.119063522872285,0.003782264170952345,0.13901829276034425,0.9735136595246471,0.14,False
29.125264346919074,0.0037822870819754556,0.1389632611428839,0.9735032921936212,0.14,False
29.13146517096586,0.0037823099877347132,0.1389082421690984,0.9734929192538443,0.14,False
29.137665995012643,0.0037823328882277745,0.1388532358445915,0.973482540702644,0.14,False
29.143866819059426,0.00378235578345232,0.1387982421749386,0.9734721565373423,0.14,False
29.15006764310621,0.003782378673406041,0.13874326116568783,0.9734617667552575,0.14,False
29.156268467152994,0.0037824015580866436,0.13868829282235953,0.9734513713537022,0.14,False
29.162469291199777,0.0037824244374918196,0.13863333715044493,0.9734409703299848,0.14,False
29.16867011524656,0.003782447311619324,0.13857839415540743,0.973430563681408,0.14,False
29.174870939293342,0.0037824701804668797,0.13852346384268258,0.9734201514052705,0.14,False
29.181071763340125,0.003782493044032241,0.13846854621767843,0.9734097334988654,0.14,False
29.18727258738691,0.003782515902313168,0.13841364128577477,0.9733993099594817,0.14,False
29.193473411433697,0.003782538755307428,0.13835874905232445,0.9733888807844027,0.14,False
29.19967423548048,0.003782561603012805,0.13830386952265153,0.9733784459709075,0.14,False
29.205875059527262,0.0037825844454270952,0.13824900270205462,0.9733680055162705,0.14,False
29.212075883574045,0.0037826072825481037,0.13819414859580104,0.9733575594177599,0.14,False
29.218276707620827,0.0037826301143736554,0.1381393072091349,0.9733471076726411,0.14,False
29.22447753166761,0.0037826529409015416,0.13808447854727066,0.9733366502781731,0.14,False
29.230678355714396,0.00378267576212965,0.13802966261539593,0.9733261872316102,0.14,False
29.23687917976118,0.0037826985780558186,0.13797485941867266,0.9733157185302026,0.14,False
29.243080003807965,0.003782721388677905,0.13792006896223408,0.9733052441711952,0.14,False
29.249280827854747,0.0037827441939937835,0.13786529125118704,0.973294764151828,0.14,False
29.255481651901533,0.0037827669940013408,0.13781052629061147,0.9732842784693361,0.14,False
29.261682475948316,0.0037827897886984754,0.13775577408556006,0.9732737871209498,0.14,False
29.267883299995102,0.003782812578083093,0.13770103464106054,0.9732632901038949,0.14,False
29.274084124041885,0.0037828353621531053,0.1376463079621105,0.9732527874153918,0.14,False
29.280284948088667,0.003782858140906459,0.13759159405368515,0.9732422790526564,0.14,False
29.28648577213545,0.003782880914341052,0.13753689292072976,0.9732317650128995,0.14,False
29.292686596182232,0.003782903682454878,0.1374822045681645,0.9732212452933275,0.14,False
29.298887420229015,0.0037829264452458843,0.13742752900088395,0.9732107198911413,0.14,False
29.3050882442758,0.003782949202712046,0.13737286622375525,0.9732001888035374,0.14,False
29.311289068322587,0.003782971954851353,0.13731821624161994,0.9731896520277072,0.14,False
29.31748989236937,0.0037829947016617925,0.13726357905929373,0.9731791095608379,0.14,False
29.323690716416152,0.0037830174431413787,0.1372089546815666,0.9731685614001109,0.14,False
29.329891540462935,0.003783040179288124,0.13715434311320043,0.9731580075427032,0.14,False
29.336092364509717,0.003783062910100062,0.1370997443589341,0.9731474479857872,0.14,False
29.342293188556503,0.0037830856355752303,0.13704515842347825,0.9731368827265299,0.14,False
29.348494012603286,0.0037831083557116605,0.13699058531151873,0.9731263117620937,0.14,False
29.35469483665007,0.003783131070507428,0.13693602502771648,0.9731157350896367,0.14,False
29.36089566069685,0.0037831537799606027,0.13688147757670668,0.9731051527063111,0.14,False
29.367096484743637,0.0037831764840692596,0.1368269429630968,0.973094564609265,0.14,False
29.37329730879042,0.0037831991828314974,0.13677242119147243,0.9730839707956416,0.14,False
29.37949813283721,0.003783221876245412,0.13671791226639138,0.9730733712625786,0.14,False
29.385698956883992,0.0037832445643091257,0.13666341619238695,0.97306276600721,0.14,False
29.391899780930775,0.003783267247020757,0.13660893297396698,0.9730521550266639,0.14,False
29.398100604977557,0.003783289924378425,0.13655446261561455,0.973041538318064,0.14,False
29.40430142902434,0.0037833125963802903,0.13650000512178753,0.9730309158785292,0.14,False
29.410502253071126,0.003783335263024503,0.13644556049691797,0.9730202877051733,0.14,False
29.41670307711791,0.0037833579243092197,0.13639112874541462,0.9730096537951054,0.14,False
29.42290390116469,0.0037833805802326313,0.13633670987165994,0.9729990141454299,0.14,False
29.429104725211474,0.0037834032307929185,0.13628230388001353,0.9729883687532461,0.14,False
29.43530554925826,0.0037834258759882737,0.1362279107748076,0.9729777176156489,0.14,False
29.441506373305042,0.0037834485158168988,0.13617353056035184,0.9729670607297272,0.14,False
29.44770719735183,0.003783471150277017,0.1361191632409304,0.9729563980925665,0.14,False
29.45390802139861,0.003783493779366852,0.13606480882080402,0.9729457297012468,0.14,False
29.460108845445394,0.0037835164030846457,0.13601046730420777,0.972935055552843,0.14,False
29.466309669492176,0.0037835390214286373,0.13595613869535308,0.9729243756444255,0.14,False
29.47251049353896,0.0037835616343970912,0.13590182299842707,0.9729136899730597,0.14,False
29.47871131758574,0.00378358424198825,0.13584752021759328,0.9729029985358064,0.14,False
29.48491214163253,0.0037836068442004167,0.13579323035698943,0.9728923013297212,0.14,False
29.491112965679314,0.0037836294410318735,0.13573895342073072,0.9728815983518551,0.14,False
29.4973137897261,0.003783652032480912,0.13568468941290768,0.9728708895992538,0.14,False
29.503514613772882,0.0037836746185458433,0.13563043833758756,0.9728601750689589,0.14,False
29.509715437819665,0.003783697199224982,0.13557620019881325,0.9728494547580068,0.14,False
29.515916261866447,0.0037837197745166557,0.13552197500060437,0.9728387286634286,0.14,False
29.522117085913234,0.0037837423444191994,0.1354677627469558,0.9728279967822513,0.14,False
29.528317909960016,0.0037837649089309633,0.13541356344184025,0.9728172591114965,0.14,False
29.5345187340068,0.0037837874680503036,0.13535937708920578,0.9728065156481811,0.14,False
29.54071955805358,0.003783810021775597,0.13530520369297788,0.9727957663893173,0.14,False
29.546920382100364,0.003783832570105183,0.13525104325705786,0.9727850113319126,0.14,False
29.553121206147146,0.003783855113037475,0.1351968957853239,0.9727742504729691,0.14,False
29.559322030193936,0.0037838776505708673,0.1351427612816313,0.9727634838094842,0.14,False
29.56552285424072,0.0037839001827037633,0.13508863974981217,0.9727527113384509,0.14,False
29.5717236782875,0.0037839227094345566,0.13503453119367428,0.972741933056857,0.14,False
29.577924502334284,0.0037839452307616866,0.13498043561700354,0.9727311489616851,0.14,False
29.584125326381066,0.0037839677466835944,0.13492635302356304,0.9727203590499138,0.14,False
29.59032615042785,0.0037839902571987216,0.1348722834170922,0.9727095633185162,0.14,False
29.596526974474635,0.003784012762305517,0.13481822680130798,0.9726987617644606,0.14,False
29.602727798521418,0.0037840352620024434,0.13476418317990455,0.9726879543847107,0.14,False
29.608928622568204,0.003784057756287979,0.13471015255655283,0.9726771411762247,0.14,False
29.615129446614986,0.0037840802451605733,0.13465613493490228,0.9726663221359574,0.14,False
29.621330270661772,0.0037841027286187566,0.13460213031857854,0.9726554972608571,0.14,False
29.627531094708555,0.0037841252066610114,0.13454813871118526,0.972644666547868,0.14,False
29.63373191875534,0.0037841476792858514,0.13449416011630383,0.9726338299939294,0.14,False
29.639932742802124,0.003784170146491789,0.1344401945374931,0.972622987595976,0.14,False
29.646133566848906,0.003784192608277357,0.13438624197828913,0.9726121393509369,0.14,False
29.65233439089569,0.0037842150646410803,0.13433230244220662,0.9726012852557373,0.14,False
29.65853521494247,0.0037842375155815156,0.13427837593273728,0.9725904253072967,0.14,False
29.664736038989254,0.0037842599610972204,0.13422446245335173,0.9725795595025303,0.14,False
29.67093686303604,0.0037842824011867534,0.1341705620074969,0.9725686878383478,0.14,False
29.677137687082826,0.0037843048358486946,0.13411667459859947,0.972557810311655,0.14,False
29.68333851112961,0.0037843272650816212,0.1340628002300629,0.9725469269193519,0.14,False
29.68953933517639,0.00378434968888412,0.1340089389052707,0.9725360376583345,0.14,False
29.695740159223174,0.0037843721072548,0.1339550906275814,0.9725251425254929,0.14,False
29.701940983269957,0.003784394520192273,0.13390125540033482,0.9725142415177134,0.14,False
29.708141807316743,0.0037844169276951517,0.13384743322684708,0.9725033346318765,0.14,False
29.714342631363525,0.003784439329762073,0.13379362411041415,0.9724924218648586,0.14,False
29.720543455410308,0.003784461726391669,0.13373982805430956,0.972481503213531,0.14,False
29.726744279457094,0.0037844841175825802,0.13368604506178622,0.9724705786747597,0.14,False
29.732945103503877,0.0037845065033334543,0.1336322751360748,0.9724596482454066,0.14,False
29.739145927550663,0.0037845288836429658,0.13357851828038528,0.9724487119223281,0.14,False
29.74534675159745,0.0037845512585097892,0.13352477449790576,0.972437769702376,0.14,False
29.75154757564423,0.0037845736279326133,0.13347104379180344,0.9724268215823972,0.14,False
29.757748399691014,0.0037845959919100996,0.13341732616522467,0.9724158675592337,0.14,False
29.763949223737797,0.003784618350440978,0.13336362162129417,0.9724049076297229,0.14,False
29.77015004778458,0.0037846407035239463,0.13330993016311615,0.9723939417906966,0.14,False
29.776350871831365,0.003784663051157721,0.13325625179377357,0.9723829700389826,0.14,False
29.782551695878148,0.00378468539334103,0.1332025865163286,0.972371992371403,0.14,False
29.78875251992493,0.0037847077300726018,0.13314893433382224,0.972361008784776,0.14,False
29.794953343971713,0.003784730061351182,0.1330952952492753,0.9723500192759142,0.14,False
29.8011541680185,0.0037847523871755192,0.13304166926568728,0.9723390238416256,0.14,False
29.80735499206528,0.0037847747075443736,0.13298805638603792,0.9723280224787131,0.14,False
29.813555816112068,0.003784797022456509,0.13293445661328515,0.972317015183975,0.14,False
29.81975664015885,0.0037848193319107103,0.13288086995036766,0.9723060019542045,0.14,False
29.825957464205633,0.00378484163590576,0.13282729640020285,0.9722949827861902,0.14,False
29.832158288252415,0.0037848639344404455,0.13277373596568792,0.9722839576767154,0.14,False
29.838359112299198,0.0037848862275135665,0.13272018864970037,0.972272926622559,0.14,False
29.84455993634598,0.003784908515123951,0.13266665445509593,0.9722618896204949,0.14,False
29.85076076039277,0.00378493079727041,0.1326131333847114,0.9722508466672917,0.14,False
29.856961584439553,0.0037849530739517702,0.13255962544136307,0.9722397977597135,0.14,False
29.86316240848634,0.0037849753451668663,0.13250613062784708,0.9722287428945194,0.14,False
29.86936323253312,0.0037849976109145442,0.1324526489469398,0.9722176820684639,0.14,False
29.875564056579904,0.003785019871193652,0.13239918040139764,0.9722066152782965,0.14,False
29.881764880626687,0.0037850421260030584,0.13234572499395636,0.9721955425207613,0.14,False
29.887965704673473,0.003785064375341631,0.13229228272733284,0.9721844637925982,0.14,False
29.894166528720255,0.003785086619208241,0.13223885360422352,0.9721733790905418,0.14,False
29.900367352767038,0.0037851088576017758,0.13218543762730522,0.972162288411322,0.14,False
29.90656817681382,0.0037851310905211285,0.13213203479923538,0.9721511917516639,0.14,False
29.912769000860603,0.003785153317965188,0.13207864512265166,0.9721400891082873,0.14,False
29.918969824907386,0.003785175539932891,0.1320252686001723,0.9721289804779079,0.14,False
29.925170648954175,0.003785197756423147,0.1319719052343959,0.9721178658572354,0.14,False
29.931371473000958,0.0037852199674348803,0.1319185550279017,0.9721067452429752,0.14,False
29.93757229704774,0.003785242172967017,0.1318652179832492,0.9720956186318284,0.14,False
29.943773121094523,0.0037852643730185106,0.13181189410297905,0.9720844860204902,0.14,False
29.949973945141306,0.0037852865675883007,0.13175858338961294,0.9720733474056515,0.14,False
29.956174769188088,0.003785308756675358,0.13170528584565228,0.9720622027839981,0.14,False
29.962375593234874,0.003785330940278644,0.13165200147357986,0.9720510521522107,0.14,False
29.96857641728166,0.0037853531183971306,0.1315987302758602,0.9720398955069655,0.14,False
29.97477724132844,0.003785375291029803,0.13154547225493765,0.9720287328449337,0.14,False
29.980978065375226,0.0037853974581756496,0.13149222741323838,0.9720175641627815,0.14,False
29.987178889422008,0.0037854196198336514,0.13143899575316914,0.9720063894571705,0.14,False
29.993379713468798,0.0037854417760028363,0.13138577727711806,0.9719952087247566,0.14,False
29.999580537515577,0.0037854639266822173,0.13133257198745427,0.9719840219621918,0.14,False
30.005781361562363,0.003785486071870816,0.13127937988652855,0.9719728291661225,0.14,False
30.011982185609142,0.0037855082115676557,0.13122620097667256,0.9719616303331906,0.14,False
30.018183009655928,0.0037855303457717706,0.1311730352602002,0.9719504254600326,0.14,False
30.024383833702707,0.003785552474482217,0.13111988273940556,0.9719392145432808,0.14,False
30.030584657749497,0.0037855745976980324,0.13106674341656477,0.9719279975795622,0.14,False
30.036785481796283,0.0037855967154182806,0.1310136172939358,0.9719167745654986,0.14,False
30.042986305843066,0.003785618827642035,0.13096050437375784,0.9719055454977075,0.14,False
30.04918712988985,0.0037856409343683902,0.1309074046582519,0.9718943103728007,0.14,False
30.05538795393663,0.003785663035596355,0.13085431814962076,0.9718830691873863,0.14,False
30.061588777983417,0.0037856851313250776,0.13080124485004918,0.9718718219380665,0.14,False
30.0677896020302,0.0037857072215536514,0.13074818476170322,0.9718605686214384,0.14,False
30.073990426076985,0.0037857293062811687,0.13069513788673062,0.9718493092340954,0.14,False
30.080191250123764,0.0037857513855067645,0.1306421042272615,0.9718380437726243,0.14,False
30.08639207417055,0.0037857734592295577,0.1305890837854086,0.9718267722336082,0.14,False
30.09259289821733,0.0037857955274486713,0.13053607656326588,0.9718154946136253,0.14,False
30.098793722264116,0.00378581759016324,0.13048308256290952,0.9718042109092482,0.14,False
30.104994546310902,0.0037858396473724096,0.13043010178639766,0.9717929211170451,0.14,False
30.111195370357688,0.0037858616990753286,0.13037713423577146,0.971781625233579,0.14,False
30.117396194404467,0.003785883745271148,0.13032417991305353,0.9717703232554081,0.14,False
30.123597018451253,0.0037859057859590374,0.1302712388202489,0.9717590151790857,0.14,False
30.129797842498032,0.0037859278211381693,0.13021831095934555,0.9717477010011599,0.14,False
30.13599866654482,0.0037859498508077214,0.13016539633231325,0.9717363807181747,0.14,False
30.1421994905916,0.0037859718749668875,0.13011249494110486,0.971725054326668,0.14,False
30.148400314638387,0.003785993893614863,0.1300596067876547,0.9717137218231733,0.14,False
30.154601138685173,0.0037860159067508218,0.13000673187388065,0.9717023832042195,0.14,False
30.160801962731952,0.003786037914373996,0.1299538702016829,0.9716910384663302,0.14,False
30.16700278677874,0.0037860599164836082,0.12990102177294413,0.9716796876060237,0.14,False
30.17320361082552,0.003786081913078874,0.12984818658953073,0.9716683306198144,0.14,False
30.17940443487231,0.003786103904159025,0.12979536465329136,0.9716569675042109,0.14,False
30.18560525891909,0.0037861258897232963,0.1297425559660563,0.9716455982557173,0.14,False
30.191806082965876,0.003786147869770936,0.1296897605296402,0.971634222870832,0.14,False
30.198006907012655,0.0037861698443011826,0.12963697834584034,0.9716228413460495,0.14,False
30.20420773105944,0.0037861918133133107,0.1295842094164371,0.9716114536778591,0.14,False
30.21040855510622,0.0037862137768065835,0.12953145374319353,0.9716000598627442,0.14,False
30.21660937915301,0.003786235734780272,0.12947871132785585,0.9715886598971845,0.14,False
30.222810203199792,0.0037862576872336544,0.1294259821721541,0.9715772537776541,0.14,False
30.229011027246578,0.0037862796341660188,0.12937326627780057,0.9715658415006222,0.14,False
30.235211851293357,0.003786301575576672,0.12932056364649164,0.9715544230625536,0.14,False
30.241412675340143,0.0037863235114648786,0.1292678742799063,0.9715429984599071,0.14,False
30.247613499386922,0.003786345441829977,0.12921519817970714,0.9715315676891373,0.14,False
30.253814323433712,0.0037863673666712755,0.12916253534754152,0.9715201307466941,0.14,False
30.26001514748049,0.0037863892859880963,0.12910988578503757,0.9715086876290213,0.14,False
30.266215971527277,0.003786411199779767,0.12905724949380898,0.971497238332559,0.14,False
30.272416795574056,0.0037864331080456203,0.1290046264754525,0.9714857828537413,0.14,False
30.278617619620842,0.0037864550107850063,0.12895201673154869,0.9714743211889986,0.14,False
30.284818443667632,0.003786476907997258,0.12889942026366139,0.9714628533347548,0.14,False
30.291019267714415,0.003786498799681747,0.12884683707333797,0.9714513792874301,0.14,False
30.2972200917612,0.003786520685837829,0.12879426716211068,0.9714398990434389,0.14,False
30.30342091580798,0.003786542566464875,0.12874171053149422,0.971428412599191,0.14,False
30.309621739854766,0.003786564441562261,0.1286891671829887,0.9714169199510916,0.14,False
30.315822563901545,0.0037865863111293608,0.12863663711807619,0.97140542109554,0.14,False
30.322023387948335,0.00378660817516558,0.1285841203382243,0.9713939160289312,0.14,False
30.328224211995114,0.0037866300336702797,0.1285316168448839,0.9713824047476554,0.14,False
30.3344250360419,0.0037866518866428982,0.1284791266394905,0.9713708872480971,0.14,False
30.34062586008868,0.003786673734082837,0.1284266497234634,0.9713593635266362,0.14,False
30.346826684135465,0.0037866955759895057,0.12837418609820617,0.9713478335796479,0.14,False
30.353027508182247,0.003786717412362336,0.12832173576510728,0.9713362974035022,0.14,False
30.359228332229037,0.0037867392432007468,0.12826929872553738,0.9713247549945638,0.14,False
30.365429156275816,0.0037867610685041755,0.12821687498085327,0.9713132063491928,0.14,False
30.371629980322602,0.0037867828882720673,0.12816446453239574,0.9713016514637441,0.14,False
30.37783080436938,0.003786804702503864,0.12811206738149006,0.9712900903345678,0.14,False
30.384031628416167,0.003786826511199026,0.12805968352944572,0.971278522958009,0.14,False
30.390232452462946,0.0037868483143570168,0.12800731297755708,0.9712669493304075,0.14,False
30.396433276509736,0.003786870111977297,0.12795495572710233,0.9712553694480985,0.14,False
30.402634100556522,0.0037868919040593453,0.12790261177934503,0.971243783307412,0.14,False
30.408834924603305,0.0037869136906026374,0.12785028113553268,0.9712321909046729,0.14,False
30.41503574865009,0.003786935471606674,0.12779796379689856,0.9712205922362015,0.14,False
30.42123657269687,0.0037869572470709215,0.12774565976465962,0.9712089872983125,0.14,False
30.427437396743656,0.0037869790169948857,0.12769336904001788,0.9711973760873165,0.14,False
30.43363822079044,0.0037870007813780894,0.127641091624161,0.9711857585995178,0.14,False
30.439839044837225,0.0037870225402200364,0.1275888275182606,0.9711741348312168,0.14,False
30.446039868884004,0.0037870442935202453,0.1275365767234735,0.9711625047787085,0.14,False
30.45224069293079,0.003787066041278243,0.1274843392409412,0.9711508684382829,0.14,False
30.45844151697757,0.0037870877834935627,0.1274321150717912,0.9711392258062247,0.14,False
30.464642341024355,0.0037871095201657363,0.12737990421713535,0.9711275768788143,0.14,False
30.47084316507114,0.0037871312512943096,0.12732770667807108,0.9711159216523264,0.14,False
30.477043989117927,0.003787152976878832,0.1272755224556793,0.9711042601230307,0.14,False
30.483244813164706,0.003787174696918854,0.12722335155102907,0.9710925922871928,0.14,False
30.489445637211492,0.0037871964114139464,0.12717119396517204,0.9710809181410719,0.14,False
30.49564646125827,0.0037872181203636706,0.12711904969914692,0.9710692376809232,0.14,False
30.501847285305058,0.003787239823767602,0.12706691875397702,0.9710575509029964,0.14,False
30.50804810935184,0.0037872615216253264,0.12701480113067104,0.9710458578035364,0.14,False
30.514248933398626,0.0037872832139364096,0.12696269683022285,0.971034158378783,0.14,False
30.520449757445412,0.003787304900700454,0.12691060585361302,0.9710224526249709,0.14,False
30.52665058149219,0.00378732658191707,0.1268585282018064,0.9710107405383296,0.14,False
30.532851405538977,0.003787348257585855,0.12680646387575445,0.970999022115084,0.14,False
30.53905222958576,0.003787369927706415,0.12675441287639302,0.970987297351454,0.14,False
30.54525305363255,0.0037873915922783724,0.12670237520464453,0.9709755662436537,0.14,False
30.55145387767933,0.0037874132513013425,0.12665035086141715,0.9709638287878929,0.14,False
30.557654701726115,0.0037874349047749556,0.12659833984760402,0.9709520849803759,0.14,False
30.563855525772894,0.0037874565526988422,0.12654634216408503,0.9709403348173024,0.14,False
30.57005634981968,0.0037874781950726463,0.12649435781172555,0.9709285782948668,0.14,False
30.57625717386646,0.0037874998318960205,0.1264423867913765,0.9709168154092581,0.14,False
30.58245799791325,0.0037875214631686053,0.1263904291038756,0.9709050461566611,0.14,False
30.58865882196003,0.0037875430888900594,0.1263384847500459,0.9708932705332548,0.14,False
30.594859646006817,0.0037875647090600487,0.12628655373069606,0.9708814885352134,0.14,False
30.601060470053596,0.003787586323678242,0.1262346360466222,0.9708697001587062,0.14,False
30.607261294100383,0.00378760793274432,0.12618273169860542,0.9708579053998969,0.14,False
30.61346211814716,0.003787629536257934,0.12613084068741306,0.970846104254945,0.14,False
30.61966294219395,0.003787651134218798,0.12607896301379934,0.9708342967200042,0.14,False
30.62586376624073,0.0037876727266266037,0.12602709867850392,0.9708224827912233,0.14,False
30.632064590287516,0.0037876943134810418,0.1259752476822533,0.9708106624647461,0.14,False
30.638265414334303,0.0037877158947818173,0.12592341002576035,0.9707988357367117,0.14,False
30.64446623838108,0.0037877374705286414,0.12587158570972345,0.9707870026032535,0.14,False
30.65066706242787,0.0037877590407212236,0.12581977473482844,0.9707751630604996,0.14,False
30.656867886474654,0.0037877806053592863,0.12576797710174722,0.9707633171045743,0.14,False
30.66306871052144,0.0037878021644425536,0.12571619281113858,0.9707514647315956,0.14,False
30.66926953456822,0.0037878237179707576,0.12566442186364696,0.9707396059376768,0.14,False
30.675470358615005,0.0037878452659436354,0.12561266425990422,0.9707277407189265,0.14,False
30.681671182661784,0.003787866808360936,0.12556092000052907,0.9707158690714477,0.14,False
30.687872006708574,0.0037878883452224003,0.12550918908612543,0.9707039909913383,0.14,False
30.694072830755353,0.0037879098765277773,0.12545747151728526,0.9706921064746914,0.14,False
30.70027365480214,0.0037879314022768347,0.12540576729458688,0.9706802155175948,0.14,False
30.706474478848918,0.0037879529224693407,0.12535407641859644,0.9706683181161316,0.14,False
30.712675302895704,0.003787974437105043,0.1253023988898645,0.9706564142663792,0.14,False
30.718876126942487,0.003787995946183737,0.12525073470893064,0.9706445039644104,0.14,False
30.725076950989276,0.0037880174497052026,0.1251990838763203,0.9706325872062923,0.14,False
30.731277775036055,0.003788038947669229,0.12514744639254685,0.9706206639880873,0.14,False
30.73747859908284,0.003788060440075607,0.12509582225810997,0.9706087343058534,0.14,False
30.74367942312962,0.0037880819269241342,0.1250442114734965,0.9705967981556418,0.14,False
30.749880247176407,0.003788103408214607,0.1249926140391805,0.9705848555335003,0.14,False
30.756081071223186,0.003788124883946837,0.12494102995562274,0.9705729064354702,0.14,False
30.762281895269975,0.003788146354120639,0.12488945922327163,0.9705609508575889,0.14,False
30.76848271931676,0.003788167818735819,0.12483790184256272,0.9705489887958879,0.14,False
30.77468354336354,0.0037881892777922154,0.12478635781391852,0.9705370202463933,0.14,False
30.780884367410327,0.003788210731289658,0.12473482713774986,0.9705250452051273,0.14,False
30.78708519145711,0.0037882321792279735,0.12468330981445336,0.9705130636681056,0.14,False
30.793286015503895,0.0037882536216070056,0.12463180584441412,0.9705010756313399,0.14,False
30.799486839550678,0.0037882750584266006,0.12458031522800408,0.9704890810908356,0.14,False
30.805687663597464,0.003788296489686609,0.12452883796558314,0.9704770800425941,0.14,False
30.811888487644243,0.003788317915386891,0.12447737405749816,0.970465072482611,0.14,False
30.81808931169103,0.003788339335527292,0.12442592350408366,0.970453058406877,0.14,False
30.824290135737808,0.0037883607501076736,0.12437448630566253,0.9704410378113779,0.14,False
30.830490959784594,0.0037883821591279273,0.1243230624625447,0.9704290106920935,0.14,False
30.83669178383138,0.0037884035625879216,0.12427165197502686,0.9704169770449993,0.14,False
30.842892607878166,0.0037884249604875405,0.12422025484339513,0.9704049368660653,0.14,False
30.849093431924945,0.0037884463528266694,0.12416887106792167,0.9703928901512562,0.14,False
30.85529425597173,0.0037884677396051946,0.1241175006488675,0.9703808368965321,0.14,False
30.86149508001851,0.0037884891208230203,0.12406614358648153,0.9703687770978473,0.14,False
30.867695904065297,0.0037885104964800443,0.12401479988099968,0.9703567107511512,0.14,False
30.87389672811208,0.0037885318665761628,0.12396346953264638,0.9703446378523881,0.14,False
30.880097552158865,0.0037885532311113016,0.12391215254163404,0.9703325583974973,0.14,False
30.88629837620565,0.0037885745900853745,0.12386084890816271,0.9703204723824125,0.14,False
30.89249920025243,0.0037885959434982974,0.12380955863242057,0.9703083798030626,0.14,False
30.898700024299217,0.003788617291350007,0.1237582817145842,0.9702962806553711,0.14,False
30.904900848346,0.0037886386336404283,0.12370701815481765,0.9702841749352563,0.14,False
30.91110167239279,0.003788659970369498,0.12365576795327361,0.9702720626386316,0.14,False
30.917302496439568,0.0037886813015371606,0.12360453111009224,0.9702599437614048,0.14,False
30.923503320486354,0.0037887026271433677,0.12355330762540272,0.970247818299479,0.14,False
30.929704144533133,0.0037887239471880324,0.12350209749932232,0.9702356862487519,0.14,False
30.93590496857992,0.0037887452616711522,0.12345090073195587,0.9702235476051158,0.14,False
30.9421057926267,0.00378876657059268,0.12339971732339738,0.970211402364458,0.14,False
30.948306616673488,0.00378878787395258,0.1233485472737289,0.9701992505226607,0.14,False
30.954507440720267,0.0037888091717508243,0.12329739058302058,0.9701870920756007,0.14,False
30.960708264767053,0.0037888304639873836,0.12324624725133115,0.9701749270191494,0.14,False
30.966909088813836,0.003788851750662239,0.12319511727870831,0.970162755349174,0.14,False
30.97310991286062,0.003788873031775379,0.12314400066518752,0.9701505770615352,0.14,False
30.9793107369074,0.003788894307326797,0.12309289741079345,0.9701383921520892,0.14,False
30.98551156095419,0.003788915577316471,0.12304180751553884,0.9701262006166871,0.14,False
30.99171238500097,0.003788936841744414,0.12299073097942516,0.9701140024511744,0.14,False
30.997913209047756,0.0037889581006106286,0.12293966780244259,0.9701017976513912,0.14,False
31.00411403309454,0.0037889793539151177,0.12288861798457003,0.9700895862131731,0.14,False
31.01031485714132,0.0037890006016579017,0.1228375815257749,0.9700773681323501,0.14,False
31.01651568118811,0.003789021843838994,0.12278655842601377,0.9700651434047468,0.14,False
31.022716505234893,0.0037890430804584235,0.12273554868523176,0.9700529120261827,0.14,False
31.02891732928168,0.0037890643115162156,0.12268455230336256,0.9700406739924724,0.14,False
31.035118153328458,0.003789085537012409,0.12263356928032894,0.9700284292994243,0.14,False
31.041318977375244,0.0037891067569469894,0.12258259961604309,0.9700161779428433,0.14,False
31.047519801422023,0.0037891279713200676,0.12253164331040546,0.9700039199185271,0.14,False
31.053720625468813,0.003789149180131664,0.12248070036330562,0.9699916552222692,0.14,False
31.059921449515592,0.003789170383381827,0.12242977077462235,0.9699793838498578,0.14,False
31.066122273562378,0.0037891915810706178,0.122378854544223,0.9699671057970757,0.14,False
31.072323097609157,0.003789212773198088,0.12232795167196465,0.9699548210597005,0.14,False
31.078523921655943,0.0037892339597643044,0.12227706215769318,0.9699425296335047,0.14,False
31.084724745702726,0.0037892551407693355,0.12222618600124346,0.9699302315142552,0.14,False
31.090925569749515,0.003789276316213257,0.12217532320244022,0.9699179266977139,0.14,False
31.097126393796295,0.0037892974860961374,0.1221244737610966,0.9699056151796372,0.14,False
31.10332721784308,0.003789318650418069,0.12207363767701536,0.9698932969557768,0.14,False
31.10952804188986,0.003789339809179137,0.12202281494998934,0.9698809720218785,0.14,False
31.115728865936646,0.003789360962379425,0.12197200557979856,0.9698686403736831,0.14,False
31.121929689983425,0.0037893821100190342,0.12192120956621424,0.969856302006926,0.14,False
31.128130514030214,0.0037894032520980653,0.12187042690899659,0.969843956917337,0.14,False
31.134331338077,0.00378942438861662,0.12181965760789536,0.969831605100642,0.14,False
31.14053216212378,0.0037894455195748096,0.12176890166264938,0.9698192465525597,0.14,False
31.146732986170566,0.0037894666449727523,0.12171815907298703,0.9698068812688049,0.14,False
31.15293381021735,0.0037894877648105623,0.12166742983862677,0.9697945092450866,0.14,False
31.159134634264134,0.0037895088790883265,0.12161671395927588,0.9697821304771087,0.14,False
31.165335458310917,0.0037895299878062203,0.12156601143463185,0.9697697449605692,0.14,False
31.171536282357703,0.0037895510909643584,0.1215153222643814,0.9697573526911618,0.14,False
31.177737106404482,0.003789572188562874,0.1214646464482014,0.969744953664574,0.14,False
31.18393793045127,0.003789593280601909,0.1214139839857578,0.9697325478764887,0.14,False
31.190138754498047,0.0037896143670816005,0.12136333487670674,0.9697201353225826,0.14,False
31.196339578544833,0.0037896354480020963,0.1213126991206941,0.969707715998528,0.14,False
31.20254040259162,0.003789656523363551,0.12126207671735549,0.9696952898999917,0.14,False
31.208741226638406,0.003789677593166121,0.12121146766631631,0.9696828570226348,0.14,False
31.214942050685185,0.003789698657409967,0.12116087196719172,0.9696704173621132,0.14,False
31.22114287473197,0.0037897197160952426,0.12111028961958709,0.9696579709140777,0.14,False
31.22734369877875,0.0037897407692221276,0.12105972062309757,0.9696455176741735,0.14,False
31.233544522825536,0.0037897618167907956,0.1210091649773084,0.9696330576380406,0.14,False
31.23974534687232,0.0037897828588014187,0.12095862268179483,0.9696205908013138,0.14,False
31.245946170919105,0.003789803895254178,0.1209080937361218,0.9696081171596224,0.14,False
31.25214699496589,0.0037898249261492543,0.1208575781398447,0.9695956367085903,0.14,False
31.25834781901267,0.003789845951486845,0.12080707589250886,0.9695831494438362,0.14,False
31.264548643059456,0.0037898669712671438,0.12075658699365048,0.9695706553609734,0.14,False
31.270749467106242,0.003789887985490348,0.12070611144279418,0.9695581544556097,0.14,False
31.276950291153028,0.0037899089941566422,0.12065564923945647,0.9695456467233479,0.14,False
31.283151115199807,0.00378992999726624,0.12060520038314322,0.9695331321597851,0.14,False
31.289351939246593,0.0037899509948193634,0.12055476487335112,0.9695206107605131,0.14,False
31.295552763293372,0.0037899719868162316,0.12050434270956696,0.9695080825211186,0.14,False
31.30175358734016,0.0037899929732570442,0.12045393389126756,0.9694955474371826,0.14,False
31.307954411386937,0.003790013954142033,0.1204035384179205,0.9694830055042809,0.14,False
31.314155235433727,0.003790034929471427,0.12035315628898363,0.9694704567179838,0.14,False
31.320356059480506,0.003790055899245445,0.12030278750390526,0.9694579010738567,0.14,False
31.326556883527292,0.0037900768634643277,0.12025243206212377,0.9694453385674586,0.14,False
31.332757707574075,0.0037900978221283065,0.12020208996306866,0.9694327691943444,0.14,False
31.33895853162086,0.003790118775237631,0.12015176120615978,0.9694201929500625,0.14,False
31.345159355667644,0.0037901397227925343,0.12010144579080723,0.9694076098301568,0.14,False
31.35136017971443,0.003790160664793276,0.12005114371641201,0.9693950198301651,0.14,False
31.35756100376121,0.0037901816012401047,0.12000085498236569,0.9693824229456202,0.14,False
31.363761827807995,0.0037902025321332805,0.1199505795880505,0.9693698191720493,0.14,False
31.36996265185478,0.003790223457473061,0.11990031753283892,0.9693572085049743,0.14,False
31.37616347590156,0.0037902443772597078,0.11985006881609493,0.9693445909399118,0.14,False
31.38236429994835,0.0037902652914934966,0.11979983343717295,0.9693319664723729,0.14,False
31.388565123995132,0.003790286200174697,0.11974961139541783,0.9693193350978629,0.14,False
31.39476594804192,0.0037903071033035924,0.11969940269016521,0.9693066968118824,0.14,False
31.400966772088697,0.003790328000880459,0.11964920732074204,0.969294051609926,0.14,False
31.407167596135483,0.003790348892905547,0.1195990252864663,0.9692813994874835,0.14,False
31.413368420182262,0.0037903697793791984,0.11954885658664623,0.9692687404400383,0.14,False
31.419569244229052,0.0037903906603016894,0.11949870122058125,0.9692560744630692,0.14,False
31.42577006827583,0.0037904115356733083,0.11944855918756166,0.9692434015520491,0.14,False
31.431970892322617,0.00379043240549436,0.11939843048686913,0.969230721702446,0.14,False
31.438171716369396,0.003790453269765146,0.11934831511777615,0.9692180349097219,0.14,False
31.444372540416182,0.0037904741284859713,0.11929821307954602,0.9692053411693334,0.14,False
31.450573364462965,0.0037904949816571424,0.11924812437143291,0.9691926404767323,0.14,False
31.456774188509755,0.0037905158292789796,0.1191980489926833,0.969179932827364,0.14,False
31.462975012556534,0.003790536671351801,0.1191479869425333,0.969167218216669,0.14,False
31.46917583660332,0.003790557507875925,0.1190979382202111,0.9691544966400825,0.14,False
31.4753766606501,0.0037905783388516713,0.11904790282493619,0.9691417680930338,0.14,False
31.481577484696885,0.0037905991642793757,0.11899788075591841,0.9691290325709468,0.14,False
31.487778308743664,0.0037906199841593706,0.11894787201236016,0.9691162900692404,0.14,False
31.493979132790454,0.0037906407984919844,0.1188978765934543,0.9691035405833276,0.14,False
31.50017995683724,0.003790661607277565,0.11884789449838472,0.9690907841086157,0.14,False
31.50638078088402,0.0037906824105164547,0.1187979257263274,0.9690780206405071,0.14,False
31.512581604930805,0.0037907032082089933,0.11874797027644876,0.9690652501743982,0.14,False
31.518782428977588,0.0037907240003555373,0.11869802814790803,0.9690524727056803,0.14,False
31.524983253024377,0.003790744786956436,0.11864809933985487,0.9690396882297393,0.14,False
31.531184077071156,0.00379076556801206,0.11859818385143052,0.9690268967419549,0.14,False
31.537384901117942,0.0037907863435227155,0.11854828168176787,0.9690140982377022,0.14,False
31.54358572516472,0.00379080711348883,0.11849839282999135,0.9690012927123501,0.14,False
31.549786549211507,0.003790827877910755,0.11844851729521648,0.9689884801612622,0.14,False
31.555987373258287,0.003790848636788862,0.1183986550765513,0.9689756605797967,0.14,False
31.562188197305073,0.003790869390123526,0.11834880617309469,0.9689628339633061,0.14,False
31.56838902135186,0.0037908901379151206,0.11829897058393714,0.9689500003071377,0.14,False
31.574589845398645,0.003790910880164032,0.11824914830816155,0.9689371596066328,0.14,False
31.580790669445424,0.0037909316168706457,0.11819933934484181,0.9689243118571278,0.14,False
31.58699149349221,0.0037909523480353473,0.11814954369304369,0.9689114570539531,0.14,False
31.59319231753899,0.0037909730736585285,0.11809976135182493,0.9688985951924336,0.14,False
31.59939314158578,0.003790993793740588,0.11804999232023469,0.9688857262678887,0.14,False
31.605593965632558,0.003791014508281925,0.1180002365973147,0.9688728502756326,0.14,False
31.611794789679344,0.003791035217282936,0.1179504941820976,0.9688599672109736,0.14,False
31.61799561372613,0.0037910559207440337,0.11790076507360835,0.9688470770692142,0.14,False
31.62419643777291,0.0037910766186656257,0.11785104927086376,0.9688341798456521,0.14,False
31.630397261819695,0.003791097311048127,0.11780134677287225,0.9688212755355785,0.14,False
31.63659808586648,0.0037911179978919536,0.11775165757863516,0.96880836413428,0.14,False
31.642798909913267,0.0037911386791975267,0.11770198168714469,0.968795445637037,0.14,False
31.648999733960046,0.0037911593549652617,0.1176523190973854,0.9687825200391246,0.14,False
31.655200558006833,0.003791180025195591,0.11760266980833427,0.9687695873358122,0.14,False
31.66140138205361,0.003791200689888943,0.11755303381895976,0.9687566475223635,0.14,False
31.667602206100398,0.0037912213490457532,0.11750341112822306,0.968743700594037,0.14,False
31.67380303014718,0.003791242002666433,0.1174538017350769,0.9687307465460856,0.14,False
31.680003854193966,0.003791262650751431,0.11740420563846626,0.9687177853737562,0.14,False
31.686204678240745,0.0037912832933012074,0.11735462283732863,0.9687048170722903,0.14,False
31.69240550228753,0.0037913039303162028,0.11730505333059334,0.9686918416369238,0.14,False
31.698606326334314,0.003791324561796867,0.1172554971171817,0.968678859062887,0.14,False
31.7048071503811,0.003791345187743647,0.11720595419600852,0.968665869345405,0.14,False
31.711007974427883,0.0037913658081569993,0.11715642456597923,0.9686528724796963,0.14,False
31.71720879847467,0.003791386423037385,0.11710690822599254,0.9686398684609749,0.14,False
31.723409622521448,0.003791407032385264,0.1170574051749396,0.9686268572844488,0.14,False
31.729610446568234,0.0037914276362011,0.11700791541170312,0.9686138389453196,0.14,False
31.73581127061502,0.0037914482344853628,0.11695843893515898,0.9686008134387847,0.14,False
31.7420120946618,0.0037914688272385243,0.1169089757441752,0.9685877807600347,0.14,False
31.74821291870859,0.003791489414461048,0.11685952583761205,0.9685747409042553,0.14,False
31.75441374275537,0.0037915099961534334,0.11681008921432333,0.968561693866626,0.14,False
31.760614566802158,0.003791530572316149,0.11676066587315294,0.9685486396423211,0.14,False
31.766815390848937,0.0037915511429496736,0.1167112558129393,0.9685355782265089,0.14,False
31.773016214895723,0.0037915717080545027,0.11666185903251304,0.9685225096143523,0.14,False
31.7792170389425,0.003791592267631124,0.11661247553069713,0.9685094338010084,0.14,False
31.78541786298929,0.0037916128216800276,0.11656310530630695,0.9684963507816289,0.14,False
31.79161868703607,0.0037916333702017135,0.11651374835815106,0.9684832605513596,0.14,False
31.797819511082857,0.0037916539131966796,0.11646440468503033,0.9684701631053408,0.14,False
31.804020335129636,0.00379167445066543,0.11641507428573818,0.9684570584387069,0.14,False
31.81022115917642,0.003791694982608473,0.116365757159061,0.9684439465465866,0.14,False
31.816421983223204,0.003791715509026284,0.11631645330377714,0.9684308274241037,0.14,False
31.822622807269994,0.0037917360299194007,0.11626716271865901,0.9684177010663751,0.14,False
31.828823631316773,0.0037917565452883478,0.11621788540247076,0.9684045674685129,0.14,False
31.83502445536356,0.0037917770551336347,0.11616862135396999,0.9683914266256232,0.14,False
31.841225279410338,0.0037917975594557833,0.11611937057190655,0.9683782785328062,0.14,False
31.847426103457124,0.0037918180582553144,0.1160701330550236,0.968365123185157,0.14,False
31.853626927503914,0.0037918385515327575,0.11602090880205655,0.9683519605777643,0.14,False
31.859827751550693,0.0037918590392886395,0.11597169781173439,0.9683387907057117,0.14,False
31.86602857559748,0.0037918795215234956,0.11592250008277877,0.9683256135640766,0.14,False
31.872229399644258,0.0037918999982378587,0.11587331561390433,0.9683124291479311,0.14,False
31.878430223691044,0.0037919204694322668,0.11582414440381894,0.9682992374523414,0.14,False
31.884631047737827,0.00379194093510726,0.1157749864512226,0.9682860384723677,0.14,False
31.890831871784616,0.0037919613952633823,0.11572584175480925,0.9682728322030651,0.14,False
31.897032695831395,0.0037919818499011788,0.11567671031326555,0.9682596186394825,0.14,False
31.90323351987818,0.003792002299021202,0.11562759212527107,0.9682463977766631,0.14,False
31.90943434392496,0.003792022742624001,0.11557848718949869,0.9682331696096445,0.14,False
31.915635167971747,0.003792043180710135,0.11552939550461465,0.9682199341334583,0.14,False
31.921835992018526,0.003792063613280155,0.11548031706927776,0.9682066913431309,0.14,False
31.928036816065315,0.0037920840403346243,0.1154312518821403,0.9681934412336823,0.14,False
31.934237640112098,0.0037921044618741168,0.11538219994184819,0.9681801838001274,0.14,False
31.940438464158884,0.003792124877899189,0.11533316124703971,0.9681669190374745,0.14,False
31.946639288205663,0.003792145288410418,0.11528413579634716,0.968153646940727,0.14,False
31.95284011225245,0.0037921656934083664,0.11523512358839509,0.9681403675048819,0.14,False
31.95904093629923,0.0037921860928936207,0.11518612462180235,0.9681270807249306,0.14,False
31.965241760346018,0.003792206486866779,0.11513713889518085,0.9681137865958589,0.14,False
31.971442584392797,0.0037922268753283308,0.11508816640713572,0.9681004851126471,0.14,False
31.977643408439583,0.003792247258278941,0.11503920715626562,0.9680871762702689,0.14,False
31.98384423248637,0.003792267635719183,0.11499026114116219,0.9680738600636924,0.14,False
31.99004505653315,0.003792288007649641,0.11494132836041096,0.9680605364878807,0.14,False
31.996245880579934,0.0037923083740709082,0.11489240881259095,0.9680472055377902,0.14,False
32.00244670462672,0.0037923287349835803,0.11484350249627381,0.9680338672083716,0.14,False
32.00864752867351,0.0037923490903882503,0.11479460941002603,0.9680205214945705,0.14,False
32.014848352720286,0.0037923694402855175,0.11474572955240601,0.968007168391326,0.14,False
32.02104917676707,0.003792389784675987,0.11469686292196675,0.9679938078935713,0.14,False
32.02725000081385,0.0037924101235602657,0.11464800951725461,0.9679804399962343,0.14,False
32.03345082486064,0.003792430456938958,0.11459916933680946,0.9679670646942368,0.14,False
32.039651648907416,0.0037924507848126777,0.11455034237916498,0.9679536819824948,0.14,False
32.0458524729542,0.003792471107182029,0.11450152864284872,0.9679402918559186,0.14,False
32.05205329700098,0.0037924914240476406,0.11445272812638055,0.9679268943094123,0.14,False
32.058254121047774,0.0037925117354101236,0.11440394082827479,0.9679134893378742,0.14,False
32.06445494509455,0.003792532041270102,0.11435516674704019,0.9679000769361973,0.14,False
32.07065576914134,0.0037925523416281934,0.1143064058811783,0.9678866570992681,0.14,False
32.07685659318812,0.00379257263648503,0.11425765822918472,0.9678732298219677,0.14,False
32.083057417234905,0.0037925929258412375,0.11420892378954899,0.9678597950991711,0.14,False
32.089258241281684,0.0037926132096974523,0.11416020256075413,0.9678463529257473,0.14,False
32.09545906532848,0.003792633488054311,0.11411149454127689,0.9678329032965597,0.14,False
32.10165988937526,0.003792653760912445,0.11406279972958822,0.9678194462064655,0.14,False
32.10786071342204,0.0037926740282725048,0.1140141181241526,0.9678059816503166,0.14,False
32.11406153746883,0.003792694290135129,0.11396544972342848,0.9677925096229585,0.14,False
32.12026236151561,0.003792714546500964,0.11391679452586852,0.9677790301192307,0.14,False
32.1264631855624,0.0037927347973706117,0.11386815252991876,0.9677655431339676,0.14,False
32.13266400960918,0.003792755042744768,0.11381952373401992,0.9677520486619968,0.14,False
32.138864833655965,0.003792775282624077,0.11377090813660581,0.9677385466981405,0.14,False
32.145065657702744,0.003792795517009183,0.11372230573610444,0.9677250372372147,0.14,False
32.15126648174953,0.0037928157459007463,0.11367371653093811,0.9677115202740297,0.14,False
32.15746730579631,0.003792835969299429,0.11362514051952316,0.9676979958033898,0.14,False
32.163668129843096,0.0037928561872058912,0.11357657770027,0.9676844638200933,0.14,False
32.169868953889875,0.003792876399620796,0.11352802807158277,0.9676709243189328,0.14,False
32.17606977793666,0.003792896606544817,0.11347949163186011,0.9676573772946947,0.14,False
32.18227060198345,0.003792916807978611,0.11343096837949429,0.9676438227421595,0.14,False
32.18847142603023,0.0037929370039228635,0.11338245831287233,0.967630260656102,0.14,False
32.19467225007701,0.0037929571943782427,0.11333396143037493,0.9676166910312908,0.14,False
32.2008730741238,0.003792977379345426,0.11328547773037735,0.9676031138624885,0.14,False
32.20707389817058,0.003792997558825087,0.11323700721124848,0.9675895291444522,0.14,False
32.21327472221736,0.0037930177328179123,0.1131885498713521,0.9675759368719324,0.14,False
32.21947554626415,0.0037930379013245918,0.11314010570904558,0.9675623370396739,0.14,False
32.22567637031093,0.003793058064345802,0.1130916747226816,0.9675487296424158,0.14,False
32.231877194357715,0.0037930782218822366,0.11304325691060609,0.967535114674891,0.14,False
32.238078018404494,0.003793098373934578,0.11299485227115938,0.9675214921318263,0.14,False
32.24427884245129,0.00379311852050353,0.11294646080267688,0.9675078620079425,0.14,False
32.250479666498066,0.003793138661589786,0.11289808250348737,0.9674942242979545,0.14,False
32.25668049054485,0.003793158797194043,0.11284971737191471,0.9674805789965714,0.14,False
32.26288131459163,0.0037931789273169965,0.11280136540627736,0.9674669260984962,0.14,False
32.26908213863842,0.003793199051959355,0.11275302660488745,0.9674532655984256,0.14,False
32.2752829626852,0.003793219171121821,0.11270470096605172,0.9674395974910505,0.14,False
32.28148378673199,0.0037932392848051047,0.11265638848807191,0.967425921771056,0.14,False
32.28768461077877,0.0037932593930099117,0.11260808916924364,0.9674122384331209,0.14,False
32.293885434825555,0.0037932794957369212,0.11255980300785715,0.9673985474719181,0.14,False
32.300086258872334,0.0037932995929869,0.11251153000219768,0.9673848488821143,0.14,False
32.30628708291912,0.003793319684760549,0.11246327015054446,0.9673711426583701,0.14,False
32.312487906965906,0.0037933397710585882,0.11241502345117153,0.9673574287953405,0.14,False
32.31868873101269,0.003793359851881734,0.11236678990234739,0.967343707287674,0.14,False
32.32488955505947,0.0037933799272307027,0.11231856950233508,0.9673299781300133,0.14,False
32.33109037910626,0.0037933999971062242,0.11227036224939217,0.967316241316995,0.14,False
32.337291203153036,0.0037934200615090275,0.11222216814177219,0.9673024968432498,0.14,False
32.34349202719982,0.0037934401204398446,0.11217398717772052,0.9672887447034015,0.14,False
32.34969285124661,0.0037934601738994047,0.1121258193554804,0.9672749848920692,0.14,False
32.35589367529339,0.0037934802218884418,0.11207766467328771,0.967261217403865,0.14,False
32.362094499340174,0.0037935002644076906,0.11202952312937373,0.9672474422333948,0.14,False
32.36829532338696,0.0037935203014578967,0.11198139472196476,0.9672336593752592,0.14,False
32.374496147433746,0.0037935403330397873,0.11193327944928091,0.9672198688240519,0.14,False
32.380696971480525,0.003793560359154112,0.11188517730953794,0.9672060705743608,0.14,False
32.38689779552731,0.0037935803798016185,0.11183708830094626,0.9671922646207681,0.14,False
32.39309861957409,0.0037936003949830596,0.11178901242171081,0.9671784509578492,0.14,False
32.399299443620876,0.003793620404699177,0.1117409496700317,0.9671646295801737,0.14,False
32.405500267667655,0.003793640408950723,0.1116929000441036,0.9671508004823052,0.14,False
32.41170109171444,0.00379366040773845,0.11164486354211639,0.9671369636588011,0.14,False
32.41790191576122,0.003793680401063118,0.1115968401622548,0.9671231191042126,0.14,False
32.42410273980801,0.003793700388925477,0.11154882990269831,0.9671092668130848,0.14,False
32.43030356385479,0.003793720371326296,0.11150083276162129,0.9670954067799569,0.14,False
32.43650438790158,0.0037937403482663297,0.11145284873719323,0.9670815389993613,0.14,False
32.44270521194836,0.003793760319746352,0.11140487782757862,0.9670676634658251,0.14,False
32.448906035995144,0.0037937802857671205,0.11135692003093685,0.9670537801738686,0.14,False
32.45510686004192,0.00379380024632941,0.11130897534542245,0.967039889118006,0.14,False
32.461307684088716,0.0037938202014339926,0.11126104376918473,0.9670259902927457,0.14,False
32.4675085081355,0.0037938401510815996,0.11121312530036849,0.9670120836925903,0.14,False
32.47370933218228,0.0037938600952730616,0.11116521993711348,0.9669981693120347,0.14,False
32.47991015622907,0.0037938800340091387,0.11111732767755457,0.9669842471455693,0.14,False
32.486110980275846,0.003793899967290606,0.11106944851982091,0.966970317187677,0.14,False
32.49231180432264,0.003793919895118249,0.1110215824620379,0.9669563794328355,0.14,False
32.49851262836942,0.0037939398174928448,0.1109737295023259,0.9669424338755158,0.14,False
32.504713452416205,0.003793959734415175,0.1109258896387996,0.9669284805101827,0.14,False
32.510914276462984,0.0037939796458860255,0.11087806286956985,0.966914519331295,0.14,False
32.51711510050977,0.003793999551906192,0.11083024919274226,0.9669005503333052,0.14,False
32.52331592455655,0.0037940194524764656,0.11078244860641805,0.9668865735106595,0.14,False
32.529516748603335,0.003794039347597632,0.11073466110869347,0.9668725888577983,0.14,False
32.535717572650114,0.0037940592372704904,0.1106868866976596,0.9668585963691548,0.14,False
32.5419183966969,0.003794079121495836,0.11063912537140341,0.966844596039157,0.14,False
32.548119220743686,0.0037940990002744714,0.11059137712800676,0.966830587862226,0.14,False
32.55432004479047,0.003794118873607181,0.11054364196554721,0.9668165718327771,0.14,False
32.56052086883725,0.0037941387414947843,0.11049591988209737,0.9668025479452192,0.14,False
32.56672169288404,0.0037941586039380794,0.11044821087572537,0.9667885161939547,0.14,False
32.57292251693082,0.0037941784609378743,0.11040051494449463,0.96677447657338,0.14,False
32.5791233409776,0.0037941983124949734,0.11035283208646393,0.9667604290778853,0.14,False
32.58532416502439,0.0037942181586101864,0.1103051622996877,0.9667463737018543,0.14,False
32.59152498907117,0.00379423799928433,0.11025750558221543,0.9667323104396645,0.14,False
32.597725813117954,0.003794257834518226,0.11020986193209216,0.9667182392856868,0.14,False
32.60392663716474,0.003794277664312688,0.11016223134735906,0.9667041602342867,0.14,False
32.610127461211526,0.0037942974886685304,0.11011461382605188,0.9666900732798226,0.14,False
32.616328285258305,0.0037943173075865645,0.11006700936620219,0.9666759784166469,0.14,False
32.62252910930509,0.003794337121067617,0.1100194179658372,0.9666618756391054,0.14,False
32.62872993335187,0.00379435692911251,0.10997183962297963,0.9666477649415385,0.14,False
32.63493075739866,0.0037943767317220674,0.1099242743356472,0.9666336463182789,0.14,False
32.64113158144544,0.003794396528897129,0.10987672210185447,0.9666195197636541,0.14,False
32.64733240549223,0.0037944163206384807,0.1098291829196104,0.966605385271985,0.14,False
32.65353322953901,0.00379443610694698,0.10978165678692019,0.966591242837586,0.14,False
32.659734053585794,0.003794455887823473,0.10973414370178416,0.9665770924547649,0.14,False
32.66593487763257,0.0037944756632687857,0.10968664366219887,0.9665629341178237,0.14,False
32.67213570167936,0.003794495433283757,0.1096391566661563,0.9665487678210576,0.14,False
32.678336525726145,0.0037945151978692176,0.10959168271164378,0.9665345935587557,0.14,False
32.68453734977293,0.0037945349570260127,0.10954422179664507,0.966520411325201,0.14,False
32.69073817381971,0.0037945547107549825,0.10949677391913902,0.9665062211146694,0.14,False
32.696938997866496,0.0037945744590569667,0.10944933907710036,0.9664920229214313,0.14,False
32.70313982191328,0.0037945942019328113,0.10940191726849972,0.9664778167397501,0.14,False
32.70934064596006,0.003794613939383359,0.10935450849130299,0.966463602563883,0.14,False
32.71554147000685,0.0037946336714094657,0.10930711274347273,0.9664493803880808,0.14,False
32.72174229405363,0.00379465339801198,0.10925973002296716,0.966435150206588,0.14,False
32.72794311810041,0.0037946731191917495,0.10921236032773912,0.9664209120136423,0.14,False
32.7341439421472,0.0037946928349496343,0.1091650036557386,0.9664066658034758,0.14,False
32.740344766193985,0.003794712545286483,0.1091176600049108,0.9663924115703133,0.14,False
32.746545590240764,0.0037947322502031536,0.10907032937319716,0.9663781493083737,0.14,False
32.75274641428755,0.0037947519497005112,0.10902301175853484,0.9663638790118696,0.14,False
32.75894723833433,0.003794771643779413,0.10897570715885668,0.9663496006750066,0.14,False
32.765148062381115,0.0037947913324407195,0.10892841557209215,0.9663353142919844,0.14,False
32.771348886427894,0.003794811015685293,0.10888113699616575,0.9663210198569959,0.14,False
32.77754971047468,0.003794830693514001,0.10883387142899877,0.966306717364228,0.14,False
32.78375053452146,0.0037948503659277163,0.10878661886850785,0.9662924068078605,0.14,False
32.78995135856825,0.0037948700329272977,0.1087393793126056,0.9662780881820675,0.14,False
32.79615218261503,0.0037948896945136294,0.10869215275920123,0.9662637614810158,0.14,False
32.80235300666182,0.0037949093506875675,0.10864493920619907,0.9662494266988664,0.14,False
32.8085538307086,0.003794929001449995,0.10859773865150077,0.9662350838297736,0.14,False
32.81475465475538,0.0037949486468017873,0.10855055109300299,0.9662207328678853,0.14,False
32.82095547880216,0.003794968286743824,0.10850337652859848,0.9662063738073426,0.14,False
32.827156302848955,0.003794987921276983,0.10845621495617688,0.9661920066422804,0.14,False
32.83335712689574,0.003795007550402154,0.108409066373623,0.9661776313668271,0.14,False
32.83955795094252,0.0037950271741201574,0.10836193077881849,0.966163247975105,0.14,False
32.84575877498931,0.003795046792431944,0.1083148081696413,0.9661488564612289,0.14,False
32.851959599036086,0.0037950664053383845,0.1082676985439637,0.9661344568193074,0.14,False
32.85816042308288,0.003795086012840365,0.10822060189965652,0.9661200490434432,0.14,False
32.86436124712966,0.0037951056149387735,0.10817351823458532,0.9661056331277318,0.14,False
32.870562071176444,0.0037951252116344967,0.10812644754661259,0.9660912090662624,0.14,False
32.87676289522322,0.003795144802928428,0.10807938983359684,0.966076776853118,0.14,False
32.88296371927001,0.003795164388821484,0.10803234509339239,0.9660623364823743,0.14,False
32.88916454331679,0.003795183969314529,0.10798531332385014,0.9660478879481009,0.14,False
32.895365367363574,0.0037952035444084697,0.1079382945228177,0.9660334312443611,0.14,False
32.90156619141035,0.003795223114104198,0.10789128868813816,0.9660189663652116,0.14,False
32.90776701545714,0.0037952426784026035,0.10784429581765151,0.9660044933047018,0.14,False
32.913967839503925,0.003795262237304602,0.1077973159091936,0.9659900120568753,0.14,False
32.92016866355071,0.0037952817908110934,0.10775034896059688,0.9659755226157687,0.14,False
32.92636948759749,0.0037953013389229818,0.10770339496968996,0.9659610249754121,0.14,False
32.93257031164428,0.0037953208816411763,0.10765645393429793,0.9659465191298291,0.14,False
32.938771135691056,0.00379534041896658,0.10760952585224257,0.9659320050730367,0.14,False
32.94497195973784,0.003795359950900093,0.10756261072134139,0.9659174827990452,0.14,False
32.95117278378463,0.003795379477442637,0.10751570853940878,0.9659029523018582,0.14,False
32.95737360783141,0.0037953989985951234,0.1074688193042555,0.965888413575473,0.14,False
32.96357443187819,0.00379541851435846,0.10742194301368871,0.9658738666138801,0.14,False
32.96977525592498,0.0037954380247335715,0.10737507966551195,0.9658593114110631,0.14,False
32.975976079971765,0.003795457529721356,0.10732822925752579,0.9658447479609997,0.14,False
32.982176904018544,0.0037954770293227437,0.10728139178752553,0.9658301762576599,0.14,False
32.98837772806533,0.003795496523538645,0.1072345672533049,0.9658155962950079,0.14,False
32.99457855211211,0.0037955160123699866,0.10718775565265339,0.9658010080670008,0.14,False
33.000779376158896,0.0037955354958176877,0.10714095698335721,0.9657864115675896,0.14,False
33.00698020020568,0.003795554973882677,0.10709417124319905,0.9657718067907178,0.14,False
33.01318102425247,0.0037955744465658697,0.10704739842995772,0.965757193730323,0.14,False
33.01938184829925,0.003795593913868199,0.10700063854140898,0.9657425723803353,0.14,False
33.02558267234603,0.003795613375790587,0.10695389157532573,0.9657279427346792,0.14,False
33.03178349639281,0.003795632832333975,0.10690715752947666,0.9657133047872716,0.14,False
33.0379843204396,0.003795652283499285,0.10686043640162705,0.9656986585320227,0.14,False
33.044185144486384,0.0037956717292874005,0.1068137281895393,0.9656840039628374,0.14,False
33.05038596853317,0.0037956911696993213,0.10676703289097215,0.9656693410736115,0.14,False
33.05658679257995,0.0037957106047359686,0.10672035050368135,0.9656546698582359,0.14,False
33.062787616626736,0.0037957300343982705,0.10667368102541881,0.9656399903105941,0.14,False
33.06898844067352,0.003795749458687173,0.10662702445393384,0.9656253024245632,0.14,False
33.0751892647203,0.003795768877603607,0.10658038078697181,0.9656106061940134,0.14,False
33.08139008876709,0.00379578829114851,0.1065337500222751,0.9655959016128078,0.14,False
33.087590912813866,0.0037958076993228223,0.10648713215758256,0.9655811886748035,0.14,False
33.09379173686065,0.0037958271021274912,0.1064405271906302,0.9655664673738501,0.14,False
33.09999256090744,0.0037958464995634577,0.10639393511915055,0.965551737703791,0.14,False
33.106193384954224,0.0037958658916316733,0.10634735594087294,0.9655369996584623,0.14,False
33.112394209001,0.003795885278333076,0.10630078965352337,0.9655222532316937,0.14,False
33.11859503304779,0.003795904659668622,0.1062542362548252,0.9655074984173082,0.14,False
33.12479585709457,0.0037959240356392533,0.1062076957424982,0.965492735209122,0.14,False
33.130996681141355,0.003795943406245922,0.10616116811425869,0.965477963600944,0.14,False
33.137197505188134,0.003795962771489582,0.10611465336782029,0.9654631835865768,0.14,False
33.14339832923492,0.003795982131371184,0.10606815150089326,0.9654483951598158,0.14,False
33.1495991532817,0.0037960014858916757,0.1060216625111849,0.9654335983144503,0.14,False
33.15579997732849,0.0037960208350520277,0.10597518639639969,0.9654187930442621,0.14,False
33.16200080137527,0.0037960401788531893,0.1059287231542382,0.9654039793430262,0.14,False
33.16820162542206,0.0037960595172961235,0.10588227278239846,0.965389157204511,0.14,False
33.174402449468836,0.0037960788503817846,0.10583583527857544,0.9653743266224782,0.14,False
33.18060327351562,0.0037960981781111386,0.10578941064046099,0.9653594875906824,0.14,False
33.1868040975624,0.0037961175004851385,0.10574299886574387,0.9653446401028711,0.14,False
33.193004921609194,0.0037961368175047612,0.10569659995211007,0.9653297841527857,0.14,False
33.19920574565598,0.003796156129170973,0.105650213897242,0.9653149197341598,0.14,False
33.20540656970276,0.003796175435484742,0.10560384069882003,0.965300046840721,0.14,False
33.211607393749546,0.003796194736447021,0.10555748035452066,0.9652851654661895,0.14,False
33.217808217796325,0.003796214032058784,0.10551113286201784,0.9652702756042787,0.14,False
33.22400904184312,0.003796233322320996,0.10546479821898247,0.9652553772486953,0.14,False
33.2302098658899,0.003796252607234628,0.10541847642308239,0.9652404703931389,0.14,False
33.23641068993668,0.003796271886800656,0.10537216747198272,0.965225555031302,0.14,False
33.24261151398346,0.0037962911610200565,0.10532587136334574,0.9652106311568708,0.14,False
33.24881233803025,0.003796310429893808,0.10527958809483047,0.9651956987635238,0.14,False
33.25501316207703,0.003796329693422862,0.10523331766409356,0.9651807578449336,0.14,False
33.26121398612381,0.00379634895160819,0.10518706006878827,0.965165808394765,0.14,False
33.26741481017059,0.003796368204450802,0.10514081530656534,0.9651508504066759,0.14,False
33.27361563421738,0.003796387451951667,0.10509458337507241,0.9651358838743176,0.14,False
33.279816458264165,0.0037964066941117663,0.10504836427195476,0.9651209087913343,0.14,False
33.28601728231095,0.003796425930932083,0.10500215799485418,0.9651059251513632,0.14,False
33.29221810635773,0.0037964451624135967,0.10495596454141053,0.9650909329480347,0.14,False
33.298418930404516,0.0037964643885572964,0.10490978390925965,0.965075932174972,0.14,False
33.304619754451295,0.0037964836093641622,0.10486361609603609,0.9650609228257916,0.14,False
33.31082057849808,0.0037965028248351782,0.10481746109937044,0.9650459048941027,0.14,False
33.31702140254487,0.0037965220349713345,0.10477131891689108,0.9650308783735079,0.14,False
33.323222226591646,0.003796541239773622,0.10472518954622351,0.9650158432576023,0.14,False
33.32942305063843,0.0037965604392430257,0.10467907298499064,0.9650007995399743,0.14,False
33.33562387468522,0.0037965796333805364,0.10463296923081267,0.9649857472142053,0.14,False
33.341824698732005,0.0037965988221871525,0.10458687828130658,0.9649706862738696,0.14,False
33.348025522778784,0.0037966180056638607,0.10454080013408759,0.9649556167125346,0.14,False
33.35422634682557,0.0037966371838116532,0.10449473478676766,0.9649405385237605,0.14,False
33.36042717087235,0.0037966563566315336,0.10444868223695601,0.9649254517011003,0.14,False
33.366627994919135,0.0037966755241244793,0.10440264248225943,0.9649103562381006,0.14,False
33.37282881896592,0.0037966946862915047,0.10435661552028219,0.9648952521283003,0.14,False
33.37902964301271,0.0037967138431336065,0.10431060134862594,0.9648801393652313,0.14,False
33.385230467059486,0.0037967329946517947,0.10426459996488911,0.9648650179424187,0.14,False
33.39143129110627,0.0037967521408470576,0.10421861136666837,0.9648498878533803,0.14,False
33.39763211515305,0.0037967712817204013,0.10417263555155741,0.9648347490916271,0.14,False
33.403832939199845,0.003796790417272825,0.10412667251714747,0.9648196016506629,0.14,False
33.41003376324662,0.0037968095475053327,0.10408072226102696,0.9648044455239841,0.14,False
33.41623458729341,0.00379682867241893,0.10403478478078207,0.9647892807050805,0.14,False
33.42243541134019,0.0037968477920146204,0.1039888600739965,0.9647741071874343,0.14,False
33.428636235386975,0.003796866906293414,0.1039429481382511,0.9647589249645211,0.14,False
33.43483705943376,0.003796886015256318,0.10389704897112427,0.9647437340298087,0.14,False
33.44103788348054,0.0037969051189043436,0.103851162570192,0.9647285343767584,0.14,False
33.447238707527326,0.0037969242172385042,0.10380528893302825,0.9647133259988242,0.14,False
33.453439531574105,0.0037969433102598067,0.10375942805720383,0.9646981088894526,0.14,False
33.45964035562089,0.003796962397969261,0.10371357994028738,0.9646828830420834,0.14,False
33.46584117966768,0.0037969814803678853,0.1036677445798449,0.9646676484501489,0.14,False
33.47204200371446,0.003797000557456696,0.10362192197344057,0.9646524051070745,0.14,False
33.47824282776124,0.003797019629236705,0.10357611211863547,0.9646371530062785,0.14,False
33.48444365180803,0.0037970386957088906,0.10353031501298846,0.9646218921411719,0.14,False
33.49064447585481,0.0037970577568743166,0.10348453065405631,0.9646066225051582,0.14,False
33.496845299901594,0.0037970768127340033,0.103438759039393,0.9645913440916338,0.14,False
33.50304612394837,0.0037970958632889584,0.10339300016655044,0.9645760568939884,0.14,False
33.50924694799516,0.0037971149085402026,0.10334725403307811,0.9645607609056038,0.14,False
33.51544777204194,0.0037971339484887557,0.10330152063652279,0.9645454561198553,0.14,False
33.52164859608873,0.003797152983135641,0.10325579997442955,0.9645301425301104,0.14,False
33.52784942013551,0.003797172012481882,0.10321009204434081,0.9645148201297296,0.14,False
33.534050244182296,0.0037971910365285004,0.10316439684379647,0.964499488912066,0.14,False
33.540251068229075,0.0037972100552765187,0.10311871437033418,0.9644841488704659,0.14,False
33.54645189227586,0.0037972290687269695,0.10307304462149018,0.9644687999982677,0.14,False
33.55265271632265,0.003797248076880879,0.10302738759479751,0.9644534422888033,0.14,False
33.558853540369434,0.003797267079739268,0.10298174328778686,0.9644380757353966,0.14,False
33.56505436441622,0.0037972860773031712,0.10293611169798715,0.9644227003313646,0.14,False
33.571255188463,0.0037973050695736207,0.10289049282292505,0.9644073160700168,0.14,False
33.577456012509785,0.003797324056551642,0.10284488666012477,0.964391922944656,0.14,False
33.583656836556564,0.0037973430382382757,0.10279929320710851,0.9643765209485768,0.14,False
33.58985766060335,0.0037973620146345404,0.10275371246139592,0.9643611100750674,0.14,False
33.596058484650136,0.0037973809857414654,0.10270814442050478,0.9643456903174081,0.14,False
33.602259308696915,0.0037973999515600963,0.10266258908195071,0.9643302616688718,0.14,False
33.6084601327437,0.0037974189120914695,0.10261704644324718,0.9643148241227248,0.14,False
33.61466095679048,0.003797437867336623,0.10257151650190519,0.9642993776722252,0.14,False
33.62086178083727,0.003797456817296587,0.10252599925543382,0.9642839223106241,0.14,False
33.62706260488406,0.0037974757619724056,0.1024804947013403,0.9642684580311656,0.14,False
33.63326342893083,0.003797494701365114,0.10243500283712881,0.9642529848270858,0.14,False
33.639464252977625,0.003797513635475751,0.10238952366030249,0.964237502691614,0.14,False
33.6456650770244,0.0037975325643053674,0.10234405716836185,0.9642220116179718,0.14,False
33.65186590107119,0.0037975514878549927,0.10229860335880532,0.9642065115993737,0.14,False
33.65806672511796,0.003797570406125669,0.10225316222912943,0.9641910026290264,0.14,False
33.664267549164755,0.003797589319118449,0.10220773377682842,0.9641754847001297,0.14,False
33.670468373211534,0.0037976082268343678,0.10216231799939507,0.9641599578058757,0.14,False
33.67666919725832,0.0037976271292744744,0.10211691489431889,0.9641444219394488,0.14,False
33.682870021305106,0.0037976460264398143,0.10207152445908876,0.964128877094027,0.14,False
33.689070845351885,0.0037976649183314353,0.10202614669119062,0.9641133232627795,0.14,False
33.69527166939868,0.0037976838049503837,0.10198078158810829,0.9640977604388692,0.14,False
33.70147249344546,0.00379770268629771,0.10193542914732497,0.964082188615451,0.14,False
33.707673317492244,0.0037977215623744604,0.10189008936632035,0.9640666077856727,0.14,False
33.71387414153902,0.003797740433181691,0.10184476224257279,0.9640510179426742,0.14,False
33.72007496558581,0.0037977592987203947,0.1017994477735585,0.9640354190795888,0.14,False
33.72627578963259,0.0037977781589916947,0.10175414595675204,0.964019811189541,0.14,False
33.73247661367938,0.003797797013996631,0.10170885678962557,0.9640041942656489,0.14,False
33.73867743772616,0.0037978158637362487,0.10166358026964967,0.9639885683010224,0.14,False
33.744878261772946,0.0037978347082116043,0.10161831639429296,0.9639729332887647,0.14,False
33.751079085819725,0.003797853547423749,0.10157306516102173,0.9639572892219705,0.14,False
33.75727990986651,0.003797872381373742,0.10152782656730144,0.9639416360937283,0.14,False
33.76348073391329,0.0037978912100626364,0.10148260061059453,0.9639259738971181,0.14,False
33.76968155796008,0.0037979100334914894,0.10143738728836212,0.9639103026252125,0.14,False
33.77588238200686,0.0037979288516613603,0.10139218659806336,0.9638946222710767,0.14,False
33.78208320605364,0.003797947664573303,0.10134699853715537,0.9638789328277685,0.14,False
33.78828403010043,0.0037979664722283817,0.10130182310309364,0.9638632342883381,0.14,False
33.79448485414721,0.003797985274627655,0.10125666029333169,0.9638475266458277,0.14,False
33.800685678194,0.0037980040717721783,0.10121151010532203,0.9638318098932731,0.14,False
33.806886502240786,0.003798022863663024,0.10116637253651353,0.9638160840237009,0.14,False
33.813087326287565,0.0037980416503012493,0.10112124758435478,0.9638003490301313,0.14,False
33.81928815033435,0.003798060431687916,0.10107613524629223,0.9637846049055767,0.14,False
33.82548897438113,0.0037980792078240884,0.10103103551977045,0.9637688516430416,0.14,False
33.83168979842792,0.0037980979787108327,0.10098594840223211,0.9637530892355233,0.14,False
33.837890622474696,0.0037981167443492097,0.10094087389111865,0.9637373176760112,0.14,False
33.84409144652148,0.0037981355047402797,0.10089581198386918,0.9637215369574873,0.14,False
33.85029227056827,0.003798154259885119,0.10085076267792129,0.9637057470729258,0.14,False
33.85649309461505,0.003798173009784797,0.10080572597071058,0.9636899480152933,0.14,False
33.86269391866183,0.003798191754440386,0.10076070185967169,0.9636741397775487,0.14,False
33.86889474270861,0.0037982104938529384,0.10071569034223694,0.9636583223526437,0.14,False
33.875095566755405,0.003798229228023539,0.10067069141583686,0.9636424957335217,0.14,False
33.881296390802184,0.0037982479569532517,0.10062570507790077,0.9636266599131188,0.14,False
33.88749721484897,0.0037982666806431497,0.10058073132585597,0.9636108148843635,0.14,False
33.89369803889575,0.003798285399094309,0.10053577015712788,0.9635949606401762,0.14,False
33.899898862942536,0.003798304112307797,0.10049082156914084,0.9635790971734702,0.14,False
33.906099686989315,0.0037983228202846846,0.1004458855593171,0.9635632244771507,0.14,False
33.9123005110361,0.003798341523026048,0.1004009621250773,0.9635473425441151,0.14,False
33.91850133508289,0.003798360220532962,0.10035605126384123,0.9635314513672537,0.14,False
33.92470215912967,0.0037983789128065034,0.10031115297302608,0.9635155509394486,0.14,False
33.93090298317646,0.0037983975998477464,0.1002662672500478,0.9634996412535742,0.14,False
33.93710380722324,0.003798416281657765,0.10022139409232049,0.9634837223024972,0.14,False
33.943304631270024,0.0037984349582376405,0.10017653349725716,0.9634677940790767,0.14,False
33.9495054553168,0.0037984536295884493,0.10013168546226892,0.9634518565761638,0.14,False
33.955706279363596,0.0037984722957112734,0.10008684998476539,0.963435909786602,0.14,False
33.96190710341037,0.003798490956607204,0.1000420270621547,0.9634199537032271,0.14,False
33.96810792745716,0.003798509612277274,0.09999721669184318,0.963403988318867,0.14,False
33.97430875150393,0.0037985282627225783,0.09995241887123617,0.9633880136263423,0.14,False
33.98050957555073,0.003798546907944217,0.09990763359773697,0.9633720296184649,0.14,False
33.986710399597506,0.003798565547943278,0.09986286086874761,0.9633560362880396,0.14,False
33.99291122364429,0.0037985841827208326,0.09981810068166838,0.9633400336278629,0.14,False
33.99911204769108,0.0037986028122779627,0.09977335303389817,0.963324021630724,0.14,False
34.00531287173786,0.0037986214366157595,0.09972861792283447,0.9633080002894039,0.14,False
34.01151369578464,0.0037986400557352995,0.09968389534587335,0.9632919695966761,0.14,False
34.01771451983142,0.0037986586696376664,0.09963918530040929,0.9632759295453058,0.14,False
34.02391534387821,0.0037986772783239523,0.09959448778383544,0.963259880128051,0.14,False
34.030116167924994,0.0037986958817952353,0.09954980279354345,0.9632438213376612,0.14,False
34.03631699197177,0.003798714480052609,0.09950513032692353,0.9632277531668785,0.14,False
34.04251781601856,0.0037987330730971693,0.09946047038136402,0.9632116756084366,0.14,False
34.048718640065346,0.003798751660929977,0.09941582295425269,0.9631955886550619,0.14,False
34.05491946411213,0.0037987702435521753,0.09937118804297522,0.9631794922994726,0.14,False
34.06112028815892,0.0037987888209647736,0.09932656564491646,0.9631633865343794,0.14,False
34.0673211122057,0.0037988073931689344,0.09928195575745907,0.9631472713524843,0.14,False
34.07352193625248,0.0037988259601657434,0.09923735837798509,0.9631311467464817,0.14,False
34.07972276029926,0.0037988445219562786,0.09919277350387484,0.9631150127090585,0.14,False
34.08592358434605,0.003798863078541612,0.09914820113250757,0.9630988692328937,0.14,False
34.09212440839283,0.0037988816299228422,0.09910364126126077,0.9630827163106579,0.14,False
34.09832523243961,0.00379890017610103,0.09905909388751077,0.9630665539350143,0.14,False
34.1045260564864,0.0037989187170772852,0.09901455900863264,0.9630503820986175,0.14,False
34.110726880533186,0.003798937252852703,0.09897003662199988,0.9630342007941144,0.14,False
34.116927704579965,0.0037989557834283818,0.09892552672498513,0.963018010014144,0.14,False
34.12312852862675,0.003798974308805418,0.09888102931495919,0.9630018097513373,0.14,False
34.12932935267353,0.0037989928289849043,0.09883654438929196,0.9629855999983171,0.14,False
34.13553017672032,0.0037990113439679432,0.09879207194535215,0.9629693807476987,0.14,False
34.141731000767095,0.003799029853755624,0.09874761198050654,0.9629531519920889,0.14,False
34.14793182481389,0.003799048358349048,0.09870316449212124,0.9629369137240864,0.14,False
34.15413264886066,0.0037990668577493093,0.09865872947756087,0.9629206659362824,0.14,False
34.16033347290745,0.003799085351957509,0.09861430693418904,0.9629044086212598,0.14,False
34.16653429695423,0.0037991038409747463,0.09856989685936768,0.9628881417715935,0.14,False
34.17273512100102,0.003799122324802117,0.09852549925045777,0.9628718653798504,0.14,False
34.17893594504781,0.0037991408034407205,0.09848111410481919,0.962855579438589,0.14,False
34.18513676909458,0.003799159276891662,0.09843674141981042,0.9628392839403603,0.14,False
34.19133759314138,0.003799177745156038,0.09839238119278902,0.962822978877707,0.14,False
34.19753841718815,0.0037991962082349496,0.09834803342111054,0.9628066642431633,0.14,False
34.20373924123494,0.003799214666129496,0.0983036981021302,0.9627903400292559,0.14,False
34.20994006528172,0.0037992331188407783,0.09825937523320175,0.9627740062285031,0.14,False
34.21614088932851,0.0037992515663699067,0.09821506481167762,0.9627576628334151,0.14,False
34.222341713375286,0.0037992700087179803,0.09817076683490931,0.9627413098364942,0.14,False
34.22854253742207,0.0037992884458860786,0.09812648130024745,0.9627249472302347,0.14,False
34.23474336146886,0.0037993068778753077,0.0980822082050406,0.9627085750071223,0.14,False
34.24094418551564,0.0037993253046868006,0.09803794754663715,0.9626921931596345,0.14,False
34.24714500956242,0.003799343726321656,0.09799369932238389,0.962675801680241,0.14,False
34.25334583360921,0.003799362142780981,0.09794946352962627,0.9626594005614031,0.14,False
34.25954665765599,0.003799380554065876,0.09790524016570938,0.9626429897955744,0.14,False
34.265747481702775,0.0037993989601774396,0.09786102922797663,0.9626265693752001,0.14,False
34.271948305749554,0.0037994173611167895,0.09781683071377038,0.9626101392927165,0.14,False
34.27814912979634,0.003799435756885038,0.0977726446204318,0.9625936995405527,0.14,False
34.28434995384313,0.0037994541474832898,0.09772847094530153,0.9625772501111293,0.14,False
34.29055077788991,0.003799472532912649,0.0976843096857187,0.9625607909968584,0.14,False
34.2967516019367,0.003799490913174225,0.09764016083902152,0.9625443221901442,0.14,False
34.30295242598348,0.0037995092882691208,0.09759602440254715,0.9625278436833825,0.14,False
34.30915325003026,0.0037995276581984476,0.09755190037363179,0.9625113554689612,0.14,False
34.31535407407704,0.003799546022963312,0.09750778874961016,0.9624948575392593,0.14,False
34.32155489812383,0.0037995643825648267,0.09746368952781663,0.9624783498866483,0.14,False
34.327755722170615,0.0037995827370040933,0.09741960270558403,0.9624618325034908,0.14,False
34.333956546217394,0.0037996010862822293,0.09737552828024428,0.9624453053821415,0.14,False
34.34015737026418,0.003799619430400344,0.09733146624912879,0.9624287685149467,0.14,False
34.34635819431096,0.003799637769359547,0.09728741660956731,0.9624122218942445,0.14,False
34.352559018357745,0.0037996561031609535,0.09724337935888908,0.9623956655123644,0.14,False
34.35875984240454,0.0037996744318056774,0.09719935449442199,0.9623790993616279,0.14,False
34.36496066645131,0.003799692755294839,0.09715534201349339,0.9623625234343481,0.14,False
34.3711614904981,0.003799711073629517,0.09711134191342902,0.9623459377228298,0.14,False
34.377362314544875,0.0037997293868108563,0.09706735419155475,0.9623293422193695,0.14,False
34.38356313859167,0.0037997476948399625,0.09702337884519459,0.9623127369162553,0.14,False
34.38976396263844,0.003799765997717951,0.09697941587167193,0.9622961218057668,0.14,False
34.395964786685234,0.0037997842954459347,0.09693546526830904,0.9622794968801753,0.14,False
34.40216561073201,0.0037998025880250294,0.09689152703242754,0.962262862131744,0.14,False
34.4083664347788,0.0037998208754563578,0.09684760116134815,0.9622462175527273,0.14,False
34.414567258825585,0.0037998391577410253,0.09680368765239068,0.9622295631353717,0.14,False
34.420768082872364,0.003799857434880154,0.09675978650287363,0.9622128988719147,0.14,False
34.42696890691916,0.003799875706874861,0.09671589771011573,0.9621962247545861,0.14,False
34.433169730965936,0.0037998939737262654,0.0966720212714331,0.9621795407756065,0.14,False
34.43937055501272,0.0037999122354354774,0.09662815718414237,0.9621628469271888,0.14,False
34.4455713790595,0.003799930492003619,0.09658430544555886,0.9621461432015369,0.14,False
34.45177220310629,0.0037999487434318075,0.09654046605299699,0.9621294295908466,0.14,False
34.457973027153066,0.003799966989721168,0.09649663900377053,0.9621127060873051,0.14,False
34.46417385119986,0.0037999852308728136,0.0964528242951924,0.9620959726830913,0.14,False
34.47037467524664,0.003800003466887869,0.09640902192457458,0.9620792293703755,0.14,False
34.476575499293425,0.0038000216977674486,0.09636523188922819,0.9620624761413193,0.14,False
34.482776323340204,0.0038000399235126746,0.09632145418646368,0.9620457129880763,0.14,False
34.48897714738699,0.003800058144124667,0.0962776888135906,0.9620289399027911,0.14,False
34.49517797143377,0.003800076359604549,0.09623393576791801,0.9620121568776003,0.14,False
34.501378795480555,0.0038000945699534485,0.0961901950467535,0.9619953639046315,0.14,False
34.50757961952734,0.0038001127751724393,0.09614646664740485,0.9619785609760046,0.14,False
34.51378044357412,0.00380013097526267,0.09610275056717806,0.9619617480838297,0.14,False
34.519981267620906,0.0038001491702252827,0.09605904680337886,0.9619449252202092,0.14,False
34.526182091667685,0.0038001673600613884,0.0960153553533125,0.9619280923772369,0.14,False
34.53238291571448,0.0038001855447721096,0.095971676214283,0.9619112495469975,0.14,False
34.538583739761265,0.003800203724358565,0.09592800938359385,0.961894396721568,0.14,False
34.544784563808044,0.00380022189882188,0.09588435485854781,0.9618775338930159,0.14,False
34.55098538785483,0.0038002400681631738,0.0958407126364467,0.9618606610534007,0.14,False
34.55718621190161,0.003800258232383574,0.09579708271459228,0.9618437781947735,0.14,False
34.563387035948395,0.003800276391484203,0.09575346509028478,0.9618268853091761,0.14,False
34.569587859995174,0.0038002945454661827,0.09570985976082431,0.961809982388642,0.14,False
34.57578868404196,0.00380031269433064,0.09566626672350989,0.9617930694251963,0.14,False
34.581989508088746,0.0038003308380786965,0.09562268597563992,0.9617761464108548,0.14,False
34.588190332135525,0.003800348976711481,0.09557911751451251,0.9617592133376256,0.14,False
34.59439115618231,0.0038003671102301156,0.09553556133742463,0.9617422701975074,0.14,False
34.60059198022909,0.003800385238635729,0.0954920174416731,0.9617253169824905,0.14,False
34.606792804275884,0.003800403361929446,0.09544848582455337,0.9617083536845564,0.14,False
34.61299362832266,0.003800421480112391,0.09540496648336058,0.9616913802956781,0.14,False
34.61919445236945,0.0038004395931856925,0.0953614594153898,0.96167439680782,0.14,False
34.62539527641623,0.0038004577011504777,0.0953179646179348,0.9616574032129374,0.14,False
34.631596100463014,0.003800475804007872,0.09527448208828884,0.9616403995029771,0.14,False
34.63779692450979,0.0038004939017590006,0.09523101182374445,0.9616233856698772,0.14,False
34.64399774855658,0.0038005119944049992,0.09518755382159376,0.9616063617055669,0.14,False
34.650198572603365,0.003800530081946985,0.09514410807912829,0.9615893276019669,0.14,False
34.65639939665015,0.0038005481643860893,0.09510067459363898,0.9615722833509892,0.14,False
34.66260022069694,0.0038005662417234507,0.09505725336241623,0.9615552289445366,0.14,False
34.66880104474372,0.003800584313960188,0.09501384438274937,0.9615381643745035,0.14,False
34.6750018687905,0.003800602381097422,0.09497044765192753,0.9615210896327755,0.14,False
34.68120269283728,0.0038006204431362905,0.09492706316723998,0.9615040047112292,0.14,False
34.687403516884075,0.00380063850007792,0.0948836909259742,0.9614869096017329,0.14,False
34.69360434093085,0.0038006565519234452,0.09484033092541772,0.9614698042961451,0.14,False
34.69980516497764,0.0038006745986739897,0.09479698316285749,0.9614526887863167,0.14,False
34.70600598902441,0.0038006926403306826,0.09475364763557978,0.9614355630640887,0.14,False
34.712206813071205,0.0038007106768946693,0.09471032434087066,0.9614184271212941,0.14,False
34.71840763711799,0.0038007287083670653,0.09466701327601534,0.9614012809497563,0.14,False
34.72460846116477,0.003800746734749004,0.09462371443829853,0.9613841245412904,0.14,False
34.730809285211556,0.003800764756041614,0.09458042782500466,0.9613669578877024,0.14,False
34.737010109258335,0.003800782772246027,0.09453715343341716,0.9613497809807895,0.14,False
34.74321093330512,0.003800800783363375,0.09449389126082,0.9613325938123402,0.14,False
34.7494117573519,0.003800818789394787,0.09445064130449572,0.9613153963741337,0.14,False
34.75561258139869,0.0038008367903413966,0.09440740356172651,0.9612981886579403,0.14,False
34.76181340544547,0.003800854786204334,0.09436417802979427,0.9612809706555216,0.14,False
34.76801422949226,0.003800872776984731,0.09432096470598045,0.9612637423586304,0.14,False
34.77421505353904,0.0038008907626837242,0.094277763587566,0.9612465037590103,0.14,False
34.780415877585824,0.0038009087433024426,0.09423457467183127,0.961229254848396,0.14,False
34.78661670163261,0.00380092671884202,0.09419139795605651,0.9612119956185133,0.14,False
34.792817525679396,0.003800944689303603,0.09414823343752127,0.961194726061079,0.14,False
34.799018349726175,0.003800962654688247,0.09410508111350457,0.9611774461678014,0.14,False
34.80521917377296,0.0038009806149971645,0.09406194098128527,0.961160155930379,0.14,False
34.81141999781974,0.003800998570231478,0.09401881303814148,0.9611428553405011,0.14,False
34.81762082186653,0.003801016520392321,0.09397569728135145,0.9611255443898491,0.14,False
34.823821645913306,0.003801034465480819,0.09393259370819233,0.9611082230700946,0.14,False
34.83002246996009,0.0038010524054981065,0.09388950231594131,0.9610908913729004,0.14,False
34.83622329400688,0.0038010703404453123,0.09384642310187519,0.9610735492899204,0.14,False
34.842424118053664,0.0038010882703235767,0.09380335606327023,0.9610561968127992,0.14,False
34.84862494210044,0.0038011061951340286,0.09376030119740257,0.9610388339331725,0.14,False
34.85482576614723,0.003801124114877807,0.09371725850154762,0.9610214606426669,0.14,False
34.86102659019401,0.0038011420295560408,0.0936742279729807,0.9610040769328998,0.14,False
34.8672274142408,0.00380115993916987,0.09363120960897613,0.9609866827954797,0.14,False
34.87342823828757,0.00380117784372044,0.09358820340680934,0.9609692782220057,0.14,False
34.87962906233437,0.003801195743208873,0.09354520936375409,0.9609518632040682,0.14,False
34.88582988638114,0.003801213637636302,0.0935022274770841,0.9609344377332485,0.14,False
34.89203071042793,0.0038012315270038654,0.093459257744073,0.9609170018011182,0.14,False
34.89823153447471,0.003801249411312691,0.09341630016199408,0.9608995553992403,0.14,False
34.9044323585215,0.0038012672905639233,0.09337335472811958,0.9608820985191683,0.14,False
34.91063318256829,0.0038012851647586964,0.09333042143972255,0.9608646311524468,0.14,False
34.91683400661506,0.003801303033898143,0.09328750029407518,0.9608471532906112,0.14,False
34.923034830661855,0.0038013208979834037,0.09324459128844925,0.9608296649251874,0.14,False
34.92923565470863,0.0038013387570156095,0.09320169442011664,0.9608121660476928,0.14,False
34.93543647875542,0.0038013566109958985,0.09315880968634871,0.9607946566496348,0.14,False
34.9416373028022,0.00380137445992541,0.09311593708441625,0.9607771367225121,0.14,False
34.947838126848985,0.0038013923038052637,0.09307307661159027,0.9607596062578142,0.14,False
34.954038950895765,0.0038014101426366094,0.09303022826514115,0.9607420652470208,0.14,False
34.96023977494255,0.0038014279764205915,0.09298739204233919,0.9607245136816029,0.14,False
34.96644059898934,0.0038014458051583346,0.09294456794045446,0.9607069515530223,0.14,False
34.972641423036116,0.0038014636288509754,0.09290175595675695,0.9606893788527312,0.14,False
34.9788422470829,0.0038014814474996495,0.09285895608851599,0.9606717955721729,0.14,False
34.98504307112969,0.0038014992611055,0.09281616833300098,0.9606542017027807,0.14,False
34.99124389517647,0.0038015170696696636,0.0927733926874811,0.9606365972359795,0.14,False
34.99744471922325,0.0038015348731932773,0.09273062914922532,0.9606189821631844,0.14,False
35.00364554327003,0.0038015526716774694,0.0926878777155017,0.9606013564758012,0.14,False
35.00984636731682,0.0038015704651233892,0.09264513838357906,0.9605837201652264,0.14,False
35.01604719136361,0.0038015882535321673,0.09260241115072555,0.9605660732228474,0.14,False
35.02224801541039,0.0038016060369049447,0.09255969601420933,0.9605484156400418,0.14,False
35.02844883945718,0.0038016238152428564,0.0925169929712982,0.9605307474081785,0.14,False
35.034649663503956,0.0038016415885470415,0.09247430201925973,0.9605130685186162,0.14,False
35.04085048755074,0.003801659356818636,0.09243162315536134,0.9604953789627049,0.14,False
35.04705131159753,0.0038016771200587783,0.09238895637687046,0.9604776787317849,0.14,False
35.05325213564431,0.003801694878268609,0.09234630168105416,0.9604599678171871,0.14,False
35.05945295969109,0.0038017126314492623,0.09230365906517946,0.9604422462102331,0.14,False
35.06565378373787,0.0038017303796018796,0.09226102852651301,0.9604245139022352,0.14,False
35.07185460778466,0.003801748122727597,0.09221841006232201,0.9604067708844961,0.14,False
35.07805543183144,0.0038017658608275524,0.09217580366987282,0.960389017148309,0.14,False
35.08425625587822,0.0038017835939028856,0.09213320934643184,0.9603712526849577,0.14,False
35.09045707992502,0.003801801321954737,0.09209062708926516,0.9603534774857166,0.14,False
35.09665790397179,0.003801819044984245,0.09204805689563915,0.9603356915418505,0.14,False
35.10285872801858,0.003801836762992482,0.09200549876281953,0.9603178948446155,0.14,False
35.109059552065354,0.003801854475980674,0.09196295268807236,0.9603000873852564,0.14,False
35.11526037611215,0.0038018721839499442,0.09192041866866367,0.96028226915501,0.14,False
35.12146120015892,0.0038018898869014196,0.09187789670185913,0.9602644401451035,0.14,False
35.12766202420571,0.003801907584836241,0.09183538678492441,0.9602466003467539,0.14,False
35.1338628482525,0.0038019252777555593,0.09179288891512545,0.9602287497511691,0.14,False
35.14006367229928,0.0038019429656604943,0.09175040308972676,0.9602108883495473,0.14,False
35.14626449634606,0.003801960648552184,0.09170792930599404,0.9601930161330774,0.14,False
35.15246532039284,0.0038019783264317654,0.09166546756119291,0.9601751330929383,0.14,False
35.158666144439636,0.00380199599930038,0.09162301785258839,0.9601572392202998,0.14,False
35.164866968486415,0.003802013667159165,0.0915805801774457,0.9601393345063217,0.14,False
35.1710677925332,0.0038020313300092634,0.0915381545330304,0.9601214189421546,0.14,False
35.17726861657998,0.0038020489878518126,0.09149574091660716,0.9601034925189391,0.14,False
35.183469440626766,0.0038020666406879474,0.0914533393254411,0.9600855552278063,0.14,False
35.189670264673545,0.003802084288518812,0.09141094975679752,0.9600676070598777,0.14,False
35.19587108872034,0.0038021019313455437,0.09136857220794135,0.9600496480062652,0.14,False
35.20207191276712,0.003802119569169278,0.09132620667613733,0.960031678058071,0.14,False
35.2082727368139,0.003802137201991156,0.0912838531586507,0.9600136972063874,0.14,False
35.21447356086068,0.0038021548298123185,0.09124151165274622,0.9599957054422974,0.14,False
35.22067438490747,0.0038021724526339064,0.09119918215568891,0.959977702756874,0.14,False
35.22687520895425,0.003802190070457053,0.09115686466474368,0.9599596891411809,0.14,False
35.23307603300103,0.0038022076832828974,0.0911145591771756,0.9599416645862717,0.14,False
35.23927685704782,0.003802225291112584,0.09107226569024966,0.9599236290831904,0.14,False
35.2454776810946,0.0038022428939472443,0.09102998420123061,0.9599055826229711,0.14,False
35.251678505141385,0.003802260491788028,0.09098771470738373,0.9598875251966386,0.14,False
35.257879329188164,0.0038022780846360417,0.09094545720597397,0.9598694567952077,0.14,False
35.26408015323496,0.003802295672492461,0.09090321169426614,0.9598513774096832,0.14,False
35.27028097728174,0.003802313255358417,0.09086097816952579,0.9598332870310603,0.14,False
35.27648180132852,0.0038023308332350396,0.09081875662901792,0.9598151856503245,0.14,False
35.28268262537531,0.0038023484061234657,0.09077654707000779,0.9597970732584516,0.14,False
35.28888344942209,0.0038023659740248367,0.09073434948976054,0.9597789498464073,0.14,False
35.29508427346887,0.003802383536940295,0.09069216388554163,0.9597608154051476,0.14,False
35.30128509751565,0.0038024010948709765,0.09064999025461619,0.9597426699256183,0.14,False
35.30748592156244,0.0038024186478180207,0.09060782859424996,0.9597245133987562,0.14,False
35.313686745609225,0.003802436195782565,0.0905656789017083,0.9597063458154875,0.14,False
35.319887569656004,0.0038024537387657486,0.09052354117425705,0.9596881671667289,0.14,False
35.32608839370279,0.0038024712767687086,0.0904814154091619,0.9596699774433872,0.14,False
35.33228921774957,0.0038024888097925847,0.09043930160368825,0.9596517766363588,0.14,False
35.33849004179636,0.0038025063378385226,0.09039719975510285,0.959633564736531,0.14,False
35.34469086584314,0.0038025238609076515,0.0903551098606713,0.9596153417347807,0.14,False
35.35089168988993,0.003802541379001109,0.09031303191765974,0.9595971076219749,0.14,False
35.357092513936706,0.003802558892120034,0.09027096592333435,0.959578862388971,0.14,False
35.36329333798349,0.0038025764002655622,0.09022891187496157,0.9595606060266159,0.14,False
35.36949416203027,0.0038025939034388345,0.09018686976980782,0.9595423385257468,0.14,False
35.375694986077065,0.00380261140164099,0.09014483960513982,0.9595240598771909,0.14,False
35.381895810123844,0.003802628894873165,0.09010282137822449,0.959505770071766,0.14,False
35.38809663417063,0.003802646383136498,0.0900608150863286,0.9594874691002787,0.14,False
35.394297458217416,0.00380266386643213,0.09001882072671931,0.9594691569535267,0.14,False
35.400498282264195,0.003802681344761195,0.08997683829666327,0.9594508336222969,0.14,False
35.40669910631098,0.003802698818124836,0.08993486779342885,0.9594324990973668,0.14,False
35.41289993035776,0.0038027162865241996,0.0898929092142831,0.9594141533695034,0.14,False
35.41910075440455,0.0038027337499603494,0.08985096255649391,0.9593957964294648,0.14,False
35.425301578451325,0.0038027512084344963,0.08980902781732888,0.9593774282679969,0.14,False
35.43150240249812,0.0038027686619477802,0.0897671049940563,0.9593590488758368,0.14,False
35.43770322654489,0.003802786110501322,0.08972519408394418,0.9593406582437117,0.14,False
35.443904050591684,0.0038028035540962593,0.08968329508426136,0.9593222563623384,0.14,False
35.45010487463847,0.0038028209927337296,0.08964140799227636,0.9593038432224236,0.14,False
35.45630569868525,0.0038028384264148702,0.08959953280525783,0.9592854188146637,0.14,False
35.462506522732035,0.0038028558551408157,0.089557669520475,0.9592669831297451,0.14,False
35.468707346778814,0.003802873278912703,0.08951581813519696,0.9592485361583445,0.14,False
35.4749081708256,0.0038028906977316743,0.08947397864669321,0.9592300778911275,0.14,False
35.48110899487238,0.0038029081115988662,0.0894321510522339,0.9592116083187507,0.14,False
35.487309818919165,0.003802925520515409,0.08939033534908869,0.9591931274318595,0.14,False
35.49351064296595,0.003802942924482442,0.0893485315345277,0.9591746352210897,0.14,False
35.49971146701274,0.0038029603235011,0.08930673960582139,0.9591561316770665,0.14,False
35.505912291059516,0.0038029777175725235,0.08926495956024022,0.9591376167904051,0.14,False
35.5121131151063,0.003802995106697848,0.08922319139505536,0.9591190905517106,0.14,False
35.51831393915309,0.003803012490878213,0.0891814351075379,0.9591005529515778,0.14,False
35.524514763199875,0.00380302987011474,0.08913969069495911,0.959082003980591,0.14,False
35.530715587246654,0.0038030472444085806,0.08909795815459073,0.9590634436293243,0.14,False
35.53691641129344,0.0038030646137608643,0.08905623748370477,0.9590448718883419,0.14,False
35.54311723534022,0.003803081978172727,0.0890145286795731,0.9590262887481973,0.14,False
35.549318059387005,0.0038030993376453022,0.08897283173946889,0.959007694199434,0.14,False
35.555518883433784,0.003803116692179725,0.0889311466606643,0.9589890882325849,0.14,False
35.56171970748057,0.003803134041777134,0.08888947344043263,0.9589704708381727,0.14,False
35.567920531527356,0.003803151386438665,0.08884781207604725,0.95895184200671,0.14,False
35.57412135557414,0.003803168726165451,0.08880616256478162,0.9589332017286984,0.14,False
35.58032217962092,0.0038031860609586124,0.0887645249039098,0.9589145499946303,0.14,False
35.58652300366771,0.00380320339081931,0.08872289909070614,0.9588958867949864,0.14,False
35.59272382771449,0.003803220715748666,0.08868128512244508,0.9588772121202379,0.14,False
35.59892465176128,0.0038032380357478127,0.0886396829964015,0.9588585259608452,0.14,False
35.60512547580805,0.003803255350817883,0.08859809270985063,0.9588398283072586,0.14,False
35.611326299854845,0.0038032726609600123,0.08855651426006803,0.9588211191499176,0.14,False
35.617527123901624,0.003803289966175336,0.08851494764432934,0.9588023984792516,0.14,False
35.62372794794841,0.0038033072664649934,0.088473392859911,0.9587836662856795,0.14,False
35.62992877199519,0.003803324561830117,0.08843184990408946,0.9587649225596095,0.14,False
35.636129596041975,0.0038033418522718295,0.08839031877414143,0.9587461672914398,0.14,False
35.64233042008877,0.0038033591377912724,0.0883487994673444,0.9587274004715576,0.14,False
35.64853124413554,0.003803376418389592,0.08830729198097581,0.9587086220903397,0.14,False
35.654732068182334,0.0038033936940679498,0.08826579631231375,0.9586898321381526,0.14,False
35.660932892229106,0.003803410964827412,0.08822431245863638,0.9586710306053526,0.14,False
35.6671337162759,0.0038034282306691467,0.08818284041722245,0.9586522174822848,0.14,False
35.67333454032268,0.0038034454915942756,0.088141380185351,0.9586333927592842,0.14,False
35.679535364369464,0.003803462747603931,0.08809993176030212,0.9586145564266755,0.14,False
35.68573618841624,0.003803479998699243,0.08805849513935474,0.9585957084747718,0.14,False
35.69193701246303,0.0038034972448813477,0.08801707031978893,0.9585768488938765,0.14,False
35.698137836509815,0.003803514486151378,0.08797565729888569,0.9585579776742824,0.14,False
35.7043386605566,0.003803531722510466,0.08793425607392598,0.9585390948062712,0.14,False
35.71053948460338,0.003803548953959746,0.08789286664219105,0.9585202002801142,0.14,False
35.71674030865017,0.0038035661805003464,0.08785148900096287,0.9585012940860724,0.14,False
35.722941132696945,0.0038035834021334027,0.08781012314752354,0.9584823762143957,0.14,False
35.72914195674373,0.0038036006188600507,0.08776876907915594,0.9584634466553238,0.14,False
35.73534278079051,0.003803617830681428,0.08772742679314291,0.9584445053990852,0.14,False
35.7415436048373,0.003803635037598579,0.08768609628676777,0.9584255524358988,0.14,False
35.74774442888409,0.003803652239612739,0.08764477755731469,0.9584065877559711,0.14,False
35.75394525293087,0.0038036694367250125,0.08760347060206743,0.9583876113494989,0.14,False
35.760146076977655,0.0038036866289365293,0.08756217541831154,0.9583686232066685,0.14,False
35.766346901024434,0.003803703816248416,0.08752089200333207,0.9583496233176552,0.14,False
35.77254772507122,0.0038037209986618043,0.08747962035441441,0.9583306116726235,0.14,False
35.778748549118006,0.003803738176177823,0.08743836046884478,0.958311588261727,0.14,False
35.784949373164785,0.0038037553487975974,0.0873971123439098,0.9582925530751091,0.14,False
35.79115019721157,0.0038037725165222607,0.0873558759768963,0.9582735061029016,0.14,False
35.79735102125835,0.0038037896793529404,0.08731465136509214,0.9582544473352266,0.14,False
35.80355184530514,0.003803806837290765,0.08727343850578492,0.9582353767621941,0.14,False
35.809752669351916,0.0038038239903368668,0.08723223739626328,0.9582162943739044,0.14,False
35.8159534933987,0.0038038411384923765,0.08719104803381615,0.9581972001604464,0.14,False
35.822154317445495,0.003803858281758422,0.08714987041573267,0.9581780941118982,0.14,False
35.82835514149227,0.0038038754201361307,0.08710870453930317,0.9581589762183271,0.14,False
35.83455596553906,0.0038038925536266316,0.08706755040181768,0.9581398464697899,0.14,False
35.84075678958583,0.0038039096822310493,0.08702640800056742,0.958120704856332,0.14,False
35.846957613632625,0.0038039268059505125,0.08698527733284328,0.9581015513679879,0.14,False
35.853158437679404,0.0038039439247861393,0.0869441583959375,0.9580823859947818,0.14,False
35.85935926172619,0.0038039610387390695,0.0869030511871422,0.9580632087267262,0.14,False
35.86556008577298,0.0038039781478104258,0.08686195570375056,0.9580440195538235,0.14,False
35.871760909819756,0.0038039952520013344,0.08682087194305575,0.9580248184660642,0.14,False
35.87796173386654,0.0038040123513129226,0.08677979990235193,0.9580056054534289,0.14,False
35.88416255791332,0.003804029445746316,0.08673873957893338,0.9579863805058864,0.14,False
35.890363381960114,0.0038040465353026435,0.08669769097009508,0.9579671436133946,0.14,False
35.89656420600689,0.0038040636199830305,0.0866566540731334,0.9579478947659013,0.14,False
35.90276503005368,0.0038040806997885978,0.08661562888534304,0.9579286339533418,0.14,False
35.90896585410046,0.003804097774720463,0.08657461540402128,0.9579093611656418,0.14,False
35.915166678147244,0.003804114844779772,0.08653361362646528,0.9578900763927152,0.14,False
35.92136750219402,0.0038041319099676382,0.08649262354997253,0.9578707796244647,0.14,False
35.92756832624082,0.00380414897028519,0.08645164517184167,0.9578514708507827,0.14,False
35.933769150287596,0.0038041660257335463,0.08641067848937127,0.9578321500615499,0.14,False
35.93996997433438,0.0038041830763138338,0.0863697234998609,0.9578128172466362,0.14,False
35.94617079838116,0.00380420012202718,0.08632878020061041,0.9577934723959004,0.14,False
35.95237162242795,0.0038042171628747032,0.0862878485889203,0.9577741154991898,0.14,False
35.958572446474726,0.0038042341988575395,0.08624692866209174,0.9577547465463409,0.14,False
35.96477327052151,0.0038042512299767887,0.08620602041742642,0.9577353655271794,0.14,False
35.9709740945683,0.003804268256233596,0.0861651238522264,0.9577159724315191,0.14,False
35.97717491861508,0.003804285277629085,0.08612423896379505,0.9576965672491631,0.14,False
35.98337574266187,0.0038043022941643754,0.08608336574943552,0.9576771499699036,0.14,False
35.98957656670864,0.0038043193058405794,0.08604250420645182,0.9576577205835208,0.14,False
35.995777390755435,0.003804336312658829,0.08600165433214871,0.9576382790797844,0.14,False
36.00197821480222,0.0038043533146202417,0.08596081612383173,0.9576188254484528,0.14,False
36.008179038849,0.003804370311725937,0.08591998957880617,0.9575993596792728,0.14,False
36.01437986289579,0.0038043873039770378,0.08587917469437877,0.9575798817619801,0.14,False
36.020580686942566,0.0038044042913746696,0.08583837146785683,0.9575603916862995,0.14,False
36.02678151098935,0.003804421273919951,0.08579757989654777,0.957540889441944,0.14,False
36.03298233503614,0.0038044382516139994,0.08575679997776013,0.9575213750186157,0.14,False
36.03918315908292,0.0038044552244579405,0.08571603170880311,0.9575018484060055,0.14,False
36.0453839831297,0.0038044721924528906,0.08567527508698576,0.9574823095937922,0.14,False
36.05158480717648,0.0038044891555999733,0.08563453010961855,0.9574627585716441,0.14,False
36.05778563122327,0.003804506113900307,0.08559379677401242,0.9574431953292181,0.14,False
36.06398645527005,0.003804523067355015,0.08555307507747907,0.9574236198561592,0.14,False
36.07018727931684,0.003804540015965233,0.08551236501733059,0.9574040321421016,0.14,False
36.07638810336362,0.003804556959731974,0.08547166659087971,0.9573844321766688,0.14,False
36.082588927410406,0.0038045738986564616,0.08543097979544009,0.957364819949471,0.14,False
36.088789751457185,0.003804590832739799,0.08539030462832577,0.957345195450108,0.14,False
36.09499057550397,0.003804607761983098,0.08534964108685157,0.9573255586681685,0.14,False
36.10119139955075,0.003804624686387476,0.08530898916833315,0.9573059095932295,0.14,False
36.10739222359754,0.00380464160595405,0.08526834887008655,0.9572862482148565,0.14,False
36.11359304764432,0.00380465852068394,0.08522772018942829,0.9572665745226033,0.14,False
36.11979387169111,0.003804675430578258,0.08518710312367653,0.9572468885060129,0.14,False
36.125994695737894,0.0038046923356381225,0.08514649767014941,0.9572271901546165,0.14,False
36.13219551978467,0.0038047092358646432,0.0851059038261656,0.9572074794579337,0.14,False
36.13839634383146,0.003804726131258946,0.08506532158904481,0.9571877564054724,0.14,False
36.14459716787824,0.003804743021822138,0.08502475095610713,0.9571680209867292,0.14,False
36.15079799192503,0.003804759907555344,0.08498419192467355,0.9571482731911891,0.14,False
36.156998815971804,0.00380477678845967,0.08494364449206604,0.9571285130083259,0.14,False
36.1631996400186,0.003804793664536235,0.08490310865560677,0.9571087404276014,0.14,False
36.16940046406537,0.0038048105357861525,0.08486258441261901,0.957088955438466,0.14,False
36.17560128811216,0.003804827402210534,0.08482207176042654,0.9570691580303583,0.14,False
36.18180211215895,0.003804844263810506,0.08478157069635373,0.9570493481927057,0.14,False
36.18800293620573,0.0038048611205871658,0.08474108121772593,0.9570295259149234,0.14,False
36.19420376025251,0.0038048779725416513,0.08470060332186932,0.9570096911864154,0.14,False
36.20040458429929,0.0038048948196750558,0.08466013700611058,0.9569898439965744,0.14,False
36.20660540834608,0.0038049116619884864,0.084619682267777,0.9569699843347804,0.14,False
36.21280623239286,0.003804928499483061,0.08457923910419718,0.9569501121904028,0.14,False
36.219007056439644,0.0038049453321598943,0.08453880751269957,0.9569302275527986,0.14,False
36.22520788048643,0.003804962160020096,0.08449838749061388,0.9569103304113133,0.14,False
36.231408704533216,0.00380497898306478,0.08445797903527093,0.9568904207552806,0.14,False
36.237609528579995,0.003804995801295064,0.08441758214400155,0.9568704985740227,0.14,False
36.24381035262678,0.0038050126147120317,0.08437719681413776,0.9568505638568501,0.14,False
36.25001117667357,0.0038050294233168145,0.08433682304301239,0.956830616593061,0.14,False
36.25621200072035,0.003805046227110516,0.08429646082795866,0.9568106567719424,0.14,False
36.26241282476713,0.003805063026094252,0.08425611016631111,0.9567906843827694,0.14,False
36.26861364881392,0.0038050798202691315,0.08421577105540465,0.956770699414805,0.14,False
36.2748144728607,0.003805096609636265,0.08417544349257498,0.9567507018573005,0.14,False
36.28101529690748,0.003805113394196759,0.08413512747515874,0.9567306916994957,0.14,False
36.28721612095426,0.003805130173951719,0.08409482300049316,0.9567106689306181,0.14,False
36.29341694500105,0.0038051469489022603,0.08405453006591636,0.9566906335398835,0.14,False
36.299617769047835,0.00380516371904948,0.08401424866876737,0.9566705855164961,0.14,False
36.30581859309462,0.0038051804843944994,0.08397397880638591,0.9566505248496477,0.14,False
36.3120194171414,0.003805197244938415,0.08393372047611224,0.9566304515285188,0.14,False
36.318220241188186,0.00380521400068234,0.08389347367528793,0.9566103655422773,0.14,False
36.324421065234965,0.003805230751627374,0.08385323840125476,0.9565902668800798,0.14,False
36.33062188928176,0.003805247497774625,0.08381301465135567,0.9565701555310705,0.14,False
36.33682271332853,0.003805264239125208,0.08377280242293483,0.9565500314843819,0.14,False
36.34302353737532,0.0038052809756802214,0.08373260171333655,0.9565298947291346,0.14,False
36.3492243614221,0.003805297707440776,0.08369241251990603,0.9565097452544369,0.14,False
36.35542518546889,0.0038053144344079737,0.08365223483998947,0.9564895830493853,0.14,False
36.361626009515675,0.003805331156582914,0.08361206867093392,0.9564694081030641,0.14,False
36.367826833562454,0.00380534787396671,0.0835719140100874,0.9564492204045459,0.14,False
36.37402765760925,0.0038053645865604585,0.08353177085479814,0.9564290199428911,0.14,False
36.38022848165602,0.003805381294365264,0.08349163920241562,0.9564088067071477,0.14,False
36.38642930570281,0.003805397997382233,0.0834515190502906,0.9563885806863524,0.14,False
36.392630129749584,0.003805414695612465,0.08341141039577388,0.9563683418695289,0.14,False
36.39883095379638,0.0038054313890570637,0.08337131323621766,0.9563480902456896,0.14,False
36.405031777843156,0.0038054480777171464,0.08333122756897535,0.9563278258038344,0.14,False
36.41123260188994,0.0038054647615937765,0.08329115339139928,0.9563075485329506,0.14,False
36.41743342593672,0.003805481440688039,0.08325109070084476,0.9562872584220149,0.14,False
36.42363424998351,0.0038054981150010886,0.08321103949466721,0.95626695545999,0.14,False
36.429835074030294,0.0038055147845340205,0.08317099977022302,0.956246639635827,0.14,False
36.43603589807708,0.0038055314492879268,0.0831309715248691,0.9562263109384654,0.14,False
36.44223672212386,0.0038055481092639032,0.0830909547559637,0.9562059693568321,0.14,False
36.448437546170645,0.0038055647644630545,0.08305094946086541,0.9561856148798416,0.14,False
36.454638370217424,0.0038055814148864743,0.08301095563693432,0.9561652474963966,0.14,False
36.46083919426421,0.0038055980605352737,0.08297097328153068,0.9561448671953869,0.14,False
36.46704001831099,0.003805614701410546,0.08293100239201653,0.9561244739656911,0.14,False
36.473240842357775,0.0038056313375133826,0.08289104296575364,0.9561040677961741,0.14,False
36.47944166640457,0.0038056479688448825,0.0828510950001065,0.9560836486756902,0.14,False
36.48564249045134,0.003805664595406141,0.0828111584924377,0.9560632165930796,0.14,False
36.491843314498134,0.003805681217198259,0.08277123344011306,0.9560427715371712,0.14,False
36.49804413854491,0.00380569783422233,0.08273131984049854,0.9560223134967818,0.14,False
36.5042449625917,0.003805714446479452,0.08269141769096108,0.9560018424607151,0.14,False
36.510445786638485,0.0038057310539707204,0.08265152698886846,0.9559813584177629,0.14,False
36.516646610685264,0.0038057476566972304,0.08261164773158919,0.9559608613567044,0.14,False
36.52284743473205,0.0038057642546600757,0.08257177991649295,0.9559403512663067,0.14,False
36.52904825877883,0.003805780847860353,0.08253192354095028,0.9559198281353241,0.14,False
36.535249082825615,0.0038057974362991588,0.08249207860233275,0.9558992919524987,0.14,False
36.541449906872394,0.003805814019977586,0.08245224509801262,0.9558787427065603,0.14,False
36.54765073091918,0.003805830598896728,0.08241242302536309,0.9558581803862255,0.14,False
36.55385155496597,0.0038058471730576774,0.08237261238175801,0.9558376049801994,0.14,False
36.560052379012745,0.003805863742461528,0.08233281316457343,0.9558170164771743,0.14,False
36.56625320305954,0.0038058803071093707,0.08229302537118495,0.9557964148658298,0.14,False
36.57245402710631,0.0038058968670023016,0.08225324899896959,0.955775800134833,0.14,False
36.578654851153104,0.0038059134221414097,0.08221348404530512,0.9557551722728383,0.14,False
36.58485567519988,0.0038059299725277627,0.08217373050757054,0.9557345312684885,0.14,False
36.59105649924667,0.0038059465181624814,0.0821339883831458,0.9557138771104127,0.14,False
36.597257323293455,0.0038059630590466472,0.08209425766941168,0.9556932097872275,0.14,False
36.603458147340234,0.003805979595181354,0.08205453836374968,0.9556725292875378,0.14,False
36.60965897138702,0.0038059961265676876,0.08201483046354265,0.9556518355999349,0.14,False
36.6158597954338,0.0038060126532067358,0.08197513396617441,0.9556311287129984,0.14,False
36.62206061948059,0.003806029175099605,0.08193544886902933,0.9556104086152942,0.14,False
36.62826144352737,0.0038060456922473698,0.08189577516949406,0.9555896752953771,0.14,False
36.63446226757416,0.0038060622046511188,0.08185611286495317,0.9555689287417869,0.14,False
36.64066309162094,0.0038060787123119283,0.08181646195279518,0.955548168943053,0.14,False
36.64686391566772,0.0038060952152309015,0.08177682243040849,0.9555273958876906,0.14,False
36.6530647397145,0.003806111713409119,0.08173719429518275,0.9555066095642032,0.14,False
36.659265563761295,0.0038061282068476664,0.08169757754450825,0.955485809961081,0.14,False
36.66546638780807,0.0038061446955476304,0.08165797217577639,0.9554649970668015,0.14,False
36.67166721185486,0.003806161179510098,0.08161837818637975,0.9554441708698296,0.14,False
36.67786803590164,0.0038061776587361546,0.08157879557371177,0.9554233313586173,0.14,False
36.684068859948425,0.0038061941332268867,0.08153922433516665,0.9554024785216039,0.14,False
36.69026968399521,0.003806210602983376,0.08149966446813997,0.9553816123472156,0.14,False
36.69647050804199,0.0038062270680067054,0.08146011597002804,0.9553607328238662,0.14,False
36.70267133208878,0.003806243528297962,0.08142057883822862,0.9553398399399566,0.14,False
36.708872156135556,0.0038062599838582234,0.08138105307013938,0.9553189336838743,0.14,False
36.71507298018235,0.003806276434688573,0.0813415386631601,0.9552980140439946,0.14,False
36.72127380422912,0.0038062928807900973,0.08130203561469122,0.9552770810086796,0.14,False
36.727474628275914,0.0038063093221638753,0.08126254392213417,0.9552561345662786,0.14,False
36.7336754523227,0.0038063257588109908,0.08122306358289136,0.9552351747051276,0.14,False
36.73987627636948,0.00380634219073253,0.08118359459436644,0.9552142014135503,0.14,False
36.746077100416265,0.0038063586179295735,0.08114413695396362,0.955193214679857,0.14,False
36.752277924463044,0.0038063750404031997,0.08110469065908855,0.9551722144923452,0.14,False
36.75847874850983,0.0038063914581544225,0.08106525570714786,0.9551512008393002,0.14,False
36.76467957255662,0.0038064078711844028,0.08102583209554909,0.9551301737089924,0.14,False
36.770880396603395,0.0038064242794942043,0.08098641982170077,0.9551091330896806,0.14,False
36.77708122065018,0.0038064406830848998,0.0809470188830124,0.9550880789696101,0.14,False
36.78328204469696,0.003806457081957573,0.08090762927689504,0.9550670113370135,0.14,False
36.78948286874375,0.003806473476113302,0.08086825100076023,0.9550459301801102,0.14,False
36.795683692790526,0.0038064898655531558,0.08082888405202086,0.9550248354871065,0.14,False
36.80188451683732,0.003806506250278213,0.08078952842809066,0.9550037272461952,0.14,False
36.8080853408841,0.003806522630289551,0.08075018412638436,0.9549826054455567,0.14,False
36.814286164930884,0.0038065390055882498,0.08071085114431807,0.9549614700733579,0.14,False
36.82048698897766,0.0038065553761753787,0.08067152947930877,0.9549403211177525,0.14,False
36.82668781302445,0.0038065717420520087,0.08063221912877439,0.9549191585668811,0.14,False
36.832888637071235,0.003806588103219218,0.08059292009013413,0.9548979824088714,0.14,False
36.83908946111802,0.0038066044596780767,0.08055363236080834,0.9548767926318378,0.14,False
36.8452902851648,0.003806620811429669,0.0805143559382179,0.954855589223881,0.14,False
36.85149110921159,0.0038066371584750593,0.08047509081978538,0.9548343721730891,0.14,False
36.857691933258366,0.0038066535008153225,0.08043583700293402,0.9548131414675365,0.14,False
36.86389275730515,0.0038066698384515377,0.08039659448508849,0.9547918970952847,0.14,False
36.870093581351945,0.003806686171384767,0.08035736326367417,0.9547706390443819,0.14,False
36.87629440539872,0.0038067024996160832,0.08031814333611763,0.9547493673028628,0.14,False
36.88249522944551,0.0038067188231465615,0.08027893469984676,0.9547280818587488,0.14,False
36.88869605349228,0.003806735141977272,0.08023973735229034,0.9547067827000484,0.14,False
36.894896877539075,0.00380675145610928,0.08020055129087816,0.9546854698147561,0.14,False
36.90109770158585,0.003806767765543658,0.08016137651304114,0.9546641431908537,0.14,False
36.90729852563264,0.003806784070281479,0.08012221301621154,0.9546428028163091,0.14,False
36.91349934967943,0.003806800370323807,0.0800830607978225,0.9546214486790773,0.14,False
36.919700173726206,0.0038068166656717085,0.08004391985530822,0.9546000807670996,0.14,False
36.92590099777299,0.0038068329563262387,0.08000479018610403,0.9545786990683038,0.14,False
36.93210182181977,0.0038068492422884837,0.0799656717876467,0.9545573035706046,0.14,False
36.93830264586656,0.0038068655235595095,0.07992656465737359,0.954535894261903,0.14,False
36.944503469913336,0.0038068818001403826,0.07988746879272342,0.9545144711300864,0.14,False
36.95070429396012,0.0038068980720321623,0.07984838419113631,0.9544930341630291,0.14,False
36.95690511800691,0.003806914339235921,0.07980931085005284,0.9544715833485916,0.14,False
36.963105942053694,0.0038069306017527167,0.07977024876691513,0.9544501186746213,0.14,False
36.96930676610047,0.0038069468595836203,0.0797311979391667,0.9544286401289513,0.14,False
36.97550759014726,0.003806963112729692,0.07969215836425157,0.954407147699402,0.14,False
36.981708414194046,0.0038069793611919963,0.07965313003961517,0.9543856413737798,0.14,False
36.98790923824083,0.0038069956049715946,0.0796141129627042,0.9543641211398773,0.14,False
36.99411006228761,0.0038070118440695507,0.07957510713096631,0.9543425869854741,0.14,False
37.0003108863344,0.003807028078486929,0.07953611254185018,0.9543210388983355,0.14,False
37.006511710381176,0.003807044308224791,0.07949712919280628,0.9542994768662141,0.14,False
37.01271253442796,0.00380706053328419,0.07945815708128541,0.9542779008768477,0.14,False
37.01891335847475,0.003807076753666198,0.07941919620473986,0.9542563109179616,0.14,False
37.02511418252153,0.003807092969371872,0.07938024656062331,0.9542347069772662,0.14,False
37.03131500656831,0.0038071091804022642,0.07934130814638997,0.9542130890424594,0.14,False
37.03751583061509,0.0038071253867584397,0.07930238095949595,0.9541914571012247,0.14,False
37.04371665466188,0.0038071415884414557,0.07926346499739757,0.9541698111412314,0.14,False
37.049917478708664,0.0038071577854523714,0.07922456025755319,0.9541481511501365,0.14,False
37.05611830275544,0.0038071739777922465,0.07918566673742197,0.9541264771155819,0.14,False
37.06231912680224,0.0038071901654621386,0.07914678443446428,0.9541047890251962,0.14,False
37.06851995084901,0.0038072063484631013,0.0791079133461415,0.9540830868665943,0.14,False
37.0747207748958,0.0038072225267961933,0.07906905346991683,0.9540613706273773,0.14,False
37.08092159894258,0.0038072387004624724,0.07903020480325357,0.954039640295132,0.14,False
37.08712242298937,0.0038072548694629946,0.07899136734361685,0.9540178958574318,0.14,False
37.09332324703615,0.0038072710337988262,0.07895254108847291,0.9539961373018362,0.14,False
37.09952407108293,0.003807287193470952,0.07891372603528947,0.9539743646158914,0.14,False
37.105724895129725,0.003807303348480482,0.0788749221815347,0.9539525777871284,0.14,False
37.1119257191765,0.0038073194988284776,0.07883612952467839,0.9539307768030647,0.14,False
37.11812654322329,0.0038073356445159873,0.07879734806219162,0.9539089616512044,0.14,False
37.12432736727006,0.0038073517855440613,0.07875857779154631,0.9538871323190372,0.14,False
37.130528191316856,0.00380736792191375,0.07871981871021598,0.9538652887940391,0.14,False
37.136729015363635,0.003807384053626105,0.07868107081567506,0.9538434310636718,0.14,False
37.14292983941042,0.0038074001806821765,0.07864233410539934,0.9538215591153831,0.14,False
37.1491306634572,0.0038074163030830123,0.0786036085768662,0.9537996729366077,0.14,False
37.155331487503986,0.003807432420829664,0.07856489422755239,0.9537777725147643,0.14,False
37.16153231155077,0.003807448533923185,0.07852619105493809,0.9537558578372589,0.14,False
37.16773313559756,0.0038074646423646146,0.07848749905650361,0.9537339288914836,0.14,False
37.17393395964434,0.003807480746155009,0.07844881822973072,0.9537119856648156,0.14,False
37.18013478369112,0.0038074968452954166,0.0784101485721026,0.9536900281446188,0.14,False
37.1863356077379,0.00380751293978688,0.07837149008110315,0.9536680563182421,0.14,False
37.19253643178469,0.0038075290296304483,0.07833284275421769,0.953646070173021,0.14,False
37.19873725583148,0.0038075451148271715,0.07829420658893278,0.9536240696962767,0.14,False
37.204938079878254,0.0038075611953780892,0.07825558158273617,0.9536020548753156,0.14,False
37.21113890392505,0.0038075772712842485,0.07821696773311697,0.9535800256974306,0.14,False
37.21733972797182,0.003807593342546695,0.07817836503756516,0.9535579821499002,0.14,False
37.22354055201861,0.0038076094091664754,0.07813977349357279,0.9535359242199887,0.14,False
37.22974137606539,0.003807625471144635,0.07810119309863212,0.9535138518949461,0.14,False
37.23594220011218,0.0038076415284822073,0.07806262385023703,0.953491765162008,0.14,False
37.24214302415896,0.0038076575811802384,0.0780240657458828,0.9534696640083958,0.14,False
37.24834384820574,0.0038076736292397694,0.07798551878306587,0.9534475484213168,0.14,False
37.25454467225253,0.00380768967266184,0.0779469829592838,0.9534254183879639,0.14,False
37.26074549629931,0.0038077057114475027,0.07790845827203549,0.9534032738955154,0.14,False
37.266946320346094,0.003807721745597805,0.07786994471882094,0.9533811149311353,0.14,False
37.27314714439288,0.003807737775113758,0.07783144229714171,0.9533589414819736,0.14,False
37.27934796843966,0.003807753799996424,0.07779295100450014,0.9533367535351656,0.14,False
37.28554879248645,0.0038077698202468534,0.07775447083840042,0.9533145510778319,0.14,False
37.291749616533224,0.003807785835866038,0.07771600179634693,0.9532923340970796,0.14,False
37.29795044058002,0.003807801846855042,0.0776775438758471,0.9532701025800008,0.14,False
37.30415126462679,0.00380781785321501,0.07763909707440804,0.9532478565136717,0.14,False
37.31035208867358,0.0038078338549468625,0.07760066138953875,0.9532255958851568,0.14,False
37.31655291272036,0.0038078498520516453,0.07756223681874923,0.9532033206815047,0.14,False
37.32275373676715,0.0038078658445304006,0.07752382335955078,0.9531810308897491,0.14,False
37.32895456081393,0.0038078818323841472,0.07748542100945613,0.9531587264969102,0.14,False
37.33515538486071,0.003807897815613935,0.07744702976597942,0.9531364074899927,0.14,False
37.3413562089075,0.003807913794220788,0.07740864962663573,0.9531140738559876,0.14,False
37.347557032954285,0.0038079297682057428,0.07737028058894148,0.95309172558187,0.14,False
37.35375785700107,0.003807945737569838,0.07733192265041464,0.9530693626546018,0.14,False
37.35995868104785,0.0038079617023141017,0.07729357580857406,0.9530469850611294,0.14,False
37.366159505094636,0.0038079776624395712,0.07725524006093974,0.9530245927883848,0.14,False
37.372360329141415,0.003807993617947281,0.07721691540503417,0.9530021858232854,0.14,False
37.3785611531882,0.0038080095688382597,0.07717860183837973,0.9529797641527342,0.14,False
37.38476197723498,0.0038080255151135395,0.07714029935850074,0.9529573277636187,0.14,False
37.39096280128177,0.00380804145677415,0.07710200796292259,0.9529348766428127,0.14,False
37.397163625328545,0.003808057393821123,0.07706372764917178,0.9529124107771741,0.14,False
37.40336444937534,0.003808073326255488,0.07702545841477643,0.952889930153547,0.14,False
37.40956527342212,0.003808089254078268,0.07698720025726616,0.9528674347587606,0.14,False
37.415766097468904,0.0038081051772905,0.07694895317417165,0.9528449245796291,0.14,False
37.42196692151569,0.0038081210958932073,0.07691071716302453,0.9528223996029516,0.14,False
37.42816774556247,0.0038081370098874217,0.0768724922213582,0.9527998598155129,0.14,False
37.434368569609255,0.0038081529192741676,0.07683427834670713,0.9527773052040828,0.14,False
37.440569393656034,0.0038081688240544057,0.07679607553660688,0.9527547357554167,0.14,False
37.44677021770283,0.0038081847242292517,0.07675788378859537,0.9527321514562541,0.14,False
37.4529710417496,0.0038082006197997127,0.07671970310021066,0.95270955229332,0.14,False
37.45917186579639,0.0038082165107668113,0.07668153346899258,0.9526869382533247,0.14,False
37.46537268984318,0.0038082323971315654,0.07664337489248199,0.9526643093229634,0.14,False
37.47157351388996,0.0038082482788950062,0.07660522736822194,0.9526416654889168,0.14,False
37.477774337936744,0.003808264156058153,0.07656709089375552,0.9526190067378497,0.14,False
37.48397516198352,0.0038082800286220273,0.07652896546662813,0.9525963330564129,0.14,False
37.49017598603031,0.0038082958965876493,0.076490851084386,0.9525736444312415,0.14,False
37.496376810077095,0.0038083117599560417,0.07645274774457708,0.9525509408489562,0.14,False
37.502577634123874,0.0038083276187282178,0.07641465544475003,0.9525282222961617,0.14,False
37.50877845817066,0.0038083434729051973,0.07637657418245543,0.9525054887594488,0.14,False
37.51497928221744,0.003808359322488,0.07633850395524464,0.952482740225392,0.14,False
37.521180106264225,0.0038083751674776456,0.07630044476067141,0.9524599766805523,0.14,False
37.527380930311004,0.003808391007875146,0.07626239659628976,0.952437198111474,0.14,False
37.5335817543578,0.0038084068436815247,0.07622435945965525,0.9524144045046866,0.14,False
37.539782578404576,0.0038084226748977975,0.07618633334832527,0.9523915958467054,0.14,False
37.54598340245136,0.0038084385015249825,0.0761483182598579,0.9523687721240294,0.14,False
37.55218422649814,0.0038084543235640876,0.0761103141918129,0.9523459333231429,0.14,False
37.55838505054493,0.003808470141016139,0.07607232114175151,0.9523230794305149,0.14,False
37.564585874591714,0.0038084859538821377,0.07603433910723618,0.9523002104325992,0.14,False
37.5707866986385,0.0038085017621631123,0.07599636808583057,0.9522773263158343,0.14,False
37.57698752268528,0.003808517565860065,0.07595840807509989,0.9522544270666436,0.14,False
37.583188346732065,0.0038085333649740143,0.07592045907261065,0.952231512671435,0.14,False
37.589389170778844,0.003808549159505978,0.07588252107593144,0.9522085831166016,0.14,False
37.59558999482563,0.0038085649494569622,0.07584459408262995,0.9521856383885197,0.14,False
37.60179081887242,0.0038085807348279825,0.07580667809027745,0.9521626784735515,0.14,False
37.607991642919195,0.003808596515620042,0.07576877309644593,0.9521397033580441,0.14,False
37.61419246696599,0.0038086122918341504,0.0757308790987087,0.9521167130283286,0.14,False
37.62039329101276,0.003808628063471327,0.0756929960946404,0.9520937074707205,0.14,False
37.626594115059554,0.003808643830532577,0.07565512408181709,0.9520706866715206,0.14,False
37.632794939106326,0.0038086595930189107,0.07561726305781614,0.9520476506170134,0.14,False
37.63899576315312,0.003808675350931335,0.07557941302021663,0.9520245992934687,0.14,False
37.645196587199905,0.003808691104270857,0.07554157396659815,0.9520015326871403,0.14,False
37.651397411246684,0.003808706853038484,0.07550374589454256,0.9519784507842667,0.14,False
37.65759823529347,0.0038087225972352244,0.07546592880163278,0.951955353571071,0.14,False
37.66379905934025,0.0038087383368620754,0.07542812268545337,0.9519322410337605,0.14,False
37.669999883387035,0.003808754071920051,0.0753903275435895,0.951909113158527,0.14,False
37.67620070743382,0.0038087698024101566,0.07535254337362843,0.9518859699315468,0.14,False
37.68240153148061,0.0038087855283333943,0.07531477017315845,0.9518628113389804,0.14,False
37.68860235552739,0.00380880124969077,0.0752770079397697,0.9518396373669733,0.14,False
37.69480317957417,0.003808816966483286,0.07523925667105312,0.9518164480016544,0.14,False
37.70100400362095,0.0038088326787119437,0.07520151636460161,0.9517932432291377,0.14,False
37.70720482766774,0.0038088483863777454,0.07516378701800913,0.9517700230355215,0.14,False
37.713405651714524,0.0038088640894816893,0.07512606862887107,0.9517467874068877,0.14,False
37.71960647576131,0.003808879788024779,0.07508836119478404,0.9517235363293032,0.14,False
37.72580729980809,0.0038088954820080095,0.07505066471334644,0.9517002697888189,0.14,False
37.732008123854875,0.003808911171432379,0.07501297918215748,0.9516769877714699,0.14,False
37.738208947901654,0.0038089268562988975,0.07497530459881897,0.9516536902632758,0.14,False
37.74440977194844,0.0038089425366085545,0.07493764096093287,0.9516303772502399,0.14,False
37.75061059599523,0.003808958212362348,0.07489998826610317,0.9516070487183503,0.14,False
37.756811420042006,0.003808973883561278,0.07486234651193494,0.9515837046535788,0.14,False
37.76301224408879,0.0038089895502063384,0.07482471569603494,0.9515603450418813,0.14,False
37.76921306813557,0.0038090052122985328,0.07478709581601149,0.9515369698691982,0.14,False
37.77541389218236,0.0038090208698388366,0.07474948686947357,0.9515135791214537,0.14,False
37.78161471622915,0.003809036522828215,0.07471188885403225,0.9514901727845567,0.14,False
37.78781554027592,0.003809052171267726,0.07467430176730011,0.951466750844399,0.14,False
37.794016364322715,0.003809067815158341,0.07463672560689046,0.9514433132868572,0.14,False
37.80021718836949,0.0038090834545010544,0.0745991603704187,0.9514198600977918,0.14,False
37.80641801241628,0.0038090990892968657,0.0745616060555023,0.9513963912630478,0.14,False
37.81261883646306,0.0038091147195467526,0.07452406265975765,0.9513729067684529,0.14,False
37.818819660509845,0.00380913034525171,0.07448653018080495,0.9513494065998199,0.14,False
37.82502048455663,0.003809145966412727,0.0744490086162651,0.9513258907429454,0.14,False
37.83122130860341,0.003809161583030799,0.07441149796376045,0.9513023591836096,0.14,False
37.837422132650204,0.003809177195106908,0.07437399822091463,0.9512788119075767,0.14,False
37.843622956696976,0.0038091928026420473,0.07433650938535265,0.9512552489005948,0.14,False
37.84982378074377,0.0038092084056372023,0.0742990314547016,0.951231670148396,0.14,False
37.85602460479054,0.0038092240040933636,0.07426156442658934,0.9512080756366962,0.14,False
37.862225428837334,0.003809239598011516,0.07422410829864523,0.9511844653511947,0.14,False
37.86842625288411,0.0038092551873926458,0.07418666306850032,0.9511608392775754,0.14,False
37.8746270769309,0.0038092707722377404,0.07414922873378701,0.9511371974015053,0.14,False
37.88082790097768,0.003809286352547784,0.07411180529213883,0.9511135397086351,0.14,False
37.887028725024464,0.0038093019283237596,0.07407439274119172,0.9510898661845999,0.14,False
37.89322954907125,0.0038093174995666537,0.07403699107858207,0.9510661768150183,0.14,False
37.89943037311804,0.003809333066277452,0.07399960030194805,0.951042471585492,0.14,False
37.905631197164816,0.003809348628457133,0.07396222040892936,0.9510187504816072,0.14,False
37.9118320212116,0.0038093641861066804,0.07392485139716701,0.9509950134889332,0.14,False
37.91803284525838,0.0038093797392270735,0.07388749326430355,0.9509712605930233,0.14,False
37.92423366930517,0.003809395287819296,0.07385014600798313,0.950947491779414,0.14,False
37.93043449335196,0.0038094108318843314,0.07381280962585116,0.9509237070336256,0.14,False
37.93663531739873,0.003809426371423156,0.07377548411555444,0.9508999063411621,0.14,False
37.942836141445525,0.003809441906436752,0.0737381694747415,0.9508760896875109,0.14,False
37.9490369654923,0.0038094574369260787,0.07370086570106199,0.9508522570581434,0.14,False
37.95523778953909,0.0038094729628921336,0.07366357279216786,0.9508284084385139,0.14,False
37.96143861358587,0.0038094884843358936,0.07362629074571135,0.9508045438140603,0.14,False
37.967639437632656,0.0038095040012583303,0.07358901955934688,0.9507806631702039,0.14,False
37.97384026167944,0.003809519513660416,0.07355175923073023,0.9507567664923502,0.14,False
37.98004108572622,0.0038095350215431303,0.07351450975751866,0.9507328537658871,0.14,False
37.98624190977301,0.003809550524907447,0.07347727113737093,0.9507089249761866,0.14,False
37.992442733819786,0.003809566023754345,0.0734400433679472,0.9506849801086038,0.14,False
37.99864355786657,0.0038095815180847906,0.07340282644690901,0.9506610191484772,0.14,False
38.00484438191336,0.003809597007899754,0.07336562037191954,0.9506370420811289,0.14,False
38.01104520596014,0.003809612493200231,0.07332842514064353,0.9506130488918635,0.14,False
38.01724603000693,0.0038096279739871703,0.07329124075074693,0.9505890395659702,0.14,False
38.0234468540537,0.0038096434502615465,0.0732540671998972,0.9505650140887201,0.14,False
38.029647678100496,0.0038096589220243298,0.07321690448576396,0.9505409724453691,0.14,False
38.03584850214727,0.0038096743892764924,0.0731797526060175,0.9505169146211548,0.14,False
38.04204932619406,0.003809689852018997,0.07314261155832984,0.9504928406012992,0.14,False
38.04825015024085,0.003809705310252817,0.07310548134037455,0.950468750371007,0.14,False
38.054450974287626,0.0038097207639789217,0.07306836194982684,0.9504446439154657,0.14,False
38.06065179833441,0.003809736213198275,0.0730312533843633,0.9504205212198469,0.14,False
38.06685262238119,0.0038097516579118492,0.07299415564166177,0.9503963822693041,0.14,False
38.07305344642798,0.003809767098120607,0.07295706871940182,0.9503722270489752,0.14,False
38.07925427047476,0.0038097825338255157,0.07291999261526433,0.95034805554398,0.14,False
38.08545509452155,0.003809797965027538,0.0728829273269325,0.9503238677394227,0.14,False
38.09165591856833,0.0038098133917276408,0.07284587285209015,0.9502996636203892,0.14,False
38.097856742615114,0.003809828813926793,0.07280882918842241,0.9502754431719493,0.14,False
38.10405756666189,0.003809844231625958,0.07277179633361665,0.9502512063791553,0.14,False
38.11025839070869,0.0038098596448260373,0.07273477428536139,0.9502269532270436,0.14,False
38.11645921475546,0.0038098750535280543,0.0726977630413469,0.9502026837006321,0.14,False
38.12266003880225,0.0038098904577329733,0.07266076259926466,0.950178397784922,0.14,False
38.128860862849024,0.0038099058574417462,0.07262377295680798,0.9501540954648979,0.14,False
38.13506168689582,0.003809921252655333,0.07258679411167131,0.950129776725527,0.14,False
38.141262510942596,0.0038099366433746898,0.07254982606155086,0.9501054415517595,0.14,False
38.14746333498938,0.003809952029600773,0.07251286880414433,0.9500810899285282,0.14,False
38.15366415903617,0.0038099674113345455,0.07247592233715099,0.9500567218407493,0.14,False
38.15986498308295,0.003809982788576962,0.0724389866582714,0.9500323372733211,0.14,False
38.16606580712973,0.0038099981613289764,0.07240206176520775,0.9500079362111252,0.14,False
38.17226663117651,0.003810013529591549,0.07236514765566446,0.949983518639026,0.14,False
38.178467455223306,0.003810028893365632,0.07232824432734633,0.9499590845418702,0.14,False
38.18466827927008,0.003810044252652181,0.07229135177796019,0.9499346339044877,0.14,False
38.19086910331687,0.0038100596074521547,0.07225447000521443,0.9499101667116905,0.14,False
38.19706992736366,0.0038100749577664995,0.07221759900681929,0.949885682948274,0.14,False
38.203270751410436,0.0038100903035961802,0.07218073878048563,0.9498611825990158,0.14,False
38.20947157545722,0.003810105644942136,0.07214388932392665,0.9498366656486761,0.14,False
38.215672399504,0.0038101209818053195,0.07210705063485696,0.9498121320819982,0.14,False
38.22187322355079,0.0038101363141866797,0.07207022271099274,0.9497875818837077,0.14,False
38.22807404759757,0.0038101516420871724,0.07203340555005129,0.9497630150385126,0.14,False
38.23427487164435,0.00381016696550775,0.07199659914975236,0.9497384315311038,0.14,False
38.24047569569114,0.003810182284449352,0.07195980350781563,0.9497138313461541,0.14,False
38.24667651973792,0.003810197598912931,0.07192301862196376,0.9496892144683192,0.14,False
38.252877343784704,0.0038102129088994356,0.07188624448992052,0.9496645808822378,0.14,False
38.25907816783149,0.0038102282144098117,0.0718494811094112,0.9496399305725303,0.14,False
38.265278991878276,0.0038102435154450096,0.07181272847816278,0.9496152635237997,0.14,False
38.271479815925055,0.0038102588120059624,0.07177598659390354,0.9495905797206318,0.14,False
38.27768063997184,0.0038102741040936233,0.07173925545436353,0.9495658791475943,0.14,False
38.28388146401862,0.003810289391708946,0.07170253505727439,0.9495411617892376,0.14,False
38.290082288065406,0.003810304674852864,0.07166582540036909,0.9495164276300945,0.14,False
38.29628311211219,0.00381031995352632,0.07162912648138199,0.9494916766546797,0.14,False
38.30248393615898,0.0038103352277302585,0.07159243829804912,0.9494669088474902,0.14,False
38.30868476020576,0.003810350497465622,0.07155576084810908,0.9494421241930062,0.14,False
38.31488558425254,0.0038103657627333518,0.07151909412930078,0.9494173226756896,0.14,False
38.32108640829932,0.003810381023534389,0.07148243813936472,0.9493925042799836,0.14,False
38.32728723234611,0.00381039627986967,0.0714457928760438,0.949367668990315,0.14,False
38.3334880563929,0.0038104115317401407,0.07140915833708168,0.9493428167910923,0.14,False
38.339688880439674,0.0038104267791467367,0.07137253452022436,0.9493179476667061,0.14,False
38.34588970448647,0.0038104420220903936,0.0713359214232186,0.949293061601529,0.14,False
38.35209052853324,0.00381045726057205,0.07129931904381316,0.949268158579916,0.14,False
38.35829135258003,0.003810472494592637,0.07126272737975825,0.9492432385862041,0.14,False
38.364492176626804,0.0038104877241530977,0.07122614642880591,0.9492183016047124,0.14,False
38.3706930006736,0.003810502949254366,0.07118957618870943,0.9491933476197421,0.14,False
38.37689382472038,0.003810518169897374,0.07115301665722357,0.9491683766155758,0.14,False
38.38309464876716,0.0038105333860830592,0.07111646783210557,0.9491433885764796,0.14,False
38.38929547281395,0.0038105485978123486,0.07107992971111315,0.9491183834867001,0.14,False
38.39549629686073,0.0038105638050861834,0.07104340229200606,0.9490933613304665,0.14,False
38.401697120907514,0.0038105790079054932,0.0710068855725457,0.94906832209199,0.14,False
38.4078979449543,0.0038105942062712107,0.07097037955049482,0.9490432657554632,0.14,False
38.414098769001086,0.003810609400184264,0.0709338842236181,0.9490181923050612,0.14,False
38.420299593047865,0.0038106245896455866,0.0708973995896815,0.948993101724941,0.14,False
38.42650041709465,0.0038106397746561103,0.07086092564645269,0.9489679939992408,0.14,False
38.43270124114143,0.0038106549552167635,0.070824462391701,0.9489428691120811,0.14,False
38.43890206518822,0.0038106701313284164,0.07078800982319715,0.9489177270475649,0.14,False
38.445102889235,0.0038106853029920605,0.07075156793871329,0.9488925677897754,0.14,False
38.45130371328179,0.0038107004702086205,0.07071513673602418,0.9488673913227784,0.14,False
38.45750453732857,0.0038107156329790183,0.07067871621290503,0.9488421976306215,0.14,False
38.463705361375354,0.0038107307913041767,0.07064230636713308,0.948816986697334,0.14,False
38.46990618542213,0.0038107459451850183,0.07060590719648716,0.9487917585069268,0.14,False
38.47610700946892,0.003810761094622466,0.07056951869874754,0.9487665130433921,0.14,False
38.482307833515705,0.003810776239617444,0.07053314087169608,0.9487412502907044,0.14,False
38.488508657562484,0.003810791380170879,0.07049677371311662,0.9487159702328193,0.14,False
38.49470948160927,0.00381080651628369,0.07046041722079455,0.9486906728536744,0.14,False
38.50091030565605,0.003810821647956792,0.07042407139251641,0.9486653581371888,0.14,False
38.507111129702835,0.0038108367751911103,0.07038773622607061,0.9486400260672627,0.14,False
38.51331195374963,0.003810851897987577,0.07035141171924703,0.948614676627778,0.14,False
38.5195127777964,0.0038108670163471067,0.07031509786983785,0.9485893098025987,0.14,False
38.525713601843194,0.003810882130270606,0.07027879467563598,0.9485639255755697,0.14,False
38.531914425889966,0.003810897239758996,0.0702425021344363,0.9485385239305173,0.14,False
38.53811524993676,0.0038109123448131998,0.07020622024403533,0.9485131048512495,0.14,False
38.54431607398354,0.003810927445434121,0.07016994900223096,0.9484876683215557,0.14,False
38.550516898030324,0.0038109425416226867,0.07013368840682307,0.9484622143252066,0.14,False
38.55671772207711,0.003810957633379811,0.07009743845561284,0.948436742845954,0.14,False
38.56291854612389,0.0038109727207064122,0.0700611991464033,0.9484112538675314,0.14,False
38.56911937017068,0.0038109878036033987,0.07002497047699888,0.9483857473736534,0.14,False
38.575320194217454,0.003811002882071688,0.06998875244520572,0.9483602233480158,0.14,False
38.58152101826425,0.003811017956112191,0.0699525450488314,0.9483346817742958,0.14,False
38.587721842311026,0.0038110330257258257,0.06991634828568602,0.9483091226361523,0.14,False
38.59392266635781,0.0038110480909134873,0.06988016215358009,0.9482835459172249,0.14,False
38.60012349040459,0.003811063151676093,0.06984398665032641,0.9482579516011341,0.14,False
38.60632431445138,0.0038110782080145646,0.06980782177373931,0.9482323396714822,0.14,False
38.61252513849816,0.0038110932599298058,0.0697716675216345,0.9482067101118521,0.14,False
38.61872596254494,0.0038111083074227224,0.06973552389182978,0.9481810629058083,0.14,False
38.62492678659173,0.003811123350494221,0.06969939088214425,0.9481553980368962,0.14,False
38.631127610638515,0.003811138389145211,0.06966326849039871,0.9481297154886422,0.14,False
38.637328434685294,0.0038111534233765984,0.0696271567144153,0.9481040152445536,0.14,False
38.64352925873208,0.0038111684531892927,0.0695910555520184,0.9480782972881189,0.14,False
38.64973008277886,0.0038111834785841893,0.0695549650010332,0.9480525616028076,0.14,False
38.655930906825645,0.0038111984995621976,0.0695188850592879,0.9480268081720707,0.14,False
38.66213173087244,0.003811213516124224,0.06948281572461107,0.9480010369793392,0.14,False
38.66833255491921,0.0038112285282711723,0.06944675699483324,0.9479752480080254,0.14,False
38.674533378966004,0.003811243536003938,0.06941070886778698,0.9479494412415228,0.14,False
38.680734203012776,0.003811258539323434,0.06937467134130573,0.9479236166632051,0.14,False
38.68693502705957,0.003811273538230553,0.06933864441322515,0.9478977742564275,0.14,False
38.69313585110635,0.003811288532726199,0.06930262808138267,0.9478719140045259,0.14,False
38.699336675153134,0.0038113035228112668,0.06926662234361736,0.9478460358908168,0.14,False
38.70553749919992,0.003811318508486662,0.06923062719776875,0.9478201398985973,0.14,False
38.7117383232467,0.0038113334897532766,0.06919464264167971,0.9477942260111457,0.14,False
38.717939147293485,0.003811348466612018,0.06915866867319435,0.9477682942117214,0.14,False
38.724139971340264,0.0038113634390637735,0.06912270529015718,0.947742344483563,0.14,False
38.73034079538705,0.003811378407109443,0.06908675249041568,0.947716376809891,0.14,False
38.73654161943384,0.0038113933707499244,0.06905081027181852,0.9476903911739064,0.14,False
38.742742443480616,0.0038114083299861153,0.06901487863221623,0.9476643875587908,0.14,False
38.74894326752741,0.003811423284818914,0.06897895756946074,0.9476383659477058,0.14,False
38.75514409157418,0.0038114382352491616,0.06894304708140574,0.947612326323795,0.14,False
38.761344915620974,0.0038114531812778046,0.06890714716590676,0.9475862686701811,0.14,False
38.767545739667746,0.0038114681229057296,0.06887125782082068,0.9475601929699679,0.14,False
38.77374656371454,0.0038114830601338264,0.06883537904400616,0.9475340992062392,0.14,False
38.779947387761325,0.0038114979929629966,0.06879951083332368,0.9475079873620602,0.14,False
38.786148211808104,0.0038115129213941177,0.06876365318663528,0.9474818574204761,0.14,False
38.79234903585489,0.003811527845428075,0.06872780610180439,0.9474557093645125,0.14,False
38.79854985990167,0.003811542765065755,0.06869196957669639,0.9474295431771752,0.14,False
38.804750683948456,0.003811557680308046,0.06865614360917838,0.9474033588414508,0.14,False
38.81095150799524,0.0038115725911558418,0.06862032819711893,0.9473771563403061,0.14,False
38.81715233204203,0.003811587497610021,0.06858452333838842,0.947350935656688,0.14,False
38.82335315608881,0.0038116023996714807,0.06854872903085907,0.9473246967735242,0.14,False
38.82955398013559,0.0038116172973410994,0.0685129452724041,0.947298439673722,0.14,False
38.83575480418237,0.003811632190619762,0.06847717206089907,0.9472721643401691,0.14,False
38.841955628229165,0.003811647079508352,0.06844140939422098,0.9472458707557343,0.14,False
38.84815645227594,0.0038116619640077556,0.06840565727024857,0.9472195589032653,0.14,False
38.85435727632273,0.0038116768441188616,0.06836991568686185,0.9471932287655905,0.14,False
38.8605581003695,0.0038116917198425344,0.06833418464194362,0.9471668803255192,0.14,False
38.866758924416295,0.003811706591179671,0.0682984641333771,0.94714051356584,0.14,False
38.872959748463074,0.0038117214581311434,0.06826275415904784,0.9471141284693215,0.14,False
38.87916057250986,0.0038117363206978338,0.06822705471684279,0.9470877250187127,0.14,False
38.88536139655665,0.003811751178880621,0.06819136580465085,0.947061303196743,0.14,False
38.891562220603426,0.0038117660326803856,0.0681556874203623,0.9470348629861208,0.14,False
38.89776304465022,0.003811780882098,0.06812001956186946,0.9470084043695353,0.14,False
38.90396386869699,0.0038117957271343547,0.06808436222706617,0.9469819273296557,0.14,False
38.910164692743784,0.0038118105677902997,0.0680487154138477,0.9469554318491309,0.14,False
38.91636551679056,0.0038118254040667337,0.06801307912011148,0.9469289179105895,0.14,False
38.92256634083735,0.003811840235964528,0.06797745334375643,0.9469023854966405,0.14,False
38.928767164884135,0.0038118550634845512,0.06794183808268281,0.9468758345898721,0.14,False
38.934967988930914,0.0038118698866276787,0.06790623333479301,0.9468492651728531,0.14,False
38.9411688129777,0.0038118847053947792,0.06787063909799092,0.9468226772281315,0.14,False
38.94736963702448,0.0038118995197867285,0.06783505537018229,0.9467960707382357,0.14,False
38.953570461071266,0.0038119143298044004,0.06779948214927474,0.9467694456856733,0.14,False
38.95977128511805,0.0038119291354486596,0.0677639194331767,0.9467428020529318,0.14,False
38.96597210916483,0.00381194393672038,0.0677283672197993,0.9467161398224785,0.14,False
38.97217293321162,0.0038119587336204325,0.06769282550705485,0.9466894589767602,0.14,False
38.978373757258396,0.003811973526149681,0.06765729429285736,0.9466627594982036,0.14,False
38.98457458130518,0.003811988314308994,0.06762177357512272,0.9466360413692148,0.14,False
38.99077540535197,0.003812003098099239,0.06758626335176889,0.9466093045721801,0.14,False
38.996976229398754,0.0038120178775212857,0.06755076362071422,0.9465825490894643,0.14,False
39.00317705344553,0.0038120326525759945,0.06751527437988028,0.9465557749034125,0.14,False
39.00937787749232,0.0038120474232642373,0.06747979562718948,0.9465289819963494,0.14,False
39.0155787015391,0.0038120621895868707,0.0674443273605662,0.946502170350579,0.14,False
39.021779525585885,0.0038120769515447603,0.06740886957793644,0.9464753399483846,0.14,False
39.02798034963267,0.0038120917091387717,0.06737342227722826,0.9464484907720294,0.14,False
39.03418117367946,0.0038121064623697644,0.06733798545637043,0.9464216228037551,0.14,False
39.040381997726236,0.003812121211238603,0.06730255911329476,0.946394736025784,0.14,False
39.04658282177302,0.003812135955746145,0.06726714324593405,0.946367830420317,0.14,False
39.0527836458198,0.003812150695893253,0.06723173785222218,0.9463409059695342,0.14,False
39.05898446986659,0.0038121654316807967,0.06719634293009652,0.9463139626555961,0.14,False
39.06518529391338,0.0038121801631095516,0.06716095847749456,0.9462870004606421,0.14,False
39.07138611796015,0.0038121948901804737,0.06712558449235592,0.9462600193667894,0.14,False
39.077586942006945,0.003812209612894402,0.06709022097262221,0.9462330193561358,0.14,False
39.08378776605372,0.003812224331252182,0.06705486791623655,0.9462060004107581,0.14,False
39.08998859010051,0.003812239045254666,0.06701952532114368,0.946178962512712,0.14,False
39.09618941414728,0.0038122537549027118,0.0669841931852905,0.9461519056440333,0.14,False
39.102390238194076,0.0038122684601971752,0.06694887150662521,0.9461248297867356,0.14,False
39.10859106224086,0.0038122831611389052,0.06691356028309753,0.9460977349228124,0.14,False
39.11479188628764,0.003812297857728757,0.06687825951265958,0.946070621034236,0.14,False
39.12099271033443,0.0038123125499675815,0.06684296919326448,0.9460434881029576,0.14,False
39.127193534381206,0.003812327237856231,0.06680768932286794,0.9460163361109083,0.14,False
39.13339435842799,0.0038123419213955574,0.06677241989942659,0.9459891650399969,0.14,False
39.13959518247478,0.0038123566005864133,0.0667371609208992,0.945961974872112,0.14,False
39.145796006521564,0.0038123712754296415,0.06670191238524599,0.9459347655891209,0.14,False
39.15199683056834,0.003812385945926092,0.06666667429042934,0.9459075371728703,0.14,False
39.15819765461513,0.0038124006120766143,0.06663144663441282,0.9458802896051847,0.14,False
39.16439847866191,0.003812415273882054,0.06659622941516206,0.9458530228678683,0.14,False
39.1705993027087,0.0038124299313432534,0.06656102263064433,0.945825736942704,0.14,False
39.17680012675548,0.0038124445844610628,0.06652582627882878,0.9457984318114534,0.14,False
39.18300095080227,0.0038124592332363294,0.06649064035768591,0.9457711074558568,0.14,False
39.189201774849046,0.003812473877669901,0.06645546486518857,0.945743763857633,0.14,False
39.19540259889583,0.0038124885177625942,0.06642029979931088,0.9457164009984808,0.14,False
39.20160342294261,0.0038125031535153216,0.06638514515802879,0.9456890188600756,0.14,False
39.2078042469894,0.0038125177849288733,0.06635000093931995,0.9456616174240731,0.14,False
39.21400507103618,0.003812532412004073,0.0663148671411638,0.9456341966721072,0.14,False
39.22020589508296,0.003812547034741788,0.06627974376154151,0.9456067565857905,0.14,False
39.22640671912975,0.0038125616531428466,0.066244630798436,0.9455792971467138,0.14,False
39.23260754317653,0.003812576267208089,0.06620952824983195,0.9455518183364471,0.14,False
39.238808367223314,0.0038125908769383555,0.06617443611371597,0.945524320136538,0.14,False
39.24500919127011,0.0038126054823344824,0.06613935438807596,0.9454968025285134,0.14,False
39.25121001531688,0.003812620083397308,0.06610428307090231,0.9454692654938788,0.14,False
39.25741083936367,0.00381263468012767,0.0660692221601857,0.9454417090141165,0.14,False
39.26361166341045,0.0038126492725264025,0.06603417165392016,0.9454141330706893,0.14,False
39.26981248745724,0.0038126638605943345,0.06599913155010062,0.9453865376450374,0.14,False
39.276013311504016,0.0038126784443323087,0.06596410184672394,0.9453589227185795,0.14,False
39.2822141355508,0.0038126930237411543,0.06592908254178877,0.9453312882727123,0.14,False
39.28841495959759,0.0038127075988217064,0.06589407363329577,0.9453036342888115,0.14,False
39.29461578364437,0.0038127221695747966,0.0658590751192468,0.9452759607482305,0.14,False
39.300816607691154,0.0038127367360012584,0.06582408699764583,0.9452482676323013,0.14,False
39.30701743173793,0.0038127512981019156,0.06578910926649825,0.9452205549223335,0.14,False
39.313218255784726,0.0038127658558776032,0.0657541419238118,0.9451928225996159,0.14,False
39.319419079831505,0.0038127804093291474,0.06571918496759535,0.9451650706454144,0.14,False
39.32561990387829,0.003812794958457378,0.06568423839585975,0.9451372990409737,0.14,False
39.33182072792507,0.003812809503263123,0.06564930220661802,0.9451095077675166,0.14,False
39.338021551971856,0.0038128240437472066,0.06561437639788414,0.9450816968062437,0.14,False
39.344222376018635,0.0038128385799104593,0.06557946096767453,0.9450538661383335,0.14,False
39.35042320006542,0.0038128531117537032,0.06554455591400692,0.945026015744943,0.14,False
39.35662402411221,0.0038128676392777737,0.0655096612349011,0.9449981456072071,0.14,False
39.36282484815899,0.003812882162483459,0.06547477692837846,0.9449702557062384,0.14,False
39.36902567220577,0.0038128966813715864,0.06543990299246225,0.944942346023128,0.14,False
39.37522649625256,0.00381291119594301,0.0654050394251774,0.9449144165389436,0.14,False
39.38142732029934,0.003812925706198547,0.06537018622455151,0.9448864672347327,0.14,False
39.387628144346124,0.0038129402121390116,0.06533534338861144,0.9448584980915183,0.14,False
39.39382896839292,0.0038129547137652235,0.06530051091538826,0.9448305090903033,0.14,False
39.40002979243969,0.003812969211077999,0.0652656888029139,0.9448025002120671,0.14,False
39.40623061648648,0.0038129837040781606,0.06523087704922234,0.944774471437768,0.14,False
39.412431440533254,0.0038129981927665225,0.06519607565234918,0.9447464227483413,0.14,False
39.41863226458005,0.003813012677143906,0.06516128461033144,0.9447183541246996,0.14,False
39.42483308862683,0.003813027157211119,0.06512650392120829,0.944690265547734,0.14,False
39.43103391267361,0.0038130416329689855,0.06509173358302064,0.9446621569983127,0.14,False
39.4372347367204,0.003813056104418318,0.06505697359381124,0.9446340284572821,0.14,False
39.44343556076718,0.0038130705715599352,0.06502222395162456,0.9446058799054654,0.14,False
39.449636384813964,0.003813085034394644,0.06498748465450649,0.9445777113236641,0.14,False
39.45583720886074,0.0038130994929232638,0.06495275570050503,0.9445495226926566,0.14,False
39.46203803290753,0.003813113947146605,0.0649180370876701,0.9445213139931992,0.14,False
39.468238856954315,0.0038131283970654767,0.06488332881405313,0.9444930852060255,0.14,False
39.474439681001094,0.003813142842680692,0.06484863087770767,0.944464836311847,0.14,False
39.48064050504788,0.003813157283993059,0.06481394327668831,0.9444365672913516,0.14,False
39.48684132909466,0.0038131717210033826,0.06477926600905216,0.9444082781252058,0.14,False
39.49304215314145,0.0038131861537124747,0.06474459907285776,0.9443799687940527,0.14,False
39.499242977188224,0.003813200582121142,0.06470994246616556,0.9443516392785125,0.14,False
39.50544380123502,0.003813215006230191,0.06467529618703745,0.9443232895591833,0.14,False
39.511644625281804,0.0038132294260404295,0.06464066023353802,0.9442949196166407,0.14,False
39.51784544932858,0.003813243841552655,0.06460603460373268,0.9442665294314366,0.14,False
39.52404627337537,0.0038132582527676804,0.06457141929568896,0.9442381189841007,0.14,False
39.53024709742215,0.003813272659686309,0.06453681430747604,0.9442096882551395,0.14,False
39.536447921468934,0.0038132870623093394,0.06450221963716525,0.9441812372250374,0.14,False
39.54264874551572,0.0038133014606375757,0.06446763528282949,0.9441527658742552,0.14,False
39.548849569562506,0.0038133158546718223,0.06443306124254332,0.944124274183231,0.14,False
39.555050393609285,0.0038133302444128764,0.06439849751438323,0.9440957621323797,0.14,False
39.56125121765607,0.0038133446298615407,0.06436394409642747,0.9440672297020941,0.14,False
39.56745204170285,0.0038133590110186084,0.0643294009867557,0.9440386768727425,0.14,False
39.573652865749644,0.003813373387884884,0.06429486818345043,0.9440101036246717,0.14,False
39.579853689796415,0.003813387760461168,0.06426034568459503,0.943981509938205,0.14,False
39.58605451384321,0.003813402128748249,0.06422583348827496,0.9439528957936418,0.14,False
39.59225533788998,0.0038134164927469305,0.06419133159257716,0.9439242611712595,0.14,False
39.598456161936774,0.0038134308524580027,0.06415683999559076,0.9438956060513113,0.14,False
39.60465698598355,0.003813445207882263,0.06412235869540671,0.943866930414028,0.14,False
39.61085781003034,0.0038134595590205078,0.0640878876901175,0.9438382342396172,0.14,False
39.617058634077125,0.0038134739058735267,0.06405342697781752,0.9438095175082625,0.14,False
39.623259458123904,0.0038134882484421153,0.06401897655660305,0.943780780200125,0.14,False
39.6294602821707,0.003813502586727066,0.06398453642457193,0.9437520222953422,0.14,False
39.63566110621747,0.0038135169207291824,0.06395010657982395,0.9437232437740279,0.14,False
39.64186193026426,0.003813531250449229,0.06391568702046076,0.9436944446162735,0.14,False
39.64806275431104,0.003813545575888014,0.06388127774458564,0.9436656248021457,0.14,False
39.65426357835783,0.003813559897046306,0.0638468787503038,0.9436367843116893,0.14,False
39.66046440240461,0.0038135742139248775,0.06381249003572256,0.943607923124925,0.14,False
39.66666522645139,0.003813588526524561,0.06377811159895024,0.9435790412218489,0.14,False
39.67286605049818,0.003813602834846132,0.0637437434380975,0.9435501385824347,0.14,False
39.67906687454496,0.0038136171388903736,0.06370938555127688,0.9435212151866327,0.14,False
39.685267698591744,0.0038136314386580713,0.06367503793660251,0.9434922710143692,0.14,False
39.69146852263853,0.0038136457341500065,0.06364070059219017,0.9434633060455465,0.14,False
39.69766934668531,0.003813660025366963,0.06360637351615812,0.9434343202600445,0.14,False
39.703870170732095,0.0038136743123097228,0.06357205670662586,0.9434053136377185,0.14,False
39.710070994778874,0.0038136885949790747,0.06353775016171469,0.9433762861584,0.14,False
39.71627181882566,0.003813702873375789,0.06350345387954787,0.9433472378018972,0.14,False
39.72247264287245,0.003813717147500654,0.06346916785825049,0.9433181685479944,0.14,False
39.72867346691923,0.0038137314173544447,0.06343489209594944,0.9432890783764523,0.14,False
39.73487429096601,0.0038137456829379426,0.06340062659077329,0.943259967267007,0.14,False
39.7410751150128,0.003813759944251924,0.06336637134085252,0.9432308351993719,0.14,False
39.747275939059584,0.0038137742012971793,0.06333212634431956,0.9432016821532355,0.14,False
39.75347676310637,0.00381378845407446,0.06329789159930861,0.9431725081082633,0.14,False
39.75967758715315,0.003813802702584564,0.06326366710395517,0.9431433130440955,0.14,False
39.765878411199935,0.0038138169468282597,0.06322945285639724,0.9431140969403496,0.14,False
39.772079235246714,0.003813831186806316,0.06319524885477429,0.9430848597766192,0.14,False
39.7782800592935,0.0038138454225195104,0.06316105509722755,0.9430556015324721,0.14,False
39.78448088334028,0.003813859653968621,0.0631268715819006,0.9430263221874544,0.14,False
39.790681707387066,0.0038138738811544204,0.06309269830693799,0.942997021721086,0.14,False
39.79688253143386,0.0038138881040776723,0.06305853527048687,0.9429677001128641,0.14,False
39.80308335548063,0.003813902322739148,0.0630243824706958,0.9429383573422614,0.14,False
39.809284179527424,0.0038139165371396276,0.06299023990571509,0.9429089933887257,0.14,False
39.815485003574196,0.0038139307472798765,0.06295610757369785,0.9428796082316817,0.14,False
39.82168582762099,0.00381394495316066,0.06292198547279688,0.9428502018505283,0.14,False
39.82788665166776,0.0038139591547827465,0.06288787360116878,0.9428207742246416,0.14,False
39.834087475714554,0.0038139733521469006,0.06285377195697113,0.9427913253333726,0.14,False
39.84028829976133,0.0038139875452538933,0.0628196805383634,0.9427618551560483,0.14,False
39.84648912380812,0.0038140017341044847,0.06278559934350714,0.9427323636719708,0.14,False
39.852689947854905,0.003814015918699441,0.06275152837056562,0.9427028508604185,0.14,False
39.858890771901685,0.003814030099039528,0.06271746761770387,0.9426733167006448,0.14,False
39.86509159594847,0.0038140442751255074,0.06268341708308885,0.9426437611718788,0.14,False
39.87129241999526,0.003814058446958143,0.06264937676488913,0.9426141842533249,0.14,False
39.87749324404204,0.003814072614538197,0.06261534666127543,0.9425845859241634,0.14,False
39.88369406808882,0.0038140867778664283,0.06258132677041979,0.9425549661635494,0.14,False
39.88989489213561,0.0038141009369436004,0.06254731709049653,0.9425253249506137,0.14,False
39.89609571618239,0.00381411509177047,0.06251331761968176,0.9424956622644627,0.14,False
39.90229654022918,0.0038141292423477927,0.06247932835615316,0.9424659780841776,0.14,False
39.90849736427596,0.003814143388676326,0.06244534929809048,0.9424362723888154,0.14,False
39.914698188322745,0.003814157530756831,0.06241138044367528,0.9424065451574078,0.14,False
39.920899012369524,0.0038141716685900617,0.062377421791091014,0.9423767963689623,0.14,False
39.92709983641631,0.003814185802176779,0.06234347333852274,0.9423470260024613,0.14,False
39.93330066046309,0.0038141999315177487,0.062309535084157326,0.9423172340368619,0.14,False
39.939501484509876,0.003814214056613696,0.062275607026183635,0.9422874204510971,0.14,False
39.94570230855666,0.003814228177465365,0.062241689162792616,0.9422575852240754,0.14,False
39.95190313260344,0.0038142422940735513,0.062207781492176616,0.9422277283346787,0.14,False
39.95810395665023,0.003814256406438994,0.062173884012530004,0.942197849761765,0.14,False
39.964304780697006,0.003814270514562435,0.06213999672204909,0.9421679494841676,0.14,False
39.97050560474379,0.003814284618444625,0.06210611961893191,0.9421380274806939,0.14,False
39.976706428790585,0.0038142987180863177,0.0620722527013783,0.9421080837301271,0.14,False
39.98290725283736,0.0038143128134882536,0.06203839596758975,0.9420781182112246,0.14,False
39.98910807688415,0.003814326904651187,0.06200454941576998,0.9420481309027189,0.14,False
39.99530890093093,0.003814340991575865,0.061970713044124624,0.9420181217833175,0.14,False
40.001509724977716,0.0038143550742630334,0.061936886850860684,0.9419880908317025,0.14,False
40.007710549024495,0.0038143691527134376,0.06190307083418713,0.9419580380265307,0.14,False
40.01391137307128,0.003814383226927818,0.06186926499231503,0.9419279633464339,0.14,False
40.02011219711807,0.003814397296906921,0.061835469323456925,0.9418978667700181,0.14,False
40.026313021164846,0.003814411362651497,0.061801683825827895,0.9418677482758647,0.14,False
40.03251384521163,0.0038144254241622793,0.061767908497643936,0.9418376078425293,0.14,False
40.03871466925841,0.0038144394814400126,0.06173414333712349,0.941807445448542,0.14,False
40.044915493305204,0.003814453534485442,0.06170038834248681,0.9417772610724079,0.14,False
40.05111631735198,0.0038144675832993084,0.06166664351195579,0.9417470546926056,0.14,False
40.05731714139877,0.0038144816278823435,0.061632908843754525,0.94171682628759,0.14,False
40.06351796544555,0.0038144956682352907,0.06159918433610841,0.9416865758357885,0.14,False
40.069718789492335,0.0038145097043588904,0.06156546998724501,0.9416563033156042,0.14,False
40.075919613539114,0.0038145237362538827,0.06153176579539374,0.9416260087054142,0.14,False
40.08212043758591,0.0038145377639209823,0.06149807175878594,0.9415956919835701,0.14,False
40.088321261632686,0.003814551787360943,0.0614643878756548,0.9415653531283978,0.14,False
40.09452208567947,0.0038145658065744993,0.061430714144234996,0.9415349921181974,0.14,False
40.10072290972625,0.0038145798215623826,0.061397050562763365,0.9415046089312429,0.14,False
40.10692373377304,0.0038145938323253317,0.06136339712947868,0.9414742035457829,0.14,False
40.11312455781982,0.003814607838864074,0.06132975384262143,0.941443775940041,0.14,False
40.1193253818666,0.00381462184117934,0.06129612070043378,0.9414133260922133,0.14,False
40.125526205913395,0.003814635839271854,0.06126249770116022,0.9413828539804717,0.14,False
40.13172702996017,0.0038146498331423587,0.06122888484304676,0.9413523595829608,0.14,False
40.13792785400696,0.003814663822791582,0.06119528212434108,0.9413218428778,0.14,False
40.14412867805373,0.0038146778082202527,0.061161689543293096,0.9412913038430825,0.14,False
40.150329502100526,0.003814691789429095,0.061128107098154694,0.9412607424568759,0.14,False
40.15653032614731,0.0038147057664188384,0.061094534787179106,0.9412301586972214,0.14,False
40.16273115019409,0.0038147197391902045,0.06106097260862181,0.9411995525421339,0.14,False
40.16893197424088,0.0038147337077439163,0.061027420560739946,0.9411689239696028,0.14,False
40.175132798287656,0.003814747672080708,0.060993878641792294,0.9411382729575904,0.14,False
40.18133362233444,0.0038147616322013003,0.060960346850040384,0.9411075994840343,0.14,False
40.18753444638122,0.003814775588106415,0.06092682518374668,0.9410769035268446,0.14,False
40.19373527042801,0.0038147895397967757,0.06089331364117598,0.9410461850639055,0.14,False
40.19993609447479,0.0038148034872731067,0.06085981222059478,0.9410154440730752,0.14,False
40.20613691852157,0.0038148174305361318,0.06082632092027122,0.940984680532185,0.14,False
40.21233774256836,0.0038148313695865587,0.060792839738475754,0.9409538944190404,0.14,False
40.21853856661514,0.0038148453044250814,0.060759368673480446,0.940923085711421,0.14,False
40.22473939066193,0.003814859235052471,0.06072590772355939,0.9408922543870787,0.14,False
40.23094021470871,0.0038148731614694267,0.06069245688698825,0.9408614004237392,0.14,False
40.237141038755496,0.003814887083676665,0.060659016162045325,0.9408305237991034,0.14,False
40.24334186280228,0.003814901001674905,0.06062558554700912,0.9407996244908426,0.14,False
40.24954268684906,0.0038149149154648567,0.060592165040161745,0.9407687024766044,0.14,False
40.25574351089585,0.0038149288250472345,0.06055875463978588,0.9407377577340078,0.14,False
40.261944334942626,0.0038149427304227557,0.06052535434416744,0.9407067902406471,0.14,False
40.26814515898941,0.0038149566315921297,0.060491964151593275,0.9406757999740886,0.14,False
40.2743459830362,0.003814970528556077,0.06045858406035233,0.9406447869118721,0.14,False
40.280546807082985,0.003814984421315302,0.060425214068735286,0.940613751031511,0.14,False
40.286747631129764,0.0038149983098705186,0.060391854175034676,0.9405826923104912,0.14,False
40.29294845517655,0.0038150121942224363,0.06035850437754483,0.9405516107262724,0.14,False
40.29914927922333,0.003815026074371767,0.06032516467456274,0.9405205062562876,0.14,False
40.30535010327012,0.00381503995031921,0.0602918350643864,0.940489378877943,0.14,False
40.311550927316894,0.0038150538220654783,0.06025851554531595,0.9404582285686172,0.14,False
40.31775175136369,0.0038150676896112805,0.06022520611565334,0.9404270553056623,0.14,False
40.32395257541046,0.003815081552957318,0.06019190677370251,0.9403958590664032,0.14,False
40.33015339945725,0.003815095412104299,0.0601586175177691,0.9403646398281381,0.14,False
40.33635422350403,0.0038151092670529285,0.06012533834616088,0.9403333975681379,0.14,False
40.34255504755082,0.003815123117803914,0.06009206925718724,0.9403021322636467,0.14,False
40.348755871597604,0.003815136964357947,0.06005881024915955,0.9402708438918809,0.14,False
40.35495669564438,0.0038151508067157296,0.060025561320391455,0.9402395324300309,0.14,False
40.361157519691176,0.0038151646448779954,0.059992322469197744,0.9402081978552579,0.14,False
40.36735834373795,0.0038151784788454167,0.05995909369389533,0.9401768401446978,0.14,False
40.37355916778474,0.0038151923086186977,0.05992587499280336,0.9401454592754587,0.14,False
40.37975999183152,0.0038152061341985314,0.05989266636424246,0.9401140552246208,0.14,False
40.385960815878306,0.003815219955585621,0.059859467806535505,0.940082627969238,0.14,False
40.392161639925085,0.003815233772780668,0.059826279318006784,0.9400511774863355,0.14,False
40.39836246397187,0.003815247585784364,0.059793100896982865,0.9400197037529124,0.14,False
40.40456328801866,0.003815261394597403,0.05975993254179159,0.9399882067459391,0.14,False
40.41076411206544,0.003815275199220485,0.059726774250763864,0.93995668644236,0.14,False
40.41696493611222,0.003815288999654299,0.05969362602223132,0.9399251428190905,0.14,False
40.42316576015901,0.003815302795899545,0.05966048785452797,0.9398935758530195,0.14,False
40.42936658420579,0.0038153165879569128,0.05962735974598963,0.9398619855210075,0.14,False
40.435567408252574,0.003815330375827097,0.05959424169495394,0.9398303717998882,0.14,False
40.44176823229935,0.003815344159510786,0.05956113369976063,0.9397987346664668,0.14,False
40.44796905634614,0.003815357939008674,0.05952803575875117,0.9397670740975218,0.14,False
40.454169880392925,0.00381537171432145,0.059494947870268794,0.9397353900698029,0.14,False
40.46037070443971,0.0038153854854498046,0.059461870032658785,0.9397036825600327,0.14,False
40.46657152848649,0.0038153992523944254,0.05942880224426827,0.9396719515449055,0.14,False
40.472772352533276,0.0038154130151560025,0.05939574450344631,0.9396401970010884,0.14,False
40.47897317658006,0.0038154267737352016,0.059362696808543905,0.9396084189052207,0.14,False
40.48517400062685,0.0038154405281327045,0.05932965915791347,0.9395766172339127,0.14,False
40.49137482467363,0.003815454278349228,0.05929663154990986,0.9395447919637476,0.14,False
40.497575648720414,0.0038154680243854496,0.0592636139828899,0.9395129430712801,0.14,False
40.50377647276719,0.003815481766242053,0.05923060645521186,0.9394810705330378,0.14,False
40.50997729681398,0.0038154955039197145,0.05919760896523609,0.9394491743255189,0.14,False
40.51617812086076,0.003815509237419119,0.059164621511324865,0.939417254425195,0.14,False
40.522378944907544,0.003815522966740945,0.05913164409184189,0.9393853108085077,0.14,False
40.52857976895434,0.003815536691885875,0.05909867670515393,0.9393533434518726,0.14,False
40.53478059300111,0.0038155504128545813,0.059065719349628516,0.9393213523316755,0.14,False
40.5409814170479,0.0038155641296477487,0.05903277202363536,0.9392893374242743,0.14,False
40.547182241094674,0.003815577842266052,0.05899983472554637,0.9392572987059992,0.14,False
40.55338306514147,0.003815591550710174,0.05896690745373495,0.9392252361531511,0.14,False
40.55958388918825,0.003815605254980787,0.05893399020657675,0.9391931497420035,0.14,False
40.56578471323503,0.003815618955078568,0.058901082982449046,0.9391610394488007,0.14,False
40.57198553728181,0.0038156326510041844,0.0588681857797311,0.9391289052497591,0.14,False
40.5781863613286,0.003815646342758317,0.058835298596803656,0.939096747121066,0.14,False
40.584387185375384,0.0038156600303416387,0.05880242143205065,0.9390645650388812,0.14,False
40.59058800942216,0.0038156737137548208,0.058769554283856655,0.9390323589793355,0.14,False
40.59678883346895,0.0038156873929985342,0.05873669715060829,0.9390001289185304,0.14,False
40.602989657515735,0.0038157010680734526,0.058703850030694324,0.9389678748325392,0.14,False
40.60919048156252,0.003815714738980242,0.05867101292250571,0.9389355966974074,0.14,False
40.6153913056093,0.0038157284057195695,0.05863818582443496,0.9389032944891511,0.14,False
40.62159212965609,0.003815742068292121,0.05860536873487648,0.938870968183757,0.14,False
40.627792953702865,0.0038157557266985495,0.058572561652226116,0.9388386177571837,0.14,False
40.63399377774966,0.0038157693809395235,0.058539764574883406,0.9388062431853621,0.14,False
40.64019460179644,0.0038157830310157088,0.05850697750124703,0.9387738444441918,0.14,False
40.646395425843224,0.0038157966769277658,0.058474200429719556,0.9387414215095451,0.14,False
40.65259624989,0.0038158103186763568,0.05844143335870497,0.9387089743572653,0.14,False
40.65879707393679,0.0038158239562621553,0.05840867628660897,0.9386765029631664,0.14,False
40.66499789798357,0.003815837589685821,0.058375929211839504,0.9386440073030337,0.14,False
40.671198722030354,0.0038158512189480176,0.058343192132806136,0.938611487352623,0.14,False
40.67739954607714,0.003815864844049401,0.05831046504792045,0.9385789430876614,0.14,False
40.68360037012392,0.0038158784649906415,0.058277747955595684,0.9385463744838466,0.14,False
40.689801194170705,0.0038158920817723883,0.05824504085424735,0.9385137815168474,0.14,False
40.696002018217484,0.00381590569439531,0.05821234374229291,0.9384811641623035,0.14,False
40.70220284226427,0.003815919302860061,0.058179656618151256,0.9384485223958249,0.14,False
40.708403666311064,0.0038159329071672946,0.05814697948024345,0.9384158561929927,0.14,False
40.714604490357836,0.003815946507317674,0.05811431232699281,0.9383831655293587,0.14,False
40.72080531440463,0.003815960103311857,0.05808165515682378,0.938350450380445,0.14,False
40.72700613845141,0.0038159736951504965,0.058049007968163265,0.9383177107217444,0.14,False
40.733206962498194,0.0038159872828342606,0.05801637075944009,0.9382849465287205,0.14,False
40.73940778654498,0.0038160008663637563,0.05798374352908469,0.9382521577768078,0.14,False
40.74560861059176,0.0038160144457396548,0.057951126275529605,0.9382193444414106,0.14,False
40.751809434638545,0.0038160280209626244,0.057918518997209276,0.9381865064979037,0.14,False
40.758010258685324,0.0038160415920333152,0.057885921692560065,0.9381536439216326,0.14,False
40.76421108273211,0.003816055158952377,0.05785333436002006,0.9381207566879127,0.14,False
40.77041190677889,0.0038160687217204505,0.05782075699802936,0.9380878447720306,0.14,False
40.77661273082568,0.0038160822803381894,0.057788189605030245,0.9380549081492424,0.14,False
40.78281355487246,0.003816095834806242,0.05775563217946667,0.9380219467947751,0.14,False
40.78901437891925,0.003816109385125253,0.05772308471978427,0.9379889606838252,0.14,False
40.79521520296603,0.003816122931295873,0.05769054722443091,0.9379559497915599,0.14,False
40.80141602701281,0.003816136473318737,0.05765801969185631,0.9379229140931166,0.14,False
40.80761685105959,0.0038161500111945097,0.05762550212051211,0.9378898535636022,0.14,False
40.813817675106385,0.0038161635449238175,0.057592994508851754,0.9378567681780944,0.14,False
40.820018499153164,0.0038161770745073144,0.057560496855330615,0.9378236579116402,0.14,False
40.82621932319995,0.00381619059994563,0.05752800915840629,0.9377905227392577,0.14,False
40.83242014724673,0.00381620412123941,0.05749553141653761,0.9377573626359333,0.14,False
40.838620971293516,0.0038162176383892982,0.05746306362818587,0.9377241775766249,0.14,False
40.8448217953403,0.003816231151395932,0.05743060579181423,0.937690967536259,0.14,False
40.85102261938708,0.0038162446602599534,0.05739815790588757,0.9376577324897328,0.14,False
40.857223443433874,0.0038162581649820015,0.05736571996887294,0.937624472411913,0.14,False
40.863424267480646,0.0038162716655627143,0.05733329197923909,0.937591187277636,0.14,False
40.86962509152744,0.003816285162002714,0.057300873935456756,0.937557877061708,0.14,False
40.87582591557421,0.0038162986543026534,0.05726846583599857,0.9375245417389046,0.14,False
40.882026739621004,0.00381631214246316,0.05723606767933907,0.9374911812839714,0.14,False
40.88822756366779,0.003816325626484869,0.05720367946395486,0.9374577956716234,0.14,False
40.89442838771457,0.0038163391063684147,0.057171301188324225,0.9374243848765448,0.14,False
40.900629211761355,0.0038163525821144316,0.05713893285092745,0.9373909488733899,0.14,False
40.906830035808134,0.003816366053723547,0.057106574450246896,0.9373574876367823,0.14,False
40.91303085985492,0.0038163795211963985,0.05707422598476656,0.9373240011413145,0.14,False
40.9192316839017,0.0038163929845336135,0.05704188745297257,0.9372904893615492,0.14,False
40.925432507948486,0.0038164064437358138,0.057009558853352904,0.937256952272018,0.14,False
40.93163333199527,0.0038164198988036436,0.05697724018439771,0.9372233898472219,0.14,False
40.93783415604205,0.003816433349737727,0.05694493144459835,0.9371898020616305,0.14,False
40.94403498008884,0.0038164467965386864,0.05691263263244885,0.9371561888896838,0.14,False
40.950235804135616,0.003816460239207144,0.05688034374644477,0.9371225503057902,0.14,False
40.95643662818241,0.0038164736777437295,0.05684806478508376,0.9370888862843275,0.14,False
40.962637452229195,0.0038164871121490656,0.05681579574686538,0.9370551967996426,0.14,False
40.968838276275974,0.003816500542423782,0.056783536630290954,0.9370214818260514,0.14,False
40.97503910032276,0.003816513968568498,0.05675128743386384,0.9369877413378385,0.14,False
40.98123992436954,0.0038165273905838445,0.05671904815608936,0.9369539753092578,0.14,False
40.987440748416326,0.003816540808470421,0.05668681879547469,0.9369201837145327,0.14,False
40.993641572463105,0.003816554222228838,0.05665459935052898,0.9368863665278548,0.14,False
40.99984239650989,0.003816567631859752,0.05662238981976319,0.9368525237233842,0.14,False
41.00604322055668,0.0038165810373637725,0.0565901902016904,0.9368186552752504,0.14,False
41.01224404460346,0.003816594438741518,0.05655800049482534,0.9367847611575514,0.14,False
41.01844486865024,0.003816607835993603,0.056525820697685004,0.9367508413443543,0.14,False
41.02464569269703,0.0038166212291206427,0.0564936508087881,0.9367168958096945,0.14,False
41.03084651674381,0.0038166346181232537,0.05646149082665522,0.9366829245275764,0.14,False
41.0370473407906,0.0038166480030020515,0.05642934074980908,0.9366489274719728,0.14,False
41.04324816483737,0.0038166613837576566,0.05639720057677392,0.9366149046168245,0.14,False
41.049448988884166,0.003816674760390677,0.05636507030607626,0.9365808559360417,0.14,False
41.05564981293094,0.003816688132901722,0.05633294993624452,0.9365467814035029,0.14,False
41.06185063697773,0.003816701501291404,0.05630083946580901,0.9365126809930547,0.14,False
41.06805146102452,0.0038167148655603392,0.05626873889330196,0.9364785546785125,0.14,False
41.074252285071296,0.0038167282257091308,0.05623664821725764,0.9364444024336598,0.14,False
41.08045310911808,0.0038167415817383947,0.05620456743621176,0.9364102242322482,0.14,False
41.08665393316486,0.0038167549336487376,0.05617249654870258,0.9363760200479978,0.14,False
41.092854757211654,0.0038167682814407673,0.0561404355532699,0.9363417898545972,0.14,False
41.099055581258426,0.0038167816251150916,0.05610838444845579,0.9363075336257027,0.14,False
41.10525640530522,0.0038167949646723165,0.056076343232803826,0.9362732513349391,0.14,False
41.111457229352,0.00381680830011304,0.05604431190485981,0.9362389429558994,0.14,False
41.117658053398785,0.0038168216314378696,0.056012290463171265,0.9362046084621439,0.14,False
41.123858877445564,0.0038168349586474117,0.05598027890628805,0.936170247827202,0.14,False
41.13005970149235,0.003816848281742271,0.055948277232761474,0.9361358610245702,0.14,False
41.136260525539136,0.003816861600723051,0.05591628544114497,0.9361014480277132,0.14,False
41.14246134958592,0.0038168749155903523,0.05588430352999389,0.9360670088100637,0.14,False
41.1486621736327,0.0038168882263447763,0.05585233149786566,0.9360325433450223,0.14,False
41.15486299767949,0.0038169015329869165,0.05582036934331937,0.9359980516059571,0.14,False
41.161063821726266,0.0038169148355173764,0.055788417064916204,0.9359635335662042,0.14,False
41.16726464577305,0.0038169281339367556,0.055756474661219316,0.9359289891990674,0.14,False
41.17346546981983,0.003816941428245648,0.05572454213079363,0.935894418477818,0.14,False
41.17966629386662,0.0038169547184446566,0.0556926194722062,0.9358598213756953,0.14,False
41.1858671179134,0.0038169680045343772,0.05566070668402587,0.9358251978659058,0.14,False
41.19206794196019,0.003816981286515395,0.05562880376482344,0.9357905479216239,0.14,False
41.19826876600697,0.0038169945643883093,0.055596910713171875,0.9357558715159912,0.14,False
41.204469590053755,0.0038170078381537125,0.055565027527645514,0.9357211686221167,0.14,False
41.21067041410054,0.003817021107812199,0.05553315420682114,0.9356864392130771,0.14,False
41.21687123814733,0.0038170343733643663,0.05550129074927733,0.9356516832619165,0.14,False
41.223072062194106,0.0038170476348108025,0.055469437153594564,0.9356169007416458,0.14,False
41.22927288624089,0.003817060892152081,0.05543759341835532,0.9355820916252444,0.14,False
41.23547371028767,0.0038170741453887806,0.055405759542143995,0.935547255885658,0.14,False
41.24167453433446,0.0038170873945215333,0.05537393552354669,0.935512393495799,0.14,False
41.247875358381236,0.003817100639550914,0.05534212136115192,0.9354775044285476,0.14,False
41.25407618242802,0.003817113880477506,0.05531031705354961,0.9354425886567515,0.14,False
41.260277006474816,0.003817127117301893,0.05527852259933195,0.9354076461532248,0.14,False
41.26647783052159,0.003817140350024662,0.05524673799709293,0.935372676890749,0.14,False
41.27267865456838,0.003817153578646394,0.05521496324542853,0.9353376808420726,0.14,False
41.27887947861515,0.0038171668031676755,0.05518319834293685,0.9353026579799107,0.14,False
41.285080302661946,0.0038171800235890885,0.05515144328821754,0.9352676082769459,0.14,False
41.291281126708725,0.003817193239911214,0.05511969807987254,0.935232531705827,0.14,False
41.29748195075551,0.003817206452134638,0.055087962716505776,0.9351974282391702,0.14,False
41.30368277480229,0.003817219660259937,0.05505623719672246,0.9351622978495578,0.14,False
41.309883598849076,0.00381723286428769,0.055024521519130315,0.9351271405095392,0.14,False
41.31608442289586,0.0038172460642184798,0.05499281568233902,0.9350919561916303,0.14,False
41.32228524694264,0.0038172592600528832,0.054961119684960175,0.9350567448683144,0.14,False
41.328486070989435,0.0038172724517914714,0.054929433525606995,0.9350215065120403,0.14,False
41.334686895036214,0.0038172856394348277,0.054897757202894824,0.9349862410952238,0.14,False
41.340887719083,0.003817298822983522,0.05486609071544105,0.9349509485902474,0.14,False
41.34708854312978,0.003817312002438135,0.05483443406186486,0.9349156289694596,0.14,False
41.353289367176565,0.003817325177799229,0.05480278724078746,0.9348802822051758,0.14,False
41.359490191223344,0.0038173383490673857,0.05477115025083211,0.9348449082696779,0.14,False
41.36569101527014,0.0038173515162431863,0.05473952309062368,0.9348095071352129,0.14,False
41.371891839316916,0.0038173646793271923,0.05470790575878936,0.9347740787739955,0.14,False
41.3780926633637,0.003817377838319973,0.05467629825395786,0.9347386231582061,0.14,False
41.38429348741048,0.0038173909932221056,0.054644700574760376,0.9347031402599911,0.14,False
41.39049431145727,0.003817404144034151,0.05461311271982958,0.9346676300514635,0.14,False
41.396695135504054,0.003817417290756685,0.05458153468780026,0.9346320925047016,0.14,False
41.40289595955083,0.003817430433390271,0.054549966477309114,0.9345965275917505,0.14,False
41.40909678359762,0.003817443571935476,0.05451840808699486,0.9345609352846213,0.14,False
41.4152976076444,0.00381745670639287,0.05448685951549815,0.9345253155552905,0.14,False
41.421498431691184,0.0038174698367630143,0.05445532076146134,0.9344896683757009,0.14,False
41.42769925573796,0.0038174829630464755,0.05442379182352917,0.9344539937177614,0.14,False
41.43390007978475,0.0038174960852438134,0.054392272700347806,0.9344182915533459,0.14,False
41.44010090383154,0.003817509203355592,0.05436076339056572,0.934382561854295,0.14,False
41.446301727878314,0.0038175223173823754,0.05432926389283332,0.9343468045924147,0.14,False
41.45250255192511,0.003817535427324726,0.05429777420580286,0.9343110197394765,0.14,False
41.458703375971886,0.0038175485331832055,0.054266294328128524,0.9342752072672178,0.14,False
41.46490420001867,0.0038175616349583677,0.054234824258466346,0.9342393671473412,0.14,False
41.47110502406546,0.003817574732650741,0.05420336399547458,0.9342034993515161,0.14,False
41.47730584811224,0.003817587826260925,0.05417191353781317,0.9341676038513755,0.14,False
41.483506672159024,0.003817600915789475,0.05414047288414422,0.934131680618519,0.14,False
41.4897074962058,0.0038176140012369415,0.05410904203313157,0.9340957296245115,0.14,False
41.49590832025259,0.0038176270826038783,0.05407762098344119,0.9340597508408833,0.14,False
41.50210914429937,0.003817640159890841,0.054046209733740816,0.9340237442391298,0.14,False
41.50830996834616,0.0038176532330983825,0.054014808282700326,0.933987709790712,0.14,False
41.51451079239294,0.0038176663022270567,0.05398341662899136,0.9339516474670558,0.14,False
41.520711616439726,0.003817679367277413,0.0539520347712876,0.9339155572395526,0.14,False
41.526912440486505,0.003817692428250009,0.05392066270826491,0.9338794390795587,0.14,False
41.53311326453329,0.003817705485145385,0.0538893004386004,0.9338432929583955,0.14,False
41.53931408858007,0.0038177185379641015,0.053857947960973734,0.9338071188473495,0.14,False
41.545514912626864,0.003817731586706694,0.053826605274066436,0.9337709167176723,0.14,False
41.55171573667364,0.0038177446313737195,0.05379527237656212,0.9337346865405808,0.14,False
41.55791656072043,0.003817757671965723,0.053763949267145686,0.9336984282872557,0.14,False
41.56411738476721,0.0038177707084832532,0.05373263594450472,0.9336621419288436,0.14,False
41.570318208813994,0.003817783740926851,0.05370133240732836,0.9336258274364555,0.14,False
41.57651903286079,0.003817796769297067,0.05367003865430775,0.9335894847811671,0.14,False
41.58271985690756,0.0038178097935944386,0.0536387546841362,0.9335531139340194,0.14,False
41.58892068095435,0.003817822813819515,0.05360748049550884,0.9335167148660173,0.14,False
41.595121505001124,0.003817835829972838,0.053576216087122534,0.9334802875481307,0.14,False
41.60132232904792,0.003817848842054949,0.05354496145767652,0.9334438319512943,0.14,False
41.60752315309469,0.003817861850066388,0.05351371660587142,0.9334073480464068,0.14,False
41.61372397714148,0.0038178748540076968,0.053482481530410415,0.9333708358043319,0.14,False
41.61992480118827,0.0038178878538794106,0.05345125622999807,0.9333342951958972,0.14,False
41.62612562523505,0.0038179008496820703,0.05342004070334123,0.9332977261918951,0.14,False
41.632326449281834,0.003817913841416219,0.053388834949148874,0.9332611287630823,0.14,False
41.63852727332861,0.0038179268290823866,0.05335763896613152,0.93322450288018,0.14,False
41.6447280973754,0.00381793981268111,0.05332645275300188,0.9331878485138733,0.14,False
41.650928921422185,0.003817952792212931,0.053295276308474644,0.9331511656348114,0.14,False
41.657129745468964,0.0038179657676783705,0.05326410963126595,0.933114454213608,0.14,False
41.66333056951575,0.003817978739077972,0.05323295272009462,0.9330777142208408,0.14,False
41.66953139356253,0.003817991706412265,0.05320180557368097,0.9330409456270515,0.14,False
41.675732217609315,0.003818004669681784,0.053170668190747464,0.9330041484027458,0.14,False
41.681933041656094,0.0038180176288870604,0.05313954057001852,0.9329673225183936,0.14,False
41.68813386570289,0.0038180305840286293,0.05310842271022032,0.9329304679444284,0.14,False
41.694334689749674,0.003818043535107001,0.053077314610081194,0.9328935846512479,0.14,False
41.70053551379645,0.0038180564821226957,0.053046216268331316,0.9328566726092138,0.14,False
41.70673633784324,0.0038180694250762766,0.053015127683702847,0.9328197317886504,0.14,False
41.71293716189002,0.003818082363968261,0.0529840488549299,0.932782762159847,0.14,False
41.719137985936804,0.0038180952987991673,0.05295297978074853,0.932745763693056,0.14,False
41.72533880998359,0.003818108229569531,0.05292192045989696,0.9327087363584935,0.14,False
41.73153963403037,0.0038181211562798682,0.05289087089111467,0.9326716801263392,0.14,False
41.737740458077155,0.003818134078930705,0.05285983107314401,0.9326345949667366,0.14,False
41.74394128212394,0.0038181469975225603,0.05282880100472861,0.9325974808497922,0.14,False
41.75014210617072,0.003818159912055961,0.052797780684614264,0.9325603377455762,0.14,False
41.75634293021751,0.0038181728225314226,0.05276677011154901,0.9325231656241226,0.14,False
41.762543754264286,0.0038181857289494698,0.052735769284282336,0.9324859644554278,0.14,False
41.76874457831108,0.003818198631310618,0.0527047782015661,0.9324487342094524,0.14,False
41.77494540235785,0.003818211529615393,0.05267379686215375,0.9324114748561195,0.14,False
41.781146226404644,0.003818224423864306,0.05264282526480109,0.9323741863653162,0.14,False
41.787347050451416,0.0038182373140578877,0.05261186340826562,0.9323368687068919,0.14,False
41.79354787449821,0.00381825020019665,0.05258091129130681,0.9322995218506596,0.14,False
41.799748698544995,0.0038182630822811035,0.05254996891268618,0.9322621457663954,0.14,False
41.805949522591774,0.003818275960311766,0.052519036271167045,0.932224740423838,0.14,False
41.81215034663857,0.003818288834289139,0.05248811336551466,0.9321873057926893,0.14,False
41.81835117068534,0.003818301704213765,0.05245720019449662,0.9321498418426142,0.14,False
41.82455199473213,0.0038183145700861573,0.05242629675688202,0.9321123485432399,0.14,False
41.830752818778905,0.003818327431906792,0.052395403051442135,0.9320748258641576,0.14,False
41.8369536428257,0.003818340289676254,0.05236451907695007,0.932037273774919,0.14,False
41.84315446687248,0.0038183531433949257,0.0523336448321812,0.9319996922450425,0.14,False
41.84935529091926,0.0038183659930634164,0.05230278031591231,0.9319620812440047,0.14,False
41.85555611496604,0.003818378838682205,0.052271925526922565,0.9319244407412473,0.14,False
41.86175693901283,0.003818391680251805,0.052241080463993096,0.931886770706174,0.14,False
41.867957763059614,0.0038184045177727067,0.052210245125906725,0.9318490711081513,0.14,False
41.8741585871064,0.0038184173512454097,0.05217941951144841,0.9318113419165076,0.14,False
41.88035941115318,0.003818430180670447,0.05214860361940501,0.931773583100534,0.14,False
41.886560235199966,0.0038184430060482924,0.052117797448565414,0.9317357946294844,0.14,False
41.892761059246745,0.0038184558273794697,0.05208700099772055,0.9316979764725742,0.14,False
41.89896188329353,0.0038184686446644744,0.05205621426566276,0.9316601285989811,0.14,False
41.90516270734031,0.0038184814579038094,0.052025437251187044,0.9316222509778456,0.14,False
41.911363531387096,0.0038184942670979843,0.05199466995308996,0.9315843435782698,0.14,False
41.91756435543388,0.003818507072247493,0.05196391237017003,0.9315464063693182,0.14,False
41.92376517948067,0.0038185198733527857,0.05193316450122804,0.9315084393200184,0.14,False
41.92996600352745,0.00381853267041444,0.05190242634506655,0.9314704423993576,0.14,False
41.93616682757423,0.003818545463432922,0.05187169790048974,0.9314324155762864,0.14,False
41.94236765162102,0.0038185582524087286,0.05184097916630413,0.9313943588197174,0.14,False
41.948568475667805,0.003818571037342361,0.051810270141318254,0.9313562720985248,0.14,False
41.954769299714584,0.0038185838182343136,0.05177957082434256,0.9313181553815447,0.14,False
41.96097012376137,0.003818596595085073,0.05174888121418904,0.9312800086375748,0.14,False
41.96717094780815,0.0038186093678951377,0.051718201309672154,0.9312418318353746,0.14,False
41.973371771854936,0.0038186221366649934,0.05168753110960808,0.9312036249436653,0.14,False
41.97957259590172,0.0038186349013951478,0.051656870612815056,0.9311653879311295,0.14,False
41.9857734199485,0.0038186476620860835,0.051626219818113446,0.9311271207664118,0.14,False
41.991974243995294,0.0038186604187382895,0.05159557872432485,0.9310888234181175,0.14,False
41.998175068042066,0.003818673171352252,0.05156494733027365,0.9310504958548141,0.14,False
42.00437589208886,0.003818685919928473,0.051534325634785653,0.93101213804503,0.14,False
42.01057671613563,0.00381869866446743,0.051503713636688854,0.9309737499572553,0.14,False
42.016777540182424,0.0038187114049696128,0.05147311133481344,0.9309353315599412,0.14,False
42.0229783642292,0.003818724141435514,0.05144251872799109,0.9308968828215004,0.14,False
42.02917918827599,0.0038187368738656015,0.05141193581505566,0.9308584037103064,0.14,False
42.03538001232277,0.0038187496022603746,0.051381362594842855,0.9308198941946938,0.14,False
42.041580836369555,0.0038187623266203127,0.051350799066190736,0.930781354242959,0.14,False
42.04778166041634,0.0038187750469459093,0.051320245227938946,0.9307427838233587,0.14,False
42.05398248446313,0.003818787763237632,0.05128970107892895,0.9307041829041107,0.14,False
42.06018330850991,0.003818800475495969,0.05125916661800439,0.9306655514533939,0.14,False
42.06638413255669,0.0038188131837214,0.05122864184401109,0.930626889439348,0.14,False
42.07258495660348,0.003818825887914402,0.05119812675579647,0.930588196830074,0.14,False
42.07878578065026,0.0038188385880754574,0.05116762135220999,0.9305494735936326,0.14,False
42.08498660469704,0.0038188512842050448,0.051137125632103285,0.9305107196980463,0.14,False
42.09118742874382,0.00381886397630364,0.051106639594329616,0.9304719351112977,0.14,False
42.097388252790616,0.0038188766643717223,0.05107616323774459,0.9304331198013303,0.14,False
42.10358907683739,0.0038188893484097635,0.05104569656120535,0.9303942737360477,0.14,False
42.10978990088418,0.003818902028418242,0.05101523956357121,0.9303553968833146,0.14,False
42.11599072493096,0.0038189147043976284,0.05098479224370348,0.9303164892109557,0.14,False
42.122191548977746,0.0038189273763484014,0.05095435460046547,0.9302775506867564,0.14,False
42.12839237302453,0.0038189400442710324,0.050923926632722244,0.9302385812784625,0.14,False
42.13459319707131,0.003818952708165978,0.05089350833934091,0.9301995809537799,0.14,False
42.1407940211181,0.0038189653680337035,0.050863099719190626,0.9301605496803751,0.14,False
42.146994845164876,0.003818978023874711,0.05083270077114254,0.930121487425874,0.14,False
42.15319566921166,0.0038189906756894597,0.050802311494069594,0.9300823941578633,0.14,False
42.15939649325844,0.0038190033234784143,0.05077193188684674,0.9300432698438897,0.14,False
42.16559731730523,0.0038190159672420393,0.05074156194835096,0.9300041144514601,0.14,False
42.17179814135202,0.0038190286069808045,0.05071120167746103,0.929964927948041,0.14,False
42.1779989653988,0.0038190412426951726,0.05068085107305802,0.9299257103010591,0.14,False
42.184199789445586,0.0038190538743856123,0.05065051013402456,0.9298864614779008,0.14,False
42.190400613492365,0.003819066502052589,0.05062017885924554,0.9298471814459126,0.14,False
42.19660143753915,0.003819079125696562,0.05058985724760769,0.9298078701724007,0.14,False
42.20280226158594,0.003819091745317996,0.050559545297999574,0.9297685276246306,0.14,False
42.209003085632716,0.0038191043609173505,0.05052924300931203,0.9297291537698282,0.14,False
42.2152039096795,0.0038191169724950914,0.05049895038043754,0.9296897485751784,0.14,False
42.22140473372628,0.003819129580051676,0.05046866741027057,0.9296503120078256,0.14,False
42.22760555777307,0.0038191421835875646,0.05043839409770783,0.9296108440348744,0.14,False
42.233806381819846,0.0038191547831032155,0.050408130441647755,0.9295713446233883,0.14,False
42.24000720586664,0.00381916737859909,0.05037787644099102,0.9295318137403906,0.14,False
42.24620802991342,0.0038191799700756277,0.05034763209463969,0.9294922513528635,0.14,False
42.252408853960205,0.0038191925575333037,0.05031739740149815,0.9294526574277485,0.14,False
42.258609678006984,0.003819205140972569,0.05028717236047292,0.9294130319319468,0.14,False
42.26481050205377,0.0038192177203938762,0.05025695697047212,0.9293733748323182,0.14,False
42.27101132610055,0.003819230295797679,0.05022675123040617,0.9293336860956822,0.14,False
42.27721215014734,0.0038192428671844354,0.050196555139187186,0.9292939656888172,0.14,False
42.283412974194114,0.0038192554345545912,0.05016636869572931,0.9292542135784602,0.14,False
42.28961379824091,0.003819267997908599,0.05013619189894883,0.929214429731308,0.14,False
42.295814622287686,0.003819280557246909,0.05010602474776359,0.9291746141140153,0.14,False
42.30201544633447,0.003819293112569975,0.0500758672410937,0.9291347666931963,0.14,False
42.308216270381266,0.003819305663878243,0.05004571937786129,0.929094887435424,0.14,False
42.31441709442804,0.0038193182111721565,0.05001558115699024,0.9290549763072302,0.14,False
42.32061791847483,0.0038193307544521662,0.04998545257740639,0.929015033275105,0.14,False
42.3268187425216,0.0038193432937187223,0.04995533363803773,0.9289750583054972,0.14,False
42.333019566568396,0.0038193558289722645,0.04992522433781398,0.9289350513648147,0.14,False
42.33922039061517,0.0038193683602132465,0.04989512467566714,0.9288950124194234,0.14,False
42.34542121466196,0.0038193808874421283,0.04986503465053089,0.9288549414356474,0.14,False
42.35162203870875,0.003819393410659277,0.04983495426134095,0.9288148383797713,0.14,False
42.357822862755526,0.003819405929865197,0.04980488350703487,0.928774703218035,0.14,False
42.36402368680231,0.003819418445060323,0.04977482238655239,0.9287345359166386,0.14,False
42.37022451084909,0.0038194309562450957,0.049744770898835174,0.9286943364417397,0.14,False
42.37642533489588,0.003819443463419954,0.04971472904282685,0.9286541047594549,0.14,False
42.382626158942664,0.003819455966585339,0.049684696817472715,0.928613840835858,0.14,False
42.38882698298944,0.0038194684657416847,0.04965467422172034,0.9285735446369815,0.14,False
42.39502780703623,0.003819480960889431,0.04962466125451914,0.9285332161288159,0.14,False
42.40122863108301,0.003819493452029009,0.04959465791482069,0.9284928552773096,0.14,False
42.407429455129794,0.0038195059391608606,0.04956466420157802,0.9284524620483686,0.14,False
42.41363027917657,0.0038195184222854215,0.04953468011374658,0.9284120364078571,0.14,False
42.419831103223366,0.0038195309014031203,0.049504705650283656,0.9283715783215972,0.14,False
42.42603192727015,0.0038195433765143938,0.04947474081014865,0.9283310877553688,0.14,False
42.43223275131693,0.0038195558476196733,0.049444785592302413,0.9282905646749088,0.14,False
42.43843357536372,0.00381956831471939,0.04941483999570826,0.9282500090459124,0.14,False
42.444634399410496,0.0038195807778139764,0.049384904019331405,0.9282094208340326,0.14,False
42.45083522345728,0.0038195932369038637,0.049354977662138734,0.9281688000048792,0.14,False
42.45703604750407,0.003819605691989468,0.049325060923099386,0.9281281465240201,0.14,False
42.46323687155085,0.0038196181430712305,0.04929515380118428,0.9280874603569802,0.14,False
42.469437695597634,0.0038196305901495808,0.04926525629536658,0.9280467414692422,0.14,False
42.47563851964441,0.003819643033224943,0.049235368404620804,0.9280059898262453,0.14,False
42.4818393436912,0.003819655472297744,0.049205490127924016,0.9279652053933867,0.14,False
42.48804016773799,0.003819667907368402,0.04917562146425507,0.9279243881360207,0.14,False
42.494240991784764,0.003819680338437351,0.04914576241259466,0.9278835380194584,0.14,False
42.50044181583156,0.003819692765505011,0.049115912971925656,0.9278426550089685,0.14,False
42.50664263987833,0.003819705188571803,0.0490860731412326,0.9278017390697761,0.14,False
42.51284346392512,0.0038197176076381514,0.04905624291950206,0.9277607901670635,0.14,False
42.519044287971894,0.0038197300227044767,0.049026422305722905,0.9277198082659702,0.14,False
42.52524511201869,0.00381974243377119,0.048996611298885565,0.9276787933315924,0.14,False
42.531445936065474,0.003819754840838716,0.04896680989798252,0.9276377453289829,0.14,False
42.53764676011225,0.0038197672439074836,0.04893701810200839,0.9275966642231511,0.14,False
42.543847584159046,0.00381977964297791,0.04890723590995958,0.9275555499790638,0.14,False
42.55004840820582,0.003819792038050422,0.04887746332083446,0.9275144025616432,0.14,False
42.55624923225261,0.0038198044291253724,0.04884770033363336,0.9274732219357702,0.14,False
42.56245005629938,0.0038198168162032467,0.048817946947358734,0.9274320080662796,0.14,False
42.568650880346176,0.0038198291992844456,0.048788203161014745,0.927390760917964,0.14,False
42.574851704392955,0.0038198415783693763,0.04875846897360755,0.9273494804555725,0.14,False
42.58105252843974,0.003819853953458449,0.04872874438414545,0.9273081666438103,0.14,False
42.58725335248652,0.0038198663245520774,0.04869902939163853,0.9272668194473388,0.14,False
42.59345417653331,0.003819878691650673,0.048669323995099004,0.9272254388307758,0.14,False
42.59965500058009,0.0038198910547546424,0.04863962819354088,0.9271840247586951,0.14,False
42.60585582462688,0.0038199034138643945,0.04860994198598012,0.9271425771956268,0.14,False
42.61205664867366,0.0038199157689803383,0.04858026537143473,0.9271010961060567,0.14,False
42.618257472720444,0.003819928120102885,0.04855059834892457,0.9270595814544267,0.14,False
42.62445829676722,0.0038199404672324385,0.04852094091747153,0.9270180332051349,0.14,False
42.63065912081401,0.003819952810369407,0.04849129307609962,0.9269764513225351,0.14,False
42.636859944860795,0.0038199651495141916,0.0484616548238345,0.9269348357709368,0.14,False
42.643060768907574,0.0038199774846671996,0.04843202615970394,0.9268931865146054,0.14,False
42.64926159295436,0.0038199898158288383,0.04840240708273778,0.926851503517762,0.14,False
42.65546241700114,0.0038200021429995097,0.048372797591967547,0.926809786744583,0.14,False
42.661663241047926,0.003820014466179607,0.048343197686426975,0.9267680361592011,0.14,False
42.66786406509471,0.0038200267853695405,0.048313607365151646,0.9267262517257039,0.14,False
42.6740648891415,0.003820039100569711,0.048284026627179004,0.9266844334081342,0.14,False
42.680265713188284,0.0038200514117805147,0.04825445547154863,0.9266425811704911,0.14,False
42.68646653723506,0.0038200637190023553,0.04822489389730183,0.9266006949767284,0.14,False
42.69266736128185,0.003820076022235624,0.04819534190348218,0.9265587747907553,0.14,False
42.69886818532863,0.0038200883214807263,0.04816579948913496,0.9265168205764364,0.14,False
42.705069009375414,0.0038201006167380555,0.0481362666533076,0.9264748322975911,0.14,False
42.7112698334222,0.0038201129080080074,0.0481067433950492,0.9264328099179943,0.14,False
42.71747065746898,0.003820125195290982,0.04807722971341112,0.9263907534013756,0.14,False
42.72367148151577,0.003820137478587368,0.048047725607446454,0.92634866271142,0.14,False
42.729872305562544,0.003820149757897563,0.04801823107621056,0.9263065378117671,0.14,False
42.73607312960934,0.003820162033221953,0.04798874611876024,0.9262643786660114,0.14,False
42.74227395365611,0.003820174304560936,0.0479592707341547,0.9262221852377024,0.14,False
42.7484747777029,0.003820186571914902,0.047929804921454836,0.9261799574903438,0.14,False
42.75467560174968,0.00382019883528425,0.04790034867972372,0.9261376953873947,0.14,False
42.76087642579647,0.0038202110946693197,0.04787090200802612,0.9260953988922689,0.14,False
42.76707724984325,0.0038202233500705496,0.0478414649054291,0.9260530679683341,0.14,False
42.77327807389003,0.0038202356014883226,0.047812037371001405,0.9260107025789125,0.14,False
42.77947889793682,0.0038202478489230236,0.047782619403813655,0.925968302687281,0.14,False
42.785679721983605,0.003820260092375035,0.047753211002938854,0.9259258682566712,0.14,False
42.79188054603039,0.0038202723318447413,0.047723812167451314,0.9258833992502687,0.14,False
42.79808137007717,0.003820284567332529,0.047694422896428015,0.9258408956312134,0.14,False
42.80428219412396,0.0038202967988387837,0.04766504318894739,0.9257983573625994,0.14,False
42.810483018170736,0.003820309026363881,0.04763567304408995,0.9257557844074749,0.14,False
42.81668384221753,0.0038203212499082076,0.047606312460938216,0.9257131767288423,0.14,False
42.8228846662643,0.003820333469472144,0.04757696143857671,0.9256705342896582,0.14,False
42.829085490311094,0.003820345685056068,0.04754761997609182,0.9256278570528327,0.14,False
42.835286314357866,0.003820357896660364,0.04751828807257195,0.9255851449812305,0.14,False
42.84148713840466,0.003820370104285408,0.04748896572710718,0.9255423980376688,0.14,False
42.84768796245144,0.003820382307931583,0.047459652938789974,0.9254996161849202,0.14,False
42.853888786498224,0.0038203945075992556,0.04743034970671442,0.9254567993857098,0.14,False
42.86008961054501,0.003820406703288807,0.047401056029976685,0.9254139476027172,0.14,False
42.86629043459179,0.0038204188950006182,0.047371771907674894,0.925371060798575,0.14,False
42.872491258638576,0.00382043108273506,0.04734249733890928,0.9253281389358698,0.14,False
42.878692082685355,0.0038204432664925036,0.04731323232278149,0.9252851819771413,0.14,False
42.88489290673214,0.003820455446273329,0.0472839768583959,0.9252421898848826,0.14,False
42.89109373077892,0.0038204676220778963,0.04725473094485814,0.9251991626215408,0.14,False
42.897294554825706,0.003820479793906586,0.04722549458127621,0.9251561001495153,0.14,False
42.9034953788725,0.003820491961759768,0.04719626776675985,0.9251130024311596,0.14,False
42.90969620291928,0.00382050412563781,0.047167050500421,0.9250698694287798,0.14,False
42.915897026966064,0.0038205162855410807,0.047137842781373146,0.9250267011046353,0.14,False
42.92209785101284,0.0038205284414699484,0.04710864460873205,0.9249834974209385,0.14,False
42.92829867505963,0.003820540593424782,0.047079455981615434,0.924940258339855,0.14,False
42.934499499106415,0.003820552741405948,0.04705027689914277,0.924896983823503,0.14,False
42.940700323153195,0.0038205648854138133,0.04702110736043545,0.9248536738339538,0.14,False
42.94690114719998,0.0038205770254487494,0.04699194736461715,0.924810328333231,0.14,False
42.95310197124676,0.0038205891615110707,0.046962796910813245,0.9247669472833125,0.14,False
42.959302795293546,0.0038206012936011988,0.046933655998151066,0.9247235306461266,0.14,False
42.96550361934033,0.0038206134217194875,0.04690452462575978,0.924680078383555,0.14,False
42.97170444338712,0.003820625545866292,0.04687540279277086,0.9246365904574331,0.14,False
42.9779052674339,0.0038206376660419716,0.04684629049831751,0.9245930668295474,0.14,False
42.98410609148068,0.0038206497822468885,0.04681718774153476,0.9245495074616378,0.14,False
42.99030691552746,0.003820661894481398,0.04678809452155985,0.9245059123153958,0.14,False
42.99650773957425,0.0038206740027458635,0.04675901083753181,0.9244622813524654,0.14,False
43.00270856362103,0.0038206861070406387,0.04672993668859153,0.9244186145344432,0.14,False
43.00890938766782,0.0038206982073660796,0.04670087207388201,0.9243749118228775,0.14,False
43.01511021171459,0.0038207103037225473,0.04667181699254816,0.9243311731792689,0.14,False
43.021311035761386,0.0038207223961103853,0.04664277144373687,0.9242873985650703,0.14,False
43.027511859808165,0.003820734484529965,0.046613735426596935,0.924243587941686,0.14,False
43.03371268385495,0.0038207465689816308,0.046584708940278975,0.9241997412704727,0.14,False
43.039913507901744,0.0038207586494657334,0.04655569198393571,0.9241558585127387,0.14,False
43.046114331948516,0.0038207707259826284,0.046526684556722056,0.9241119396297446,0.14,False
43.05231515599531,0.003820782798532656,0.04649768665779412,0.9240679845827017,0.14,False
43.05851598004208,0.00382079486711618,0.046468698286310686,0.924023993332774,0.14,False
43.064716804088874,0.003820806931733548,0.04643971944143216,0.9239799658410762,0.14,False
43.070917628135646,0.0038208189923851065,0.0464107501223209,0.9239359020686752,0.14,False
43.07711845218244,0.0038208310490712065,0.046381790328141256,0.923891801976589,0.14,False
43.083319276229226,0.003820843101792186,0.046352840058059626,0.9238476655257878,0.14,False
43.089520100276005,0.003820855150548401,0.04632389931124414,0.9238034926771918,0.14,False
43.09572092432279,0.0038208671953401906,0.04629496808686527,0.9237592833916736,0.14,False
43.10192174836957,0.0038208792361679018,0.04626604638409477,0.9237150376300564,0.14,False
43.108122572416356,0.003820891273031878,0.04623713420210684,0.9236707553531148,0.14,False
43.11432339646314,0.003820903305932464,0.04620823154007764,0.9236264365215745,0.14,False
43.12052422050992,0.0038209153348700018,0.04617933839718509,0.9235820810961122,0.14,False
43.12672504455671,0.0038209273598448345,0.04615045477260895,0.9235376890373551,0.14,False
43.132925868603486,0.0038209393808573034,0.046121580665531174,0.9234932603058822,0.14,False
43.13912669265027,0.0038209513979077566,0.04609271607513559,0.9234487948622224,0.14,False
43.14532751669705,0.0038209634109964883,0.04606386100060788,0.9234042926668568,0.14,False
43.151528340743845,0.0038209754201238766,0.04603501544113562,0.9233597536802151,0.14,False
43.15772916479063,0.0038209874252902593,0.046006179395908516,0.9233151778626788,0.14,False
43.16392998883741,0.0038209994264959686,0.04597735286411824,0.9232705651745804,0.14,False
43.170130812884196,0.0038210114237413394,0.04594853584495804,0.9232259155762018,0.14,False
43.176331636930975,0.0038210234170267077,0.04591972833762359,0.9231812290277766,0.14,False
43.18253246097776,0.0038210354063524053,0.04589093034131217,0.9231365054894874,0.14,False
43.18873328502455,0.003821047391718763,0.04586214185522299,0.9230917449214683,0.14,False
43.194934109071326,0.003821059373126119,0.045833362878557486,0.9230469472838029,0.14,False
43.20113493311811,0.003821071350574801,0.04580459341051873,0.9230021125365253,0.14,False
43.20733575716489,0.003821083324065135,0.04577583345031202,0.92295724063962,0.14,False
43.21353658121168,0.0038210952935974624,0.04574708299714445,0.9229123315530209,0.14,False
43.21973740525847,0.003821107259172105,0.0457183420502248,0.9228673852366119,0.14,False
43.22593822930524,0.0038211192207893937,0.04568961060876414,0.9228224016502273,0.14,False
43.232139053352036,0.003821131178449659,0.045660888671975354,0.9227773807536509,0.14,False
43.23833987739881,0.003821143132153222,0.04563217623907331,0.9227323225066165,0.14,False
43.2445407014456,0.0038211550819004046,0.04560347330927466,0.9226872268688077,0.14,False
43.25074152549237,0.0038211670276915447,0.0455747798817984,0.9226420937998575,0.14,False
43.256942349539166,0.003821178969526961,0.04554609595586491,0.9225969232593483,0.14,False
43.26314317358595,0.0038211909074069763,0.0455174215306968,0.9225517152068122,0.14,False
43.26934399763273,0.0038212028413319075,0.045488756605518675,0.9225064696017313,0.14,False
43.275544821679524,0.003821214771302088,0.04546010117955693,0.9224611864035364,0.14,False
43.281745645726296,0.0038212266973178433,0.045431455252039954,0.9224158655716073,0.14,False
43.28794646977309,0.003821238619379483,0.0454028188221981,0.9223705070652742,0.14,False
43.29414729381987,0.0038212505374873263,0.04537419188926356,0.9223251108438156,0.14,False
43.300348117866655,0.003821262451641691,0.045345574452470575,0.9222796768664595,0.14,False
43.306548941913434,0.003821274361842899,0.045316966511055365,0.9222342050923827,0.14,False
43.31274976596022,0.003821286268091269,0.04528836806425604,0.9221886954807115,0.14,False
43.318950590007,0.0038212981703871153,0.04525977911131236,0.9221431479905202,0.14,False
43.325151414053785,0.0038213100687307594,0.04523119965146637,0.9220975625808325,0.14,False
43.33135223810057,0.003821321963122509,0.045202629683962145,0.9220519392106215,0.14,False
43.33755306214736,0.0038213338535626504,0.045174069208045085,0.9220062778388081,0.14,False
43.343753886194136,0.003821345740051539,0.04514551822296318,0.9219605784242616,0.14,False
43.34995471024092,0.00382135762258948,0.04511697672796595,0.9219148409258006,0.14,False
43.3561555342877,0.003821369501176775,0.04508844472230519,0.9218690653021924,0.14,False
43.36235635833449,0.003821381375813742,0.04505992220523427,0.9218232515121518,0.14,False
43.368557182381274,0.0038213932465006838,0.04503140917600872,0.9217773995143432,0.14,False
43.37475800642805,0.003821405113237916,0.04500290563388591,0.921731509267378,0.14,False
43.38095883047484,0.003821416976025744,0.04497441157812521,0.921685580729817,0.14,False
43.38715965452162,0.0038214288348644744,0.04494592700798786,0.9216396138601686,0.14,False
43.39336047856841,0.0038214406897544165,0.044917451922737016,0.9215936086168891,0.14,False
43.39956130261519,0.003821452540695873,0.04488898632163772,0.9215475649583832,0.14,False
43.405762126661976,0.0038214643876891548,0.04486053020395721,0.9215014828430037,0.14,False
43.41196295070876,0.0038214762307345615,0.044832083568964565,0.9214553622290512,0.14,False
43.41816377475554,0.0038214880698324,0.0448036464159303,0.9214092030747736,0.14,False
43.42436459880233,0.003821499904982964,0.04477521874412733,0.9213630053383671,0.14,False
43.43056542284911,0.0038215117361865654,0.04474680055283053,0.9213167689779755,0.14,False
43.43676624689589,0.0038215235634435057,0.04471839184131668,0.9212704939516904,0.14,False
43.44296707094268,0.0038215353867540785,0.044689992608864255,0.9212241802175506,0.14,False
43.44916789498946,0.003821547206118584,0.04466160285475375,0.9211778277335426,0.14,False
43.45536871903625,0.0038215590215373236,0.044633222578267816,0.9211314364576004,0.14,False
43.46156954308302,0.003821570833010597,0.04460485177869076,0.9210850063476054,0.14,False
43.467770367129816,0.0038215826405387015,0.044576490455308905,0.9210385373613855,0.14,False
43.47397119117659,0.003821594444121929,0.04454813860741032,0.9209920294567168,0.14,False
43.48017201522338,0.0038216062437605777,0.04451979623428558,0.9209454825913226,0.14,False
43.48637283927016,0.0038216180394549408,0.044491463335226474,0.9208988967228725,0.14,False
43.492573663316946,0.0038216298312053155,0.04446313990952705,0.9208522718089833,0.14,False
43.498774487363725,0.0038216416190119925,0.044434825956483376,0.9208056078072191,0.14,False
43.50497531141051,0.0038216534028752648,0.04440652147539319,0.9207589046750908,0.14,False
43.5111761354573,0.003821665182795433,0.04437822646555646,0.9207121623700557,0.14,False
43.517376959504084,0.00382167695877276,0.044349940926274777,0.9206653808495188,0.14,False
43.52357778355087,0.003821688730807545,0.0443216648568518,0.9206185600708305,0.14,False
43.52977860759765,0.00382170049890009,0.04429339825659294,0.9205716999912883,0.14,False
43.535979431644435,0.0038217122630506846,0.04426514112480593,0.9205248005681366,0.14,False
43.542180255691214,0.0038217240232596094,0.044236893460800085,0.9204778617585657,0.14,False
43.54838107973801,0.0038217357795271543,0.04420865526388666,0.9204308835197124,0.14,False
43.55458190378478,0.0038217475318536027,0.04418042653337909,0.9203838658086605,0.14,False
43.56078272783157,0.003821759280239238,0.0441522072685923,0.9203368085824389,0.14,False
43.566983551878344,0.00382177102468435,0.044123997468843594,0.9202897117980238,0.14,False
43.57318437592514,0.0038217827651892224,0.044095797133451894,0.9202425754123362,0.14,False
43.57938519997192,0.003821794501754129,0.044067606261738064,0.9201953993822446,0.14,False
43.5855860240187,0.003821806234379357,0.044039424853025075,0.9201481836645623,0.14,False
43.59178684806549,0.0038218179630651918,0.044011252906637675,0.9201009282160492,0.14,False
43.59798767211227,0.0038218296878119113,0.04398309042190258,0.9200536329934108,0.14,False
43.604188496159054,0.003821841408619795,0.04395493739814823,0.9200062979532978,0.14,False
43.61038932020583,0.0038218531254891105,0.04392679383470511,0.9199589230523074,0.14,False
43.61659014425262,0.00382186483842015,0.043898659730905884,0.9199115082469823,0.14,False
43.622790968299405,0.0038218765474131843,0.04387053508608477,0.91986405349381,0.14,False
43.628991792346184,0.0038218882524684947,0.043842419899578114,0.9198165587492244,0.14,False
43.63519261639298,0.0038218999535863524,0.043814314170724095,0.9197690239696042,0.14,False
43.64139344043976,0.003821911650767035,0.04378621789886271,0.9197214491112735,0.14,False
43.64759426448654,0.003821923344010816,0.04375813108333616,0.919673834130502,0.14,False
43.65379508853332,0.0038219350333179624,0.043730053723488066,0.9196261789835039,0.14,False
43.65999591258011,0.0038219467186887558,0.04370198581866455,0.9195784836264392,0.14,False
43.666196736626894,0.0038219584001234616,0.043673927368213225,0.9195307480154126,0.14,False
43.67239756067367,0.00382197007762236,0.04364587837148384,0.9194829721064738,0.14,False
43.67859838472046,0.0038219817511857285,0.04361783882782773,0.9194351558556167,0.14,False
43.68479920876724,0.003821993420813808,0.04358980873659864,0.9193872992187817,0.14,False
43.691000032814024,0.0038220050865068913,0.04356178809715203,0.9193394021518528,0.14,False
43.69720085686081,0.0038220167482651882,0.04353377690884508,0.9192914646106595,0.14,False
43.7034016809076,0.003822028406089034,0.04350577517103695,0.919243486550974,0.14,False
43.709602504954375,0.003822040059978678,0.043477782883089004,0.9191954679285149,0.14,False
43.71580332900116,0.003822051709934383,0.04344980004436407,0.9191474086989444,0.14,False
43.72200415304794,0.00382206335595641,0.04342182665422741,0.9190993088178697,0.14,False
43.72820497709473,0.0038220749980450233,0.04339386271204561,0.9190511682408418,0.14,False
43.734405801141506,0.003822086636200483,0.04336590821718741,0.9190029869233557,0.14,False
43.7406066251883,0.003822098270423055,0.043337963169023615,0.9189547648208514,0.14,False
43.74680744923507,0.0038221099007129987,0.043310027566926784,0.9189065018887123,0.14,False
43.753008273281864,0.0038221215270705725,0.043282101410271494,0.9188581980822664,0.14,False
43.75920909732864,0.003822133149496038,0.043254184698434,0.918809853356785,0.14,False
43.76540992137543,0.0038221447679896593,0.04322627743079281,0.9187614676674839,0.14,False
43.77161074542222,0.003822156382551689,0.04319837960672791,0.9187130409695219,0.14,False
43.777811569468994,0.003822167993182386,0.04317049122562147,0.9186645732180024,0.14,False
43.78401239351579,0.0038221795998820023,0.043142612286857764,0.9186160643679724,0.14,False
43.79021321756256,0.0038221912026507898,0.04311474278982247,0.9185675143744219,0.14,False
43.79641404160935,0.0038222028014890125,0.043086882733903376,0.9185189231922843,0.14,False
43.802614865656125,0.003822214396396923,0.043059032118490284,0.9184702907764373,0.14,False
43.80881568970292,0.003822225987374773,0.0430311909429749,0.9184216170817012,0.14,False
43.815016513749704,0.0038222375744228153,0.04300335920675079,0.9183729020628402,0.14,False
43.82121733779648,0.0038222491575413027,0.042975536909213304,0.918324145674561,0.14,False
43.82741816184327,0.0038222607367304857,0.04294772404975987,0.9182753478715145,0.14,False
43.83361898589005,0.003822272311990617,0.04291992062778973,0.9182265086082935,0.14,False
43.839819809936834,0.0038222838833219435,0.04289212664270392,0.9181776278394341,0.14,False
43.84602063398362,0.0038222954507247118,0.0428643420939056,0.9181287055194162,0.14,False
43.8522214580304,0.003822307014199172,0.042836566980799747,0.9180797416026614,0.14,False
43.858422282077186,0.00382231857374557,0.04280880130279321,0.918030736043535,0.14,False
43.864623106123965,0.0038223301293641592,0.04278104505929459,0.9179816887963439,0.14,False
43.87082393017075,0.003822341681055161,0.04275329824971466,0.917932599815339,0.14,False
43.877024754217544,0.00382235322881883,0.04272556087346596,0.917883469054713,0.14,False
43.88322557826432,0.0038223647726554283,0.042697832929962876,0.9178342964686005,0.14,False
43.88942640231111,0.0038223763125651913,0.0426701144186217,0.9177850820110792,0.14,False
43.89562722635789,0.0038223878485483588,0.042642405338860885,0.9177358256361694,0.14,False
43.901828050404674,0.0038223993806051713,0.04261470569010019,0.917686527297833,0.14,False
43.90802887445145,0.0038224109087358713,0.04258701547176187,0.9176371869499742,0.14,False
43.91422969849824,0.0038224224329406952,0.04255933468326983,0.9175878045464398,0.14,False
43.920430522545026,0.0038224339532198833,0.04253166332404982,0.9175383800410183,0.14,False
43.926631346591805,0.0038224454695736762,0.04250400139352954,0.9174889133874398,0.14,False
43.93283217063859,0.0038224569820023077,0.04247634889113864,0.917439404539377,0.14,False
43.93903299468537,0.003822468490506019,0.04244870581630862,0.9173898534504438,0.14,False
43.945233818732156,0.003822479995085041,0.04242107216847278,0.917340260074196,0.14,False
43.95143464277895,0.0038224914957396116,0.04239344794706649,0.9172906243641312,0.14,False
43.95763546682572,0.0038225029924699675,0.04236583315152679,0.9172409462736885,0.14,False
43.963836290872514,0.003822514485276329,0.04233822778129279,0.9171912257562482,0.14,False
43.970037114919286,0.003822525974158943,0.042310631835805586,0.917141462765133,0.14,False
43.97623793896608,0.003822537459118038,0.0422830453145077,0.9170916572536053,0.14,False
43.98243876301285,0.003822548940153845,0.042255468216844026,0.91704180917487,0.14,False
43.988639587059644,0.0038225604172665946,0.04222790054226126,0.9169919184820733,0.14,False
43.99484041110643,0.003822571890456518,0.04220034229020775,0.9169419851283015,0.14,False
44.00104123515321,0.0038225833597238415,0.04217279346013382,0.9168920090665827,0.14,False
44.0072420592,0.003822594825068798,0.042145254051492005,0.9168419902498863,0.14,False
44.013442883246775,0.003822606286491609,0.04211772406373609,0.9167919286311214,0.14,False
44.01964370729357,0.0038226177439925004,0.04209020349632224,0.9167418241631388,0.14,False
44.02584453134035,0.003822629197571702,0.04206269234870856,0.9166916767987302,0.14,False
44.03204535538713,0.003822640647229439,0.042035190620354705,0.9166414864906275,0.14,False
44.03824617943391,0.003822652092965938,0.04200769831072241,0.916591253191503,0.14,False
44.0444470034807,0.003822663534781398,0.041980215419275387,0.9165409768539708,0.14,False
44.05064782752748,0.003822674972676055,0.04195274194547877,0.9164906574305834,0.14,False
44.05684865157426,0.0038226864066501476,0.04192527788880007,0.9164402948738349,0.14,False
44.06304947562105,0.003822697836703889,0.0418978232487087,0.9163898891361598,0.14,False
44.069250299667836,0.003822709262837499,0.041870378024675296,0.9163394401699316,0.14,False
44.075451123714615,0.0038227206850511937,0.04184294221617311,0.9162889479274655,0.14,False
44.0816519477614,0.003822732103345191,0.04181551582267697,0.9162384123610159,0.14,False
44.08785277180818,0.0038227435177197113,0.04178809884366368,0.9161878334227773,0.14,False
44.094053595854966,0.003822754928174969,0.04176069127861186,0.9161372110648841,0.14,False
44.10025441990175,0.0038227663347111794,0.04173329312700205,0.9160865452394109,0.14,False
44.10645524394853,0.0038227777373285566,0.04170590438831645,0.916035835898371,0.14,False
44.11265606799532,0.003822789136027319,0.041678525062039305,0.9159850829937182,0.14,False
44.118856892042096,0.0038228005308076824,0.04165115514765687,0.9159342864773456,0.14,False
44.12505771608889,0.0038228119216698604,0.04162379464465702,0.9158834463010859,0.14,False
44.131258540135676,0.0038228233086140583,0.041596443552529644,0.915832562416711,0.14,False
44.137459364182455,0.0038228346916405007,0.041569101870766616,0.9157816347759327,0.14,False
44.14366018822924,0.0038228460707493933,0.041541769598861404,0.9157306633304012,0.14,False
44.14986101227602,0.003822857445940943,0.04151444673630962,0.9156796480317068,0.14,False
44.156061836322806,0.0038228688172153593,0.041487133282608536,0.9156285888313782,0.14,False
44.162262660369585,0.003822880184572852,0.041459829237257495,0.9155774856808838,0.14,False
44.16846348441637,0.0038228915480136294,0.04143253459975753,0.9155263385316302,0.14,False
44.17466430846316,0.0038229029075378972,0.04140524936961157,0.9154751473349635,0.14,False
44.180865132509936,0.0038229142631458633,0.04137797354632454,0.915423912042168,0.14,False
44.18706595655673,0.003822925614837729,0.04135070712940314,0.9153726326044676,0.14,False
44.1932667806035,0.0038229369626137004,0.041323450118355864,0.9153213089730236,0.14,False
44.199467604650295,0.003822948306473984,0.041296202512693336,0.9152699410989371,0.14,False
44.20566842869707,0.0038229596464187826,0.041268964311927815,0.9152185289332472,0.14,False
44.21186925274386,0.003822970982448314,0.04124173551557348,0.9151670724269306,0.14,False
44.21807007679064,0.0038229823145627204,0.041214516123146375,0.9151155715309045,0.14,False
44.224270900837425,0.0038229936427622503,0.04118730613416437,0.9150640261960217,0.14,False
44.230471724884204,0.003823004967047103,0.04116010554814729,0.9150124363730746,0.14,False
44.23667254893099,0.003823016287417472,0.04113291436461679,0.9149608020127934,0.14,False
44.242873372977776,0.0038230276038735563,0.0411057325830964,0.9149091230658465,0.14,False
44.24907419702456,0.0038230389164155523,0.041078560203111424,0.9148573994828398,0.14,False
44.25527502107135,0.003823050225043658,0.04105139722418921,0.9148056312143179,0.14,False
44.26147584511813,0.0038230615297580686,0.04102424364585862,0.9147538182107617,0.14,False
44.26767666916491,0.0038230728305589765,0.04099709946765085,0.9147019604225913,0.14,False
44.27387749321169,0.003823084127446577,0.040969964689098755,0.914650057800164,0.14,False
44.280078317258486,0.003823095420421067,0.04094283930973686,0.9145981102937739,0.14,False
44.28627914130526,0.003823106709482638,0.040915723329101664,0.9145461178536528,0.14,False
44.29247996535205,0.0038231179946314827,0.040888616746731686,0.9144940804299707,0.14,False
44.29868078939882,0.003823129275867792,0.040861519562167124,0.9144419979728341,0.14,False
44.304881613445616,0.003823140553191753,0.040834431774950025,0.9143898704322866,0.14,False
44.311082437492395,0.0038231518266035594,0.04080735338462447,0.9143376977583094,0.14,False
44.31728326153918,0.003823163096103398,0.04078028439073608,0.9142854799008205,0.14,False
44.32348408558597,0.0038231743616914627,0.040753224792832686,0.914233216809675,0.14,False
44.329684909632746,0.0038231856233679347,0.040726174590463855,0.9141809084346647,0.14,False
44.33588573367953,0.0038231968811330026,0.04069913378318093,0.9141285547255186,0.14,False
44.34208655772631,0.003823208134986856,0.04067210237053705,0.9140761556319015,0.14,False
44.3482873817731,0.0038232193849296737,0.04064508035208736,0.9140237111034158,0.14,False
44.354488205819884,0.0038232306309616453,0.04061806772738897,0.9139712210896005,0.14,False
44.36068902986666,0.003823241873082955,0.04059106449600036,0.9139186855399298,0.14,False
44.366889853913456,0.0038232531112937823,0.04056407065748231,0.9138661044038158,0.14,False
44.373090677960235,0.003823264345594314,0.040537086211397254,0.9138134776306059,0.14,False
44.37929150200702,0.0038232755759847353,0.04051011115730959,0.9137608051695844,0.14,False
44.3854923260538,0.0038232868024651824,0.040483145494785475,0.913708086969972,0.14,False
44.391693150100586,0.003823298025035891,0.040456189223392815,0.9136553229809236,0.14,False
44.39789397414737,0.003823309243697024,0.0404292423427017,0.9136025131515323,0.14,False
44.40409479819415,0.003823320458448762,0.04040230485228376,0.913549657430826,0.14,False
44.41029562224094,0.0038233316692912757,0.040375376751712565,0.9134967557677687,0.14,False
44.41649644628772,0.0038233428762247407,0.04034845804056357,0.9134438081112602,0.14,False
44.4226972703345,0.003823354079249339,0.040321548718413876,0.9133908144101356,0.14,False
44.42889809438129,0.003823365278365244,0.04029464878484276,0.913337774613166,0.14,False
44.435098918428075,0.0038233764735726298,0.04026775823943104,0.9132846886690578,0.14,False
44.441299742474854,0.0038233876648716674,0.04024087708176163,0.9132315565264528,0.14,False
44.44750056652164,0.0038233988522625344,0.04021400531141894,0.913178378133928,0.14,False
44.45370139056842,0.0038234100357453986,0.04018714292798955,0.9131251534399961,0.14,False
44.45990221461521,0.0038234212153204377,0.040160289931061646,0.9130718823931042,0.14,False
44.466103038661984,0.0038234323909878158,0.04013344632022553,0.9130185649416354,0.14,False
44.47230386270878,0.003823443562747699,0.040106612095073144,0.9129652010339073,0.14,False
44.47850468675555,0.0038234547306002674,0.04007978725519836,0.9129117906181726,0.14,False
44.48470551080234,0.0038234658945456826,0.04005297180019653,0.912858333642618,0.14,False
44.49090633484912,0.0038234770545841194,0.04002616572966535,0.9128048300553662,0.14,False
44.49710715889591,0.0038234882107157416,0.039999369043204176,0.9127512798044738,0.14,False
44.5033079829427,0.0038234993629407215,0.03997258174041405,0.9126976828379323,0.14,False
44.50950880698947,0.003823510511259218,0.039945803820897935,0.9126440391036672,0.14,False
44.515709631036266,0.0038235216556713864,0.03991903528426067,0.9125903485495394,0.14,False
44.52191045508304,0.0038235327961773963,0.039892276130109025,0.9125366111233435,0.14,False
44.52811127912983,0.003823543932777414,0.039865526358051274,0.9124828267728081,0.14,False
44.5343121031766,0.0038235550654716058,0.03983878596769775,0.9124289954455962,0.14,False
44.540512927223396,0.003823566194260127,0.03981205495866075,0.9123751170893052,0.14,False
44.54671375127018,0.0038235773191431064,0.03978533333055421,0.9123211916514671,0.14,False
44.55291457531696,0.0038235884401207516,0.03975862108299377,0.9122672190795456,0.14,False
44.55911539936375,0.003823599557193214,0.03973191821559715,0.9122131993209398,0.14,False
44.56531622341053,0.003823610670360644,0.03970522472798375,0.9121591323229825,0.14,False
44.57151704745731,0.0038236217796232,0.039678540619774855,0.9121050180329402,0.14,False
44.5777178715041,0.0038236328849810346,0.03965186589059348,0.9120508563980125,0.14,False
44.58391869555088,0.0038236439864343086,0.0396252005400647,0.911996647365333,0.14,False
44.590119519597664,0.003823655083983173,0.03959854456781513,0.9119423908819687,0.14,False
44.59632034364444,0.0038236661776277895,0.03957189797347339,0.9118880868949191,0.14,False
44.60252116769123,0.0038236772673683043,0.03954526075666993,0.9118337353511182,0.14,False
44.60872199173802,0.003823688353204876,0.03951863291703681,0.9117793361974322,0.14,False
44.6149228157848,0.0038236994351376562,0.03949201445420806,0.9117248893806604,0.14,False
44.62112363983159,0.0038237105131667995,0.039465405367819596,0.9116703948475356,0.14,False
44.62732446387837,0.0038237215872924473,0.03943880565750912,0.9116158525447238,0.14,False
44.63352528792515,0.003823732657514757,0.039412215322915875,0.9115612624188223,0.14,False
44.63972611197193,0.0038237437238338792,0.0393856343636813,0.9115066244163624,0.14,False
44.64592693601872,0.003823754786249961,0.039359062779448555,0.9114519384838082,0.14,False
44.652127760065504,0.0038237658447631473,0.03933250056986247,0.9113972045675555,0.14,False
44.65832858411228,0.003823776899373587,0.039305947734569774,0.9113424226139331,0.14,False
44.66452940815907,0.0038237879500814306,0.03927940427321907,0.9112875925692021,0.14,False
44.67073023220585,0.0038237989968868164,0.03925287018546062,0.9112327143795559,0.14,False
44.676931056252634,0.0038238100397898953,0.03922634547094678,0.9111777879911203,0.14,False
44.68313188029943,0.003823821078790806,0.039199830129331356,0.9111228133499527,0.14,False
44.6893327043462,0.0038238321138896973,0.039173324160270244,0.9110677904020432,0.14,False
44.69553352839299,0.0038238431450867087,0.03914682756342085,0.911012719093313,0.14,False
44.701734352439765,0.003823854172381991,0.03912034033844287,0.9109575993696163,0.14,False
44.70793517648656,0.0038238651957756683,0.03909386248499733,0.9109024311767384,0.14,False
44.71413600053333,0.0038238762152678703,0.039067394002747266,0.9108472144603968,0.14,False
44.72033682458012,0.0038238872308587594,0.03904093489135767,0.9107919491662401,0.14,False
44.72653764862691,0.003823898242548474,0.039014485150494986,0.910736635239848,0.14,False
44.73273847267369,0.0038239092503371493,0.03898804477982773,0.9106812726267327,0.14,False
44.73893929672048,0.0038239202542249217,0.038961613779025996,0.9106258612723368,0.14,False
44.74514012076725,0.0038239312542119315,0.03893519214776193,0.9105704011220349,0.14,False
44.75134094481405,0.0038239422502983084,0.03890877988570938,0.9105148921211328,0.14,False
44.757541768860825,0.0038239532424841896,0.03888237699254391,0.9104593342148666,0.14,False
44.76374259290761,0.0038239642307697093,0.03885598346794304,0.9104037273484044,0.14,False
44.76994341695439,0.0038239752151550043,0.038829599311586034,0.9103480714668446,0.14,False
44.77614424100118,0.003823986195640206,0.038803224523154,0.9102923665152169,0.14,False
44.782345065047956,0.0038239971722254487,0.03877685910232947,0.9102366124384808,0.14,False
44.78854588909475,0.0038240081449108566,0.03875050304879728,0.9101808091815277,0.14,False
44.79474671314153,0.003824019113696561,0.038724156362243814,0.9101249566891787,0.14,False
44.800947537188314,0.0038240300785826933,0.03869781904235721,0.9100690549061858,0.14,False
44.80714836123509,0.0038240410395693858,0.03867149108882749,0.9100131037772313,0.14,False
44.81334918528188,0.0038240519966567642,0.038645172501346504,0.9099571032469275,0.14,False
44.81955000932866,0.003824062949844957,0.03861886327960795,0.9099010532598178,0.14,False
44.825750833375444,0.003824073899134091,0.03859256342330712,0.909844953760375,0.14,False
44.83195165742223,0.0038240848445242896,0.03856627293214106,0.9097888046930017,0.14,False
44.83815248146901,0.0038240957860156814,0.038539991805808825,0.9097326060020312,0.14,False
44.844353305515796,0.0038241067236083927,0.03851372004401135,0.9096763576317268,0.14,False
44.850554129562575,0.003824117657302543,0.03848745764645085,0.9096200595262802,0.14,False
44.85675495360937,0.0038241285870982624,0.038461204612831625,0.909563711629814,0.14,False
44.862955777656154,0.00382413951299569,0.03843496094285999,0.9095073138863798,0.14,False
44.86915660170293,0.003824150434994872,0.03840872663624377,0.909450866239961,0.14,False
44.87535742574972,0.0038241613530959943,0.03838250169269267,0.9093943686344669,0.14,False
44.8815582497965,0.0038241722672991705,0.03835628611191798,0.9093378210137377,0.14,False
44.887759073843284,0.003824183177604515,0.03833007989363306,0.9092812233215433,0.14,False
44.89395989789006,0.003824194084012147,0.03830388303755279,0.909224575501582,0.14,False
44.90016072193685,0.00382420498652218,0.03827769554339423,0.9091678774974823,0.14,False
44.906361545983636,0.0038242158851347382,0.03825151741087569,0.9091111292528004,0.14,False
44.912562370030415,0.0038242267798499364,0.03822534863971751,0.9090543307110216,0.14,False
44.9187631940772,0.003824237670667884,0.038199189229642015,0.9089974818155613,0.14,False
44.92496401812398,0.003824248557588703,0.03817303918037316,0.9089405825097625,0.14,False
44.93116484217077,0.003824259440612503,0.03814689849163629,0.9088836327368965,0.14,False
44.93736566621755,0.003824270319739404,0.038120767163158945,0.9088266324401636,0.14,False
44.94356649026434,0.003824281194969518,0.03809464519467064,0.9087695815626936,0.14,False
44.94976731431112,0.003824292066302943,0.03806853258590184,0.9087124800475427,0.14,False
44.9559681383579,0.0038243029337398033,0.03804242933658562,0.9086553278376966,0.14,False
44.96216896240468,0.0038243137972802047,0.03801633544645655,0.9085981248760695,0.14,False
44.96836978645147,0.00382432465692426,0.03799025091525081,0.9085408711055026,0.14,False
44.974570610498255,0.0038243355126720753,0.037964175742706545,0.9084835664687662,0.14,False
44.98077143454504,0.003824346364523763,0.03793810992856358,0.9084262109085576,0.14,False
44.98697225859183,0.0038243572124794286,0.03791205347256336,0.9083688043675021,0.14,False
44.993173082638606,0.0038243680565391816,0.03788600637444955,0.9083113467881537,0.14,False
44.99937390668539,0.0038243788967031265,0.03785996863396691,0.9082538381129928,0.14,False
45.00557473073217,0.0038243897329713673,0.03783394025086248,0.9081962782844276,0.14,False
45.011775554778964,0.003824400565344006,0.03780792122488487,0.9081386672447945,0.14,False
45.017976378825736,0.0038244113938211625,0.037781911555784614,0.9080810049363567,0.14,False
45.02417720287253,0.0038244222184028818,0.037755911243313726,0.9080232913013057,0.14,False
45.0303780269193,0.003824433039089333,0.037729920287226174,0.9079655262817579,0.14,False
45.036578850966094,0.0038244438558806006,0.0377039386872777,0.9079077098197588,0.14,False
45.04277967501287,0.0038244546687767815,0.037677966443225686,0.9078498418572801,0.14,False
45.04898049905966,0.0038244654777779786,0.03765200355482936,0.9077919223362212,0.14,False
45.055181323106446,0.0038244762828842896,0.03762605002184975,0.9077339511984073,0.14,False
45.061382147153225,0.0038244870840958077,0.037600105844049346,0.9076759283855912,0.14,False
45.06758297120001,0.0038244978814126404,0.037574171021192836,0.9076178538394518,0.14,False
45.07378379524679,0.0038245086748348762,0.03754824555304631,0.9075597275015951,0.14,False
45.079984619293576,0.0038245194643626197,0.037522329439377784,0.9075015493135526,0.14,False
45.08618544334036,0.0038245302499959597,0.03749642267995685,0.9074433192167835,0.14,False
45.09238626738715,0.0038245410317349956,0.03747052527455495,0.9073850371526718,0.14,False
45.09858709143393,0.003824551809579825,0.037444637222945505,0.9073267030625295,0.14,False
45.10478791548071,0.003824562583530527,0.037418758524903166,0.9072683168875928,0.14,False
45.1109887395275,0.003824573353587208,0.037392889180204794,0.9072098785690254,0.14,False
45.117189563574286,0.0038245841197499567,0.03736702918862888,0.9071513880479162,0.14,False
45.123390387621065,0.0038245948820188652,0.03734117854995552,0.90709284526528,0.14,False
45.12959121166785,0.0038246056403940217,0.0373153372639667,0.9070342501620579,0.14,False
45.13579203571463,0.0038246163948755206,0.03728950533044602,0.9069756026791154,0.14,False
45.141992859761416,0.00382462714546345,0.03726368274917891,0.9069169027572449,0.14,False
45.148193683808195,0.0038246378921578976,0.037237869519952435,0.9068581503371633,0.14,False
45.15439450785498,0.003824648634958955,0.037212065642555484,0.9067993453595132,0.14,False
45.16059533190177,0.0038246593738667047,0.037186271116778725,0.9067404877648629,0.14,False
45.16679615594855,0.0038246701088812322,0.037160485942414515,0.9066815774937054,0.14,False
45.17299697999533,0.0038246808400026473,0.037134710119256946,0.9066226144864585,0.14,False
45.17919780404212,0.0038246915672309626,0.037108943647101704,0.9065635986834668,0.14,False
45.1853986280889,0.0038247022905663276,0.03708318652574657,0.9065045300249974,0.14,False
45.19159945213569,0.0038247130100088162,0.037057438754990624,0.9064454084512431,0.14,False
45.19780027618246,0.003824723725558507,0.03703170033463501,0.9063862339023219,0.14,False
45.204001100229256,0.003824734437215483,0.03700597126448241,0.9063270063182759,0.14,False
45.21020192427603,0.0038247451449798264,0.03698025154433741,0.9062677256390724,0.14,False
45.21640274832282,0.003824755848851613,0.03695454117400599,0.9062083918046022,0.14,False
45.2226035723696,0.003824766548830924,0.03692884015329608,0.906149004754681,0.14,False
45.228804396416386,0.0038247772449178374,0.036903148482017326,0.9060895644290486,0.14,False
45.23500522046318,0.0038247879371124385,0.036877466159981276,0.9060300707673695,0.14,False
45.24120604450995,0.003824798625414799,0.03685179318700086,0.9059705237092316,0.14,False
45.247406868556745,0.003824809309825001,0.036826129562891025,0.9059109231941473,0.14,False
45.25360769260352,0.0038248199903431097,0.03680047528746817,0.9058512691615525,0.14,False
45.25980851665031,0.003824830666969214,0.03677483036055067,0.9057915615508068,0.14,False
45.26600934069709,0.0038248413397033807,0.036749194781958386,0.905731800301194,0.14,False
45.272210164743875,0.0038248520085456886,0.03672356855151311,0.9056719853519212,0.14,False
45.278410988790654,0.003824862673496204,0.03669795166903812,0.9056121166421189,0.14,False
45.28461181283744,0.0038248733345550108,0.03667234413435862,0.9055521941108411,0.14,False
45.290812636884226,0.0038248839917221756,0.036646745947301364,0.9054922176970651,0.14,False
45.297013460931005,0.0038248946449977684,0.03662115710769513,0.9054321873396924,0.14,False
45.30321428497779,0.003824905294381861,0.03659557761536977,0.9053721029775454,0.14,False
45.30941510902458,0.0038249159398745206,0.03657000747015755,0.9053119645493719,0.14,False
45.315615933071356,0.003824926581475821,0.03654444667189202,0.9052517719938413,0.14,False
45.32181675711814,0.0038249372191858353,0.03651889522040854,0.9051915252495458,0.14,False
45.32801758116492,0.003824947853004619,0.03649335311554408,0.905131224255001,0.14,False
45.33421840521171,0.003824958482932231,0.03646782035713765,0.9050708689486456,0.14,False
45.3404192292585,0.0038249691089687577,0.03644229694502968,0.9050104592688396,0.14,False
45.34662005330528,0.003824979731114261,0.0364167828790624,0.9049499951538662,0.14,False
45.352820877352066,0.0038249903493688055,0.03639127815907967,0.9048894765419306,0.14,False
45.359021701398845,0.003825000963732454,0.03636578278492705,0.9048289033711607,0.14,False
45.36522252544563,0.0038250115742052707,0.03634029675645176,0.9047682755796064,0.14,False
45.37142334949241,0.003825022180787317,0.03631482007350296,0.9047075931052397,0.14,False
45.377624173539196,0.00382503278347866,0.036289352735931264,0.9046468558859548,0.14,False
45.38382499758598,0.0038250433822793525,0.03626389474358908,0.9045860638595676,0.14,False
45.39002582163276,0.0038250539771894627,0.036238446096330354,0.9045252169638156,0.14,False
45.39622664567955,0.0038250645682090466,0.03621300679401098,0.9044643151363584,0.14,False
45.40242746972633,0.0038250751553381653,0.03618757683648849,0.9044033583147774,0.14,False
45.40862829377311,0.0038250857385768735,0.03616215622362186,0.9043423464365746,0.14,False
45.414829117819906,0.0038250963179252335,0.036136744955272124,0.9042812794391747,0.14,False
45.42102994186668,0.003825106893383298,0.036111343031301875,0.9042201572599231,0.14,False
45.42723076591347,0.003825117464951133,0.03608595045157502,0.9041589798360857,0.14,False
45.43343158996024,0.0038251280326287848,0.0360605672159576,0.9040977471048507,0.14,False
45.439632414007036,0.0038251385964163096,0.03603519332431718,0.9040364590033267,0.14,False
45.44583323805381,0.0038251491563137657,0.03600982877652311,0.9039751154685438,0.14,False
45.4520340621006,0.0038251597123212045,0.035984473572446496,0.9039137164374529,0.14,False
45.45823488614739,0.0038251702644386816,0.03595912771195975,0.9038522618469247,0.14,False
45.46443571019417,0.00382518081266625,0.0359337911949372,0.9037907516337512,0.14,False
45.47063653424095,0.003825191357003962,0.03590846402125492,0.9037291857346457,0.14,False
45.47683735828773,0.003825201897451852,0.03588314619079062,0.903667564086241,0.14,False
45.483038182334525,0.0038252124340099783,0.03585783770342356,0.9036058866250908,0.14,False
45.489239006381304,0.0038252229666784023,0.035832538559034705,0.903544153287668,0.14,False
45.49543983042809,0.0038252334954571704,0.03580724875750693,0.9034823640103672,0.14,False
45.50164065447487,0.0038252440203463286,0.03578196829872447,0.9034205187295022,0.14,False
45.507841478521655,0.0038252545413459205,0.03575669718257343,0.9033586173813072,0.14,False
45.514042302568434,0.003825265058455996,0.03573143540894145,0.9032966599019356,0.14,False
45.52024312661523,0.003825275571676603,0.03570618297771793,0.9032346462274615,0.14,False
45.526443950662006,0.0038252860810077814,0.035680939888794054,0.9031725762938786,0.14,False
45.53264477470879,0.0038252965864495805,0.03565570614206248,0.9031104500370994,0.14,False
45.53884559875557,0.0038253070880020393,0.03563048173741747,0.9030482673929567,0.14,False
45.54504642280236,0.0038253175856652073,0.0356052666747551,0.9029860282972021,0.14,False
45.55124724684914,0.0038253280794391174,0.035580060953973036,0.9029237326855067,0.14,False
45.55744807089592,0.0038253385693238226,0.03555486457497086,0.9028613804934618,0.14,False
45.56364889494271,0.0038253490553193607,0.03552967753764939,0.9027989716565761,0.14,False
45.56984971898949,0.0038253595374257714,0.035504499841911334,0.9027365061102782,0.14,False
45.576050543036274,0.0038253700156430895,0.03547933148766098,0.9026739837899158,0.14,False
45.58225136708305,0.0038253804899713584,0.03545417247480449,0.9026114046307556,0.14,False
45.588452191129846,0.0038253909604106153,0.035429022803249346,0.902548768567982,0.14,False
45.59465301517663,0.0038254014269608998,0.03540388247290502,0.9024860755366994,0.14,False
45.60085383922341,0.003825411889622252,0.03537875148368228,0.9024233254719292,0.14,False
45.6070546632702,0.0038254223483947048,0.035353629835493686,0.9023605183086121,0.14,False
45.61325548731698,0.003825432803278295,0.03532851752825373,0.9022976539816076,0.14,False
45.61945631136376,0.0038254432542730644,0.035303414561878195,0.9022347324256924,0.14,False
45.62565713541054,0.003825453701379031,0.03527832093628456,0.9021717535755623,0.14,False
45.63185795945733,0.0038254641445962263,0.03525323665139209,0.9021087173658309,0.14,False
45.638058783504114,0.0038254745839246956,0.03522816170712166,0.902045623731029,0.14,False
45.64425960755089,0.0038254850193644723,0.03520309610339555,0.9019824726056057,0.14,False
45.65046043159768,0.0038254954509155882,0.03517803984013808,0.9019192639239282,0.14,False
45.65666125564446,0.003825505878578071,0.03515299291727497,0.9018559976202811,0.14,False
45.66286207969125,0.003825516302351953,0.03512795533473347,0.9017926736288663,0.14,False
45.66906290373803,0.003825526722237262,0.03510292709244276,0.9017292918838035,0.14,False
45.67526372778482,0.003825537138234029,0.03507790819033342,0.9016658523191293,0.14,False
45.681464551831596,0.00382554755034228,0.035052898628337874,0.9016023548687987,0.14,False
45.68766537587838,0.0038255579585620377,0.03502789840639,0.9015387994666827,0.14,False
45.69386619992516,0.003825568362893337,0.03500290752442526,0.9014751860465693,0.14,False
45.700067023971954,0.003825578763336197,0.034977925982380975,0.9014115145421643,0.14,False
45.70626784801873,0.0038255891598906492,0.034952953780195875,0.9013477848870897,0.14,False
45.71246867206552,0.0038255995525567138,0.03492799091781043,0.9012839970148843,0.14,False
45.718669496112305,0.0038256099413344186,0.03490303739516681,0.9012201508590042,0.14,False
45.724870320159084,0.0038256203262237846,0.034878093212208576,0.9011562463528212,0.14,False
45.73107114420587,0.0038256307072248377,0.034853158368881205,0.9010922834296243,0.14,False
45.73727196825265,0.0038256410843375936,0.03482823286513158,0.9010282620226184,0.14,False
45.74347279229944,0.0038256514575620787,0.034803316700908096,0.9009641820649246,0.14,False
45.749673616346215,0.003825661826898319,0.034778409876161154,0.9009000434895802,0.14,False
45.75587444039301,0.0038256721923463285,0.0347535123908427,0.9008358462295397,0.14,False
45.76207526443978,0.003825682553906127,0.03472862424490575,0.9007715902176713,0.14,False
45.76827608848657,0.003825692911577735,0.034703745438305546,0.9007072753867609,0.14,False
45.77447691253336,0.0038257032653611434,0.034678875970998606,0.9006429016695099,0.14,False
45.78067773658014,0.003825713615256407,0.03465401584294334,0.9005784689985346,0.14,False
45.786878560626924,0.0038257239612635324,0.034629165054099575,0.9005139773063676,0.14,False
45.7930793846737,0.0038257343033825377,0.034604323604428784,0.9004494265254563,0.14,False
45.79928020872049,0.003825744641613433,0.03457949149389404,0.9003848165881644,0.14,False
45.80548103276727,0.0038257549759562336,0.03455466872246,0.90032014742677,0.14,False
45.811681856814054,0.003825765306410954,0.034529855290092976,0.9002554189734667,0.14,False
45.81788268086084,0.0038257756329776087,0.03450505119676092,0.9001906311603635,0.14,False
45.82408350490763,0.0038257859556562073,0.03448025644243333,0.900125783919484,0.14,False
45.830284328954406,0.003825796274446763,0.03445547102708116,0.900060877182766,0.14,False
45.83648515300119,0.0038258065893492905,0.03443069495067718,0.8999959108820632,0.14,False
45.84268597704798,0.0038258169003637984,0.034405928213195755,0.8999308849491439,0.14,False
45.848886801094764,0.003825827207490295,0.03438117081461293,0.8998657993156907,0.14,False
45.85508762514154,0.003825837510728785,0.03435642275490581,0.8998006539132998,0.14,False
45.86128844918833,0.003825847810079283,0.03433168403405371,0.899735448673483,0.14,False
45.86748927323511,0.0038258581055417968,0.034306954652037154,0.8996701835276654,0.14,False
45.873690097281894,0.0038258683971163373,0.03428223460883856,0.8996048584071872,0.14,False
45.87989092132867,0.0038258786848029067,0.034257523904441665,0.899539473243302,0.14,False
45.88609174537546,0.003825888968601514,0.034232822538831975,0.8994740279671777,0.14,False
45.892292569422246,0.0038258992485121638,0.03420813051199646,0.8994085225098957,0.14,False
45.89849339346903,0.0038259095245348593,0.03418344782392373,0.8993429568024512,0.14,False
45.90469421751581,0.0038259197966696084,0.03415877447460409,0.8992773307757541,0.14,False
45.9108950415626,0.0038259300649164233,0.034134110464029095,0.8992116443606256,0.14,False
45.917095865609376,0.0038259403292752476,0.03410945579219227,0.899145897487804,0.14,False
45.92329668965617,0.0038259505897461537,0.03408481045908844,0.8990800900879364,0.14,False
45.92949751370294,0.0038259608463291255,0.0340601744647143,0.8990142220915867,0.14,False
45.935698337749734,0.003825971099024162,0.034035547809067715,0.89894829342923,0.14,False
45.94189916179651,0.003825981347831255,0.03401093049214827,0.898882304031255,0.14,False
45.9480999858433,0.003825991592750417,0.03398632251395737,0.8988162538279639,0.14,False
45.95430080989008,0.003826001833781635,0.03396172387449766,0.8987501427495712,0.14,False
45.960501633936865,0.0038260120709249098,0.03393713457377362,0.8986839707262045,0.14,False
45.96670245798366,0.0038260223041802375,0.033912554611791094,0.8986177376879035,0.14,False
45.97290328203043,0.0038260325335476215,0.03388798398855758,0.8985514435646206,0.14,False
45.97910410607722,0.003826042759027054,0.03386342270408214,0.898485088286221,0.14,False
45.985304930123995,0.003826052980618532,0.033838870758375494,0.8984186717824821,0.14,False
45.99150575417079,0.003826063198322043,0.03381432815144974,0.8983521939830936,0.14,False
45.99770657821757,0.0038260734121375885,0.03378979488331863,0.898285654817657,0.14,False
46.00390740226435,0.00382608362206516,0.033765270953997346,0.8982190542156856,0.14,False
46.01010822631113,0.0038260938281047523,0.0337407563635029,0.8981523921066054,0.14,False
46.01630905035792,0.0038261040302563576,0.03371625111185373,0.8980856684197541,0.14,False
46.022509874404705,0.003826114228519968,0.03369175519906964,0.8980188830843804,0.14,False
46.02871069845149,0.0038261244228955703,0.033667268625172206,0.8979520360296451,0.14,False
46.03491152249827,0.003826134613383158,0.033642791390184515,0.897885127184621,0.14,False
46.041112346545056,0.0038261447999827242,0.03361832349413123,0.8978181564782917,0.14,False
46.047313170591835,0.003826154982694256,0.033593864937038406,0.8977511238395516,0.14,False
46.05351399463862,0.0038261651615177496,0.03356941571893385,0.8976840291972076,0.14,False
46.0597148186854,0.0038261753364531607,0.03354497583984683,0.8976168724799776,0.14,False
46.065915642732186,0.0038261855075005023,0.03352054529980805,0.897549653616489,0.14,False
46.07211646677898,0.0038261956746597626,0.03349612409884979,0.8974823725352812,0.14,False
46.07831729082576,0.0038262058379309218,0.03347171223700589,0.8974150291648041,0.14,False
46.084518114872544,0.003826215997313969,0.03344730971431194,0.8973476234334188,0.14,False
46.09071893891932,0.0038262261528088865,0.03342291653080475,0.8972801552693965,0.14,False
46.09691976296611,0.0038262363044156565,0.03339853268652276,0.897212624600919,0.14,False
46.103120587012896,0.0038262464521342677,0.033374158181506124,0.8971450313560787,0.14,False
46.109321411059675,0.003826256595964697,0.03334979301579644,0.8970773754628785,0.14,False
46.11552223510646,0.0038262667359069327,0.03332543718943652,0.89700965684923,0.14,False
46.12172305915324,0.0038262768719609496,0.03330109070247105,0.8969418754429564,0.14,False
46.127923883200026,0.003826287004126726,0.03327675355494627,0.8968740311717913,0.14,False
46.134124707246805,0.00382629713240425,0.03325242574690971,0.8968061239633761,0.14,False
46.14032553129359,0.0038263072567934963,0.033228107278410586,0.896738153745264,0.14,False
46.146526355340384,0.0038263173772944458,0.03320379814949947,0.8966701204449163,0.14,False
46.152727179387156,0.0038263274939070754,0.033179498360228654,0.8966020239897052,0.14,False
46.15892800343395,0.003826337606631364,0.03315520791065191,0.8965338643069114,0.14,False
46.16512882748072,0.0038263477154672873,0.03313092680082438,0.8964656413237252,0.14,False
46.171329651527515,0.003826357820414824,0.033106655030803026,0.8963973549672472,0.14,False
46.177530475574294,0.003826367921473948,0.03308239260064581,0.8963290051644847,0.14,False
46.18373129962108,0.003826378018644635,0.03305813951041278,0.8962605918423567,0.14,False
46.189932123667866,0.0038263881119268628,0.03303389576016523,0.8961921149276898,0.14,False
46.196132947714645,0.0038263982013206064,0.03300966134996574,0.896123574347219,0.14,False
46.20233377176143,0.0038264082868258065,0.032985436279878745,0.8960549700275898,0.14,False
46.20853459580821,0.003826418368442476,0.03296122054996993,0.895986301895354,0.14,False
46.214735419855,0.0038264284461705773,0.032937014160306616,0.8959175698769729,0.14,False
46.22093624390178,0.003826438520010081,0.03291281711095768,0.8958487738988171,0.14,False
46.22713706794857,0.0038264485899609573,0.03288862940199341,0.8957799138871645,0.14,False
46.23333789199535,0.0038264586560231737,0.03286445103348567,0.8957109897682018,0.14,False
46.239538716042134,0.003826468718196701,0.032840282005507725,0.8956420014680233,0.14,False
46.24573954008891,0.0038264787764815105,0.03281612231813448,0.895572948912632,0.14,False
46.251940364135706,0.003826488830877567,0.032791971971441944,0.8955038320279376,0.14,False
46.258141188182485,0.003826498881384834,0.03276783096550808,0.8954346507397587,0.14,False
46.26434201222927,0.0038265089280032877,0.03274369930041197,0.8953654049738206,0.14,False
46.27054283627605,0.0038265189707328753,0.03271957697623458,0.8952960946557578,0.14,False
46.276743660322836,0.0038265290095735854,0.032695463993058095,0.8952267197111106,0.14,False
46.282944484369615,0.0038265390445253763,0.032671360350966225,0.8951572800653277,0.14,False
46.2891453084164,0.0038265490755882143,0.03264726605004416,0.8950877756437641,0.14,False
46.29534613246319,0.0038265591027620573,0.03262318109037852,0.895018206371683,0.14,False
46.301546956509966,0.003826569126046874,0.03259910547205758,0.894948572174254,0.14,False
46.30774778055676,0.0038265791454426224,0.03257503919517086,0.8948788729765543,0.14,False
46.31394860460353,0.003826589160949264,0.032550982259809604,0.8948091087035672,0.14,False
46.320149428650325,0.003826599172566767,0.03252693466606629,0.8947392792801832,0.14,False
46.32635025269711,0.0038266091802950887,0.03250289641403502,0.894669384631199,0.14,False
46.33255107674389,0.0038266191841341965,0.032478867503811314,0.8945994246813183,0.14,False
46.338751900790676,0.00382662918408403,0.03245484793549201,0.894529399355151,0.14,False
46.344952724837455,0.0038266391801445522,0.03243083770917577,0.894459308577214,0.14,False
46.35115354888424,0.003826649172315736,0.032406836824962454,0.8943891522719292,0.14,False
46.35735437293103,0.003826659160597535,0.0323828452829534,0.894318930363625,0.14,False
46.363555196977806,0.0038266691449899038,0.03235886308325148,0.8942486427765365,0.14,False
46.36975602102459,0.0038266791254927992,0.03233489022596084,0.8941782894348038,0.14,False
46.37595684507137,0.003826689102106177,0.03231092671118753,0.8941078702624737,0.14,False
46.38215766911816,0.0038266990748299996,0.032286972539038526,0.8940373851834978,0.14,False
46.38835849316494,0.0038267090436642113,0.03226302770962271,0.8939668341217344,0.14,False
46.39455931721173,0.0038267190086087705,0.03223909222304999,0.8938962170009458,0.14,False
46.40076014125851,0.003826728969663632,0.032215166079431985,0.8938255337448008,0.14,False
46.406960965305295,0.003826738926828746,0.03219124927888174,0.8937547842768732,0.14,False
46.413161789352074,0.003826748880104065,0.032167341821513665,0.8936839685206418,0.14,False
46.41936261339886,0.0038267588294895434,0.03214344370744371,0.8936130863994904,0.14,False
46.42556343744564,0.00382676877498513,0.03211955493678914,0.8935421378367082,0.14,False
46.43176426149243,0.0038267787165907775,0.0320956755096689,0.8934711227554892,0.14,False
46.43796508553921,0.0038267886543064326,0.03207180542620309,0.8934000410789313,0.14,False
46.444165909586,0.003826798588132049,0.03204794468651331,0.8933288927300378,0.14,False
46.450366733632784,0.003826808518067576,0.032024093290722734,0.8932576776317164,0.14,False
46.45656755767956,0.003826818444112959,0.03200025123895594,0.8931863957067795,0.14,False
46.46276838172635,0.003826828366268146,0.03197641853133891,0.8931150468779435,0.14,False
46.46896920577313,0.003826838284533089,0.0319525951679988,0.8930436310678282,0.14,False
46.47517002981992,0.0038268481989077365,0.031928781149064625,0.892972148198959,0.14,False
46.48137085386669,0.003826858109392003,0.03190497647466655,0.8929005981937652,0.14,False
46.487571677913486,0.003826868015985863,0.03188118114493627,0.8928289809745787,0.14,False
46.49377250196026,0.003826877918689259,0.03185739516000679,0.892757296463636,0.14,False
46.49997332600705,0.003826887817502131,0.03183361852001271,0.8926855445830771,0.14,False
46.50617415005384,0.0038268977124244264,0.03180985122508987,0.8926137252549459,0.14,False
46.51237497410062,0.0038269076034560855,0.031786093275375654,0.8925418384011893,0.14,False
46.5185757981474,0.003826917490597047,0.03176234467100885,0.8924698839436584,0.14,False
46.52477662219418,0.003826927373847255,0.031738605412129514,0.8923978618041065,0.14,False
46.53097744624097,0.003826937253206655,0.03171487549887924,0.8923257719041904,0.14,False
46.53717827028775,0.003826947128675185,0.03169115493140102,0.89225361416547,0.14,False
46.54337909433453,0.003826957000252779,0.031667443709839226,0.8921813885094088,0.14,False
46.54957991838132,0.003826966867939383,0.031643741834339746,0.8921090948573721,0.14,False
46.555780742428105,0.0038269767317349367,0.03162004930504967,0.8920367331306285,0.14,False
46.561981566474884,0.003826986591639376,0.03159636612211764,0.8919643032503491,0.14,False
46.56818239052167,0.0038269964476526372,0.03157269228569357,0.8918918051376074,0.14,False
46.574383214568456,0.0038270062997746586,0.03154902779592895,0.8918192387133795,0.14,False
46.58058403861524,0.0038270161480053726,0.031525372652976405,0.8917466038985435,0.14,False
46.58678486266202,0.0038270259923447202,0.03150172685699025,0.8916739006138803,0.14,False
46.59298568670881,0.0038270358327926355,0.03147809040812599,0.8916011287800721,0.14,False
46.59918651075559,0.003827045669349054,0.031454463306540774,0.8915282883177041,0.14,False
46.60538733480237,0.0038270555020139137,0.031430845552392554,0.8914553791472617,0.14,False
46.61158815884915,0.003827065330787133,0.03140723714584128,0.8913824011891339,0.14,False
46.61778898289594,0.0038270751556686443,0.03138363808704804,0.8913093543636106,0.14,False
46.623989806942724,0.0038270849766583966,0.0313600483761753,0.8912362385908827,0.14,False
46.63019063098951,0.0038270947937563177,0.03133646801338695,0.8911630537910433,0.14,False
46.63639145503629,0.003827104606962343,0.03131289699884821,0.8910897998840865,0.14,False
46.642592279083075,0.0038271144162763926,0.03128933533272561,0.8910164767899078,0.14,False
46.648793103129854,0.0038271242216983956,0.03126578301518728,0.8909430844283042,0.14,False
46.65499392717665,0.0038271340232282906,0.03124224004640251,0.8908696227189725,0.14,False
46.66119475122342,0.0038271438208659974,0.031218706426542134,0.8907960915815121,0.14,False
46.66739557527021,0.003827153614611452,0.031195182155778062,0.8907224909354214,0.14,False
46.67359639931699,0.0038271634044645796,0.031171667234283783,0.8906488207001008,0.14,False
46.67979722336378,0.0038271731904253046,0.03114816166223413,0.8905750807948506,0.14,False
46.685998047410564,0.0038271829724935568,0.031124665439805455,0.8905012711388725,0.14,False
46.69219887145734,0.003827192750669262,0.031101178567175137,0.8904273916512677,0.14,False
46.698399695504136,0.003827202524952348,0.031077701044522062,0.8903534422510373,0.14,False
46.70460051955091,0.003827212295342732,0.031054232872026567,0.8902794228570843,0.14,False
46.7108013435977,0.0038272220618403505,0.03103077404987022,0.8902053333882094,0.14,False
46.71700216764447,0.003827231824445116,0.031007324578235847,0.8901311737631153,0.14,False
46.72320299169127,0.0038272415831569545,0.030983884457307823,0.8900569439004032,0.14,False
46.729403815738046,0.003827251337975791,0.030960453687271832,0.8899826437185748,0.14,False
46.73560463978483,0.0038272610889015482,0.030937032268314835,0.8899082731360313,0.14,False
46.74180546383161,0.0038272708359341533,0.030913620200625262,0.8898338320710731,0.14,False
46.7480062878784,0.003827280579073517,0.03089021748439272,0.8897593204419006,0.14,False
46.75420711192518,0.0038272903183195445,0.03086682411980822,0.8896847381666134,0.14,False
46.76040793597197,0.003827300053672183,0.030843440107064104,0.8896100851632093,0.14,False
46.76660876001875,0.003827309785131345,0.030820065446354118,0.889535361349586,0.14,False
46.772809584065534,0.003827319512696945,0.030796700137873077,0.8894605666435401,0.14,False
46.77901040811231,0.003827329236368904,0.030773344181817396,0.8893857009627669,0.14,False
46.7852112321591,0.0038273389561471398,0.030749997578384862,0.889310764224861,0.14,False
46.79141205620588,0.0038273486720315727,0.030726660327774307,0.8892357563473149,0.14,False
46.797612880252665,0.0038273583840221135,0.03070333243018617,0.8891606772475203,0.14,False
46.80381370429946,0.003827368092118681,0.030680013885822033,0.8890855268427673,0.14,False
46.81001452834624,0.003827377796321193,0.030656704694885066,0.8890103050502445,0.14,False
46.81621535239302,0.003827387496629555,0.030633404857579257,0.8889350117870374,0.14,False
46.8224161764398,0.003827397193043692,0.03061011437411028,0.888859646970131,0.14,False
46.82861700048659,0.0038274068855635164,0.03058683324468501,0.8887842105164077,0.14,False
46.834817824533374,0.0038274165741889405,0.030563561469511724,0.8887087023426482,0.14,False
46.84101864858015,0.0038274262589198704,0.030540299048799877,0.8886331223655309,0.14,False
46.84721947262694,0.0038274359397562257,0.030517045982760296,0.8885574705016316,0.14,False
46.85342029667372,0.003827445616697916,0.030493802271605256,0.8884817466674244,0.14,False
46.859621120720504,0.003827455289744853,0.030470567915547902,0.8884059507792796,0.14,False
46.86582194476728,0.0038274649588969493,0.03044734291480307,0.8883300827534655,0.14,False
46.87202276881407,0.0038274746241541147,0.03042412726958686,0.8882541425061483,0.14,False
46.87822359286086,0.0038274842855162703,0.030400920980116576,0.8881781299533908,0.14,False
46.884424416907635,0.0038274939429832726,0.030377724046610845,0.8881020450111539,0.14,False
46.89062524095443,0.003827503596555083,0.03035453646928955,0.8880258875952931,0.14,False
46.8968260650012,0.003827513246231599,0.03033135824837399,0.8879496576215626,0.14,False
46.90302688904799,0.0038275228920127235,0.0303081893840864,0.8878733550056125,0.14,False
46.90922771309477,0.0038275325338983637,0.030285029876650753,0.8877969796629901,0.14,False
46.91542853714156,0.003827542171888428,0.030261879726291994,0.8877205315091387,0.14,False
46.921629361188344,0.0038275518059828185,0.030238738933236413,0.8876440104593981,0.14,False
46.92783018523512,0.003827561436181438,0.03021560749771172,0.8875674164290053,0.14,False
46.93403100928191,0.0038275710624841976,0.03019248541994676,0.8874907493330919,0.14,False
46.94023183332869,0.0038275806848909995,0.03016937270017165,0.8874140090866867,0.14,False
46.94643265737548,0.003827590303401752,0.030146269338617852,0.887337195604714,0.14,False
46.95263348142226,0.0038275999180163484,0.03012317533551811,0.8872603088019948,0.14,False
46.95883430546905,0.003827609528734697,0.030100090691106276,0.8871833485932447,0.14,False
46.965035129515826,0.0038276191355566974,0.030077015405617705,0.8871063148930756,0.14,False
46.97123595356261,0.003827628738482248,0.030053949479288657,0.8870292076159942,0.14,False
46.97743677760939,0.003827638337511258,0.030030892912356964,0.8869520266764036,0.14,False
46.983637601656184,0.0038276479326436246,0.03000784570506169,0.886874771988602,0.14,False
46.98983842570296,0.003827657523879249,0.0299848078576431,0.8867974434667824,0.14,False
46.99603924974975,0.0038276671112180277,0.029961779370342684,0.8867200410250334,0.14,False
47.00224007379653,0.0038276766946598617,0.02993876024340313,0.886642564577338,0.14,False
47.008440897843315,0.003827686274204652,0.02991575047706845,0.8865650140375746,0.14,False
47.0146417218901,0.0038276958498523,0.029892750071584026,0.8864873893195165,0.14,False
47.02084254593688,0.0038277054216026745,0.02986975902719622,0.8864096903368316,0.14,False
47.027043369983666,0.0038277149894556974,0.029846777344152788,0.8863319170030817,0.14,False
47.033244194030445,0.0038277245534112632,0.02982380502270284,0.886254069231724,0.14,False
47.03944501807724,0.00382773411346927,0.029800842063096612,0.8861761469361099,0.14,False
47.04564584212401,0.0038277436696296067,0.0297778884655853,0.8860981500294838,0.14,False
47.0518466661708,0.0038277532218921723,0.02975494423042184,0.886020078424986,0.14,False
47.05804749021759,0.0038277627702568576,0.029732009357859905,0.8859419320356495,0.14,False
47.06424831426437,0.0038277723147235594,0.029709083848154787,0.8858637107744021,0.14,False
47.070449138311155,0.003827781855292172,0.02968616770156282,0.8857854145540649,0.14,False
47.07664996235793,0.003827791391962588,0.029663260918341608,0.8857070432873533,0.14,False
47.08285078640472,0.003827800924734691,0.029640363498749826,0.8856285968868751,0.14,False
47.089051610451506,0.003827810453608387,0.02961747544304768,0.8855500752651332,0.14,False
47.095252434498285,0.0038278199785835593,0.029594596751496505,0.8854714783345236,0.14,False
47.10145325854507,0.003827829499660095,0.0295717274243584,0.8853928060073335,0.14,False
47.10765408259185,0.0038278390168378926,0.029548867461897315,0.8853140581957459,0.14,False
47.113854906638636,0.003827848530116844,0.029526016864378047,0.8852352348118357,0.14,False
47.120055730685415,0.003827858039496828,0.029503175632066673,0.8851563357675708,0.14,False
47.12625655473221,0.003827867544977738,0.02948034376523039,0.8850773609748118,0.14,False
47.13245737877899,0.0038278770465594598,0.029457521264137868,0.8849983103453128,0.14,False
47.13865820282577,0.003827886544241891,0.029434708129058594,0.8849191837907193,0.14,False
47.14485902687255,0.00382789603802492,0.02941190436026363,0.8848399812225705,0.14,False
47.15105985091934,0.0038279055279083927,0.029389109958025107,0.8847607025522987,0.14,False
47.157260674966125,0.0038279150138922353,0.02936632492261607,0.8846813476912256,0.14,False
47.16346149901291,0.003827924495976329,0.0293435492543111,0.8846019165505675,0.14,False
47.16966232305969,0.0038279339741605573,0.029320782953385822,0.884522409041432,0.14,False
47.175863147106476,0.0038279434484448033,0.029298026020116996,0.884442825074819,0.14,False
47.18206397115326,0.0038279529188289547,0.029275278454782692,0.8843631645616199,0.14,False
47.18826479520004,0.0038279623853128917,0.029252540257662156,0.8842834274126185,0.14,False
47.194465619246834,0.003827971847896497,0.029229811429035694,0.8842036135384895,0.14,False
47.200666443293606,0.0038279813065796547,0.02920709196918484,0.8841237228498,0.14,False
47.2068672673404,0.0038279907613622487,0.02918438187839248,0.8840437552570082,0.14,False
47.21306809138717,0.003828000212244155,0.029161681156942367,0.8839637106704633,0.14,False
47.219268915433965,0.0038280096592252606,0.0291389898051195,0.8838835890004056,0.14,False
47.22546973948074,0.0038280191023054447,0.029116307823210175,0.8838033901569676,0.14,False
47.23167056352753,0.003828028541484591,0.02909363521150184,0.8837231140501719,0.14,False
47.237871387574316,0.0038280379767625734,0.029070971970283153,0.8836427605899331,0.14,False
47.244072211621095,0.0038280474081392748,0.029048318099843467,0.8835623296860541,0.14,False
47.25027303566788,0.003828056835614573,0.029025673600473853,0.8834818212482314,0.14,False
47.25647385971466,0.003828066259188346,0.029003038472466307,0.8834012351860505,0.14,False
47.262674683761446,0.0038280756788604733,0.028980412716114026,0.8833205714089879,0.14,False
47.268875507808225,0.003828085094630832,0.028957796331711264,0.8832398298264105,0.14,False
47.27507633185501,0.0038280945064993075,0.028935189319553585,0.8831590103475752,0.14,False
47.2812771559018,0.0038281039144657265,0.028912591679937642,0.8830781128816306,0.14,False
47.287477979948584,0.003828113318530029,0.028890003413160895,0.8829971373376115,0.14,False
47.29367880399536,0.0038281227186920683,0.028867424519522355,0.8829160836244461,0.14,False
47.29987962804215,0.003828132114951717,0.02884485499932221,0.8828349516509523,0.14,False
47.306080452088935,0.0038281415073088527,0.02882229485286133,0.8827537413258356,0.14,False
47.31228127613572,0.0038281508957633496,0.028799744080442165,0.8826724525576933,0.14,False
47.3184821001825,0.0038281602803150773,0.02877720268236814,0.8825910852550116,0.14,False
47.324682924229286,0.003828169660963913,0.028754670658943812,0.8825096393261656,0.14,False
47.330883748276065,0.0038281790377097274,0.02873214801047472,0.8824281146794197,0.14,False
47.33708457232285,0.0038281884105523917,0.02870963473726767,0.8823465112229282,0.14,False
47.34328539636964,0.003828197779491784,0.028687130839630606,0.8822648288647341,0.14,False
47.349486220416416,0.0038282071445277636,0.028664636317872635,0.88218306751277,0.14,False
47.3556870444632,0.003828216505660211,0.02864215117230363,0.8821012270748554,0.14,False
47.36188786850999,0.003828225862888995,0.028619675403234963,0.882019307458701,0.14,False
47.36808869255677,0.0038282352162139813,0.028597209010978907,0.881937308571905,0.14,False
47.374289516603554,0.003828244565635044,0.028574751995849055,0.8818552303219543,0.14,False
47.38049034065033,0.0038282539111520525,0.028552304358159857,0.8817730726162244,0.14,False
47.386691164697126,0.003828263252764873,0.028529866098227025,0.8816908353619793,0.14,False
47.3928919887439,0.0038282725904733752,0.028507437216367122,0.8816085184663701,0.14,False
47.39909281279069,0.0038282819242774304,0.028485017712898356,0.8815261218364382,0.14,False
47.40529363683747,0.003828291254176906,0.02846260758813944,0.8814436453791111,0.14,False
47.411494460884256,0.0038283005801716488,0.028440206842410373,0.8813610890012056,0.14,False
47.41769528493104,0.003828309902261538,0.028417815476032202,0.8812784526094246,0.14,False
47.42389610897782,0.0038283192204464443,0.02839543348932715,0.88119573611036,0.14,False
47.430096933024615,0.0038283285347262344,0.02837306088261863,0.8811129394104916,0.14,False
47.43629775707139,0.003828337845100768,0.0283506976562309,0.881030062416186,0.14,False
47.44249858111818,0.003828347151569916,0.028328343810489584,0.8809471050336974,0.14,False
47.44869940516495,0.003828356454133535,0.028305999345720808,0.880864067169167,0.14,False
47.454900229211745,0.0038283657527914913,0.0282836642622525,0.8807809487286241,0.14,False
47.461101053258524,0.0038283750475436467,0.02826133856041321,0.8806977496179842,0.14,False
47.46730187730531,0.003828384338389868,0.028239022240532537,0.8806144697430498,0.14,False
47.47350270135209,0.003828393625330004,0.02821671530294137,0.8805311090095109,0.14,False
47.479703525398875,0.003828402908363933,0.028194417747971524,0.8804476673229434,0.14,False
47.48590434944566,0.0038284121874915104,0.02817212957595581,0.8803641445888107,0.14,False
47.49210517349245,0.0038284214627126037,0.028149850787228158,0.8802805407124614,0.14,False
47.49830599753923,0.003828430734027052,0.028127581382123686,0.8801968555991332,0.14,False
47.50450682158601,0.0038284400014347393,0.02810532136097841,0.8801130891539476,0.14,False
47.51070764563279,0.003828449264935512,0.028083070724129428,0.8800292412819133,0.14,False
47.51690846967958,0.0038284585245292367,0.028060829471915117,0.8799453118879259,0.14,False
47.52310929372637,0.0038284677802157725,0.028038597604674288,0.8798613008767646,0.14,False
47.52931011777314,0.003828477031994979,0.028016375122747208,0.8797772081530968,0.14,False
47.535510941819936,0.003828486279866716,0.027994162026475245,0.8796930336214748,0.14,False
47.54171176586671,0.0038284955238308094,0.027971958316200755,0.8796087771863381,0.14,False
47.5479125899135,0.0038285047638871514,0.02794976399226701,0.8795244387520095,0.14,False
47.55411341396028,0.0038285140000355947,0.027927579055018265,0.879440018222698,0.14,False
47.56031423800707,0.003828523232275987,0.027905403504800044,0.8793555155024994,0.14,False
47.56651506205385,0.003828532460608189,0.027883237341958605,0.879270930495393,0.14,False
47.57271588610063,0.0038285416850320545,0.027861080566841608,0.8791862631052445,0.14,False
47.57891671014742,0.003828550905547439,0.02783893317979718,0.8791015132358037,0.14,False
47.5851175341942,0.003828560122154197,0.02781679518117493,0.8790166807907059,0.14,False
47.59131835824098,0.0038285693348521837,0.027794666571325368,0.8789317656734719,0.14,False
47.59751918228776,0.003828578543641251,0.027772547350599853,0.8788467677875059,0.14,False
47.60372000633455,0.003828587748521246,0.02775043751935086,0.8787616870360981,0.14,False
47.60992083038134,0.003828596949492031,0.027728337077931993,0.8786765233224225,0.14,False
47.61612165442811,0.0038286061465534578,0.027706246026697745,0.8785912765495381,0.14,False
47.622322478474906,0.0038286153397053737,0.027684164366003464,0.8785059466203871,0.14,False
47.62852330252168,0.0038286245289476336,0.027662092096205574,0.8784205334377967,0.14,False
47.63472412656847,0.0038286337142800883,0.027640029217661823,0.8783350369044793,0.14,False
47.64092495061525,0.003828642895702585,0.027617975730730458,0.87824945692303,0.14,False
47.64712577466204,0.0038286520732149793,0.027595931635771113,0.8781637933959282,0.14,False
47.65332659870882,0.0038286612468171172,0.02757389693314396,0.8780780462255363,0.14,False
47.6595274227556,0.003828670416508856,0.027551871623210527,0.8779922153141019,0.14,False
47.66572824680239,0.003828679582290028,0.027529855706333217,0.8779063005637557,0.14,False
47.671929070849174,0.003828688744160481,0.02750784918287545,0.8778203018765119,0.14,False
47.67812989489596,0.0038286979021200825,0.027485852053201427,0.8777342191542674,0.14,False
47.68433071894274,0.0038287070561686745,0.027463864317676605,0.8776480522988036,0.14,False
47.690531542989525,0.003828716206306102,0.027441885976667087,0.8775618012117837,0.14,False
47.696732367036304,0.003828725352532212,0.027419917030540177,0.8774754657947552,0.14,False
47.70293319108309,0.003828734494846854,0.027397957479664246,0.8773890459491491,0.14,False
47.70913401512987,0.00382874363324987,0.027376007324408178,0.8773025415762773,0.14,False
47.71533483917666,0.0038287527677411106,0.027354066565142252,0.8772159525773361,0.14,False
47.721535663223435,0.003828761898320416,0.027332135202237456,0.8771292788534041,0.14,False
47.72773648727023,0.003828771024987636,0.027310213236065802,0.8770425203054422,0.14,False
47.73393731131701,0.0038287801477426046,0.027288300667000307,0.8769556768342944,0.14,False
47.74013813536379,0.003828789266585183,0.027266397495414766,0.8768687483406861,0.14,False
47.74633895941058,0.003828798381515204,0.02724450372168418,0.8767817347252264,0.14,False
47.75253978345736,0.003828807492532514,0.02722261934618422,0.8766946358884051,0.14,False
47.758740607504144,0.0038288165996369582,0.02720074436929171,0.8766074517305956,0.14,False
47.76494143155092,0.0038288257028283755,0.027178878791384208,0.8765201821520517,0.14,False
47.77114225559772,0.0038288348021066135,0.02715702261284029,0.87643282705291,0.14,False
47.77734307964449,0.00382884389747151,0.02713517583403961,0.8763453863331894,0.14,False
47.78354390369128,0.0038288529889229073,0.02711333845536251,0.8762578598927891,0.14,False
47.78974472773807,0.0038288620764606505,0.02709151047719024,0.8761702476314904,0.14,False
47.79594555178485,0.0038288711600845743,0.02706969189990514,0.8760825494489565,0.14,False
47.80214637583163,0.003828880239794504,0.027047882723890453,0.8759947652447324,0.14,False
47.80834719987841,0.0038288893155903063,0.027026082949530204,0.8759068949182427,0.14,False
47.8145480239252,0.003828898387471813,0.02700429257720943,0.8758189383687944,0.14,False
47.820748847971984,0.003828907455438861,0.026982511607314,0.8757308954955753,0.14,False
47.82694967201876,0.003828916519491294,0.026960740040230805,0.875642766197654,0.14,False
47.83315049606555,0.0038289255796289477,0.026938977876347497,0.8755545503739806,0.14,False
47.83935132011233,0.003828934635851658,0.026917225116052688,0.8754662479233849,0.14,False
47.845552144159115,0.0038289436881592674,0.026895481759735988,0.8753778587445786,0.14,False
47.85175296820589,0.003828952736551607,0.026873747807787625,0.8752893827361526,0.14,False
47.85795379225269,0.0038289617810285236,0.02685202326059898,0.8752008197965794,0.14,False
47.864154616299466,0.0038289708215898397,0.026830308118562275,0.8751121698242117,0.14,False
47.87035544034625,0.003828979858235401,0.02680860238207041,0.8750234327172814,0.14,False
47.87655626439303,0.003828988890965043,0.026786906051517404,0.8749346083739019,0.14,False
47.88275708843982,0.0038289979197785986,0.02676521912729809,0.8748456966920661,0.14,False
47.8889579124866,0.0038290069446759063,0.026743541609808092,0.8747566975696465,0.14,False
47.89515873653339,0.003829015965656801,0.026721873499444018,0.8746676109043962,0.14,False
47.90135956058017,0.0038290249827211183,0.026700214796603203,0.8745784365939472,0.14,False
47.907560384626954,0.0038290339958686873,0.026678565501683987,0.8744891745358119,0.14,False
47.91376120867373,0.0038290430050993457,0.02665692561508545,0.8743998246273819,0.14,False
47.91996203272052,0.0038290520104129334,0.026635295137207676,0.8743103867659282,0.14,False
47.92616285676731,0.0038290610118092406,0.026613674068451453,0.8742208608486025,0.14,False
47.932363680814085,0.003829070009288157,0.026592062409218586,0.8741312467724333,0.14,False
47.93856450486088,0.0038290790028494906,0.026570460159911498,0.8740415444343295,0.14,False
47.94476532890765,0.003829087992493081,0.026548867320933672,0.8739517537310794,0.14,False
47.95096615295444,0.003829096978218755,0.026527283892689317,0.8738618745593499,0.14,False
47.957166977001215,0.0038291059600263416,0.026505709875583535,0.8737719068156868,0.14,False
47.96336780104801,0.0038291149379156776,0.026484145270022155,0.8736818503965145,0.14,False
47.969568625094794,0.0038291239118865895,0.02646259007641199,0.8735917051981361,0.14,False
47.97576944914157,0.0038291328819389098,0.026441044295160625,0.8735014711167338,0.14,False
47.98197027318836,0.0038291418480724676,0.026419507926676508,0.873411148048368,0.14,False
47.98817109723514,0.003829150810287087,0.026397980971368872,0.8733207358889772,0.14,False
47.994371921281925,0.0038291597685826064,0.02637646342964774,0.8732302345343782,0.14,False
48.00057274532871,0.0038291687229588516,0.02635495530192393,0.8731396438802659,0.14,False
48.0067735693755,0.0038291776734156527,0.02633345658860921,0.8730489638222138,0.14,False
48.012974393422276,0.0038291866199528326,0.026311967290116006,0.8729581942556728,0.14,False
48.01917521746906,0.0038291955625702214,0.026290487406857643,0.8728673350759721,0.14,False
48.02537604151584,0.003829204501267651,0.026269016939248314,0.8727763861783187,0.14,False
48.03157686556263,0.0038292134360449416,0.026247555887702837,0.8726853474577969,0.14,False
48.03777768960941,0.0038292223669019253,0.026226104252636922,0.8725942188093686,0.14,False
48.0439785136562,0.0038292312938384312,0.026204662034467113,0.8725030001278735,0.14,False
48.05017933770298,0.0038292402168542843,0.026183229233610723,0.8724116913080288,0.14,False
48.056380161749765,0.0038292491359492877,0.026161805850485834,0.8723202922444293,0.14,False
48.062580985796544,0.003829258051123292,0.026140391885511233,0.8722288028315455,0.14,False
48.06878180984333,0.0038292669623761206,0.026118987339106677,0.8721372229637262,0.14,False
48.074982633890116,0.003829275869707597,0.026097592211692607,0.8720455525351974,0.14,False
48.081183457936895,0.003829284773117547,0.026076206503690164,0.8719537914400612,0.14,False
48.08738428198368,0.0038292936726057893,0.026054830215521425,0.8718619395722976,0.14,False
48.09358510603046,0.00382930256817215,0.026033463347609018,0.8717699968257618,0.14,False
48.099785930077246,0.0038293114598164577,0.026012105900376593,0.8716779630941871,0.14,False
48.10598675412403,0.0038293203475385307,0.0259907578742484,0.8715858382711826,0.14,False
48.11218757817081,0.003829329231338197,0.025969419269649446,0.8714936222502337,0.14,False
48.118388402217604,0.003829338111215268,0.0259480900870056,0.8714013149247032,0.14,False
48.124589226264376,0.0038293469871695735,0.025926770326743356,0.8713089161878286,0.14,False
48.13079005031117,0.003829355859200933,0.025905459989290083,0.8712164259327247,0.14,False
48.13699087435795,0.0038293647273091756,0.025884159075073854,0.871123844052382,0.14,False
48.143191698404735,0.003829373591494116,0.025862867584523472,0.8710311704396669,0.14,False
48.14939252245152,0.0038293824517555797,0.025841585518068453,0.8709384049873217,0.14,False
48.1555933464983,0.003829391308093383,0.025820312876139024,0.8708455475879643,0.14,False
48.16179417054509,0.0038294001605073524,0.0257990496591663,0.8707525981340886,0.14,False
48.167994994591865,0.003829409008997304,0.02577779586758195,0.8706595565180638,0.14,False
48.17419581863866,0.0038294178535630734,0.025756551501818496,0.8705664226321347,0.14,False
48.18039664268543,0.0038294266942044235,0.02573531656230915,0.870473196368423,0.14,False
48.18659746673222,0.003829435530921233,0.0257140910494878,0.8703798776189225,0.14,False
48.192798290779,0.003829444363713305,0.025692874963789136,0.8702864662755048,0.14,False
48.19899911482579,0.0038294531925804572,0.025671668305648487,0.8701929622299155,0.14,False
48.20519993887257,0.00382946201752251,0.025650471075501877,0.8700993653737753,0.14,False
48.211400762919354,0.0038294708385392755,0.025629283273786097,0.8700056755985806,0.14,False
48.21760158696614,0.0038294796556305783,0.025608104900938667,0.8699118927957017,0.14,False
48.223802411012926,0.0038294884687962278,0.025586935957397753,0.8698180168563844,0.14,False
48.230003235059705,0.0038294972780360476,0.025565776443602205,0.8697240476717486,0.14,False
48.23620405910649,0.003829506083349858,0.02554462635999163,0.8696299851327889,0.14,False
48.24240488315327,0.003829514884737469,0.025523485707006324,0.8695358291303749,0.14,False
48.248605707200056,0.0038295236821986956,0.025502354485087166,0.8694415795552498,0.14,False
48.25480653124685,0.0038295324757333608,0.025481232694675875,0.8693472362980317,0.14,False
48.26100735529362,0.003829541265341278,0.02546012033621475,0.8692527992492125,0.14,False
48.267208179340415,0.00382955005102226,0.02543901741014675,0.8691582682991583,0.14,False
48.27340900338719,0.003829558832776127,0.025417923916915646,0.8690636433381097,0.14,False
48.27960982743398,0.003829567610602687,0.025396839856965694,0.8689689242561803,0.14,False
48.28581065148076,0.0038295763845017567,0.02537576523074191,0.8688741109433584,0.14,False
48.292011475527545,0.003829585154473154,0.025354700038690007,0.8687792032895056,0.14,False
48.29821229957433,0.0038295939205166955,0.025333644281256344,0.8686842011843572,0.14,False
48.30441312362111,0.003829602682632188,0.025312597958887934,0.8685891045175226,0.14,False
48.310613947667896,0.0038296114408194345,0.025291561072032325,0.8684939131784838,0.14,False
48.316814771714675,0.003829620195078268,0.025270533621137906,0.8683986270565967,0.14,False
48.32301559576146,0.003829628945408495,0.02524951560665362,0.8683032460410902,0.14,False
48.32921641980825,0.0038296376918099282,0.02522850702902904,0.868207770021067,0.14,False
48.33541724385503,0.0038296464342823817,0.025207507888714384,0.8681121988855021,0.14,False
48.34161806790182,0.00382965517282567,0.02518651818616057,0.8680165325232441,0.14,False
48.34781889194859,0.0038296639074396005,0.025165537921819067,0.8679207708230147,0.14,False
48.354019715995385,0.0038296726381239874,0.02514456709614206,0.867824913673408,0.14,False
48.36022054004216,0.0038296813648786418,0.025123605709582292,0.8677289609628911,0.14,False
48.36642136408895,0.0038296900877033764,0.02510265376259314,0.8676329125798038,0.14,False
48.372622188135736,0.003829698806597997,0.025081711255628563,0.8675367684123582,0.14,False
48.378823012182515,0.0038297075215623154,0.025060778189143287,0.8674405283486395,0.14,False
48.3850238362293,0.0038297162325961463,0.02503985456359248,0.8673441922766046,0.14,False
48.39122466027608,0.003829724939699298,0.025018940379432024,0.8672477600840837,0.14,False
48.397425484322866,0.0038297336428715833,0.024998035637118436,0.8671512316587782,0.14,False
48.40362630836965,0.003829742342112806,0.02497714033710863,0.8670546068882621,0.14,False
48.40982713241644,0.003829751037422779,0.024956254479860378,0.8669578856599819,0.14,False
48.41602795646322,0.0038297597288013117,0.024935378065831886,0.8668610678612552,0.14,False
48.422228780510004,0.003829768416248214,0.02491451109548205,0.8667641533792725,0.14,False
48.42842960455678,0.0038297770997632874,0.024893653569270188,0.8666671421010951,0.14,False
48.43463042860357,0.0038297857793463366,0.02487280548765639,0.8665700339136571,0.14,False
48.44083125265035,0.0038297944549971876,0.02485196685110128,0.8664728287037632,0.14,False
48.44703207669714,0.0038298031267156424,0.024831137660065984,0.8663755263580901,0.14,False
48.45323290074391,0.003829811794501509,0.024810317915012314,0.8662781267631863,0.14,False
48.459433724790706,0.0038298204583545937,0.024789507616402584,0.8661806298054715,0.14,False
48.465634548837485,0.0038298291182747054,0.024768706764699656,0.8660830353712363,0.14,False
48.47183537288427,0.003829837774261641,0.02474791536036693,0.8659853433466431,0.14,False
48.47803619693106,0.003829846426315219,0.024727133403868486,0.8658875536177251,0.14,False
48.48423702097784,0.003829855074435245,0.024706360895668925,0.8657896660703867,0.14,False
48.49043784502462,0.00382986371862152,0.02468559783623331,0.8656916805904032,0.14,False
48.4966386690714,0.0038298723588738454,0.024664844226027292,0.8655935970634209,0.14,False
48.502839493118195,0.0038298809951920385,0.024644100065517243,0.8654954153749572,0.14,False
48.50904031716497,0.0038298896275759014,0.024623365355169746,0.8653971354103991,0.14,False
48.51524114121176,0.003829898256025242,0.024602640095452245,0.8652987570550056,0.14,False
48.521441965258546,0.00382990688053986,0.024581924286832462,0.8652002801939052,0.14,False
48.527642789305325,0.0038299155011195588,0.02456121792977882,0.8651017047120979,0.14,False
48.53384361335211,0.0038299241177641432,0.024540521024760217,0.8650030304944534,0.14,False
48.54004443739889,0.003829932730473442,0.024519833572246064,0.8649042574257112,0.14,False
48.54624526144568,0.0038299413392472123,0.024499155572706363,0.8648053853904833,0.14,False
48.55244608549246,0.003829949944085309,0.024478487026611453,0.8647064142732483,0.14,False
48.55864690953924,0.003829958544987471,0.024457827934432408,0.8646073439583593,0.14,False
48.56484773358603,0.003829967141953552,0.02443717829664062,0.8645081743300348,0.14,False
48.57104855763281,0.0038299757349833526,0.024416538113708117,0.864408905272366,0.14,False
48.57724938167959,0.0038299843240766707,0.02439590738610745,0.8643095366693134,0.14,False
48.58345020572637,0.0038299929092333105,0.024375286114311584,0.8642100684047072,0.14,False
48.589651029773165,0.003830001490453074,0.02435467429879393,0.8641105003622468,0.14,False
48.595851853819944,0.003830010067735764,0.024334071940028547,0.864010832425502,0.14,False
48.60205267786673,0.003830018641081181,0.024313479038489842,0.8639110644779118,0.14,False
48.60825350191351,0.0038300272104891276,0.024292895594652832,0.8638111964027846,0.14,False
48.614454325960295,0.003830035775959414,0.024272321608992897,0.8637112280832979,0.14,False
48.62065515000708,0.0038300443374918282,0.02425175708198595,0.8636111594024992,0.14,False
48.62685597405387,0.0038300528950861758,0.024231202014108378,0.8635109902433045,0.14,False
48.63305679810065,0.003830061448742264,0.024210656405837055,0.8634107204884992,0.14,False
48.63925762214743,0.003830069998459893,0.024190120257649175,0.8633103500207374,0.14,False
48.64545844619421,0.003830078544238858,0.024169593570022622,0.863209878722543,0.14,False
48.651659270241,0.0038300870860789597,0.024149076343435587,0.8631093064763082,0.14,False
48.65786009428779,0.0038300956239800043,0.024128568578366774,0.8630086331642941,0.14,False
48.66406091833456,0.0038301041579417907,0.024108070275295386,0.862907858668631,0.14,False
48.670261742381356,0.003830112687964121,0.024087581434700914,0.8628069828713169,0.14,False
48.67646256642813,0.0038301212140468034,0.02406710205706344,0.8627060056542188,0.14,False
48.68266339047492,0.003830129736189613,0.024046632142863438,0.8626049268990735,0.14,False
48.68886421452169,0.0038301382543923595,0.024026171692581793,0.8625037464874847,0.14,False
48.69506503856849,0.0038301467686548503,0.024005720706699842,0.8624024643009245,0.14,False
48.70126586261527,0.0038301552789768833,0.023985279185699305,0.8623010802207338,0.14,False
48.70746668666205,0.0038301637853582577,0.02396484713006244,0.8621995941281217,0.14,False
48.71366751070884,0.0038301722877987733,0.02394442454027176,0.8620980059041652,0.14,False
48.71986833475562,0.0038301807862982287,0.023924011416810415,0.86199631542981,0.14,False
48.7260691588024,0.003830189280856415,0.023903607760161812,0.8618945225858697,0.14,False
48.73226998284919,0.003830197771473139,0.023883213570809744,0.8617926272530249,0.14,False
48.738470806895975,0.0038302062581481965,0.02386282884923846,0.8616906293118246,0.14,False
48.744671630942754,0.0038302147408813825,0.02384245359593268,0.8615885286426863,0.14,False
48.75087245498954,0.0038302232196724987,0.023822087811377388,0.861486325125894,0.14,False
48.75707327903632,0.003830231694521345,0.023801731496058038,0.8613840186416001,0.14,False
48.763274103083106,0.0038302401654277166,0.023781384650460553,0.8612816090698248,0.14,False
48.76947492712989,0.003830248632391411,0.02376104727507106,0.861179096290455,0.14,False
48.77567575117668,0.0038302570954122255,0.023740719370376206,0.8610764801832457,0.14,False
48.78187657522346,0.0038302655544899577,0.023720400936862958,0.8609737606278189,0.14,False
48.78807739927024,0.0038302740096244074,0.023700091975018715,0.8608709375036643,0.14,False
48.79427822331702,0.003830282460815367,0.02367979248533121,0.8607680106901386,0.14,False
48.80047904736381,0.003830290908062642,0.02365950246828847,0.860664980066465,0.14,False
48.806679871410594,0.0038302993513660076,0.023639221924379034,0.8605618455117354,0.14,False
48.81288069545737,0.003830307790725273,0.023618950854091596,0.8604586069049069,0.14,False
48.81908151950416,0.0038303162261402435,0.023598689257915403,0.8603552641248045,0.14,False
48.82528234355094,0.0038303246576107098,0.023578437136340065,0.8602518170501202,0.14,False
48.831483167597725,0.003830333085136465,0.023558194489855352,0.8601482655594124,0.14,False
48.83768399164452,0.0038303415087173084,0.0235379613189515,0.8600446095311065,0.14,False
48.84388481569129,0.0038303499283530358,0.02351773762411906,0.8599408488434944,0.14,False
48.85008563973808,0.0038303583440434403,0.023497523405848892,0.8598369833747348,0.14,False
48.856286463784855,0.0038303667557883173,0.023477318664632263,0.859733013002853,0.14,False
48.86248728783165,0.0038303751635874617,0.02345712340096074,0.8596289376057406,0.14,False
48.86868811187843,0.0038303835674406684,0.023436937615326194,0.8595247570611558,0.14,False
48.87488893592521,0.003830391967347733,0.023416761308220818,0.859420471246723,0.14,False
48.881089759972,0.003830400363308454,0.02339659448013706,0.8593160800399327,0.14,False
48.88729058401878,0.003830408755322624,0.02337643713156778,0.8592115833181418,0.14,False
48.89349140806557,0.0038304171433900377,0.023356289263006147,0.8591069809585739,0.14,False
48.89969223211234,0.0038304255275104907,0.023336150874945512,0.8590022728383175,0.14,False
48.90589305615914,0.0038304339076837743,0.023316021967879713,0.8588974588343288,0.14,False
48.91209388020591,0.0038304422839096825,0.023295902542302762,0.8587925388234285,0.14,False
48.9182947042527,0.0038304506561880154,0.023275792598708954,0.8586875126823038,0.14,False
48.92449552829948,0.0038304590245185665,0.023255692137592935,0.8585823802875077,0.14,False
48.93069635234627,0.003830467388901123,0.023235601159449556,0.8584771415154588,0.14,False
48.936897176393046,0.00383047574933547,0.02321551966477398,0.8583717962424421,0.14,False
48.94309800043983,0.0038304841058214166,0.02319544765406165,0.858266344344607,0.14,False
48.94929882448662,0.003830492458358757,0.02317538512780833,0.8581607856979694,0.14,False
48.955499648533404,0.003830500806947283,0.023155332086510067,0.8580551201784111,0.14,False
48.96170047258018,0.003830509151586786,0.023135288530663024,0.8579493476616784,0.14,False
48.96790129662697,0.00383051749227706,0.023115254460763755,0.8578434680233835,0.14,False
48.97410212067375,0.003830525829017898,0.023095229877309033,0.8577374811390043,0.14,False
48.980302944720535,0.0038305341618090896,0.02307521478079594,0.8576313868838837,0.14,False
48.98650376876733,0.0038305424906504323,0.0230552091717216,0.8575251851332291,0.14,False
48.9927045928141,0.003830550815541716,0.02303521305058365,0.8574188757621145,0.14,False
48.99890541686089,0.0038305591364827356,0.023015226417879803,0.8573124586454779,0.14,False
49.005106240907665,0.003830567453473283,0.02299524927410807,0.857205933658123,0.14,False
49.01130706495446,0.0038305757665131543,0.022975281619766724,0.8570993006747186,0.14,False
49.01750788900124,0.0038305840756021397,0.022955323455354178,0.8569925595697978,0.14,False
49.02370871304802,0.0038305923807400283,0.02293537478136905,0.856885710217759,0.14,False
49.02990953709481,0.003830600681926612,0.022915435598310312,0.8567787524928655,0.14,False
49.03611036114159,0.003830608979161685,0.022895505906677105,0.8566716862692457,0.14,False
49.042311185188375,0.0038306172724450445,0.02287558570696864,0.8565645114208915,0.14,False
49.048512009235154,0.0038306255617764798,0.022855674999684494,0.8564572278216607,0.14,False
49.05471283328194,0.0038306338471557856,0.02283577378532442,0.8563498353452754,0.14,False
49.060913657328726,0.003830642128582721,0.02281588206438839,0.8562423338653236,0.14,False
49.067114481375505,0.0038306504060571234,0.022795999837376447,0.8561347232552542,0.14,False
49.0733153054223,0.003830658679578771,0.022776127104788914,0.8560270033883836,0.14,False
49.07951612946907,0.0038306669491474537,0.022756263867126342,0.8559191741378921,0.14,False
49.08571695351586,0.0038306752147629617,0.02273641012488941,0.8558112353768241,0.14,False
49.091917777562635,0.0038306834764250826,0.022716565878578968,0.8557031869780884,0.14,False
49.09811860160943,0.003830691734133614,0.022696731128695993,0.8555950288144574,0.14,False
49.104319425656215,0.003830699987888344,0.022676905875741737,0.8554867607585686,0.14,False
49.110520249702994,0.0038307082376890663,0.02265709012021765,0.8553783826829238,0.14,False
49.11672107374978,0.00383071648353557,0.022637283862625136,0.8552698944598875,0.14,False
49.12292189779656,0.003830724725427637,0.022617487103465967,0.8551612959616904,0.14,False
49.129122721843345,0.003830732963365069,0.022597699843242034,0.8550525870604259,0.14,False
49.13532354589013,0.0038307411973476585,0.02257792208245527,0.8549437676280507,0.14,False
49.14152436993692,0.003830749427375189,0.02255815382160779,0.8548348375363867,0.14,False
49.147725193983696,0.003830757653447458,0.02253839506120186,0.8547257966571186,0.14,False
49.15392601803048,0.0038307658755642538,0.022518645801739966,0.8546166448617962,0.14,False
49.16012684207726,0.003830774093725367,0.022498906043724662,0.8545073820218323,0.14,False
49.166327666124054,0.0038307823079305934,0.022479175787658588,0.8543980080085032,0.14,False
49.172528490170826,0.0038307905181797185,0.02245945503404458,0.8542885226929494,0.14,False
49.17872931421762,0.0038307987244725443,0.022439743783385487,0.8541789259461742,0.14,False
49.18493013826439,0.003830806926808834,0.02242004203618438,0.8540692176390462,0.14,False
49.191130962311185,0.003830815125188393,0.022400349792944415,0.8539593976422959,0.14,False
49.197331786357964,0.0038308233196110175,0.022380667054168874,0.8538494658265178,0.14,False
49.20353261040475,0.003830831510076496,0.022360993820360983,0.8537394220621695,0.14,False
49.209733434451536,0.00383083969658462,0.022341330092024277,0.8536292662195726,0.14,False
49.215934258498315,0.0038308478791351714,0.022321675869662376,0.8535189981689125,0.14,False
49.22213508254511,0.0038308560577279523,0.02230203115377883,0.8534086177802368,0.14,False
49.22833590659188,0.0038308642323627443,0.022282395944877416,0.8532981249234572,0.14,False
49.23453673063867,0.0038308724030393405,0.022262770243461894,0.8531875194683483,0.14,False
49.240737554685445,0.003830880569757534,0.02224315405003619,0.8530768012845478,0.14,False
49.24693837873224,0.0038308887325171083,0.022223547365104183,0.8529659702415567,0.14,False
49.253139202779025,0.003830896891317854,0.022203950189169916,0.8528550262087393,0.14,False
49.259340026825804,0.0038309050461595674,0.02218436252273747,0.8527439690553225,0.14,False
49.26554085087259,0.003830913197042035,0.02216478436631099,0.8526327986503968,0.14,False
49.27174167491937,0.003830921343965043,0.02214521572039473,0.8525215148629159,0.14,False
49.277942498966155,0.003830929486928386,0.022125656585492866,0.8524101175616954,0.14,False
49.28414332301294,0.0038309376259318523,0.02210610696210974,0.852298606615415,0.14,False
49.29034414705972,0.0038309457609752347,0.022086566850749702,0.8521869818926165,0.14,False
49.296544971106506,0.0038309538920583215,0.022067036251917093,0.8520752432617051,0.14,False
49.302745795153285,0.003830962019180907,0.02204751516611629,0.8519633905909479,0.14,False
49.30894661920007,0.0038309701423427764,0.022028003593851826,0.8518514237484762,0.14,False
49.31514744324686,0.003830978261543704,0.022008501535628097,0.8517393426022836,0.14,False
49.321348267293644,0.003830986376783502,0.021989008991949558,0.851627147020225,0.14,False
49.32754909134042,0.0038309944880619584,0.02196952596332076,0.8515148368700196,0.14,False
49.33374991538721,0.003831002595378857,0.021950052450246282,0.8514024120192494,0.14,False
49.33995073943399,0.003831010698733992,0.021930588453230468,0.8512898723353571,0.14,False
49.346151563480774,0.0038310187981271462,0.021911133972777944,0.8511772176856501,0.14,False
49.35235238752756,0.0038310268935581177,0.021891689009393284,0.8510644479372977,0.14,False
49.358553211574346,0.0038310349850266922,0.02187225356358091,0.8509515629573311,0.14,False
49.364754035621125,0.003831043072532661,0.0218528276358453,0.8508385626126442,0.14,False
49.37095485966791,0.003831051156075809,0.02183341122669107,0.8507254467699944,0.14,False
49.37715568371469,0.0038310592356559326,0.021814004336622544,0.8506122152959998,0.14,False
49.38335650776148,0.0038310673112728223,0.021794606966144246,0.8504988680571423,0.14,False
49.38955733180827,0.003831075382926269,0.021775219115760563,0.8503854049197653,0.14,False
49.39575815585504,0.003831083450616049,0.021755840785975922,0.8502718257500759,0.14,False
49.401958979901835,0.003831091514341967,0.021736471977294666,0.8501581304141418,0.14,False
49.40815980394861,0.003831099574103809,0.02171711269022102,0.8500443187778934,0.14,False
49.4143606279954,0.003831107629901362,0.021697762925259337,0.8499303907071245,0.14,False
49.42056145204217,0.0038311156817344184,0.021678422682913832,0.84981634606749,0.14,False
49.426762276088965,0.003831123729602767,0.02165909196368857,0.8497021847245073,0.14,False
49.43296310013575,0.0038311317735062037,0.021639770768087763,0.8495879065435562,0.14,False
49.43916392418253,0.0038311398134444935,0.02162045909661531,0.8494735113898787,0.14,False
49.445364748229316,0.0038311478494174596,0.021601156949775206,0.8493589991285777,0.14,False
49.451565572276095,0.0038311558814248807,0.021581864328071406,0.8492443696246201,0.14,False
49.45776639632288,0.003831163909466548,0.02156258123200763,0.8491296227428334,0.14,False
49.46396722036967,0.0038311719335422513,0.021543307662087733,0.8490147583479087,0.14,False
49.470168044416454,0.0038311799536517796,0.021524043618815228,0.8488997763043975,0.14,False
49.47636886846323,0.0038311879697949308,0.02150478910269377,0.8487846764767142,0.14,False
49.48256969251002,0.003831195981971485,0.021485544114226793,0.8486694587291355,0.14,False
49.4887705165568,0.003831203990181236,0.021466308653917576,0.8485541229257989,0.14,False
49.49497134060359,0.0038312119944239765,0.02144708272226943,0.8484386689307052,0.14,False
49.50117216465037,0.0038312199946994915,0.021427866319785504,0.8483230966077165,0.14,False
49.507372988697156,0.0038312279910075802,0.02140865944696883,0.8482074058205568,0.14,False
49.50760241918688,0.0038312282867948634,0.021407948975503067,0.8482031229869794,0.14,False
