time_s,C_H2_out_kmol_per_m3,C_CH4_out_kmol_per_m3,y_CH4_out,u_out_m_per_s,is_product_cut
4.1797328014814244e-05,0.023639320880123833,0.12709768106859548,0.843175062695184,0.027586206896551727,False
0.041755530686799436,0.0236393208801266,0.12709768106859273,0.8431750626951656,0.027586206896551727,False
0.08355285870161368,0.02363932088012931,0.12709768106859273,0.8431750626951504,0.027586206896551727,False
0.12535018671642792,0.023639320880132025,0.12709768106859273,0.8431750626951354,0.027586206896551727,False
0.16714751473124217,0.023639320880134745,0.12709768106859273,0.8431750626951202,0.027586206896551727,False
0.20894484274605643,0.023639320880137465,0.12709768106859273,0.843175062695105,0.027586206896551727,False
0.25074217076087063,0.023639320880140178,0.12709768106859276,0.8431750626950898,0.027586206896551727,False
0.2925394987756849,0.023639320880142898,0.12709768106859282,0.8431750626950746,0.027586206896551727,False
0.33433682679049914,0.023639320880145615,0.12709768106859284,0.8431750626950594,0.027586206896551727,False
0.37613415480531337,0.02363932088014833,0.12709768106859287,0.8431750626950443,0.027586206896551727,False
0.41793148282012765,0.023639320880151044,0.12709768106859293,0.8431750626950291,0.027586206896551727,False
0.4597288108349419,0.02363932088015376,0.12709768106859295,0.8431750626950139,0.027586206896551727,False
0.501526138849756,0.02363932088015648,0.12709768106859298,0.8431750626949989,0.027586206896551727,False
0.5433234668645703,0.023639320880159194,0.12709768106859304,0.8431750626949837,0.027586206896551727,False
0.5851207948793846,0.023639320880161914,0.12709768106859307,0.8431750626949686,0.027586206896551727,False
0.6269181228941988,0.023639320880164634,0.1270976810685931,0.8431750626949533,0.027586206896551727,False
0.6687154509090131,0.023639320880167347,0.12709768106859312,0.8431750626949381,0.027586206896551727,False
0.7105127789238274,0.023639320880170067,0.12709768106859318,0.843175062694923,0.027586206896551727,False
0.7523101069386416,0.02363932088017278,0.1270976810685932,0.8431750626949078,0.027586206896551727,False
0.7941074349534559,0.023639320880175497,0.12709768106859323,0.8431750626948926,0.027586206896551727,False
0.8359047629682701,0.023639320880178213,0.1270976810685933,0.8431750626948776,0.027586206896551727,False
0.8777020909830843,0.02363932088018093,0.12709768106859334,0.8431750626948624,0.027586206896551727,False
0.9194994189978986,0.02363932088018365,0.12709768106859337,0.8431750626948473,0.027586206896551727,False
0.9612967470127128,0.02363932088018636,0.12709768106859337,0.843175062694832,0.027586206896551727,False
1.003094075027527,0.023639320880189076,0.12709768106859343,0.8431750626948169,0.027586206896551727,False
1.0448914030423413,0.023639320880191796,0.12709768106859345,0.8431750626948017,0.027586206896551727,False
1.0866887310571556,0.02363932088019451,0.12709768106859348,0.8431750626947865,0.027586206896551727,False
1.1284860590719696,0.023639320880197223,0.12709768106859354,0.8431750626947715,0.027586206896551727,False
1.170283387086784,0.023639320880199943,0.12709768106859357,0.8431750626947563,0.027586206896551727,False
1.2120807151015982,0.023639320880202663,0.1270976810685936,0.8431750626947412,0.027586206896551727,False
1.2538780431164125,0.023639320880205376,0.12709768106859365,0.843175062694726,0.027586206896551727,False
1.2956753711312265,0.023639320880208096,0.12709768106859368,0.8431750626947108,0.027586206896551727,False
1.3374726991460408,0.023639320880210812,0.1270976810685937,0.8431750626946957,0.027586206896551727,False
1.3792700271608551,0.023639320880213525,0.12709768106859376,0.8431750626946805,0.027586206896551727,False
1.4210673551756694,0.023639320880216242,0.1270976810685938,0.8431750626946652,0.027586206896551727,False
1.4628646831904837,0.02363932088021896,0.12709768106859382,0.8431750626946501,0.027586206896551727,False
1.504662011205298,0.02363932088022168,0.12709768106859387,0.8431750626946349,0.027586206896551727,False
1.5464593392201123,0.023639320880224392,0.1270976810685939,0.84317506269462,0.027586206896551727,False
1.5882566672349263,0.023639320880227112,0.12709768106859393,0.8431750626946047,0.027586206896551727,False
1.6300539952497406,0.023639320880229832,0.12709768106859398,0.8431750626945895,0.027586206896551727,False
1.671851323264555,0.023639320880232545,0.127097681068594,0.8431750626945743,0.027586206896551727,False
1.7136486512793694,0.02363932088023526,0.12709768106859404,0.8431750626945592,0.027586206896551727,False
1.7554459792941837,0.023639320880237978,0.12709768106859407,0.843175062694544,0.027586206896551727,False
1.797243307308998,0.023639320880240695,0.12709768106859412,0.8431750626945288,0.027586206896551727,False
1.8390406353238118,0.023639320880243408,0.12709768106859415,0.8431750626945138,0.027586206896551727,False
1.880837963338626,0.023639320880246124,0.12709768106859418,0.8431750626944986,0.027586206896551727,False
1.9226352913534404,0.02363932088024884,0.12709768106859423,0.8431750626944835,0.027586206896551727,False
1.9644326193682546,0.023639320880251558,0.12709768106859426,0.8431750626944683,0.027586206896551727,False
2.0062299473830687,0.023639320880254274,0.1270976810685943,0.8431750626944531,0.027586206896551727,False
2.048027275397883,0.023639320880256994,0.12709768106859434,0.843175062694438,0.027586206896551727,False
2.0898246034126973,0.023639320880259707,0.12709768106859437,0.8431750626944228,0.027586206896551727,False
2.1316219314275116,0.02363932088026242,0.1270976810685944,0.8431750626944077,0.027586206896551727,False
2.173419259442326,0.02363932088026514,0.12709768106859443,0.8431750626943926,0.027586206896551727,False
2.2152165874571406,0.02363932088026786,0.12709768106859448,0.8431750626943774,0.027586206896551727,False
2.257013915471955,0.023639320880270574,0.1270976810685945,0.8431750626943622,0.027586206896551727,False
2.298811243486769,0.023639320880273294,0.12709768106859454,0.843175062694347,0.027586206896551727,False
2.340608571501583,0.02363932088027601,0.1270976810685946,0.8431750626943318,0.027586206896551727,False
2.3824058995163973,0.023639320880278723,0.12709768106859462,0.8431750626943166,0.027586206896551727,False
2.4242032275312115,0.02363932088028144,0.12709768106859465,0.8431750626943014,0.027586206896551727,False
2.466000555546026,0.023639320880284156,0.1270976810685947,0.8431750626942864,0.027586206896551727,False
2.5077978835608397,0.023639320880286877,0.12709768106859473,0.8431750626942711,0.027586206896551727,False
2.5495952115756544,0.02363932088028959,0.12709768106859476,0.8431750626942561,0.027586206896551727,False
2.5913925395904682,0.02363932088029231,0.12709768106859481,0.8431750626942409,0.027586206896551727,False
2.633189867605283,0.02363932088029503,0.12709768106859484,0.8431750626942257,0.027586206896551727,False
2.674987195620097,0.023639320880297743,0.12709768106859487,0.8431750626942106,0.027586206896551727,False
2.716784523634911,0.02363932088030046,0.12709768106859493,0.8431750626941954,0.027586206896551727,False
2.7585818516497254,0.023639320880303176,0.12709768106859493,0.8431750626941802,0.027586206896551727,False
2.8003791796645396,0.02363932088030589,0.12709768106859498,0.8431750626941651,0.027586206896551727,False
2.842176507679354,0.023639320880308602,0.127097681068595,0.84317506269415,0.027586206896551727,False
2.883973835694168,0.023639320880311322,0.12709768106859506,0.8431750626941349,0.027586206896551727,False
2.9257711637089825,0.02363932088031404,0.1270976810685951,0.8431750626941197,0.027586206896551727,False
2.9675684917237968,0.023639320880316752,0.12709768106859512,0.8431750626941045,0.027586206896551727,False
3.0093658197386106,0.023639320880319472,0.12709768106859518,0.8431750626940894,0.027586206896551727,False
3.0511631477534253,0.023639320880322192,0.1270976810685952,0.8431750626940742,0.027586206896551727,False
3.092960475768239,0.023639320880324905,0.12709768106859523,0.843175062694059,0.027586206896551727,False
3.134757803783054,0.023639320880327618,0.1270976810685953,0.843175062694044,0.027586206896551727,False
3.1765551317978677,0.023639320880330338,0.12709768106859531,0.8431750626940288,0.027586206896551727,False
3.2183524598126825,0.02363932088033306,0.12709768106859534,0.8431750626940135,0.027586206896551727,False
3.2601497878274963,0.02363932088033577,0.12709768106859537,0.8431750626939984,0.027586206896551727,False
3.30194711584231,0.023639320880338488,0.12709768106859543,0.8431750626939832,0.027586206896551727,False
3.343744443857125,0.023639320880341208,0.12709768106859545,0.843175062693968,0.027586206896551727,False
3.3855417718719387,0.02363932088034392,0.12709768106859548,0.8431750626939528,0.027586206896551727,False
3.4273390998867534,0.023639320880346638,0.12709768106859554,0.8431750626939377,0.027586206896551727,False
3.4691364279015673,0.023639320880349354,0.12709768106859556,0.8431750626939227,0.027586206896551727,False
3.5109337559163816,0.023639320880352074,0.1270976810685956,0.8431750626939073,0.027586206896551727,False
3.552731083931196,0.023639320880354787,0.12709768106859565,0.8431750626938923,0.027586206896551727,False
3.59452841194601,0.023639320880357508,0.12709768106859567,0.8431750626938771,0.027586206896551727,False
3.6363257399608244,0.02363932088036022,0.1270976810685957,0.843175062693862,0.027586206896551727,False
3.6781230679756387,0.023639320880362934,0.12709768106859573,0.8431750626938468,0.027586206896551727,False
3.719920395990453,0.023639320880365654,0.12709768106859576,0.8431750626938316,0.027586206896551727,False
3.7617177240052673,0.02363932088036837,0.1270976810685958,0.8431750626938165,0.027586206896551727,False
3.803515052020081,0.023639320880371087,0.12709768106859584,0.8431750626938013,0.027586206896551727,False
3.845312380034896,0.0236393208803738,0.1270976810685959,0.8431750626937863,0.027586206896551727,False
3.8871097080497097,0.02363932088037652,0.12709768106859592,0.8431750626937711,0.027586206896551727,False
3.9289070360645244,0.023639320880379237,0.12709768106859595,0.8431750626937559,0.027586206896551727,False
3.9707043640793382,0.02363932088038195,0.127097681068596,0.8431750626937408,0.027586206896551727,False
4.012501692094152,0.02363932088038467,0.12709768106859604,0.8431750626937256,0.027586206896551727,False
4.054299020108967,0.02363932088038739,0.12709768106859606,0.8431750626937103,0.027586206896551727,False
4.096096348123781,0.023639320880390103,0.12709768106859612,0.8431750626936951,0.027586206896551727,False
4.137893676138596,0.023639320880392816,0.12709768106859615,0.8431750626936801,0.027586206896551727,False
4.179691004153409,0.023639320880395536,0.12709768106859617,0.8431750626936649,0.027586206896551727,False
4.221488332168224,0.023639320880398256,0.12709768106859623,0.8431750626936498,0.027586206896551727,False
4.263285660183039,0.02363932088040097,0.12709768106859626,0.8431750626936346,0.027586206896551727,False
4.305082988197852,0.023639320880403686,0.12709768106859629,0.8431750626936194,0.027586206896551727,False
4.346880316212667,0.023639320880406406,0.12709768106859634,0.8431750626936043,0.027586206896551727,False
4.388677644227481,0.02363932088040912,0.12709768106859637,0.8431750626935891,0.027586206896551727,False
4.430474972242296,0.023639320880411832,0.1270976810685964,0.8431750626935739,0.027586206896551727,False
4.472272300257109,0.023639320880414552,0.12709768106859642,0.8431750626935589,0.027586206896551727,False
4.514069628271924,0.023639320880417272,0.12709768106859648,0.8431750626935437,0.027586206896551727,False
4.555866956286738,0.02363932088041998,0.12709768106859648,0.8431750626935285,0.027586206896551727,False
4.597664284301552,0.0236393208804227,0.12709768106859654,0.8431750626935134,0.027586206896551727,False
4.639461612316366,0.02363932088042542,0.12709768106859656,0.8431750626934982,0.027586206896551727,False
4.681258940331181,0.02363932088042813,0.1270976810685966,0.843175062693483,0.027586206896551727,False
4.723056268345995,0.02363932088043085,0.12709768106859665,0.8431750626934678,0.027586206896551727,False
4.764853596360809,0.023639320880433568,0.12709768106859667,0.8431750626934527,0.027586206896551727,False
4.8066509243756235,0.023639320880436285,0.12709768106859673,0.8431750626934377,0.027586206896551727,False
4.848448252390437,0.023639320880438998,0.12709768106859676,0.8431750626934225,0.027586206896551727,False
4.890245580405252,0.023639320880441714,0.12709768106859679,0.8431750626934073,0.027586206896551727,False
4.932042908420066,0.023639320880444434,0.12709768106859684,0.843175062693392,0.027586206896551727,False
4.973840236434881,0.023639320880447148,0.12709768106859687,0.8431750626933769,0.027586206896551727,False
5.015637564449694,0.023639320880449868,0.1270976810685969,0.8431750626933617,0.027586206896551727,False
5.057434892464509,0.023639320880452588,0.12709768106859695,0.8431750626933465,0.027586206896551727,False
5.0992322204793235,0.0236393208804553,0.12709768106859698,0.8431750626933314,0.027586206896551727,False
5.141029548494137,0.023639320880458014,0.127097681068597,0.8431750626933163,0.027586206896551727,False
5.182826876508951,0.023639320880460734,0.12709768106859706,0.8431750626933012,0.027586206896551727,False
5.224624204523766,0.02363932088046345,0.1270976810685971,0.843175062693286,0.027586206896551727,False
5.266421532538581,0.023639320880466167,0.12709768106859712,0.8431750626932708,0.027586206896551727,False
5.308218860553394,0.023639320880468884,0.12709768106859717,0.8431750626932557,0.027586206896551727,False
5.350016188568208,0.023639320880471604,0.1270976810685972,0.8431750626932405,0.027586206896551727,False
5.391813516583023,0.023639320880474317,0.12709768106859723,0.8431750626932253,0.027586206896551727,False
5.433610844597837,0.02363932088047703,0.12709768106859726,0.8431750626932101,0.027586206896551727,False
5.475408172612651,0.02363932088047975,0.12709768106859728,0.8431750626931951,0.027586206896551727,False
5.517205500627465,0.023639320880482463,0.12709768106859734,0.8431750626931799,0.027586206896551727,False
5.559002828642279,0.023639320880485176,0.12709768106859737,0.8431750626931648,0.027586206896551727,False
5.600800156657094,0.023639320880487896,0.1270976810685974,0.8431750626931496,0.027586206896551727,False
5.642597484671908,0.023639320880490616,0.12709768106859742,0.8431750626931344,0.027586206896551727,False
5.6843948126867225,0.02363932088049333,0.12709768106859748,0.8431750626931191,0.027586206896551727,False
5.726192140701536,0.02363932088049605,0.1270976810685975,0.843175062693104,0.027586206896551727,False
5.767989468716351,0.023639320880498766,0.12709768106859756,0.8431750626930888,0.027586206896551727,False
5.809786796731165,0.023639320880501483,0.1270976810685976,0.8431750626930739,0.027586206896551727,False
5.851584124745979,0.023639320880504196,0.12709768106859765,0.8431750626930586,0.027586206896551727,False
5.893381452760793,0.023639320880506912,0.12709768106859767,0.8431750626930434,0.027586206896551727,False
5.935178780775608,0.023639320880509632,0.1270976810685977,0.8431750626930283,0.027586206896551727,False
5.9769761087904225,0.023639320880512345,0.12709768106859773,0.8431750626930131,0.027586206896551727,False
6.018773436805236,0.023639320880515065,0.12709768106859778,0.8431750626929979,0.027586206896551727,False
6.06057076482005,0.023639320880517786,0.1270976810685978,0.8431750626929828,0.027586206896551727,False
6.102368092834865,0.0236393208805205,0.12709768106859784,0.8431750626929676,0.027586206896551727,False
6.144165420849679,0.023639320880523212,0.1270976810685979,0.8431750626929526,0.027586206896551727,False
6.185962748864493,0.023639320880525932,0.12709768106859792,0.8431750626929374,0.027586206896551727,False
6.227760076879307,0.02363932088052865,0.12709768106859795,0.8431750626929222,0.027586206896551727,False
6.2695574048941225,0.023639320880531365,0.127097681068598,0.8431750626929071,0.027586206896551727,False
6.311354732908936,0.023639320880534078,0.127097681068598,0.8431750626928919,0.027586206896551727,False
6.35315206092375,0.023639320880536795,0.12709768106859806,0.8431750626928767,0.027586206896551727,False
6.3949493889385645,0.02363932088053951,0.1270976810685981,0.8431750626928615,0.027586206896551727,False
6.436746716953378,0.023639320880542228,0.12709768106859812,0.8431750626928463,0.027586206896551727,False
6.478544044968193,0.023639320880544948,0.12709768106859817,0.8431750626928312,0.027586206896551727,False
6.520341372983007,0.02363932088054766,0.1270976810685982,0.8431750626928162,0.027586206896551727,False
6.562138700997822,0.023639320880550374,0.12709768106859823,0.843175062692801,0.027586206896551727,False
6.603936029012635,0.023639320880553094,0.12709768106859828,0.8431750626927857,0.027586206896551727,False
6.64573335702745,0.023639320880555814,0.1270976810685983,0.8431750626927705,0.027586206896551727,False
6.6875306850422644,0.023639320880558527,0.12709768106859834,0.8431750626927554,0.027586206896551727,False
6.729328013057078,0.023639320880561247,0.1270976810685984,0.8431750626927402,0.027586206896551727,False
6.771125341071892,0.023639320880563964,0.12709768106859842,0.843175062692725,0.027586206896551727,False
6.812922669086707,0.023639320880566677,0.12709768106859848,0.84317506269271,0.027586206896551727,False
6.854719997101521,0.023639320880569394,0.1270976810685985,0.8431750626926948,0.027586206896551727,False
6.896517325116335,0.02363932088057211,0.12709768106859853,0.8431750626926797,0.027586206896551727,False
6.938314653131149,0.023639320880574837,0.1270976810685986,0.8431750626926645,0.027586206896551727,False
6.980111981145964,0.02363932088057756,0.12709768106859862,0.8431750626926493,0.027586206896551727,False
7.021909309160778,0.023639320880581013,0.12709768106859864,0.84317506269263,0.027586206896551727,False
7.063706637175592,0.023639320880586238,0.12709768106859873,0.8431750626926009,0.027586206896551727,False
7.105503965190406,0.023639320880591452,0.12709768106859878,0.8431750626925717,0.027586206896551727,False
7.147301293205221,0.023639320880596677,0.12709768106859884,0.8431750626925426,0.027586206896551727,False
7.189098621220035,0.02363932088060191,0.12709768106859892,0.8431750626925133,0.027586206896551727,False
7.230895949234849,0.023639320880607145,0.127097681068599,0.8431750626924842,0.027586206896551727,False
7.2726932772496635,0.02363932088061238,0.12709768106859906,0.8431750626924549,0.027586206896551727,False
7.314490605264477,0.02363932088061761,0.12709768106859914,0.8431750626924258,0.027586206896551727,False
7.356287933279292,0.023639320880622823,0.1270976810685992,0.8431750626923967,0.027586206896551727,False
7.398085261294106,0.023639320880628038,0.12709768106859928,0.8431750626923676,0.027586206896551727,False
7.43988258930892,0.023639320880633266,0.12709768106859937,0.8431750626923386,0.027586206896551727,False
7.481679917323734,0.023639320880638495,0.12709768106859942,0.8431750626923092,0.027586206896551727,False
7.523477245338549,0.02363932088064372,0.12709768106859948,0.8431750626922802,0.027586206896551727,False
7.5652745733533635,0.02363932088064894,0.12709768106859956,0.843175062692251,0.027586206896551727,False
7.607071901368177,0.02363932088065417,0.12709768106859964,0.8431750626922218,0.027586206896551727,False
7.648869229382991,0.02363932088065938,0.1270976810685997,0.8431750626921928,0.027586206896551727,False
7.690666557397806,0.02363932088066461,0.12709768106859975,0.8431750626921635,0.027586206896551727,False
7.73246388541262,0.023639320880669848,0.12709768106859984,0.8431750626921343,0.027586206896551727,False
7.774261213427434,0.02363932088067508,0.1270976810685999,0.8431750626921051,0.027586206896551727,False
7.816058541442248,0.023639320880680305,0.12709768106859998,0.843175062692076,0.027586206896551727,False
7.8578558694570635,0.023639320880685526,0.12709768106860003,0.8431750626920469,0.027586206896551727,False
7.899653197471877,0.023639320880690765,0.12709768106860012,0.8431750626920176,0.027586206896551727,False
7.941450525486691,0.023639320880695983,0.1270976810686002,0.8431750626919885,0.027586206896551727,False
7.9832478535015055,0.023639320880701212,0.12709768106860025,0.8431750626919594,0.027586206896551727,False
8.02504518151632,0.023639320880706437,0.1270976810686003,0.8431750626919301,0.027586206896551727,False
8.066842509531135,0.02363932088071166,0.1270976810686004,0.843175062691901,0.027586206896551727,False
8.10863983754595,0.02363932088071689,0.12709768106860048,0.8431750626918719,0.027586206896551727,False
8.150437165560762,0.02363932088072211,0.12709768106860053,0.8431750626918426,0.027586206896551727,False
8.192234493575576,0.023639320880727344,0.1270976810686006,0.8431750626918134,0.027586206896551727,False
8.234031821590392,0.023639320880732572,0.12709768106860067,0.8431750626917843,0.027586206896551727,False
8.275829149605206,0.0236393208807378,0.12709768106860073,0.8431750626917551,0.027586206896551727,False
8.317626477620019,0.023639320880743032,0.1270976810686008,0.8431750626917259,0.027586206896551727,False
8.359423805634833,0.02363932088074826,0.12709768106860087,0.8431750626916967,0.027586206896551727,False
8.40122113364965,0.023639320880753496,0.12709768106860095,0.8431750626916676,0.027586206896551727,False
8.443018461664462,0.023639320880758725,0.12709768106860103,0.8431750626916383,0.027586206896551727,False
8.484815789679278,0.023639320880763936,0.1270976810686011,0.8431750626916094,0.027586206896551727,False
8.52661311769409,0.023639320880769164,0.12709768106860114,0.84317506269158,0.027586206896551727,False
8.568410445708906,0.023639320880774386,0.12709768106860123,0.843175062691551,0.027586206896551727,False
8.610207773723719,0.023639320880779604,0.1270976810686013,0.8431750626915219,0.027586206896551727,False
8.652005101738535,0.023639320880784836,0.12709768106860136,0.8431750626914928,0.027586206896551727,False
8.693802429753347,0.023639320880790064,0.12709768106860145,0.8431750626914635,0.027586206896551727,False
8.735599757768162,0.023639320880795293,0.1270976810686015,0.8431750626914344,0.027586206896551727,False
8.777397085782976,0.023639320880800514,0.1270976810686016,0.8431750626914053,0.027586206896551727,False
8.819194413797792,0.023639320880805743,0.12709768106860164,0.843175062691376,0.027586206896551727,False
8.860991741812605,0.023639320880810968,0.12709768106860173,0.8431750626913469,0.027586206896551727,False
8.902789069827419,0.0236393208808162,0.12709768106860178,0.8431750626913177,0.027586206896551727,False
8.944586397842233,0.02363932088082143,0.12709768106860186,0.8431750626912885,0.027586206896551727,False
8.98638372585705,0.02363932088082666,0.12709768106860195,0.8431750626912594,0.027586206896551727,False
9.028181053871862,0.023639320880831885,0.127097681068602,0.8431750626912301,0.027586206896551727,False
9.069978381886676,0.023639320880837107,0.12709768106860206,0.843175062691201,0.027586206896551727,False
9.11177570990149,0.023639320880842335,0.12709768106860214,0.8431750626911718,0.027586206896551727,False
9.153573037916306,0.023639320880847567,0.1270976810686022,0.8431750626911426,0.027586206896551727,False
9.195370365931119,0.023639320880852792,0.12709768106860228,0.8431750626911134,0.027586206896551727,False
9.237167693945933,0.023639320880858024,0.12709768106860234,0.8431750626910843,0.027586206896551727,False
9.278965021960747,0.023639320880863252,0.12709768106860242,0.8431750626910551,0.027586206896551727,False
9.320762349975562,0.023639320880868474,0.12709768106860247,0.8431750626910259,0.027586206896551727,False
9.362559677990376,0.02363932088087371,0.12709768106860256,0.8431750626909968,0.027586206896551727,False
9.40435700600519,0.02363932088087894,0.1270976810686026,0.8431750626909675,0.027586206896551727,False
9.446154334020003,0.023639320880884163,0.1270976810686027,0.8431750626909384,0.027586206896551727,False
9.487951662034819,0.02363932088088939,0.12709768106860278,0.8431750626909094,0.027586206896551727,False
9.529748990049633,0.02363932088089462,0.12709768106860284,0.84317506269088,0.027586206896551727,False
9.571546318064447,0.023639320880899848,0.1270976810686029,0.843175062690851,0.027586206896551727,False
9.613343646079262,0.023639320880905076,0.12709768106860297,0.8431750626908217,0.027586206896551727,False
9.655140974094076,0.023639320880910305,0.12709768106860306,0.8431750626907926,0.027586206896551727,False
9.696938302108888,0.02363932088091553,0.1270976810686031,0.8431750626907635,0.027586206896551727,False
9.738735630123704,0.023639320880920748,0.12709768106860317,0.8431750626907343,0.027586206896551727,False
9.780532958138517,0.023639320880925973,0.12709768106860325,0.8431750626907052,0.027586206896551727,False
9.822330286153333,0.023639320880931198,0.1270976810686033,0.843175062690676,0.027586206896551727,False
9.864127614168147,0.023639320880936433,0.1270976810686034,0.8431750626906468,0.027586206896551727,False
9.905924942182962,0.023639320880941665,0.12709768106860347,0.8431750626906176,0.027586206896551727,False
9.947722270197774,0.02363932088094689,0.12709768106860353,0.8431750626905885,0.027586206896551727,False
9.989519598212588,0.023639320880952122,0.1270976810686036,0.8431750626905592,0.027586206896551727,False
10.031316926227403,0.02363932088095735,0.12709768106860367,0.8431750626905301,0.027586206896551727,False
10.073114254242219,0.02363932088096258,0.12709768106860375,0.843175062690501,0.027586206896551727,False
10.114911582257031,0.023639320880967808,0.1270976810686038,0.8431750626904717,0.027586206896551727,False
10.156708910271847,0.02363932088097303,0.1270976810686039,0.8431750626904426,0.027586206896551727,False
10.198506238286662,0.02363932088097826,0.12709768106860395,0.8431750626904134,0.027586206896551727,False
10.240303566301474,0.02363932088098348,0.12709768106860403,0.8431750626903843,0.027586206896551727,False
10.282100894316288,0.023639320880988707,0.12709768106860408,0.843175062690355,0.027586206896551727,False
10.323898222331103,0.02363932088099394,0.12709768106860414,0.8431750626903259,0.027586206896551727,False
10.365695550345917,0.023639320880999168,0.12709768106860422,0.8431750626902969,0.027586206896551727,False
10.407492878360733,0.023639320881004396,0.1270976810686043,0.8431750626902675,0.027586206896551727,False
10.449290206375546,0.023639320881009618,0.12709768106860436,0.8431750626902385,0.027586206896551727,False
10.491087534390362,0.023639320881014853,0.12709768106860445,0.8431750626902091,0.027586206896551727,False
10.532884862405172,0.02363932088102007,0.1270976810686045,0.84317506269018,0.027586206896551727,False
10.574682190419988,0.023639320881025303,0.12709768106860458,0.843175062690151,0.027586206896551727,False
10.616479518434803,0.023639320881030535,0.12709768106860464,0.8431750626901217,0.027586206896551727,False
10.658276846449617,0.02363932088103576,0.12709768106860472,0.8431750626900926,0.027586206896551727,False
10.700074174464431,0.02363932088104099,0.12709768106860478,0.8431750626900635,0.027586206896551727,False
10.741871502479247,0.02363932088104621,0.12709768106860486,0.8431750626900343,0.027586206896551727,False
10.78366883049406,0.023639320881051442,0.12709768106860492,0.8431750626900051,0.027586206896551727,False
10.825466158508874,0.02363932088105667,0.127097681068605,0.843175062689976,0.027586206896551727,False
10.867263486523687,0.023639320881061895,0.12709768106860506,0.8431750626899468,0.027586206896551727,False
10.909060814538503,0.02363932088106712,0.12709768106860514,0.8431750626899176,0.027586206896551727,False
10.950858142553317,0.023639320881072345,0.1270976810686052,0.8431750626898884,0.027586206896551727,False
10.992655470568131,0.023639320881077577,0.12709768106860528,0.8431750626898592,0.027586206896551727,False
11.034452798582947,0.023639320881082806,0.12709768106860536,0.8431750626898301,0.027586206896551727,False
11.076250126597762,0.023639320881088034,0.12709768106860542,0.8431750626898009,0.027586206896551727,False
11.118047454612572,0.023639320881093273,0.1270976810686055,0.8431750626897717,0.027586206896551727,False
11.159844782627388,0.023639320881098495,0.12709768106860556,0.8431750626897425,0.027586206896551727,False
11.2016421106422,0.023639320881103723,0.1270976810686056,0.8431750626897133,0.027586206896551727,False
11.243439438657017,0.023639320881108945,0.1270976810686057,0.8431750626896841,0.027586206896551727,False
11.285236766671833,0.02363932088111418,0.12709768106860578,0.843175062689655,0.027586206896551727,False
11.327034094686645,0.023639320881119412,0.12709768106860583,0.8431750626896258,0.027586206896551727,False
11.368831422701462,0.023639320881124633,0.1270976810686059,0.8431750626895966,0.027586206896551727,False
11.410628750716272,0.02363932088112987,0.12709768106860597,0.8431750626895675,0.027586206896551727,False
11.452426078731088,0.02363932088113509,0.12709768106860606,0.8431750626895383,0.027586206896551727,False
11.494223406745903,0.02363932088114032,0.1270976810686061,0.8431750626895091,0.027586206896551727,False
11.536020734760717,0.02363932088114555,0.1270976810686062,0.84317506268948,0.027586206896551727,False
11.577818062775531,0.023639320881150776,0.12709768106860625,0.8431750626894507,0.027586206896551727,False
11.619615390790347,0.023639320881156008,0.12709768106860633,0.8431750626894217,0.027586206896551727,False
11.66141271880516,0.023639320881161257,0.1270976810686064,0.8431750626893924,0.027586206896551727,False
11.703210046819974,0.023639320881166506,0.12709768106860644,0.8431750626893629,0.027586206896551727,False
11.745007374834787,0.023639320881171797,0.12709768106860653,0.8431750626893335,0.027586206896551727,False
11.786804702849603,0.023639320881178604,0.1270976810686066,0.8431750626892955,0.027586206896551727,False
11.828602030864417,0.023639320881188374,0.12709768106860675,0.843175062689241,0.027586206896551727,False
11.870399358879231,0.023639320881198873,0.1270976810686069,0.8431750626891824,0.027586206896551727,False
11.912196686894045,0.023639320881211408,0.12709768106860705,0.8431750626891126,0.027586206896551727,False
11.953994014908861,0.023639320881227152,0.12709768106860728,0.8431750626890248,0.027586206896551727,False
11.995791342923672,0.023639320881245773,0.1270976810686075,0.8431750626889208,0.027586206896551727,False
12.037588670938488,0.023639320881267703,0.1270976810686078,0.8431750626887985,0.027586206896551727,False
12.0793859989533,0.023639320881294314,0.12709768106860816,0.84317506268865,0.027586206896551727,False
12.121183326968117,0.02363932088132615,0.1270976810686086,0.8431750626884723,0.027586206896551727,False
12.162980654982931,0.02363932088136433,0.12709768106860908,0.8431750626882591,0.027586206896551727,False
12.204777982997745,0.023639320881409534,0.1270976810686097,0.843175062688007,0.027586206896551727,False
12.24657531101256,0.02363932088146382,0.1270976810686104,0.8431750626877041,0.027586206896551727,False
12.288372639027372,0.023639320881528213,0.12709768106861127,0.8431750626873449,0.027586206896551727,False
12.330169967042186,0.023639320881605117,0.12709768106861233,0.8431750626869157,0.027586206896551727,False
12.371967295057003,0.02363932088169638,0.12709768106861355,0.8431750626864065,0.027586206896551727,False
12.413764623071815,0.023639320881804732,0.127097681068615,0.8431750626858019,0.027586206896551727,False
12.455561951086631,0.02363932088193333,0.12709768106861669,0.8431750626850844,0.027586206896551727,False
12.497359279101445,0.023639320882085688,0.12709768106861866,0.8431750626842341,0.027586206896551727,False
12.539156607116258,0.02363932088226613,0.12709768106862107,0.8431750626832273,0.027586206896551727,False
12.580953935131072,0.02363932088247946,0.1270976810686239,0.8431750626820369,0.027586206896551727,False
12.622751263145886,0.023639320882731532,0.1270976810686273,0.8431750626806306,0.027586206896551727,False
12.6645485911607,0.02363932088302891,0.12709768106863123,0.843175062678971,0.027586206896551727,False
12.706345919175517,0.023639320883379524,0.12709768106863595,0.8431750626770148,0.027586206896551727,False
12.74814324719033,0.023639320883792503,0.12709768106864142,0.8431750626747104,0.027586206896551727,False
12.789940575205145,0.023639320884278323,0.1270976810686479,0.8431750626719997,0.027586206896551727,False
12.831737903219956,0.023639320884849355,0.12709768106865552,0.8431750626688134,0.027586206896551727,False
12.873535231234772,0.02363932088551983,0.12709768106866448,0.8431750626650723,0.027586206896551727,False
12.915332559249586,0.023639320886306273,0.12709768106867497,0.8431750626606841,0.027586206896551727,False
12.9571298872644,0.0236393208872279,0.12709768106868724,0.8431750626555417,0.027586206896551727,False
12.998927215279215,0.023639320888306878,0.12709768106870167,0.843175062649521,0.027586206896551727,False
13.040724543294031,0.023639320889568834,0.12709768106871852,0.8431750626424797,0.027586206896551727,False
13.082521871308844,0.02363932089104344,0.1270976810687382,0.8431750626342518,0.027586206896551727,False
13.124319199323658,0.02363932089276484,0.12709768106876118,0.8431750626246467,0.027586206896551727,False
13.16611652733847,0.023639320894772414,0.1270976810687879,0.8431750626134447,0.027586206896551727,False
13.207913855353286,0.0236393208971115,0.12709768106881889,0.8431750626003929,0.027586206896551727,False
13.2497111833681,0.023639320899834244,0.12709768106885522,0.8431750625852004,0.027586206896551727,False
13.291508511382915,0.023639320903000492,0.12709768106889746,0.8431750625675334,0.027586206896551727,False
13.33330583939773,0.02363932090667903,0.12709768106894656,0.8431750625470079,0.027586206896551727,False
13.375103167412545,0.023639320910948662,0.1270976810690032,0.8431750625231839,0.027586206896551727,False
13.416900495427356,0.023639320915899677,0.1270976810690693,0.8431750624955582,0.027586206896551727,False
13.458697823442172,0.02363932092163542,0.12709768106914585,0.8431750624635539,0.027586206896551727,False
13.500495151456985,0.023639320928274036,0.1270976810692342,0.8431750624265115,0.027586206896551727,False
13.5422924794718,0.0236393209359505,0.1270976810693367,0.8431750623836785,0.027586206896551727,False
13.584089807486615,0.023639320944818874,0.12709768106945477,0.8431750623341944,0.027586206896551727,False
13.62588713550143,0.023639320955054728,0.12709768106959116,0.8431750622770803,0.027586206896551727,False
13.667684463516244,0.023639320966858106,0.1270976810697528,0.843175062211224,0.027586206896551727,False
13.709481791531056,0.023639320980456784,0.12709768106994987,0.8431750621353623,0.027586206896551727,False
13.75127911954587,0.023639320996109374,0.1270976810701779,0.8431750620480439,0.027586206896551727,False
13.793076447560686,0.02363932101410983,0.12709768107043729,0.843175061947625,0.027586206896551727,False
13.834873775575499,0.023639321034792028,0.12709768107073222,0.8431750618322421,0.027586206896551727,False
13.876671103590315,0.02363932105853412,0.12709768107106825,0.8431750616997861,0.027586206896551727,False
13.91846843160513,0.023639321085764723,0.12709768107145059,0.8431750615478644,0.027586206896551727,False
13.960265759619944,0.023639321116968967,0.12709768107188588,0.8431750613737706,0.027586206896551727,False
14.002063087634756,0.023639321152695392,0.12709768107238378,0.8431750611744463,0.027586206896551727,False
14.04386041564957,0.023639321193564395,0.12709768107296643,0.8431750609464441,0.027586206896551727,False
14.085657743664385,0.023639321240275082,0.1270976810736279,0.8431750606858477,0.027586206896551727,False
14.1274550716792,0.02363932129361653,0.12709768107437755,0.8431750603882523,0.027586206896551727,False
14.169252399694013,0.02363932135447804,0.12709768107523228,0.8431750600487016,0.027586206896551727,False
14.21104972770883,0.02363932142386099,0.12709768107621547,0.8431750596616182,0.027586206896551727,False
14.252847055723644,0.02363932150289132,0.1270976810773272,0.8431750592207041,0.027586206896551727,False
14.294644383738456,0.023639321592834966,0.12709768107859734,0.8431750587189094,0.027586206896551727,False
14.33644171175327,0.02363932169511315,0.1270976810800383,0.8431750581482967,0.027586206896551727,False
14.378239039768085,0.023639321811320876,0.12709768108167876,0.8431750574999743,0.027586206896551727,False
14.420036367782899,0.023639321943246167,0.12709768108353695,0.8431750567639592,0.027586206896551727,False
14.461833695797715,0.023639322092891595,0.12709768108564823,0.8431750559290866,0.027586206896551727,False
14.503631023812527,0.023639322262498652,0.12709768108804156,0.8431750549828485,0.027586206896551727,False
14.545428351827344,0.023639322454573695,0.12709768109075067,0.84317505391126,0.027586206896551727,False
14.587225679842154,0.023639322671917276,0.1270976810938159,0.8431750526986979,0.027586206896551727,False
14.62902300785697,0.0236393229176558,0.12709768109728106,0.8431750513277195,0.027586206896551727,False
14.670820335871785,0.023639323195276892,0.12709768110119785,0.8431750497788701,0.027586206896551727,False
14.712617663886599,0.023639323508667476,0.12709768110561837,0.8431750480304615,0.027586206896551727,False
14.754414991901413,0.023639323862156333,0.12709768111060488,0.8431750460583447,0.027586206896551727,False
14.79621231991623,0.02363932426056026,0.12709768111622466,0.8431750438356462,0.027586206896551727,False
14.838009647931042,0.023639324709235035,0.12709768112255387,0.8431750413324866,0.027586206896551727,False
14.879806975945856,0.02363932521413044,0.12709768112967554,0.8431750385156709,0.027586206896551727,False
14.921604303960669,0.02363932578185143,0.12709768113768452,0.843175035348352,0.027586206896551727,False
14.963401631975485,0.02363932641972381,0.12709768114668274,0.8431750317896579,0.027586206896551727,False
15.005198959990299,0.02363932713586707,0.12709768115678494,0.8431750277942897,0.027586206896551727,False
15.046996288005113,0.023639327939272908,0.1270976811681187,0.8431750233120838,0.027586206896551727,False
15.088793616019927,0.023639328839891283,0.12709768118082362,0.8431750182875283,0.027586206896551727,False
15.13059094403474,0.02363932984872374,0.12709768119505485,0.8431750126592455,0.027586206896551727,False
15.172388272049554,0.023639330977925248,0.1270976812109847,0.8431750063594239,0.027586206896551727,False
15.21418560006437,0.02363933224091473,0.12709768122880186,0.8431749993131984,0.027586206896551727,False
15.255982928079183,0.02363933365249499,0.12709768124871523,0.8431749914379842,0.027586206896551727,False
15.297780256093999,0.023639335228982688,0.12709768127095517,0.843174982642751,0.027586206896551727,False
15.339577584108813,0.023639336988350003,0.12709768129577534,0.8431749728272319,0.027586206896551727,False
15.381374912123627,0.02363933895037701,0.12709768132345434,0.8431749618810734,0.027586206896551727,False
15.42317224013844,0.02363934113681702,0.12709768135429947,0.8431749496829144,0.027586206896551727,False
15.464969568153254,0.023639343571575662,0.1270976813886477,0.8431749360993848,0.027586206896551727,False
15.506766896168068,0.02363934628090393,0.12709768142686978,0.843174920984031,0.027586206896551727,False
15.548564224182885,0.023639349293606622,0.1270976814693719,0.8431749041761507,0.027586206896551727,False
15.590361552197697,0.02363935264126736,0.12709768151659964,0.8431748854995393,0.027586206896551727,False
15.632158880212513,0.0236393563584908,0.12709768156904133,0.8431748647611373,0.027586206896551727,False
15.673956208227327,0.023639360483163775,0.12709768162723153,0.8431748417495746,0.027586206896551727,False
15.71575353624214,0.02363936505673574,0.12709768169175514,0.843174816233605,0.027586206896551727,False
15.757550864256954,0.02363937012452056,0.12709768176325145,0.8431747879604231,0.027586206896551727,False
15.799348192271768,0.023639375736020672,0.12709768184241874,0.8431747566538547,0.027586206896551727,False
15.841145520286583,0.023639381945274977,0.12709768193001972,0.843174722012418,0.027586206896551727,False
15.882942848301399,0.023639388811231603,0.127097682026886,0.8431746837072425,0.027586206896551727,False
15.924740176316211,0.02363939639814732,0.12709768213392442,0.8431746413798403,0.027586206896551727,False
15.966537504331027,0.023639404776015296,0.12709768225212242,0.8431745946397214,0.027586206896551727,False
16.008334832345838,0.02363941402102249,0.1270976823825551,0.8431745430618403,0.027586206896551727,False
16.050132160360654,0.02363942421603845,0.12709768252639173,0.8431744861838699,0.027586206896551727,False
16.09192948837547,0.023639435451137333,0.1270976826849032,0.8431744235032893,0.027586206896551727,False
16.133726816390283,0.023639447824154745,0.12709768285947004,0.8431743544742768,0.027586206896551727,False
16.1755241444051,0.023639461441281033,0.1270976830515907,0.8431742785044005,0.027586206896551727,False
16.217321472419915,0.023639476417694056,0.12709768326289037,0.8431741949510879,0.027586206896551727,False
16.259118800434727,0.023639492878231978,0.12709768349513054,0.8431741031178728,0.027586206896551727,False
16.30091612844954,0.023639510958108272,0.1270976837502191,0.843174002250406,0.027586206896551727,False
16.342713456464352,0.023639530803672426,0.1270976840302212,0.8431738915322122,0.027586206896551727,False
16.38451078447917,0.023639552573216777,0.12709768433737065,0.8431737700801891,0.027586206896551727,False
16.426308112493984,0.02363957643783215,0.12709768467408156,0.8431736369398332,0.027586206896551727,False
16.468105440508797,0.023639602582315237,0.1270976850429616,0.8431734910801781,0.027586206896551727,False
16.509902768523613,0.02363963120612891,0.12709768544682523,0.8431733313884381,0.027586206896551727,False
16.55170009653843,0.023639662524418282,0.12709768588870857,0.8431731566643397,0.027586206896551727,False
16.593497424553238,0.023639696769084895,0.12709768637188387,0.8431729656141291,0.027586206896551727,False
16.635294752568054,0.02363973418992109,0.12709768689987627,0.8431727568442449,0.027586206896551727,False
16.677092080582867,0.02363977505580715,0.12709768747647981,0.8431725288546392,0.027586206896551727,False
16.718889408597683,0.02363981965597359,0.12709768810577612,0.8431722800317368,0.027586206896551727,False
16.7606867366125,0.02363986830133053,0.12709768879215247,0.8431720086410198,0.027586206896551727,False
16.80248406462731,0.023639921325867428,0.1270976895403221,0.8431717128192201,0.027586206896551727,False
16.844281392642124,0.02363997908812445,0.1270976903553446,0.8431713905661111,0.027586206896551727,False
16.88607872065694,0.023640041972739265,0.12709769124264766,0.8431710397358813,0.027586206896551727,False
16.927876048671756,0.02364011039206974,0.1270976922080503,0.8431706580280818,0.027586206896551727,False
16.96967337668657,0.023640184787896742,0.12709769325778755,0.8431702429781314,0.027586206896551727,False
17.01147070470138,0.023640265633207896,0.12709769439853352,0.8431697919473643,0.027586206896551727,False
17.053268032716197,0.02364035343406558,0.12709769563742998,0.8431693021126146,0.027586206896551727,False
17.095065360731013,0.023640448731560598,0.127097696982113,0.8431687704553198,0.027586206896551727,False
17.136862688745826,0.023640552103853713,0.1270976984407418,0.8431681937501343,0.027586206896551727,False
17.178660016760638,0.023640664168307582,0.1270977000220284,0.8431675685530411,0.027586206896551727,False
17.220457344775454,0.0236407855837102,0.12709770173527,0.8431668911889534,0.027586206896551727,False
17.26225467279027,0.0236409170525922,0.127097703590381,0.8431661577387916,0.027586206896551727,False
17.304052000805083,0.023641059323639798,0.1270977055979273,0.84316536402603,0.027586206896551727,False
17.345849328819895,0.023641213194204053,0.12709770776916143,0.843164505602706,0.027586206896551727,False
17.38764665683471,0.023641379512908952,0.12709771011606028,0.8431635777348789,0.027586206896551727,False
17.429443984849524,0.02364155918235885,0.12709771265136138,0.8431625753875357,0.027586206896551727,False
17.47124131286434,0.023641753161945975,0.12709771538860457,0.8431614932089422,0.027586206896551727,False
17.513038640879152,0.023641962470759836,0.12709771834217226,0.8431603255144244,0.027586206896551727,False
17.55483596889397,0.023642188190597994,0.12709772152733204,0.843159066269589,0.027586206896551727,False
17.59663329690878,0.0236424314690796,0.12709772496027974,0.8431577090729699,0.027586206896551727,False
17.638430624923597,0.0236426935228609,0.12709772865818658,0.8431562471381118,0.027586206896551727,False
17.68022795293841,0.023642975640953082,0.1270977326392443,0.8431546732750822,0.027586206896551727,False
17.722025280953225,0.023643279188142016,0.12709773692271473,0.8431529798714209,0.027586206896551727,False
17.763822608968038,0.02364360560850857,0.12709774152897832,0.8431511588725294,0.027586206896551727,False
17.805619936982854,0.023643956429049828,0.12709774647958783,0.8431492017615054,0.027586206896551727,False
17.847417264997667,0.02364433326339748,0.12709775179731486,0.8431470995384296,0.027586206896551727,False
17.889214593012483,0.023644737815633938,0.12709775750621088,0.8431448426991279,0.027586206896551727,False
17.931011921027295,0.023645171884202947,0.12709776363165867,0.8431424212133979,0.027586206896551727,False
17.97280924904211,0.023645637365911742,0.12709777020042914,0.8431398245027365,0.027586206896551727,False
18.014606577056924,0.02364613626002297,0.12709777724073945,0.8431370414175736,0.027586206896551727,False
18.05640390507174,0.02364667067243182,0.12709778478231162,0.8431340602140354,0.027586206896551727,False
18.098201233086552,0.0236472428199253,0.12709779285643377,0.8431308685302608,0.027586206896551727,False
18.13999856110137,0.02364785503451901,0.1270978014960195,0.8431274533622907,0.027586206896551727,False
18.18179588911618,0.02364850976786681,0.12709781073567195,0.843123801039564,0.027586206896551727,False
18.223593217130997,0.023649209595738165,0.12709782061174568,0.8431198972000439,0.027586206896551727,False
18.26539054514581,0.023649957222557205,0.12709783116241138,0.8431157267650145,0.027586206896551727,False
18.307187873160622,0.023650755485997384,0.12709784242772157,0.8431112739135797,0.027586206896551727,False
18.348985201175438,0.023651607361624687,0.12709785444967392,0.8431065220569032,0.027586206896551727,False
18.390782529190254,0.023652515967582714,0.12709786727227942,0.8431014538122354,0.027586206896551727,False
18.432579857205067,0.023653484569310504,0.1270978809416282,0.8430960509767708,0.027586206896551727,False
18.47437718521988,0.023654516584286387,0.12709789550595646,0.8430902945013815,0.027586206896551727,False
18.516174513234695,0.023655615586786784,0.12709791101571402,0.8430841644642868,0.027586206896551727,False
18.55797184124951,0.02365678531265189,0.12709792752363133,0.8430776400447082,0.027586206896551727,False
18.599769169264324,0.023658029664047397,0.127097945084787,0.8430706994965697,0.027586206896551727,False
18.641566497279136,0.023659352714211986,0.12709796375667415,0.8430633201223038,0.027586206896551727,False
18.683363825293952,0.023660758712178213,0.12709798359926794,0.8430554782468374,0.027586206896551727,False
18.72516115330877,0.023662252087455947,0.12709800467509094,0.8430471491918132,0.027586206896551727,False
18.76695848132358,0.023663837454665108,0.12709802704927903,0.8430383072501334,0.027586206896551727,False
18.808755809338393,0.023665519618105046,0.12709805078964606,0.843028925660888,0.027586206896551727,False
18.85055313735321,0.023667303576246457,0.12709807596674694,0.8430189765847582,0.027586206896551727,False
18.892350465368025,0.023669194526131893,0.12709810265393964,0.8430084310799697,0.027586206896551727,False
18.934147793382838,0.02367119786767017,0.1270981309274462,0.8429972590788843,0.027586206896551727,False
18.97594512139765,0.023673319207808765,0.1270981608664118,0.8429854293653212,0.027586206896551727,False
19.017742449412466,0.02367556436456909,0.12709819255296073,0.842972909552694,0.027586206896551727,False
19.059539777427283,0.02367793937092755,0.1270982260722535,0.842959666063066,0.027586206896551727,False
19.101337105442095,0.023680450478525947,0.12709826151253578,0.8429456641072133,0.027586206896551727,False
19.143134433456908,0.023683104161193867,0.12709829896519134,0.8429308676658045,0.027586206896551727,False
19.184931761471724,0.02368590711826534,0.1270983385247877,0.8429152394717928,0.027586206896551727,False
19.22672908948654,0.023688866277670906,0.1270983802891189,0.8428987409941321,0.027586206896551727,False
19.268526417501352,0.02369198879878754,0.1270984243592472,0.8428813324229218,0.027586206896551727,False
19.310323745516165,0.02369528207502676,0.12709847083953904,0.8428629726560911,0.027586206896551727,False
19.352121073530977,0.023698753736142202,0.12709851983769846,0.8428436192877342,0.027586206896551727,False
19.393918401545793,0.023702411650236257,0.1270985714647936,0.8428232285982099,0.027586206896551727,False
19.43571572956061,0.023706263925447196,0.1270986258352819,0.8428017555461221,0.027586206896551727,False
19.477513057575422,0.02371031891129597,0.1270986830670297,0.8427791537622958,0.027586206896551727,False
19.519310385590234,0.023714585199672567,0.1270987432813246,0.8427553755458645,0.027586206896551727,False
19.561107713605054,0.023719071625442335,0.1270988066028855,0.8427303718625897,0.027586206896551727,False
19.602905041619866,0.023723787266651426,0.12709887315986446,0.8427040923455255,0.027586206896551727,False
19.64470236963468,0.023728741444311096,0.12709894308384484,0.8426764852981516,0.027586206896551727,False
19.68649969764949,0.023733943721741,0.12709901650983085,0.8426474977000876,0.027586206896551727,False
19.72829702566431,0.02373940390345101,0.12709909357623309,0.8426170752155073,0.027586206896551727,False
19.770094353679124,0.023745132033541658,0.12709917442484422,0.8425851622043665,0.027586206896551727,False
19.811891681693936,0.02375113839360377,0.12709925920081216,0.8425517017365622,0.027586206896551727,False
19.853689009708752,0.023757433500097312,0.12709934805260015,0.84251663560913,0.027586206896551727,False
19.895486337723565,0.023764028101191048,0.12709944113194388,0.8424799043665925,0.027586206896551727,False
19.937283665738377,0.023770933173043445,0.1270995385937985,0.8424414473245667,0.027586206896551727,False
19.979080993753193,0.023778159915507573,0.12709964059627912,0.8424012025967332,0.027586206896551727,False
20.020878321768006,0.023785719747241786,0.1270997473005897,0.8423591071252635,0.027586206896551727,False
20.062675649782822,0.023793624300209253,0.1270998588709471,0.8423150967148099,0.027586206896551727,False
20.104472977797638,0.023801885413550095,0.12709997547449514,0.8422691060701443,0.027586206896551727,False
20.14627030581245,0.023810515126810674,0.12710009728120705,0.8422210688375309,0.027586206896551727,False
20.188067633827263,0.023819525672515093,0.12710022446378233,0.8421709176499205,0.027586206896551727,False
20.229864961842082,0.02382892946806515,0.12710035719753154,0.8421185841760372,0.027586206896551727,False
20.271662289856895,0.023838739106955966,0.12710049566025322,0.8420639991734289,0.027586206896551727,False
20.313459617871708,0.023848967349295515,0.12710064003209925,0.8420070925455417,0.027586206896551727,False
20.35525694588652,0.02385962711161684,0.12710079049543135,0.841947793402879,0.027586206896551727,False
20.39705427390134,0.02387073145597475,0.12710094723466736,0.8418860301282829,0.027586206896551727,False
20.438851601916152,0.023882293578316883,0.1271011104361171,0.841821730446389,0.027586206896551727,False
20.48064892993096,0.02389432679612398,0.12710128028780854,0.8417548214972768,0.027586206896551727,False
20.522446257945777,0.0239068445353125,0.12710145697930067,0.8416852299143367,0.027586206896551727,False
20.564243585960593,0.023919860316396292,0.12710164070149124,0.8416128819063775,0.027586206896551727,False
20.606040913975406,0.023933387739904506,0.12710183164640973,0.841537703343958,0.027586206896551727,False
20.64783824199022,0.023947440471054307,0.1271020300069995,0.8414596198499508,0.027586206896551727,False
20.689635570005034,0.023962032223680072,0.1271022359768928,0.8413785568943086,0.027586206896551727,False
20.73143289801985,0.02397717674342001,0.1271024497501739,0.8412944398930143,0.027586206896551727,False
20.773230226034666,0.02399288779016507,0.1271026715211296,0.8412071943111596,0.027586206896551727,False
20.81502755404948,0.024009179119775903,0.12710290148399148,0.8411167457701106,0.027586206896551727,False
20.85682488206429,0.02402606446507593,0.12710313983266874,0.8410230201586889,0.027586206896551727,False
20.898622210079107,0.024043557516128314,0.12710338676046923,0.8409259437482983,0.027586206896551727,False
20.940419538093924,0.024061671899810618,0.12710364245981104,0.8408254433118962,0.027586206896551727,False
20.982216866108736,0.024080421158699,0.12710390712192385,0.8407214462467182,0.027586206896551727,False
21.02401419412355,0.024099818729277418,0.12710418093654252,0.8406138807006357,0.027586206896551727,False
21.065811522138365,0.024119877919490128,0.12710446409158865,0.840502675702017,0.027586206896551727,False
21.107608850153177,0.02414061188565525,0.12710475677284702,0.8403877612929592,0.027586206896551727,False
21.14940617816799,0.024162033608762574,0.12710505916362866,0.8402690686657227,0.027586206896551727,False
21.19120350618281,0.024184155870177484,0.12710537144442913,0.8401465303022164,0.027586206896551727,False
21.23300083419762,0.02420699122677744,0.1271056937925768,0.8400200801163422,0.027586206896551727,False
21.274798162212434,0.024230551985547976,0.127106026381875,0.8398896535990146,0.027586206896551727,False
21.31659549022725,0.02425485017766823,0.12710636938223524,0.83975518796564,0.027586206896551727,False
21.358392818242066,0.024279897532116894,0.12710672295930617,0.8396166223058497,0.027586206896551727,False
21.40019014625688,0.024305705448832763,0.12710708727409223,0.8394738977352427,0.027586206896551727,False
21.44198747427169,0.02433228497146514,0.12710746248257104,0.8393269575489071,0.027586206896551727,False
21.483784802286507,0.024359646759751347,0.1271078487353029,0.8391757473764611,0.027586206896551727,False
21.525582130301324,0.024387801061561066,0.1271082461770348,0.839020215338345,0.027586206896551727,False
21.567379458316136,0.024416757684648686,0.12710865494630405,0.8388603122030966,0.027586206896551727,False
21.60917678633095,0.02444652596815641,0.12710907517503361,0.8386959915453123,0.027586206896551727,False
21.65097411434576,0.024477114753913183,0.12710950698812812,0.838527209904008,0.027586206896551727,False
21.692771442360574,0.024508532357575913,0.12710995050306595,0.8383539269410669,0.027586206896551727,False
21.734568770375393,0.024540786539660832,0.12711040582949065,0.8381761055994648,0.027586206896551727,False
21.776366098390206,0.024573884476515564,0.12711087306880023,0.8379937122609428,0.027586206896551727,False
21.818163426405018,0.024607832731281178,0.1271113523137384,0.8378067169028143,0.027586206896551727,False
21.859960754419838,0.024642637224898987,0.12711184364798353,0.8376150932535499,0.027586206896551727,False
21.90175808243465,0.024678303207214824,0.12711234714574285,0.8374188189468156,0.027586206896551727,False
21.943555410449463,0.02471483522823502,0.12711286287134413,0.8372178756736119,0.027586206896551727,False
21.98535273846428,0.024752237109592224,0.1271133908788343,0.8370122493321625,0.027586206896551727,False
22.027150066479095,0.02479051191627612,0.12711393121157974,0.836801930175207,0.027586206896551727,False
22.068947394493907,0.024829661928688438,0.1271144839018728,0.8365869129543368,0.027586206896551727,False
22.11074472250872,0.024869688615080546,0.12711504897054002,0.8363671970610193,0.027586206896551727,False
22.152542050523536,0.024910592604432555,0.1271156264265615,0.8361427866639637,0.027586206896551727,False
22.19433937853835,0.024952373659834937,0.12711621626669445,0.8359136908424648,0.027586206896551727,False
22.23613670655316,0.02499503065243168,0.1271168184751043,0.8356799237153776,0.027586206896551727,False
22.277934034567977,0.02503856153598669,0.1271174330230065,0.8354415045653765,0.027586206896551727,False
22.31973136258279,0.02508296332213296,0.12711805986831587,0.8351984579581526,0.027586206896551727,False
22.361528690597606,0.025128232056366082,0.12711869895530925,0.8349508138562145,0.027586206896551727,False
22.40332601861242,0.02517436279484239,0.1271193502142966,0.8346986077269539,0.027586206896551727,False
22.445123346627234,0.025221349582041284,0.12712001356130515,0.8344418806446604,0.027586206896551727,False
22.486920674642047,0.025269185429351845,0.1271206888977781,0.8341806793861685,0.027586206896551727,False
22.528718002656866,0.025317862294642963,0.1271213761102846,0.8339150565198272,0.027586206896551727,False
22.57051533067168,0.02536737106287528,0.12712207507024798,0.8336450704875039,0.027586206896551727,False
22.61231265868649,0.025417701527811816,0.1271227856336847,0.833370785679334,0.027586206896551727,False
22.654109986701304,0.025468842374884205,0.127123507640965,0.8330922725009554,0.027586206896551727,False
22.695907314716123,0.025520781165270064,0.12712424091658506,0.8328096074329585,0.027586206896551727,False
22.737704642730936,0.025573504321233665,0.12712498526896246,0.8325228730823307,0.027586206896551727,False
22.779501970745745,0.02562699711278447,0.12712574049024677,0.832232158225648,0.027586206896551727,False
22.82129929876056,0.02568124364570238,0.12712650635614983,0.8319375578438195,0.027586206896551727,False
22.863096626775377,0.025736226850979312,0.12712728262579648,0.831639173148191,0.027586206896551727,False
22.90489395479019,0.02579192847572427,0.12712806904159632,0.8313371115978279,0.027586206896551727,False
22.946691282805006,0.02584832907557593,0.12712886532913661,0.8310314869078311,0.027586206896551727,False
22.988488610819818,0.025905408008666368,0.12712967119709656,0.8307224190485417,0.027586206896551727,False
23.030285938834634,0.025963143431175294,0.1271304863371842,0.8304100342355251,0.027586206896551727,False
23.07208326684945,0.02602151229451351,0.1271313104240969,0.8300944649102343,0.027586206896551727,False
23.113880594864263,0.026080490344170256,0.1271321431155046,0.82977584971128,0.027586206896551727,False
23.155677922879075,0.02614005212025709,0.12713298405205783,0.8294543334362509,0.027586206896551727,False
23.19747525089389,0.02620017095977803,0.12713383285741825,0.8291300669940525,0.027586206896551727,False
23.239272578908707,0.02626081900065293,0.1271346891383161,0.8288032073477544,0.027586206896551727,False
23.28106990692352,0.02632196718751703,0.12713555248463235,0.8284739174479558,0.027586206896551727,False
23.322867234938332,0.026383585279319013,0.12713642246950474,0.828142366156693,0.027586206896551727,False
23.36466456295315,0.026445641858732574,0.12713729864946144,0.8278087281619559,0.027586206896551727,False
23.40646189096796,0.026508104343397933,0.12713818056457893,0.8274731838828749,0.027586206896551727,False
23.448259218982773,0.02657093899900201,0.12713906773866665,0.8271359193656814,0.027586206896551727,False
23.49005654699759,0.026634110954206154,0.1271399596794773,0.8267971261705543,0.027586206896551727,False
23.531853875012406,0.026697584217424193,0.12714085587894447,0.8264570012494922,0.027586206896551727,False
23.573651203027218,0.026761321695451312,0.12714175581344406,0.8261157468153647,0.027586206896551727,False
23.615448531042034,0.026825285213940606,0.12714265894408466,0.8257735702023244,0.027586206896551727,False
23.657245859056847,0.026889435539720213,0.12714356471702146,0.8254306837177684,0.027586206896551727,False
23.699043187071663,0.026953732404940194,0.12714447256379693,0.825087304486068,0.027586206896551727,False
23.74084051508648,0.027018134533035084,0.1271453819017077,0.8247436542843013,0.027586206896551727,False
23.78263784310129,0.027082599666484648,0.12714629213419645,0.8243999593702258,0.027586206896551727,False
23.824435171116104,0.027147084596349694,0.12714720265126778,0.8240564503027712,0.027586206896551727,False
23.86623249913092,0.027211545193559946,0.12714811282993133,0.8237133617553185,0.027586206896551727,False
23.908029827145732,0.02727593644192303,0.12714902203466577,0.8233709323220694,0.027586206896551727,False
23.949827155160545,0.027340212472823342,0.12714992961791077,0.8230294043178104,0.027586206896551727,False
23.991624483175357,0.027404326601574155,0.12715083492057785,0.822689023571391,0.027586206896551727,False
24.033421811190177,0.027468231365383945,0.12715173727258766,0.8223500392132514,0.027586206896551727,False
24.07521913920499,0.02753187856289308,0.12715263599342766,0.8220127034573412,0.027586206896551727,False
24.117016467219802,0.02759521929523554,0.1271535303927325,0.821677271377779,0.027586206896551727,False
24.158813795234618,0.027658204008575025,0.12715441977088277,0.821344000680615,0.027586206896551727,False
24.200611123249434,0.02772078253806314,0.12715530341962675,0.8210131514710663,0.027586206896551727,False
24.242408451264247,0.0277829041531633,0.12715618062272013,0.8206849860165965,0.027586206896551727,False
24.284205779279063,0.027844517604281697,0.12715705065658442,0.8203597685062151,0.027586206896551727,False
24.326003107293875,0.027905571170642098,0.12715791279098193,0.8200377648063917,0.027586206896551727,False
24.36780043530869,0.027966012709341393,0.12715876628970899,0.819719242213956,0.027586206896551727,False
24.409597763323504,0.028025789705517203,0.1271596104113043,0.8194044692063831,0.027586206896551727,False
24.45139509133832,0.028084849323557738,0.12716044440977164,0.8190937151898458,0.027586206896551727,False
24.49319241935313,0.028143138459281528,0.127161267535316,0.8187872502454274,0.027586206896551727,False
24.534989747367945,0.028200603793011935,0.1271620790350938,0.8184853448738829,0.027586206896551727,False
24.57678707538276,0.028257191843470232,0.12716287815397387,0.818188269739327,0.027586206896551727,False
24.618584403397573,0.028312849022407948,0.1271636641353077,0.817896295412238,0.027586206896551727,False
24.660381731412386,0.028367521689897823,0.12716443622171067,0.8176096921121537,0.027586206896551727,False
24.702179059427205,0.028421156210201047,0.12716519365585083,0.8173287294504337,0.027586206896551727,False
24.743976387442018,0.028473699008127323,0.12716593568124487,0.8170536761734533,0.027586206896551727,False
24.78577371545683,0.02852509662580231,0.12716666154305925,0.816784799906593,0.027586206896551727,False
24.827571043471647,0.028575295779756715,0.12716737048891658,0.8165223668993751,0.027586206896551727,False
24.869368371486463,0.028624243418248957,0.1271680617697046,0.8162666417720977,0.027586206896551727,False
24.911165699501275,0.028671886778735313,0.12716873464038742,0.8160178872642954,0.027586206896551727,False
24.952963027516088,0.02871817344539643,0.12716938836081904,0.8157763639853697,0.027586206896551727,False
24.994760355530904,0.02876305140663399,0.12717002219655338,0.8155423301676903,0.027586206896551727,False
25.03655768354572,0.02880646911244657,0.12717063541965623,0.8153160414224916,0.027586206896551727,False
25.07835501156053,0.028848375531596845,0.12717122730951125,0.8150977504988502,0.027586206896551727,False
25.120152339575345,0.028888720208479775,0.12717179715362384,0.8148877070460433,0.027586206896551727,False
25.161949667590157,0.028927453319604834,0.12717234424841808,0.8146861573795492,0.027586206896551727,False
25.203746995604973,0.028964525729602866,0.12717286790002744,0.8144933442509684,0.027586206896551727,False
25.24554432361979,0.028999889046670866,0.1271733674250783,0.8143095066221099,0.027586206896551727,False
25.287341651634602,0.02903349567736821,0.12717384215146277,0.8141348794434833,0.027586206896551727,False
25.329138979649414,0.029065298880678575,0.12717429141910466,0.8139696934374329,0.027586206896551727,False
25.370936307664234,0.02909525282125376,0.1271747145807079,0.8138141748861175,0.027586206896551727,False
25.412733635679047,0.029123312621756672,0.1271751110024982,0.8136685454245539,0.027586206896551727,False
25.45453096369386,0.029149434414222138,0.12717548006494742,0.8135330218389064,0.027586206896551727,False
25.496328291708675,0.02917357539035604,0.12717582116348342,0.813407815870207,0.027586206896551727,False
25.53812561972349,0.029195693850695762,0.12717613370918596,0.8132931340236755,0.027586206896551727,False
25.579922947738304,0.029215749252556204,0.12717641712946254,0.8131891773837894,0.027586206896551727,False
25.621720275753116,0.02923370225668812,0.1271766708687076,0.813096141435254,0.027586206896551727,False
25.66351760376793,0.029249514772577798,0.1271768943889421,0.8130142158900044,0.027586206896551727,False
25.705314931782745,0.029263150002320323,0.12717708717043394,0.8129435845203589,0.027586206896551727,False
25.747112259797557,0.029274572482999462,0.12717724871229538,0.812884424998436,0.027586206896551727,False
25.788909587812373,0.029283748127512648,0.1271773785330609,0.8128369087419347,0.027586206896551727,False
25.830706915827186,0.029290644263779503,0.12717747617124103,0.8128012007663659,0.027586206896551727,False
25.872504243842002,0.0292952296722775,0.12717754118585084,0.8127774595438138,0.027586206896551727,False
25.914301571856818,0.02929747462185011,0.12717757315691663,0.8127658368683003,0.027586206896551727,False
25.95609889987163,0.029297350903737238,0.127177571685958,0.8127664777278079,0.027586206896551727,False
25.997896227886443,0.02929483186377843,0.12717753639644103,0.8127795201830139,0.027586206896551727,False
26.039693555901263,0.02928989243274661,0.1271774669342076,0.8128050952527763,0.027586206896551727,False
26.081490883916075,0.029282509154769727,0.12717736296787663,0.8128433268064054,0.027586206896551727,False
26.123288211930888,0.029272660213803,0.12717722418921842,0.8128943314627487,0.027586206896551727,False
26.1650855399457,0.029260325458117985,0.12717705031349938,0.8129582184961023,0.027586206896551727,False
26.20688286796052,0.02924548642277722,0.12717684107980226,0.8130350897489685,0.027586206896551727,False
26.24868019597533,0.029228126350068228,0.1271765962513124,0.8131250395516496,0.027586206896551727,False
26.29047752399014,0.029208230207872478,0.12717631561557802,0.8132281546486892,0.027586206896551727,False
26.33227485200496,0.029185784705950447,0.12717599898474155,0.8133445141321457,0.027586206896551727,False
26.374072180019773,0.02916077831012607,0.12717564619573832,0.8134741893816805,0.027586206896551727,False
26.415869508034586,0.029133201254358053,0.12717525711046868,0.8136172440114492,0.027586206896551727,False
26.457666836049402,0.02910304555068931,0.127174831615938,0.8137737338237648,0.027586206896551727,False
26.499464164064218,0.02907030499706908,0.1271743696243674,0.8139437067695061,0.027586206896551727,False
26.54126149207903,0.029034975183046364,0.12717387107327519,0.8141272029152359,0.027586206896551727,False
26.583058820093846,0.0289970534933358,0.12717333592552607,0.8143242544169924,0.027586206896551727,False
26.62485614810866,0.02895653910926229,0.12717276416935283,0.8145348855007127,0.027586206896551727,False
26.666653476123475,0.028913433008093067,0.12717215581834712,0.814759112449238,0.027586206896551727,False
26.708450804138288,0.028867737960268338,0.1271715109114199,0.8149969435958615,0.027586206896551727,False
26.750248132153104,0.02881945852454839,0.12717082951273415,0.8152483793243565,0.027586206896551727,False
26.792045460167913,0.028768601041093873,0.12717011171160578,0.8155134120754384,0.027586206896551727,False
26.833842788182725,0.02871517362250358,0.12716935762237994,0.8157920263596001,0.027586206896551727,False
26.875640116197545,0.028659186142833713,0.12716856738427335,0.8160841987762578,0.027586206896551727,False
26.917437444212357,0.02860065022462743,0.12716774116119342,0.8163898980391546,0.027586206896551727,False
26.95923477222717,0.02853957922398669,0.12716687914152583,0.8167090850079476,0.027586206896551727,False
27.00103210024199,0.02847598821372053,0.12716598153789968,0.8170417127259205,0.027586206896551727,False
27.042829428256802,0.028409893964607004,0.12716504858691985,0.8173877264637424,0.027586206896551727,False
27.084626756271614,0.028341314924808562,0.1271640805488791,0.8177470637692178,0.027586206896551727,False
27.12642408428643,0.02827027119748316,0.12716307770744023,0.8181196545229447,0.027586206896551727,False
27.168221412301246,0.028196784516637836,0.12716204036929726,0.8185054209998047,0.027586206896551727,False
27.21001874031606,0.028120878221268762,0.1271609688638084,0.8189042779362249,0.027586206896551727,False
27.251816068330875,0.028042577227841523,0.12715986354260955,0.8193161326031121,0.027586206896551727,False
27.293613396345688,0.027961908001159608,0.1271587247792016,0.8197408848844016,0.027586206896551727,False
27.335410724360504,0.027878898523677684,0.12715755296851833,0.8201784273611228,0.027586206896551727,False
27.377208052375313,0.027793578263313985,0.12715634852647256,0.820628645400909,0.027586206896551727,False
27.41900538039013,0.02770597813981925,0.12715511188947928,0.8210914172528587,0.027586206896551727,False
27.46080270840494,0.027616130489761703,0.12715384351396386,0.821566614147671,0.027586206896551727,False
27.502600036419757,0.027524069030188714,0.12715254387584823,0.8220541004029545,0.027586206896551727,False
27.544397364434573,0.027429828821026618,0.12715121347001893,0.8225537335336265,0.027586206896551727,False
27.586194692449386,0.027333446226282025,0.12714985280978108,0.8230653643673079,0.027586206896551727,False
27.627992020464198,0.027234958874109025,0.12714846242629393,0.8235888371646164,0.027586206896551727,False
27.669789348479018,0.027134405615807405,0.12714704286799214,0.8241239897442584,0.027586206896551727,False
27.71158667649383,0.027031826483818324,0.12714559469999287,0.8246706536128217,0.027586206896551727,False
27.753384004508643,0.026927262648783395,0.127144118503489,0.8252286540991637,0.027586206896551727,False
27.79518133252346,0.026820756375735742,0.1271426148751319,0.8257978104932889,0.027586206896551727,False
27.836978660538275,0.02671235097948963,0.1271410844264003,0.8263779361896069,0.027586206896551727,False
27.878775988553087,0.02660209077929789,0.1271395277829607,0.826968838834455,0.027586206896551727,False
27.9205733165679,0.026490021052844828,0.12713794558401836,0.8275703204777788,0.027586206896551727,False
27.962370644582712,0.026376187989643456,0.1271363384816579,0.8281821777288357,0.027586206896551727,False
28.00416797259753,0.02626063864390465,0.1271347071401798,0.8288042019158228,0.027586206896551727,False
28.04596530061234,0.026143420886947943,0.12713305223542679,0.8294361792492757,0.027586206896551727,False
28.087762628627157,0.026024583359220255,0.12713137445410697,0.8300778909891309,0.027586206896551727,False
28.12955995664197,0.025904175421990968,0.12712967449311272,0.8307291136153117,0.027586206896551727,False
28.171357284656786,0.025782247108790707,0.12712795305883381,0.8313896190016921,0.027586206896551727,False
28.2131546126716,0.025658849076658975,0.12712621086646927,0.8320591745933139,0.027586206896551727,False
28.254951940686414,0.02553403255726776,0.12712444863933753,0.8327375435867,0.027586206896551727,False
28.296749268701227,0.02540784930798531,0.1271226671081859,0.8334244851131207,0.027586206896551727,False
28.338546596716046,0.025280351562943587,0.12712086701049902,0.8341197544246609,0.027586206896551727,False
28.38034392473086,0.02515159198417353,0.12711904908980842,0.8348231030829284,0.027586206896551727,False
28.42214125274567,0.025021623612868513,0.1271172140950055,0.8355342791502508,0.027586206896551727,False
28.463938580760484,0.024890499820838113,0.127115362779656,0.8362530273831873,0.027586206896551727,False
28.505735908775303,0.024758274262210736,0.1271134959013159,0.8369790894281901,0.027586206896551727,False
28.547533236790112,0.02462500082544268,0.12711161422085665,0.837712204019255,0.027586206896551727,False
28.589330564804925,0.024490733585691732,0.12710971850179134,0.838452107177365,0.027586206896551727,False
28.63112789281974,0.024355526757608877,0.12710780950960787,0.8391985324115664,0.027586206896551727,False
28.672925220834557,0.024219434648602656,0.1271058880111093,0.8399512109214837,0.027586206896551727,False
28.71472254884937,0.024082511612627824,0.12710395477376144,0.840709871801092,0.027586206896551727,False
28.756519876864186,0.02394481200454861,0.12710201056504758,0.8414742422435545,0.027586206896551727,False
28.798317204878998,0.023806390135124922,0.12710005615183398,0.8422440477469368,0.027586206896551727,False
28.840114532893814,0.023667300226669036,0.12709809229974214,0.8430190123205961,0.027586206896551727,False
28.88191186090863,0.02352759636941681,0.12709611977253532,0.8437988586920553,0.027586206896551727,False
28.923709188923443,0.023387332478656993,0.12709413933151045,0.844583308514153,0.027586206896551727,False
28.965506516938255,0.02324656225266003,0.12709215173490537,0.8453720825722724,0.027586206896551727,False
29.007303844953075,0.023105339131445534,0.127090157737316,0.8461649009914418,0.027586206896551727,False
29.049101172967887,0.022963716256425615,0.12708815808912635,0.8469614834431001,0.027586206896551727,False
29.090898500982696,0.02282174643095994,0.12708615353595226,0.8477615493513205,0.027586206896551727,False
29.13269582899751,0.022679482081855357,0.12708414481809663,0.8485648180982813,0.027586206896551727,False
29.17449315701233,0.022536975221842278,0.12708213267002028,0.849371009228775,0.027586206896551727,False
29.21629048502714,0.022394277413056576,0.12708011781982528,0.8501798426535448,0.027586206896551727,False
29.258087813041953,0.022251439731554686,0.1270781009887558,0.8509910388512415,0.027586206896551727,False
29.29988514105677,0.022108512732887522,0.12707608289070912,0.8518043190687805,0.027586206896551727,False
29.341682469071586,0.021965546418756296,0.12707406423176631,0.8526194055199025,0.027586206896551727,False
29.383479797086398,0.021822590204771977,0.1270720457097373,0.8534360215817187,0.027586206896551727,False
29.425277125101214,0.021679692889337174,0.12707002801372014,0.8542538919890398,0.027586206896551727,False
29.467074453116027,0.02153690262366881,0.1270680118236783,0.8550727430262769,0.027586206896551727,False
29.508871781130843,0.021394266882976153,0.12706599781003355,0.855892302716718,0.027586206896551727,False
29.55066910914566,0.02125183243880817,0.1270639866332745,0.8567123010089731,0.027586206896551727,False
29.59246643716047,0.02110964533258166,0.1270619789435844,0.8575324699603956,0.027586206896551727,False
29.634263765175284,0.020967750850299866,0.12705997538048283,0.8583525439172788,0.027586206896551727,False
29.676061093190096,0.02082619349846928,0.12705797657248555,0.8591722596916432,0.027586206896551727,False
29.717858421204912,0.020685016981220508,0.12705598313678157,0.8599913567344258,0.027586206896551727,False
29.759655749219725,0.02054426417863785,0.12705399567892658,0.8608095773048847,0.027586206896551727,False
29.801453077234537,0.020403977126299017,0.12705201479255537,0.8616266666360537,0.027586206896551727,False
29.843250405249357,0.020264196996026468,0.12705004105910753,0.862442373096059,0.027586206896551727,False
29.88504773326417,0.020124964077848886,0.12704807504757482,0.8632564483451483,0.027586206896551727,False
29.926845061278982,0.01998631776316986,0.12704611731426196,0.8640686474882603,0.027586206896551727,False
29.968642389293798,0.019848296529139817,0.1270441684025664,0.864878729222988,0.027586206896551727,False
30.010439717308614,0.019710937924225173,0.12704222884277494,0.8656864559827849,0.027586206896551727,False
30.052237045323427,0.019574278554966767,0.12704029915187545,0.8664915940752781,0.027586206896551727,False
30.094034373338243,0.019438354073919313,0.127038379833387,0.867293913815553,0.027586206896551727,False
30.135831701353055,0.019303199168760866,0.12703647137720644,0.8680931896542882,0.027586206896551727,False
30.17762902936787,0.019168847552561197,0.12703457425946987,0.8688892003006198,0.027586206896551727,False
30.219426357382684,0.019035331955195398,0.1270326889424321,0.8696817288396316,0.027586206896551727,False
30.261223685397496,0.018902684115888822,0.12703081587436052,0.8704705628443652,0.027586206896551727,False
30.30302101341231,0.018770934776877305,0.1270289554894463,0.8712554944822688,0.027586206896551727,False
30.344818341427125,0.018640113678166603,0.1270271082077299,0.872036320615988,0.027586206896551727,False
30.38661566944194,0.01851024955337252,0.12702527443504213,0.8728128428984389,0.027586206896551727,False
30.428412997456753,0.018381370126623244,0.12702345456296027,0.8735848678620907,0.027586206896551727,False
30.470210325471566,0.018253502110503944,0.127021648968779,0.8743522070024059,0.027586206896551727,False
30.512007653486386,0.018126671205022503,0.1270198580154954,0.8751146768553931,0.027586206896551727,False
30.553804981501198,0.01800090209757516,0.1270180820518093,0.8758720990692338,0.027586206896551727,False
30.59560230951601,0.017876218463889145,0.12701632141213504,0.8766243004699569,0.027586206896551727,False
30.637399637530827,0.017752642969918887,0.12701457641662922,0.8773711131211486,0.027586206896551727,False
30.679196965545643,0.01763019727467194,0.12701284737122925,0.8781123743776813,0.027586206896551727,False
30.720994293560455,0.01750890203394018,0.12701113456770852,0.8788479269334725,0.027586206896551727,False
30.76279162157527,0.01738877690491022,0.1270094382837387,0.8795776188632756,0.027586206896551727,False
30.804588949590087,0.017269840551627696,0.12700775878296777,0.8803013036585322,0.027586206896551727,False
30.846386277604896,0.01715211065128923,0.1270060963151094,0.8810188402573073,0.027586206896551727,False
30.88818360561971,0.017035603901334424,0.12700445111604164,0.8817300930683526,0.027586206896551727,False
30.929980933634525,0.01692033602731164,0.1270028234079192,0.8824349319893424,0.027586206896551727,False
30.971778261649337,0.016806321791489068,0.12700121339929413,0.8831332324193384,0.027586206896551727,False
31.013575589664153,0.01669357500218413,0.12699962128524786,0.8838248752655506,0.027586206896551727,False
31.05537291767897,0.01658210852378238,0.12699804724753244,0.8845097469444643,0.027586206896551727,False
31.097170245693782,0.016471934287417996,0.126996491454721,0.8851877393774181,0.027586206896551727,False
31.138967573708594,0.016363063302287272,0.12699495406236858,0.8858587499807214,0.027586206896551727,False
31.180764901723414,0.016255505667566707,0.12699343521317882,0.8865226816504048,0.027586206896551727,False
31.222562229738227,0.016149270584906946,0.12699193503718115,0.8871794427417136,0.027586206896551727,False
31.26435955775304,0.01604436637147404,0.1269904536519142,0.8878289470434502,0.027586206896551727,False
31.30615688576786,0.015940800473509605,0.12698899116261864,0.8884711137472878,0.027586206896551727,False
31.34795421378267,0.01583857948038107,0.12698754766243417,0.8891058674121739,0.027586206896551727,False
31.38975154179748,0.015737709139093996,0.126986123232604,0.8897331379239591,0.027586206896551727,False
31.431548869812293,0.015638194369237992,0.12698471794268756,0.8903528604503864,0.027586206896551727,False
31.47334619782711,0.015540039278338347,0.12698333185077612,0.8909649753915773,0.027586206896551727,False
31.515143525841925,0.015443247177585637,0.12698196500371495,0.8915694283261653,0.027586206896551727,False
31.556940853856737,0.015347820597915642,0.12698061743733005,0.892166169953225,0.027586206896551727,False
31.598738181871553,0.015253761306412357,0.12697928917666043,0.8927551560301542,0.027586206896551727,False
31.64053550988637,0.015161070323007403,0.1269779802361933,0.893336347306662,0.027586206896551727,False
31.682332837901182,0.015069747937448955,0.1269766906201038,0.8939097094550303,0.027586206896551727,False
31.724130165915998,0.014979793726514723,0.12697542032249828,0.8944752129968073,0.027586206896551727,False
31.76592749393081,0.014891206571442116,0.12697416932765976,0.8950328332261066,0.027586206896551727,False
31.807724821945627,0.014803984675551675,0.12697293761029751,0.8955825501296747,0.027586206896551727,False
31.849522149960443,0.014718125582037774,0.12697172513579758,0.8961243483039034,0.027586206896551727,False
31.891319477975255,0.014633626191903013,0.12697053186047663,0.8966582168689566,0.027586206896551727,False
31.933116805990068,0.014550482782012333,0.12696935773183585,0.8971841493801815,0.027586206896551727,False
31.974914134004877,0.014468691023243298,0.1269682026888186,0.8977021437369888,0.027586206896551727,False
32.01671146201969,0.014388245998710044,0.12696706666206667,0.8982122020893629,0.027586206896551727,False
32.05850879003451,0.014309142222038744,0.1269659495741784,0.8987143307421875,0.027586206896551727,False
32.100306118049325,0.014231373655673023,0.12696485133996754,0.8992085400575516,0.027586206896551727,False
32.14210344606414,0.014154933729188099,0.12696377186672228,0.899694844355217,0.027586206896551727,False
32.18390077407895,0.014079815357593504,0.12696271105446258,0.9001732618114108,0.027586206896551727,False
32.225698102093766,0.014006010959604607,0.12696166879619863,0.9006438143561201,0.027586206896551727,False
32.26749543010858,0.013933512475863745,0.12696064497818818,0.9011065275690533,0.027586206896551727,False
32.3092927581234,0.013862311387092516,0.12695963948019323,0.9015614305744372,0.027586206896551727,False
32.35109008613821,0.013792398732157103,0.12695865217573465,0.902008555934812,0.027586206896551727,False
32.39288741415303,0.013723765126029994,0.12695768293234508,0.9024479395439875,0.027586206896551727,False
32.43468474216784,0.013656400777631217,0.12695673161182344,0.9028796205193179,0.027586206896551727,False
32.476482070182655,0.01359029550753287,0.12695579807048157,0.9033036410934526,0.027586206896551727,False
32.51827939819747,0.013525438765512465,0.12695488215939468,0.9037200465057138,0.027586206896551727,False
32.56007672621228,0.013461819647940016,0.12695398372464511,0.904128884893249,0.027586206896551727,False
32.601874054227096,0.01339942691498502,0.12695310260756712,0.9045302071821087,0.027586206896551727,False
32.643671382241905,0.01333824900763018,0.12695223864498548,0.9049240669783823,0.027586206896551727,False
32.68546871025672,0.013278274064479244,0.12695139166945266,0.9053105204595361,0.027586206896551727,False
32.72726603827154,0.013219489938347142,0.12695056150948592,0.9056896262660855,0.027586206896551727,False
32.76906336628635,0.013161884212621024,0.12694974798979522,0.9060614453937249,0.027586206896551727,False
32.81086069430117,0.013105444217381473,0.12694895093151154,0.9064260410860441,0.027586206896551727,False
32.85265802231598,0.01305015704527424,0.12694817015241242,0.9067834787279524,0.027586206896551727,False
32.894455350330794,0.012996009567122725,0.12694740546714062,0.9071338257399192,0.027586206896551727,False
32.93625267834561,0.012942988447272735,0.12694665668742272,0.9074771514731463,0.027586206896551727,False
32.97805000636043,0.012891080158661538,0.12694592362227983,0.907813527105774,0.027586206896551727,False
33.019847334375235,0.012840270997603286,0.12694520607823792,0.908143025540223,0.027586206896551727,False
33.06164466239006,0.01279054709828412,0.12694450385953268,0.9084657213017704,0.027586206896551727,False
33.10344199040487,0.012741894446960961,0.12694381676830896,0.9087816904384414,0.027586206896551727,False
33.14523931841968,0.012694298895857587,0.12694314460481673,0.9090910104223136,0.027586206896551727,False
33.18703664643449,0.012647746176753417,0.12694248716760495,0.9093937600523069,0.027586206896551727,False
33.22883397444931,0.012602221914259958,0.12694184425370728,0.9096900193585383,0.027586206896551727,False
33.270631302464125,0.0125577116387813,0.12694121565882566,0.9099798695083103,0.027586206896551727,False
33.312428630478934,0.012514200799154577,0.12694060117750888,0.9102633927138004,0.027586206896551727,False
33.35422595849375,0.01247167477496776,0.12694000060332641,0.910540672141513,0.027586206896551727,False
33.396023286508566,0.012430118888552057,0.12693941372903836,0.910811791823551,0.027586206896551727,False
33.43782061452338,0.012389518416647182,0.12693884034675953,0.911076836570753,0.027586206896551727,False
33.4796179425382,0.012349858601737164,0.12693828024811937,0.9113358918877544,0.027586206896551727,False
33.52141527055301,0.012311124663056854,0.1269377332244183,0.9115890438900024,0.027586206896551727,False
33.56321259856783,0.012273301807267063,0.12693719906677756,0.9118363792227732,0.027586206896551727,False
33.60500992658264,0.012236375238799191,0.12693667756628588,0.9120779849822185,0.027586206896551727,False
33.646807254597455,0.012200330169869008,0.12693616851414094,0.9123139486384738,0.027586206896551727,False
33.688604582612264,0.012165151830160361,0.12693567170178574,0.9125443579608534,0.027586206896551727,False
33.73040191062708,0.01213082547617949,0.1269351869210412,0.9127693009451536,0.027586206896551727,False
33.772199238641896,0.0120973364002818,0.12693471396423298,0.912988865743079,0.027586206896551727,False
33.813996566656705,0.012064669939372346,0.12693425262431526,0.9132031405938095,0.027586206896551727,False
33.85579389467152,0.012032811483282306,0.12693380269498764,0.9134122137577138,0.027586206896551727,False
33.89759122268634,0.01200174648282359,0.12693336397081134,0.913616173452219,0.027586206896551727,False
33.939388550701146,0.011971460457524678,0.12693293624731564,0.9138151077898349,0.027586206896551727,False
33.98118587871597,0.011941939003050057,0.12693251932110478,0.9140091047183372,0.027586206896551727,False
34.02298320673078,0.011913167798307048,0.1269321129899567,0.9141982519631014,0.027586206896551727,False
34.064780534745594,0.011885132612243209,0.12693171705292117,0.9143826369715855,0.027586206896551727,False
34.10657786276041,0.011857819310338222,0.12693133131040876,0.9145623468599451,0.027586206896551727,False
34.14837519077522,0.01183121386079416,0.1269309555642812,0.9147374683617754,0.027586206896551727,False
34.190172518790035,0.011805302340428528,0.12693058961793247,0.91490808777896,0.027586206896551727,False
34.23196984680486,0.01178007094027422,0.12693023327636885,0.915074290934611,0.027586206896551727,False
34.27376717481966,0.011755505970891275,0.126929886346283,0.9152361631280793,0.027586206896551727,False
34.31556450283448,0.011731593867395059,0.12692954863612646,0.9153937890920153,0.027586206896551727,False
34.35736183084929,0.011708321194206039,0.1269292199561759,0.9155472529514508,0.027586206896551727,False
34.39915915886411,0.011685674649525926,0.12692890011859603,0.9156966381848806,0.027586206896551727,False
34.440956486878925,0.011663641069545864,0.1269285889375002,0.9158420275873121,0.027586206896551727,False
34.482753814893734,0.011642207432391574,0.126928286229005,0.9159835032352569,0.027586206896551727,False
34.52455114290855,0.01162136086181147,0.12692799181128253,0.9161211464536252,0.027586206896551727,False
34.566348470923366,0.011601088630612913,0.1269277055046096,0.9162550377845006,0.027586206896551727,False
34.608145798938175,0.011581378163852477,0.12692742713141195,0.9163852569577506,0.027586206896551727,False
34.649943126953,0.011562217041786041,0.12692715651630657,0.9165118828634459,0.027586206896551727,False
34.69174045496781,0.011543593002584495,0.12692689348614042,0.9166349935260432,0.027586206896551727,False
34.73353778298262,0.011525493944820839,0.12692663787002434,0.916754666080302,0.027586206896551727,False
34.77533511099744,0.011507907929734877,0.12692638949936583,0.9168709767488893,0.027586206896551727,False
34.81713243901225,0.011490823183281268,0.12692614820789802,0.9169840008216397,0.027586206896551727,False
34.858929767027064,0.011474228097967021,0.1269259138317055,0.9170938126364234,0.027586206896551727,False
34.90072709504188,0.011458111234484519,0.12692568620924838,0.917200485561589,0.027586206896551727,False
34.94252442305669,0.011442461323146,0.12692546518137973,0.9173040919799305,0.027586206896551727,False
34.984321751071505,0.011427267265125659,0.12692525059136658,0.9174047032741484,0.027586206896551727,False
35.026119079086314,0.011412518133515263,0.12692504228490245,0.9175023898137512,0.027586206896551727,False
35.06791640710114,0.011398203174199411,0.12692484011012092,0.9175972209433636,0.027586206896551727,False
35.10971373511595,0.011384311806556469,0.12692464391760533,0.9176892649723933,0.027586206896551727,False
35.15151106313076,0.011370833623990913,0.12692445356039564,0.9177785891660184,0.027586206896551727,False
35.19330839114558,0.01135775839430338,0.12692426889399483,0.9178652597374488,0.027586206896551727,False
35.235105719160394,0.011345076059903831,0.1269240897763711,0.9179493418414226,0.027586206896551727,False
35.2769030471752,0.011332776737874297,0.12692391606795903,0.9180308995688913,0.027586206896551727,False
35.318700375190026,0.01132085071988629,0.12692374763165784,0.9181099959428554,0.027586206896551727,False
35.360497703204835,0.011309288471979094,0.12692358433282983,0.9181866929153073,0.027586206896551727,False
35.40229503121965,0.011298080634204418,0.12692342603929374,0.9182610513652384,0.027586206896551727,False
35.44409235923447,0.011287218020142967,0.12692327262131867,0.91833313109767,0.027586206896551727,False
35.485889687249276,0.011276691616298547,0.1269231239516155,0.9184029908436675,0.027586206896551727,False
35.52768701526409,0.011266492581375003,0.1269229799053266,0.9184706882612986,0.027586206896551727,False
35.56948434327891,0.011256612245441383,0.12692284036001386,0.9185362799374921,0.027586206896551727,False
35.61128167129372,0.011247042108990583,0.126922705195646,0.9185998213907629,0.027586206896551727,False
35.65307899930853,0.011237773841896784,0.12692257429458365,0.9186613670747583,0.027586206896551727,False
35.69487632732334,0.011228799282276337,0.12692244754156237,0.9187209703825941,0.027586206896551727,False
35.736673655338166,0.011220110435257634,0.12692232482367674,0.9187786836519376,0.027586206896551727,False
35.77847098335298,0.0112116994716644,0.12692220603036083,0.9188345581708032,0.027586206896551727,False
35.82026831136779,0.011203558726617347,0.12692209105336902,0.918888644184024,0.027586206896551727,False
35.86206563938261,0.011195680698058829,0.12692197978675449,0.9189409909003647,0.027586206896551727,False
35.90386296739742,0.011188058045205139,0.12692187212684755,0.9189916465002376,0.027586206896551727,False
35.94566029541223,0.011180683586930784,0.12692176797223392,0.919040658143995,0.027586206896551727,False
35.987457623427055,0.01117355030008919,0.12692166722372966,0.9190880719807553,0.027586206896551727,False
36.02925495144186,0.011166651317773944,0.126921569784357,0.9191339331577382,0.027586206896551727,False
36.07105227945667,0.011159979927524884,0.12692147555931885,0.9191782858300752,0.027586206896551727,False
36.112849607471496,0.011153529569482939,0.126921384455974,0.9192211731710617,0.027586206896551727,False
36.154646935486305,0.011147293834497628,0.1269212963838087,0.9192626373828243,0.027586206896551727,False
36.19644426350112,0.011141266462191017,0.12692121125441005,0.9193027197073738,0.027586206896551727,False
36.23824159151594,0.011135441338981806,0.12692112898143848,0.9193414604380133,0.027586206896551727,False
36.280038919530746,0.011129812496073263,0.12692104948059876,0.9193788989310767,0.027586206896551727,False
36.32183624754556,0.0111243741074082,0.1269209726696115,0.9194150736179681,0.027586206896551727,False
36.36363357556037,0.011119120487594555,0.12692089846818347,0.91945002201748,0.027586206896551727,False
36.405430903575194,0.011114046089804751,0.1269208267979791,0.9194837807483622,0.027586206896551727,False
36.44722823159001,0.011109145503651916,0.12692075758258758,0.9195163855421166,0.027586206896551727,False
36.48902555960482,0.011104413453046032,0.12692069074749668,0.9195478712560003,0.027586206896551727,False
36.530822887619635,0.011099844794032926,0.12692062622005945,0.9195782718862074,0.027586206896551727,False
36.57262021563445,0.011095434512618895,0.12692056392946388,0.919607620581211,0.027586206896551727,False
36.61441754364926,0.011091177722583567,0.12692050380670314,0.9196359496552474,0.027586206896551727,False
36.656214871664076,0.011087069663283823,0.1269204457845423,0.9196632906019143,0.027586206896551727,False
36.698012199678885,0.011083105697451013,0.12692038979749012,0.9196896741078757,0.027586206896551727,False
36.7398095276937,0.011079281308983974,0.1269203357817662,0.9197151300666428,0.027586206896551727,False
36.78160685570852,0.011075592100740118,0.12692028367526967,0.9197396875924203,0.027586206896551727,False
36.82340418372333,0.011072033792326913,0.1269202334175488,0.9197633750339996,0.027586206896551727,False
36.86520151173815,0.011068602217895476,0.1269201849497691,0.9197862199886832,0.027586206896551727,False
36.906998839752966,0.011065293323938708,0.1269201382146827,0.9198082493162215,0.027586206896551727,False
36.948796167767775,0.011062103167095525,0.12692009315659764,0.9198294891527536,0.027586206896551727,False
36.99059349578259,0.011059027911963283,0.12692004972134593,0.9198499649247289,0.027586206896551727,False
37.0323908237974,0.011056063828919821,0.126920007856254,0.9198697013628063,0.027586206896551727,False
37.07418815181222,0.011053207291956975,0.126919967510111,0.9198887225157096,0.027586206896551727,False
37.11598547982704,0.011050454776527118,0.12691992863313953,0.9199070517640319,0.027586206896551727,False
37.15778280784184,0.011047802857403841,0.12691989117696442,0.9199247118339762,0.027586206896551727,False
37.199580135856664,0.011045248206558674,0.12691985509458298,0.9199417248110213,0.027586206896551727,False
37.24137746387148,0.011042787591054745,0.12691982034033583,0.9199581121535019,0.027586206896551727,False
37.28317479188629,0.011040417870958715,0.12691978686987712,0.9199738947060957,0.027586206896551727,False
37.324972119901105,0.01103813599727221,0.1269197546401449,0.9199890927132048,0.027586206896551727,False
37.36676944791592,0.011035939009883729,0.12691972360933274,0.9200037258322263,0.027586206896551727,False
37.40856677593073,0.011033824035542008,0.1269196937368608,0.9200178131467025,0.027586206896551727,False
37.450364103945546,0.011031788285851826,0.12691966498334747,0.9200313731793436,0.027586206896551727,False
37.49216143196036,0.011029829055293183,0.12691963731058217,0.9200444239049146,0.027586206896551727,False
37.53395875997518,0.0110279437192644,0.12691961068149585,0.9200569827629823,0.027586206896551727,False
37.575756087989994,0.011026129732150176,0.12691958506013631,0.9200690666705167,0.027586206896551727,False
37.6175534160048,0.011024384625415055,0.12691956041163943,0.9200806920343355,0.027586206896551727,False
37.65935074401962,0.011022706005722962,0.12691953670220305,0.920091874763396,0.027586206896551727,False
37.701148072034435,0.011021091553083461,0.1269195138990607,0.9201026302809219,0.027586206896551727,False
37.742945400049244,0.011019539019025077,0.1269194919704559,0.9201129735363632,0.027586206896551727,False
37.78474272806406,0.011018046224796282,0.12691947088561736,0.9201229190171899,0.027586206896551727,False
37.82654005607887,0.011016611059594447,0.12691945061473298,0.9201324807605055,0.027586206896551727,False
37.86833738409369,0.01101523147882305,0.1269194311289259,0.9201416723644907,0.027586206896551727,False
37.91013471210851,0.011013905502377637,0.12691941240022978,0.9201505069996622,0.027586206896551727,False
37.95193204012332,0.011012631212960618,0.12691939440156583,0.9201589974199522,0.027586206896551727,False
37.99372936813813,0.01101140675442507,0.1269193771067169,0.9201671559736041,0.027586206896551727,False
38.03552669615295,0.011010230330147953,0.1269193604903105,0.9201749946138834,0.027586206896551727,False
38.07732402416776,0.011009100201432604,0.12691934452778889,0.9201825249095974,0.027586206896551727,False
38.119121352182574,0.011008014685940808,0.12691932919539128,0.9201897580554315,0.027586206896551727,False
38.16091868019739,0.011006972156154224,0.12691931447013127,0.9201967048820949,0.027586206896551727,False
38.2027160082122,0.011005971037865601,0.12691930032977483,0.9202033758662752,0.027586206896551727,False
38.24451333622702,0.011005009808699444,0.12691928675282055,0.9202097811404044,0.027586206896551727,False
38.28631066424183,0.011004086996662043,0.12691927371847844,0.9202159305022352,0.027586206896551727,False
38.32810799225665,0.011003201178721118,0.12691926120664945,0.9202218334242254,0.027586206896551727,False
38.369905320271464,0.011002350979414767,0.12691924919790715,0.920227499062733,0.027586206896551727,False
38.41170264828628,0.011001535069489424,0.1269192376734773,0.9202329362670247,0.027586206896551727,False
38.45349997630109,0.0110007521645671,0.1269192266152196,0.9202381535880909,0.027586206896551727,False
38.495297304315905,0.011000001023841344,0.12691921600560907,0.920243159287277,0.027586206896551727,False
38.537094632330714,0.010999280448801921,0.12691920582771812,0.920247961344726,0.027586206896551727,False
38.57889196034554,0.010998589281987893,0.12691919606519883,0.9202525674676356,0.027586206896551727,False
38.620689288360346,0.010997926405768967,0.12691918670226604,0.9202569850983328,0.027586206896551727,False
38.662486616375155,0.010997290741154709,0.12691917772368005,0.9202612214221629,0.027586206896551727,False
38.70428394438998,0.01099668124663156,0.12691916911473067,0.9202652833751999,0.027586206896551727,False
38.74608127240479,0.010996096917027097,0.12691916086122,0.9202691776517747,0.027586206896551727,False
38.7878786004196,0.010995536782401467,0.12691915294944947,0.9202729107118305,0.027586206896551727,False
38.82967592843441,0.010994999906965496,0.12691914536620202,0.9202764887880962,0.027586206896551727,False
38.871473256449235,0.010994485388025325,0.1269191380987278,0.9202799178930907,0.027586206896551727,False
38.913270584464044,0.010993992354953063,0.12691913113473005,0.9202832038259542,0.027586206896551727,False
38.95506791247886,0.010993519968183218,0.12691912446235074,0.92028635217911,0.027586206896551727,False
38.996865240493676,0.010993067418234343,0.12691911807015646,0.9202893683447594,0.027586206896551727,False
39.03866256850849,0.01099263392475598,0.12691911194712566,0.9202922575212122,0.027586206896551727,False
39.0804598965233,0.010992218735599893,0.1269191060826348,0.9202950247190542,0.027586206896551727,False
39.122257224538124,0.010991821125915773,0.12691910046644603,0.9202976747671553,0.027586206896551727,False
39.164054552552926,0.010991440397270635,0.12691909508869462,0.9203002123185201,0.027586206896551727,False
39.20585188056774,0.010991075876791757,0.12691908993987666,0.9203026418559832,0.027586206896551727,False
39.247649208582565,0.010990726916332594,0.12691908501083746,0.9203049676977532,0.027586206896551727,False
39.28944653659737,0.010990392891661318,0.12691908029276072,0.9203071940028065,0.027586206896551727,False
39.33124386461219,0.010990073201671694,0.12691907577715594,0.9203093247761326,0.027586206896551727,False
39.37304119262701,0.010989767267615616,0.12691907145584866,0.9203113638738387,0.027586206896551727,False
39.414838520641815,0.010989474532357204,0.12691906732096997,0.9203133150081082,0.027586206896551727,False
39.45663584865663,0.010989194459647751,0.12691906336494554,0.9203151817520239,0.027586206896551727,False
39.49843317667145,0.010988926533421319,0.12691905958048622,0.9203169675442522,0.027586206896551727,False
39.54023050468626,0.010988670257110483,0.12691905596057848,0.9203186756935958,0.027586206896551727,False
39.58202783270108,0.010988425152981863,0.1269190524984748,0.9203203093834136,0.027586206896551727,False
39.62382516071589,0.010988190761490869,0.1269190491876843,0.9203218716759142,0.027586206896551727,False
39.665622488730705,0.010987966640655492,0.12691904602196422,0.9203233655163221,0.027586206896551727,False
39.70741981674552,0.010987752365448572,0.1269190429953112,0.9203247937369223,0.027586206896551727,False
39.74921714476032,0.010987547527208116,0.12691904010195337,0.9203261590609851,0.027586206896551727,False
39.791014472775146,0.010987351733065372,0.12691903733634138,0.920327464106572,0.027586206896551727,False
39.832811800789955,0.010987164605390143,0.12691903469314178,0.9203287113902274,0.027586206896551727,False
39.87460912880477,0.01098698578125307,0.12691903216722805,0.9203299033305596,0.027586206896551727,False
39.91640645681959,0.010986814911904348,0.12691902975367433,0.9203310422517093,0.027586206896551727,False
39.9582037848344,0.010986651662268553,0.12691902744774788,0.9203321303867132,0.027586206896551727,False
40.00000111284921,0.010986495710455188,0.12691902524490228,0.9203331698807642,0.027586206896551727,False
40.041798440864035,0.010986346747284636,0.12691902314077042,0.9203341627943653,0.027586206896551727,False
40.083595768878844,0.010986204475828954,0.12691902113115835,0.9203351111063893,0.027586206896551727,False
40.12539309689366,0.010986068610967252,0.12691901921203877,0.9203360167170387,0.027586206896551727,False
40.16719042490847,0.010985938878955404,0.12691901737954525,0.9203368814507114,0.027586206896551727,False
40.20898775292329,0.01098581501700946,0.12691901562996624,0.9203377070587746,0.027586206896551727,False
40.2507850809381,0.010985696772902618,0.12691901395973895,0.9203384952222495,0.027586206896551727,False
40.29258240895292,0.01098558390457531,0.12691901236544442,0.9203392475544084,0.027586206896551727,False
40.33437973696773,0.010985476179758022,0.1269190108438019,0.9203399656032858,0.027586206896551727,False
40.37617706498254,0.010985373375606651,0.1269190093916636,0.9203406508541084,0.027586206896551727,False
40.41797439299736,0.010985275278349844,0.12691900800601028,0.9203413047316443,0.027586206896551727,False
40.459771721012174,0.01098518168294818,0.12691900668394585,0.9203419286024721,0.027586206896551727,False
40.50156904902698,0.010985092392764791,0.126919005422693,0.9203425237771762,0.027586206896551727,False
40.5433663770418,0.010985007219247046,0.12691900421958793,0.9203430915124665,0.027586206896551727,False
40.58516370505662,0.010984925981619082,0.1269190030720777,0.9203436330132277,0.027586206896551727,False
40.626961033071424,0.010984848506584844,0.1269190019777144,0.9203441494344967,0.027586206896551727,False
40.66875836108625,0.010984774628041325,0.12691900093415184,0.920344641883374,0.027586206896551727,False
40.710555689101064,0.01098470418680167,0.1269189999391416,0.9203451114208675,0.027586206896551727,False
40.75235301711587,0.010984637030327829,0.1269189989905292,0.9203455590636748,0.027586206896551727,False
40.79415034513069,0.010984573012472755,0.1269189980862503,0.9203459857859007,0.027586206896551727,False
40.83594767314551,0.010984511993231428,0.12691899722432703,0.9203463925207146,0.027586206896551727,False
40.877745001160314,0.010984453838500722,0.12691899640286566,0.9203467801619531,0.027586206896551727,False
40.91954232917513,0.010984398419847838,0.12691899562005174,0.9203471495656611,0.027586206896551727,False
40.96133965718994,0.010984345614286925,0.12691899487414837,0.9203475015515807,0.027586206896551727,False
41.003136985204755,0.010984295304063686,0.12691899416349203,0.920347836904587,0.027586206896551727,False
41.04493431321958,0.010984247376447868,0.1269189934864907,0.9203481563760705,0.027586206896551727,False
41.08673164123438,0.01098420172353304,0.12691899284162014,0.9203484606852709,0.027586206896551727,False
41.1285289692492,0.010984158242043816,0.12691899222742148,0.9203487505205623,0.027586206896551727,False
41.17032629726401,0.010984116833150044,0.12691899164249873,0.9203490265406915,0.027586206896551727,False
41.21212362527883,0.010984077402287802,0.12691899108551624,0.9203492893759705,0.027586206896551727,False
41.253920953293644,0.010984039858987087,0.12691899055519612,0.9203495396294251,0.027586206896551727,False
41.29571828130846,0.01098400411670574,0.12691899005031598,0.9203497778779014,0.027586206896551727,False
41.33751560932327,0.010983970092669637,0.12691898956970654,0.9203500046731312,0.027586206896551727,False
41.37931293733809,0.010983937707718796,0.1269189891122498,0.9203502205427572,0.027586206896551727,False
41.4211102653529,0.010983906886159411,0.1269189886768765,0.9203504259913192,0.027586206896551727,False
41.46290759336771,0.0109838775556212,0.12691898826256443,0.9203506215012051,0.027586206896551727,False
41.504704921382526,0.01098384964692041,0.1269189878683363,0.9203508075335634,0.027586206896551727,False
41.54650224939734,0.010983823093927885,0.12691898749325803,0.9203509845291832,0.027586206896551727,False
41.58829957741216,0.01098379783344219,0.12691898713643698,0.9203511529093391,0.027586206896551727,False
41.63009690542697,0.010983773805067681,0.12691898679702007,0.9203513130766042,0.027586206896551727,False
41.67189423344179,0.010983750951097153,0.12691898647419214,0.9203514654156321,0.027586206896551727,False
41.7136915614566,0.010983729216399146,0.12691898616717445,0.9203516102939081,0.027586206896551727,False
41.755488889471415,0.010983708548309518,0.12691898587522302,0.9203517480624716,0.027586206896551727,False
41.79728621748623,0.010983688896527333,0.12691898559762732,0.9203518790566102,0.027586206896551727,False
41.83908354550105,0.010983670213014765,0.126918985333709,0.9203520035965274,0.027586206896551727,False
41.880880873515856,0.010983652451900949,0.12691898508282004,0.9203521219879823,0.027586206896551727,False
41.92267820153068,0.010983635569389711,0.1269189848443418,0.9203522345229052,0.027586206896551727,False
41.96447552954548,0.01098361952367083,0.12691898461768364,0.9203523414799892,0.027586206896551727,False
42.006272857560305,0.010983604274834895,0.126918984402282,0.9203524431252575,0.027586206896551727,False
42.04807018557512,0.010983589784791541,0.12691898419759864,0.9203525397126081,0.027586206896551727,False
42.08986751358992,0.010983576017190994,0.1269189840031202,0.9203526314843375,0.027586206896551727,False
42.131664841604746,0.010983562937348727,0.1269189838183568,0.9203527186716419,0.027586206896551727,False
42.17346216961955,0.010983550512173215,0.126918983642841,0.9203528014950998,0.027586206896551727,False
42.21525949763437,0.010983538710096559,0.12691898347612682,0.920352880165133,0.027586206896551727,False
42.25705682564919,0.01098352750100799,0.12691898331778906,0.9203529548824513,0.027586206896551727,False
42.298854153663996,0.010983516856190034,0.12691898316742195,0.9203530258384771,0.027586206896551727,False
42.34065148167881,0.010983506748257335,0.12691898302463867,0.9203530932157538,0.027586206896551727,False
42.382448809693635,0.010983497151097971,0.12691898288907041,0.9203531571883357,0.027586206896551727,False
42.42424613770844,0.010983488039817232,0.1269189827603655,0.9203532179221644,0.027586206896551727,False
42.46604346572326,0.010983479390683665,0.12691898263818877,0.9203532755754276,0.027586206896551727,False
42.507840793738076,0.010983471181077398,0.12691898252222072,0.9203533302989031,0.027586206896551727,False
42.549638121752885,0.01098346338944064,0.12691898241215668,0.9203533822362894,0.027586206896551727,False
42.5914354497677,0.01098345599523022,0.1269189823077067,0.9203534315245223,0.027586206896551727,False
42.63323277778251,0.010983448978872096,0.12691898220859413,0.9203534782940769,0.027586206896551727,False
42.675030105797326,0.010983442321717878,0.12691898211455555,0.920353522669259,0.027586206896551727,False
42.71682743381214,0.010983436006003091,0.12691898202534005,0.920353564768482,0.027586206896551727,False
42.75862476182696,0.010983430014807215,0.12691898194070877,0.920353604704534,0.027586206896551727,False
42.80042208984177,0.010983424332015558,0.1269189818604339,0.9203536425848318,0.027586206896551727,False
42.84221941785659,0.010983418942282512,0.12691898178429864,0.9203536785116647,0.027586206896551727,False
42.8840167458714,0.010983413830996642,0.12691898171209673,0.92035371258243,0.027586206896551727,False
42.925814073886215,0.010983408984247125,0.12691898164363172,0.9203537448898534,0.027586206896551727,False
42.967611401901024,0.010983404388791692,0.1269189815787163,0.9203537755222048,0.027586206896551727,False
43.00940872991585,0.010983400032025891,0.12691898151717265,0.9203538045635027,0.027586206896551727,False
43.051206057930656,0.010983395901953755,0.12691898145883126,0.9203538320937091,0.027586206896551727,False
43.09300338594547,0.010983391987159754,0.12691898140353064,0.9203538581889177,0.027586206896551727,False
43.13480071396029,0.010983388276781882,0.12691898135111776,0.9203538829215319,0.027586206896551727,False
43.176598041975105,0.01098338476048607,0.12691898130144666,0.9203539063604363,0.027586206896551727,False
43.21839536998991,0.01098338142844151,0.12691898125437792,0.9203539285711608,0.027586206896551727,False
43.26019269800472,0.010983378271297346,0.12691898120978012,0.9203539496160366,0.027586206896551727,False
43.30199002601954,0.010983375280160116,0.1269189811675272,0.9203539695543448,0.027586206896551727,False
43.343787354034355,0.010983372446572376,0.12691898112749989,0.9203539884424611,0.027586206896551727,False
43.38558468204917,0.010983369762492218,0.12691898108958433,0.9203540063339911,0.027586206896551727,False
43.42738201006398,0.010983367220273661,0.12691898105367258,0.9203540232799013,0.027586206896551727,False
43.4691793380788,0.01098336481264807,0.1269189810196623,0.920354039328643,0.027586206896551727,False
43.51097666609361,0.01098336253270616,0.12691898098745563,0.9203540545262717,0.027586206896551727,False
43.55277399410843,0.010983360373881052,0.12691898095695972,0.9203540689165607,0.027586206896551727,False
43.594571322123244,0.01098335832993194,0.12691898092808696,0.9203540825411105,0.027586206896551727,False
43.63636865013805,0.010983356394928555,0.12691898090075276,0.9203540954394503,0.027586206896551727,False
43.67816597815287,0.010983354563236365,0.12691898087487793,0.920354107649139,0.027586206896551727,False
43.71996330616769,0.010983352829502392,0.12691898085038705,0.9203541192058586,0.027586206896551727,False
43.761760634182494,0.010983351188641664,0.12691898082720776,0.9203541301435039,0.027586206896551727,False
43.80355796219731,0.010983349635824336,0.12691898080527256,0.9203541404942701,0.027586206896551727,False
43.84535529021213,0.010983348166463392,0.12691898078451555,0.9203541502887328,0.027586206896551727,False
43.887152618226935,0.010983346776202935,0.12691898076487632,0.9203541595559281,0.027586206896551727,False
43.92894994624176,0.01098334546090695,0.12691898074629598,0.9203541683234254,0.027586206896551727,False
43.97074727425657,0.010983344216648622,0.12691898072871974,0.9203541766174007,0.027586206896551727,False
44.01254460227138,0.010983343039700165,0.126918980712094,0.9203541844627019,0.027586206896551727,False
44.0543419302862,0.010983341926523104,0.1269189806963683,0.9203541918829153,0.027586206896551727,False
44.096139258301015,0.01098334087375905,0.12691898068149698,0.9203541989004287,0.027586206896551727,False
44.137936586315824,0.010983339878220838,0.12691898066743387,0.9203542055364861,0.027586206896551727,False
44.17973391433065,0.010983338936884105,0.1269189806541361,0.9203542118112471,0.027586206896551727,False
44.221531242345456,0.010983338046879329,0.12691898064156346,0.9203542177438399,0.027586206896551727,False
44.26332857036027,0.010983337205484138,0.12691898062967763,0.9203542233524109,0.027586206896551727,False
44.30512589837508,0.010983336410116052,0.12691898061844173,0.9203542286541744,0.027586206896551727,False
44.34692322638989,0.01098333565832557,0.12691898060782056,0.9203542336654581,0.027586206896551727,False
44.38872055440471,0.01098333494778954,0.1269189805977841,0.9203542384017489,0.027586206896551727,False
44.43051788241952,0.010983334276304877,0.12691898058829792,0.9203542428777306,0.027586206896551727,False
44.47231521043434,0.010983333641782576,0.1269189805793347,0.9203542471073289,0.027586206896551727,False
44.514112538449154,0.01098333304224201,0.12691898057086373,0.9203542511037452,0.027586206896551727,False
44.55590986646397,0.01098333247580553,0.12691898056286322,0.9203542548794978,0.027586206896551727,False
44.59770719447878,0.010983331940693224,0.126918980555304,0.9203542584464489,0.027586206896551727,False
44.639504522493596,0.010983331435218055,0.12691898054816297,0.9203542618158447,0.027586206896551727,False
44.68130185050841,0.010983330957781185,0.1269189805414179,0.9203542649983429,0.027586206896551727,False
44.72309917852323,0.010983330506867513,0.12691898053504755,0.9203542680040427,0.027586206896551727,False
44.76489650653804,0.010983330081041371,0.12691898052903194,0.9203542708425142,0.027586206896551727,False
44.80669383455286,0.010983329678942631,0.12691898052335188,0.920354273522824,0.027586206896551727,False
44.84849116256767,0.010983329299282725,0.12691898051798886,0.9203542760535609,0.027586206896551727,False
44.890288490582485,0.010983328940841067,0.12691898051292533,0.9203542784428612,0.027586206896551727,False
44.9320858185973,0.01098332860246158,0.1269189805081442,0.9203542806984306,0.027586206896551727,False
44.9738831466121,0.010983328283049392,0.12691898050362957,0.9203542828275667,0.027586206896551727,False
45.015680474626926,0.01098332798156775,0.12691898049937297,0.9203542848371842,0.027586206896551727,False
45.05747780264174,0.010983327697034915,0.12691898049535352,0.9203542867338231,0.027586206896551727,False
45.09927513065655,0.010983327428521405,0.12691898049155684,0.9203542885236785,0.027586206896551727,False
45.14107245867137,0.010983327175147436,0.12691898048798064,0.9203542902126204,0.027586206896551727,False
45.18286978668619,0.01098332693608001,0.12691898048460107,0.9203542918061947,0.027586206896551727,False
45.22466711470099,0.010983326710530846,0.12691898048141642,0.9203542933096611,0.027586206896551727,False
45.266464442715815,0.01098332649775386,0.12691898047840866,0.9203542947279888,0.027586206896551727,False
45.308261770730624,0.010983326297043104,0.12691898047557496,0.9203542960658875,0.027586206896551727,False
45.35005909874544,0.010983326107730462,0.12691898047289674,0.9203542973278055,0.027586206896551727,False
45.391856426760256,0.010983325929183996,0.1269189804703782,0.9203542985179626,0.027586206896551727,False
45.43365375477507,0.01098332576080569,0.12691898046799543,0.9203542996403362,0.027586206896551727,False
45.47545108278988,0.010983325602030074,0.12691898046575512,0.9203543006987042,0.027586206896551727,False
45.5172484108047,0.010983325452322093,0.12691898046364075,0.920354301696628,0.027586206896551727,False
45.55904573881951,0.010983325311175799,0.1269189804616408,0.9203543026374774,0.027586206896551727,False
45.60084306683432,0.010983325178112888,0.1269189804597659,0.9203543035244509,0.027586206896551727,False
45.64264039484914,0.010983325052680857,0.126918980457995,0.9203543043605564,0.027586206896551727,False
45.68443772286395,0.010983324934451966,0.12691898045632014,0.9203543051486437,0.027586206896551727,False
45.72623505087877,0.010983324823021903,0.1269189804547456,0.9203543058914142,0.027586206896551727,False
45.76803237889358,0.010983324718008428,0.12691898045326658,0.9203543065914156,0.027586206896551727,False
45.809829706908396,0.010983324619050175,0.12691898045186834,0.9203543072510513,0.027586206896551727,False
45.85162703492321,0.010983324525805731,0.12691898045054642,0.9203543078725974,0.027586206896551727,False
45.89342436293803,0.010983324437952397,0.1269189804493014,0.9203543084582079,0.027586206896551727,False
45.93522169095284,0.010983324355185346,0.12691898044813874,0.9203543090099202,0.027586206896551727,False
45.97701901896766,0.010983324277216357,0.12691898044703992,0.9203543095296475,0.027586206896551727,False
46.01881634698247,0.010983324203773272,0.1269189804460016,0.9203543100192039,0.027586206896551727,False
46.060613674997285,0.010983324134598968,0.12691898044502023,0.9203543104803036,0.027586206896551727,False
46.102411003012094,0.010983324069450484,0.12691898044409264,0.9203543109145661,0.027586206896551727,False
46.14420833102691,0.01098332400809862,0.1269189804432259,0.9203543113235253,0.027586206896551727,False
46.186005659041726,0.010983323950326753,0.12691898044241604,0.9203543117086247,0.027586206896551727,False
46.227802987056535,0.010983323895930179,0.1269189804416513,0.9203543120712234,0.027586206896551727,False
46.26960031507136,0.010983323844715788,0.12691898044092906,0.9203543124126091,0.027586206896551727,False
46.31139764308616,0.01098332379650121,0.1269189804402469,0.9203543127339971,0.027586206896551727,False
46.35319497110098,0.010983323751114287,0.12691898043960237,0.9203543130365354,0.027586206896551727,False
46.3949922991158,0.010983323708392419,0.12691898043899347,0.9203543133213078,0.027586206896551727,False
46.43678962713061,0.010983323668182339,0.12691898043841798,0.9203543135893358,0.027586206896551727,False
46.478586955145424,0.010983323630339306,0.12691898043788008,0.9203543138415881,0.027586206896551727,False
46.52038428316025,0.010983323594726733,0.12691898043738484,0.9203543140789788,0.027586206896551727,False
46.56218161117505,0.01098332356121561,0.12691898043691818,0.920354314302361,0.027586206896551727,False
46.60397893918987,0.010983323529684294,0.12691898043647795,0.9203543145125457,0.027586206896551727,False
46.64577626720469,0.010983323500018053,0.1269189804360626,0.920354314710297,0.027586206896551727,False
46.68757359521949,0.010983323472108649,0.12691898043567076,0.9203543148963369,0.027586206896551727,False
46.72937092323431,0.010983323445853961,0.12691898043530092,0.920354315071346,0.027586206896551727,False
46.771168251249115,0.010983323421157706,0.12691898043495198,0.9203543152359662,0.027586206896551727,False
46.81296557926394,0.01098332339792908,0.1269189804346225,0.9203543153908029,0.027586206896551727,False
46.854762907278754,0.010983323376082333,0.12691898043431157,0.9203543155364277,0.027586206896551727,False
46.89656023529356,0.01098332335553672,0.12691898043401806,0.9203543156733786,0.027586206896551727,False
46.93835756330838,0.010983323336216228,0.12691898043374086,0.9203543158021626,0.027586206896551727,False
46.9801548913232,0.01098332331804902,0.12691898043347905,0.9203543159232587,0.027586206896551727,False
47.021952219338004,0.010983323300967423,0.1269189804332317,0.9203543160371176,0.027586206896551727,False
47.06374954735283,0.010983323284907632,0.12691898043299799,0.9203543161441651,0.027586206896551727,False
47.10554687536764,0.01098332326980954,0.12691898043277716,0.9203543162448016,0.027586206896551727,False
47.14734420338245,0.010983323255616515,0.12691898043257152,0.9203543163394066,0.027586206896551727,False
47.18914153139727,0.010983323242275184,0.12691898043238467,0.9203543164283381,0.027586206896551727,False
47.23093885941208,0.010983323229735244,0.12691898043221572,0.9203543165119316,0.027586206896551727,False
47.272736187426894,0.010983323217949245,0.12691898043205843,0.9203543165905002,0.027586206896551727,False
47.3145335154417,0.010983323206872545,0.1269189804319107,0.9203543166643402,0.027586206896551727,False
47.356330843456526,0.010983323196463033,0.12691898043177172,0.9203543167337326,0.027586206896551727,False
47.398128171471335,0.010983323186681118,0.12691898043164124,0.9203543167989413,0.027586206896551727,False
47.43992549948615,0.01098332317748952,0.12691898043151856,0.9203543168602148,0.027586206896551727,False
47.48172282750097,0.01098332316885307,0.12691898043140326,0.9203543169177876,0.027586206896551727,False
47.52352015551578,0.010983323160738686,0.12691898043129501,0.92035431697188,0.027586206896551727,False
47.56531748353059,0.010983323153115235,0.12691898043119335,0.9203543170227,0.027586206896551727,False
47.607114811545415,0.010983323145953352,0.1269189804310977,0.9203543170704428,0.027586206896551727,False
47.648912139560224,0.010983323139225419,0.12691898043100797,0.9203543171152928,0.027586206896551727,False
47.69070946757504,0.010983323132905454,0.12691898043092356,0.9203543171574233,0.027586206896551727,False
47.732506795589856,0.010983323126968994,0.1269189804308444,0.9203543171969972,0.027586206896551727,False
47.774304123604665,0.010983323121393008,0.12691898043077002,0.9203543172341684,0.027586206896551727,False
47.81610145161948,0.010983323116155817,0.12691898043070005,0.9203543172690806,0.027586206896551727,False
47.85789877963429,0.010983323111237021,0.12691898043063443,0.9203543173018707,0.027586206896551727,False
47.899696107649106,0.010983323106617433,0.12691898043057284,0.920354317332666,0.027586206896551727,False
47.94149343566392,0.01098332310227899,0.12691898043051494,0.9203543173615871,0.027586206896551727,False
47.98329076367874,0.010983323098204713,0.12691898043046052,0.9203543173887473,0.027586206896551727,False
48.02508809169355,0.01098332309437862,0.12691898043040947,0.9203543174142529,0.027586206896551727,False
48.06688541970837,0.010983323090785682,0.12691898043036157,0.9203543174382045,0.027586206896551727,False
48.10868274772317,0.01098332308741176,0.12691898043031655,0.9203543174606958,0.027586206896551727,False
48.150480075737995,0.010983323084243558,0.12691898043027416,0.9203543174818158,0.027586206896551727,False
48.19227740375281,0.010983323081268564,0.12691898043023453,0.9203543175016479,0.027586206896551727,False
48.23407473176762,0.01098332307847503,0.12691898043019725,0.9203543175202703,0.027586206896551727,False
48.27587205978244,0.010983323075851903,0.12691898043016225,0.9203543175377568,0.027586206896551727,False
48.31766938779726,0.010983323073388791,0.12691898043012942,0.9203543175541765,0.027586206896551727,False
48.35946671581206,0.010983323071075923,0.12691898043009855,0.9203543175695947,0.027586206896551727,False
48.40126404382688,0.010983323068904106,0.12691898043006958,0.9203543175840726,0.027586206896551727,False
48.443061371841694,0.010983323066864708,0.12691898043004227,0.9203543175976676,0.027586206896551727,False
48.4848586998565,0.010983323064949625,0.12691898043001673,0.9203543176104341,0.027586206896551727,False
48.526656027871326,0.010983323063151236,0.12691898042999275,0.9203543176224226,0.027586206896551727,False
48.568453355886135,0.010983323061462363,0.1269189804299702,0.920354317633681,0.027586206896551727,False
48.61025068390095,0.010983323059876282,0.12691898042994906,0.9203543176442542,0.027586206896551727,False
48.65204801191577,0.010983323058386668,0.12691898042992922,0.9203543176541843,0.027586206896551727,False
48.69384533993058,0.010983323056987576,0.12691898042991054,0.9203543176635112,0.027586206896551727,False
48.73564266794539,0.01098332305567342,0.12691898042989302,0.9203543176722715,0.027586206896551727,False
48.77743999596021,0.010983323054438969,0.12691898042987657,0.9203543176805008,0.027586206896551727,False
48.819237323975024,0.010983323053279303,0.12691898042986108,0.9203543176882313,0.027586206896551727,False
48.86103465198984,0.01098332305218978,0.12691898042984653,0.9203543176954945,0.027586206896551727,False
48.90283198000465,0.010983323051166059,0.12691898042983277,0.9203543177023187,0.027586206896551727,False
48.94462930801946,0.010983323050204075,0.12691898042981994,0.9203543177087316,0.027586206896551727,False
48.98642663603428,0.010983323049299994,0.12691898042980787,0.9203543177147584,0.027586206896551727,False
49.02822396404909,0.010983323048450197,0.12691898042979655,0.9203543177204233,0.027586206896551727,False
49.07002129206391,0.01098332304765132,0.1269189804297859,0.9203543177257489,0.027586206896551727,False
49.111818620078715,0.010983323046900214,0.12691898042977587,0.9203543177307559,0.027586206896551727,False
49.15361594809354,0.01098332304619391,0.12691898042976646,0.9203543177354644,0.027586206896551727,False
49.19541327610835,0.010983323045529599,0.1269189804297576,0.9203543177398928,0.027586206896551727,False
49.23721060412316,0.010983323044904673,0.12691898042974928,0.9203543177440587,0.027586206896551727,False
49.27900793213798,0.010983323044316661,0.12691898042974142,0.9203543177479786,0.027586206896551727,False
49.320805260152795,0.010983323043763234,0.12691898042973404,0.9203543177516679,0.027586206896551727,False
49.362602588167604,0.010983323043242229,0.1269189804297271,0.920354317755141,0.027586206896551727,False
49.40439991618243,0.010983323042751693,0.12691898042972055,0.9203543177584111,0.027586206896551727,False
49.44619724419723,0.010983323042289673,0.1269189804297144,0.9203543177614911,0.027586206896551727,False
49.48799457221205,0.010983323041854317,0.1269189804297086,0.9203543177643932,0.027586206896551727,False
49.52979190022687,0.010983323041444093,0.12691898042970312,0.9203543177671278,0.027586206896551727,False
49.57158922824167,0.010983323041057274,0.12691898042969796,0.9203543177697064,0.027586206896551727,False
49.61338655625649,0.010983323040692538,0.1269189804296931,0.9203543177721378,0.027586206896551727,False
49.65518388427131,0.010983323040348335,0.12691898042968852,0.9203543177744326,0.027586206896551727,False
49.69698121228612,0.010983323040023548,0.12691898042968416,0.9203543177765975,0.027586206896551727,False
49.738778540300935,0.010983323039716811,0.12691898042968008,0.9203543177786424,0.027586206896551727,False
49.78057586831575,0.010983323039427104,0.12691898042967623,0.9203543177805737,0.027586206896551727,False
49.82237319633056,0.01098332303915332,0.12691898042967256,0.9203543177823988,0.027586206896551727,False
49.86417052434538,0.010983323038894365,0.12691898042966912,0.9203543177841249,0.027586206896551727,False
49.90596785236019,0.010983323038649448,0.12691898042966587,0.9203543177857576,0.027586206896551727,False
49.94776518037501,0.010983323038417632,0.12691898042966276,0.9203543177873031,0.027586206896551727,False
49.989562508389824,0.010983323038198023,0.12691898042965982,0.920354317788767,0.027586206896551727,False
50.03135983640464,0.01098332303798994,0.12691898042965707,0.9203543177901542,0.027586206896551727,False
50.07315716441945,0.010983323037792652,0.12691898042965444,0.9203543177914694,0.027586206896551727,False
50.11495449243426,0.010983323037605457,0.12691898042965194,0.9203543177927171,0.027586206896551727,False
50.15675182044908,0.01098332303742769,0.12691898042964955,0.9203543177939022,0.027586206896551727,False
50.19854914846389,0.01098332303725877,0.1269189804296473,0.9203543177950283,0.027586206896551727,False
50.240346476478706,0.010983323037098203,0.12691898042964517,0.9203543177960987,0.027586206896551727,False
50.282143804493515,0.01098332303694542,0.1269189804296431,0.9203543177971172,0.027586206896551727,False
50.32394113250834,0.010983323036799934,0.12691898042964117,0.920354317798087,0.027586206896551727,False
50.36573846052315,0.010983323036661285,0.12691898042963934,0.9203543177990113,0.027586206896551727,False
50.40753578853796,0.010983323036528991,0.1269189804296376,0.9203543177998932,0.027586206896551727,False
50.44933311655277,0.010983323036402762,0.1269189804296359,0.9203543178007347,0.027586206896551727,False
50.491130444567595,0.010983323036282138,0.1269189804296343,0.9203543178015388,0.027586206896551727,False
50.532927772582404,0.010983323036166797,0.12691898042963273,0.9203543178023076,0.027586206896551727,False
50.57472510059722,0.010983323036056387,0.12691898042963126,0.9203543178030437,0.027586206896551727,False
50.616522428612036,0.010983323035950647,0.12691898042962987,0.9203543178037485,0.027586206896551727,False
50.65831975662685,0.010983323035849223,0.1269189804296285,0.9203543178044247,0.027586206896551727,False
50.70011708464166,0.010983323035751894,0.12691898042962718,0.9203543178050735,0.027586206896551727,False
50.74191441265648,0.010983323035658396,0.12691898042962596,0.9203543178056967,0.027586206896551727,False
50.783711740671286,0.010983323035568484,0.12691898042962477,0.9203543178062962,0.027586206896551727,False
50.8255090686861,0.010983323035481897,0.1269189804296236,0.9203543178068735,0.027586206896551727,False
50.867306396700926,0.010983323035398453,0.12691898042962252,0.9203543178074297,0.027586206896551727,False
50.90910372471573,0.010983323035318036,0.12691898042962144,0.9203543178079657,0.027586206896551727,False
50.95090105273055,0.010983323035240376,0.12691898042962038,0.9203543178084834,0.027586206896551727,False
50.99269838074537,0.010983323035165313,0.1269189804296194,0.9203543178089839,0.027586206896551727,False
51.034495708760176,0.010983323035092684,0.12691898042961844,0.9203543178094679,0.027586206896551727,False
51.07629303677499,0.010983323035022372,0.12691898042961747,0.9203543178099367,0.027586206896551727,False
51.118090364789815,0.010983323034954235,0.12691898042961658,0.920354317810391,0.027586206896551727,False
51.15988769280462,0.010983323034888073,0.1269189804296157,0.9203543178108319,0.027586206896551727,False
51.20168502081944,0.010983323034823845,0.12691898042961486,0.9203543178112601,0.027586206896551727,False
51.24348234883425,0.010983323034761445,0.126918980429614,0.9203543178116762,0.027586206896551727,False
51.28527967684906,0.010983323034700652,0.1269189804296132,0.9203543178120814,0.027586206896551727,False
51.32707700486388,0.01098332303464148,0.12691898042961242,0.9203543178124759,0.027586206896551727,False
51.36887433287868,0.010983323034583794,0.12691898042961164,0.9203543178128604,0.027586206896551727,False
51.410671660893506,0.010983323034527525,0.1269189804296109,0.9203543178132354,0.027586206896551727,False
51.452468988908315,0.010983323034472553,0.12691898042961014,0.9203543178136019,0.027586206896551727,False
51.49426631692313,0.010983323034418806,0.12691898042960945,0.9203543178139602,0.027586206896551727,False
51.53606364493795,0.010983323034366223,0.12691898042960872,0.9203543178143108,0.027586206896551727,False
51.57786097295276,0.01098332303431488,0.12691898042960803,0.920354317814653,0.027586206896551727,False
51.61965830096757,0.010983323034264478,0.12691898042960736,0.9203543178149891,0.027586206896551727,False
51.661455628982395,0.010983323034215018,0.1269189804296067,0.9203543178153187,0.027586206896551727,False
51.703252956997204,0.010983323034166414,0.12691898042960606,0.9203543178156428,0.027586206896551727,False
51.74505028501202,0.010983323034118942,0.1269189804296054,0.9203543178159591,0.027586206896551727,False
51.78684761302683,0.010983323034072002,0.12691898042960478,0.920354317816272,0.027586206896551727,False
51.828644941041645,0.010983323034026032,0.1269189804296042,0.9203543178165786,0.027586206896551727,False
51.87044226905646,0.010983323033980828,0.1269189804296036,0.9203543178168798,0.027586206896551727,False
51.91223959707127,0.010983323033936189,0.126918980429603,0.9203543178171776,0.027586206896551727,False
51.95403692508609,0.0109833230338923,0.12691898042960242,0.9203543178174701,0.027586206896551727,False
51.9958342531009,0.010983323033848988,0.1269189804296018,0.9203543178177587,0.027586206896551727,False
52.03763158111572,0.010983323033806149,0.12691898042960129,0.9203543178180444,0.027586206896551727,False
52.079428909130534,0.010983323033764156,0.12691898042960068,0.9203543178183243,0.027586206896551727,False
52.12122623714535,0.010983323033722231,0.12691898042960012,0.9203543178186037,0.027586206896551727,False
52.16302356516016,0.010983323033681493,0.12691898042959962,0.9203543178188753,0.027586206896551727,False
52.20482089317498,0.01098332303364082,0.12691898042959904,0.9203543178191465,0.027586206896551727,False
52.246618221189784,0.01098332303360044,0.12691898042959848,0.9203543178194156,0.027586206896551727,False
52.28841554920461,0.01098332303356107,0.12691898042959798,0.9203543178196781,0.027586206896551727,False
52.330212877219424,0.01098332303352172,0.12691898042959746,0.9203543178199404,0.027586206896551727,False
52.37201020523423,0.010983323033482461,0.12691898042959693,0.9203543178202022,0.027586206896551727,False
52.41380753324905,0.010983323033444223,0.12691898042959643,0.920354317820457,0.027586206896551727,False
52.45560486126385,0.010983323033406166,0.1269189804295959,0.9203543178207108,0.027586206896551727,False
52.497402189278674,0.010983323033368205,0.12691898042959543,0.9203543178209638,0.027586206896551727,False
52.53919951729349,0.010983323033330558,0.1269189804295949,0.9203543178212148,0.027586206896551727,False
52.580996845308306,0.010983323033293812,0.1269189804295944,0.9203543178214598,0.027586206896551727,False
52.622794173323115,0.010983323033257069,0.12691898042959393,0.9203543178217046,0.027586206896551727,False
52.66459150133794,0.01098332303322036,0.12691898042959343,0.9203543178219493,0.027586206896551727,False
52.70638882935274,0.0109833230331838,0.12691898042959296,0.920354317822193,0.027586206896551727,False
52.74818615736756,0.010983323033147948,0.12691898042959246,0.920354317822432,0.027586206896551727,False
52.78998348538238,0.010983323033112518,0.12691898042959202,0.9203543178226682,0.027586206896551727,False
52.83178081339719,0.010983323033077088,0.12691898042959154,0.9203543178229044,0.027586206896551727,False
52.873578141412004,0.010983323033041672,0.12691898042959104,0.9203543178231406,0.027586206896551727,False
52.91537546942682,0.010983323033006457,0.12691898042959057,0.9203543178233753,0.027586206896551727,False
52.95717279744163,0.010983323032971469,0.12691898042959013,0.9203543178236084,0.027586206896551727,False
52.998970125456445,0.010983323032937347,0.12691898042958966,0.920354317823836,0.027586206896551727,False
53.04076745347126,0.010983323032903228,0.1269189804295892,0.9203543178240635,0.027586206896551727,False
53.08256478148607,0.01098332303286911,0.12691898042958877,0.9203543178242909,0.027586206896551727,False
53.12436210950089,0.010983323032835099,0.12691898042958832,0.9203543178245175,0.027586206896551727,False
53.1661594375157,0.010983323032801239,0.12691898042958785,0.9203543178247432,0.027586206896551727,False
53.20795676553052,0.010983323032767403,0.12691898042958738,0.920354317824969,0.027586206896551727,False
53.24975409354533,0.010983323032734407,0.12691898042958696,0.9203543178251888,0.027586206896551727,False
53.29155142156015,0.010983323032701602,0.1269189804295865,0.9203543178254074,0.027586206896551727,False
53.33334874957496,0.010983323032668794,0.1269189804295861,0.9203543178256262,0.027586206896551727,False
53.375146077589775,0.010983323032635993,0.12691898042958566,0.9203543178258449,0.027586206896551727,False
53.41694340560459,0.01098332303260342,0.1269189804295852,0.9203543178260621,0.027586206896551727,False
53.45874073361941,0.010983323032570914,0.12691898042958477,0.9203543178262787,0.027586206896551727,False
53.50053806163422,0.010983323032538416,0.12691898042958435,0.9203543178264955,0.027586206896551727,False
53.54233538964904,0.01098332303250658,0.1269189804295839,0.9203543178267076,0.027586206896551727,False
53.58413271766384,0.010983323032475076,0.1269189804295835,0.9203543178269177,0.027586206896551727,False
53.62593004567866,0.01098332303244358,0.12691898042958305,0.9203543178271275,0.027586206896551727,False
53.66772737369348,0.010983323032412087,0.12691898042958263,0.9203543178273375,0.027586206896551727,False
53.70952470170828,0.010983323032380593,0.12691898042958225,0.9203543178275475,0.027586206896551727,False
53.751322029723106,0.010983323032349099,0.1269189804295818,0.9203543178277575,0.027586206896551727,False
53.793119357737915,0.010983323032317874,0.12691898042958139,0.9203543178279656,0.027586206896551727,False
53.83491668575273,0.010983323032286723,0.12691898042958097,0.9203543178281732,0.027586206896551727,False
53.87671401376755,0.010983323032255571,0.12691898042958058,0.9203543178283808,0.027586206896551727,False
53.918511341782356,0.0109833230322246,0.12691898042958014,0.9203543178285873,0.027586206896551727,False
53.96030866979717,0.01098332303219434,0.12691898042957978,0.9203543178287891,0.027586206896551727,False
54.002105997811995,0.010983323032164153,0.12691898042957936,0.9203543178289904,0.027586206896551727,False
54.0439033258268,0.010983323032133972,0.12691898042957894,0.9203543178291914,0.027586206896551727,False
54.08570065384162,0.01098332303210379,0.12691898042957855,0.9203543178293928,0.027586206896551727,False
54.127497981856436,0.010983323032073609,0.12691898042957817,0.9203543178295939,0.027586206896551727,False
54.16929530987124,0.010983323032043427,0.12691898042957775,0.920354317829795,0.027586206896551727,False
54.21109263788606,0.01098332303201343,0.12691898042957733,0.920354317829995,0.027586206896551727,False
54.25288996590087,0.010983323031983632,0.12691898042957697,0.9203543178301937,0.027586206896551727,False
54.294687293915686,0.010983323031953837,0.12691898042957656,0.9203543178303922,0.027586206896551727,False
54.3364846219305,0.010983323031924045,0.12691898042957617,0.920354317830591,0.027586206896551727,False
54.37828194994532,0.010983323031894685,0.12691898042957578,0.9203543178307866,0.027586206896551727,False
54.42007927796013,0.010983323031865805,0.1269189804295754,0.9203543178309792,0.027586206896551727,False
54.46187660597495,0.010983323031836936,0.126918980429575,0.9203543178311716,0.027586206896551727,False
54.50367393398976,0.010983323031808066,0.1269189804295746,0.920354317831364,0.027586206896551727,False
54.545471262004575,0.010983323031779197,0.12691898042957422,0.9203543178315564,0.027586206896551727,False
54.587268590019384,0.010983323031750328,0.12691898042957386,0.9203543178317489,0.027586206896551727,False
54.62906591803421,0.010983323031721472,0.12691898042957347,0.9203543178319413,0.027586206896551727,False
54.67086324604902,0.010983323031693006,0.12691898042957309,0.9203543178321312,0.027586206896551727,False
54.712660574063825,0.010983323031664563,0.12691898042957273,0.9203543178323208,0.027586206896551727,False
54.75445790207865,0.010983323031636119,0.1269189804295723,0.9203543178325102,0.027586206896551727,False
54.79625523009346,0.01098332303160779,0.12691898042957195,0.9203543178326992,0.027586206896551727,False
54.838052558108274,0.010983323031580042,0.12691898042957156,0.9203543178328842,0.027586206896551727,False
54.87984988612308,0.010983323031552462,0.1269189804295712,0.920354317833068,0.027586206896551727,False
54.9216472141379,0.010983323031524904,0.1269189804295708,0.9203543178332516,0.027586206896551727,False
54.963444542152715,0.010983323031497346,0.12691898042957045,0.9203543178334354,0.027586206896551727,False
55.00524187016753,0.01098332303146979,0.1269189804295701,0.9203543178336191,0.027586206896551727,False
55.04703919818234,0.010983323031442232,0.12691898042956973,0.9203543178338028,0.027586206896551727,False
55.08883652619716,0.010983323031414674,0.1269189804295694,0.9203543178339866,0.027586206896551727,False
55.13063385421197,0.010983323031387182,0.126918980429569,0.9203543178341698,0.027586206896551727,False
55.17243118222679,0.010983323031360076,0.12691898042956865,0.9203543178343505,0.027586206896551727,False
55.214228510241604,0.010983323031332986,0.12691898042956826,0.9203543178345311,0.027586206896551727,False
55.25602583825641,0.010983323031305897,0.1269189804295679,0.9203543178347117,0.027586206896551727,False
55.29782316627123,0.010983323031278873,0.1269189804295676,0.9203543178348917,0.027586206896551727,False
55.339620494286045,0.010983323031252448,0.1269189804295672,0.9203543178350678,0.027586206896551727,False
55.381417822300854,0.010983323031226183,0.12691898042956687,0.9203543178352431,0.027586206896551727,False
55.42321515031567,0.010983323031199916,0.1269189804295665,0.9203543178354181,0.027586206896551727,False
55.46501247833049,0.01098332303117365,0.12691898042956617,0.9203543178355932,0.027586206896551727,False
55.506809806345295,0.010983323031147399,0.1269189804295658,0.9203543178357682,0.027586206896551727,False
55.54860713436012,0.010983323031121152,0.12691898042956545,0.9203543178359432,0.027586206896551727,False
55.59040446237493,0.010983323031094908,0.1269189804295651,0.9203543178361181,0.027586206896551727,False
55.63220179038974,0.010983323031068663,0.12691898042956476,0.9203543178362931,0.027586206896551727,False
55.67399911840456,0.010983323031042418,0.1269189804295644,0.9203543178364681,0.027586206896551727,False
55.715796446419375,0.010983323031016174,0.12691898042956404,0.920354317836643,0.027586206896551727,False
55.757593774434184,0.01098332303099022,0.12691898042956373,0.920354317836816,0.027586206896551727,False
55.79939110244901,0.010983323030964484,0.12691898042956334,0.9203543178369875,0.027586206896551727,False
55.841188430463816,0.010983323030938751,0.126918980429563,0.9203543178371593,0.027586206896551727,False
55.882985758478625,0.010983323030913018,0.12691898042956268,0.9203543178373308,0.027586206896551727,False
55.92478308649344,0.010983323030887433,0.12691898042956232,0.9203543178375013,0.027586206896551727,False
55.96658041450825,0.010983323030862375,0.12691898042956198,0.9203543178376682,0.027586206896551727,False
56.00837774252307,0.01098332303083739,0.12691898042956165,0.920354317837835,0.027586206896551727,False
56.05017507053788,0.010983323030812408,0.12691898042956132,0.9203543178380015,0.027586206896551727,False
56.091972398552706,0.010983323030787445,0.12691898042956098,0.9203543178381678,0.027586206896551727,False
56.133769726567515,0.010983323030762512,0.12691898042956065,0.920354317838334,0.027586206896551727,False
56.17556705458233,0.010983323030737579,0.12691898042956032,0.9203543178385003,0.027586206896551727,False
56.21736438259714,0.010983323030712647,0.12691898042955999,0.9203543178386664,0.027586206896551727,False
56.259161710611956,0.010983323030687714,0.12691898042955965,0.9203543178388326,0.027586206896551727,False
56.30095903862677,0.010983323030662781,0.12691898042955932,0.9203543178389989,0.027586206896551727,False
56.34275636664159,0.01098332303063785,0.126918980429559,0.9203543178391651,0.027586206896551727,False
56.3845536946564,0.010983323030613406,0.12691898042955868,0.9203543178393279,0.027586206896551727,False
56.42635102267121,0.010983323030589026,0.12691898042955838,0.9203543178394905,0.027586206896551727,False
56.46814835068603,0.010983323030564646,0.12691898042955801,0.920354317839653,0.027586206896551727,False
56.50994567870084,0.010983323030540266,0.12691898042955768,0.9203543178398156,0.027586206896551727,False
56.55174300671566,0.01098332303051607,0.12691898042955738,0.9203543178399768,0.027586206896551727,False
56.59354033473046,0.010983323030492273,0.12691898042955707,0.9203543178401355,0.027586206896551727,False
56.635337662745286,0.010983323030468542,0.12691898042955674,0.9203543178402938,0.027586206896551727,False
56.6771349907601,0.010983323030444882,0.12691898042955643,0.9203543178404514,0.027586206896551727,False
56.71893231877491,0.010983323030421255,0.1269189804295561,0.9203543178406088,0.027586206896551727,False
56.76072964678973,0.010983323030397634,0.12691898042955582,0.9203543178407663,0.027586206896551727,False
56.80252697480455,0.010983323030374014,0.12691898042955546,0.9203543178409237,0.027586206896551727,False
56.84432430281935,0.010983323030350394,0.12691898042955518,0.9203543178410812,0.027586206896551727,False
56.886121630834175,0.010983323030326774,0.12691898042955482,0.9203543178412387,0.027586206896551727,False
56.92791895884899,0.010983323030303152,0.12691898042955455,0.9203543178413961,0.027586206896551727,False
56.9697162868638,0.010983323030279598,0.1269189804295542,0.9203543178415532,0.027586206896551727,False
57.011513614878616,0.010983323030256571,0.1269189804295539,0.9203543178417067,0.027586206896551727,False
57.05331094289342,0.010983323030233548,0.12691898042955363,0.9203543178418602,0.027586206896551727,False
57.09510827090824,0.010983323030210521,0.1269189804295533,0.9203543178420137,0.027586206896551727,False
57.13690559892306,0.010983323030187496,0.126918980429553,0.9203543178421671,0.027586206896551727,False
57.17870292693787,0.010983323030164598,0.12691898042955269,0.9203543178423198,0.027586206896551727,False
57.22050025495268,0.010983323030142073,0.12691898042955238,0.92035431784247,0.027586206896551727,False
57.262297582967506,0.010983323030119662,0.1269189804295521,0.9203543178426193,0.027586206896551727,False
57.30409491098231,0.010983323030097292,0.1269189804295518,0.9203543178427684,0.027586206896551727,False
57.34589223899713,0.010983323030074979,0.1269189804295515,0.9203543178429172,0.027586206896551727,False
57.38768956701194,0.010983323030052663,0.12691898042955121,0.920354317843066,0.027586206896551727,False
57.429486895026756,0.010983323030030346,0.1269189804295509,0.9203543178432148,0.027586206896551727,False
57.47128422304157,0.010983323030008032,0.12691898042955058,0.9203543178433635,0.027586206896551727,False
57.51308155105639,0.010983323029985724,0.1269189804295503,0.9203543178435123,0.027586206896551727,False
57.5548788790712,0.010983323029963417,0.12691898042955,0.9203543178436611,0.027586206896551727,False
57.596676207086006,0.010983323029941108,0.1269189804295497,0.9203543178438097,0.027586206896551727,False
57.63847353510083,0.0109833230299188,0.1269189804295494,0.9203543178439584,0.027586206896551727,False
57.68027086311564,0.010983323029896491,0.1269189804295491,0.9203543178441072,0.027586206896551727,False
57.722068191130454,0.010983323029874183,0.1269189804295488,0.9203543178442559,0.027586206896551727,False
57.76386551914527,0.010983323029852278,0.12691898042954852,0.9203543178444019,0.027586206896551727,False
57.805662847160086,0.010983323029830608,0.12691898042954824,0.9203543178445464,0.027586206896551727,False
57.847460175174895,0.010983323029808938,0.12691898042954797,0.9203543178446907,0.027586206896551727,False
57.88925750318972,0.010983323029787268,0.12691898042954766,0.9203543178448352,0.027586206896551727,False
57.93105483120453,0.010983323029765596,0.12691898042954736,0.9203543178449797,0.027586206896551727,False
57.97285215921934,0.010983323029744037,0.12691898042954708,0.9203543178451234,0.027586206896551727,False
58.01464948723416,0.010983323029722906,0.1269189804295468,0.9203543178452642,0.027586206896551727,False
58.05644681524897,0.01098332302970189,0.1269189804295465,0.9203543178454043,0.027586206896551727,False
58.098244143263784,0.010983323029680882,0.12691898042954625,0.9203543178455444,0.027586206896551727,False
58.14004147127861,0.010983323029659877,0.12691898042954597,0.9203543178456844,0.027586206896551727,False
58.18183879929341,0.010983323029638878,0.12691898042954566,0.9203543178458246,0.027586206896551727,False
58.223636127308225,0.010983323029617882,0.1269189804295454,0.9203543178459644,0.027586206896551727,False
58.26543345532305,0.010983323029596885,0.1269189804295451,0.9203543178461043,0.027586206896551727,False
58.30723078333785,0.01098332302957589,0.12691898042954483,0.9203543178462443,0.027586206896551727,False
58.34902811135267,0.010983323029554895,0.12691898042954455,0.9203543178463842,0.027586206896551727,False
58.390825439367475,0.010983323029533925,0.1269189804295443,0.9203543178465241,0.027586206896551727,False
58.4326227673823,0.010983323029513449,0.126918980429544,0.9203543178466607,0.027586206896551727,False
58.474420095397114,0.010983323029493133,0.12691898042954375,0.9203543178467961,0.027586206896551727,False
58.51621742341192,0.010983323029472818,0.12691898042954347,0.9203543178469313,0.027586206896551727,False
58.55801475142674,0.0109833230294525,0.12691898042954317,0.9203543178470668,0.027586206896551727,False
58.59981207944156,0.010983323029432187,0.12691898042954292,0.9203543178472022,0.027586206896551727,False
58.641609407456365,0.01098332302941205,0.12691898042954267,0.9203543178473366,0.027586206896551727,False
58.68340673547119,0.010983323029392285,0.1269189804295424,0.9203543178474684,0.027586206896551727,False
58.725204063486,0.010983323029372589,0.1269189804295421,0.9203543178475997,0.027586206896551727,False
58.767001391500806,0.010983323029352895,0.12691898042954186,0.9203543178477308,0.027586206896551727,False
58.80879871951563,0.010983323029333199,0.1269189804295416,0.9203543178478623,0.027586206896551727,False
58.85059604753044,0.010983323029313501,0.12691898042954133,0.9203543178479934,0.027586206896551727,False
58.892393375545254,0.010983323029293807,0.12691898042954108,0.9203543178481248,0.027586206896551727,False
58.93419070356007,0.01098332302927411,0.12691898042954083,0.9203543178482562,0.027586206896551727,False
58.975988031574886,0.010983323029254413,0.12691898042954056,0.9203543178483873,0.027586206896551727,False
59.017785359589695,0.010983323029234724,0.1269189804295403,0.9203543178485187,0.027586206896551727,False
59.05958268760451,0.01098332302921504,0.12691898042954006,0.9203543178486498,0.027586206896551727,False
59.10138001561933,0.010983323029195356,0.12691898042953978,0.9203543178487811,0.027586206896551727,False
59.14317734363414,0.010983323029175672,0.12691898042953947,0.9203543178489122,0.027586206896551727,False
59.18497467164895,0.010983323029155988,0.12691898042953922,0.9203543178490434,0.027586206896551727,False
59.226771999663775,0.010983323029136304,0.12691898042953895,0.9203543178491748,0.027586206896551727,False
59.268569327678584,0.010983323029116691,0.1269189804295387,0.9203543178493054,0.027586206896551727,False
59.31036665569339,0.010983323029097707,0.12691898042953845,0.920354317849432,0.027586206896551727,False
59.352163983708216,0.010983323029078744,0.1269189804295382,0.9203543178495583,0.027586206896551727,False
59.39396131172302,0.010983323029059786,0.12691898042953798,0.9203543178496847,0.027586206896551727,False
59.43575863973784,0.010983323029040823,0.1269189804295377,0.9203543178498113,0.027586206896551727,False
59.47755596775265,0.010983323029021863,0.12691898042953745,0.9203543178499377,0.027586206896551727,False
59.519353295767466,0.010983323029002998,0.1269189804295372,0.9203543178500633,0.027586206896551727,False
59.56115062378228,0.010983323028984478,0.12691898042953695,0.9203543178501868,0.027586206896551727,False
59.602947951797105,0.010983323028966095,0.1269189804295367,0.9203543178503094,0.027586206896551727,False
59.64474527981191,0.01098332302894771,0.12691898042953645,0.9203543178504319,0.027586206896551727,False
59.68654260782673,0.010983323028929329,0.12691898042953623,0.9203543178505545,0.027586206896551727,False
59.72833993584153,0.010983323028910943,0.12691898042953598,0.920354317850677,0.027586206896551727,False
59.770137263856356,0.010983323028892558,0.12691898042953573,0.9203543178507995,0.027586206896551727,False
59.81193459187117,0.010983323028874175,0.12691898042953548,0.9203543178509221,0.027586206896551727,False
59.85373191988598,0.01098332302885579,0.12691898042953523,0.9203543178510447,0.027586206896551727,False
59.8955292479008,0.010983323028837406,0.12691898042953498,0.9203543178511673,0.027586206896551727,False
59.93732657591561,0.010983323028819022,0.12691898042953476,0.9203543178512898,0.027586206896551727,False
59.97912390393042,0.010983323028800637,0.12691898042953448,0.9203543178514123,0.027586206896551727,False
60.02092123194524,0.010983323028782254,0.12691898042953426,0.920354317851535,0.027586206896551727,False
60.062718559960054,0.010983323028763873,0.126918980429534,0.9203543178516574,0.027586206896551727,False
60.10451588797486,0.0109833230287455,0.12691898042953376,0.9203543178517799,0.027586206896551727,False
60.146313215989686,0.010983323028727128,0.12691898042953353,0.9203543178519025,0.027586206896551727,False
60.188110544004495,0.010983323028708757,0.12691898042953328,0.9203543178520249,0.027586206896551727,False
60.22990787201931,0.010983323028690385,0.126918980429533,0.9203543178521474,0.027586206896551727,False
60.27170520003413,0.010983323028672014,0.12691898042953279,0.9203543178522697,0.027586206896551727,False
60.31350252804894,0.010983323028653642,0.12691898042953254,0.9203543178523922,0.027586206896551727,False
60.35529985606375,0.01098332302863577,0.1269189804295323,0.9203543178525114,0.027586206896551727,False
60.39709718407857,0.01098332302861816,0.12691898042953204,0.9203543178526289,0.027586206896551727,False
60.438894512093384,0.010983323028600552,0.1269189804295318,0.9203543178527461,0.027586206896551727,False
60.48069184010819,0.010983323028582945,0.12691898042953162,0.9203543178528637,0.027586206896551727,False
60.52248916812301,0.010983323028565336,0.12691898042953134,0.9203543178529809,0.027586206896551727,False
60.56428649613782,0.01098332302854773,0.12691898042953112,0.9203543178530983,0.027586206896551727,False
60.60608382415264,0.010983323028530124,0.1269189804295309,0.9203543178532158,0.027586206896551727,False
60.64788115216745,0.010983323028512538,0.12691898042953065,0.9203543178533329,0.027586206896551727,False
60.68967848018227,0.010983323028495227,0.12691898042953043,0.9203543178534483,0.027586206896551727,False
60.731475808197075,0.010983323028478079,0.1269189804295302,0.9203543178535627,0.027586206896551727,False
60.7732731362119,0.010983323028460954,0.12691898042952998,0.9203543178536768,0.027586206896551727,False
60.81507046422671,0.010983323028443893,0.12691898042952976,0.9203543178537904,0.027586206896551727,False
60.85686779224152,0.010983323028426834,0.12691898042952948,0.9203543178539042,0.027586206896551727,False
60.89866512025634,0.010983323028409774,0.12691898042952926,0.920354317854018,0.027586206896551727,False
60.940462448271155,0.010983323028392715,0.12691898042952907,0.9203543178541317,0.027586206896551727,False
60.982259776285964,0.010983323028375656,0.12691898042952882,0.9203543178542454,0.027586206896551727,False
61.02405710430079,0.0109833230283586,0.1269189804295286,0.9203543178543591,0.027586206896551727,False
61.06585443231559,0.010983323028341907,0.12691898042952837,0.9203543178544704,0.027586206896551727,False
61.107651760330405,0.010983323028325508,0.12691898042952818,0.9203543178545798,0.027586206896551727,False
61.14944908834523,0.010983323028309252,0.12691898042952793,0.920354317854688,0.027586206896551727,False
61.19124641636003,0.010983323028292994,0.1269189804295277,0.9203543178547964,0.027586206896551727,False
61.233043744374854,0.01098332302827674,0.1269189804295275,0.9203543178549048,0.027586206896551727,False
61.27484107238967,0.010983323028260489,0.12691898042952732,0.9203543178550131,0.027586206896551727,False
61.31663840040448,0.010983323028244238,0.1269189804295271,0.9203543178551216,0.027586206896551727,False
61.358435728419295,0.010983323028227984,0.12691898042952687,0.9203543178552298,0.027586206896551727,False
61.40023305643412,0.010983323028211731,0.12691898042952665,0.9203543178553382,0.027586206896551727,False
61.44203038444892,0.010983323028195482,0.12691898042952643,0.9203543178554464,0.027586206896551727,False
61.48382771246374,0.010983323028179377,0.1269189804295262,0.9203543178555539,0.027586206896551727,False
61.52562504047855,0.01098332302816354,0.126918980429526,0.9203543178556594,0.027586206896551727,False
61.56742236849337,0.010983323028147784,0.1269189804295258,0.9203543178557645,0.027586206896551727,False
61.609219696508184,0.01098332302813203,0.12691898042952557,0.9203543178558694,0.027586206896551727,False
61.651017024522986,0.010983323028116275,0.12691898042952537,0.9203543178559745,0.027586206896551727,False
61.69281435253781,0.01098332302810052,0.12691898042952515,0.9203543178560796,0.027586206896551727,False
61.73461168055262,0.010983323028084763,0.12691898042952496,0.9203543178561845,0.027586206896551727,False
61.77640900856744,0.010983323028069009,0.12691898042952474,0.9203543178562896,0.027586206896551727,False
61.81820633658225,0.010983323028053254,0.12691898042952454,0.9203543178563947,0.027586206896551727,False
61.860003664597066,0.010983323028037499,0.12691898042952432,0.9203543178564996,0.027586206896551727,False
61.901800992611875,0.010983323028021753,0.1269189804295241,0.9203543178566047,0.027586206896551727,False
61.9435983206267,0.010983323028006005,0.1269189804295239,0.9203543178567096,0.027586206896551727,False
61.98539564864151,0.010983323027990259,0.12691898042952368,0.9203543178568145,0.027586206896551727,False
62.02719297665632,0.010983323027974511,0.12691898042952346,0.9203543178569196,0.027586206896551727,False
62.06899030467113,0.010983323027958765,0.1269189804295233,0.9203543178570245,0.027586206896551727,False
62.110787632685955,0.010983323027943174,0.12691898042952307,0.9203543178571285,0.027586206896551727,False
62.152584960700764,0.010983323027928017,0.12691898042952288,0.9203543178572295,0.027586206896551727,False
62.19438228871557,0.01098332302791301,0.12691898042952265,0.9203543178573295,0.027586206896551727,False
62.236179616730396,0.01098332302789811,0.12691898042952246,0.9203543178574288,0.027586206896551727,False
62.277976944745205,0.01098332302788321,0.1269189804295223,0.9203543178575282,0.027586206896551727,False
62.31977427276002,0.010983323027868308,0.12691898042952204,0.9203543178576274,0.027586206896551727,False
62.36157160077484,0.010983323027853409,0.12691898042952188,0.9203543178577269,0.027586206896551727,False
62.403368928789654,0.010983323027838504,0.12691898042952166,0.9203543178578262,0.027586206896551727,False
62.44516625680446,0.010983323027823604,0.12691898042952146,0.9203543178579255,0.027586206896551727,False
62.486963584819286,0.010983323027808705,0.12691898042952127,0.9203543178580248,0.027586206896551727,False
62.52876091283409,0.010983323027793802,0.12691898042952104,0.9203543178581242,0.027586206896551727,False
62.57055824084891,0.010983323027778902,0.12691898042952088,0.9203543178582235,0.027586206896551727,False
62.61235556886373,0.010983323027764003,0.12691898042952068,0.9203543178583229,0.027586206896551727,False
62.654152896878536,0.0109833230277491,0.12691898042952046,0.9203543178584221,0.027586206896551727,False
62.69595022489335,0.010983323027734198,0.12691898042952027,0.9203543178585215,0.027586206896551727,False
62.737747552908175,0.010983323027719295,0.12691898042952005,0.9203543178586209,0.027586206896551727,False
62.77954488092298,0.010983323027704396,0.12691898042951988,0.9203543178587202,0.027586206896551727,False
62.82134220893779,0.010983323027689496,0.12691898042951968,0.9203543178588195,0.027586206896551727,False
62.86313953695261,0.010983323027674595,0.12691898042951946,0.9203543178589187,0.027586206896551727,False
62.90493686496742,0.010983323027659694,0.12691898042951927,0.9203543178590181,0.027586206896551727,False
62.94673419298224,0.010983323027644794,0.1269189804295191,0.9203543178591176,0.027586206896551727,False
62.98853152099704,0.010983323027629895,0.12691898042951888,0.9203543178592168,0.027586206896551727,False
63.030328849011866,0.010983323027614999,0.12691898042951869,0.9203543178593161,0.027586206896551727,False
63.07212617702668,0.010983323027600097,0.12691898042951846,0.9203543178594153,0.027586206896551727,False
63.1139235050415,0.0109833230275852,0.1269189804295183,0.9203543178595148,0.027586206896551727,False
63.15572083305631,0.010983323027570303,0.1269189804295181,0.9203543178596142,0.027586206896551727,False
63.19751816107112,0.010983323027555492,0.12691898042951788,0.9203543178597128,0.027586206896551727,False
63.23931548908593,0.010983323027541054,0.12691898042951769,0.9203543178598091,0.027586206896551727,False
63.281112817100755,0.01098332302752662,0.1269189804295175,0.9203543178599054,0.027586206896551727,False
63.322910145115564,0.010983323027512185,0.12691898042951733,0.9203543178600015,0.027586206896551727,False
63.36470747313037,0.01098332302749775,0.12691898042951713,0.9203543178600978,0.027586206896551727,False
63.406504801145196,0.010983323027483316,0.1269189804295169,0.920354317860194,0.027586206896551727,False
63.448302129160005,0.010983323027468997,0.12691898042951671,0.9203543178602894,0.027586206896551727,False
63.49009945717482,0.010983323027455145,0.12691898042951655,0.9203543178603818,0.027586206896551727,False
63.53189678518963,0.010983323027441518,0.12691898042951635,0.9203543178604726,0.027586206896551727,False
63.57369411320445,0.010983323027427971,0.12691898042951616,0.9203543178605629,0.027586206896551727,False
63.61549144121926,0.010983323027414426,0.12691898042951602,0.9203543178606532,0.027586206896551727,False
63.65728876923408,0.01098332302740088,0.12691898042951583,0.9203543178607435,0.027586206896551727,False
63.699086097248895,0.010983323027387332,0.12691898042951566,0.9203543178608339,0.027586206896551727,False
63.74088342526371,0.010983323027373785,0.12691898042951547,0.9203543178609241,0.027586206896551727,False
63.78268075327852,0.010983323027360237,0.12691898042951527,0.9203543178610144,0.027586206896551727,False
63.82447808129334,0.010983323027346692,0.1269189804295151,0.9203543178611047,0.027586206896551727,False
63.866275409308145,0.010983323027333144,0.1269189804295149,0.920354317861195,0.027586206896551727,False
63.90807273732297,0.010983323027319598,0.12691898042951474,0.9203543178612853,0.027586206896551727,False
63.949870065337784,0.010983323027306051,0.12691898042951455,0.9203543178613756,0.027586206896551727,False
63.991667393352586,0.010983323027292508,0.12691898042951438,0.9203543178614658,0.027586206896551727,False
64.03346472136741,0.010983323027278962,0.12691898042951422,0.9203543178615562,0.027586206896551727,False
64.07526204938222,0.010983323027265414,0.12691898042951402,0.9203543178616467,0.027586206896551727,False
64.11705937739704,0.010983323027251867,0.12691898042951386,0.9203543178617369,0.027586206896551727,False
64.15885670541185,0.010983323027238324,0.12691898042951366,0.9203543178618272,0.027586206896551727,False
64.20065403342667,0.01098332302722478,0.12691898042951347,0.9203543178619175,0.027586206896551727,False
64.24245136144148,0.010983323027211235,0.1269189804295133,0.9203543178620078,0.027586206896551727,False
64.28424868945629,0.01098332302719769,0.1269189804295131,0.9203543178620981,0.027586206896551727,False
64.3260460174711,0.010983323027184149,0.12691898042951297,0.9203543178621882,0.027586206896551727,False
64.36784334548592,0.010983323027170666,0.12691898042951277,0.9203543178622782,0.027586206896551727,False
64.40964067350073,0.010983323027157542,0.12691898042951258,0.9203543178623657,0.027586206896551727,False
64.45143800151556,0.01098332302714442,0.1269189804295124,0.9203543178624531,0.027586206896551727,False
64.49323532953036,0.010983323027131297,0.12691898042951222,0.9203543178625406,0.027586206896551727,False
64.53503265754517,0.010983323027118174,0.12691898042951205,0.920354317862628,0.027586206896551727,False
64.57682998556,0.010983323027105052,0.12691898042951189,0.9203543178627155,0.027586206896551727,False
64.6186273135748,0.010983323027092297,0.1269189804295117,0.9203543178628006,0.027586206896551727,False
64.66042464158963,0.010983323027080107,0.12691898042951155,0.9203543178628819,0.027586206896551727,False
64.70222196960442,0.010983323027067917,0.1269189804295114,0.9203543178629631,0.027586206896551727,False
64.74401929761925,0.010983323027055724,0.12691898042951122,0.9203543178630443,0.027586206896551727,False
64.78581662563407,0.010983323027043532,0.12691898042951105,0.9203543178631257,0.027586206896551727,False
64.82761395364888,0.010983323027031339,0.12691898042951089,0.920354317863207,0.027586206896551727,False
64.86941128166369,0.010983323027019149,0.12691898042951075,0.9203543178632883,0.027586206896551727,False
64.91120860967851,0.010983323027006957,0.12691898042951058,0.9203543178633694,0.027586206896551727,False
64.95300593769332,0.010983323026994762,0.12691898042951041,0.9203543178634508,0.027586206896551727,False
64.99480326570814,0.010983323026982574,0.12691898042951025,0.9203543178635321,0.027586206896551727,False
65.03660059372295,0.01098332302697038,0.12691898042951005,0.9203543178636132,0.027586206896551727,False
65.07839792173776,0.01098332302695819,0.12691898042950991,0.9203543178636945,0.027586206896551727,False
65.12019524975258,0.010983323026945999,0.12691898042950978,0.920354317863776,0.027586206896551727,False
65.16199257776738,0.010983323026933806,0.12691898042950958,0.9203543178638571,0.027586206896551727,False
65.2037899057822,0.010983323026921616,0.12691898042950944,0.9203543178639384,0.027586206896551727,False
65.24558723379702,0.010983323026909424,0.12691898042950928,0.9203543178640196,0.027586206896551727,False
65.28738456181183,0.01098332302689723,0.1269189804295091,0.920354317864101,0.027586206896551727,False
65.32918188982664,0.01098332302688504,0.12691898042950897,0.9203543178641822,0.027586206896551727,False
65.37097921784147,0.010983323026872846,0.12691898042950878,0.9203543178642635,0.027586206896551727,False
65.41277654585627,0.010983323026860656,0.1269189804295086,0.9203543178643446,0.027586206896551727,False
65.4545738738711,0.010983323026848466,0.12691898042950847,0.9203543178644261,0.027586206896551727,False
65.4963712018859,0.01098332302683627,0.1269189804295083,0.9203543178645073,0.027586206896551727,False
65.53816852990073,0.01098332302682408,0.12691898042950814,0.9203543178645885,0.027586206896551727,False
65.57996585791554,0.010983323026811887,0.12691898042950797,0.9203543178646699,0.027586206896551727,False
65.62176318593035,0.010983323026799696,0.1269189804295078,0.9203543178647512,0.027586206896551727,False
65.66356051394516,0.010983323026787506,0.12691898042950767,0.9203543178648325,0.027586206896551727,False
65.70535784195997,0.010983323026775313,0.12691898042950747,0.9203543178649136,0.027586206896551727,False
65.74715516997479,0.010983323026763123,0.12691898042950733,0.9203543178649949,0.027586206896551727,False
65.7889524979896,0.010983323026750928,0.12691898042950714,0.9203543178650763,0.027586206896551727,False
65.83074982600442,0.010983323026738738,0.126918980429507,0.9203543178651575,0.027586206896551727,False
65.87254715401923,0.010983323026726548,0.12691898042950683,0.9203543178652387,0.027586206896551727,False
65.91434448203405,0.010983323026714353,0.12691898042950667,0.9203543178653202,0.027586206896551727,False
65.95614181004886,0.010983323026702163,0.12691898042950653,0.9203543178654013,0.027586206896551727,False
65.99793913806369,0.01098332302668997,0.12691898042950633,0.9203543178654826,0.027586206896551727,False
66.03973646607848,0.010983323026677778,0.12691898042950617,0.9203543178655638,0.027586206896551727,False
66.0815337940933,0.010983323026665588,0.12691898042950603,0.9203543178656453,0.027586206896551727,False
66.12333112210813,0.010983323026653394,0.12691898042950583,0.9203543178657264,0.027586206896551727,False
66.16512845012294,0.010983323026641203,0.1269189804295057,0.9203543178658077,0.027586206896551727,False
66.20692577813774,0.010983323026629013,0.12691898042950553,0.920354317865889,0.027586206896551727,False
66.24872310615257,0.010983323026616825,0.12691898042950536,0.9203543178659701,0.027586206896551727,False
66.29052043416738,0.010983323026604635,0.12691898042950522,0.9203543178660516,0.027586206896551727,False
66.33231776218219,0.010983323026592445,0.12691898042950503,0.9203543178661328,0.027586206896551727,False
66.37411509019701,0.010983323026580257,0.1269189804295049,0.920354317866214,0.027586206896551727,False
66.41591241821182,0.010983323026568069,0.1269189804295047,0.9203543178662952,0.027586206896551727,False
66.45770974622664,0.010983323026556139,0.12691898042950456,0.9203543178663748,0.027586206896551727,False
66.49950707424144,0.010983323026544327,0.1269189804295044,0.9203543178664534,0.027586206896551727,False
66.54130440225626,0.010983323026532517,0.12691898042950425,0.9203543178665322,0.027586206896551727,False
66.58310173027108,0.010983323026520707,0.12691898042950409,0.9203543178666109,0.027586206896551727,False
66.62489905828589,0.010983323026508897,0.12691898042950392,0.9203543178666896,0.027586206896551727,False
66.6666963863007,0.010983323026497268,0.12691898042950378,0.9203543178667672,0.027586206896551727,False
66.70849371431552,0.010983323026486221,0.12691898042950361,0.9203543178668409,0.027586206896551727,False
66.75029104233033,0.010983323026475322,0.12691898042950348,0.9203543178669136,0.027586206896551727,False
66.79208837034514,0.010983323026464485,0.12691898042950334,0.9203543178669857,0.027586206896551727,False
66.83388569835996,0.010983323026453648,0.1269189804295032,0.9203543178670581,0.027586206896551727,False
66.87568302637477,0.01098332302644281,0.12691898042950303,0.9203543178671303,0.027586206896551727,False
66.9174803543896,0.010983323026431973,0.1269189804295029,0.9203543178672025,0.027586206896551727,False
66.9592776824044,0.010983323026421136,0.12691898042950273,0.9203543178672747,0.027586206896551727,False
67.00107501041921,0.010983323026410302,0.12691898042950261,0.9203543178673469,0.027586206896551727,False
67.04287233843402,0.010983323026399464,0.12691898042950248,0.9203543178674193,0.027586206896551727,False
67.08466966644885,0.010983323026388625,0.12691898042950234,0.9203543178674914,0.027586206896551727,False
67.12646699446367,0.01098332302637779,0.1269189804295022,0.9203543178675637,0.027586206896551727,False
67.16826432247848,0.010983323026366952,0.12691898042950203,0.9203543178676359,0.027586206896551727,False
67.21006165049329,0.010983323026356113,0.1269189804295019,0.9203543178677083,0.027586206896551727,False
67.25185897850811,0.010983323026345278,0.12691898042950173,0.9203543178677804,0.027586206896551727,False
67.29365630652292,0.01098332302633444,0.1269189804295016,0.9203543178678526,0.027586206896551727,False
67.33545363453774,0.010983323026323601,0.12691898042950145,0.9203543178679249,0.027586206896551727,False
67.37725096255254,0.010983323026312764,0.1269189804295013,0.920354317867997,0.027586206896551727,False
67.41904829056735,0.010983323026301929,0.1269189804295012,0.9203543178680694,0.027586206896551727,False
67.46084561858217,0.010983323026291092,0.12691898042950103,0.9203543178681416,0.027586206896551727,False
67.50264294659699,0.010983323026280255,0.1269189804295009,0.920354317868214,0.027586206896551727,False
67.5444402746118,0.010983323026269417,0.12691898042950076,0.9203543178682861,0.027586206896551727,False
67.58623760262662,0.01098332302625858,0.1269189804295006,0.9203543178683584,0.027586206896551727,False
67.62803493064143,0.010983323026247743,0.12691898042950045,0.9203543178684306,0.027586206896551727,False
67.66983225865624,0.010983323026236905,0.12691898042950028,0.920354317868503,0.027586206896551727,False
67.71162958667107,0.010983323026226068,0.12691898042950014,0.9203543178685751,0.027586206896551727,False
67.75342691468587,0.010983323026215231,0.1269189804295,0.9203543178686473,0.027586206896551727,False
67.7952242427007,0.010983323026204393,0.12691898042949987,0.9203543178687196,0.027586206896551727,False
67.83702157071549,0.010983323026193556,0.1269189804294997,0.9203543178687917,0.027586206896551727,False
67.87881889873032,0.010983323026182722,0.1269189804294996,0.9203543178688641,0.027586206896551727,False
67.92061622674512,0.010983323026171886,0.12691898042949945,0.9203543178689363,0.027586206896551727,False
67.96241355475995,0.010983323026161045,0.12691898042949928,0.9203543178690087,0.027586206896551727,False
68.00421088277477,0.010983323026150208,0.12691898042949915,0.9203543178690808,0.027586206896551727,False
68.04600821078958,0.010983323026139373,0.126918980429499,0.920354317869153,0.027586206896551727,False
68.08780553880439,0.010983323026128535,0.12691898042949887,0.9203543178692253,0.027586206896551727,False
68.1296028668192,0.0109833230261177,0.1269189804294987,0.9203543178692974,0.027586206896551727,False
68.17140019483402,0.010983323026106866,0.12691898042949856,0.9203543178693698,0.027586206896551727,False
68.21319752284883,0.010983323026096028,0.1269189804294984,0.920354317869442,0.027586206896551727,False
68.25499485086365,0.010983323026085194,0.12691898042949826,0.9203543178695142,0.027586206896551727,False
68.29679217887845,0.010983323026074363,0.12691898042949812,0.9203543178695864,0.027586206896551727,False
68.33858950689327,0.010983323026063646,0.126918980429498,0.9203543178696579,0.027586206896551727,False
68.38038683490808,0.010983323026053147,0.12691898042949787,0.9203543178697279,0.027586206896551727,False
68.4221841629229,0.01098332302604265,0.1269189804294977,0.9203543178697977,0.027586206896551727,False
68.46398149093773,0.010983323026032152,0.12691898042949756,0.9203543178698677,0.027586206896551727,False
68.50577881895252,0.010983323026021653,0.12691898042949742,0.9203543178699378,0.027586206896551727,False
68.54757614696734,0.010983323026011325,0.1269189804294973,0.9203543178700067,0.027586206896551727,False
68.58937347498215,0.010983323026001537,0.12691898042949715,0.9203543178700718,0.027586206896551727,False
68.63117080299698,0.010983323025992055,0.12691898042949704,0.9203543178701351,0.027586206896551727,False
68.67296813101179,0.01098332302598257,0.1269189804294969,0.9203543178701984,0.027586206896551727,False
68.71476545902661,0.01098332302597309,0.12691898042949679,0.9203543178702615,0.027586206896551727,False
68.7565627870414,0.010983323025963608,0.12691898042949668,0.9203543178703247,0.027586206896551727,False
68.79836011505623,0.010983323025954122,0.12691898042949654,0.920354317870388,0.027586206896551727,False
68.84015744307105,0.01098332302594464,0.12691898042949643,0.9203543178704511,0.027586206896551727,False
68.88195477108586,0.010983323025935156,0.12691898042949626,0.9203543178705144,0.027586206896551727,False
68.92375209910068,0.010983323025925676,0.12691898042949615,0.9203543178705776,0.027586206896551727,False
68.96554942711549,0.01098332302591619,0.126918980429496,0.9203543178706407,0.027586206896551727,False
69.0073467551303,0.01098332302590671,0.1269189804294959,0.920354317870704,0.027586206896551727,False
69.04914408314512,0.010983323025897229,0.1269189804294958,0.9203543178707673,0.027586206896551727,False
69.09094141115993,0.010983323025887747,0.12691898042949565,0.9203543178708304,0.027586206896551727,False
69.13273873917474,0.010983323025878265,0.12691898042949554,0.9203543178708937,0.027586206896551727,False
69.17453606718955,0.010983323025868779,0.12691898042949537,0.9203543178709569,0.027586206896551727,False
69.21633339520437,0.010983323025859299,0.12691898042949526,0.9203543178710201,0.027586206896551727,False
69.25813072321918,0.010983323025849819,0.12691898042949515,0.9203543178710833,0.027586206896551727,False
69.299928051234,0.010983323025840333,0.126918980429495,0.9203543178711466,0.027586206896551727,False
69.34172537924883,0.010983323025830853,0.1269189804294949,0.9203543178712097,0.027586206896551727,False
69.38352270726364,0.010983323025821367,0.12691898042949476,0.920354317871273,0.027586206896551727,False
69.42532003527845,0.010983323025811885,0.12691898042949465,0.920354317871336,0.027586206896551727,False
69.46711736329326,0.010983323025802402,0.12691898042949448,0.9203543178713993,0.027586206896551727,False
69.50891469130808,0.010983323025792921,0.12691898042949437,0.9203543178714626,0.027586206896551727,False
69.55071201932289,0.010983323025783441,0.12691898042949426,0.9203543178715258,0.027586206896551727,False
69.59250934733771,0.010983323025773956,0.12691898042949412,0.920354317871589,0.027586206896551727,False
69.6343066753525,0.010983323025764475,0.126918980429494,0.9203543178716523,0.027586206896551727,False
69.67610400336733,0.01098332302575499,0.12691898042949387,0.9203543178717154,0.027586206896551727,False
69.71790133138214,0.010983323025745508,0.12691898042949376,0.9203543178717787,0.027586206896551727,False
69.75969865939696,0.010983323025736028,0.12691898042949365,0.9203543178718417,0.027586206896551727,False
69.80149598741178,0.010983323025726544,0.12691898042949348,0.920354317871905,0.027586206896551727,False
69.84329331542658,0.010983323025717062,0.12691898042949337,0.9203543178719683,0.027586206896551727,False
69.8850906434414,0.010983323025707576,0.12691898042949323,0.9203543178720316,0.027586206896551727,False
69.92688797145621,0.010983323025698096,0.12691898042949312,0.9203543178720947,0.027586206896551727,False
69.96868529947103,0.010983323025688612,0.12691898042949298,0.9203543178721579,0.027586206896551727,False
70.01048262748584,0.010983323025679132,0.12691898042949287,0.9203543178722211,0.027586206896551727,False
70.05227995550067,0.01098332302566965,0.12691898042949276,0.9203543178722844,0.027586206896551727,False
70.09407728351546,0.010983323025660165,0.1269189804294926,0.9203543178723476,0.027586206896551727,False
70.13587461153028,0.010983323025650684,0.12691898042949248,0.9203543178724107,0.027586206896551727,False
70.1776719395451,0.010983323025641199,0.12691898042949235,0.920354317872474,0.027586206896551727,False
70.21946926755992,0.010983323025631719,0.12691898042949223,0.9203543178725373,0.027586206896551727,False
70.26126659557474,0.010983323025622238,0.12691898042949212,0.9203543178726004,0.027586206896551727,False
70.30306392358953,0.010983323025612755,0.12691898042949198,0.9203543178726636,0.027586206896551727,False
70.34486125160436,0.010983323025603271,0.12691898042949185,0.9203543178727269,0.027586206896551727,False
70.38665857961917,0.010983323025593789,0.1269189804294917,0.92035431787279,0.027586206896551727,False
70.42845590763399,0.010983323025584307,0.1269189804294916,0.9203543178728533,0.027586206896551727,False
70.4702532356488,0.010983323025574821,0.12691898042949146,0.9203543178729165,0.027586206896551727,False
70.5120505636636,0.010983323025565341,0.12691898042949135,0.9203543178729796,0.027586206896551727,False
70.55384789167842,0.010983323025555861,0.12691898042949123,0.9203543178730429,0.027586206896551727,False
70.59564521969324,0.010983323025546375,0.1269189804294911,0.9203543178731061,0.027586206896551727,False
70.63744254770806,0.010983323025536895,0.12691898042949096,0.9203543178731693,0.027586206896551727,False
70.67923987572289,0.010983323025527413,0.12691898042949082,0.9203543178732325,0.027586206896551727,False
70.7210372037377,0.010983323025517935,0.1269189804294907,0.9203543178732957,0.027586206896551727,False
70.7628345317525,0.010983323025508456,0.1269189804294906,0.920354317873359,0.027586206896551727,False
70.80463185976731,0.010983323025498972,0.12691898042949046,0.920354317873422,0.027586206896551727,False
70.84642918778212,0.010983323025489497,0.12691898042949035,0.9203543178734853,0.027586206896551727,False
70.88822651579694,0.010983323025480206,0.12691898042949018,0.9203543178735472,0.027586206896551727,False
70.93002384381175,0.01098332302547102,0.12691898042949007,0.9203543178736083,0.027586206896551727,False
70.97182117182656,0.010983323025461835,0.12691898042948996,0.9203543178736696,0.027586206896551727,False
71.01361849984139,0.01098332302545265,0.12691898042948982,0.9203543178737309,0.027586206896551727,False
71.0554158278562,0.010983323025443465,0.1269189804294897,0.9203543178737921,0.027586206896551727,False
71.09721315587102,0.010983323025434836,0.1269189804294896,0.9203543178738497,0.027586206896551727,False
71.13901048388584,0.010983323025426562,0.1269189804294895,0.9203543178739048,0.027586206896551727,False
71.18080781190064,0.010983323025418431,0.12691898042948938,0.9203543178739589,0.027586206896551727,False
71.22260513991546,0.010983323025410304,0.12691898042948926,0.9203543178740132,0.027586206896551727,False
71.26440246793027,0.010983323025402175,0.12691898042948915,0.9203543178740674,0.027586206896551727,False
71.30619979594509,0.010983323025394048,0.12691898042948904,0.9203543178741216,0.027586206896551727,False
71.3479971239599,0.010983323025385919,0.12691898042948893,0.9203543178741757,0.027586206896551727,False
71.38979445197472,0.01098332302537779,0.12691898042948882,0.9203543178742298,0.027586206896551727,False
71.43159177998952,0.010983323025369663,0.1269189804294887,0.9203543178742841,0.027586206896551727,False
71.47338910800434,0.010983323025361537,0.12691898042948865,0.9203543178743383,0.027586206896551727,False
71.51518643601916,0.01098332302535341,0.12691898042948851,0.9203543178743925,0.027586206896551727,False
71.55698376403397,0.010983323025345281,0.1269189804294884,0.9203543178744468,0.027586206896551727,False
71.5987810920488,0.010983323025337154,0.1269189804294883,0.9203543178745007,0.027586206896551727,False
71.64057842006359,0.010983323025329025,0.1269189804294882,0.920354317874555,0.027586206896551727,False
71.68237574807841,0.010983323025320898,0.1269189804294881,0.9203543178746092,0.027586206896551727,False
71.72417307609322,0.010983323025312769,0.126918980429488,0.9203543178746634,0.027586206896551727,False
71.76597040410805,0.010983323025304642,0.12691898042948788,0.9203543178747176,0.027586206896551727,False
71.80776773212285,0.010983323025296513,0.12691898042948777,0.9203543178747718,0.027586206896551727,False
71.84956506013766,0.010983323025288384,0.12691898042948763,0.920354317874826,0.027586206896551727,False
71.89136238815247,0.010983323025280257,0.12691898042948752,0.9203543178748801,0.027586206896551727,False
71.9331597161673,0.01098332302527213,0.1269189804294874,0.9203543178749343,0.027586206896551727,False
71.97495704418212,0.010983323025264,0.12691898042948732,0.9203543178749884,0.027586206896551727,False
72.01675437219693,0.010983323025255872,0.1269189804294872,0.9203543178750427,0.027586206896551727,False
72.05855170021175,0.010983323025247748,0.12691898042948713,0.9203543178750969,0.027586206896551727,False
72.10034902822655,0.010983323025239619,0.12691898042948702,0.920354317875151,0.027586206896551727,False
72.14214635624137,0.010983323025231492,0.1269189804294869,0.9203543178752052,0.027586206896551727,False
72.18394368425618,0.010983323025223363,0.1269189804294868,0.9203543178752593,0.027586206896551727,False
72.225741012271,0.010983323025215236,0.12691898042948668,0.9203543178753135,0.027586206896551727,False
72.26753834028581,0.010983323025207107,0.12691898042948657,0.9203543178753678,0.027586206896551727,False
72.30933566830062,0.01098332302519898,0.12691898042948646,0.920354317875422,0.027586206896551727,False
72.35113299631544,0.01098332302519085,0.12691898042948635,0.9203543178754762,0.027586206896551727,False
72.39293032433025,0.010983323025182724,0.12691898042948624,0.9203543178755302,0.027586206896551727,False
72.43472765234507,0.010983323025174595,0.12691898042948613,0.9203543178755844,0.027586206896551727,False
72.4765249803599,0.010983323025166468,0.12691898042948602,0.9203543178756387,0.027586206896551727,False
72.5183223083747,0.010983323025158339,0.1269189804294859,0.9203543178756929,0.027586206896551727,False
72.5601196363895,0.010983323025150211,0.1269189804294858,0.9203543178757471,0.027586206896551727,False
72.60191696440432,0.010983323025142083,0.12691898042948568,0.9203543178758012,0.027586206896551727,False
72.64371429241913,0.010983323025133957,0.1269189804294856,0.9203543178758553,0.027586206896551727,False
72.68551162043396,0.01098332302512583,0.1269189804294855,0.9203543178759095,0.027586206896551727,False
72.72730894844878,0.010983323025117701,0.12691898042948538,0.9203543178759638,0.027586206896551727,False
72.76910627646357,0.010983323025109574,0.12691898042948527,0.920354317876018,0.027586206896551727,False
72.8109036044784,0.010983323025101445,0.12691898042948518,0.9203543178760721,0.027586206896551727,False
72.85270093249322,0.010983323025093318,0.12691898042948505,0.9203543178761264,0.027586206896551727,False
72.89449826050803,0.010983323025085189,0.12691898042948493,0.9203543178761804,0.027586206896551727,False
72.93629558852285,0.010983323025077062,0.12691898042948482,0.9203543178762347,0.027586206896551727,False
72.97809291653765,0.010983323025068933,0.1269189804294847,0.9203543178762889,0.027586206896551727,False
73.01989024455247,0.010983323025060806,0.1269189804294846,0.920354317876343,0.027586206896551727,False
73.06168757256728,0.010983323025052677,0.1269189804294845,0.9203543178763972,0.027586206896551727,False
73.1034849005821,0.01098332302504455,0.12691898042948438,0.9203543178764515,0.027586206896551727,False
73.14528222859691,0.01098332302503642,0.12691898042948427,0.9203543178765055,0.027586206896551727,False
73.18707955661174,0.010983323025028293,0.12691898042948416,0.9203543178765597,0.027586206896551727,False
73.22887688462653,0.010983323025020166,0.12691898042948405,0.9203543178766139,0.027586206896551727,False
73.27067421264135,0.01098332302501204,0.126918980429484,0.9203543178766681,0.027586206896551727,False
73.31247154065618,0.010983323025003912,0.12691898042948388,0.9203543178767224,0.027586206896551727,False
73.35426886867099,0.010983323024995783,0.12691898042948377,0.9203543178767766,0.027586206896551727,False
73.39606619668581,0.010983323024987656,0.12691898042948366,0.9203543178768306,0.027586206896551727,False
73.4378635247006,0.010983323024979529,0.12691898042948355,0.9203543178768848,0.027586206896551727,False
73.47966085271543,0.0109833230249714,0.1269189804294834,0.920354317876939,0.027586206896551727,False
73.52145818073024,0.01098332302496327,0.1269189804294833,0.9203543178769932,0.027586206896551727,False
73.56325550874506,0.010983323024955144,0.1269189804294832,0.9203543178770475,0.027586206896551727,False
73.60505283675987,0.010983323024947015,0.1269189804294831,0.9203543178771016,0.027586206896551727,False
73.64685016477468,0.010983323024938887,0.126918980429483,0.9203543178771557,0.027586206896551727,False
73.6886474927895,0.010983323024930759,0.12691898042948288,0.9203543178772099,0.027586206896551727,False
73.73044482080431,0.010983323024922631,0.12691898042948277,0.9203543178772641,0.027586206896551727,False
73.77224214881913,0.010983323024914502,0.12691898042948266,0.9203543178773184,0.027586206896551727,False
73.81403947683394,0.010983323024906375,0.12691898042948252,0.9203543178773725,0.027586206896551727,False
73.85583680484876,0.010983323024898253,0.12691898042948246,0.9203543178774267,0.027586206896551727,False
73.89763413286356,0.010983323024890128,0.12691898042948235,0.9203543178774808,0.027586206896551727,False
73.93943146087838,0.010983323024882,0.12691898042948224,0.920354317877535,0.027586206896551727,False
73.98122878889319,0.010983323024873879,0.12691898042948213,0.9203543178775893,0.027586206896551727,False
74.02302611690801,0.010983323024865776,0.12691898042948202,0.9203543178776432,0.027586206896551727,False
74.06482344492282,0.010983323024857897,0.1269189804294819,0.9203543178776957,0.027586206896551727,False
74.10662077293763,0.010983323024850023,0.1269189804294818,0.9203543178777481,0.027586206896551727,False
74.14841810095245,0.010983323024842149,0.1269189804294817,0.9203543178778006,0.027586206896551727,False
74.19021542896728,0.010983323024834277,0.12691898042948158,0.920354317877853,0.027586206896551727,False
74.23201275698209,0.010983323024826607,0.1269189804294815,0.9203543178779043,0.027586206896551727,False
74.2738100849969,0.010983323024819653,0.12691898042948138,0.9203543178779505,0.027586206896551727,False
74.3156074130117,0.010983323024812764,0.12691898042948133,0.9203543178779966,0.027586206896551727,False
74.35740474102651,0.010983323024805983,0.12691898042948122,0.9203543178780418,0.027586206896551727,False
74.39920206904134,0.010983323024799204,0.12691898042948113,0.920354317878087,0.027586206896551727,False
74.44099939705615,0.010983323024792425,0.12691898042948102,0.920354317878132,0.027586206896551727,False
74.48279672507097,0.010983323024785644,0.12691898042948094,0.9203543178781773,0.027586206896551727,False
74.52459405308579,0.01098332302477887,0.12691898042948085,0.9203543178782225,0.027586206896551727,False
74.56639138110059,0.01098332302477209,0.12691898042948074,0.9203543178782677,0.027586206896551727,False
74.60818870911541,0.010983323024765311,0.1269189804294807,0.9203543178783129,0.027586206896551727,False
74.64998603713023,0.01098332302475853,0.12691898042948058,0.9203543178783582,0.027586206896551727,False
74.69178336514504,0.010983323024751756,0.1269189804294805,0.9203543178784033,0.027586206896551727,False
74.73358069315987,0.010983323024744973,0.12691898042948038,0.9203543178784485,0.027586206896551727,False
74.77537802117466,0.010983323024738199,0.12691898042948033,0.9203543178784936,0.027586206896551727,False
74.81717534918948,0.010983323024731418,0.12691898042948022,0.9203543178785387,0.027586206896551727,False
74.85897267720429,0.010983323024724637,0.12691898042948013,0.9203543178785841,0.027586206896551727,False
74.90077000521912,0.010983323024717863,0.12691898042948005,0.9203543178786292,0.027586206896551727,False
74.94256733323392,0.010983323024711084,0.12691898042947994,0.9203543178786744,0.027586206896551727,False
74.98436466124873,0.010983323024704308,0.12691898042947988,0.9203543178787196,0.027586206896551727,False
75.02616198926356,0.010983323024697528,0.12691898042947977,0.9203543178787646,0.027586206896551727,False
75.06795931727837,0.010983323024690756,0.1269189804294797,0.9203543178788098,0.027586206896551727,False
75.10975664529319,0.010983323024683975,0.12691898042947958,0.9203543178788551,0.027586206896551727,False
75.151553973308,0.010983323024677201,0.1269189804294795,0.9203543178789003,0.027586206896551727,False
75.19335130132282,0.010983323024670416,0.12691898042947938,0.9203543178789454,0.027586206896551727,False
75.23514862933762,0.01098332302466364,0.12691898042947933,0.9203543178789906,0.027586206896551727,False
75.27694595735244,0.010983323024656863,0.12691898042947924,0.9203543178790358,0.027586206896551727,False
75.31874328536725,0.010983323024650085,0.12691898042947913,0.9203543178790811,0.027586206896551727,False
75.36054061338207,0.010983323024643308,0.12691898042947905,0.9203543178791262,0.027586206896551727,False
75.40233794139688,0.010983323024636529,0.12691898042947894,0.9203543178791713,0.027586206896551727,False
75.44413526941169,0.010983323024629751,0.12691898042947888,0.9203543178792165,0.027586206896551727,False
75.48593259742651,0.010983323024622968,0.12691898042947877,0.9203543178792618,0.027586206896551727,False
75.52772992544132,0.010983323024616194,0.1269189804294787,0.920354317879307,0.027586206896551727,False
75.56952725345614,0.010983323024609411,0.12691898042947858,0.9203543178793521,0.027586206896551727,False
75.61132458147095,0.010983323024602632,0.1269189804294785,0.9203543178793973,0.027586206896551727,False
75.65312190948576,0.010983323024595855,0.1269189804294784,0.9203543178794426,0.027586206896551727,False
75.69491923750057,0.010983323024589079,0.1269189804294783,0.9203543178794877,0.027586206896551727,False
75.7367165655154,0.010983323024582303,0.12691898042947825,0.9203543178795329,0.027586206896551727,False
75.7785138935302,0.010983323024575525,0.12691898042947813,0.920354317879578,0.027586206896551727,False
75.82031122154503,0.010983323024568748,0.12691898042947805,0.9203543178796232,0.027586206896551727,False
75.86210854955985,0.010983323024561968,0.12691898042947794,0.9203543178796684,0.027586206896551727,False
75.90390587757464,0.010983323024555193,0.12691898042947788,0.9203543178797137,0.027586206896551727,False
75.94570320558947,0.01098332302454841,0.12691898042947777,0.9203543178797589,0.027586206896551727,False
75.98750053360429,0.010983323024541634,0.1269189804294777,0.9203543178798039,0.027586206896551727,False
76.0292978616191,0.010983323024534856,0.12691898042947763,0.9203543178798491,0.027586206896551727,False
76.07109518963391,0.01098332302452808,0.1269189804294775,0.9203543178798942,0.027586206896551727,False
76.1128925176487,0.010983323024521301,0.1269189804294774,0.9203543178799396,0.027586206896551727,False
76.15468984566354,0.010983323024514526,0.12691898042947733,0.9203543178799848,0.027586206896551727,False
76.19648717367835,0.01098332302450775,0.12691898042947725,0.9203543178800299,0.027586206896551727,False
76.23828450169317,0.01098332302450097,0.12691898042947714,0.920354317880075,0.027586206896551727,False
76.28008182970798,0.010983323024494193,0.12691898042947705,0.9203543178801201,0.027586206896551727,False
76.3218791577228,0.010983323024487412,0.12691898042947694,0.9203543178801655,0.027586206896551727,False
76.36367648573761,0.010983323024480634,0.12691898042947689,0.9203543178802106,0.027586206896551727,False
76.40547381375242,0.010983323024473858,0.1269189804294768,0.9203543178802558,0.027586206896551727,False
76.44727114176723,0.010983323024467077,0.1269189804294767,0.920354317880301,0.027586206896551727,False
76.48906846978207,0.010983323024460305,0.1269189804294766,0.920354317880346,0.027586206896551727,False
76.53086579779688,0.01098332302445352,0.1269189804294765,0.9203543178803915,0.027586206896551727,False
76.57266312581167,0.010983323024446745,0.12691898042947644,0.9203543178804365,0.027586206896551727,False
76.61446045382648,0.010983323024439965,0.12691898042947633,0.9203543178804817,0.027586206896551727,False
76.6562577818413,0.010983323024433186,0.12691898042947625,0.9203543178805269,0.027586206896551727,False
76.69805510985613,0.010983323024426402,0.12691898042947614,0.9203543178805722,0.027586206896551727,False
76.73985243787094,0.01098332302441963,0.12691898042947605,0.9203543178806173,0.027586206896551727,False
76.78164976588575,0.010983323024412852,0.126918980429476,0.9203543178806625,0.027586206896551727,False
76.82344709390055,0.010983323024406074,0.12691898042947586,0.9203543178807077,0.027586206896551727,False
76.86524442191538,0.0109833230243993,0.1269189804294758,0.9203543178807527,0.027586206896551727,False
76.9070417499302,0.010983323024392519,0.1269189804294757,0.9203543178807979,0.027586206896551727,False
76.94883907794501,0.010983323024385745,0.1269189804294756,0.9203543178808432,0.027586206896551727,False
76.9906364059598,0.010983323024378964,0.1269189804294755,0.9203543178808884,0.027586206896551727,False
77.03243373397464,0.010983323024372185,0.12691898042947544,0.9203543178809336,0.027586206896551727,False
77.07423106198945,0.010983323024365403,0.12691898042947533,0.9203543178809787,0.027586206896551727,False
77.11602839000426,0.01098332302435863,0.12691898042947525,0.9203543178810241,0.027586206896551727,False
77.15782571801908,0.010983323024351854,0.12691898042947516,0.9203543178810691,0.027586206896551727,False
77.19962304603389,0.010983323024345076,0.12691898042947505,0.9203543178811143,0.027586206896551727,False
77.2414203740487,0.0109833230243383,0.12691898042947497,0.9203543178811594,0.027586206896551727,False
77.28321770206352,0.010983323024331523,0.12691898042947486,0.9203543178812046,0.027586206896551727,False
77.32501503007833,0.010983323024324743,0.1269189804294748,0.9203543178812498,0.027586206896551727,False
77.36681235809314,0.010983323024317966,0.1269189804294747,0.9203543178812951,0.027586206896551727,False
77.40860968610798,0.010983323024311185,0.1269189804294746,0.9203543178813403,0.027586206896551727,False
77.45040701412277,0.010983323024304407,0.1269189804294745,0.9203543178813853,0.027586206896551727,False
77.49220434213758,0.01098332302429763,0.12691898042947444,0.9203543178814305,0.027586206896551727,False
77.5340016701524,0.010983323024290852,0.12691898042947436,0.9203543178814757,0.027586206896551727,False
77.57579899816723,0.010983323024284076,0.12691898042947425,0.920354317881521,0.027586206896551727,False
77.61759632618204,0.010983323024277299,0.12691898042947417,0.9203543178815662,0.027586206896551727,False
77.65939365419686,0.010983323024270521,0.12691898042947405,0.9203543178816113,0.027586206896551727,False
77.70119098221166,0.010983323024263743,0.126918980429474,0.9203543178816564,0.027586206896551727,False
77.74298831022647,0.010983323024256962,0.1269189804294739,0.9203543178817016,0.027586206896551727,False
77.7847856382413,0.010983323024250183,0.1269189804294738,0.9203543178817469,0.027586206896551727,False
77.82658296625611,0.010983323024243413,0.12691898042947372,0.9203543178817921,0.027586206896551727,False
77.86838029427092,0.010983323024236637,0.1269189804294736,0.9203543178818372,0.027586206896551727,False
77.91017762228573,0.010983323024229866,0.12691898042947355,0.9203543178818824,0.027586206896551727,False
77.95197495030055,0.010983323024223092,0.12691898042947344,0.9203543178819275,0.027586206896551727,False
77.99377227831536,0.010983323024216323,0.12691898042947336,0.9203543178819726,0.027586206896551727,False
78.03556960633018,0.010983323024209554,0.12691898042947325,0.9203543178820176,0.027586206896551727,False
78.077366934345,0.010983323024202796,0.12691898042947317,0.9203543178820628,0.027586206896551727,False
78.1191642623598,0.010983323024196221,0.12691898042947306,0.9203543178821066,0.027586206896551727,False
78.16096159037463,0.01098332302418966,0.126918980429473,0.9203543178821503,0.027586206896551727,False
78.20275891838943,0.0109833230241831,0.12691898042947292,0.9203543178821941,0.027586206896551727,False
78.24455624640424,0.010983323024176537,0.1269189804294728,0.9203543178822378,0.027586206896551727,False
78.28635357441908,0.010983323024170051,0.12691898042947272,0.9203543178822811,0.027586206896551727,False
78.32815090243389,0.010983323024164366,0.12691898042947267,0.920354317882319,0.027586206896551727,False
78.36994823044868,0.01098332302415886,0.12691898042947258,0.9203543178823557,0.027586206896551727,False
78.41174555846351,0.010983323024153356,0.1269189804294725,0.9203543178823923,0.027586206896551727,False
78.45354288647832,0.010983323024147848,0.12691898042947242,0.920354317882429,0.027586206896551727,False
78.49534021449314,0.010983323024142342,0.12691898042947236,0.9203543178824657,0.027586206896551727,False
78.53713754250796,0.01098332302413689,0.12691898042947228,0.9203543178825022,0.027586206896551727,False
78.57893487052276,0.01098332302413147,0.12691898042947222,0.9203543178825383,0.027586206896551727,False
78.62073219853757,0.010983323024126052,0.12691898042947214,0.9203543178825744,0.027586206896551727,False
78.6625295265524,0.010983323024120634,0.12691898042947206,0.9203543178826105,0.027586206896551727,False
78.70432685456721,0.010983323024115215,0.126918980429472,0.9203543178826465,0.027586206896551727,False
78.74612418258202,0.010983323024109795,0.12691898042947192,0.9203543178826827,0.027586206896551727,False
78.78792151059682,0.010983323024104378,0.12691898042947183,0.9203543178827188,0.027586206896551727,False
78.82971883861165,0.010983323024098959,0.12691898042947178,0.9203543178827549,0.027586206896551727,False
78.87151616662646,0.01098332302409354,0.1269189804294717,0.920354317882791,0.027586206896551727,False
78.91331349464127,0.010983323024088124,0.12691898042947164,0.9203543178828273,0.027586206896551727,False
78.9551108226561,0.010983323024082706,0.12691898042947158,0.9203543178828634,0.027586206896551727,False
78.99690815067089,0.010983323024077287,0.1269189804294715,0.9203543178828995,0.027586206896551727,False
79.03870547868573,0.010983323024071867,0.12691898042947145,0.9203543178829355,0.027586206896551727,False
79.08050280670054,0.01098332302406645,0.12691898042947136,0.9203543178829716,0.027586206896551727,False
79.12230013471535,0.01098332302406103,0.12691898042947128,0.9203543178830078,0.027586206896551727,False
79.16409746273015,0.010983323024055611,0.12691898042947122,0.920354317883044,0.027586206896551727,False
79.20589479074499,0.010983323024050194,0.12691898042947114,0.92035431788308,0.027586206896551727,False
79.24769211875979,0.010983323024044775,0.12691898042947106,0.9203543178831161,0.027586206896551727,False
79.2894894467746,0.010983323024039357,0.126918980429471,0.9203543178831524,0.027586206896551727,False
79.33128677478942,0.010983323024033938,0.12691898042947092,0.9203543178831884,0.027586206896551727,False
79.37308410280424,0.010983323024028518,0.12691898042947083,0.9203543178832245,0.027586206896551727,False
79.41488143081905,0.0109833230240231,0.12691898042947075,0.9203543178832606,0.027586206896551727,False
79.45667875883386,0.010983323024017682,0.1269189804294707,0.9203543178832967,0.027586206896551727,False
79.49847608684867,0.010983323024012262,0.1269189804294706,0.920354317883333,0.027586206896551727,False
79.54027341486348,0.010983323024006843,0.12691898042947056,0.9203543178833691,0.027586206896551727,False
79.58207074287832,0.010983323024001426,0.12691898042947047,0.9203543178834052,0.027586206896551727,False
79.62386807089312,0.010983323023996005,0.1269189804294704,0.9203543178834411,0.027586206896551727,False
79.66566539890793,0.010983323023990587,0.12691898042947033,0.9203543178834774,0.027586206896551727,False
79.70746272692274,0.01098332302398517,0.12691898042947025,0.9203543178835135,0.027586206896551727,False
79.74926005493757,0.01098332302397975,0.12691898042947017,0.9203543178835496,0.027586206896551727,False
79.79105738295237,0.010983323023974334,0.12691898042947014,0.9203543178835857,0.027586206896551727,False
79.8328547109672,0.010983323023968915,0.12691898042947009,0.9203543178836218,0.027586206896551727,False
79.874652038982,0.010983323023963496,0.12691898042946997,0.9203543178836581,0.027586206896551727,False
79.91644936699682,0.010983323023958078,0.12691898042946992,0.9203543178836942,0.027586206896551727,False
79.95824669501164,0.010983323023952659,0.12691898042946984,0.9203543178837302,0.027586206896551727,False
80.00004402302645,0.01098332302394724,0.12691898042946978,0.9203543178837663,0.027586206896551727,False
80.04184135104126,0.010983323023941822,0.1269189804294697,0.9203543178838025,0.027586206896551727,False
80.08363867905608,0.010983323023936403,0.1269189804294696,0.9203543178838386,0.027586206896551727,False
80.12543600707089,0.010983323023930984,0.12691898042946956,0.9203543178838747,0.027586206896551727,False
80.1672333350857,0.010983323023925566,0.12691898042946947,0.9203543178839108,0.027586206896551727,False
80.20903066310052,0.010983323023920147,0.1269189804294694,0.9203543178839468,0.027586206896551727,False
80.25082799111533,0.01098332302391473,0.12691898042946934,0.9203543178839831,0.027586206896551727,False
80.29262531913015,0.01098332302390931,0.12691898042946925,0.9203543178840192,0.027586206896551727,False
80.33442264714498,0.01098332302390389,0.12691898042946917,0.9203543178840553,0.027586206896551727,False
80.37621997515977,0.010983323023898471,0.12691898042946909,0.9203543178840914,0.027586206896551727,False
80.41801730317458,0.010983323023893054,0.12691898042946903,0.9203543178841276,0.027586206896551727,False
80.45981463118942,0.010983323023887635,0.12691898042946895,0.9203543178841637,0.027586206896551727,False
80.50161195920423,0.010983323023882217,0.1269189804294689,0.9203543178841997,0.027586206896551727,False
80.54340928721903,0.010983323023876798,0.1269189804294688,0.9203543178842358,0.027586206896551727,False
80.58520661523384,0.010983323023871379,0.12691898042946873,0.9203543178842721,0.027586206896551727,False
80.62700394324865,0.01098332302386596,0.12691898042946867,0.9203543178843082,0.027586206896551727,False
80.66880127126348,0.010983323023860542,0.1269189804294686,0.9203543178843443,0.027586206896551727,False
80.7105985992783,0.010983323023855126,0.12691898042946856,0.9203543178843804,0.027586206896551727,False
80.75239592729311,0.010983323023849707,0.12691898042946848,0.9203543178844165,0.027586206896551727,False
80.7941932553079,0.010983323023844287,0.12691898042946842,0.9203543178844528,0.027586206896551727,False
80.83599058332274,0.01098332302383887,0.1269189804294683,0.9203543178844888,0.027586206896551727,False
80.87778791133755,0.010983323023833449,0.12691898042946825,0.9203543178845249,0.027586206896551727,False
80.91958523935236,0.010983323023828031,0.12691898042946817,0.920354317884561,0.027586206896551727,False
80.96138256736717,0.010983323023822614,0.12691898042946811,0.9203543178845971,0.027586206896551727,False
81.003179895382,0.010983323023817193,0.12691898042946803,0.9203543178846333,0.027586206896551727,False
81.0449772233968,0.010983323023811777,0.12691898042946795,0.9203543178846694,0.027586206896551727,False
81.08677455141161,0.010983323023806358,0.1269189804294679,0.9203543178847055,0.027586206896551727,False
81.12857187942643,0.010983323023800938,0.1269189804294678,0.9203543178847415,0.027586206896551727,False
81.17036920744125,0.010983323023795519,0.12691898042946773,0.9203543178847778,0.027586206896551727,False
81.21216653545608,0.010983323023790102,0.12691898042946767,0.9203543178848139,0.027586206896551727,False
81.25396386347087,0.010983323023784682,0.1269189804294676,0.92035431788485,0.027586206896551727,False
81.29576119148568,0.010983323023779265,0.12691898042946753,0.9203543178848861,0.027586206896551727,False
81.33755851950049,0.010983323023773845,0.12691898042946742,0.9203543178849223,0.027586206896551727,False
81.37935584751533,0.010983323023768426,0.12691898042946737,0.9203543178849584,0.027586206896551727,False
81.42115317553014,0.010983323023763007,0.12691898042946728,0.9203543178849944,0.027586206896551727,False
81.46295050354493,0.01098332302375759,0.12691898042946723,0.9203543178850305,0.027586206896551727,False
81.50474783155975,0.01098332302375217,0.12691898042946714,0.9203543178850668,0.027586206896551727,False
81.54654515957458,0.010983323023746753,0.12691898042946706,0.9203543178851029,0.027586206896551727,False
81.58834248758939,0.010983323023741335,0.12691898042946703,0.920354317885139,0.027586206896551727,False
81.63013981560421,0.010983323023735917,0.12691898042946695,0.9203543178851751,0.027586206896551727,False
81.67193714361902,0.010983323023730498,0.1269189804294669,0.9203543178852112,0.027586206896551727,False
81.71373447163383,0.010983323023725079,0.1269189804294668,0.9203543178852475,0.027586206896551727,False
81.75553179964865,0.010983323023719661,0.12691898042946675,0.9203543178852835,0.027586206896551727,False
81.79732912766346,0.010983323023714242,0.12691898042946664,0.9203543178853195,0.027586206896551727,False
81.83912645567827,0.010983323023708825,0.1269189804294666,0.9203543178853557,0.027586206896551727,False
81.88092378369309,0.010983323023703405,0.1269189804294665,0.9203543178853917,0.027586206896551727,False
81.9227211117079,0.010983323023697986,0.12691898042946645,0.920354317885428,0.027586206896551727,False
81.96451843972271,0.010983323023692567,0.12691898042946637,0.9203543178854641,0.027586206896551727,False
82.00631576773753,0.01098332302368715,0.12691898042946628,0.9203543178855002,0.027586206896551727,False
82.04811309575234,0.01098332302368173,0.12691898042946623,0.9203543178855362,0.027586206896551727,False
82.08991042376717,0.010983323023676312,0.12691898042946614,0.9203543178855725,0.027586206896551727,False
82.13170775178199,0.010983323023670893,0.12691898042946606,0.9203543178856086,0.027586206896551727,False
82.17350507979678,0.010983323023665474,0.126918980429466,0.9203543178856447,0.027586206896551727,False
82.21530240781159,0.010983323023660055,0.12691898042946592,0.9203543178856808,0.027586206896551727,False
82.25709973582643,0.010983323023654637,0.12691898042946587,0.920354317885717,0.027586206896551727,False
82.29889706384124,0.010983323023649218,0.12691898042946576,0.9203543178857531,0.027586206896551727,False
82.34069439185605,0.0109833230236438,0.1269189804294657,0.9203543178857891,0.027586206896551727,False
82.38249171987086,0.010983323023638381,0.12691898042946562,0.9203543178858252,0.027586206896551727,False
82.42428904788567,0.010983323023632962,0.12691898042946556,0.9203543178858613,0.027586206896551727,False
82.46608637590049,0.010983323023627548,0.1269189804294655,0.9203543178858974,0.027586206896551727,False
82.50788370391531,0.01098332302362213,0.12691898042946545,0.9203543178859337,0.027586206896551727,False
82.54968103193012,0.01098332302361671,0.12691898042946537,0.9203543178859698,0.027586206896551727,False
82.59147835994492,0.010983323023611295,0.12691898042946528,0.9203543178860059,0.027586206896551727,False
82.63327568795975,0.010983323023605876,0.12691898042946523,0.9203543178860419,0.027586206896551727,False
82.67507301597456,0.01098332302360046,0.12691898042946514,0.920354317886078,0.027586206896551727,False
82.71687034398937,0.010983323023595044,0.1269189804294651,0.9203543178861143,0.027586206896551727,False
82.7586676720042,0.01098332302358963,0.126918980429465,0.9203543178861503,0.027586206896551727,False
82.80046500001902,0.010983323023584318,0.12691898042946492,0.9203543178861857,0.027586206896551727,False
82.84226232803381,0.010983323023579069,0.12691898042946484,0.9203543178862207,0.027586206896551727,False
82.88405965604863,0.01098332302357382,0.12691898042946478,0.9203543178862557,0.027586206896551727,False
82.92585698406344,0.010983323023568572,0.1269189804294647,0.9203543178862906,0.027586206896551727,False
82.96765431207825,0.010983323023563323,0.12691898042946462,0.9203543178863256,0.027586206896551727,False
83.00945164009309,0.010983323023558074,0.12691898042946456,0.9203543178863607,0.027586206896551727,False
83.05124896810788,0.010983323023552882,0.1269189804294645,0.9203543178863953,0.027586206896551727,False
83.0930462961227,0.010983323023548215,0.12691898042946445,0.9203543178864264,0.027586206896551727,False
83.1348436241375,0.010983323023543745,0.12691898042946437,0.9203543178864562,0.027586206896551727,False
83.17664095215234,0.010983323023539281,0.12691898042946434,0.920354317886486,0.027586206896551727,False
83.21843828016715,0.010983323023534816,0.12691898042946426,0.9203543178865156,0.027586206896551727,False
83.26023560818196,0.010983323023530351,0.1269189804294642,0.9203543178865454,0.027586206896551727,False
83.30203293619677,0.01098332302352589,0.12691898042946415,0.9203543178865752,0.027586206896551727,False
83.34383026421159,0.010983323023521424,0.12691898042946406,0.9203543178866049,0.027586206896551727,False
83.38562759222641,0.01098332302351696,0.12691898042946403,0.9203543178866348,0.027586206896551727,False
83.42742492024122,0.010983323023512497,0.12691898042946395,0.9203543178866646,0.027586206896551727,False
83.46922224825602,0.010983323023508032,0.1269189804294639,0.9203543178866941,0.027586206896551727,False
83.51101957627083,0.010983323023503569,0.12691898042946384,0.920354317886724,0.027586206896551727,False
83.55281690428566,0.010983323023499105,0.12691898042946378,0.9203543178867537,0.027586206896551727,False
83.59461423230047,0.01098332302349464,0.12691898042946373,0.9203543178867835,0.027586206896551727,False
83.63641156031528,0.010983323023490175,0.12691898042946367,0.9203543178868133,0.027586206896551727,False
83.6782088883301,0.010983323023485697,0.1269189804294636,0.9203543178868431,0.027586206896551727,False
83.72000621634491,0.01098332302348116,0.12691898042946356,0.9203543178868734,0.027586206896551727,False
83.76180354435972,0.010983323023476606,0.12691898042946348,0.9203543178869038,0.027586206896551727,False
83.80360087237455,0.010983323023472102,0.12691898042946342,0.9203543178869338,0.027586206896551727,False
83.84539820038935,0.010983323023467637,0.12691898042946337,0.9203543178869635,0.027586206896551727,False
83.88719552840418,0.010983323023463174,0.12691898042946329,0.9203543178869933,0.027586206896551727,False
83.92899285641899,0.01098332302345871,0.12691898042946326,0.9203543178870229,0.027586206896551727,False
83.9707901844338,0.010983323023454249,0.12691898042946317,0.9203543178870527,0.027586206896551727,False
84.0125875124486,0.010983323023449783,0.12691898042946312,0.9203543178870826,0.027586206896551727,False
84.05438484046343,0.01098332302344532,0.12691898042946306,0.9203543178871123,0.027586206896551727,False
84.09618216847825,0.010983323023440857,0.126918980429463,0.9203543178871421,0.027586206896551727,False
84.13797949649306,0.010983323023436393,0.12691898042946295,0.9203543178871719,0.027586206896551727,False
84.17977682450787,0.010983323023431928,0.1269189804294629,0.9203543178872015,0.027586206896551727,False
84.22157415252268,0.010983323023427465,0.1269189804294628,0.9203543178872312,0.027586206896551727,False
84.2633714805375,0.010983323023423,0.12691898042946279,0.9203543178872611,0.027586206896551727,False
84.30516880855232,0.010983323023418536,0.1269189804294627,0.9203543178872908,0.027586206896551727,False
84.34696613656713,0.01098332302341407,0.12691898042946267,0.9203543178873207,0.027586206896551727,False
84.38876346458193,0.010983323023409606,0.1269189804294626,0.9203543178873504,0.027586206896551727,False
84.43056079259676,0.010983323023405144,0.12691898042946254,0.92035431788738,0.027586206896551727,False
84.47235812061157,0.010983323023400679,0.12691898042946248,0.9203543178874098,0.027586206896551727,False
84.51415544862638,0.010983323023396215,0.1269189804294624,0.9203543178874396,0.027586206896551727,False
84.5559527766412,0.01098332302339175,0.12691898042946237,0.9203543178874694,0.027586206896551727,False
84.59775010465601,0.010983323023387287,0.12691898042946229,0.9203543178874992,0.027586206896551727,False
84.63954743267082,0.01098332302338282,0.12691898042946223,0.920354317887529,0.027586206896551727,False
84.68134476068565,0.010983323023378356,0.12691898042946217,0.9203543178875587,0.027586206896551727,False
84.72314208870046,0.010983323023373895,0.12691898042946212,0.9203543178875884,0.027586206896551727,False
84.76493941671526,0.010983323023369431,0.12691898042946204,0.9203543178876181,0.027586206896551727,False
84.8067367447301,0.01098332302336496,0.12691898042946198,0.9203543178876479,0.027586206896551727,False
84.8485340727449,0.010983323023360452,0.12691898042946187,0.9203543178876781,0.027586206896551727,False
84.8903314007597,0.010983323023355895,0.1269189804294618,0.9203543178877084,0.027586206896551727,False
84.93212872877453,0.010983323023351359,0.12691898042946168,0.9203543178877385,0.027586206896551727,False
84.97392605678935,0.010983323023346895,0.12691898042946156,0.9203543178877683,0.027586206896551727,False
85.01572338480416,0.010983323023342434,0.12691898042946148,0.9203543178877981,0.027586206896551727,False
85.05752071281897,0.010983323023337972,0.12691898042946137,0.9203543178878278,0.027586206896551727,False
85.09931804083378,0.01098332302333351,0.1269189804294613,0.9203543178878574,0.027586206896551727,False
85.1411153688486,0.01098332302332905,0.12691898042946118,0.9203543178878871,0.027586206896551727,False
85.18291269686343,0.010983323023324594,0.12691898042946106,0.9203543178879169,0.027586206896551727,False
85.22471002487823,0.010983323023320215,0.12691898042946098,0.920354317887946,0.027586206896551727,False
85.26650735289303,0.010983323023315818,0.12691898042946087,0.9203543178879754,0.027586206896551727,False
85.30830468090785,0.01098332302331138,0.12691898042946076,0.9203543178880049,0.027586206896551727,False
85.35010200892268,0.010983323023306945,0.12691898042946062,0.9203543178880343,0.027586206896551727,False
85.39189933693748,0.010983323023302504,0.1269189804294605,0.9203543178880639,0.027586206896551727,False
85.43369666495231,0.010983323023298063,0.1269189804294604,0.9203543178880934,0.027586206896551727,False
85.47549399296712,0.010983323023293617,0.1269189804294603,0.9203543178881232,0.027586206896551727,False
85.51729132098193,0.010983323023289205,0.12691898042946018,0.9203543178881526,0.027586206896551727,False
85.55908864899675,0.010983323023284867,0.12691898042946007,0.9203543178881815,0.027586206896551727,False
85.60088597701156,0.010983323023280658,0.1269189804294599,0.9203543178882093,0.027586206896551727,False
85.64268330502637,0.010983323023276596,0.12691898042945982,0.9203543178882365,0.027586206896551727,False
85.6844806330412,0.010983323023272533,0.1269189804294597,0.9203543178882635,0.027586206896551727,False
85.726277961056,0.010983323023268468,0.1269189804294596,0.9203543178882906,0.027586206896551727,False
85.76807528907081,0.010983323023264406,0.12691898042945948,0.9203543178883176,0.027586206896551727,False
85.80987261708562,0.010983323023260341,0.12691898042945937,0.9203543178883448,0.027586206896551727,False
85.85166994510044,0.010983323023256279,0.1269189804294593,0.9203543178883717,0.027586206896551727,False
85.89346727311526,0.010983323023252214,0.12691898042945912,0.9203543178883987,0.027586206896551727,False
85.93526460113006,0.01098332302324814,0.1269189804294585,0.9203543178884256,0.027586206896551727,False
85.97706192914488,0.01098332302324385,0.12691898042944738,0.9203543178884479,0.027586206896551727,False
86.01885925715969,0.0109833230232395,0.1269189804294333,0.9203543178884687,0.027586206896551727,False
86.06065658517453,0.01098332302323515,0.12691898042941918,0.9203543178884895,0.027586206896551727,False
86.10245391318934,0.010983323023230799,0.12691898042940508,0.9203543178885105,0.027586206896551727,False
86.14425124120415,0.010983323023226447,0.12691898042939095,0.9203543178885314,0.027586206896551727,False
86.18604856921894,0.010983323023222096,0.12691898042937685,0.9203543178885522,0.027586206896551727,False
86.22784589723378,0.010983323023217783,0.12691898042936275,0.9203543178885729,0.027586206896551727,False
86.26964322524859,0.010983323023213632,0.12691898042934863,0.9203543178885923,0.027586206896551727,False
86.3114405532634,0.010983323023209623,0.12691898042933447,0.9203543178886111,0.027586206896551727,False
86.35323788127822,0.010983323023205638,0.1269189804293196,0.920354317888629,0.027586206896551727,False
86.39503520929301,0.010983323023201657,0.12691898042930322,0.9203543178886462,0.027586206896551727,False
86.43683253730784,0.010983323023197666,0.1269189804292856,0.9203543178886627,0.027586206896551727,False
86.47862986532266,0.01098332302319369,0.12691898042926703,0.9203543178886785,0.027586206896551727,False
86.52042719333747,0.010983323023189754,0.12691898042924854,0.920354317888694,0.027586206896551727,False
86.56222452135228,0.010983323023185816,0.12691898042923,0.9203543178887097,0.027586206896551727,False
86.60402184936711,0.010983323023181878,0.12691898042921154,0.9203543178887251,0.027586206896551727,False
86.64581917738191,0.010983323023177942,0.12691898042919209,0.9203543178887402,0.027586206896551727,False
86.68761650539672,0.010983323023174002,0.1269189804291726,0.9203543178887552,0.027586206896551727,False
86.72941383341154,0.010983323023170065,0.12691898042915312,0.9203543178887703,0.027586206896551727,False
86.77121116142636,0.010983323023166127,0.12691898042913363,0.9203543178887853,0.027586206896551727,False
86.81300848944117,0.01098332302316219,0.12691898042911412,0.9203543178888004,0.027586206896551727,False
86.85480581745598,0.010983323023158251,0.12691898042909466,0.9203543178888155,0.027586206896551727,False
86.89660314547079,0.010983323023154315,0.12691898042907512,0.9203543178888305,0.027586206896551727,False
86.9384004734856,0.010983323023150379,0.12691898042905564,0.9203543178888454,0.027586206896551727,False
86.98019780150044,0.010983323023146441,0.12691898042903613,0.9203543178888604,0.027586206896551727,False
87.02199512951525,0.010983323023142502,0.12691898042901664,0.9203543178888755,0.027586206896551727,False
87.06379245753004,0.010983323023138565,0.12691898042899719,0.9203543178888904,0.027586206896551727,False
87.10558978554486,0.010983323023134628,0.12691898042897765,0.9203543178889055,0.027586206896551727,False
87.14738711355969,0.010983323023130692,0.12691898042895816,0.9203543178889205,0.027586206896551727,False
87.1891844415745,0.010983323023126754,0.12691898042893868,0.9203543178889354,0.027586206896551727,False
87.23098176958932,0.010983323023122816,0.1269189804289192,0.9203543178889505,0.027586206896551727,False
87.27277909760411,0.01098332302311888,0.12691898042889968,0.9203543178889655,0.027586206896551727,False
87.31457642561894,0.010983323023114942,0.1269189804288802,0.9203543178889806,0.027586206896551727,False
87.35637375363376,0.010983323023111002,0.12691898042886068,0.9203543178889956,0.027586206896551727,False
87.39817108164857,0.010983323023107065,0.1269189804288412,0.9203543178890107,0.027586206896551727,False
87.43996840966338,0.010983323023103128,0.1269189804288217,0.9203543178890257,0.027586206896551727,False
87.48176573767822,0.010983323023099189,0.1269189804288022,0.9203543178890408,0.027586206896551727,False
87.52356306569301,0.010983323023095253,0.12691898042878272,0.9203543178890556,0.027586206896551727,False
87.56536039370782,0.010983323023091315,0.12691898042876323,0.9203543178890706,0.027586206896551727,False
87.60715772172264,0.010983323023087379,0.12691898042874372,0.9203543178890857,0.027586206896551727,False
87.64895504973745,0.010983323023083443,0.1269189804287242,0.9203543178891007,0.027586206896551727,False
87.69075237775228,0.010983323023079505,0.12691898042870473,0.9203543178891158,0.027586206896551727,False
87.73254970576708,0.010983323023075569,0.12691898042868524,0.9203543178891308,0.027586206896551727,False
87.7743470337819,0.010983323023071631,0.12691898042866573,0.9203543178891457,0.027586206896551727,False
87.8161443617967,0.010983323023067693,0.12691898042864624,0.9203543178891607,0.027586206896551727,False
87.85794168981154,0.010983323023063757,0.12691898042862673,0.9203543178891758,0.027586206896551727,False
87.89973901782635,0.010983323023059821,0.12691898042860725,0.9203543178891908,0.027586206896551727,False
87.94153634584114,0.010983323023055882,0.12691898042858776,0.9203543178892059,0.027586206896551727,False
87.98333367385595,0.010983323023051944,0.12691898042856828,0.920354317889221,0.027586206896551727,False
88.02513100187079,0.010983323023048008,0.12691898042854877,0.9203543178892359,0.027586206896551727,False
88.0669283298856,0.010983323023044072,0.12691898042852928,0.9203543178892508,0.027586206896551727,False
88.10872565790041,0.010983323023040132,0.1269189804285098,0.9203543178892658,0.027586206896551727,False
88.15052298591523,0.010983323023036196,0.1269189804284903,0.9203543178892809,0.027586206896551727,False
88.19232031393003,0.01098332302303226,0.12691898042847077,0.9203543178892959,0.027586206896551727,False
88.23411764194486,0.010983323023028322,0.1269189804284513,0.920354317889311,0.027586206896551727,False
88.27591496995967,0.010983323023024384,0.1269189804284318,0.920354317889326,0.027586206896551727,False
88.31771229797448,0.010983323023020448,0.1269189804284123,0.9203543178893411,0.027586206896551727,False
88.35950962598929,0.01098332302301651,0.1269189804283928,0.920354317889356,0.027586206896551727,False
88.40130695400411,0.010983323023012574,0.1269189804283733,0.9203543178893709,0.027586206896551727,False
88.44310428201892,0.010983323023008636,0.12691898042835384,0.920354317889386,0.027586206896551727,False
88.48490161003373,0.010983323023004699,0.12691898042833433,0.920354317889401,0.027586206896551727,False
88.52669893804855,0.01098332302300076,0.12691898042831487,0.9203543178894161,0.027586206896551727,False
88.56849626606338,0.010983323022996823,0.12691898042829536,0.9203543178894311,0.027586206896551727,False
88.61029359407819,0.010983323022992887,0.12691898042827585,0.9203543178894462,0.027586206896551727,False
88.652090922093,0.010983323022988949,0.12691898042825633,0.9203543178894611,0.027586206896551727,False
88.6938882501078,0.010983323022985011,0.12691898042823685,0.9203543178894761,0.027586206896551727,False
88.73568557812261,0.010983323022981073,0.12691898042821737,0.9203543178894912,0.027586206896551727,False
88.77748290613745,0.010983323022977137,0.12691898042819785,0.9203543178895062,0.027586206896551727,False
88.81928023415226,0.0109833230229732,0.12691898042817837,0.9203543178895213,0.027586206896551727,False
88.86107756216705,0.010983323022969263,0.12691898042815886,0.9203543178895363,0.027586206896551727,False
88.90287489018188,0.010983323022965326,0.12691898042813937,0.9203543178895514,0.027586206896551727,False
88.9446722181967,0.01098332302296139,0.12691898042811986,0.9203543178895661,0.027586206896551727,False
88.98646954621151,0.010983323022957452,0.1269189804281004,0.9203543178895812,0.027586206896551727,False
89.02826687422633,0.010983323022953516,0.1269189804280809,0.9203543178895963,0.027586206896551727,False
89.07006420224113,0.010983323022949578,0.12691898042806143,0.9203543178896113,0.027586206896551727,False
89.11186153025595,0.01098332302294564,0.12691898042804192,0.9203543178896264,0.027586206896551727,False
89.15365885827077,0.010983323022941704,0.12691898042802244,0.9203543178896414,0.027586206896551727,False
89.19545618628558,0.010983323022937768,0.12691898042800298,0.9203543178896563,0.027586206896551727,False
89.23725351430039,0.010983323022933828,0.1269189804279835,0.9203543178896714,0.027586206896551727,False
89.27905084231521,0.01098332302292989,0.12691898042796398,0.9203543178896864,0.027586206896551727,False
89.32084817033002,0.010983323022925954,0.12691898042794447,0.9203543178897015,0.027586206896551727,False
89.36264549834483,0.010983323022922018,0.126918980427925,0.9203543178897164,0.027586206896551727,False
89.40444282635966,0.010983323022918079,0.1269189804279055,0.9203543178897315,0.027586206896551727,False
89.44624015437446,0.01098332302291414,0.126918980427886,0.9203543178897465,0.027586206896551727,False
89.48803748238929,0.010983323022910205,0.1269189804278665,0.9203543178897616,0.027586206896551727,False
89.5298348104041,0.010983323022906269,0.12691898042784705,0.9203543178897765,0.027586206896551727,False
89.5716321384189,0.01098332302290233,0.12691898042782754,0.9203543178897915,0.027586206896551727,False
89.61342946643371,0.010983323022898393,0.12691898042780805,0.9203543178898066,0.027586206896551727,False
89.65522679444855,0.010983323022894457,0.1269189804277886,0.9203543178898217,0.027586206896551727,False
89.69702412246336,0.010983323022890519,0.1269189804277691,0.9203543178898367,0.027586206896551727,False
89.73882145047816,0.010983323022886583,0.1269189804277496,0.9203543178898518,0.027586206896551727,False
89.78061877849298,0.010983323022882645,0.1269189804277301,0.9203543178898665,0.027586206896551727,False
89.82241610650779,0.010983323022878707,0.12691898042771066,0.9203543178898816,0.027586206896551727,False
89.86421343452261,0.01098332302287477,0.12691898042769117,0.9203543178898967,0.027586206896551727,False
89.90601076253743,0.010983323022870833,0.12691898042767163,0.9203543178899117,0.027586206896551727,False
89.94780809055224,0.010983323022866897,0.12691898042765218,0.9203543178899268,0.027586206896551727,False
89.98960541856704,0.01098332302286296,0.1269189804276327,0.9203543178899418,0.027586206896551727,False
90.03140274658188,0.010983323022859023,0.1269189804276132,0.9203543178899569,0.027586206896551727,False
90.07320007459668,0.010983323022855155,0.12691898042759373,0.9203543178899714,0.027586206896551727,False
90.1149974026115,0.010983323022851734,0.12691898042757424,0.9203543178899829,0.027586206896551727,False
90.1567947306263,0.010983323022848495,0.12691898042755476,0.9203543178899933,0.027586206896551727,False
90.19859205864113,0.010983323022845323,0.12691898042753524,0.9203543178900032,0.027586206896551727,False
90.24038938665593,0.010983323022842046,0.12691898042751576,0.9203543178900138,0.027586206896551727,False
90.28218671467076,0.01098332302283876,0.12691898042749628,0.9203543178900246,0.027586206896551727,False
90.32398404268557,0.010983323022835468,0.12691898042747676,0.9203543178900352,0.027586206896551727,False
90.36578137070039,0.010983323022832175,0.12691898042745728,0.920354317890046,0.027586206896551727,False
90.40757869871521,0.010983323022828879,0.12691898042743782,0.9203543178900567,0.027586206896551727,False
90.44937602673001,0.010983323022825583,0.12691898042741834,0.9203543178900674,0.027586206896551727,False
90.49117335474482,0.010983323022822294,0.12691898042739883,0.9203543178900782,0.027586206896551727,False
90.53297068275963,0.010983323022818958,0.12691898042737937,0.9203543178900891,0.027586206896551727,False
90.57476801077446,0.01098332302281564,0.12691898042735988,0.9203543178901001,0.027586206896551727,False
90.61656533878927,0.010983323022812347,0.12691898042734043,0.9203543178901108,0.027586206896551727,False
90.65836266680407,0.010983323022809048,0.12691898042732094,0.9203543178901216,0.027586206896551727,False
90.70015999481889,0.01098332302280574,0.12691898042730143,0.9203543178901323,0.027586206896551727,False
90.74195732283371,0.010983323022802438,0.12691898042728195,0.9203543178901431,0.027586206896551727,False
90.78375465084852,0.010983323022799214,0.12691898042726243,0.9203543178901533,0.027586206896551727,False
90.82555197886334,0.010983323022795945,0.12691898042724298,0.920354317890164,0.027586206896551727,False
90.86734930687814,0.0109833230227927,0.1269189804272235,0.9203543178901744,0.027586206896551727,False
90.90914663489296,0.010983323022789588,0.126918980427204,0.9203543178901838,0.027586206896551727,False
90.95094396290779,0.010983323022786479,0.1269189804271845,0.9203543178901933,0.027586206896551727,False
90.9927412909226,0.010983323022783369,0.12691898042716504,0.9203543178902028,0.027586206896551727,False
91.0345386189374,0.01098332302278026,0.12691898042714558,0.9203543178902124,0.027586206896551727,False
91.07633594695221,0.010983323022777113,0.12691898042712607,0.9203543178902222,0.027586206896551727,False
91.11813327496704,0.010983323022773833,0.12691898042710661,0.9203543178902328,0.027586206896551727,False
91.15993060298185,0.010983323022770561,0.1269189804270871,0.9203543178902434,0.027586206896551727,False
91.20172793099667,0.010983323022767449,0.12691898042706762,0.9203543178902529,0.027586206896551727,False
91.24352525901148,0.010983323022764339,0.12691898042704813,0.9203543178902623,0.027586206896551727,False
91.2853225870263,0.01098332302276123,0.12691898042702865,0.9203543178902719,0.027586206896551727,False
91.32711991504111,0.01098332302275812,0.12691898042700914,0.9203543178902813,0.027586206896551727,False
91.36891724305592,0.010983323022755011,0.12691898042698965,0.9203543178902909,0.027586206896551727,False
91.41071457107073,0.0109833230227519,0.12691898042697014,0.9203543178903003,0.027586206896551727,False
91.45251189908556,0.01098332302274879,0.12691898042695066,0.9203543178903099,0.027586206896551727,False
91.49430922710037,0.010983323022745682,0.1269189804269312,0.9203543178903193,0.027586206896551727,False
91.53610655511517,0.010983323022742571,0.12691898042691171,0.9203543178903288,0.027586206896551727,False
91.57790388312999,0.010983323022739463,0.12691898042689223,0.9203543178903383,0.027586206896551727,False
91.6197012111448,0.01098332302273635,0.12691898042687272,0.9203543178903478,0.027586206896551727,False
91.66149853915962,0.010983323022733102,0.12691898042685323,0.9203543178903583,0.027586206896551727,False
91.70329586717445,0.010983323022729868,0.12691898042683375,0.9203543178903687,0.027586206896551727,False
91.74509319518924,0.0109833230227266,0.12691898042681427,0.9203543178903792,0.027586206896551727,False
91.78689052320405,0.010983323022723345,0.12691898042679478,0.9203543178903897,0.027586206896551727,False
91.82868785121889,0.010983323022720117,0.12691898042677532,0.9203543178903999,0.027586206896551727,False
91.8704851792337,0.01098332302271689,0.1269189804267558,0.9203543178904101,0.027586206896551727,False
91.9122825072485,0.010983323022713775,0.12691898042673633,0.9203543178904198,0.027586206896551727,False
91.95407983526333,0.010983323022710665,0.12691898042671682,0.9203543178904293,0.027586206896551727,False
91.99587716327814,0.010983323022707554,0.12691898042669733,0.9203543178904388,0.027586206896551727,False
92.03767449129295,0.010983323022704444,0.12691898042667785,0.9203543178904483,0.027586206896551727,False
92.07947181930777,0.010983323022701334,0.12691898042665836,0.9203543178904577,0.027586206896551727,False
92.12126914732258,0.010983323022698225,0.12691898042663885,0.9203543178904673,0.027586206896551727,False
92.16306647533739,0.010983323022695116,0.12691898042661937,0.9203543178904767,0.027586206896551727,False
92.20486380335221,0.010983323022692006,0.12691898042659988,0.9203543178904863,0.027586206896551727,False
92.24666113136702,0.010983323022688896,0.12691898042658037,0.9203543178904957,0.027586206896551727,False
92.28845845938183,0.010983323022685785,0.12691898042656088,0.9203543178905053,0.027586206896551727,False
92.33025578739665,0.010983323022682675,0.12691898042654137,0.9203543178905147,0.027586206896551727,False
92.37205311541148,0.01098332302267957,0.12691898042652192,0.9203543178905242,0.027586206896551727,False
92.41385044342627,0.01098332302267646,0.1269189804265024,0.9203543178905337,0.027586206896551727,False
92.4556477714411,0.010983323022673349,0.12691898042648292,0.9203543178905431,0.027586206896551727,False
92.4974450994559,0.010983323022670239,0.12691898042646343,0.9203543178905527,0.027586206896551727,False
92.53924242747073,0.01098332302266713,0.12691898042644395,0.9203543178905622,0.027586206896551727,False
92.58103975548555,0.010983323022664021,0.12691898042642444,0.9203543178905716,0.027586206896551727,False
92.62283708350036,0.010983323022660911,0.12691898042640495,0.9203543178905811,0.027586206896551727,False
92.66463441151515,0.010983323022657802,0.12691898042638547,0.9203543178905906,0.027586206896551727,False
92.70643173952996,0.010983323022654692,0.12691898042636596,0.9203543178906001,0.027586206896551727,False
92.7482290675448,0.010983323022651582,0.12691898042634647,0.9203543178906096,0.027586206896551727,False
92.79002639555961,0.010983323022648471,0.126918980426327,0.9203543178906191,0.027586206896551727,False
92.83182372357442,0.010983323022645363,0.12691898042630748,0.9203543178906286,0.027586206896551727,False
92.87362105158923,0.010983323022642252,0.126918980426288,0.9203543178906383,0.027586206896551727,False
92.91541837960405,0.010983323022639144,0.1269189804262685,0.9203543178906477,0.027586206896551727,False
92.95721570761886,0.010983323022636035,0.12691898042624902,0.9203543178906572,0.027586206896551727,False
92.99901303563368,0.010983323022632925,0.1269189804262295,0.9203543178906667,0.027586206896551727,False
93.04081036364849,0.010983323022629814,0.12691898042621,0.9203543178906762,0.027586206896551727,False
93.08260769166333,0.010983323022626706,0.12691898042619051,0.9203543178906857,0.027586206896551727,False
93.12440501967812,0.010983323022623594,0.12691898042617103,0.9203543178906952,0.027586206896551727,False
93.16620234769293,0.010983323022620485,0.12691898042615155,0.9203543178907047,0.027586206896551727,False
93.20799967570774,0.010983323022617376,0.12691898042613206,0.9203543178907142,0.027586206896551727,False
93.24979700372258,0.010983323022614266,0.12691898042611258,0.9203543178907236,0.027586206896551727,False
93.29159433173739,0.010983323022611157,0.12691898042609306,0.9203543178907332,0.027586206896551727,False
93.33339165975218,0.010983323022608049,0.12691898042607358,0.9203543178907426,0.027586206896551727,False
93.375188987767,0.010983323022604938,0.1269189804260541,0.9203543178907522,0.027586206896551727,False
93.41698631578181,0.01098332302260183,0.12691898042603458,0.9203543178907616,0.027586206896551727,False
93.45878364379664,0.010983323022598718,0.1269189804260151,0.920354317890771,0.027586206896551727,False
93.50058097181146,0.01098332302259561,0.1269189804259956,0.9203543178907806,0.027586206896551727,False
93.54237829982625,0.010983323022592499,0.1269189804259761,0.92035431789079,0.027586206896551727,False
93.58417562784106,0.01098332302258939,0.12691898042595662,0.9203543178907996,0.027586206896551727,False
93.6259729558559,0.01098332302258628,0.12691898042593713,0.920354317890809,0.027586206896551727,False
93.66777028387071,0.010983323022583171,0.12691898042591765,0.9203543178908186,0.027586206896551727,False
93.70956761188552,0.010983323022580063,0.12691898042589814,0.920354317890828,0.027586206896551727,False
93.75136493990034,0.010983323022576952,0.12691898042587865,0.9203543178908375,0.027586206896551727,False
93.79316226791515,0.010983323022573842,0.12691898042585914,0.920354317890847,0.027586206896551727,False
93.83495959592996,0.010983323022570731,0.12691898042583966,0.9203543178908565,0.027586206896551727,False
93.87675692394478,0.010983323022567623,0.12691898042582017,0.920354317890866,0.027586206896551727,False
93.91855425195959,0.010983323022564512,0.1269189804258007,0.9203543178908755,0.027586206896551727,False
93.9603515799744,0.010983323022561404,0.12691898042578117,0.920354317890885,0.027586206896551727,False
94.00214890798922,0.010983323022558293,0.1269189804257617,0.9203543178908944,0.027586206896551727,False
94.04394623600403,0.010983323022555185,0.12691898042574218,0.9203543178909039,0.027586206896551727,False
94.08574356401884,0.010983323022552074,0.12691898042572272,0.9203543178909134,0.027586206896551727,False
94.12754089203366,0.010983323022548968,0.12691898042570324,0.9203543178909229,0.027586206896551727,False
94.16933822004849,0.010983323022545859,0.12691898042568375,0.9203543178909325,0.027586206896551727,False
94.21113554806328,0.010983323022542749,0.12691898042566424,0.9203543178909421,0.027586206896551727,False
94.2529328760781,0.010983323022539638,0.12691898042564476,0.9203543178909516,0.027586206896551727,False
94.29473020409291,0.010983323022536528,0.12691898042562527,0.9203543178909611,0.027586206896551727,False
94.33652753210774,0.01098332302253342,0.12691898042560576,0.9203543178909706,0.027586206896551727,False
94.37832486012256,0.010983323022530312,0.12691898042558628,0.92035431789098,0.027586206896551727,False
94.42012218813737,0.010983323022527204,0.12691898042556676,0.9203543178909895,0.027586206896551727,False
94.46191951615216,0.010983323022524099,0.12691898042554728,0.9203543178909989,0.027586206896551727,False
94.50371684416699,0.010983323022520992,0.1269189804255278,0.9203543178910083,0.027586206896551727,False
94.54551417218181,0.010983323022517883,0.1269189804255083,0.9203543178910178,0.027586206896551727,False
94.58731150019662,0.010983323022514774,0.1269189804254888,0.9203543178910273,0.027586206896551727,False
94.62910882821144,0.010983323022511666,0.1269189804254693,0.9203543178910368,0.027586206896551727,False
94.67090615622624,0.010983323022508555,0.1269189804254498,0.9203543178910463,0.027586206896551727,False
94.71270348424106,0.010983323022505447,0.12691898042543032,0.9203543178910557,0.027586206896551727,False
94.75450081225588,0.010983323022502338,0.12691898042541083,0.9203543178910653,0.027586206896551727,False
94.7962981402707,0.01098332302249923,0.12691898042539135,0.9203543178910747,0.027586206896551727,False
94.8380954682855,0.010983323022496147,0.12691898042537186,0.920354317891084,0.027586206896551727,False
94.87989279630034,0.010983323022493092,0.12691898042535238,0.9203543178910933,0.027586206896551727,False
94.92169012431513,0.010983323022490077,0.1269189804253329,0.9203543178911021,0.027586206896551727,False
94.96348745232994,0.010983323022487126,0.1269189804253134,0.9203543178911107,0.027586206896551727,False
95.00528478034475,0.010983323022484172,0.12691898042529393,0.9203543178911191,0.027586206896551727,False
95.04708210835958,0.010983323022481162,0.12691898042527447,0.9203543178911279,0.027586206896551727,False
95.0888794363744,0.010983323022478121,0.12691898042525496,0.920354317891137,0.027586206896551727,False
95.1306767643892,0.010983323022475257,0.12691898042523547,0.9203543178911447,0.027586206896551727,False
95.17247409240402,0.010983323022472393,0.12691898042521602,0.9203543178911526,0.027586206896551727,False
95.21427142041883,0.01098332302246953,0.12691898042519653,0.9203543178911604,0.027586206896551727,False
95.25606874843366,0.010983323022466674,0.12691898042517705,0.9203543178911683,0.027586206896551727,False
95.29786607644847,0.010983323022463963,0.12691898042515756,0.9203543178911752,0.027586206896551727,False
95.33966340446327,0.010983323022461244,0.1269189804251381,0.920354317891182,0.027586206896551727,False
95.38146073247808,0.01098332302245854,0.1269189804251186,0.9203543178911888,0.027586206896551727,False
95.42325806049291,0.01098332302245582,0.12691898042509914,0.9203543178911957,0.027586206896551727,False
95.46505538850772,0.010983323022453109,0.12691898042507965,0.9203543178912026,0.027586206896551727,False
95.50685271652253,0.0109833230224504,0.12691898042506017,0.9203543178912095,0.027586206896551727,False
95.54865004453734,0.010983323022447701,0.12691898042504068,0.9203543178912162,0.027586206896551727,False
95.59044737255215,0.010983323022444983,0.1269189804250212,0.9203543178912231,0.027586206896551727,False
95.63224470056697,0.01098332302244233,0.1269189804250017,0.9203543178912295,0.027586206896551727,False
95.6740420285818,0.010983323022439706,0.1269189804249822,0.9203543178912358,0.027586206896551727,False
95.7158393565966,0.010983323022437081,0.12691898042496272,0.9203543178912421,0.027586206896551727,False
95.75763668461141,0.010983323022434441,0.12691898042494323,0.9203543178912484,0.027586206896551727,False
95.79943401262624,0.010983323022431754,0.12691898042492378,0.920354317891255,0.027586206896551727,False
95.84123134064104,0.010983323022429048,0.1269189804249043,0.9203543178912619,0.027586206896551727,False
95.88302866865585,0.010983323022426331,0.12691898042488478,0.9203543178912688,0.027586206896551727,False
95.92482599667068,0.010983323022423601,0.1269189804248653,0.9203543178912756,0.027586206896551727,False
95.9666233246855,0.010983323022420909,0.1269189804248458,0.9203543178912824,0.027586206896551727,False
96.0084206527003,0.010983323022418194,0.12691898042482627,0.9203543178912893,0.027586206896551727,False
96.05021798071512,0.010983323022415467,0.12691898042480676,0.9203543178912962,0.027586206896551727,False
96.09201530872993,0.010983323022412603,0.1269189804247872,0.9203543178913042,0.027586206896551727,False
96.13381263674475,0.01098332302240974,0.12691898042476765,0.920354317891312,0.027586206896551727,False
96.17560996475957,0.010983323022406828,0.1269189804247481,0.92035431789132,0.027586206896551727,False
96.21740729277437,0.010983323022403874,0.12691898042472857,0.9203543178913285,0.027586206896551727,False
96.25920462078918,0.010983323022400921,0.12691898042470898,0.9203543178913367,0.027586206896551727,False
96.301001948804,0.010983323022397965,0.12691898042468946,0.9203543178913453,0.027586206896551727,False
96.34279927681882,0.010983323022395013,0.12691898042466992,0.9203543178913537,0.027586206896551727,False
96.38459660483363,0.010983323022392058,0.12691898042465038,0.9203543178913622,0.027586206896551727,False
96.42639393284846,0.010983323022389174,0.12691898042463082,0.9203543178913701,0.027586206896551727,False
96.46819126086325,0.01098332302238631,0.12691898042461128,0.920354317891378,0.027586206896551727,False
96.50998858887807,0.010983323022383447,0.12691898042459174,0.9203543178913858,0.027586206896551727,False
96.5517859168929,0.01098332302238069,0.12691898042457217,0.9203543178913928,0.027586206896551727,False
96.5935832449077,0.010983323022377986,0.12691898042455263,0.9203543178913997,0.027586206896551727,False
96.63538057292251,0.010983323022375263,0.1269189804245331,0.9203543178914065,0.027586206896551727,False
96.67717790093734,0.010983323022372555,0.12691898042451355,0.9203543178914132,0.027586206896551727,False
96.71897522895215,0.010983323022369882,0.12691898042449398,0.9203543178914199,0.027586206896551727,False
96.76077255696696,0.010983323022367257,0.12691898042447444,0.920354317891426,0.027586206896551727,False
96.80256988498178,0.010983323022364632,0.1269189804244549,0.9203543178914323,0.027586206896551727,False
96.84436721299659,0.010983323022362006,0.12691898042443536,0.9203543178914384,0.027586206896551727,False
96.8861645410114,0.010983323022359373,0.12691898042441582,0.9203543178914447,0.027586206896551727,False
96.92796186902622,0.010983323022356668,0.1269189804243962,0.9203543178914516,0.027586206896551727,False
96.96975919704103,0.010983323022353957,0.12691898042437658,0.9203543178914582,0.027586206896551727,False
97.01155652505584,0.010983323022351296,0.12691898042435698,0.9203543178914647,0.027586206896551727,False
97.05335385307067,0.010983323022348671,0.12691898042433739,0.9203543178914709,0.027586206896551727,False
97.09515118108548,0.010983323022346043,0.1269189804243178,0.9203543178914773,0.027586206896551727,False
97.13694850910028,0.010983323022343418,0.1269189804242982,0.9203543178914834,0.027586206896551727,False
97.17874583711509,0.010983323022340796,0.12691898042427857,0.9203543178914896,0.027586206896551727,False
97.22054316512993,0.010983323022338171,0.12691898042425898,0.9203543178914957,0.027586206896551727,False
97.26234049314473,0.010983323022335546,0.12691898042423935,0.9203543178915019,0.027586206896551727,False
97.30413782115956,0.010983323022332922,0.12691898042421976,0.920354317891508,0.027586206896551727,False
97.34593514917435,0.010983323022330295,0.12691898042420013,0.9203543178915143,0.027586206896551727,False
97.38773247718916,0.01098332302232767,0.12691898042418054,0.9203543178915204,0.027586206896551727,False
97.429529805204,0.010983323022325046,0.1269189804241562,0.9203543178915239,0.027586206896551727,False
97.47132713321881,0.01098332302232242,0.12691898042412797,0.9203543178915252,0.027586206896551727,False
97.51312446123362,0.010983323022319675,0.12691898042409244,0.9203543178915231,0.027586206896551727,False
97.55492178924841,0.010983323022316872,0.12691898042405342,0.9203543178915192,0.027586206896551727,False
97.59671911726325,0.010983323022313968,0.12691898042401434,0.9203543178915159,0.027586206896551727,False
97.63851644527806,0.010983323022311016,0.12691898042397529,0.9203543178915132,0.027586206896551727,False
97.68031377329287,0.010983323022308061,0.12691898042393623,0.9203543178915102,0.027586206896551727,False
97.72211110130769,0.010983323022305109,0.12691898042389715,0.9203543178915073,0.027586206896551727,False
97.76390842932251,0.010983323022302156,0.1269189804238581,0.9203543178915046,0.027586206896551727,False
97.80570575733731,0.010983323022299268,0.12691898042381902,0.9203543178915012,0.027586206896551727,False
97.84750308535213,0.010983323022296466,0.12691898042377997,0.9203543178914975,0.027586206896551727,False
97.88930041336694,0.01098332302229382,0.12691898042374095,0.9203543178914925,0.027586206896551727,False
97.93109774138175,0.010983323022291195,0.12691898042370187,0.9203543178914876,0.027586206896551727,False
97.97289506939659,0.01098332302228857,0.1269189804236628,0.9203543178914824,0.027586206896551727,False
98.01469239741138,0.010983323022285944,0.1269189804236237,0.9203543178914774,0.027586206896551727,False
98.05648972542619,0.010983323022283319,0.12691898042358457,0.9203543178914723,0.027586206896551727,False
98.09828705344101,0.010983323022280694,0.12691898042354546,0.9203543178914673,0.027586206896551727,False
98.14008438145584,0.010983323022278068,0.12691898042350636,0.9203543178914623,0.027586206896551727,False
98.18188170947064,0.010983323022275443,0.12691898042346725,0.920354317891457,0.027586206896551727,False
98.22367903748547,0.010983323022272819,0.1269189804234281,0.9203543178914521,0.027586206896551727,False
98.26547636550026,0.010983323022270194,0.12691898042338903,0.920354317891447,0.027586206896551727,False
98.30727369351509,0.010983323022267568,0.12691898042334945,0.9203543178914416,0.027586206896551727,False
98.34907102152991,0.01098332302226493,0.12691898042330552,0.9203543178914338,0.027586206896551727,False
98.39086834954472,0.010983323022262263,0.12691898042324892,0.920354317891419,0.027586206896551727,False
98.43266567755953,0.010983323022259638,0.12691898042319033,0.9203543178914028,0.027586206896551727,False
98.47446300557434,0.010983323022257014,0.1269189804231318,0.9203543178913863,0.027586206896551727,False
98.51626033358916,0.01098332302225439,0.1269189804230732,0.9203543178913701,0.027586206896551727,False
98.55805766160397,0.010983323022251766,0.12691898042301464,0.9203543178913537,0.027586206896551727,False
98.59985498961879,0.010983323022249141,0.12691898042295607,0.9203543178913375,0.027586206896551727,False
98.6416523176336,0.010983323022246517,0.1269189804228975,0.920354317891321,0.027586206896551727,False
98.68344964564841,0.010983323022243892,0.12691898042283895,0.9203543178913048,0.027586206896551727,False
98.72524697366323,0.010983323022241268,0.1269189804227803,0.9203543178912883,0.027586206896551727,False
98.76704430167804,0.010983323022238643,0.1269189804227217,0.9203543178912721,0.027586206896551727,False
98.80884162969285,0.010983323022236018,0.12691898042266306,0.9203543178912558,0.027586206896551727,False
98.85063895770769,0.010983323022233394,0.12691898042260444,0.9203543178912393,0.027586206896551727,False
98.8924362857225,0.010983323022230769,0.12691898042254582,0.9203543178912231,0.027586206896551727,False
98.93423361373729,0.010983323022228144,0.1269189804224872,0.9203543178912067,0.027586206896551727,False
98.97603094175211,0.01098332302222552,0.12691898042241959,0.9203543178911853,0.027586206896551727,False
99.01782826976694,0.010983323022222897,0.1269189804223417,0.9203543178911576,0.027586206896551727,False
99.05962559778175,0.010983323022220272,0.1269189804222636,0.9203543178911302,0.027586206896551727,False
99.10142292579657,0.010983323022217648,0.12691898042218555,0.9203543178911027,0.027586206896551727,False
99.14322025381136,0.010983323022215023,0.12691898042210747,0.920354317891075,0.027586206896551727,False
99.18501758182617,0.010983323022212398,0.1269189804220294,0.9203543178910475,0.027586206896551727,False
99.22681490984101,0.010983323022209774,0.1269189804219513,0.9203543178910198,0.027586206896551727,False
99.26861223785582,0.010983323022207149,0.12691898042187316,0.9203543178909923,0.027586206896551727,False
99.31040956587063,0.010983323022204524,0.12691898042179503,0.9203543178909646,0.027586206896551727,False
99.35220689388544,0.0109833230222019,0.1269189804217169,0.920354317890937,0.027586206896551727,False
99.39400422190026,0.010983323022199275,0.12691898042163874,0.9203543178909093,0.027586206896551727,False
99.43580154991507,0.01098332302219665,0.1269189804215571,0.9203543178908797,0.027586206896551727,False
99.47759887792989,0.010983323022194026,0.12691898042146002,0.9203543178908413,0.027586206896551727,False
99.5193962059447,0.010983323022191403,0.12691898042136246,0.9203543178908024,0.027586206896551727,False
99.56119353395952,0.01098332302218901,0.12691898042126487,0.9203543178907619,0.027586206896551727,False
99.60299086197433,0.010983323022187012,0.12691898042116728,0.9203543178907189,0.027586206896551727,False
99.64478818998914,0.010983323022185012,0.1269189804210697,0.9203543178906759,0.027586206896551727,False
99.68658551800395,0.01098332302218301,0.12691898042097205,0.9203543178906328,0.027586206896551727,False
99.72838284601876,0.010983323022181008,0.1269189804208744,0.92035431789059,0.027586206896551727,False
99.7701801740336,0.010983323022179005,0.1269189804207768,0.9203543178905469,0.027586206896551727,False
99.81197750204839,0.010983323022176994,0.1269189804206787,0.9203543178905036,0.027586206896551727,False
99.8537748300632,0.010983323022174665,0.1269189804205652,0.9203543178904536,0.027586206896551727,False
99.89557215807802,0.010983323022172264,0.1269189804204481,0.9203543178904021,0.027586206896551727,False
99.93736948609285,0.010983323022169865,0.12691898042033103,0.9203543178903504,0.027586206896551727,False
99.97916681410766,0.010983323022167464,0.12691898042021393,0.9203543178902989,0.027586206896551727,False
100.02096414212247,0.010983323022165063,0.12691898042009678,0.9203543178902471,0.027586206896551727,False
100.06276147013727,0.01098332302216266,0.12691898041997962,0.9203543178901956,0.027586206896551727,False
100.10455879815211,0.01098332302216026,0.12691898041986246,0.9203543178901439,0.027586206896551727,False
100.14635612616692,0.010983323022157807,0.12691898041974276,0.920354317890091,0.027586206896551727,False
100.18815345418173,0.010983323022155187,0.12691898041960764,0.9203543178900305,0.027586206896551727,False
100.22995078219654,0.010983323022152915,0.12691898041947103,0.9203543178899669,0.027586206896551727,False
100.27174811021135,0.010983323022150871,0.12691898041933444,0.9203543178899015,0.027586206896551727,False
100.31354543822617,0.010983323022148687,0.1269189804191978,0.9203543178898372,0.027586206896551727,False
100.35534276624098,0.010983323022146623,0.12691898041906113,0.920354317889772,0.027586206896551727,False
100.3971400942558,0.010983323022144578,0.1269189804189245,0.9203543178897068,0.027586206896551727,False
100.43893742227061,0.010983323022142475,0.12691898041878233,0.9203543178896387,0.027586206896551727,False
100.48073475028542,0.010983323022140234,0.12691898041862634,0.9203543178895637,0.027586206896551727,False
100.52253207830024,0.010983323022137958,0.12691898041847027,0.9203543178894887,0.027586206896551727,False
100.56432940631505,0.010983323022135552,0.12691898041831415,0.9203543178894145,0.027586206896551727,False
100.60612673432986,0.01098332302213333,0.12691898041815797,0.9203543178893391,0.027586206896551727,False
100.6479240623447,0.01098332302213148,0.1269189804180018,0.9203543178892614,0.027586206896551727,False
100.6897213903595,0.010983323022129524,0.12691898041784042,0.9203543178891811,0.027586206896551727,False
100.7315187183743,0.01098332302212728,0.1269189804176648,0.9203543178890946,0.027586206896551727,False
100.77331604638913,0.010983323022125034,0.12691898041748917,0.9203543178890082,0.027586206896551727,False
100.81511337440394,0.010983323022122788,0.12691898041731353,0.9203543178889217,0.027586206896551727,False
100.85691070241876,0.010983323022120541,0.12691898041713784,0.9203543178888354,0.027586206896551727,False
100.89870803043358,0.010983323022118277,0.12691898041696137,0.9203543178887486,0.027586206896551727,False
100.94050535844838,0.010983323022115696,0.12691898041676858,0.9203543178886545,0.027586206896551727,False
100.98230268646319,0.01098332302211365,0.12691898041657346,0.9203543178885553,0.027586206896551727,False
101.02410001447802,0.010983323022112055,0.1269189804163783,0.9203543178884533,0.027586206896551727,False
101.06589734249283,0.010983323022110424,0.12691898041618313,0.9203543178883515,0.027586206896551727,False
101.10769467050764,0.010983323022108785,0.1269189804159863,0.9203543178882487,0.027586206896551727,False
101.14949199852245,0.010983323022106861,0.12691898041577226,0.9203543178881379,0.027586206896551727,False
101.19128932653727,0.010983323022104937,0.12691898041555763,0.9203543178880268,0.027586206896551727,False
101.23308665455208,0.01098332302210282,0.12691898041534297,0.9203543178879171,0.027586206896551727,False
101.2748839825669,0.010983323022100746,0.12691898041512825,0.9203543178878067,0.027586206896551727,False
101.31668131058171,0.010983323022098798,0.12691898041490207,0.9203543178876891,0.027586206896551727,False
101.35847863859651,0.010983323022096708,0.12691898041466793,0.9203543178875679,0.027586206896551727,False
101.40027596661135,0.010983323022094617,0.12691898041443375,0.9203543178874466,0.027586206896551727,False
101.44207329462616,0.010983323022092522,0.12691898041419952,0.9203543178873254,0.027586206896551727,False
101.48387062264096,0.010983323022090229,0.12691898041395558,0.9203543178871997,0.027586206896551727,False
101.52566795065579,0.010983323022087734,0.12691898041370192,0.9203543178870699,0.027586206896551727,False
101.56746527867061,0.010983323022085309,0.12691898041344823,0.9203543178869394,0.027586206896551727,False
101.6092626066854,0.010983323022083553,0.12691898041319452,0.9203543178868048,0.027586206896551727,False
101.65105993470023,0.010983323022081883,0.1269189804129276,0.9203543178866618,0.027586206896551727,False
101.69285726271504,0.01098332302208013,0.1269189804126544,0.9203543178865156,0.027586206896551727,False
101.73465459072986,0.010983323022078358,0.1269189804123812,0.9203543178863697,0.027586206896551727,False
101.77645191874468,0.010983323022076252,0.12691898041210517,0.9203543178862243,0.027586206896551727,False
101.81824924675948,0.010983323022074236,0.12691898041181252,0.9203543178860687,0.027586206896551727,False
101.86004657477429,0.0109833230220723,0.12691898041151983,0.9203543178859126,0.027586206896551727,False
101.9018439027891,0.010983323022070363,0.12691898041122707,0.9203543178857565,0.027586206896551727,False
101.94364123080393,0.010983323022068088,0.1269189804109183,0.9203543178855933,0.027586206896551727,False
101.98543855881874,0.010983323022065748,0.12691898041060606,0.9203543178854285,0.027586206896551727,False
102.02723588683354,0.010983323022063498,0.12691898041029384,0.9203543178852632,0.027586206896551727,False
102.06903321484836,0.010983323022061776,0.12691898040996838,0.9203543178850867,0.027586206896551727,False
102.11083054286318,0.010983323022060272,0.12691898040963667,0.9203543178849054,0.027586206896551727,False
102.15262787087799,0.010983323022058804,0.12691898040930497,0.9203543178847234,0.027586206896551727,False
102.19442519889282,0.010983323022057076,0.1269189804089587,0.920354317884535,0.027586206896551727,False
102.23622252690762,0.010983323022055291,0.12691898040860747,0.9203543178843441,0.027586206896551727,False
102.27801985492245,0.010983323022053505,0.12691898040825608,0.920354317884153,0.027586206896551727,False
102.31981718293726,0.01098332302205135,0.12691898040788688,0.9203543178839542,0.027586206896551727,False
102.36161451095207,0.010983323022049277,0.12691898040751617,0.920354317883754,0.027586206896551727,False
102.40341183896687,0.010983323022047584,0.12691898040714022,0.9203543178835482,0.027586206896551727,False
102.44520916698171,0.01098332302204618,0.12691898040674998,0.9203543178833321,0.027586206896551727,False
102.4870064949965,0.010983323022044864,0.12691898040635977,0.9203543178831156,0.027586206896551727,False
102.52880382301132,0.010983323022043297,0.12691898040595506,0.9203543178828922,0.027586206896551727,False
102.57060115102614,0.010983323022041665,0.12691898040554533,0.9203543178826665,0.027586206896551727,False
102.61239847904095,0.010983323022039913,0.1269189804051297,0.9203543178824382,0.027586206896551727,False
102.65419580705577,0.010983323022037882,0.12691898040470045,0.9203543178822038,0.027586206896551727,False
102.6959931350706,0.010983323022035838,0.1269189804042705,0.9203543178819691,0.027586206896551727,False
102.73779046308539,0.010983323022033604,0.12691898040382232,0.9203543178817251,0.027586206896551727,False
102.7795877911002,0.010983323022032096,0.12691898040337357,0.9203543178814761,0.027586206896551727,False
102.82138511911504,0.010983323022030643,0.12691898040290972,0.9203543178812178,0.027586206896551727,False
102.86318244712984,0.010983323022029165,0.12691898040244146,0.9203543178809572,0.027586206896551727,False
102.90497977514465,0.01098332302202743,0.12691898040196065,0.9203543178806912,0.027586206896551727,False
102.94677710315946,0.010983323022025555,0.12691898040147287,0.9203543178804219,0.027586206896551727,False
102.98857443117429,0.010983323022023464,0.1269189804009735,0.9203543178801475,0.027586206896551727,False
103.0303717591891,0.010983323022021782,0.12691898040046623,0.9203543178798657,0.027586206896551727,False
103.07216908720392,0.010983323022020463,0.1269189803999472,0.9203543178795748,0.027586206896551727,False
103.11396641521873,0.01098332302201914,0.12691898039942043,0.9203543178792795,0.027586206896551727,False
103.15576374323352,0.010983323022017533,0.12691898039887994,0.9203543178789779,0.027586206896551727,False
103.19756107124836,0.010983323022015814,0.12691898039833366,0.9203543178786738,0.027586206896551727,False
103.23935839926317,0.010983323022013812,0.1269189803977707,0.9203543178783621,0.027586206896551727,False
103.28115572727798,0.010983323022012303,0.12691898039720348,0.9203543178780447,0.027586206896551727,False
103.3229530552928,0.010983323022010986,0.1269189803966182,0.9203543178777153,0.027586206896551727,False
103.36475038330762,0.010983323022009593,0.12691898039602603,0.9203543178773825,0.027586206896551727,False
103.40654771132242,0.010983323022008027,0.12691898039542124,0.9203543178770438,0.027586206896551727,False
103.44834503933724,0.01098332302200626,0.12691898039480326,0.9203543178766987,0.027586206896551727,False
103.49014236735205,0.01098332302200493,0.12691898039417795,0.9203543178763464,0.027586206896551727,False
103.53193969536687,0.010983323022003619,0.12691898039353422,0.9203543178759834,0.027586206896551727,False
103.5737370233817,0.01098332302200227,0.1269189803928811,0.9203543178756152,0.027586206896551727,False
103.61553435139649,0.010983323022000882,0.12691898039221783,0.9203543178752412,0.027586206896551727,False
103.6573316794113,0.01098332302199957,0.12691898039153623,0.9203543178748566,0.027586206896551727,False
103.69912900742612,0.010983323021998259,0.12691898039084465,0.9203543178744659,0.027586206896551727,False
103.74092633544095,0.010983323021996946,0.12691898039014202,0.9203543178740687,0.027586206896551727,False
103.78272366345576,0.010983323021995634,0.1269189803894205,0.9203543178736607,0.027586206896551727,False
103.82452099147056,0.010983323021994321,0.1269189803886874,0.9203543178732462,0.027586206896551727,False
103.86631831948537,0.01098332302199301,0.12691898038794194,0.9203543178728244,0.027586206896551727,False
103.9081156475002,0.010983323021991696,0.1269189803871811,0.9203543178723936,0.027586206896551727,False
103.94991297551502,0.010983323021990423,0.12691898038640362,0.9203543178719531,0.027586206896551727,False
103.99171030352983,0.010983323021989198,0.12691898038561275,0.9203543178715046,0.027586206896551727,False
104.03350763154462,0.010983323021987885,0.1269189803848078,0.9203543178710485,0.027586206896551727,False
104.07530495955946,0.010983323021986577,0.12691898038398813,0.9203543178705839,0.027586206896551727,False
104.11710228757427,0.010983323021985507,0.1269189803831496,0.9203543178701066,0.027586206896551727,False
104.15889961558908,0.010983323021984272,0.12691898038229554,0.9203543178696216,0.027586206896551727,False
104.20069694360389,0.01098332302198296,0.12691898038142596,0.9203543178691281,0.027586206896551727,False
104.24249427161871,0.010983323021981902,0.12691898038054023,0.9203543178686235,0.027586206896551727,False
104.28429159963352,0.010983323021981,0.1269189803796379,0.9203543178681085,0.027586206896551727,False
104.32608892764834,0.010983323021979784,0.1269189803787187,0.9203543178675856,0.027586206896551727,False
104.36788625566315,0.010983323021978625,0.12691898037778182,0.9203543178670524,0.027586206896551727,False
104.40968358367796,0.010983323021977966,0.12691898037682608,0.9203543178665048,0.027586206896551727,False
104.4514809116928,0.010983323021976943,0.12691898037585195,0.920354317865949,0.027586206896551727,False
104.49327823970759,0.010983323021975664,0.12691898037485955,0.9203543178653844,0.027586206896551727,False
104.5350755677224,0.010983323021974911,0.12691898037384838,0.9203543178648054,0.027586206896551727,False
104.57687289573721,0.010983323021974096,0.12691898037281824,0.9203543178642158,0.027586206896551727,False
104.61867022375205,0.010983323021972885,0.1269189803717687,0.9203543178636178,0.027586206896551727,False
104.66046755176686,0.01098332302197212,0.12691898037069949,0.9203543178630055,0.027586206896551727,False
104.70226487978167,0.010983323021971447,0.1269189803696102,0.9203543178623808,0.027586206896551727,False
104.74406220779647,0.010983323021970356,0.12691898036850038,0.920354317861747,0.027586206896551727,False
104.78585953581128,0.010983323021969688,0.12691898036736937,0.9203543178610982,0.027586206896551727,False
104.8276568638261,0.010983323021969055,0.12691898036621604,0.9203543178604364,0.027586206896551727,False
104.86945419184093,0.010983323021968062,0.12691898036504126,0.9203543178597646,0.027586206896551727,False
104.91125151985574,0.010983323021967759,0.1269189803638446,0.9203543178590755,0.027586206896551727,False
104.95304884787053,0.010983323021967136,0.1269189803626258,0.9203543178583756,0.027586206896551727,False
104.99484617588537,0.010983323021966718,0.1269189803613847,0.9203543178576616,0.027586206896551727,False
105.03664350390018,0.010983323021966506,0.12691898036012084,0.9203543178569331,0.027586206896551727,False
105.07844083191499,0.010983323021965951,0.12691898035883142,0.9203543178561922,0.027586206896551727,False
105.12023815992981,0.01098332302196589,0.12691898035751778,0.9203543178554339,0.027586206896551727,False
105.16203548794462,0.010983323021965554,0.12691898035618082,0.9203543178546639,0.027586206896551727,False
105.20383281595943,0.010983323021965405,0.12691898035481977,0.9203543178538789,0.027586206896551727,False
105.24563014397425,0.010983323021965325,0.12691898035343066,0.920354317853077,0.027586206896551727,False
105.28742747198906,0.010983323021965023,0.1269189803520168,0.9203543178522625,0.027586206896551727,False
105.32922480000389,0.010983323021965023,0.12691898035057816,0.9203543178514316,0.027586206896551727,False
105.37102212801871,0.010983323021964706,0.1269189803491099,0.9203543178505857,0.027586206896551727,False
105.4128194560335,0.0109833230219646,0.12691898034761634,0.920354317849724,0.027586206896551727,False
105.45461678404831,0.010983323021964484,0.1269189803460942,0.9203543178488456,0.027586206896551727,False
105.49641411206314,0.010983323021964215,0.12691898034454385,0.9203543178479519,0.027586206896551727,False
105.53821144007796,0.010983323021964182,0.12691898034296514,0.9203543178470404,0.027586206896551727,False
105.58000876809277,0.010983323021963882,0.1269189803413565,0.9203543178461132,0.027586206896551727,False
105.62180609610758,0.010983323021963866,0.12691898033971866,0.9203543178451674,0.027586206896551727,False
105.66360342412239,0.010983323021963708,0.12691898033805044,0.9203543178442051,0.027586206896551727,False
105.70540075213721,0.010983323021963708,0.12691898033635057,0.9203543178432233,0.027586206896551727,False
105.74719808015203,0.010983323021963701,0.12691898033462118,0.9203543178422245,0.027586206896551727,False
105.78899540816684,0.010983323021963701,0.12691898033285748,0.9203543178412059,0.027586206896551727,False
105.83079273618164,0.010983323021963701,0.12691898033106225,0.9203543178401691,0.027586206896551727,False
105.87259006419647,0.010983323021963701,0.12691898032923488,0.9203543178391136,0.027586206896551727,False
105.91438739221128,0.010983323021963701,0.1269189803273726,0.920354317838038,0.027586206896551727,False
105.95618472022609,0.010983323021963724,0.12691898032547597,0.9203543178369424,0.027586206896551727,False
105.99798204824091,0.010983323021963738,0.12691898032354498,0.9203543178358272,0.027586206896551727,False
106.03977937625572,0.010983323021964022,0.12691898032157875,0.9203543178346896,0.027586206896551727,False
106.08157670427053,0.01098332302196439,0.12691898031957669,0.9203543178335309,0.027586206896551727,False
106.12337403228535,0.010983323021964614,0.12691898031753773,0.9203543178323518,0.027586206896551727,False
106.16517136030016,0.010983323021965261,0.12691898031546087,0.9203543178311481,0.027586206896551727,False
106.20696868831497,0.0109833230219657,0.1269189803133461,0.9203543178299237,0.027586206896551727,False
106.24876601632981,0.01098332302196622,0.1269189803111929,0.9203543178286766,0.027586206896551727,False
106.2905633443446,0.010983323021966892,0.12691898030900037,0.9203543178274058,0.027586206896551727,False
106.33236067235941,0.010983323021967485,0.1269189803067678,0.9203543178261125,0.027586206896551727,False
106.37415800037424,0.010983323021968255,0.12691898030449408,0.9203543178247942,0.027586206896551727,False
106.41595532838906,0.010983323021969306,0.12691898030217888,0.92035431782345,0.027586206896551727,False
106.45775265640387,0.010983323021970342,0.12691898029982165,0.9203543178220817,0.027586206896551727,False
106.49954998441869,0.010983323021971391,0.12691898029742196,0.9203543178206887,0.027586206896551727,False
106.54134731243349,0.010983323021972607,0.12691898029497917,0.9203543178192697,0.027586206896551727,False
106.5831446404483,0.010983323021973813,0.12691898029249105,0.9203543178178247,0.027586206896551727,False
106.62494196846313,0.01098332302197502,0.1269189802899577,0.9203543178163535,0.027586206896551727,False
106.66673929647794,0.010983323021976285,0.12691898028737944,0.920354317814856,0.027586206896551727,False
106.70853662449275,0.010983323021977584,0.1269189802847533,0.9203543178133305,0.027586206896551727,False
106.75033395250755,0.010983323021978877,0.1269189802820804,0.9203543178117781,0.027586206896551727,False
106.79213128052238,0.010983323021980186,0.1269189802793589,0.9203543178101976,0.027586206896551727,False
106.83392860853719,0.010983323021981498,0.12691898027658852,0.9203543178085889,0.027586206896551727,False
106.875725936552,0.01098332302198281,0.12691898027376758,0.9203543178069508,0.027586206896551727,False
106.91752326456682,0.010983323021984123,0.12691898027089676,0.920354317805284,0.027586206896551727,False
106.95932059258163,0.010983323021985437,0.1269189802679729,0.9203543178035867,0.027586206896551727,False
107.00111792059644,0.010983323021986801,0.12691898026499696,0.9203543178018588,0.027586206896551727,False
107.04291524861127,0.010983323021988286,0.12691898026196785,0.9203543178000994,0.027586206896551727,False
107.08471257662607,0.010983323021989982,0.12691898025888454,0.9203543177983072,0.027586206896551727,False
107.12650990464088,0.010983323021991865,0.1269189802557451,0.9203543177964815,0.027586206896551727,False
107.16830723265572,0.010983323021993818,0.12691898025254947,0.9203543177946228,0.027586206896551727,False
107.21010456067052,0.010983323021995856,0.12691898024929663,0.9203543177927305,0.027586206896551727,False
107.25190188868532,0.010983323021997967,0.12691898024598552,0.920354317790804,0.027586206896551727,False
107.29369921670015,0.010983323022000177,0.12691898024261541,0.920354317788843,0.027586206896551727,False
107.33549654471497,0.01098332302200251,0.126918980239185,0.9203543177868462,0.027586206896551727,False
107.37729387272978,0.010983323022004911,0.126918980235693,0.9203543177848132,0.027586206896551727,False
107.41909120074459,0.010983323022007427,0.12691898023213843,0.9203543177827435,0.027586206896551727,False
107.4608885287594,0.010983323022010025,0.12691898022852083,0.9203543177806369,0.027586206896551727,False
107.50268585677422,0.01098332302201265,0.12691898022483933,0.9203543177784931,0.027586206896551727,False
107.54448318478904,0.010983323022015275,0.1269189802210912,0.9203543177763109,0.027586206896551727,False
107.58628051280385,0.0109833230220179,0.12691898021727707,0.9203543177740905,0.027586206896551727,False
107.62807784081865,0.010983323022020524,0.12691898021339484,0.9203543177718309,0.027586206896551727,False
107.66987516883347,0.010983323022023154,0.1269189802094441,0.9203543177695315,0.027586206896551727,False
107.7116724968483,0.010983323022025815,0.12691898020542267,0.9203543177671911,0.027586206896551727,False
107.7534698248631,0.010983323022028648,0.12691898020133044,0.9203543177648088,0.027586206896551727,False
107.79526715287793,0.010983323022031742,0.12691898019716583,0.9203543177623827,0.027586206896551727,False
107.83706448089272,0.010983323022034985,0.12691898019292683,0.920354317759913,0.027586206896551727,False
107.87886180890754,0.010983323022038378,0.1269189801886132,0.9203543177573988,0.027586206896551727,False
107.92065913692237,0.010983323022041995,0.12691898018422332,0.9203543177548394,0.027586206896551727,False
107.96245646493718,0.010983323022045672,0.12691898017975609,0.9203543177522349,0.027586206896551727,False
108.00425379295199,0.010983323022049352,0.12691898017521006,0.9203543177495848,0.027586206896551727,False
108.04605112096682,0.010983323022053173,0.12691898017058403,0.9203543177468874,0.027586206896551727,False
108.08784844898162,0.010983323022057097,0.1269189801658767,0.9203543177441426,0.027586206896551727,False
108.12964577699643,0.010983323022061033,0.1269189801610858,0.9203543177413492,0.027586206896551727,False
108.17144310501125,0.01098332302206497,0.1269189801562111,0.9203543177385075,0.027586206896551727,False
108.21324043302607,0.010983323022068909,0.12691898015125114,0.9203543177356166,0.027586206896551727,False
108.25503776104088,0.010983323022072881,0.12691898014620337,0.9203543177326747,0.027586206896551727,False
108.29683508905569,0.010983323022076911,0.12691898014106776,0.9203543177296818,0.027586206896551727,False
108.3386324170705,0.010983323022081257,0.1269189801358419,0.9203543177266346,0.027586206896551727,False
108.38042974508531,0.010983323022085831,0.12691898013052447,0.920354317723533,0.027586206896551727,False
108.42222707310015,0.010983323022090668,0.12691898012511416,0.9203543177203759,0.027586206896551727,False
108.46402440111495,0.010983323022095686,0.12691898011960942,0.9203543177171634,0.027586206896551727,False
108.50582172912975,0.010983323022100725,0.1269189801140086,0.9203543177138949,0.027586206896551727,False
108.54761905714457,0.010983323022105909,0.12691898010830982,0.9203543177105689,0.027586206896551727,False
108.5894163851594,0.010983323022111146,0.12691898010251176,0.9203543177071853,0.027586206896551727,False
108.6312137131742,0.010983323022116395,0.12691898009661276,0.9203543177037433,0.027586206896551727,False
108.67301104118903,0.010983323022121644,0.1269189800906114,0.9203543177002421,0.027586206896551727,False
108.71480836920384,0.010983323022126939,0.12691898008450517,0.9203543176966802,0.027586206896551727,False
108.75660569721865,0.010983323022132362,0.12691898007829316,0.9203543176930562,0.027586206896551727,False
108.79840302523347,0.010983323022137994,0.12691898007197322,0.9203543176893685,0.027586206896551727,False
108.84020035324828,0.010983323022144007,0.126918980065544,0.9203543176856153,0.027586206896551727,False
108.88199768126309,0.010983323022150224,0.12691898005900296,0.920354317681796,0.027586206896551727,False
108.9237950092779,0.010983323022156651,0.12691898005234878,0.9203543176779099,0.027586206896551727,False
108.96559233729272,0.010983323022163179,0.12691898004557953,0.9203543176739567,0.027586206896551727,False
109.00738966530753,0.010983323022169736,0.12691898003869334,0.9203543176699359,0.027586206896551727,False
109.04918699332234,0.010983323022176299,0.12691898003168828,0.9203543176658462,0.027586206896551727,False
109.09098432133716,0.010983323022182873,0.12691898002456248,0.9203543176616867,0.027586206896551727,False
109.13278164935198,0.010983323022189571,0.12691898001731333,0.9203543176574553,0.027586206896551727,False
109.1745789773668,0.010983323022196529,0.1269189800099397,0.9203543176531502,0.027586206896551727,False
109.2163763053816,0.01098332302220378,0.1269189800024389,0.9203543176487697,0.027586206896551727,False
109.25817363339641,0.010983323022211326,0.12691897999480944,0.920354317644313,0.027586206896551727,False
109.29997096141125,0.010983323022219112,0.12691897998704868,0.9203543176397789,0.027586206896551727,False
109.34176828942606,0.01098332302222698,0.12691897997915455,0.9203543176351671,0.027586206896551727,False
109.38356561744087,0.010983323022234853,0.1269189799711252,0.9203543176304773,0.027586206896551727,False
109.42536294545566,0.010983323022242732,0.12691897996295828,0.9203543176257079,0.027586206896551727,False
109.46716027347048,0.010983323022250741,0.12691897995465135,0.9203543176208566,0.027586206896551727,False
109.5089576014853,0.010983323022259,0.12691897994620216,0.9203543176159218,0.027586206896551727,False
109.55075492950012,0.010983323022267613,0.12691897993760895,0.9203543176109011,0.027586206896551727,False
109.59255225751494,0.010983323022276533,0.12691897992886847,0.9203543176057936,0.027586206896551727,False
109.63434958552973,0.01098332302228567,0.12691897991997916,0.9203543176005986,0.027586206896551727,False
109.67614691354456,0.010983323022294855,0.12691897991093828,0.9203543175953157,0.027586206896551727,False
109.71794424155938,0.01098332302230404,0.12691897990174322,0.9203543175899438,0.027586206896551727,False
109.75974156957419,0.010983323022313293,0.12691897989239154,0.9203543175844808,0.027586206896551727,False
109.801538897589,0.010983323022322853,0.1269189798828807,0.920354317578924,0.027586206896551727,False
109.84333622560384,0.010983323022332837,0.1269189798732084,0.9203543175732711,0.027586206896551727,False
109.88513355361863,0.010983323022343125,0.126918979863372,0.9203543175675216,0.027586206896551727,False
109.92693088163344,0.010983323022353579,0.12691897985336847,0.9203543175616742,0.027586206896551727,False
109.96872820964826,0.010983323022364077,0.12691897984319525,0.9203543175557286,0.027586206896551727,False
110.01052553766307,0.010983323022374586,0.12691897983284986,0.9203543175496834,0.027586206896551727,False
110.0523228656779,0.010983323022385316,0.1269189798223294,0.9203543175435358,0.027586206896551727,False
110.0941201936927,0.010983323022396489,0.12691897981163117,0.9203543175372824,0.027586206896551727,False
110.13591752170751,0.010983323022408033,0.12691897980075195,0.920354317530922,0.027586206896551727,False
110.17771484972232,0.010983323022419791,0.12691897978968905,0.9203543175244541,0.027586206896551727,False
110.21951217773716,0.010983323022431601,0.12691897977843963,0.9203543175178782,0.027586206896551727,False
110.26130950575197,0.01098332302244343,0.1269189797670007,0.9203543175111928,0.027586206896551727,False
110.30310683376676,0.010983323022455525,0.1269189797553691,0.9203543175043941,0.027586206896551727,False
110.34490416178159,0.010983323022468128,0.12691897974354172,0.9203543174974791,0.027586206896551727,False
110.38670148979641,0.010983323022481091,0.12691897973151542,0.9203543174904468,0.027586206896551727,False
110.42849881781122,0.010983323022494213,0.12691897971928723,0.9203543174832968,0.027586206896551727,False
110.47029614582604,0.010983323022507336,0.12691897970685367,0.9203543174760281,0.027586206896551727,False
110.51209347384085,0.010983323022520631,0.1269189796942118,0.920354317468638,0.027586206896551727,False
110.55389080185564,0.01098332302253436,0.12691897968135799,0.9203543174611228,0.027586206896551727,False
110.59568812987048,0.010983323022548596,0.12691897966828897,0.9203543174534797,0.027586206896551727,False
110.63748545788529,0.01098332302256303,0.12691897965500143,0.9203543174457092,0.027586206896551727,False
110.6792827859001,0.010983323022577473,0.12691897964149193,0.9203543174378103,0.027586206896551727,False
110.72108011391492,0.010983323022592107,0.1269189796277567,0.9203543174297798,0.027586206896551727,False
110.76287744192973,0.01098332302260724,0.12691897961379214,0.9203543174216137,0.027586206896551727,False
110.80467476994454,0.01098332302262286,0.1269189795995949,0.9203543174133096,0.027586206896551727,False
110.84647209795936,0.010983323022638606,0.12691897958516118,0.9203543174048685,0.027586206896551727,False
110.88826942597417,0.010983323022654387,0.1269189795704873,0.9203543173962881,0.027586206896551727,False
110.930066753989,0.010983323022670563,0.12691897955556944,0.9203543173875645,0.027586206896551727,False
110.97186408200382,0.010983323022687284,0.12691897954040357,0.9203543173786938,0.027586206896551727,False
111.01366141001861,0.010983323022704319,0.126918979524986,0.9203543173696755,0.027586206896551727,False
111.05545873803342,0.010983323022721389,0.12691897950931275,0.9203543173605095,0.027586206896551727,False
111.09725606604826,0.01098332302273869,0.1269189794933796,0.9203543173511919,0.027586206896551727,False
111.13905339406307,0.010983323022756668,0.12691897947718278,0.9203543173417174,0.027586206896551727,False
111.18085072207788,0.010983323022774988,0.1269189794607178,0.9203543173320857,0.027586206896551727,False
111.22264805009267,0.01098332302279337,0.1269189794439808,0.9203543173222967,0.027586206896551727,False
111.2644453781075,0.010983323022811997,0.12691897942696717,0.9203543173123461,0.027586206896551727,False
111.30624270612232,0.010983323022831278,0.12691897940967284,0.9203543173022289,0.027586206896551727,False
111.34804003413714,0.010983323022850947,0.1269189793920933,0.9203543172919447,0.027586206896551727,False
111.38983736215195,0.010983323022870643,0.1269189793742241,0.9203543172814929,0.027586206896551727,False
111.43163469016675,0.010983323022890713,0.12691897935606083,0.9203543172708687,0.027586206896551727,False
111.47343201818158,0.010983323022911497,0.12691897933759877,0.9203543172600671,0.027586206896551727,False
111.51522934619639,0.010983323022932492,0.12691897931883311,0.920354317249089,0.027586206896551727,False
111.5570266742112,0.010983323022953614,0.1269189792997594,0.9203543172379319,0.027586206896551727,False
111.59882400222601,0.010983323022975323,0.12691897928037277,0.9203543172265901,0.027586206896551727,False
111.64062133024085,0.010983323022997597,0.12691897926066825,0.9203543172150612,0.027586206896551727,False
111.68241865825564,0.01098332302301992,0.12691897924064116,0.9203543172033456,0.027586206896551727,False
111.72421598627045,0.010983323023042722,0.1269189792202862,0.9203543171914372,0.027586206896551727,False
111.76601331428527,0.01098332302306619,0.12691897919959835,0.9203543171793325,0.027586206896551727,False
111.80781064230008,0.010983323023089811,0.12691897917857242,0.9203543171670312,0.027586206896551727,False
111.8496079703149,0.010983323023113745,0.1269189791572033,0.9203543171545296,0.027586206896551727,False
111.89140529832972,0.01098332302313847,0.12691897913548564,0.9203543171418215,0.027586206896551727,False
111.93320262634452,0.010983323023163403,0.12691897911341404,0.9203543171289077,0.027586206896551727,False
111.97499995435933,0.0109833230231886,0.12691897909098307,0.9203543171157844,0.027586206896551727,False
112.01679728237417,0.010983323023214624,0.12691897906818708,0.920354317102445,0.027586206896551727,False
112.05859461038898,0.01098332302324087,0.1269189790450205,0.9203543170888899,0.027586206896551727,False
112.10039193840377,0.010983323023267452,0.1269189790214776,0.9203543170751152,0.027586206896551727,False
112.1421892664186,0.010983323023294848,0.12691897899755272,0.9203543170611145,0.027586206896551727,False
112.18398659443342,0.010983323023322418,0.1269189789732398,0.9203543170468886,0.027586206896551727,False
112.22578392244823,0.010983323023350495,0.12691897894853313,0.9203543170324318,0.027586206896551727,False
112.26758125046305,0.010983323023379296,0.12691897892342632,0.9203543170177392,0.027586206896551727,False
112.30937857847785,0.010983323023408235,0.12691897889791348,0.920354317002811,0.027586206896551727,False
112.35117590649266,0.010983323023437944,0.12691897887198839,0.9203543169876397,0.027586206896551727,False
112.3929732345075,0.01098332302346812,0.12691897884564454,0.9203543169722233,0.027586206896551727,False
112.4347705625223,0.010983323023498599,0.12691897881887582,0.9203543169565596,0.027586206896551727,False
112.47656789053711,0.010983323023529952,0.12691897879167552,0.9203543169406408,0.027586206896551727,False
112.51836521855193,0.010983323023561496,0.12691897876403715,0.9203543169244677,0.027586206896551727,False
112.56016254656674,0.010983323023593786,0.12691897873595395,0.9203543169080327,0.027586206896551727,False
112.60195987458155,0.010983323023626592,0.1269189787074192,0.9203543168913335,0.027586206896551727,False
112.64375720259638,0.010983323023659817,0.12691897867842591,0.9203543168743666,0.027586206896551727,False
112.68555453061118,0.01098332302369386,0.1269189786489673,0.9203543168571254,0.027586206896551727,False
112.72735185862601,0.01098332302372817,0.1269189786190362,0.9203543168396098,0.027586206896551727,False
112.76914918664082,0.010983323023763382,0.1269189785886254,0.920354316821811,0.027586206896551727,False
112.81094651465563,0.010983323023798874,0.12691897855772769,0.9203543168037291,0.027586206896551727,False
112.85274384267044,0.010983323023835216,0.12691897852633566,0.920354316785356,0.027586206896551727,False
112.89454117068526,0.010983323023871986,0.12691897849444184,0.9203543167666903,0.027586206896551727,False
112.93633849870008,0.010983323023909482,0.1269189784620386,0.9203543167477256,0.027586206896551727,False
112.97813582671488,0.01098332302394755,0.12691897842911815,0.9203543167284581,0.027586206896551727,False
113.0199331547297,0.010983323023986262,0.12691897839567287,0.9203543167088833,0.027586206896551727,False
113.06173048274451,0.010983323024025637,0.12691897836169483,0.9203543166889966,0.027586206896551727,False
113.10352781075933,0.010983323024065654,0.12691897832717589,0.9203543166687931,0.027586206896551727,False
113.14532513877415,0.010983323024106333,0.12691897829210788,0.920354316648268,0.027586206896551727,False
113.18712246678896,0.01098332302414771,0.12691897825648263,0.9203543166274165,0.027586206896551727,False
113.22891979480376,0.010983323024189721,0.1269189782202917,0.9203543166062339,0.027586206896551727,False
113.2707171228186,0.010983323024232498,0.12691897818352674,0.9203543165847148,0.027586206896551727,False
113.3125144508334,0.01098332302427585,0.1269189781461789,0.9203543165628552,0.027586206896551727,False
113.35431177884821,0.010983323024320115,0.12691897810823954,0.9203543165406478,0.027586206896551727,False
113.39610910686304,0.010983323024364867,0.12691897806969982,0.9203543165180905,0.027586206896551727,False
113.43790643487783,0.010983323024410607,0.12691897803055074,0.9203543164951746,0.027586206896551727,False
113.47970376289265,0.010983323024456867,0.12691897799078325,0.920354316471898,0.027586206896551727,False
113.52150109090748,0.01098332302450406,0.12691897795038795,0.9203543164482527,0.027586206896551727,False
113.56329841892229,0.010983323024551956,0.1269189779093557,0.9203543164242348,0.027586206896551727,False
113.6050957469371,0.010983323024600561,0.12691897786767672,0.9203543163998387,0.027586206896551727,False
113.64689307495193,0.010983323024650144,0.12691897782534164,0.9203543163750572,0.027586206896551727,False
113.68869040296673,0.01098332302470031,0.12691897778234057,0.9203543163498868,0.027586206896551727,False
113.73048773098154,0.010983323024751449,0.12691897773866356,0.92035431632432,0.027586206896551727,False
113.77228505899635,0.010983323024803407,0.12691897769430055,0.9203543162983513,0.027586206896551727,False
113.81408238701118,0.010983323024856061,0.12691897764924148,0.920354316271976,0.027586206896551727,False
113.85587971502599,0.01098332302490977,0.126918977603476,0.9203543162451856,0.027586206896551727,False
113.89767704304079,0.010983323024964256,0.12691897755699358,0.9203543162179758,0.027586206896551727,False
113.93947437105561,0.010983323025019526,0.12691897750978362,0.9203543161903408,0.027586206896551727,False
113.98127169907043,0.010983323025075849,0.1269189774618353,0.9203543161622723,0.027586206896551727,False
114.02306902708524,0.010983323025133043,0.12691897741313785,0.9203543161337653,0.027586206896551727,False
114.06486635510007,0.010983323025191031,0.12691897736368013,0.9203543161048139,0.027586206896551727,False
114.10666368311486,0.010983323025250064,0.12691897731345086,0.9203543160754099,0.027586206896551727,False
114.14846101112967,0.010983323025310092,0.12691897726243875,0.9203543160455471,0.027586206896551727,False
114.1902583391445,0.010983323025370972,0.1269189772106322,0.9203543160152199,0.027586206896551727,False
114.23205566715932,0.01098332302543279,0.1269189771580196,0.9203543159844209,0.027586206896551727,False
114.27385299517412,0.010983323025495715,0.12691897710458896,0.920354315953142,0.027586206896551727,False
114.31565032318895,0.01098332302555966,0.12691897705032845,0.920354315921377,0.027586206896551727,False
114.35744765120376,0.010983323025624546,0.12691897699522584,0.9203543158891193,0.027586206896551727,False
114.39924497921857,0.010983323025690415,0.12691897693926874,0.9203543158563616,0.027586206896551727,False
114.44104230723339,0.010983323025757377,0.1269189768824446,0.9203543158230958,0.027586206896551727,False
114.4828396352482,0.010983323025825465,0.12691897682474074,0.9203543157893144,0.027586206896551727,False
114.52463696326302,0.010983323025894637,0.12691897676614441,0.9203543157550104,0.027586206896551727,False
114.56643429127783,0.010983323025964851,0.12691897670664243,0.9203543157201762,0.027586206896551727,False
114.60823161929264,0.010983323026036142,0.12691897664622162,0.9203543156848044,0.027586206896551727,False
114.65002894730745,0.010983323026108558,0.1269189765848686,0.9203543156488866,0.027586206896551727,False
114.69182627532227,0.010983323026182138,0.12691897652256975,0.9203543156124148,0.027586206896551727,False
114.7336236033371,0.010983323026256889,0.12691897645931147,0.9203543155753808,0.027586206896551727,False
114.77542093135189,0.010983323026332838,0.12691897639507946,0.9203543155377767,0.027586206896551727,False
114.81721825936671,0.01098332302640999,0.1269189763298599,0.9203543154995941,0.027586206896551727,False
114.85901558738152,0.010983323026488339,0.12691897626363838,0.920354315460825,0.027586206896551727,False
114.90081291539634,0.010983323026567909,0.12691897619640025,0.9203543154214604,0.027586206896551727,False
114.94261024341117,0.010983323026648718,0.12691897612813088,0.9203543153814919,0.027586206896551727,False
114.98440757142598,0.010983323026730793,0.1269189760588153,0.9203543153409108,0.027586206896551727,False
115.02620489944077,0.010983323026814146,0.1269189759884384,0.9203543152997083,0.027586206896551727,False
115.06800222745561,0.010983323026898799,0.1269189759169849,0.9203543152578753,0.027586206896551727,False
115.10979955547042,0.010983323026984768,0.12691897584443912,0.9203543152154027,0.027586206896551727,False
115.15159688348523,0.010983323027072075,0.12691897577078534,0.9203543151722811,0.027586206896551727,False
115.19339421150005,0.010983323027160735,0.12691897569600763,0.9203543151285014,0.027586206896551727,False
115.23519153951484,0.01098332302725077,0.12691897562008966,0.920354315084054,0.027586206896551727,False
115.27698886752967,0.010983323027342198,0.12691897554301526,0.9203543150389293,0.027586206896551727,False
115.31878619554449,0.010983323027435037,0.1269189754647677,0.9203543149931177,0.027586206896551727,False
115.3605835235593,0.010983323027529322,0.12691897538533023,0.9203543149466091,0.027586206896551727,False
115.40238085157411,0.010983323027625069,0.1269189753046856,0.9203543148993939,0.027586206896551727,False
115.44417817958895,0.01098332302772232,0.12691897522281664,0.9203543148514612,0.027586206896551727,False
115.48597550760374,0.010983323027821094,0.12691897513970574,0.9203543148028012,0.027586206896551727,False
115.52777283561855,0.01098332302792137,0.12691897505533517,0.9203543147534036,0.027586206896551727,False
115.56957016363337,0.010983323028023155,0.12691897496968685,0.9203543147032579,0.027586206896551727,False
115.6113674916482,0.010983323028126478,0.12691897488274262,0.9203543146523535,0.027586206896551727,False
115.653164819663,0.010983323028231419,0.12691897479448386,0.9203543146006793,0.027586206896551727,False
115.69496214767781,0.01098332302833802,0.12691897470489197,0.9203543145482239,0.027586206896551727,False
115.73675947569262,0.010983323028446223,0.12691897461394794,0.9203543144949767,0.027586206896551727,False
115.77855680370743,0.010983323028556025,0.12691897452163245,0.920354314440927,0.027586206896551727,False
115.82035413172227,0.010983323028667539,0.12691897442792602,0.9203543143860626,0.027586206896551727,False
115.86215145973708,0.010983323028780821,0.12691897433280896,0.9203543143303714,0.027586206896551727,False
115.90394878775187,0.010983323028895745,0.12691897423626122,0.9203543142738433,0.027586206896551727,False
115.94574611576668,0.010983323029012431,0.12691897413826245,0.9203543142164652,0.027586206896551727,False
115.98754344378152,0.010983323029130973,0.12691897403879218,0.9203543141582248,0.027586206896551727,False
116.02934077179633,0.010983323029251212,0.1269189739378296,0.9203543140991113,0.027586206896551727,False
116.07113809981114,0.010983323029373349,0.12691897383535353,0.9203543140391108,0.027586206896551727,False
116.11293542782595,0.010983323029497333,0.12691897373134262,0.9203543139782117,0.027586206896551727,False
116.15473275584077,0.010983323029623142,0.12691897362577512,0.9203543139164013,0.027586206896551727,False
116.19653008385559,0.010983323029750944,0.12691897351862916,0.9203543138536662,0.027586206896551727,False
116.2383274118704,0.010983323029880587,0.1269189734098825,0.9203543137899941,0.027586206896551727,False
116.28012473988521,0.010983323030012282,0.12691897329951254,0.9203543137253708,0.027586206896551727,False
116.3219220679,0.010983323030145866,0.12691897318749662,0.9203543136597843,0.027586206896551727,False
116.36371939591484,0.01098332303028156,0.12691897307381148,0.9203543135932196,0.027586206896551727,False
116.40551672392965,0.010983323030419235,0.12691897295843366,0.9203543135256641,0.027586206896551727,False
116.44731405194446,0.010983323030558998,0.12691897284133954,0.9203543134571036,0.027586206896551727,False
116.48911137995928,0.010983323030700895,0.12691897272250496,0.9203543133875234,0.027586206896551727,False
116.5309087079741,0.010983323030844845,0.12691897260190543,0.9203543133169103,0.027586206896551727,False
116.5727060359889,0.010983323030991036,0.12691897247951656,0.9203543132452487,0.027586206896551727,False
116.61450336400372,0.010983323031139396,0.1269189723553132,0.9203543131725248,0.027586206896551727,False
116.65630069201853,0.010983323031289927,0.12691897222926998,0.9203543130987236,0.027586206896551727,False
116.69809802003336,0.010983323031442761,0.1269189721013614,0.9203543130238299,0.027586206896551727,False
116.73989534804818,0.010983323031597901,0.12691897197156127,0.9203543129478281,0.027586206896551727,False
116.78169267606297,0.01098332303175531,0.12691897183984327,0.9203543128707037,0.027586206896551727,False
116.82349000407778,0.010983323031915052,0.126918971706181,0.9203543127924407,0.027586206896551727,False
116.8652873320926,0.010983323032077193,0.12691897157054696,0.9203543127130229,0.027586206896551727,False
116.90708466010743,0.010983323032241768,0.12691897143291409,0.9203543126324345,0.027586206896551727,False
116.94888198812224,0.010983323032408798,0.12691897129325455,0.9203543125506591,0.027586206896551727,False
116.99067931613706,0.010983323032578287,0.1269189711515403,0.9203543124676806,0.027586206896551727,False
117.03247664415186,0.010983323032750293,0.12691897100774288,0.9203543123834823,0.027586206896551727,False
117.07427397216668,0.010983323032924843,0.1269189708618334,0.9203543122980471,0.027586206896551727,False
117.1160713001815,0.01098332303310198,0.1269189707137827,0.920354312211358,0.027586206896551727,False
117.15786862819631,0.010983323033281735,0.12691897056356127,0.9203543121233977,0.027586206896551727,False
117.19966595621112,0.01098332303346415,0.12691897041113914,0.9203543120341486,0.027586206896551727,False
117.24146328422594,0.010983323033649253,0.1269189702564859,0.9203543119435931,0.027586206896551727,False
117.28326061224075,0.010983323033837079,0.126918970099571,0.9203543118517129,0.027586206896551727,False
117.32505794025556,0.01098332303402767,0.12691896994036314,0.9203543117584904,0.027586206896551727,False
117.36685526827038,0.010983323034221063,0.12691896977883088,0.9203543116639064,0.027586206896551727,False
117.40865259628521,0.010983323034417316,0.12691896961494228,0.9203543115679425,0.027586206896551727,False
117.4504499243,0.010983323034616464,0.12691896944866496,0.9203543114705796,0.027586206896551727,False
117.49224725231483,0.010983323034818524,0.12691896927996643,0.9203543113717989,0.027586206896551727,False
117.53404458032963,0.010983323035023519,0.12691896910881312,0.9203543112715808,0.027586206896551727,False
117.57584190834444,0.01098332303523154,0.12691896893517163,0.9203543111699057,0.027586206896551727,False
117.61763923635928,0.01098332303544263,0.12691896875900788,0.9203543110667533,0.027586206896551727,False
117.65943656437409,0.010983323035656748,0.1269189685802875,0.9203543109621041,0.027586206896551727,False
117.70123389238888,0.010983323035874046,0.12691896839897568,0.9203543108559369,0.027586206896551727,False
117.74303122040371,0.010983323036094497,0.1269189682150369,0.9203543107482314,0.027586206896551727,False
117.78482854841853,0.010983323036318143,0.12691896802843552,0.920354310638967,0.027586206896551727,False
117.82662587643334,0.010983323036545081,0.12691896783913534,0.9203543105281217,0.027586206896551727,False
117.86842320444816,0.010983323036775296,0.12691896764709953,0.9203543104156746,0.027586206896551727,False
117.91022053246296,0.010983323037008866,0.12691896745229064,0.9203543103016036,0.027586206896551727,False
117.95201786047778,0.010983323037245845,0.12691896725467164,0.920354310185887,0.027586206896551727,False
117.9938151884926,0.010983323037486213,0.12691896705420425,0.9203543100685023,0.027586206896551727,False
118.03561251650741,0.010983323037730117,0.12691896685084972,0.9203543099494269,0.027586206896551727,False
118.07740984452222,0.010983323037977534,0.1269189666445691,0.920354309828638,0.027586206896551727,False
118.11920717253702,0.01098332303822851,0.12691896643532294,0.9203543097061123,0.027586206896551727,False
118.16100450055185,0.01098332303848313,0.12691896622307078,0.9203543095818266,0.027586206896551727,False
118.20280182856666,0.010983323038741444,0.12691896600777228,0.9203543094557566,0.027586206896551727,False
118.24459915658147,0.01098332303900348,0.1269189657893864,0.9203543093278787,0.027586206896551727,False
118.2863964845963,0.010983323039269285,0.12691896556787155,0.9203543091981685,0.027586206896551727,False
118.32819381261112,0.010983323039538915,0.1269189653431857,0.9203543090666012,0.027586206896551727,False
118.36999114062593,0.010983323039812429,0.12691896511528594,0.920354308933152,0.027586206896551727,False
118.41178846864074,0.010983323040089872,0.12691896488412924,0.9203543087977953,0.027586206896551727,False
118.45358579665555,0.010983323040371284,0.12691896464967184,0.9203543086605059,0.027586206896551727,False
118.49538312467038,0.010983323040656738,0.12691896441186953,0.9203543085212577,0.027586206896551727,False
118.53718045268519,0.010983323040946276,0.12691896417067755,0.9203543083800246,0.027586206896551727,False
118.57897778069999,0.010983323041239959,0.12691896392605057,0.9203543082367799,0.027586206896551727,False
118.6207751087148,0.010983323041537853,0.12691896367794248,0.9203543080914964,0.027586206896551727,False
118.66257243672962,0.010983323041840016,0.12691896342630676,0.9203543079441472,0.027586206896551727,False
118.70436976474444,0.01098332304214647,0.12691896317109638,0.9203543077947047,0.027586206896551727,False
118.74616709275925,0.010983323042457287,0.1269189629122637,0.9203543076431412,0.027586206896551727,False
118.78796442077407,0.010983323042772568,0.12691896264976055,0.9203543074894277,0.027586206896551727,False
118.82976174878887,0.010983323043092288,0.12691896238353792,0.9203543073335366,0.027586206896551727,False
118.87155907680369,0.010983323043416598,0.12691896211354645,0.9203543071754383,0.027586206896551727,False
118.91335640481851,0.010983323043745483,0.12691896183973606,0.9203543070151036,0.027586206896551727,False
118.95515373283332,0.01098332304407908,0.1269189615620562,0.9203543068525027,0.027586206896551727,False
118.99695106084813,0.010983323044417362,0.12691896128045493,0.9203543066876059,0.027586206896551727,False
119.03874838886296,0.010983323044760471,0.12691896099488081,0.9203543065203822,0.027586206896551727,False
119.08054571687777,0.010983323045108446,0.12691896070528125,0.9203543063508011,0.027586206896551727,False
119.12234304489257,0.010983323045461318,0.12691896041160283,0.9203543061788315,0.027586206896551727,False
119.1641403729074,0.010983323045819168,0.1269189601137918,0.920354306004442,0.027586206896551727,False
119.2059377009222,0.010983323046182084,0.12691895981179355,0.9203543058276004,0.027586206896551727,False
119.24773502893702,0.010983323046550125,0.1269189595055529,0.9203543056482743,0.027586206896551727,False
119.28953235695184,0.01098332304692335,0.12691895919501375,0.9203543054664309,0.027586206896551727,False
119.33132968496665,0.01098332304730183,0.12691895888011978,0.9203543052820375,0.027586206896551727,False
119.37312701298146,0.010983323047685635,0.12691895856081362,0.9203543050950602,0.027586206896551727,False
119.4149243409963,0.010983323048074837,0.12691895823703722,0.920354304905465,0.027586206896551727,False
119.4567216690111,0.010983323048469511,0.12691895790873203,0.9203543047132177,0.027586206896551727,False
119.4985189970259,0.01098332304886971,0.12691895757583863,0.9203543045182837,0.027586206896551727,False
119.54031632504072,0.010983323049275498,0.12691895723829688,0.9203543043206277,0.027586206896551727,False
119.58211365305554,0.010983323049686999,0.1269189568960459,0.9203543041202137,0.027586206896551727,False
119.62391098107035,0.010983323050104243,0.12691895654902416,0.920354303917006,0.027586206896551727,False
119.66570830908518,0.010983323050527308,0.12691895619716861,0.9203543037109676,0.027586206896551727,False
119.70750563709997,0.010983323050956303,0.12691895584041718,0.9203543035020622,0.027586206896551727,False
119.74930296511478,0.01098332305139127,0.12691895547870571,0.9203543032902523,0.027586206896551727,False
119.79110029312962,0.0109833230518323,0.12691895511196954,0.9203543030754996,0.027586206896551727,False
119.83289762114443,0.01098332305227949,0.1269189547401432,0.9203543028577661,0.027586206896551727,False
119.87469494915923,0.010983323052732885,0.1269189543631605,0.9203543026370132,0.027586206896551727,False
119.91649227717404,0.010983323053192572,0.12691895398095446,0.9203543024132015,0.027586206896551727,False
119.95828960518887,0.010983323053658641,0.12691895359345723,0.9203543021862913,0.027586206896551727,False
120.00008693320368,0.010983323054131187,0.12691895320060023,0.9203543019562423,0.027586206896551727,False
120.0418842612185,0.01098332305461029,0.12691895280231402,0.920354301723014,0.027586206896551727,False
120.08368158923331,0.01098332305509602,0.1269189523985282,0.9203543014865649,0.027586206896551727,False
120.12547891724813,0.010983323055588487,0.12691895198917164,0.9203543012468537,0.027586206896551727,False
120.16727624526294,0.010983323056087752,0.12691895157417254,0.9203543010038381,0.027586206896551727,False
120.20907357327775,0.010983323056593896,0.12691895115345786,0.9203543007574758,0.027586206896551727,False
120.25087090129256,0.010983323057107041,0.1269189507269541,0.920354300507723,0.027586206896551727,False
120.2926682293074,0.010983323057627266,0.12691895029458652,0.9203543002545365,0.027586206896551727,False
120.3344655573222,0.010983323058154637,0.12691894985627972,0.9203542999978719,0.027586206896551727,False
120.376262885337,0.010983323058689291,0.12691894941195717,0.9203542997376843,0.027586206896551727,False
120.41806021335182,0.010983323059231285,0.12691894896154166,0.9203542994739289,0.027586206896551727,False
120.45985754136663,0.010983323059780711,0.126918948504955,0.9203542992065594,0.027586206896551727,False
120.50165486938145,0.010983323060337684,0.1269189480421179,0.9203542989355299,0.027586206896551727,False
120.54345219739628,0.010983323060902299,0.12691894757295052,0.9203542986607933,0.027586206896551727,False
120.58524952541107,0.010983323061474657,0.12691894709737178,0.9203542983823021,0.027586206896551727,False
120.62704685342588,0.010983323062054835,0.1269189466152995,0.9203542981000084,0.027586206896551727,False
120.66884418144072,0.010983323062642944,0.12691894612665053,0.9203542978138632,0.027586206896551727,False
120.71064150945553,0.010983323063239072,0.12691894563134126,0.9203542975238179,0.027586206896551727,False
120.75243883747034,0.010983323063843363,0.12691894512928667,0.9203542972298223,0.027586206896551727,False
120.79423616548513,0.010983323064455906,0.12691894462040085,0.9203542969318264,0.027586206896551727,False
120.83603349349997,0.01098332306507678,0.12691894410459686,0.9203542966297792,0.027586206896551727,False
120.87783082151478,0.01098332306570612,0.1269189435817865,0.9203542963236288,0.027586206896551727,False
120.91962814952959,0.010983323066344001,0.12691894305188092,0.9203542960133237,0.027586206896551727,False
120.96142547754441,0.010983323066990573,0.1269189425147901,0.9203542956988108,0.027586206896551727,False
121.00322280555922,0.010983323067645906,0.12691894197042294,0.9203542953800369,0.027586206896551727,False
121.04502013357403,0.010983323068310128,0.12691894141868715,0.9203542950569479,0.027586206896551727,False
121.08681746158885,0.010983323068983359,0.12691894085948946,0.920354294729489,0.027586206896551727,False
121.12861478960366,0.010983323069665709,0.12691894029273554,0.9203542943976053,0.027586206896551727,False
121.17041211761847,0.010983323070357287,0.12691893971833001,0.9203542940612407,0.027586206896551727,False
121.2122094456333,0.010983323071058218,0.12691893913617608,0.9203542937203388,0.027586206896551727,False
121.2540067736481,0.01098332307176862,0.1269189385461761,0.920354293374842,0.027586206896551727,False
121.29580410166291,0.010983323072488586,0.1269189379482313,0.9203542930246927,0.027586206896551727,False
121.33760142967773,0.010983323073218277,0.12691893734224166,0.9203542926698324,0.027586206896551727,False
121.37939875769256,0.010983323073957782,0.12691893672810592,0.9203542923102018,0.027586206896551727,False
121.42119608570736,0.01098332307470725,0.12691893610572186,0.9203542919457407,0.027586206896551727,False
121.46299341372219,0.010983323075466778,0.12691893547498584,0.9203542915763888,0.027586206896551727,False
121.50479074173698,0.010983323076236515,0.12691893483579328,0.9203542912020849,0.027586206896551727,False
121.54658806975179,0.01098332307701659,0.12691893418803823,0.9203542908227664,0.027586206896551727,False
121.58838539776663,0.010983323077807125,0.12691893353161332,0.920354290438371,0.027586206896551727,False
121.63018272578144,0.010983323078608248,0.12691893286641032,0.9203542900488352,0.027586206896551727,False
121.67198005379625,0.010983323079420097,0.12691893219231953,0.9203542896540945,0.027586206896551727,False
121.71377738181106,0.010983323080242798,0.12691893150922995,0.9203542892540841,0.027586206896551727,False
121.75557470982588,0.010983323081076475,0.12691893081702946,0.9203542888487385,0.027586206896551727,False
121.79737203784069,0.010983323081921306,0.12691893011560454,0.9203542884379907,0.027586206896551727,False
121.83916936585551,0.010983323082777382,0.12691892940484054,0.9203542880217742,0.027586206896551727,False
121.88096669387032,0.010983323083644869,0.1269189286846212,0.9203542876000207,0.027586206896551727,False
121.92276402188513,0.010983323084523914,0.12691892795482915,0.9203542871726611,0.027586206896551727,False
121.96456134989995,0.01098332308541464,0.12691892721534492,0.9203542867396258,0.027586206896551727,False
122.00635867791476,0.0109833230863172,0.12691892646604896,0.9203542863008449,0.027586206896551727,False
122.04815600592957,0.010983323087231753,0.12691892570681984,0.9203542858562468,0.027586206896551727,False
122.0899533339444,0.010983323088158444,0.12691892493753454,0.92035428540576,0.027586206896551727,False
122.13175066195922,0.010983323089097415,0.12691892415806874,0.9203542849493113,0.027586206896551727,False
122.17354798997401,0.010983323090048803,0.1269189233682967,0.9203542844868274,0.027586206896551727,False
122.21534531798883,0.010983323091012782,0.12691892256809126,0.9203542840182336,0.027586206896551727,False
122.25714264600364,0.010983323091989506,0.12691892175732364,0.9203542835434544,0.027586206896551727,False
122.29893997401847,0.010983323092979135,0.126918920935864,0.9203542830624141,0.027586206896551727,False
122.34073730203329,0.010983323093981815,0.12691892010358052,0.9203542825750353,0.027586206896551727,False
122.38253463004808,0.01098332309499771,0.1269189192603403,0.92035428208124,0.027586206896551727,False
122.4243319580629,0.01098332309602699,0.12691891840600886,0.92035428158095,0.027586206896551727,False
122.46612928607773,0.010983323097069819,0.12691891754044976,0.9203542810740848,0.027586206896551727,False
122.50792661409254,0.010983323098126345,0.12691891666352564,0.9203542805605641,0.027586206896551727,False
122.54972394210735,0.010983323099196769,0.12691891577509742,0.9203542800403066,0.027586206896551727,False
122.59152127012217,0.010983323100281231,0.1269189148750239,0.9203542795132297,0.027586206896551727,False
122.63331859813697,0.010983323101379911,0.1269189139631632,0.92035427897925,0.027586206896551727,False
122.67511592615179,0.010983323102492983,0.12691891303937128,0.9203542784382837,0.027586206896551727,False
122.71691325416661,0.010983323103620627,0.12691891210350256,0.9203542778902448,0.027586206896551727,False
122.75871058218142,0.010983323104763009,0.12691891115540968,0.9203542773350475,0.027586206896551727,False
122.80050791019623,0.010983323105920314,0.126918910194944,0.9203542767726048,0.027586206896551727,False
122.84230523821105,0.010983323107092735,0.1269189092219548,0.9203542762028282,0.027586206896551727,False
122.88410256622586,0.010983323108280452,0.12691890823629012,0.9203542756256287,0.027586206896551727,False
122.92589989424067,0.010983323109483635,0.12691890723779595,0.9203542750409163,0.027586206896551727,False
122.96769722225548,0.010983323110702494,0.12691890622631635,0.9203542744485995,0.027586206896551727,False
123.00949455027032,0.010983323111937204,0.12691890520169435,0.9203542738485865,0.027586206896551727,False
123.05129187828511,0.010983323113187964,0.12691890416377077,0.9203542732407839,0.027586206896551727,False
123.09308920629992,0.010983323114454966,0.12691890311238474,0.9203542726250978,0.027586206896551727,False
123.13488653431475,0.01098332311573839,0.1269189020473736,0.9203542720014328,0.027586206896551727,False
123.17668386232957,0.010983323117038472,0.12691890096857286,0.9203542713696923,0.027586206896551727,False
123.21848119034439,0.010983323118355374,0.12691889987581575,0.9203542707297792,0.027586206896551727,False
123.2602785183592,0.010983323119689317,0.12691889876893442,0.9203542700815949,0.027586206896551727,False
123.302075846374,0.010983323121040497,0.1269188976477589,0.9203542694250396,0.027586206896551727,False
123.3438731743888,0.010983323122409136,0.12691889651211746,0.9203542687600132,0.027586206896551727,False
123.38567050240364,0.010983323123795442,0.12691889536183582,0.9203542680864134,0.027586206896551727,False
123.42746783041845,0.010983323125199609,0.12691889419673855,0.9203542674041374,0.027586206896551727,False
123.46926515843326,0.01098332312662186,0.12691889301664813,0.9203542667130815,0.027586206896551727,False
123.51106248644807,0.01098332312806241,0.1269188918213847,0.9203542660131403,0.027586206896551727,False
123.55285981446289,0.010983323129521487,0.12691889061076667,0.9203542653042073,0.027586206896551727,False
123.5946571424777,0.010983323130999301,0.1269188893846105,0.9203542645861751,0.027586206896551727,False
123.63645447049252,0.010983323132496092,0.12691888814273053,0.920354263858935,0.027586206896551727,False
123.67825179850733,0.010983323134012062,0.12691888688493919,0.9203542631223772,0.027586206896551727,False
123.72004912652214,0.010983323135547469,0.12691888561104672,0.9203542623763904,0.027586206896551727,False
123.76184645453696,0.010983323137102523,0.12691888432086115,0.9203542616208625,0.027586206896551727,False
123.80364378255177,0.01098332313867748,0.12691888301418883,0.9203542608556796,0.027586206896551727,False
123.84544111056658,0.010983323140272555,0.12691888169083357,0.9203542600807272,0.027586206896551727,False
123.8872384385814,0.010983323141888001,0.1269188803505973,0.9203542592958893,0.027586206896551727,False
123.92903576659623,0.01098332314352404,0.12691887899327972,0.9203542585010484,0.027586206896551727,False
123.97083309461102,0.010983323145180936,0.1269188776186783,0.920354257696086,0.027586206896551727,False
124.01263042262585,0.010983323146858941,0.12691887622658835,0.9203542568808823,0.027586206896551727,False
124.05442775064066,0.010983323148558271,0.1269188748168029,0.9203542560553161,0.027586206896551727,False
124.09622507865548,0.010983323150279199,0.1269188733891128,0.9203542552192648,0.027586206896551727,False
124.1380224066703,0.010983323152021988,0.12691887194330673,0.9203542543726047,0.027586206896551727,False
124.1798197346851,0.010983323153786896,0.12691887047917066,0.9203542535152105,0.027586206896551727,False
124.2216170626999,0.010983323155574183,0.126918868996489,0.9203542526469558,0.027586206896551727,False
124.26341439071474,0.010983323157384104,0.12691886749504305,0.9203542517677127,0.027586206896551727,False
124.30521171872955,0.010983323159216924,0.12691886597461235,0.9203542508773519,0.027586206896551727,False
124.34700904674436,0.010983323161072924,0.12691886443497385,0.9203542499757431,0.027586206896551727,False
124.38880637475917,0.010983323162952365,0.12691886287590134,0.9203542490627535,0.027586206896551727,False
124.43060370277398,0.01098332316485551,0.1269188612971663,0.9203542481382497,0.027586206896551727,False
124.4724010307888,0.010983323166782664,0.12691885969853955,0.920354247202097,0.027586206896551727,False
124.51419835880363,0.010983323168734085,0.12691885807978795,0.9203542462541592,0.027586206896551727,False
124.55599568681843,0.010983323170710076,0.12691885644067624,0.9203542452942984,0.027586206896551727,False
124.59779301483323,0.010983323172710913,0.12691885478096646,0.9203542443223752,0.027586206896551727,False
124.63959034284807,0.01098332317473688,0.12691885310041806,0.920354243338249,0.027586206896551727,False
124.68138767086288,0.010983323176788304,0.1269188513987882,0.9203542423417772,0.027586206896551727,False
124.72318499887768,0.010983323178865438,0.126918849675831,0.9203542413328161,0.027586206896551727,False
124.76498232689251,0.010983323180968608,0.12691884793129837,0.9203542403112202,0.027586206896551727,False
124.80677965490733,0.010983323183098097,0.12691884616493948,0.9203542392768428,0.027586206896551727,False
124.84857698292213,0.01098332318525422,0.12691884437650078,0.9203542382295354,0.027586206896551727,False
124.89037431093695,0.01098332318743728,0.12691884256572594,0.920354237169148,0.027586206896551727,False
124.93217163895176,0.010983323189647605,0.126918840732356,0.9203542360955287,0.027586206896551727,False
124.97396896696657,0.010983323191885497,0.12691883887612923,0.9203542350085243,0.027586206896551727,False
125.0157662949814,0.01098332319415128,0.12691883699678114,0.9203542339079801,0.027586206896551727,False
125.0575636229962,0.01098332319644528,0.12691883509404425,0.9203542327937392,0.027586206896551727,False
125.09936095101101,0.010983323198767813,0.12691883316764874,0.9203542316656435,0.027586206896551727,False
125.14115827902582,0.010983323201119216,0.12691883121732153,0.9203542305235335,0.027586206896551727,False
125.18295560704065,0.010983323203499823,0.1269188292427869,0.9203542293672475,0.027586206896551727,False
125.22475293505546,0.010983323205909966,0.12691882724376558,0.9203542281966219,0.027586206896551727,False
125.26655026307027,0.010983323208349991,0.1269188252199763,0.9203542270114922,0.027586206896551727,False
125.30834759108508,0.010983323210820232,0.1269188231711342,0.9203542258116912,0.027586206896551727,False
125.3501449190999,0.010983323213321032,0.12691882109695177,0.9203542245970511,0.027586206896551727,False
125.39194224711473,0.01098332321585277,0.1269188189971383,0.9203542233674011,0.027586206896551727,False
125.43373957512954,0.010983323218415785,0.1269188168714,0.9203542221225695,0.027586206896551727,False
125.47553690314435,0.010983323221010425,0.12691881471944,0.9203542208623822,0.027586206896551727,False
125.51733423115914,0.010983323223637065,0.12691881254095844,0.9203542195866636,0.027586206896551727,False
125.55913155917398,0.010983323226296072,0.1269188103356523,0.9203542182952364,0.027586206896551727,False
125.60092888718879,0.010983323228987795,0.12691880810321537,0.9203542169879216,0.027586206896551727,False
125.6427262152036,0.01098332323171263,0.12691880584333828,0.9203542156645373,0.027586206896551727,False
125.68452354321842,0.01098332323447094,0.12691880355570828,0.920354214324901,0.027586206896551727,False
125.72632087123323,0.010983323237263115,0.12691880124000934,0.9203542129688272,0.027586206896551727,False
125.76811819924804,0.010983323240089536,0.1269187988959226,0.9203542115961294,0.027586206896551727,False
125.80991552726286,0.010983323242950586,0.12691879652312574,0.9203542102066188,0.027586206896551727,False
125.85171285527767,0.01098332324584666,0.1269187941212921,0.9203542088001041,0.027586206896551727,False
125.89351018329249,0.010983323248778156,0.12691879169009324,0.9203542073763931,0.027586206896551727,False
125.93530751130731,0.010983323251745478,0.12691878922919655,0.9203542059352908,0.027586206896551727,False
125.97710483932211,0.010983323254749041,0.1269187867382659,0.9203542044766003,0.027586206896551727,False
126.01890216733692,0.01098332325778923,0.12691878421696184,0.9203542030001232,0.027586206896551727,False
126.06069949535176,0.010983323260866472,0.12691878166494125,0.920354201505658,0.027586206896551727,False
126.10249682336656,0.010983323263981177,0.1269187790818574,0.9203541999930023,0.027586206896551727,False
126.14429415138137,0.010983323267133794,0.12691877646736044,0.9203541984619508,0.027586206896551727,False
126.18609147939618,0.010983323270324726,0.12691877382109656,0.9203541969122964,0.027586206896551727,False
126.22788880741099,0.010983323273554436,0.12691877114270875,0.9203541953438298,0.027586206896551727,False
126.26968613542581,0.010983323276823321,0.1269187684318354,0.9203541937563395,0.027586206896551727,False
126.31148346344064,0.010983323280131829,0.12691876568811208,0.9203541921496123,0.027586206896551727,False
126.35328079145545,0.0109833232834804,0.12691876291117038,0.9203541905234321,0.027586206896551727,False
126.39507811947024,0.01098332328686948,0.126918760100638,0.920354188877581,0.027586206896551727,False
126.43687544748508,0.010983323290299536,0.12691875725613902,0.9203541872118391,0.027586206896551727,False
126.47867277549989,0.010983323293771023,0.12691875437729364,0.9203541855259836,0.027586206896551727,False
126.5204701035147,0.0109833232972844,0.12691875146371812,0.9203541838197898,0.027586206896551727,False
126.56226743152952,0.010983323300840142,0.12691874851502466,0.9203541820930309,0.027586206896551727,False
126.60406475954434,0.010983323304438715,0.12691874553082197,0.9203541803454776,0.027586206896551727,False
126.64586208755914,0.010983323308080599,0.12691874251071428,0.9203541785768979,0.027586206896551727,False
126.68765941557396,0.010983323311766277,0.1269187394543023,0.9203541767870584,0.027586206896551727,False
126.72945674358877,0.010983323315496254,0.12691873636118228,0.9203541749757221,0.027586206896551727,False
126.77125407160358,0.010983323319270996,0.12691873323094666,0.920354173142651,0.027586206896551727,False
126.81305139961842,0.010983323323090996,0.12691873006318352,0.9203541712876034,0.027586206896551727,False
126.85484872763321,0.010983323326956776,0.12691872685747707,0.9203541694103359,0.027586206896551727,False
126.89664605564802,0.010983323330868834,0.12691872361340722,0.9203541675106026,0.027586206896551727,False
126.93844338366284,0.010983323334827677,0.1269187203305486,0.9203541655881542,0.027586206896551727,False
126.98024071167767,0.010983323338833824,0.12691871700847335,0.9203541636427406,0.027586206896551727,False
127.02203803969248,0.010983323342887805,0.12691871364674867,0.9203541616741077,0.027586206896551727,False
127.0638353677073,0.010983323346990146,0.12691871024493728,0.9203541596819999,0.027586206896551727,False
127.1056326957221,0.01098332335114139,0.12691870680259743,0.9203541576661581,0.027586206896551727,False
127.14743002373692,0.010983323355342063,0.12691870331928282,0.9203541556263214,0.027586206896551727,False
127.18922735175174,0.010983323359592715,0.126918699794543,0.9203541535622256,0.027586206896551727,False
127.23102467976655,0.010983323363893896,0.12691869622792293,0.9203541514736042,0.027586206896551727,False
127.27282200778136,0.010983323368246147,0.12691869261896266,0.9203541493601884,0.027586206896551727,False
127.31461933579615,0.010983323372650037,0.12691868896719813,0.9203541472217059,0.027586206896551727,False
127.35641666381099,0.010983323377106127,0.1269186852721607,0.9203541450578825,0.027586206896551727,False
127.3982139918258,0.010983323381614986,0.1269186815333768,0.920354142868441,0.027586206896551727,False
127.44001131984062,0.010983323386177189,0.12691867775036816,0.9203541406531011,0.027586206896551727,False
127.48180864785543,0.010983323390793318,0.126918673922652,0.92035413841158,0.027586206896551727,False
127.52360597587024,0.010983323395463962,0.12691867004974045,0.9203541361435924,0.027586206896551727,False
127.56540330388506,0.010983323400189727,0.12691866613114078,0.9203541338488493,0.027586206896551727,False
127.60720063189987,0.010983323404971206,0.1269186621663557,0.9203541315270597,0.027586206896551727,False
127.64899795991468,0.010983323409808999,0.12691865815488285,0.9203541291779294,0.027586206896551727,False
127.69079528792952,0.01098332341470372,0.1269186540962148,0.9203541268011612,0.027586206896551727,False
127.73259261594433,0.010983323419655988,0.12691864998983943,0.9203541243964554,0.027586206896551727,False
127.77438994395912,0.010983323424666415,0.12691864583523887,0.9203541219635086,0.027586206896551727,False
127.81618727197393,0.010983323429735646,0.1269186416318913,0.920354119502015,0.027586206896551727,False
127.85798459998875,0.010983323434864325,0.12691863737926895,0.9203541170116657,0.027586206896551727,False
127.89978192800358,0.010983323440053084,0.12691863307683895,0.9203541144921485,0.027586206896551727,False
127.94157925601839,0.010983323445302562,0.12691862872406354,0.920354111943149,0.027586206896551727,False
127.9833765840332,0.01098332345061343,0.12691862432039908,0.9203541093643482,0.027586206896551727,False
128.02517391204802,0.01098332345598634,0.12691861986529734,0.9203541067554253,0.027586206896551727,False
128.06697124006283,0.010983323461421965,0.12691861535820415,0.9203541041160559,0.027586206896551727,False
128.10876856807764,0.010983323466920979,0.12691861079856037,0.9203541014459123,0.027586206896551727,False
128.15056589609244,0.010983323472484074,0.1269186061858011,0.920354098744664,0.027586206896551727,False
128.19236322410725,0.010983323478111926,0.12691860151935605,0.9203540960119767,0.027586206896551727,False
128.2341605521221,0.010983323483805233,0.12691859679864942,0.9203540932475133,0.027586206896551727,False
128.2759578801369,0.010983323489564703,0.12691859202309982,0.9203540904509333,0.027586206896551727,False
128.3177552081517,0.010983323495391044,0.1269185871921203,0.9203540876218931,0.027586206896551727,False
128.35955253616652,0.010983323501284966,0.12691858230511793,0.9203540847600453,0.027586206896551727,False
128.40134986418133,0.010983323507247188,0.12691857736149414,0.9203540818650398,0.027586206896551727,False
128.44314719219616,0.010983323513278433,0.1269185723606448,0.9203540789365221,0.027586206896551727,False
128.48494452021097,0.01098332351937945,0.1269185673019593,0.9203540759741352,0.027586206896551727,False
128.52674184822578,0.010983323525550974,0.12691856218482142,0.9203540729775179,0.027586206896551727,False
128.5685391762406,0.01098332353179375,0.1269185570086106,0.9203540699463072,0.027586206896551727,False
128.61033650425543,0.010983323538108544,0.12691855177269837,0.9203540668801345,0.027586206896551727,False
128.65213383227024,0.01098332354449611,0.12691854647645057,0.920354063778629,0.027586206896551727,False
128.69393116028505,0.010983323550957248,0.12691854111922726,0.9203540606414155,0.027586206896551727,False
128.73572848829986,0.010983323557492762,0.12691853570038228,0.9203540574681154,0.027586206896551727,False
128.77752581631466,0.01098332356410344,0.12691853021926316,0.9203540542583465,0.027586206896551727,False
128.81932314432947,0.01098332357079003,0.12691852467521136,0.920354051011724,0.027586206896551727,False
128.8611204723443,0.010983323577553331,0.12691851906756188,0.9203540477278577,0.027586206896551727,False
128.90291780035912,0.010983323584394149,0.12691851339564347,0.9203540444063549,0.027586206896551727,False
128.94471512837393,0.010983323591313297,0.1269185076587784,0.9203540410468191,0.027586206896551727,False
128.98651245638874,0.010983323598311582,0.12691850185628278,0.9203540376488493,0.027586206896551727,False
129.02830978440355,0.01098332360538989,0.12691849598746585,0.9203540342120409,0.027586206896551727,False
129.07010711241836,0.010983323612549034,0.12691849005163053,0.920354030735986,0.027586206896551727,False
129.1119044404332,0.010983323619789872,0.12691848404807296,0.9203540272202722,0.027586206896551727,False
129.153701768448,0.010983323627113243,0.12691847797608247,0.9203540236644834,0.027586206896551727,False
129.1954990964628,0.010983323634520033,0.12691847183494218,0.9203540200681996,0.027586206896551727,False
129.23729642447762,0.010983323642011104,0.126918465623928,0.920354016430997,0.027586206896551727,False
129.27909375249243,0.01098332364958734,0.12691845934230897,0.9203540127524473,0.027586206896551727,False
129.32089108050727,0.010983323657249642,0.1269184529893476,0.920354009032119,0.027586206896551727,False
129.36268840852208,0.010983323664998898,0.12691844656429907,0.9203540052695753,0.027586206896551727,False
129.40448573653688,0.010983323672836018,0.12691844006641192,0.9203540014643766,0.027586206896551727,False
129.4462830645517,0.010983323680761912,0.126918433494927,0.9203539976160783,0.027586206896551727,False
129.48808039256653,0.010983323688777512,0.1269184268490788,0.9203539937242318,0.027586206896551727,False
129.52987772058134,0.010983323696883748,0.12691842012809423,0.9203539897883847,0.027586206896551727,False
129.57167504859615,0.010983323705081567,0.12691841333119305,0.9203539858080799,0.027586206896551727,False
129.61347237661096,0.010983323713371908,0.12691840645758765,0.9203539817828561,0.027586206896551727,False
129.65526970462577,0.010983323721755731,0.12691839950648198,0.9203539777122473,0.027586206896551727,False
129.69706703264058,0.010983323730234008,0.12691839247707512,0.9203539735957843,0.027586206896551727,False
129.7388643606554,0.010983323738807702,0.12691838536855676,0.9203539694329927,0.027586206896551727,False
129.78066168867022,0.01098332374747782,0.12691837818010976,0.9203539652233939,0.027586206896551727,False
129.82245901668503,0.010983323756245344,0.12691837091090885,0.9203539609665046,0.027586206896551727,False
129.86425634469987,0.0109833237651113,0.1269183635601214,0.920353956661837,0.027586206896551727,False
129.90605367271465,0.010983323774076693,0.12691835612690683,0.9203539523088989,0.027586206896551727,False
129.94785100072946,0.010983323783142557,0.12691834861041734,0.9203539479071938,0.027586206896551727,False
129.98964832874427,0.01098332379230991,0.1269183410097965,0.9203539434562205,0.027586206896551727,False
130.0314456567591,0.01098332380157979,0.1269183333241805,0.9203539389554726,0.027586206896551727,False
130.0732429847739,0.010983323810953263,0.12691832555269733,0.9203539344044397,0.027586206896551727,False
130.11504031278872,0.010983323820431356,0.12691831769446704,0.9203539298026068,0.027586206896551727,False
130.15683764080353,0.010983323830015178,0.12691830974860122,0.920353925149453,0.027586206896551727,False
130.19863496881834,0.010983323839705784,0.12691830171420423,0.9203539204444543,0.027586206896551727,False
130.24043229683318,0.010983323849504283,0.12691829359037138,0.9203539156870806,0.027586206896551727,False
130.282229624848,0.010983323859411752,0.1269182853761898,0.9203539108767976,0.027586206896551727,False
130.3240269528628,0.010983323869429332,0.12691827707073827,0.9203539060130655,0.027586206896551727,False
130.3658242808776,0.010983323879558119,0.12691826867308723,0.92035390109534,0.027586206896551727,False
130.40762160889244,0.010983323889799288,0.12691826018229851,0.9203538961230716,0.027586206896551727,False
130.44941893690725,0.01098332390015394,0.1269182515974255,0.920353891095706,0.027586206896551727,False
130.49121626492206,0.010983323910623226,0.12691824291751272,0.9203538860126836,0.027586206896551727,False
130.53301359293687,0.010983323921208326,0.12691823414159634,0.9203538808734404,0.027586206896551727,False
130.57481092095168,0.01098332393191039,0.12691822526870353,0.9203538756774061,0.027586206896551727,False
130.6166082489665,0.010983323942730622,0.1269182162978519,0.9203538704240056,0.027586206896551727,False
130.65840557698132,0.010983323953670219,0.12691820722805147,0.9203538651126594,0.027586206896551727,False
130.70020290499613,0.010983323964730387,0.1269181980583026,0.9203538597427815,0.027586206896551727,False
130.7420002330109,0.010983323975912338,0.12691818878759684,0.9203538543137817,0.027586206896551727,False
130.78379756102575,0.010983323987217295,0.12691817941491632,0.9203538488250639,0.027586206896551727,False
130.82559488904056,0.010983323998646492,0.12691816993923377,0.9203538432760265,0.027586206896551727,False
130.86739221705537,0.010983324010201204,0.1269181603595135,0.9203538376660627,0.027586206896551727,False
130.9091895450702,0.010983324021882674,0.12691815067470974,0.9203538319945604,0.027586206896551727,False
130.95098687308501,0.010983324033692175,0.12691814088376766,0.9203538262609017,0.027586206896551727,False
130.99278420109982,0.010983324045631,0.12691813098562213,0.9203538204644629,0.027586206896551727,False
131.03458152911463,0.010983324057700425,0.1269181209791996,0.9203538146046151,0.027586206896551727,False
131.07637885712944,0.010983324069901773,0.12691811086341628,0.9203538086807238,0.027586206896551727,False
131.11817618514428,0.010983324082236358,0.12691810063717893,0.9203538026921487,0.027586206896551727,False
131.1599735131591,0.010983324094705522,0.12691809029938433,0.9203537966382437,0.027586206896551727,False
131.2017708411739,0.01098332410731059,0.1269180798489191,0.9203537905183566,0.027586206896551727,False
131.2435681691887,0.010983324120052918,0.12691806928466057,0.9203537843318302,0.027586206896551727,False
131.28536549720351,0.010983324132933882,0.12691805860547567,0.9203537780780011,0.027586206896551727,False
131.32716282521835,0.010983324145954852,0.1269180478102206,0.920353771756199,0.027586206896551727,False
131.36896015323316,0.01098332415911723,0.1269180368977431,0.9203537653657492,0.027586206896551727,False
131.41075748124797,0.010983324172422414,0.12691802586687945,0.9203537589059703,0.027586206896551727,False
131.45255480926278,0.010983324185871819,0.1269180147164558,0.9203537523761749,0.027586206896551727,False
131.4943521372776,0.010983324199466864,0.12691800344528764,0.9203537457756691,0.027586206896551727,False
131.53614946529243,0.010983324213208993,0.12691799205218035,0.9203537391037535,0.027586206896551727,False
131.57794679330723,0.010983324227099673,0.12691798053592854,0.9203537323597222,0.027586206896551727,False
131.61974412132204,0.01098332424114042,0.12691796889531645,0.9203537255428624,0.027586206896551727,False
131.66154144933685,0.010983324255332716,0.12691795712911763,0.9203537186524563,0.027586206896551727,False
131.70333877735166,0.010983324269677984,0.12691794523609382,0.920353711687779,0.027586206896551727,False
131.74513610536647,0.010983324284177724,0.1269179332149969,0.9203537046480996,0.027586206896551727,False
131.7869334333813,0.010983324298833473,0.1269179210645678,0.9203536975326807,0.027586206896551727,False
131.82873076139612,0.010983324313646755,0.12691790878353598,0.9203536903407781,0.027586206896551727,False
131.87052808941093,0.010983324328619135,0.12691789637061995,0.9203536830716412,0.027586206896551727,False
131.91232541742573,0.010983324343752151,0.12691788382452682,0.9203536757245132,0.027586206896551727,False
131.95412274544054,0.010983324359047383,0.12691787114395256,0.9203536682986301,0.027586206896551727,False
131.99592007345535,0.010983324374506423,0.12691785832758057,0.9203536607932211,0.027586206896551727,False
132.0377174014702,0.010983324390130876,0.12691784537408596,0.9203536532075097,0.027586206896551727,False
132.079514729485,0.01098332440592235,0.1269178322821294,0.9203536455407123,0.027586206896551727,False
132.1213120574998,0.010983324421882483,0.12691781905036062,0.9203536377920374,0.027586206896551727,False
132.16310938551462,0.010983324438012905,0.12691780567741742,0.9203536299606879,0.027586206896551727,False
132.20490671352945,0.010983324454315288,0.12691779216192667,0.9203536220458589,0.027586206896551727,False
132.24670404154426,0.010983324470791294,0.12691777850250238,0.9203536140467393,0.027586206896551727,False
132.28850136955907,0.010983324487442605,0.12691776469774702,0.9203536059625105,0.027586206896551727,False
132.33029869757388,0.01098332450427093,0.12691775074625067,0.9203535977923466,0.027586206896551727,False
132.3720960255887,0.010983324521277983,0.12691773664659164,0.920353589535415,0.027586206896551727,False
132.41389335360353,0.010983324538465499,0.12691772239733573,0.9203535811908758,0.027586206896551727,False
132.45569068161834,0.010983324555835202,0.1269177079970363,0.9203535727578822,0.027586206896551727,False
132.49748800963314,0.010983324573388875,0.12691769344423454,0.9203535642355792,0.027586206896551727,False
132.53928533764793,0.010983324591128276,0.12691767873745888,0.9203535556231054,0.027586206896551727,False
132.58108266566276,0.010983324609055229,0.1269176638752254,0.9203535469195913,0.027586206896551727,False
132.62287999367757,0.010983324627171501,0.1269176488560364,0.9203535381241603,0.027586206896551727,False
132.66467732169238,0.010983324645478939,0.12691763367838307,0.9203535292359284,0.027586206896551727,False
132.70647464970722,0.010983324663979362,0.1269176183407424,0.9203535202540037,0.027586206896551727,False
132.74827197772203,0.010983324682674619,0.12691760284157877,0.920353511177487,0.027586206896551727,False
132.79006930573684,0.01098332470156658,0.1269175871793435,0.9203535020054714,0.027586206896551727,False
132.83186663375164,0.010983324720657132,0.12691757135247467,0.9203534927370418,0.027586206896551727,False
132.87366396176645,0.010983324739948183,0.12691755535939717,0.9203534833712761,0.027586206896551727,False
132.9154612897813,0.010983324759441642,0.1269175391985225,0.9203534739072436,0.027586206896551727,False
132.9572586177961,0.01098332477913945,0.12691752286824845,0.9203534643440061,0.027586206896551727,False
132.9990559458109,0.010983324799043556,0.12691750636695953,0.9203534546806176,0.027586206896551727,False
133.04085327382572,0.010983324819155925,0.12691748969302633,0.9203534449161237,0.027586206896551727,False
133.08265060184053,0.010983324839478538,0.12691747284480606,0.9203534350495624,0.027586206896551727,False
133.12444792985536,0.010983324860013388,0.12691745582064068,0.9203534250799624,0.027586206896551727,False
133.16624525787017,0.01098332488076249,0.12691743861886004,0.9203534150063459,0.027586206896551727,False
133.20804258588498,0.01098332490172787,0.1269174212377789,0.9203534048277257,0.027586206896551727,False
133.2498399138998,0.010983324922911592,0.1269174036756984,0.9203533945431068,0.027586206896551727,False
133.2916372419146,0.010983324944315701,0.12691738593090462,0.9203533841514858,0.027586206896551727,False
133.33343456992944,0.010983324965942292,0.1269173680016699,0.9203533736518505,0.027586206896551727,False
133.37523189794425,0.010983324987793537,0.12691734988625158,0.92035336304318,0.027586206896551727,False
133.41702922595906,0.01098332500987152,0.1269173315828932,0.9203533523244459,0.027586206896551727,False
133.45882655397386,0.010983325032178325,0.1269173130898227,0.9203533414946103,0.027586206896551727,False
133.50062388198867,0.010983325054716126,0.12691729440525393,0.9203533305526275,0.027586206896551727,False
133.54242121000348,0.010983325077487081,0.12691727552738455,0.9203533194974418,0.027586206896551727,False
133.58421853801832,0.01098332510049341,0.12691725645439986,0.9203533083279903,0.027586206896551727,False
133.62601586603313,0.010983325123737321,0.12691723718446768,0.9203532970431999,0.027586206896551727,False
133.66781319404794,0.01098332514722102,0.1269172177157416,0.920353285641989,0.027586206896551727,False
133.70961052206275,0.010983325170946773,0.1269171980463594,0.9203532741232675,0.027586206896551727,False
133.75140785007756,0.010983325194916833,0.12691717817444378,0.9203532624859356,0.027586206896551727,False
133.79320517809236,0.010983325219133495,0.1269171580981018,0.9203532507288844,0.027586206896551727,False
133.8350025061072,0.010983325243599037,0.12691713781542463,0.9203532388509964,0.027586206896551727,False
133.876799834122,0.010983325268315811,0.12691711732448843,0.9203532268511448,0.027586206896551727,False
133.91859716213682,0.010983325293286154,0.12691709662335288,0.9203532147281929,0.027586206896551727,False
133.96039449015163,0.010983325318512415,0.1269170757100618,0.9203532024809951,0.027586206896551727,False
134.00219181816647,0.010983325343996972,0.12691705458264246,0.9203531901083962,0.027586206896551727,False
134.04398914618127,0.010983325369742229,0.12691703323910686,0.920353177609232,0.027586206896551727,False
134.08578647419608,0.010983325395750636,0.12691701167745037,0.9203531649823277,0.027586206896551727,False
134.1275838022109,0.010983325422024579,0.1269169898956516,0.9203531522265003,0.027586206896551727,False
134.1693811302257,0.01098332544856653,0.12691696789167295,0.9203531393405558,0.027586206896551727,False
134.21117845824054,0.010983325475378976,0.12691694566345996,0.9203531263232914,0.027586206896551727,False
134.25297578625532,0.010983325502464402,0.12691692320894163,0.920353113173494,0.027586206896551727,False
134.29477311427016,0.010983325529825344,0.12691690052603014,0.9203530998899405,0.027586206896551727,False
134.33657044228497,0.01098332555746433,0.12691687761262044,0.9203530864713984,0.027586206896551727,False
134.37836777029977,0.01098332558538392,0.1269168544665908,0.9203530729166249,0.027586206896551727,False
134.4201650983146,0.010983325613586694,0.12691683108580096,0.9203530592243666,0.027586206896551727,False
134.4619624263294,0.010983325642075254,0.12691680746809492,0.9203530453933607,0.027586206896551727,False
134.50375975434423,0.010983325670852228,0.12691678361129857,0.9203530314223336,0.027586206896551727,False
134.54555708235904,0.010983325699920256,0.12691675951322035,0.9203530173100021,0.027586206896551727,False
134.58735441037385,0.010983325729281995,0.12691673517165056,0.9203530030550718,0.027586206896551727,False
134.62915173838866,0.010983325758940123,0.1269167105843624,0.9203529886562386,0.027586206896551727,False
134.67094906640347,0.010983325788897418,0.1269166857491106,0.9203529741121872,0.027586206896551727,False
134.7127463944183,0.010983325819156595,0.12691666066363197,0.9203529594215919,0.027586206896551727,False
134.7545437224331,0.010983325849720341,0.1269166353256453,0.9203529445831171,0.027586206896551727,False
134.79634105044792,0.010983325880591446,0.1269166097328506,0.9203529295954158,0.027586206896551727,False
134.83813837846273,0.01098332591177272,0.1269165838829301,0.9203529144571302,0.027586206896551727,False
134.87993570647754,0.010983325943266984,0.12691655777354716,0.9203528991668919,0.027586206896551727,False
134.92173303449238,0.010983325975077066,0.12691653140234674,0.9203528837233215,0.027586206896551727,False
134.96353036250719,0.010983326007205842,0.12691650476695435,0.9203528681250281,0.027586206896551727,False
135.00532769052197,0.010983326039656191,0.12691647786497734,0.9203528523706107,0.027586206896551727,False
135.0471250185368,0.010983326072431026,0.12691645069400342,0.9203528364586561,0.027586206896551727,False
135.0889223465516,0.010983326105533299,0.12691642325160205,0.9203528203877407,0.027586206896551727,False
135.13071967456645,0.010983326138965938,0.12691639553532172,0.9203528041564288,0.027586206896551727,False
135.17251700258126,0.010983326172731928,0.12691636754269314,0.9203527877632743,0.027586206896551727,False
135.21431433059604,0.01098332620683429,0.1269163392712269,0.9203527712068188,0.027586206896551727,False
135.25611165861088,0.01098332624127605,0.12691631071841386,0.9203527544855928,0.027586206896551727,False
135.29790898662569,0.010983326276060235,0.12691628188172485,0.9203527375981149,0.027586206896551727,False
135.33970631464052,0.010983326311189937,0.12691625275861113,0.9203527205428926,0.027586206896551727,False
135.3815036426553,0.010983326346668234,0.12691622334650382,0.9203527033184209,0.027586206896551727,False
135.42330097067014,0.010983326382498269,0.1269161936428137,0.9203526859231835,0.027586206896551727,False
135.46509829868495,0.010983326418683192,0.12691616364493125,0.9203526683556519,0.027586206896551727,False
135.50689562669976,0.010983326455226155,0.12691613335022653,0.9203526506142857,0.027586206896551727,False
135.5486929547146,0.01098332649213037,0.12691610275604906,0.9203526326975325,0.027586206896551727,False
135.59049028272938,0.010983326529399057,0.12691607185972753,0.9203526146038277,0.027586206896551727,False
135.6322876107442,0.010983326567035469,0.12691604065857007,0.9203525963315947,0.027586206896551727,False
135.67408493875902,0.01098332660504286,0.12691600914986323,0.920352577879244,0.027586206896551727,False
135.71588226677383,0.010983326643424593,0.12691597733087306,0.920352559245174,0.027586206896551727,False
135.75767959478864,0.01098332668218396,0.12691594519884347,0.9203525404277709,0.027586206896551727,False
135.79947692280348,0.010983326721324287,0.12691591275099814,0.9203525214254082,0.027586206896551727,False
135.8412742508183,0.010983326760848934,0.12691587998453827,0.9203525022364473,0.027586206896551727,False
135.8830715788331,0.010983326800761323,0.12691584689664362,0.9203524828592354,0.027586206896551727,False
135.92486890684788,0.010983326841064876,0.12691581348447248,0.9203524632921088,0.027586206896551727,False
135.9666662348627,0.010983326881763058,0.12691577974516083,0.9203524435333895,0.027586206896551727,False
136.00846356287752,0.010983326922859344,0.12691574567582253,0.9203524235813874,0.027586206896551727,False
136.05026089089236,0.010983326964357252,0.1269157112735494,0.9203524034343985,0.027586206896551727,False
136.09205821890717,0.0109833270062603,0.12691567653541103,0.9203523830907068,0.027586206896551727,False
136.13385554692195,0.01098332704857206,0.12691564145845385,0.9203523625485824,0.027586206896551727,False
136.17565287493682,0.01098332709129613,0.126915606039702,0.9203523418062819,0.027586206896551727,False
136.2174502029516,0.010983327134436135,0.12691557027615719,0.9203523208620491,0.027586206896551727,False
136.25924753096643,0.010983327177995699,0.12691553416479806,0.9203522997141147,0.027586206896551727,False
136.30104485898121,0.0109833272219785,0.126915497702579,0.9203522783606943,0.027586206896551727,False
136.34284218699608,0.010983327266388229,0.1269154608864325,0.9203522567999916,0.027586206896551727,False
136.38463951501086,0.010983327311228629,0.12691542371326736,0.9203522350301955,0.027586206896551727,False
136.42643684302567,0.010983327356503444,0.12691538617996892,0.9203522130494821,0.027586206896551727,False
136.4682341710405,0.010983327402216499,0.12691534828339843,0.9203521908560124,0.027586206896551727,False
136.5100314990553,0.01098332744837157,0.1269153100203937,0.9203521684479344,0.027586206896551727,False
136.55182882707012,0.010983327494972488,0.12691527138776823,0.9203521458233819,0.027586206896551727,False
136.59362615508493,0.010983327542023216,0.12691523238231156,0.9203521229804735,0.027586206896551727,False
136.63542348309974,0.010983327589527598,0.12691519300078916,0.9203520999173151,0.027586206896551727,False
136.67722081111455,0.010983327637489545,0.12691515323994185,0.920352076631998,0.027586206896551727,False
136.7190181391294,0.010983327685913015,0.126915113096486,0.9203520531225985,0.027586206896551727,False
136.7608154671442,0.010983327734802002,0.12691507256711324,0.9203520293871787,0.027586206896551727,False
136.802612795159,0.010983327784160545,0.12691503164849025,0.9203520054237861,0.027586206896551727,False
136.84441012317382,0.01098332783399269,0.1269149903372585,0.9203519812304536,0.027586206896551727,False
136.88620745118865,0.010983327884302518,0.1269149486300345,0.9203519568051991,0.027586206896551727,False
136.92800477920343,0.010983327935094139,0.12691490652340992,0.9203519321460262,0.027586206896551727,False
136.96980210721827,0.01098332798637171,0.1269148640139502,0.9203519072509226,0.027586206896551727,False
137.01159943523308,0.010983328038139397,0.12691482109819563,0.9203518821178625,0.027586206896551727,False
137.05339676324786,0.01098332809040139,0.12691477777265994,0.9203518567448032,0.027586206896551727,False
137.09519409126273,0.010983328143161926,0.12691473403383183,0.9203518311296885,0.027586206896551727,False
137.1369914192775,0.010983328196425286,0.1269146898781735,0.9203518052704455,0.027586206896551727,False
137.17878874729234,0.010983328250195767,0.12691464530212096,0.9203517791649866,0.027586206896551727,False
137.22058607530715,0.0109833283044777,0.12691460030208365,0.9203517528112086,0.027586206896551727,False
137.26238340332196,0.01098332835927543,0.12691455487444445,0.920351726206993,0.027586206896551727,False
137.30418073133677,0.010983328414593343,0.12691450901555953,0.9203516993502052,0.027586206896551727,False
137.34597805935158,0.010983328470435972,0.1269144627217584,0.9203516722386944,0.027586206896551727,False
137.38777538736642,0.01098332852680769,0.12691441598934314,0.9203516448702951,0.027586206896551727,False
137.42957271538123,0.010983328583712997,0.1269143688145888,0.9203516172428252,0.027586206896551727,False
137.47137004339604,0.01098332864115641,0.1269143211937432,0.9203515893540869,0.027586206896551727,False
137.51316737141084,0.010983328699142486,0.126914273123026,0.9203515612018657,0.027586206896551727,False
137.55496469942565,0.010983328757675834,0.12691422459862978,0.920351532783931,0.027586206896551727,False
137.5967620274405,0.01098332881676109,0.12691417561671903,0.9203515040980361,0.027586206896551727,False
137.6385593554553,0.010983328876402894,0.12691412617343048,0.9203514751419182,0.027586206896551727,False
137.68035668347008,0.010983328936605955,0.1269140762648721,0.9203514459132969,0.027586206896551727,False
137.72215401148492,0.01098332899737499,0.1269140258871239,0.920351416409876,0.027586206896551727,False
137.76395133949973,0.010983329058714766,0.1269139750362373,0.9203513866293429,0.027586206896551727,False
137.80574866751456,0.010983329120630088,0.1269139237082348,0.9203513565693672,0.027586206896551727,False
137.84754599552937,0.01098332918312577,0.1269138718991103,0.9203513262276021,0.027586206896551727,False
137.88934332354418,0.010983329246206704,0.12691381960482856,0.9203512956016838,0.027586206896551727,False
137.931140651559,0.010983329309877774,0.12691376682132505,0.9203512646892315,0.027586206896551727,False
137.9729379795738,0.010983329374143905,0.12691371354450573,0.9203512334878468,0.027586206896551727,False
138.01473530758864,0.010983329439010184,0.12691365977024763,0.9203512019951136,0.027586206896551727,False
138.05653263560342,0.010983329504481495,0.12691360549439767,0.9203511702085998,0.027586206896551727,False
138.09832996361826,0.010983329570562908,0.12691355071277227,0.9203511381258547,0.027586206896551727,False
138.14012729163306,0.010983329637259509,0.12691349542115934,0.9203511057444106,0.027586206896551727,False
138.18192461964787,0.010983329704576427,0.126913439615315,0.9203510730617812,0.027586206896551727,False
138.22372194766268,0.010983329772518804,0.1269133832909655,0.9203510400754632,0.027586206896551727,False
138.2655192756775,0.01098332984109183,0.1269133264438065,0.9203510067829349,0.027586206896551727,False
138.30731660369233,0.010983329910300764,0.1269132690695038,0.9203509731816568,0.027586206896551727,False
138.34911393170714,0.01098332998015087,0.12691321116369117,0.9203509392690714,0.027586206896551727,False
138.39091125972195,0.010983330050647442,0.126913152721971,0.9203509050426023,0.027586206896551727,False
138.43270858773676,0.010983330121795832,0.12691309373991566,0.9203508704996556,0.027586206896551727,False
138.47450591575156,0.010983330193601393,0.12691303421306502,0.9203508356376187,0.027586206896551727,False
138.5163032437664,0.010983330266069567,0.1269129741369279,0.9203508004538603,0.027586206896551727,False
138.5581005717812,0.010983330339205793,0.12691291350698083,0.9203507649457304,0.027586206896551727,False
138.599897899796,0.010983330413015626,0.12691285231866886,0.9203507291105602,0.027586206896551727,False
138.64169522781083,0.01098333048750453,0.12691279056740382,0.9203506929456623,0.027586206896551727,False
138.68349255582564,0.010983330562678082,0.12691272824856717,0.9203506564483306,0.027586206896551727,False
138.72528988384047,0.010983330638541896,0.12691266535750606,0.9203506196158395,0.027586206896551727,False
138.76708721185528,0.010983330715101642,0.12691260188953576,0.9203505824454443,0.027586206896551727,False
138.80888453987006,0.010983330792363006,0.1269125378399384,0.920350544934381,0.027586206896551727,False
138.8506818678849,0.010983330870331709,0.12691247320396273,0.920350507079866,0.027586206896551727,False
138.8924791958997,0.010983330949013546,0.12691240797682454,0.9203504688790963,0.027586206896551727,False
138.93427652391455,0.010983331028414298,0.12691234215370675,0.9203504303292502,0.027586206896551727,False
138.97607385192933,0.010983331108539825,0.1269122757297579,0.9203503914274851,0.027586206896551727,False
139.01787117994414,0.01098333118939602,0.12691220870009265,0.920350352170939,0.027586206896551727,False
139.05966850795897,0.01098333127098882,0.12691214105979215,0.9203503125567297,0.027586206896551727,False
139.10146583597378,0.010983331353324192,0.12691207280390326,0.9203502725819559,0.027586206896551727,False
139.14326316398862,0.0109833314364082,0.1269120039274379,0.9203502322436945,0.027586206896551727,False
139.1850604920034,0.010983331520246893,0.12691193442537446,0.9203501915390037,0.027586206896551727,False
139.22685782001824,0.01098333160484632,0.12691186429265552,0.9203501504649205,0.027586206896551727,False
139.26865514803305,0.01098333169021263,0.1269117935241895,0.9203501090184623,0.027586206896551727,False
139.31045247604786,0.010983331776352035,0.1269117221148496,0.9203500671966247,0.027586206896551727,False
139.35224980406267,0.010983331863270744,0.12691165005947336,0.9203500249963833,0.027586206896551727,False
139.39404713207747,0.01098333195097503,0.1269115773528629,0.9203499824146928,0.027586206896551727,False
139.4358444600923,0.010983332039471222,0.1269115039897849,0.920349939448487,0.027586206896551727,False
139.47764178810712,0.010983332128765656,0.12691142996496996,0.9203498960946783,0.027586206896551727,False
139.51943911612193,0.010983332218864744,0.12691135527311262,0.9203498523501585,0.027586206896551727,False
139.56123644413674,0.010983332309774923,0.12691127990887113,0.9203498082117979,0.027586206896551727,False
139.60303377215155,0.010983332401502668,0.12691120386686677,0.9203497636764448,0.027586206896551727,False
139.64483110016639,0.010983332494054573,0.12691112714168595,0.9203497187409273,0.027586206896551727,False
139.6866284281812,0.01098333258743717,0.1269110497278766,0.9203496734020511,0.027586206896551727,False
139.72842575619597,0.010983332681657064,0.12691097161994944,0.9203496276565999,0.027586206896551727,False
139.77022308421084,0.010983332776720919,0.1269108928123791,0.9203495815013366,0.027586206896551727,False
139.81202041222562,0.010983332872635464,0.12691081329960177,0.9203495349330008,0.027586206896551727,False
139.85381774024046,0.010983332969407456,0.12691073307601658,0.920349487948311,0.027586206896551727,False
139.89561506825527,0.010983333067043707,0.1269106521359851,0.9203494405439632,0.027586206896551727,False
139.93741239627005,0.010983333165551072,0.1269105704738297,0.9203493927166307,0.027586206896551727,False
139.97920972428489,0.010983333264936416,0.12691048808383548,0.9203493444629655,0.027586206896551727,False
140.0210070522997,0.010983333365206687,0.12691040496024936,0.920349295779596,0.027586206896551727,False
140.06280438031453,0.010983333466368846,0.1269103210972786,0.9203492466631286,0.027586206896551727,False
140.1046017083293,0.01098333356843001,0.12691023648909255,0.920349197110146,0.027586206896551727,False
140.14639903634418,0.010983333671397194,0.1269101511298214,0.9203491471172093,0.027586206896551727,False
140.18819636435896,0.010983333775277531,0.12691006501355565,0.920349096680856,0.027586206896551727,False
140.22999369237377,0.010983333880078194,0.12690997813434665,0.9203490457976001,0.027586206896551727,False
140.27179102038858,0.010983333985806415,0.12690989048620613,0.9203489944639328,0.027586206896551727,False
140.3135883484034,0.010983334092469483,0.12690980206310612,0.9203489426763221,0.027586206896551727,False
140.35538567641822,0.010983334200074713,0.12690971285897826,0.9203488904312116,0.027586206896551727,False
140.39718300443303,0.010983334308629475,0.1269096228677141,0.9203488377250225,0.027586206896551727,False
140.43898033244784,0.010983334418141186,0.12690953208316508,0.9203487845541513,0.027586206896551727,False
140.48077766046265,0.010983334528617293,0.12690944049914155,0.9203487309149716,0.027586206896551727,False
140.5225749884775,0.010983334640065361,0.12690934810941332,0.9203486768038321,0.027586206896551727,False
140.5643723164923,0.010983334752492942,0.12690925490770885,0.9203486222170579,0.027586206896551727,False
140.6061696445071,0.010983334865907598,0.12690916088771528,0.92034856715095,0.027586206896551727,False
140.64796697252189,0.010983334980317021,0.12690906604307878,0.9203485116017849,0.027586206896551727,False
140.68976430053675,0.010983335095728904,0.12690897036740315,0.9203484555658148,0.027586206896551727,False
140.73156162855153,0.010983335212151035,0.12690887385425106,0.920348399039267,0.027586206896551727,False
140.77335895656637,0.010983335329591238,0.12690877649714266,0.9203483420183444,0.027586206896551727,False
140.81515628458118,0.010983335448057373,0.12690867828955638,0.9203482844992249,0.027586206896551727,False
140.856953612596,0.010983335567557349,0.12690857922492635,0.9203482264780616,0.027586206896551727,False
140.8987509406108,0.010983335688099134,0.12690847929664573,0.9203481679509822,0.027586206896551727,False
140.9405482686256,0.010983335809690818,0.12690837849806438,0.9203481089140894,0.027586206896551727,False
140.98234559664044,0.010983335932340415,0.12690827682248873,0.9203480493634609,0.027586206896551727,False
141.02414292465525,0.010983336056056028,0.12690817426318185,0.9203479892951488,0.027586206896551727,False
141.06594025267006,0.01098333618084587,0.1269080708133633,0.9203479287051793,0.027586206896551727,False
141.10773758068487,0.010983336306718171,0.1269079664662091,0.9203478675895536,0.027586206896551727,False
141.14953490869968,0.010983336433681228,0.12690786121485098,0.9203478059442458,0.027586206896551727,False
141.19133223671452,0.010983336561743356,0.12690775505237686,0.920347743765206,0.027586206896551727,False
141.23312956472932,0.010983336690912955,0.12690764797182935,0.9203476810483564,0.027586206896551727,False
141.2749268927441,0.010983336821198456,0.12690753996620735,0.920347617789594,0.027586206896551727,False
141.31672422075894,0.010983336952608407,0.12690743102846455,0.9203475539847888,0.027586206896551727,False
141.35852154877375,0.010983337085151326,0.12690732115150918,0.9203474896297853,0.027586206896551727,False
141.4003188767886,0.010983337218835827,0.12690721032820515,0.9203474247204009,0.027586206896551727,False
141.4421162048034,0.01098333735367057,0.12690709855136983,0.920347359252426,0.027586206896551727,False
141.48391353281818,0.010983337489664279,0.12690698581377532,0.9203472932216243,0.027586206896551727,False
141.52571086083302,0.01098333762682572,0.12690687210814805,0.9203472266237336,0.027586206896551727,False
141.56750818884782,0.010983337765163734,0.1269067574271675,0.9203471594544625,0.027586206896551727,False
141.60930551686266,0.0109833379046872,0.12690664176346791,0.9203470917094947,0.027586206896551727,False
141.65110284487744,0.010983338045405067,0.12690652510963554,0.9203470233844845,0.027586206896551727,False
141.69290017289228,0.010983338187326365,0.12690640745821116,0.9203469544750603,0.027586206896551727,False
141.7346975009071,0.010983338330460096,0.1269062888016882,0.9203468849768224,0.027586206896551727,False
141.7764948289219,0.010983338474815378,0.12690616913251182,0.9203468148853426,0.027586206896551727,False
141.81829215693674,0.010983338620401385,0.12690604844308093,0.9203467441961664,0.027586206896551727,False
141.86008948495152,0.01098333876722737,0.12690592672574633,0.9203466729048096,0.027586206896551727,False
141.90188681296635,0.01098333891530259,0.12690580397281037,0.9203466010067611,0.027586206896551727,False
141.94368414098116,0.010983339064636392,0.12690568017652795,0.9203465284974809,0.027586206896551727,False
141.98548146899597,0.010983339215238166,0.12690555532910547,0.920346455372401,0.027586206896551727,False
142.02727879701078,0.01098333936711745,0.12690542942270053,0.9203463816269242,0.027586206896551727,False
142.0690761250256,0.01098333952028369,0.12690530244942166,0.9203463072564253,0.027586206896551727,False
142.11087345304043,0.010983339674746517,0.12690517440132976,0.9203462322562505,0.027586206896551727,False
142.15267078105524,0.01098333983051552,0.12690504527043464,0.9203461566217165,0.027586206896551727,False
142.19446810907004,0.010983339987600496,0.12690491504869783,0.920346080348111,0.027586206896551727,False
142.23626543708485,0.010983340146011135,0.1269047837280306,0.9203460034306928,0.027586206896551727,False
142.27806276509966,0.010983340305757218,0.12690465130029463,0.9203459258646918,0.027586206896551727,False
142.3198600931145,0.010983340466848642,0.12690451775730102,0.9203458476453076,0.027586206896551727,False
142.3616574211293,0.01098334062929534,0.1269043830908109,0.9203457687677108,0.027586206896551727,False
142.4034547491441,0.010983340793107279,0.12690424729253463,0.9203456892270424,0.027586206896551727,False
142.44525207715893,0.010983340958294553,0.12690411035413182,0.9203456090184129,0.027586206896551727,False
142.48704940517374,0.010983341124867279,0.12690397226721103,0.9203455281369034,0.027586206896551727,False
142.52884673318857,0.010983341292835642,0.12690383302332892,0.9203454465775641,0.027586206896551727,False
142.57064406120338,0.010983341462209889,0.1269036926139915,0.9203453643354161,0.027586206896551727,False
142.61244138921816,0.01098334163300031,0.12690355103065276,0.9203452814054494,0.027586206896551727,False
142.654238717233,0.010983341805217364,0.12690340826471452,0.9203451977826226,0.027586206896551727,False
142.6960360452478,0.010983341978871406,0.12690326430752658,0.9203451134618659,0.027586206896551727,False
142.73783337326265,0.010983342153972968,0.12690311915038632,0.9203450284380766,0.027586206896551727,False
142.77963070127743,0.0109833423305326,0.12690297278453794,0.9203449427061223,0.027586206896551727,False
142.82142802929224,0.01098334250856094,0.12690282520117357,0.9203448562608391,0.027586206896551727,False
142.86322535730707,0.010983342688068653,0.1269026763914317,0.9203447690970319,0.027586206896551727,False
142.90502268532188,0.010983342869066484,0.12690252634639781,0.9203446812094747,0.027586206896551727,False
142.9468200133367,0.010983343051565337,0.1269023750571034,0.9203445925929088,0.027586206896551727,False
142.9886173413515,0.010983343235576001,0.12690222251452618,0.9203445032420453,0.027586206896551727,False
143.03041466936634,0.01098334342110945,0.12690206870959037,0.9203444131515632,0.027586206896551727,False
143.07221199738115,0.010983343608176708,0.12690191363316516,0.9203443223161091,0.027586206896551727,False
143.11400932539595,0.01098334379678884,0.12690175727606537,0.9203442307302978,0.027586206896551727,False
143.15580665341076,0.010983343986956998,0.12690159962905187,0.9203441383887124,0.027586206896551727,False
143.1976039814256,0.010983344178692402,0.12690144068283005,0.9203440452859033,0.027586206896551727,False
143.2394013094404,0.010983344372006371,0.12690128042804963,0.920343951416388,0.027586206896551727,False
143.28119863745522,0.010983344566910178,0.12690111885530547,0.9203438567746526,0.027586206896551727,False
143.32299596547,0.010983344763415266,0.12690095595513617,0.9203437613551496,0.027586206896551727,False
143.36479329348484,0.010983344961533114,0.1269007917180256,0.9203436651522989,0.027586206896551727,False
143.40659062149965,0.010983345161275257,0.12690062613439995,0.9203435681604875,0.027586206896551727,False
143.44838794951448,0.010983345362653328,0.12690045919462986,0.9203434703740688,0.027586206896551727,False
143.4901852775293,0.010983345565679023,0.1269002908890297,0.9203433717873637,0.027586206896551727,False
143.53198260554407,0.010983345770364094,0.12690012120785626,0.9203432723946593,0.027586206896551727,False
143.5737799335589,0.010983345976720332,0.12689995014130986,0.9203431721902092,0.027586206896551727,False
143.61557726157372,0.010983346184759645,0.12689977767953314,0.9203430711682332,0.027586206896551727,False
143.65737458958856,0.010983346394493998,0.12689960381261098,0.9203429693229175,0.027586206896551727,False
143.69917191760334,0.010983346605935407,0.12689942853057104,0.9203428666484141,0.027586206896551727,False
143.74096924561817,0.010983346819095966,0.12689925182338235,0.9203427631388413,0.027586206896551727,False
143.78276657363298,0.01098334703398791,0.12689907368095624,0.9203426587882825,0.027586206896551727,False
143.8245639016478,0.010983347250623441,0.12689889409314523,0.9203425535907869,0.027586206896551727,False
143.86636122966263,0.010983347469014842,0.12689871304974307,0.92034244754037,0.027586206896551727,False
143.90815855767744,0.010983347689174522,0.12689853054048508,0.9203423406310118,0.027586206896551727,False
143.94995588569222,0.01098334791111493,0.12689834655504686,0.9203422328566581,0.027586206896551727,False
143.99175321370706,0.010983348134848598,0.1268981610830443,0.9203421242112187,0.027586206896551727,False
144.03355054172187,0.01098334836038813,0.12689797411403403,0.9203420146885695,0.027586206896551727,False
144.07534786973667,0.010983348587746168,0.12689778563751306,0.9203419042825508,0.027586206896551727,False
144.1171451977515,0.010983348816935478,0.12689759564291733,0.920341792986967,0.027586206896551727,False
144.1589425257663,0.010983349047968863,0.12689740411962297,0.9203416807955874,0.027586206896551727,False
144.20073985378113,0.01098334928085921,0.12689721105694632,0.9203415677021464,0.027586206896551727,False
144.24253718179594,0.010983349515619495,0.12689701644414117,0.9203414537003411,0.027586206896551727,False
144.28433450981078,0.01098334975226275,0.12689682027040142,0.9203413387838342,0.027586206896551727,False
144.32613183782556,0.010983349990802083,0.12689662252485898,0.920341222946251,0.027586206896551727,False
144.3679291658404,0.010983350231250655,0.12689642319658453,0.9203411061811816,0.027586206896551727,False
144.4097264938552,0.01098335047362175,0.12689622227458627,0.9203409884821789,0.027586206896551727,False
144.45152382187,0.010983350717928685,0.1268960197478117,0.9203408698427602,0.027586206896551727,False
144.49332114988485,0.010983350964184931,0.1268958156051451,0.9203407502564055,0.027586206896551727,False
144.53511847789963,0.010983351212403963,0.1268956098354082,0.920340629716558,0.027586206896551727,False
144.57691580591447,0.010983351462599319,0.12689540242735992,0.920340508216624,0.027586206896551727,False
144.61871313392928,0.010983351714784605,0.12689519336969646,0.9203403857499739,0.027586206896551727,False
144.66051046194409,0.01098335196897355,0.12689498265105026,0.920340262309939,0.027586206896551727,False
144.7023077899589,0.010983352225179944,0.12689477025999116,0.920340137889815,0.027586206896551727,False
144.7441051179737,0.010983352483417658,0.1268945561850246,0.9203400124828587,0.027586206896551727,False
144.78590244598854,0.01098335274370061,0.12689434041459197,0.9203398860822903,0.027586206896551727,False
144.82769977400335,0.010983353006042829,0.1268941229370709,0.9203397586812917,0.027586206896551727,False
144.86949710201816,0.010983353270458426,0.126893903740774,0.9203396302730068,0.027586206896551727,False
144.91129443003297,0.010983353536961551,0.1268936828139498,0.9203395008505421,0.027586206896551727,False
144.95309175804778,0.010983353805566538,0.12689346014478192,0.9203393704069648,0.027586206896551727,False
144.9948890860626,0.010983354076287642,0.12689323572138805,0.9203392389353048,0.027586206896551727,False
145.03668641407742,0.01098335434913928,0.12689300953182087,0.920339106428553,0.027586206896551727,False
145.0784837420922,0.010983354624135959,0.1268927815640681,0.9203389728796618,0.027586206896551727,False
145.12028107010704,0.010983354901292241,0.12689255180605039,0.920338838281545,0.027586206896551727,False
145.16207839812185,0.010983355180622816,0.12689232024562327,0.9203387026270768,0.027586206896551727,False
145.2038757261367,0.010983355462142387,0.12689208687057515,0.9203385659090934,0.027586206896551727,False
145.24567305415147,0.010983355745865767,0.12689185166862849,0.9203384281203908,0.027586206896551727,False
145.28747038216628,0.010983356031807829,0.12689161462743792,0.9203382892537261,0.027586206896551727,False
145.3292677101811,0.010983356319983551,0.12689137573459275,0.9203381493018178,0.027586206896551727,False
145.37106503819592,0.010983356610408031,0.12689113497761326,0.9203380082573427,0.027586206896551727,False
145.41286236621076,0.010983356903096366,0.12689089234395276,0.9203378661129396,0.027586206896551727,False
145.45465969422554,0.010983357198063768,0.12689064782099674,0.9203377228612069,0.027586206896551727,False
145.49645702224038,0.010983357495325554,0.1268904013960626,0.9203375784947022,0.027586206896551727,False
145.5382543502552,0.010983357794897087,0.12689015305640025,0.9203374330059446,0.027586206896551727,False
145.58005167827,0.010983358096793875,0.12688990278918943,0.9203372863874109,0.027586206896551727,False
145.6218490062848,0.010983358401031418,0.12688965058154228,0.9203371386315384,0.027586206896551727,False
145.6636463342996,0.010983358707625367,0.12688939642050276,0.9203369897307245,0.027586206896551727,False
145.70544366231445,0.010983359016591423,0.12688914029304327,0.9203368396773243,0.027586206896551727,False
145.74724099032926,0.010983359327945367,0.12688888218606884,0.9203366884636531,0.027586206896551727,False
145.78903831834407,0.010983359641703152,0.1268886220864137,0.9203365360819843,0.027586206896551727,False
145.83083564635888,0.01098335995788069,0.12688835998084266,0.920336382524551,0.027586206896551727,False
145.8726329743737,0.01098336027649403,0.1268880958560498,0.9203362277835444,0.027586206896551727,False
145.91443030238852,0.01098336059755931,0.1268878296986598,0.9203360718511145,0.027586206896551727,False
145.95622763040333,0.010983360921092769,0.1268875614952253,0.9203359147193695,0.027586206896551727,False
145.9980249584181,0.01098336124711071,0.1268872912322286,0.9203357563803752,0.027586206896551727,False
146.03982228643295,0.01098336157562951,0.1268870188960817,0.9203355968261572,0.027586206896551727,False
146.08161961444776,0.010983361906665642,0.12688674447312456,0.9203354360486978,0.027586206896551727,False
146.1234169424626,0.010983362240235675,0.12688646794962502,0.9203352740399369,0.027586206896551727,False
146.1652142704774,0.010983362576356286,0.12688618931178006,0.920335110791773,0.027586206896551727,False
146.2070115984922,0.01098336291504418,0.12688590854571372,0.9203349462960614,0.027586206896551727,False
146.24880892650702,0.010983363256316178,0.126885625637478,0.9203347805446147,0.027586206896551727,False
146.29060625452183,0.010983363600189243,0.12688534057305256,0.9203346135292033,0.027586206896551727,False
146.33240358253667,0.010983363946680457,0.12688505333834435,0.9203344452415538,0.027586206896551727,False
146.37420091055145,0.010983364295806814,0.12688476391918696,0.9203342756733508,0.027586206896551727,False
146.41599823856626,0.010983364647585443,0.12688447230134073,0.9203341048162358,0.027586206896551727,False
146.4577955665811,0.010983365002033618,0.12688417847049258,0.9203339326618063,0.027586206896551727,False
146.4995928945959,0.010983365359168678,0.1268838824122558,0.9203337592016166,0.027586206896551727,False
146.54139022261074,0.010983365719008154,0.12688358411217013,0.9203335844271773,0.027586206896551727,False
146.58318755062552,0.010983366081569508,0.1268832835556999,0.920333408329955,0.027586206896551727,False
146.62498487864033,0.01098336644687038,0.12688298072823645,0.9203332309013731,0.027586206896551727,False
146.66678220665517,0.01098336681492849,0.12688267561509525,0.9203330521328101,0.027586206896551727,False
146.70857953466998,0.010983367185761672,0.12688236820151785,0.9203328720156011,0.027586206896551727,False
146.7503768626848,0.010983367559387787,0.1268820584726701,0.9203326905410366,0.027586206896551727,False
146.79217419069963,0.010983367935824821,0.12688174641364222,0.9203325077003623,0.027586206896551727,False
146.83397151871443,0.010983368315090853,0.12688143200944937,0.92033232348478,0.027586206896551727,False
146.87576884672924,0.010983368697204073,0.12688111524503104,0.9203321378854464,0.027586206896551727,False
146.91756617474405,0.010983369082182712,0.12688079610524988,0.9203319508934731,0.027586206896551727,False
146.95936350275886,0.01098336947004513,0.12688047457489318,0.9203317624999272,0.027586206896551727,False
147.00116083077367,0.01098336986080977,0.12688015063867072,0.9203315726958302,0.027586206896551727,False
147.0429581587885,0.010983370254495181,0.12687982428121602,0.9203313814721584,0.027586206896551727,False
147.08475548680332,0.010983370651120001,0.12687949548708619,0.920331188819843,0.027586206896551727,False
147.1265528148181,0.010983371050702937,0.12687916424076032,0.9203309947297694,0.027586206896551727,False
147.16835014283296,0.010983371453262796,0.12687883052664026,0.9203307991927772,0.027586206896551727,False
147.21014747084774,0.010983371858818545,0.12687849432905055,0.9203306021996603,0.027586206896551727,False
147.25194479886258,0.010983372267389125,0.126878155632237,0.9203304037411665,0.027586206896551727,False
147.29374212687736,0.010983372678993642,0.12687781442036822,0.9203302038079979,0.027586206896551727,False
147.3355394548922,0.010983373093651298,0.12687747067753374,0.9203300023908095,0.027586206896551727,False
147.377336782907,0.010983373511381424,0.12687712438774496,0.9203297994802104,0.027586206896551727,False
147.41913411092182,0.010983373932203354,0.1268767755349347,0.9203295950667638,0.027586206896551727,False
147.46093143893665,0.01098337435613657,0.12687642410295596,0.9203293891409852,0.027586206896551727,False
147.50272876695144,0.010983374783200632,0.12687607007558305,0.9203291816933439,0.027586206896551727,False
147.54452609496627,0.010983375213415263,0.12687571343651072,0.9203289727142616,0.027586206896551727,False
147.58632342298108,0.01098337564680018,0.12687535416935397,0.9203287621941141,0.027586206896551727,False
147.6281207509959,0.01098337608337525,0.12687499225764837,0.9203285501232294,0.027586206896551727,False
147.6699180790107,0.010983376523160442,0.12687462768484822,0.9203283364918873,0.027586206896551727,False
147.71171540702554,0.010983376966175816,0.12687426043432842,0.9203281212903214,0.027586206896551727,False
147.75351273504032,0.010983377412441493,0.12687389048938227,0.920327904508717,0.027586206896551727,False
147.79531006305515,0.010983377861977756,0.12687351783322345,0.9203276861372116,0.027586206896551727,False
147.83710739106996,0.010983378314804988,0.12687314244898398,0.920327466165895,0.027586206896551727,False
147.8789047190848,0.010983378770943584,0.1268727643197146,0.9203272445848091,0.027586206896551727,False
147.92070204709958,0.010983379230414083,0.12687238342838464,0.9203270213839474,0.027586206896551727,False
147.9624993751144,0.010983379693237132,0.12687199975788163,0.9203267965532557,0.027586206896551727,False
148.00429670312923,0.010983380159433493,0.1268716132910116,0.9203265700826304,0.027586206896551727,False
148.046094031144,0.01098338062902399,0.1268712240104978,0.9203263419619199,0.027586206896551727,False
148.08789135915887,0.010983381102029571,0.12687083189898113,0.9203261121809237,0.027586206896551727,False
148.12968868717365,0.010983381578471275,0.12687043693902092,0.920325880729393,0.027586206896551727,False
148.1714860151885,0.010983382058370248,0.12687003911309247,0.9203256475970295,0.027586206896551727,False
148.2132833432033,0.010983382541747699,0.1268696384035892,0.9203254127734861,0.027586206896551727,False
148.2550806712181,0.010983383028625018,0.12686923479282033,0.920325176248366,0.027586206896551727,False
148.29687799923292,0.010983383519023626,0.12686882826301185,0.9203249380112235,0.027586206896551727,False
148.33867532724773,0.010983384012965058,0.12686841879630661,0.9203246980515635,0.027586206896551727,False
148.38047265526257,0.010983384510470984,0.126868006374763,0.9203244563588406,0.027586206896551727,False
148.42226998327737,0.0109833850115631,0.12686759098035597,0.9203242129224609,0.027586206896551727,False
148.46406731129218,0.01098338551626331,0.12686717259497554,0.9203239677317792,0.027586206896551727,False
148.505864639307,0.010983386024593502,0.12686675120042776,0.9203237207761016,0.027586206896551727,False
148.5476619673218,0.010983386536575747,0.12686632677843335,0.9203234720446831,0.027586206896551727,False
148.58945929533664,0.010983387052232212,0.12686589931062833,0.9203232215267285,0.027586206896551727,False
148.63125662335145,0.010983387571585172,0.12686546877856464,0.9203229692113928,0.027586206896551727,False
148.67305395136623,0.010983388094656939,0.12686503516370792,0.9203227150877807,0.027586206896551727,False
148.71485127938107,0.010983388621470002,0.12686459844743794,0.920322459144945,0.027586206896551727,False
148.75664860739587,0.010983389152046908,0.12686415861104894,0.9203222013718887,0.027586206896551727,False
148.7984459354107,0.010983389686410338,0.12686371563574977,0.9203219417575637,0.027586206896551727,False
148.84024326342552,0.010983390224583056,0.12686326950266297,0.9203216802908708,0.027586206896551727,False
148.8820405914403,0.010983390766587964,0.12686282019282405,0.9203214169606594,0.027586206896551727,False
148.92383791945514,0.010983391312448005,0.12686236768718231,0.9203211517557283,0.027586206896551727,False
148.96563524746995,0.010983391862186258,0.12686191196660093,0.9203208846648244,0.027586206896551727,False
149.00743257548478,0.010983392415825983,0.12686145301185583,0.920320615676643,0.027586206896551727,False
149.04922990349957,0.010983392973390422,0.1268609908036348,0.920320344779828,0.027586206896551727,False
149.09102723151437,0.0109833935349031,0.12686052532253966,0.920320071962971,0.027586206896551727,False
149.1328245595292,0.01098339410038739,0.1268600565490836,0.9203197972146125,0.027586206896551727,False
149.17462188754402,0.010983394669866905,0.1268595844636923,0.920319520523241,0.027586206896551727,False
149.21641921555886,0.010983395243365371,0.12685910904670422,0.9203192418772921,0.027586206896551727,False
149.25821654357364,0.01098339582090663,0.1268586302783688,0.9203189612651496,0.027586206896551727,False
149.30001387158848,0.010983396402514623,0.12685814813884744,0.9203186786751448,0.027586206896551727,False
149.34181119960328,0.010983396988213387,0.12685766260821277,0.9203183940955562,0.027586206896551727,False
149.3836085276181,0.01098339757802706,0.12685717366644977,0.9203181075146106,0.027586206896551727,False
149.4254058556329,0.010983398171979901,0.1268566812934527,0.9203178189204809,0.027586206896551727,False
149.4672031836477,0.010983398770096247,0.12685618546902785,0.920317528301288,0.027586206896551727,False
149.50900051166255,0.010983399372400593,0.1268556861728923,0.9203172356450992,0.027586206896551727,False
149.55079783967736,0.010983399978917495,0.12685518338467316,0.9203169409399291,0.027586206896551727,False
149.59259516769217,0.010983400589671642,0.12685467708390807,0.920316644173739,0.027586206896551727,False
149.63439249570698,0.010983401204687833,0.12685416725004448,0.9203163453344367,0.027586206896551727,False
149.67618982372178,0.010983401823990994,0.12685365386244046,0.9203160444098765,0.027586206896551727,False
149.71798715173662,0.0109834024476061,0.1268531369003632,0.9203157413878593,0.027586206896551727,False
149.75978447975143,0.010983403075558269,0.1268526163429897,0.9203154362561324,0.027586206896551727,False
149.8015818077662,0.010983403707872768,0.12685209216940602,0.9203151290023885,0.027586206896551727,False
149.84337913578105,0.0109834043445749,0.12685156435860828,0.9203148196142679,0.027586206896551727,False
149.88517646379586,0.010983404985690134,0.12685103288950106,0.9203145080793553,0.027586206896551727,False
149.9269737918107,0.010983405631244008,0.12685049774089777,0.9203141943851827,0.027586206896551727,False
149.96877111982548,0.0109834062812622,0.12684995889152056,0.9203138785192263,0.027586206896551727,False
150.01056844784028,0.010983406935770476,0.12684941631999974,0.920313560468909,0.027586206896551727,False
150.05236577585512,0.010983407594794744,0.1268488700048748,0.920313240221599,0.027586206896551727,False
150.09416310386993,0.010983408258360987,0.12684831992459253,0.9203129177646096,0.027586206896551727,False
150.13596043188477,0.010983408926495327,0.12684776605750805,0.9203125930851996,0.027586206896551727,False
150.17775775989955,0.010983409599224022,0.12684720838188424,0.9203122661705727,0.027586206896551727,False
150.2195550879144,0.01098341027657336,0.12684664687589153,0.9203119370078784,0.027586206896551727,False
150.2613524159292,0.0109834109585698,0.12684608151760798,0.9203116055842101,0.027586206896551727,False
150.303149743944,0.01098341164523988,0.12684551228501836,0.9203112718866069,0.027586206896551727,False
150.3449470719588,0.010983412336610274,0.1268449391560154,0.9203109359020526,0.027586206896551727,False
150.38674439997362,0.010983413032707808,0.12684436210839858,0.920310597617475,0.027586206896551727,False
150.42854172798843,0.010983413733559327,0.12684378111987415,0.9203102570197473,0.027586206896551727,False
150.47033905600327,0.010983414439191846,0.1268431961680542,0.9203099140956862,0.027586206896551727,False
150.51213638401808,0.010983415149632516,0.12684260723045812,0.9203095688320531,0.027586206896551727,False
150.5539337120329,0.010983415864908525,0.1268420142845113,0.920309221215554,0.027586206896551727,False
150.5957310400477,0.010983416585047232,0.1268414173075454,0.9203088712328386,0.027586206896551727,False
150.63752836806253,0.010983417310076115,0.1268408162767979,0.9203085188705004,0.027586206896551727,False
150.67932569607734,0.010983418040022732,0.1268402111694125,0.9203081641150774,0.027586206896551727,False
150.72112302409212,0.010983418774914787,0.12683960196243754,0.9203078069530506,0.027586206896551727,False
150.762920352107,0.01098341951478005,0.12683898863282822,0.9203074473708458,0.027586206896551727,False
150.80471768012177,0.010983420259646437,0.12683837115744415,0.9203070853548313,0.027586206896551727,False
150.8465150081366,0.010983421009542015,0.12683774951305019,0.9203067208913193,0.027586206896551727,False
150.88831233615142,0.010983421764494893,0.1268371236763171,0.9203063539665658,0.027586206896551727,False
150.9301096641662,0.01098342252453332,0.1268364936238193,0.9203059845667697,0.027586206896551727,False
150.97190699218103,0.010983423289685709,0.12683585933203684,0.9203056126780728,0.027586206896551727,False
151.01370432019584,0.010983424059980531,0.12683522077735424,0.9203052382865605,0.027586206896551727,False
151.05550164821068,0.010983424835446391,0.12683457793606007,0.9203048613782612,0.027586206896551727,False
151.09729897622546,0.01098342561611199,0.12683393078434757,0.9203044819391459,0.027586206896551727,False
151.1390963042403,0.010983426402006172,0.1268332792983139,0.9203040999551286,0.027586206896551727,False
151.1808936322551,0.010983427193158046,0.126832623453961,0.9203037154120652,0.027586206896551727,False
151.22269096026992,0.010983427989596478,0.12683196322719353,0.9203033282957559,0.027586206896551727,False
151.26448828828475,0.010983428791350686,0.1268312985938202,0.9203029385919423,0.027586206896551727,False
151.30628561629956,0.010983429598449968,0.12683062952955437,0.9203025462863093,0.027586206896551727,False
151.34808294431434,0.010983430410923728,0.12682995601001165,0.9203021513644829,0.027586206896551727,False
151.38988027232918,0.01098343122880154,0.12682927801071145,0.920301753812032,0.027586206896551727,False
151.431677600344,0.01098343205211301,0.1268285955070761,0.9203013536144681,0.027586206896551727,False
151.4734749283588,0.010983432880887928,0.1268279084744315,0.9203009507572435,0.027586206896551727,False
151.51527225637363,0.010983433715156168,0.12682721688800663,0.9203005452257541,0.027586206896551727,False
151.55706958438842,0.010983434554947751,0.12682652072293218,0.9203001370053364,0.027586206896551727,False
151.59886691240325,0.010983435400292783,0.1268258199542432,0.9202997260812695,0.027586206896551727,False
151.64066424041806,0.0109834362512215,0.1268251145568758,0.920299312438774,0.027586206896551727,False
151.6824615684329,0.01098343710776425,0.12682440450566915,0.9202988960630119,0.027586206896551727,False
151.72425889644768,0.010983437969951488,0.12682368977536462,0.9202984769390871,0.027586206896551727,False
151.7660562244625,0.010983438837813823,0.12682297034060566,0.9202980550520444,0.027586206896551727,False
151.80785355247733,0.01098343971138199,0.12682224617593887,0.9202976303868711,0.027586206896551727,False
151.84965088049213,0.010983440590686764,0.12682151725581134,0.9202972029284948,0.027586206896551727,False
151.89144820850697,0.010983441475759125,0.12682078355457269,0.9202967726617846,0.027586206896551727,False
151.93324553652175,0.010983442366630104,0.12682004504647423,0.9202963395715511,0.027586206896551727,False
151.9750428645366,0.010983443263330887,0.12681930170566855,0.9202959036425452,0.027586206896551727,False
152.01684019255137,0.010983444165892767,0.12681855350621044,0.9202954648594599,0.027586206896551727,False
152.05863752056618,0.01098344507434719,0.12681780042205526,0.920295023206928,0.027586206896551727,False
152.10043484858102,0.010983445988725719,0.12681704242706054,0.9202945786695232,0.027586206896551727,False
152.14223217659585,0.010983446909059943,0.1268162794949841,0.9202941312317612,0.027586206896551727,False
152.18402950461066,0.01098344783538167,0.12681551159948595,0.9202936808780975,0.027586206896551727,False
152.22582683262547,0.010983448767722784,0.1268147387141254,0.9202932275929275,0.027586206896551727,False
152.26762416064025,0.010983449706115284,0.12681396081236462,0.9202927713605888,0.027586206896551727,False
152.3094214886551,0.010983450650591337,0.12681317786756532,0.9202923121653581,0.027586206896551727,False
152.3512188166699,0.010983451601183202,0.1268123898529902,0.9202918499914532,0.027586206896551727,False
152.3930161446847,0.010983452557923238,0.12681159674180262,0.9202913848230316,0.027586206896551727,False
152.43481347269952,0.010983453520843916,0.1268107985070662,0.9202909166441918,0.027586206896551727,False
152.47661080071435,0.010983454489977885,0.126809995121745,0.920290445438972,0.027586206896551727,False
152.5184081287292,0.010983455465357882,0.1268091865587039,0.9202899711913505,0.027586206896551727,False
152.56020545674397,0.010983456447016746,0.12680837279070736,0.9202894938852461,0.027586206896551727,False
152.6020027847588,0.010983457434987461,0.1268075537904199,0.9202890135045165,0.027586206896551727,False
152.6438001127736,0.010983458429303117,0.1268067295304069,0.9202885300329607,0.027586206896551727,False
152.6855974407884,0.010983459429996949,0.1268058999831331,0.9202880434543167,0.027586206896551727,False
152.72739476880324,0.010983460437102244,0.12680506512096232,0.9202875537522623,0.027586206896551727,False
152.76919209681802,0.010983461450652508,0.12680422491616028,0.9202870609104156,0.027586206896551727,False
152.81098942483285,0.010983462470681287,0.12680337934089073,0.9202865649123336,0.027586206896551727,False
152.8527867528477,0.010983463497222292,0.1268025283672183,0.9202860657415141,0.027586206896551727,False
152.89458408086247,0.010983464530309446,0.12680167196710593,0.9202855633813922,0.027586206896551727,False
152.9363814088773,0.010983465569976616,0.12680081011241637,0.9202850578153443,0.027586206896551727,False
152.97817873689212,0.01098346661625782,0.12679994277491272,0.9202845490266867,0.027586206896551727,False
153.01997606490693,0.01098346766918723,0.1267990699262561,0.9202840369986736,0.027586206896551727,False
153.06177339292174,0.010983468728799198,0.1267981915380085,0.9202835217144993,0.027586206896551727,False
153.10357072093655,0.010983469795128124,0.12679730758162958,0.9202830031572973,0.027586206896551727,False
153.14536804895135,0.010983470868208611,0.1267964180284793,0.9202824813101396,0.027586206896551727,False
153.18716537696616,0.010983471948075281,0.1267955228498159,0.9202819561560381,0.027586206896551727,False
153.22896270498103,0.010983473034762973,0.12679462201679756,0.9202814276779437,0.027586206896551727,False
153.2707600329958,0.010983474128306558,0.12679371550048085,0.9202808958587464,0.027586206896551727,False
153.31255736101065,0.010983475228741121,0.12679280327182116,0.9202803606812743,0.027586206896551727,False
153.35435468902546,0.010983476336101772,0.1267918853016732,0.920279822128296,0.027586206896551727,False
153.39615201704024,0.010983477450423816,0.12679096156079064,0.9202792801825177,0.027586206896551727,False
153.43794934505507,0.010983478571742662,0.12679003201982528,0.9202787348265851,0.027586206896551727,False
153.47974667306988,0.010983479700093843,0.1267890966493286,0.9202781860430828,0.027586206896551727,False
153.5215440010847,0.010983480835512987,0.1267881554197498,0.9202776338145333,0.027586206896551727,False
153.56334132909953,0.010983481978035867,0.12678720830143755,0.9202770781233989,0.027586206896551727,False
153.60513865711434,0.010983483127698373,0.1267862552646384,0.92027651895208,0.027586206896551727,False
153.64693598512915,0.010983484284536512,0.1267852962794983,0.9202759562829156,0.027586206896551727,False
153.68873331314396,0.010983485448586463,0.12678433131606076,0.9202753900981833,0.027586206896551727,False
153.7305306411588,0.010983486619884464,0.12678336034426896,0.9202748203800996,0.027586206896551727,False
153.77232796917357,0.010983487798466881,0.126782383333964,0.9202742471108194,0.027586206896551727,False
153.81412529718838,0.01098348898437022,0.12678140025488485,0.9202736702724358,0.027586206896551727,False
153.85592262520322,0.010983490177631144,0.1267804110766698,0.9202730898469802,0.027586206896551727,False
153.897719953218,0.010983491378286353,0.1267794157688549,0.9202725058164231,0.027586206896551727,False
153.93951728123287,0.010983492586372778,0.12677841430087555,0.920271918162673,0.027586206896551727,False
153.98131460924768,0.010983493801927365,0.12677740664206427,0.9202713268675763,0.027586206896551727,False
154.02311193726246,0.010983495024987237,0.12677639276165226,0.9202707319129185,0.027586206896551727,False
154.0649092652773,0.010983496255589644,0.12677537262876945,0.920270133280423,0.027586206896551727,False
154.1067065932921,0.010983497493771944,0.12677434621244388,0.9202695309517511,0.027586206896551727,False
154.1485039213069,0.010983498739571605,0.12677331348160142,0.920268924908503,0.027586206896551727,False
154.19030124932172,0.01098349999302626,0.12677227440506683,0.9202683151322164,0.027586206896551727,False
154.23209857733653,0.010983501254173618,0.12677122895156334,0.920267701604368,0.027586206896551727,False
154.27389590535137,0.010983502523051556,0.1267701770897116,0.9202670843063715,0.027586206896551727,False
154.31569323336618,0.010983503799698037,0.12676911878803118,0.9202664632195799,0.027586206896551727,False
154.357490561381,0.010983505084151152,0.12676805401493943,0.9202658383252834,0.027586206896551727,False
154.3992878893958,0.010983506376449197,0.12676698273875237,0.9202652096047105,0.027586206896551727,False
154.44108521741063,0.010983507676630524,0.12676590492768405,0.9202645770390275,0.027586206896551727,False
154.48288254542544,0.010983508984733496,0.12676482054984645,0.9202639406093398,0.027586206896551727,False
154.52467987344022,0.010983510300796724,0.12676372957325074,0.92026330029669,0.027586206896551727,False
154.56647720145506,0.01098351162485893,0.1267626319658055,0.9202626560820587,0.027586206896551727,False
154.60827452946987,0.010983512956958954,0.12676152769531776,0.9202620079463644,0.027586206896551727,False
154.6500718574847,0.010983514297135752,0.12676041672949337,0.9202613558704638,0.027586206896551727,False
154.6918691854995,0.01098351564542842,0.12675929903593577,0.9202606998351512,0.027586206896551727,False
154.73366651351432,0.010983517001876145,0.12675817458214697,0.9202600398211594,0.027586206896551727,False
154.77546384152913,0.010983518366518275,0.12675704333552776,0.9202593758091584,0.027586206896551727,False
154.81726116954394,0.010983519739394248,0.1267559052633765,0.9202587077797566,0.027586206896551727,False
154.85905849755878,0.010983521120543625,0.12675476033289126,0.9202580357135005,0.027586206896551727,False
154.90085582557356,0.010983522510006113,0.12675360851116654,0.9202573595908735,0.027586206896551727,False
154.94265315358837,0.010983523907821511,0.12675244976519734,0.9202566793922983,0.027586206896551727,False
154.9844504816032,0.010983525314029784,0.12675128406187638,0.9202559950981344,0.027586206896551727,False
155.026247809618,0.010983526728670957,0.126750111367994,0.9202553066886795,0.027586206896551727,False
155.06804513763285,0.010983528151785254,0.1267489316502405,0.9202546141441692,0.027586206896551727,False
155.10984246564766,0.010983529583412996,0.12674774487520415,0.9202539174447767,0.027586206896551727,False
155.15163979366244,0.010983531023594579,0.12674655100937166,0.9202532165706135,0.027586206896551727,False
155.19343712167728,0.010983532472370537,0.12674535001912868,0.920252511501729,0.027586206896551727,False
155.2352344496921,0.01098353392978157,0.12674414187075958,0.9202518022181101,0.027586206896551727,False
155.2770317777069,0.01098353539586846,0.12674292653044775,0.9202510886996816,0.027586206896551727,False
155.3188291057217,0.010983536870672111,0.12674170396427484,0.9202503709263067,0.027586206896551727,False
155.36062643373654,0.010983538354233593,0.12674047413822181,0.9202496488777853,0.027586206896551727,False
155.40242376175135,0.01098353984659405,0.12673923701816822,0.9202489225338565,0.027586206896551727,False
155.44422108976616,0.010983541347794779,0.1267379925698931,0.9202481918741965,0.027586206896551727,False
155.486018417781,0.010983542857877157,0.12673674075907432,0.9202474568784199,0.027586206896551727,False
155.52781574579578,0.010983544376882743,0.12673548155128883,0.9202467175260789,0.027586206896551727,False
155.5696130738106,0.010983545904853158,0.12673421491201298,0.9202459737966636,0.027586206896551727,False
155.61141040182542,0.010983547441830185,0.12673294080662187,0.9202452256696021,0.027586206896551727,False
155.6532077298402,0.010983548987855717,0.1267316592003903,0.9202444731242605,0.027586206896551727,False
155.69500505785504,0.010983550542971733,0.12673037005849253,0.920243716139943,0.027586206896551727,False
155.73680238586988,0.010983552107220379,0.1267290733460016,0.9202429546958912,0.027586206896551727,False
155.7785997138847,0.010983553680643977,0.12672776902789107,0.9202421887712852,0.027586206896551727,False
155.8203970418995,0.010983555263284912,0.12672645706903424,0.9202414183452428,0.027586206896551727,False
155.8621943699143,0.010983556855185591,0.12672513743420322,0.9202406433968204,0.027586206896551727,False
155.90399169792911,0.010983558456388627,0.12672381008807,0.9202398639050124,0.027586206896551727,False
155.94578902594392,0.01098356006693679,0.12672247499520703,0.9202390798487506,0.027586206896551727,False
155.98758635395876,0.010983561686872931,0.12672113212008662,0.9202382912069057,0.027586206896551727,False
156.02938368197354,0.01098356331624004,0.12671978142708096,0.9202374979582857,0.027586206896551727,False
156.07118100998835,0.010983564955081198,0.1267184228804622,0.920236700081637,0.027586206896551727,False
156.11297833800322,0.010983566603439649,0.12671705644440343,0.920235897555645,0.027586206896551727,False
156.154775666018,0.010983568261358715,0.1267156820829774,0.9202350903589325,0.027586206896551727,False
156.19657299403283,0.010983569928881876,0.1267142997601576,0.92023427847006,0.027586206896551727,False
156.23837032204764,0.010983571606052716,0.12671290943981836,0.9202334618675279,0.027586206896551727,False
156.28016765006242,0.010983573292914918,0.1267115110857342,0.9202326405297733,0.027586206896551727,False
156.32196497807726,0.010983574989512312,0.12671010466158106,0.9202318144351727,0.027586206896551727,False
156.36376230609204,0.010983576695888808,0.12670869013093497,0.9202309835620405,0.027586206896551727,False
156.40555963410688,0.010983578412088527,0.12670726745727393,0.9202301478886297,0.027586206896551727,False
156.44735696212172,0.010983580138155612,0.12670583660397647,0.9202293073931316,0.027586206896551727,False
156.48915429013653,0.010983581874134342,0.12670439753432192,0.920228462053676,0.027586206896551727,False
156.53095161815133,0.010983583620069157,0.12670295021149228,0.9202276118483315,0.027586206896551727,False
156.57274894616614,0.010983585376004577,0.12670149459856983,0.9202267567551048,0.027586206896551727,False
156.61454627418098,0.010983587141985279,0.12670003065853955,0.9202258967519417,0.027586206896551727,False
156.65634360219576,0.010983588918056005,0.12669855835428742,0.9202250318167262,0.027586206896551727,False
156.69814093021057,0.010983590704261657,0.12669707764860152,0.9202241619272815,0.027586206896551727,False
156.73993825822538,0.010983592500647258,0.12669558850417176,0.920223287061369,0.027586206896551727,False
156.7817355862402,0.010983594307257902,0.126694090883591,0.9202224071966896,0.027586206896551727,False
156.82353291425505,0.010983596124138871,0.12669258474935335,0.920221522310882,0.027586206896551727,False
156.86533024226986,0.010983597951335506,0.12669107006385677,0.9202206323815252,0.027586206896551727,False
156.90712757028464,0.010983599788893282,0.12668954678940028,0.9202197373861357,0.027586206896551727,False
156.94892489829948,0.010983601636857802,0.1266880148881871,0.9202188373021705,0.027586206896551727,False
156.99072222631426,0.01098360349527473,0.12668647432232202,0.9202179321070245,0.027586206896551727,False
157.0325195543291,0.010983605364190092,0.12668492505381382,0.9202170217780309,0.027586206896551727,False
157.0743168823439,0.010983607243649673,0.1266833670445742,0.9202161062924646,0.027586206896551727,False
157.1161142103587,0.010983609133699543,0.12668180025641868,0.9202151856275381,0.027586206896551727,False
157.15791153837353,0.01098361103438589,0.12668022465106546,0.9202142597604037,0.027586206896551727,False
157.19970886638836,0.010983612945754999,0.1266786401901371,0.9202133286681525,0.027586206896551727,False
157.2415061944032,0.010983614867853311,0.12667704683516054,0.9202123923278159,0.027586206896551727,False
157.28330352241798,0.010983616800727345,0.12667544454756535,0.9202114507163638,0.027586206896551727,False
157.32510085043282,0.01098361874442376,0.12667383328868656,0.9202105038107062,0.027586206896551727,False
157.3668981784476,0.010983620698989303,0.126672213019763,0.9202095515876924,0.027586206896551727,False
157.4086955064624,0.010983622664470855,0.12667058370193837,0.9202085940241117,0.027586206896551727,False
157.45049283447725,0.010983624640915396,0.12666894529626116,0.9202076310966935,0.027586206896551727,False
157.49229016249203,0.010983626628370043,0.12666729776368468,0.920206662782106,0.027586206896551727,False
157.5340874905069,0.010983628626881993,0.12666564106506736,0.9202056890569585,0.027586206896551727,False
157.5758848185217,0.010983630636498579,0.12666397516117325,0.9202047098977995,0.027586206896551727,False
157.61768214653648,0.01098363265726729,0.12666230001267212,0.9202037252811175,0.027586206896551727,False
157.65947947455132,0.010983634689235645,0.12666061558013791,0.9202027351833414,0.027586206896551727,False
157.70127680256613,0.01098363673245132,0.12665892182405267,0.9202017395808405,0.027586206896551727,False
157.74307413058094,0.010983638786962112,0.12665721870480307,0.9202007384499239,0.027586206896551727,False
157.78487145859575,0.01098364085281592,0.1266555061826826,0.9201997317668416,0.027586206896551727,False
157.82666878661055,0.01098364293006077,0.12665378421789136,0.9201987195077833,0.027586206896551727,False
157.86846611462536,0.010983645018744744,0.12665205277053584,0.9201977016488802,0.027586206896551727,False
157.9102634426402,0.010983647118916112,0.1266503118006303,0.9201966781662033,0.027586206896551727,False
157.95206077065504,0.010983649230623239,0.12664856126809537,0.9201956490357649,0.027586206896551727,False
157.99385809866982,0.01098365135391456,0.12664680113275906,0.9201946142335173,0.027586206896551727,False
158.03565542668463,0.010983653488838643,0.12664503135435742,0.9201935737353546,0.027586206896551727,False
158.07745275469946,0.010983655635444185,0.12664325189253442,0.9201925275171116,0.027586206896551727,False
158.11925008271425,0.010983657793779949,0.1266414627068418,0.920191475554564,0.027586206896551727,False
158.16104741072908,0.010983659963894964,0.12663966375673935,0.9201904178234277,0.027586206896551727,False
158.2028447387439,0.010983662145838163,0.12663785500159522,0.9201893542993614,0.027586206896551727,False
158.24464206675873,0.010983664339658632,0.12663603640068738,0.9201882849579649,0.027586206896551727,False
158.28643939477354,0.010983666545405633,0.12663420791320157,0.9201872097747789,0.027586206896551727,False
158.32823672278835,0.01098366876312853,0.12663236949823412,0.9201861287252858,0.027586206896551727,False
158.37003405080316,0.010983670992876756,0.12663052111478912,0.9201850417849098,0.027586206896551727,False
158.41183137881796,0.01098367323469987,0.126628662721782,0.9201839489290167,0.027586206896551727,False
158.4536287068328,0.010983675488647556,0.12662679427803672,0.9201828501329139,0.027586206896551727,False
158.49542603484758,0.010983677754769603,0.12662491574228862,0.9201817453718513,0.027586206896551727,False
158.5372233628624,0.01098368003311589,0.1266230270731831,0.9201806346210205,0.027586206896551727,False
158.57902069087723,0.010983682323736428,0.12662112822927574,0.9201795178555552,0.027586206896551727,False
158.62081801889204,0.010983684626681282,0.12661921916903326,0.9201783950505312,0.027586206896551727,False
158.66261534690688,0.010983686942000689,0.12661729985083495,0.9201772661809677,0.027586206896551727,False
158.70441267492168,0.010983689269744981,0.12661537023297018,0.9201761312218253,0.027586206896551727,False
158.74621000293646,0.010983691609964577,0.12661343027364028,0.9201749901480075,0.027586206896551727,False
158.7880073309513,0.010983693962709986,0.12661147993095864,0.9201738429343604,0.027586206896551727,False
158.8298046589661,0.010983696328031856,0.1266095191629515,0.9201726895556733,0.027586206896551727,False
158.87160198698092,0.01098369870598092,0.12660754792755724,0.9201715299866785,0.027586206896551727,False
158.91339931499573,0.010983701096608034,0.12660556618262708,0.9201703642020507,0.027586206896551727,False
158.95519664301054,0.010983703499964144,0.12660357388592508,0.9201691921764082,0.027586206896551727,False
158.99699397102538,0.010983705916100308,0.12660157099513003,0.9201680138843128,0.027586206896551727,False
159.03879129904018,0.01098370834506767,0.12659955746783288,0.9201668293002696,0.027586206896551727,False
159.08058862705502,0.010983710786917513,0.12659753326153916,0.9201656383987268,0.027586206896551727,False
159.1223859550698,0.010983713241701188,0.1265954983336691,0.9201644411540768,0.027586206896551727,False
159.1641832830846,0.01098371570947017,0.12659345264155714,0.9201632375406558,0.027586206896551727,False
159.20598061109945,0.010983718190276022,0.12659139614245285,0.9201620275327439,0.027586206896551727,False
159.24777793911423,0.01098372068417047,0.12658932879352036,0.9201608111045644,0.027586206896551727,False
159.28957526712907,0.010983723191205347,0.12658725055184025,0.9201595882302854,0.027586206896551727,False
159.3313725951439,0.010983725711432395,0.12658516137440806,0.9201583588840204,0.027586206896551727,False
159.37316992315868,0.01098372824490362,0.12658306121813573,0.9201571230398259,0.027586206896551727,False
159.41496725117352,0.01098373079167112,0.12658095003985173,0.9201558806717036,0.027586206896551727,False
159.45676457918833,0.010983733351787064,0.1265788277963009,0.9201546317535995,0.027586206896551727,False
159.49856190720314,0.010983735925303746,0.12657669444414585,0.9201533762594051,0.027586206896551727,False
159.54035923521795,0.01098373851227355,0.12657454993996572,0.9201521141629562,0.027586206896551727,False
159.5821565632328,0.01098374111274894,0.12657239424025787,0.9201508454380342,0.027586206896551727,False
159.62395389124757,0.010983743726782525,0.1265702273014371,0.9201495700583652,0.027586206896551727,False
159.66575121926238,0.010983746354426957,0.12656804907983726,0.9201482879976215,0.027586206896551727,False
159.70754854727724,0.010983748995735029,0.12656585953171068,0.9201469992294204,0.027586206896551727,False
159.74934587529202,0.01098375165075958,0.12656365861322838,0.9201457037273257,0.027586206896551727,False
159.79114320330686,0.010983754319553656,0.12656144628048066,0.9201444014648454,0.027586206896551727,False
159.83294053132167,0.010983757002170257,0.12655922248947854,0.9201430924154355,0.027586206896551727,False
159.87473785933645,0.010983759698662552,0.12655698719615188,0.920141776552497,0.027586206896551727,False
159.9165351873513,0.01098376240908381,0.12655474035635095,0.9201404538493771,0.027586206896551727,False
159.9583325153661,0.01098376513348739,0.12655248192584728,0.92013912427937,0.027586206896551727,False
160.0001298433809,0.010983767871926736,0.12655021186033308,0.9201377878157161,0.027586206896551727,False
160.0419271713957,0.010983770624455406,0.12654793011542212,0.9201364444316026,0.027586206896551727,False
160.08372449941055,0.010983773391127041,0.12654563664665036,0.920135094100164,0.027586206896551727,False
160.12552182742536,0.01098377617199534,0.12654333140947477,0.9201337367944816,0.027586206896551727,False
160.16731915544017,0.01098377896711417,0.12654101435927606,0.9201323724875837,0.027586206896551727,False
160.209116483455,0.010983781776537428,0.1265386854513571,0.9201310011524465,0.027586206896551727,False
160.2509138114698,0.010983784600319142,0.12653634464094374,0.920129622761993,0.027586206896551727,False
160.2927111394846,0.010983787438513448,0.12653399188318598,0.9201282372890945,0.027586206896551727,False
160.33450846749943,0.010983790291174559,0.12653162713315785,0.92012684470657,0.027586206896551727,False
160.3763057955142,0.010983793158356701,0.12652925034585702,0.9201254449871867,0.027586206896551727,False
160.41810312352908,0.010983796040114254,0.1265268614762064,0.9201240381036602,0.027586206896551727,False
160.4599004515439,0.010983798936501692,0.12652446047905344,0.9201226240286539,0.027586206896551727,False
160.50169777955867,0.01098380184757358,0.12652204730917188,0.92012120273478,0.027586206896551727,False
160.5434951075735,0.010983804773384584,0.12651962192126054,0.9201197741945994,0.027586206896551727,False
160.58529243558831,0.010983807713989414,0.1265171842699452,0.9201183383806225,0.027586206896551727,False
160.62708976360312,0.01098381066944292,0.1265147343097775,0.9201168952653073,0.027586206896551727,False
160.66888709161793,0.010983813639799993,0.12651227199523632,0.9201154448210623,0.027586206896551727,False
160.71068441963274,0.010983816625115654,0.12650979728072803,0.9201139870202449,0.027586206896551727,False
160.75248174764755,0.010983819625444986,0.12650731012058725,0.9201125218351626,0.027586206896551727,False
160.7942790756624,0.010983822640843174,0.1265048104690759,0.9201110492380714,0.027586206896551727,False
160.83607640367723,0.010983825671365495,0.12650229828038592,0.9201095692011793,0.027586206896551727,False
160.877873731692,0.010983828717067278,0.12649977350863656,0.9201080816966423,0.027586206896551727,False
160.91967105970684,0.010983831778003935,0.12649723610787747,0.9201065866965679,0.027586206896551727,False
160.96146838772165,0.01098383485423101,0.1264946860320882,0.920105084173014,0.027586206896551727,False
161.00326571573643,0.010983837945804093,0.1264921232351781,0.9201035740979889,0.027586206896551727,False
161.04506304375127,0.01098384105277888,0.1264895476709874,0.9201020564434518,0.027586206896551727,False
161.08686037176605,0.010983844175211123,0.12648695929328796,0.9201005311813135,0.027586206896551727,False
161.12865769978092,0.01098384731315669,0.12648435805578184,0.9200989982834349,0.027586206896551727,False
161.17045502779573,0.01098385046667151,0.12648174391210412,0.920097457721629,0.027586206896551727,False
161.21225235581053,0.010983853635811591,0.12647911681582197,0.9200959094676608,0.027586206896551727,False
161.25404968382534,0.01098385682063301,0.1264764767204357,0.9200943534932469,0.027586206896551727,False
161.29584701184015,0.010983860021192036,0.1264738235793778,0.9200927897700547,0.027586206896551727,False
161.33764433985496,0.010983863237544883,0.12647115734601544,0.9200912182697053,0.027586206896551727,False
161.37944166786977,0.010983866469747859,0.12646847797364943,0.9200896389637719,0.027586206896551727,False
161.42123899588458,0.010983869717857355,0.1264657854155152,0.9200880518237801,0.027586206896551727,False
161.4630363238994,0.010983872981929887,0.126463079624783,0.9200864568212084,0.027586206896551727,False
161.50483365191423,0.010983876262022015,0.1264603605545586,0.9200848539274876,0.027586206896551727,False
161.54663097992906,0.010983879558190423,0.12645762815788394,0.9200832431140029,0.027586206896551727,False
161.58842830794387,0.010983882870491799,0.12645488238773736,0.9200816243520921,0.027586206896551727,False
161.63022563595865,0.010983886198982972,0.1264521231970332,0.9200799976130466,0.027586206896551727,False
161.6720229639735,0.010983889543720796,0.12644935053862338,0.9200783628681117,0.027586206896551727,False
161.71382029198827,0.010983892904762245,0.12644656436529778,0.920076720088487,0.027586206896551727,False
161.7556176200031,0.01098389628216434,0.12644376462978396,0.9200750692453256,0.027586206896551727,False
161.79741494801792,0.010983899675984211,0.1264409512847489,0.920073410309736,0.027586206896551727,False
161.8392122760327,0.010983903086278965,0.12643812428279766,0.9200717432527805,0.027586206896551727,False
161.88100960404756,0.010983906513105894,0.12643528357647532,0.9200700680454769,0.027586206896551727,False
161.92280693206237,0.010983909956522332,0.12643242911826721,0.9200683846587976,0.027586206896551727,False
161.96460426007718,0.010983913416585629,0.1264295608605984,0.92006669306367,0.027586206896551727,False
162.006401588092,0.010983916893353278,0.12642667875583544,0.9200649932309777,0.027586206896551727,False
162.0481989161068,0.010983920386882808,0.12642378275628624,0.9200632851315595,0.027586206896551727,False
162.0899962441216,0.010983923897231839,0.12642087281420145,0.9200615687362107,0.027586206896551727,False
162.13179357213642,0.010983927424458017,0.12641794888177244,0.920059844015682,0.027586206896551727,False
162.17359090015125,0.010983930968619092,0.12641501091113447,0.9200581109406808,0.027586206896551727,False
162.2153882281661,0.01098393452977285,0.12641205885436607,0.9200563694818714,0.027586206896551727,False
162.2571855561809,0.01098393810797732,0.12640909266348957,0.9200546196098732,0.027586206896551727,False
162.2989828841957,0.010983941703290288,0.12640611229047163,0.9200528612952652,0.027586206896551727,False
162.3407802122105,0.010983945315769785,0.12640311768722337,0.920051094508582,0.027586206896551727,False
162.38257754022533,0.010983948945473896,0.12640010880560218,0.9200493192203165,0.027586206896551727,False
162.42437486824014,0.010983952592460771,0.12639708559741078,0.9200475354009185,0.027586206896551727,False
162.46617219625494,0.010983956256788621,0.12639404801439777,0.9200457430207959,0.027586206896551727,False
162.50796952426975,0.010983959938515715,0.12639099600825962,0.9200439420503155,0.027586206896551727,False
162.54976685228456,0.010983963637700388,0.12638792953063896,0.9200421324598015,0.027586206896551727,False
162.5915641802994,0.010983967354401047,0.12638484853312684,0.9200403142195367,0.027586206896551727,False
162.6333615083142,0.01098397108867615,0.12638175296726303,0.9200384872997636,0.027586206896551727,False
162.67515883632905,0.010983974840584238,0.12637864278453603,0.9200366516706832,0.027586206896551727,False
162.71695616434383,0.010983978610183881,0.12637551793638294,0.9200348073024558,0.027586206896551727,False
162.75875349235864,0.010983982397533716,0.1263723783741917,0.9200329541652014,0.027586206896551727,False
162.80055082037347,0.010983986202692453,0.12636922404930032,0.9200310922289995,0.027586206896551727,False
162.84234814838825,0.01098399002571885,0.12636605491299818,0.9200292214638904,0.027586206896551727,False
162.8841454764031,0.010983993866671751,0.1263628709165254,0.9200273418398733,0.027586206896551727,False
162.9259428044179,0.010983997725610012,0.12635967201107473,0.9200254533269095,0.027586206896551727,False
162.9677401324327,0.010984001602592577,0.1263564581477912,0.9200235558949198,0.027586206896551727,False
163.00953746044755,0.01098400549767845,0.12635322927777282,0.9200216495137864,0.027586206896551727,False
163.05133478846236,0.010984009410926662,0.12634998535207148,0.9200197341533526,0.027586206896551727,False
163.09313211647716,0.010984013342396324,0.1263467263216929,0.9200178097834236,0.027586206896551727,False
163.13492944449197,0.010984017292146559,0.12634345213759776,0.9200158763737658,0.027586206896551727,False
163.17672677250678,0.010984021260236648,0.12634016275070176,0.9200139338941076,0.027586206896551727,False
163.2185241005216,0.01098402524672592,0.1263368581118764,0.920011982314139,0.027586206896551727,False
163.2603214285364,0.010984029251673558,0.12633353817194948,0.9200100216035145,0.027586206896551727,False
163.30211875655127,0.010984033275138975,0.12633020288170563,0.9200080517318491,0.027586206896551727,False
163.34391608456605,0.010984037317181578,0.12632685219188672,0.9200060726687217,0.027586206896551727,False
163.38571341258088,0.010984041377860871,0.1263234860531932,0.9200040843836746,0.027586206896551727,False
163.4275107405957,0.010984045457236368,0.12632010441628327,0.9200020868462131,0.027586206896551727,False
163.46930806861047,0.010984049555367623,0.12631670723177443,0.9200000800258062,0.027586206896551727,False
163.5111053966253,0.010984053672314299,0.1263132944502439,0.9199980638918865,0.027586206896551727,False
163.55290272464012,0.010984057808136032,0.1263098660222296,0.9199960384138526,0.027586206896551727,False
163.5947000526549,0.010984061962892555,0.12630642189822916,0.9199940035610651,0.027586206896551727,False
163.63649738066974,0.010984066136643628,0.12630296202870173,0.9199919593028507,0.027586206896551727,False
163.67829470868458,0.010984070329449085,0.12629948636406893,0.9199899056085009,0.027586206896551727,False
163.72009203669938,0.010984074541368752,0.1262959948547149,0.9199878424472728,0.027586206896551727,False
163.7618893647142,0.010984078772462519,0.12629248745098537,0.9199857697883883,0.027586206896551727,False
163.80368669272903,0.010984083022790378,0.12628896410319132,0.9199836876010351,0.027586206896551727,False
163.8454840207438,0.010984087292412273,0.1262854247616068,0.9199815958543676,0.027586206896551727,False
163.88728134875862,0.010984091581388255,0.12628186937647093,0.9199794945175055,0.027586206896551727,False
163.92907867677346,0.010984095889778382,0.12627829789798806,0.9199773835595358,0.027586206896551727,False
163.97087600478824,0.010984100217642774,0.12627471027632906,0.9199752629495127,0.027586206896551727,False
164.0126733328031,0.010984104565041581,0.1262711064616303,0.9199731326564561,0.027586206896551727,False
164.0544706608179,0.010984108932034973,0.12626748640399585,0.919970992649355,0.027586206896551727,False
164.0962679888327,0.010984113318683248,0.12626385005349688,0.919968842897164,0.027586206896551727,False
164.13806531684753,0.010984117725046691,0.1262601973601733,0.9199666833688065,0.027586206896551727,False
164.17986264486234,0.010984122151185523,0.12625652827403314,0.919964514033175,0.027586206896551727,False
164.22165997287715,0.010984126597160115,0.12625284274505452,0.9199623348591294,0.027586206896551727,False
164.26345730089196,0.01098413106303084,0.12624914072318502,0.9199601458154981,0.027586206896551727,False
164.30525462890677,0.01098413554885815,0.12624542215834353,0.919957946871079,0.027586206896551727,False
164.34705195692158,0.010984140054702461,0.12624168700041943,0.9199557379946395,0.027586206896551727,False
164.3888492849364,0.010984144580624283,0.12623793519927426,0.9199535191549157,0.027586206896551727,False
164.43064661295125,0.010984149126684141,0.1262341667047415,0.9199512903206136,0.027586206896551727,False
164.47244394096603,0.010984153692942564,0.1262303814666277,0.9199490514604097,0.027586206896551727,False
164.51424126898084,0.010984158279460142,0.1262265794347139,0.9199468025429509,0.027586206896551727,False
164.55603859699568,0.010984162886297517,0.1262227605587545,0.9199445435368543,0.027586206896551727,False
164.59783592501046,0.010984167513515294,0.12621892478847846,0.9199422744107081,0.027586206896551727,False
164.6396332530253,0.010984172161174165,0.12621507207359037,0.9199399951330715,0.027586206896551727,False
164.6814305810401,0.010984176829334818,0.12621120236377117,0.9199377056724753,0.027586206896551727,False
164.72322790905488,0.010984181518058031,0.12620731560867818,0.9199354059974217,0.027586206896551727,False
164.76502523706975,0.010984186227404526,0.1262034117579461,0.9199330960763855,0.027586206896551727,False
164.80682256508456,0.010984190957435113,0.12619949076118747,0.9199307758778134,0.027586206896551727,False
164.84861989309937,0.010984195708210574,0.12619555256799284,0.9199284453701246,0.027586206896551727,False
164.89041722111418,0.010984200479791761,0.12619159712793251,0.9199261045217115,0.027586206896551727,False
164.93221454912901,0.010984205272239507,0.12618762439055622,0.9199237533009397,0.027586206896551727,False
164.9740118771438,0.010984210085614711,0.1261836343053943,0.919921391676148,0.027586206896551727,False
165.0158092051586,0.010984214919978443,0.12617962682195738,0.9199190196156471,0.027586206896551727,False
165.05760653317344,0.010984219775391421,0.12617560188973787,0.9199166370877252,0.027586206896551727,False
165.09940386118825,0.010984224651914634,0.12617155945821107,0.9199142440606434,0.027586206896551727,False
165.1412011892031,0.010984229549609084,0.1261674994768345,0.9199118405026357,0.027586206896551727,False
165.1829985172179,0.010984234468535749,0.12616342189504914,0.9199094263819133,0.027586206896551727,False
165.22479584523268,0.010984239408755663,0.12615932666228047,0.919907001666661,0.027586206896551727,False
165.26659317324751,0.010984244370329844,0.12615521372793836,0.9199045663250396,0.027586206896551727,False
165.30839050126232,0.010984249353319346,0.1261510830414182,0.9199021203251857,0.027586206896551727,False
165.35018782927713,0.010984254357785252,0.12614693455210133,0.9198996636352117,0.027586206896551727,False
165.39198515729194,0.010984259383788606,0.12614276820935583,0.9198971962232064,0.027586206896551727,False
165.43378248530672,0.010984264431390531,0.1261385839625368,0.9198947180572353,0.027586206896551727,False
165.4755798133216,0.01098426950065215,0.12613438176098749,0.9198922291053404,0.027586206896551727,False
165.5173771413364,0.010984274591634539,0.12613016155403936,0.9198897293355416,0.027586206896551727,False
165.55917446935123,0.010984279704398874,0.12612592329101402,0.9198872187158357,0.027586206896551727,False
165.60097179736601,0.010984284839006308,0.12612166692122181,0.9198846972141974,0.027586206896551727,False
165.64276912538082,0.01098428999551799,0.12611739239396408,0.9198821647985798,0.027586206896551727,False
165.68456645339566,0.010984295173995094,0.1261130996585335,0.9198796214369137,0.027586206896551727,False
165.72636378141044,0.010984300374498808,0.12610878866421416,0.9198770670971095,0.027586206896551727,False
165.76816110942528,0.010984305597090314,0.126104459360283,0.9198745017470557,0.027586206896551727,False
165.80995843744006,0.010984310841830798,0.1261001116960095,0.9198719253546206,0.027586206896551727,False
165.8517557654549,0.010984316108781478,0.1260957456206574,0.919869337887652,0.027586206896551727,False
165.89355309346973,0.010984321398003566,0.12609136108348443,0.9198667393139772,0.027586206896551727,False
165.93535042148454,0.010984326709558385,0.1260869580337437,0.9198641296014035,0.027586206896551727,False
165.97714774949935,0.010984332043507029,0.12608253642068418,0.9198615087177199,0.027586206896551727,False
166.01894507751416,0.01098433739991075,0.1260780961935503,0.9198588766306949,0.027586206896551727,False
166.06074240552894,0.010984342778830793,0.12607363730158472,0.919856233308079,0.027586206896551727,False
166.10253973354378,0.01098434818032839,0.12606915969402666,0.9198535787176029,0.027586206896551727,False
166.1443370615586,0.010984353604464772,0.12606466332011476,0.9198509128269803,0.027586206896551727,False
166.18613438957345,0.010984359051301198,0.126060148129086,0.9198482356039062,0.027586206896551727,False
166.22793171758823,0.010984364520898902,0.12605561407017657,0.919845547016057,0.027586206896551727,False
166.26972904560307,0.010984370013319115,0.12605106109262468,0.919842847031094,0.027586206896551727,False
166.31152637361788,0.010984375528623065,0.1260464891456679,0.9198401356166594,0.027586206896551727,False
166.35332370163266,0.01098438106687202,0.12604189817854616,0.919837412740379,0.027586206896551727,False
166.3951210296475,0.010984386628127193,0.12603728814050147,0.9198346783698625,0.027586206896551727,False
166.43691835766228,0.010984392212449824,0.12603265898077884,0.9198319324727033,0.027586206896551727,False
166.47871568567712,0.010984397819901143,0.12602801064862712,0.9198291750164784,0.027586206896551727,False
166.52051301369193,0.010984403450542371,0.12602334309330004,0.9198264059687504,0.027586206896551727,False
166.56231034170676,0.010984409104434689,0.12601865626405528,0.9198236252970655,0.027586206896551727,False
166.60410766972157,0.01098441478163933,0.12601395011015634,0.919820832968955,0.027586206896551727,False
166.64590499773638,0.010984420482217481,0.12600922458087388,0.9198180289519364,0.027586206896551727,False
166.6877023257512,0.010984426206230335,0.12600447962548506,0.9198152132135123,0.027586206896551727,False
166.729499653766,0.010984431953739066,0.12599971519327466,0.9198123857211711,0.027586206896551727,False
166.7712969817808,0.010984437724804836,0.12599493123353617,0.919809546442388,0.027586206896551727,False
166.81309430979562,0.01098444351948891,0.1259901276955719,0.9198066953446237,0.027586206896551727,False
166.85489163781043,0.010984449337852357,0.12598530452869414,0.919803832395327,0.027586206896551727,False
166.8966889658253,0.010984455179956288,0.12598046168222504,0.9198009575619339,0.027586206896551727,False
166.93848629384007,0.010984461045861848,0.1259755991054987,0.919798070811867,0.027586206896551727,False
166.98028362185488,0.010984466935630136,0.12597071674786026,0.9197951721125377,0.027586206896551727,False
167.02208094986972,0.010984472849322252,0.12596581455866768,0.9197922614313448,0.027586206896551727,False
167.0638782778845,0.010984478786999267,0.12596089248729214,0.919789338735676,0.027586206896551727,False
167.10567560589934,0.010984484748722257,0.12595595048311772,0.9197864039929072,0.027586206896551727,False
167.14747293391414,0.010984490734552273,0.12595098849554434,0.9197834571704042,0.027586206896551727,False
167.18927026192893,0.010984496744550319,0.1259460064739863,0.9197804982355215,0.027586206896551727,False
167.23106758994376,0.010984502778777414,0.1259410043678744,0.9197775271556041,0.027586206896551727,False
167.2728649179586,0.01098450883729454,0.12593598212665522,0.9197745438979861,0.027586206896551727,False
167.3146622459734,0.010984514920162653,0.1259309396997927,0.9197715484299925,0.027586206896551727,False
167.35645957398822,0.010984521027442707,0.12592587703676897,0.9197685407189385,0.027586206896551727,False
167.39825690200306,0.010984527159195633,0.12592079408708476,0.919765520732131,0.027586206896551727,False
167.44005423001784,0.010984533315482306,0.12591569080026052,0.9197624884368678,0.027586206896551727,False
167.48185155803264,0.010984539496363627,0.12591056712583604,0.9197594438004381,0.027586206896551727,False
167.52364888604748,0.010984545701900432,0.12590542301337174,0.9197563867901232,0.027586206896551727,False
167.56544621406226,0.010984551932153521,0.1259002584124501,0.919753317373197,0.027586206896551727,False
167.6072435420771,0.01098455818718371,0.12589507327267493,0.9197502355169253,0.027586206896551727,False
167.64904087009194,0.010984564467051757,0.12588986754367287,0.919747141188567,0.027586206896551727,False
167.69083819810672,0.010984570771818459,0.12588464117509465,0.9197440343553742,0.027586206896551727,False
167.73263552612156,0.010984577101544536,0.12587939411661403,0.919740914984592,0.027586206896551727,False
167.77443285413636,0.010984583456290579,0.12587412631793057,0.9197377830434608,0.027586206896551727,False
167.81623018215117,0.010984589836117269,0.12586883772876944,0.9197346384992139,0.027586206896551727,False
167.85802751016598,0.01098459624108524,0.12586352829888103,0.9197314813190793,0.027586206896551727,False
167.8998248381808,0.01098460267125507,0.12585819797804337,0.9197283114702799,0.027586206896551727,False
167.9416221661956,0.010984609126687328,0.12585284671606192,0.9197251289200333,0.027586206896551727,False
167.98341949421044,0.010984615607442525,0.12584747446277023,0.9197219336355531,0.027586206896551727,False
168.02521682222527,0.01098462211358114,0.12584208116803097,0.919718725584048,0.027586206896551727,False
168.06701415024006,0.010984628645163613,0.12583666678173674,0.9197155047327236,0.027586206896551727,False
168.10881147825486,0.010984635202250391,0.12583123125381038,0.9197122710487808,0.027586206896551727,False
168.1506088062697,0.010984641784901831,0.12582577453420463,0.9197090244994178,0.027586206896551727,False
168.19240613428448,0.010984648393178273,0.12582029657290622,0.9197057650518298,0.027586206896551727,False
168.23420346229932,0.010984655027140001,0.12581479731993214,0.9197024926732092,0.027586206896551727,False
168.27600079031413,0.010984661686847282,0.12580927672533412,0.919699207330746,0.027586206896551727,False
168.3177981183289,0.010984668372360345,0.12580373473919707,0.9196959089916283,0.027586206896551727,False
168.35959544634377,0.010984675083739358,0.12579817131164006,0.9196925976230422,0.027586206896551727,False
168.40139277435858,0.010984681821044447,0.12579258639281818,0.9196892731921726,0.027586206896551727,False
168.4431901023734,0.010984688584335689,0.12578697993292173,0.9196859356662036,0.027586206896551727,False
168.4849874303882,0.010984695373673142,0.1257813518821784,0.9196825850123181,0.027586206896551727,False
168.52678475840304,0.010984702189116784,0.12577570219085196,0.9196792211976984,0.027586206896551727,False
168.56858208641782,0.01098470903072658,0.12577003080924576,0.9196758441895275,0.027586206896551727,False
168.61037941443263,0.010984715898562524,0.12576433768770073,0.9196724539549869,0.027586206896551727,False
168.65217674244747,0.010984722792684419,0.12575862277659763,0.9196690504612605,0.027586206896551727,False
168.69397407046225,0.010984729713152022,0.12575288602635715,0.9196656336755324,0.027586206896551727,False
168.7357713984771,0.010984736660025122,0.12574712738744068,0.9196622035649875,0.027586206896551727,False
168.77756872649192,0.010984743633363424,0.12574134681035112,0.9196587600968121,0.027586206896551727,False
168.8193660545067,0.010984750633226613,0.1257355442456344,0.9196553032381952,0.027586206896551727,False
168.86116338252154,0.010984757659674292,0.125729719643878,0.9196518329563267,0.027586206896551727,False
168.90296071053635,0.010984764712766003,0.12572387295571377,0.9196483492183999,0.027586206896551727,False
168.94475803855116,0.010984771792561273,0.12571800413181797,0.91964485199161,0.027586206896551727,False
168.98655536656597,0.010984778899119543,0.12571211312291125,0.919641341243156,0.027586206896551727,False
169.02835269458078,0.010984786032500204,0.12570619987976,0.9196378169402395,0.027586206896551727,False
169.0701500225956,0.010984793192762635,0.1257002643531775,0.9196342790500664,0.027586206896551727,False
169.11194735061042,0.010984800379966051,0.12569430649402363,0.919630727539847,0.027586206896551727,False
169.15374467862526,0.010984807594169714,0.12568832625320614,0.9196271623767949,0.027586206896551727,False
169.19554200664004,0.010984814835432776,0.12568232358168102,0.9196235835281289,0.027586206896551727,False
169.23733933465485,0.010984822103814356,0.12567629843045372,0.919619990961073,0.027586206896551727,False
169.27913666266969,0.010984829399373501,0.1256702507505793,0.9196163846428559,0.027586206896551727,False
169.32093399068447,0.0109848367221692,0.12566418049316375,0.9196127645407124,0.027586206896551727,False
169.3627313186993,0.010984844072260356,0.12565808760936323,0.9196091306218831,0.027586206896551727,False
169.4045286467141,0.010984851449705827,0.12565197205038708,0.9196054828536149,0.027586206896551727,False
169.44632597472892,0.01098485885456443,0.12564583376749694,0.919601821203161,0.027586206896551727,False
169.48812330274376,0.010984866286894856,0.12563967271200674,0.9195981456377821,0.027586206896551727,False
169.52992063075857,0.01098487374675591,0.12563348883528527,0.9195944561247442,0.027586206896551727,False
169.57171795877338,0.010984881234206103,0.12562728208875645,0.9195907526313237,0.027586206896551727,False
169.61351528678819,0.010984888749303924,0.12562105242389834,0.9195870351248031,0.027586206896551727,False
169.655312614803,0.010984896292107867,0.12561479979224613,0.9195833035724736,0.027586206896551727,False
169.6971099428178,0.010984903862676334,0.12560852414539103,0.9195795579416343,0.027586206896551727,False
169.7389072708326,0.010984911461067665,0.12560222543498198,0.9195757981995933,0.027586206896551727,False
169.78070459884748,0.010984919087340119,0.12559590361272616,0.9195720243136682,0.027586206896551727,False
169.82250192686226,0.010984926741551876,0.12558955863038893,0.9195682362511853,0.027586206896551727,False
169.8642992548771,0.010984934423761073,0.12558319043979627,0.9195644339794815,0.027586206896551727,False
169.9060965828919,0.01098494213402572,0.12557679899283358,0.9195606174659032,0.027586206896551727,False
169.94789391090669,0.010984949872403817,0.12557038424144668,0.919556786677807,0.027586206896551727,False
169.98969123892152,0.01098495763895328,0.12556394613764457,0.9195529415825606,0.027586206896551727,False
170.03148856693633,0.0109849654337319,0.1255574846334967,0.9195490821475424,0.027586206896551727,False
170.07328589495114,0.010984973256797426,0.12555099968113642,0.9195452083401424,0.027586206896551727,False
170.11508322296595,0.01098498110820752,0.12554449123276049,0.9195413201277619,0.027586206896551727,False
170.1568805509808,0.010984988988019802,0.12553795924063013,0.9195374174778145,0.027586206896551727,False
170.1986778789956,0.010984996896291763,0.1255314036570711,0.9195335003577256,0.027586206896551727,False
170.2404752070104,0.010985004833080856,0.1255248244344753,0.9195295687349334,0.027586206896551727,False
170.28227253502524,0.010985012798444426,0.12551822152530057,0.9195256225768889,0.027586206896551727,False
170.32406986304002,0.010985020792439746,0.12551159488207195,0.9195216618510564,0.027586206896551727,False
170.36586719105483,0.010985028815124006,0.12550494445738272,0.919517686524914,0.027586206896551727,False
170.40766451906964,0.010985036866554294,0.12549827020389362,0.9195136965659528,0.027586206896551727,False
170.44946184708445,0.01098504494678764,0.12549157207433456,0.9195096919416789,0.027586206896551727,False
170.4912591750993,0.010985053055881079,0.12548485002150564,0.9195056726196114,0.027586206896551727,False
170.53305650311412,0.01098506119389139,0.12547810399827738,0.9195016385672857,0.027586206896551727,False
170.5748538311289,0.010985069360875335,0.12547133395759102,0.9194975897522519,0.027586206896551727,False
170.61665115914374,0.010985077556889586,0.1254645398524599,0.9194935261420757,0.027586206896551727,False
170.65844848715855,0.010985085781990754,0.12545772163596955,0.919489447704337,0.027586206896551727,False
170.70024581517336,0.010985094036235352,0.1254508792612789,0.9194853544066337,0.027586206896551727,False
170.74204314318817,0.010985102319679814,0.12544401268161978,0.919481246216578,0.027586206896551727,False
170.78384047120295,0.010985110632380455,0.12543712185029973,0.9194771231018002,0.027586206896551727,False
170.8256377992178,0.010985118974393518,0.12543020672070063,0.9194729850299468,0.027586206896551727,False
170.86743512723262,0.01098512734577514,0.12542326724628045,0.9194688319686821,0.027586206896551727,False
170.90923245524746,0.010985135746581387,0.12541630338057347,0.9194646638856873,0.027586206896551727,False
170.95102978326224,0.01098514417686822,0.1254093150771908,0.9194604807486613,0.027586206896551727,False
170.99282711127705,0.01098515263669155,0.1254023022898222,0.9194562825253216,0.027586206896551727,False
171.03462443929186,0.010985161126107095,0.12539526497223488,0.9194520691834043,0.027586206896551727,False
171.07642176730667,0.010985169645170541,0.12538820307827597,0.9194478406906639,0.027586206896551727,False
171.1182190953215,0.010985178193937477,0.12538111656187195,0.9194435970148738,0.027586206896551727,False
171.1600164233363,0.010985186772463403,0.12537400537702964,0.919439338123827,0.027586206896551727,False
171.2018137513511,0.010985195380803683,0.12536686947783685,0.9194350639853359,0.027586206896551727,False
171.24361107936596,0.010985204019013633,0.12535970881846373,0.9194307745672334,0.027586206896551727,False
171.28540840738077,0.010985212687148431,0.1253525233531628,0.919426469837372,0.027586206896551727,False
171.32720573539558,0.010985221385263184,0.12534531303626892,0.919422149763625,0.027586206896551727,False
171.3690030634104,0.010985230113412854,0.12533807782220138,0.9194178143138868,0.027586206896551727,False
171.4108003914252,0.010985238871652321,0.12533081766546342,0.9194134634560729,0.027586206896551727,False
171.45259771944,0.010985247660036392,0.12532353252064365,0.9194090971581198,0.027586206896551727,False
171.49439504745482,0.010985256478619832,0.1253162223424161,0.9194047153879856,0.027586206896551727,False
171.53619237546962,0.010985265327457106,0.12530888708554122,0.9194003181136519,0.027586206896551727,False
171.57798970348443,0.010985274206602683,0.12530152670486638,0.9193959053031215,0.027586206896551727,False
171.6197870314993,0.010985283116110942,0.12529414115532694,0.9193914769244201,0.027586206896551727,False
171.66158435951408,0.010985292056036159,0.125286730391946,0.9193870329455962,0.027586206896551727,False
171.7033816875289,0.010985301026432486,0.12527929436983617,0.9193825733347217,0.027586206896551727,False
171.74517901554373,0.01098531002735394,0.12527183304419834,0.919378098059892,0.027586206896551727,False
171.7869763435585,0.010985319058854477,0.1252643463703249,0.9193736070892263,0.027586206896551727,False
171.82877367157334,0.010985328120987932,0.1252568343035987,0.9193691003908678,0.027586206896551727,False
171.87057099958815,0.01098533721380802,0.12524929679949443,0.9193645779329847,0.027586206896551727,False
171.91236832760293,0.010985346337368324,0.125241733813578,0.919360039683769,0.027586206896551727,False
171.9541656556178,0.010985355491722346,0.12523414530150875,0.9193554856114389,0.027586206896551727,False
171.9959629836326,0.010985364676923504,0.12522653121903893,0.9193509156842362,0.027586206896551727,False
172.03776031164742,0.010985373893025022,0.1252188915220156,0.9193463298704305,0.027586206896551727,False
172.07955763966223,0.01098538314008006,0.12521122616637953,0.9193417281383153,0.027586206896551727,False
172.12135496767704,0.010985392418141653,0.12520353510816765,0.9193371104562119,0.027586206896551727,False
172.16315229569184,0.01098540172726274,0.12519581830351212,0.9193324767924667,0.027586206896551727,False
172.20494962370665,0.010985411067496106,0.12518807570864185,0.9193278271154536,0.027586206896551727,False
172.2467469517215,0.010985420438894443,0.12518030727988294,0.9193231613935733,0.027586206896551727,False
172.28854427973627,0.010985429841510314,0.12517251297365914,0.919318479595254,0.027586206896551727,False
172.33034160775114,0.010985439275396195,0.12516469274649245,0.9193137816889514,0.027586206896551727,False
172.37213893576595,0.010985448740604408,0.1251568465550046,0.919309067643149,0.027586206896551727,False
172.41393626378073,0.01098545823718715,0.12514897435591574,0.9193043374263586,0.027586206896551727,False
172.45573359179556,0.010985467765196506,0.12514107610604783,0.9192995910071209,0.027586206896551727,False
172.49753091981037,0.010985477324684537,0.12513315176232256,0.9192948283540041,0.027586206896551727,False
172.53932824782515,0.010985486915703049,0.1251252012817629,0.9192900494356064,0.027586206896551727,False
172.58112557584,0.010985496538303732,0.1251172246214954,0.919285254220556,0.027586206896551727,False
172.6229229038548,0.010985506192538165,0.1251092217387478,0.9192804426775097,0.027586206896551727,False
172.66472023186964,0.01098551587845784,0.12510119259085162,0.9192756147751541,0.027586206896551727,False
172.70651755988445,0.010985525596114104,0.12509313713524225,0.9192707704822064,0.027586206896551727,False
172.74831488789928,0.010985535345558193,0.12508505532945974,0.919265909767414,0.027586206896551727,False
172.79011221591406,0.010985545126841209,0.12507694713114959,0.919261032599555,0.027586206896551727,False
172.83190954392887,0.010985554940014115,0.12506881249806234,0.9192561389474392,0.027586206896551727,False
172.8737068719437,0.010985564785127746,0.12506065138805497,0.9192512287799063,0.027586206896551727,False
172.9155041999585,0.0109855746622328,0.1250524637590917,0.9192463020658289,0.027586206896551727,False
172.95730152797333,0.010985584571379882,0.12504424956924387,0.9192413587741105,0.027586206896551727,False
172.99909885598814,0.010985594512619446,0.1250360087766915,0.9192363988736875,0.027586206896551727,False
173.04089618400295,0.010985604486001827,0.12502774133972272,0.9192314223335274,0.027586206896551727,False
173.08269351201778,0.01098561449157717,0.1250194472167348,0.9192264291226317,0.027586206896551727,False
173.1244908400326,0.010985624529395565,0.12501112636623532,0.9192214192100343,0.027586206896551727,False
173.1662881680474,0.010985634599506926,0.12500277874684282,0.9192163925648021,0.027586206896551727,False
173.2080854960622,0.010985644701961032,0.1249944043172858,0.9192113491560362,0.027586206896551727,False
173.24988282407702,0.010985654836807567,0.12498600303640486,0.9192062889528697,0.027586206896551727,False
173.29168015209183,0.010985665004096033,0.12497757486315292,0.9192012119244719,0.027586206896551727,False
173.33347748010664,0.010985675203875821,0.12496911975659528,0.9191961180400448,0.027586206896551727,False
173.37527480812147,0.01098568543619615,0.12496063767591084,0.9191910072688255,0.027586206896551727,False
173.41707213613628,0.010985695701106146,0.12495212858039224,0.9191858795800858,0.027586206896551727,False
173.4588694641511,0.010985705998654786,0.12494359242944672,0.9191807349431325,0.027586206896551727,False
173.50066679216593,0.010985716328890864,0.12493502918259679,0.919175573327308,0.027586206896551727,False
173.5424641201807,0.010985726691863106,0.12492643879948054,0.9191703947019901,0.027586206896551727,False
173.58426144819555,0.010985737087620117,0.12491782123985114,0.9191651990365916,0.027586206896551727,False
173.62605877621036,0.010985747516210325,0.12490917646358007,0.9191599863005622,0.027586206896551727,False
173.66785610422514,0.01098575797768191,0.12490050443065596,0.919154756463389,0.027586206896551727,False
173.70965343223997,0.010985768472083022,0.12489180510118383,0.919149509494594,0.027586206896551727,False
173.7514507602548,0.01098577899946164,0.1248830784353888,0.9191442453637372,0.027586206896551727,False
173.79324808826962,0.010985789559865608,0.12487432439361397,0.9191389640404152,0.027586206896551727,False
173.83504541628443,0.01098580015334263,0.12486554293632227,0.9191336654942619,0.027586206896551727,False
173.87684274429927,0.010985810779940259,0.12485673402409658,0.9191283496949492,0.027586206896551727,False
173.91864007231405,0.0109858214397059,0.12484789761764052,0.9191230166121868,0.027586206896551727,False
173.96043740032886,0.010985832132686823,0.12483903367777868,0.919117666215722,0.027586206896551727,False
174.0022347283437,0.010985842858930134,0.12483014216545804,0.9191122984753419,0.027586206896551727,False
174.04403205635847,0.0109858536184828,0.12482122304174675,0.9191069133608708,0.027586206896551727,False
174.0858293843733,0.010985864411391643,0.12481227626783606,0.9191015108421724,0.027586206896551727,False
174.12762671238815,0.01098587523770332,0.12480330180504101,0.91909609088915,0.027586206896551727,False
174.16942404040293,0.010985886097464401,0.1247942996147998,0.9190906534717449,0.027586206896551727,False
174.21122136841777,0.010985896990721219,0.12478526965867591,0.9190851985599404,0.027586206896551727,False
174.25301869643258,0.010985907917519997,0.12477621189835748,0.9190797261237579,0.027586206896551727,False
174.29481602444739,0.01098591887790679,0.12476712629565716,0.9190742361332594,0.027586206896551727,False
174.3366133524622,0.010985929871927536,0.12475801281251418,0.9190687285585473,0.027586206896551727,False
174.378410680477,0.010985940899627995,0.12474887141099456,0.919063203369765,0.027586206896551727,False
174.4202080084918,0.010985951961053769,0.12473970205329092,0.9190576605370958,0.027586206896551727,False
174.46200533650662,0.010985963056250337,0.12473050470172317,0.9190521000307651,0.027586206896551727,False
174.5038026645215,0.010985974185262967,0.12472127931874008,0.9190465218210396,0.027586206896551727,False
174.54559999253627,0.010985985348136827,0.12471202586691768,0.9190409258782266,0.027586206896551727,False
174.58739732055108,0.010985996544916913,0.12470274430896228,0.9190353121726765,0.027586206896551727,False
174.6291946485659,0.010986007775648048,0.12469343460770915,0.9190296806747813,0.027586206896551727,False
174.6709919765807,0.010986019040374911,0.12468409672612313,0.9190240313549746,0.027586206896551727,False
174.71278930459553,0.010986030339142019,0.12467473062730054,0.9190183641837336,0.027586206896551727,False
174.75458663261034,0.010986041671993735,0.12466533627446837,0.9190126791315779,0.027586206896551727,False
174.79638396062512,0.0109860530389744,0.1246559136309849,0.9190069761690688,0.027586206896551727,False
174.83818128864,0.010986064440127888,0.12464646266034092,0.9190012552668134,0.027586206896551727,False
174.8799786166548,0.01098607587549813,0.12463698332615951,0.9189955163954608,0.027586206896551727,False
174.9217759446696,0.010986087345128834,0.12462747559219618,0.9189897595257036,0.027586206896551727,False
174.9635732726844,0.010986098849063595,0.1246179394223411,0.9189839846282789,0.027586206896551727,False
175.00537060069925,0.010986110387345795,0.12460837478061743,0.9189781916739674,0.027586206896551727,False
175.04716792871403,0.010986121960018694,0.12459878163118346,0.9189723806335947,0.027586206896551727,False
175.08896525672884,0.010986133567125378,0.12458915993833194,0.9189665514780305,0.027586206896551727,False
175.13076258474365,0.010986145208708727,0.1245795096664911,0.9189607041781899,0.027586206896551727,False
175.17255991275846,0.010986156884811523,0.1245698307802255,0.9189548387050328,0.027586206896551727,False
175.21435724077332,0.010986168595476322,0.12456012324423596,0.9189489550295643,0.027586206896551727,False
175.25615456878813,0.010986180340745567,0.12455038702335922,0.9189430531228349,0.027586206896551727,False
175.2979518968029,0.01098619212066149,0.12454062208257063,0.918937132955941,0.027586206896551727,False
175.33974922481775,0.010986203935266179,0.12453082838698233,0.918931194500025,0.027586206896551727,False
175.38154655283253,0.010986215784601567,0.1245210059018452,0.9189252377262754,0.027586206896551727,False
175.42334388084737,0.010986227668709447,0.12451115459254829,0.9189192626059264,0.027586206896551727,False
175.46514120886218,0.010986239587631367,0.12450127442462043,0.9189132691102598,0.027586206896551727,False
175.50693853687696,0.010986251541408736,0.12449136536372953,0.9189072572106037,0.027586206896551727,False
175.54873586489182,0.01098626353008282,0.12448142737568374,0.9189012268783335,0.027586206896551727,False
175.59053319290663,0.010986275553694698,0.12447146042643131,0.918895178084871,0.027586206896551727,False
175.63233052092147,0.010986287612285288,0.12446146448206208,0.9188891108016861,0.027586206896551727,False
175.67412784893625,0.010986299705895305,0.12445143950880648,0.9188830250002966,0.027586206896551727,False
175.71592517695106,0.010986311834565332,0.12444138547303747,0.9188769206522678,0.027586206896551727,False
175.75772250496587,0.010986323998335767,0.12443130234126978,0.9188707977292125,0.027586206896551727,False
175.79951983298068,0.010986336197246852,0.12442119008016078,0.9188646562027928,0.027586206896551727,False
175.84131716099552,0.010986348431338618,0.12441104865651148,0.9188584960447185,0.027586206896551727,False
175.8831144890103,0.010986360700650951,0.124400878037265,0.918852317226748,0.027586206896551727,False
175.92491181702513,0.010986373005223543,0.12439067818951036,0.9188461197206894,0.027586206896551727,False
175.96670914503997,0.010986385345095937,0.12438044908047921,0.9188399034983988,0.027586206896551727,False
176.00850647305475,0.010986397720307477,0.12437019067754916,0.9188336685317828,0.027586206896551727,False
176.0503038010696,0.010986410130897345,0.12435990294824201,0.918827414792796,0.027586206896551727,False
176.0921011290844,0.010986422576904619,0.12434958586022615,0.9188211422534434,0.027586206896551727,False
176.13389845709918,0.010986435058368143,0.1243392393813157,0.9188148508857799,0.027586206896551727,False
176.17569578511402,0.010986447575326463,0.12432886347947071,0.9188085406619109,0.027586206896551727,False
176.21749311312882,0.010986460127818086,0.12431845812279863,0.9188022115539912,0.027586206896551727,False
176.25929044114363,0.010986472715881296,0.12430802327955351,0.9187958635342268,0.027586206896551727,False
176.30108776915847,0.01098648533955424,0.1242975589181377,0.9187894965748735,0.027586206896551727,False
176.3428850971733,0.010986497998874844,0.12428706500710131,0.9187831106482389,0.027586206896551727,False
176.3846824251881,0.010986510693880883,0.12427654151514234,0.9187767057266805,0.027586206896551727,False
176.4264797532029,0.010986523424609932,0.12426598841110845,0.9187702817826077,0.027586206896551727,False
176.46827708121774,0.010986536191099395,0.12425540566399619,0.9187638387884812,0.027586206896551727,False
176.51007440923252,0.010986548993386495,0.1242447932429515,0.9187573767168135,0.027586206896551727,False
176.55187173724735,0.010986561831508288,0.12423415111727011,0.9187508955401676,0.027586206896551727,False
176.59366906526216,0.010986574705501618,0.12422347925639837,0.9187443952311604,0.027586206896551727,False
176.63546639327697,0.010986587615403142,0.12421277762993331,0.9187378757624595,0.027586206896551727,False
176.6772637212918,0.010986600561249392,0.12420204620762294,0.9187313371067852,0.027586206896551727,False
176.71906104930662,0.010986613543076671,0.12419128495936697,0.9187247792369101,0.027586206896551727,False
176.76085837732143,0.010986626560921125,0.12418049385521636,0.9187182021256595,0.027586206896551727,False
176.80265570533624,0.010986639614818704,0.12416967286537488,0.9187116057459119,0.027586206896551727,False
176.84445303335104,0.0109866527048052,0.12415882196019831,0.918704990070598,0.027586206896551727,False
176.88625036136585,0.01098666583091611,0.12414794111019535,0.9186983550727029,0.027586206896551727,False
176.92804768938066,0.010986678993186864,0.12413703028602857,0.9186917007252641,0.027586206896551727,False
176.9698450173955,0.010986692191652677,0.12412608945851364,0.9186850270013728,0.027586206896551727,False
177.0116423454103,0.010986705426348569,0.12411511859862,0.9186783338741742,0.027586206896551727,False
177.05343967342512,0.010986718697309376,0.12410411767747184,0.9186716213168669,0.027586206896551727,False
177.09523700143995,0.01098673200456975,0.1240930866663473,0.9186648893027036,0.027586206896551727,False
177.13703432945474,0.010986745348164146,0.12408202553668059,0.9186581378049921,0.027586206896551727,False
177.17883165746957,0.010986758728126836,0.12407093426005998,0.918651366797093,0.027586206896551727,False
177.22062898548438,0.010986772144491943,0.12405981280822982,0.9186445762524222,0.027586206896551727,False
177.26242631349916,0.010986785597293314,0.12404866115309131,0.9186377661444511,0.027586206896551727,False
177.304223641514,0.010986799086564716,0.12403747926670015,0.9186309364467042,0.027586206896551727,False
177.3460209695288,0.010986812612339612,0.12402626712127042,0.9186240871327627,0.027586206896551727,False
177.38781829754365,0.0109868261746514,0.12401502468917186,0.9186172181762615,0.027586206896551727,False
177.42961562555845,0.010986839773533165,0.12400375194293221,0.9186103295508923,0.027586206896551727,False
177.4714129535733,0.010986853409017894,0.12399244885523665,0.9186034212304012,0.027586206896551727,False
177.51321028158807,0.010986867081138336,0.12398111539892812,0.9185964931885902,0.027586206896551727,False
177.55500760960288,0.01098688078992707,0.12396975154700766,0.9185895453993173,0.027586206896551727,False
177.59680493761772,0.010986894535416458,0.12395835727263486,0.918582577836496,0.027586206896551727,False
177.6386022656325,0.010986908317638856,0.12394693254912825,0.9185755904740956,0.027586206896551727,False
177.68039959364734,0.010986922136626083,0.12393547734996531,0.9185685832861431,0.027586206896551727,False
177.72219692166217,0.010986935992409963,0.12392399164878262,0.918561556246721,0.027586206896551727,False
177.76399424967695,0.010986949885022091,0.12391247541937689,0.9185545093299682,0.027586206896551727,False
177.8057915776918,0.010986963814493919,0.12390092863570464,0.9185474425100801,0.027586206896551727,False
177.8475889057066,0.010986977780856656,0.12388935127188262,0.9185403557613099,0.027586206896551727,False
177.8893862337214,0.01098699178414137,0.12387774330218858,0.9185332490579664,0.027586206896551727,False
177.93118356173622,0.010987005824378872,0.12386610470106023,0.9185261223744168,0.027586206896551727,False
177.97298088975103,0.010987019901599823,0.12385443544309664,0.9185189756850843,0.027586206896551727,False
178.01477821776584,0.010987034015834665,0.12384273550305881,0.9185118089644508,0.027586206896551727,False
178.05657554578065,0.010987048167113649,0.12383100485586888,0.9185046221870548,0.027586206896551727,False
178.0983728737955,0.010987062355466856,0.12381924347661126,0.9184974153274927,0.027586206896551727,False
178.1401702018103,0.010987076580924144,0.12380745134053202,0.918490188360419,0.027586206896551727,False
178.1819675298251,0.010987090843515136,0.12379562842303969,0.9184829412605456,0.027586206896551727,False
178.22376485783994,0.010987105143269366,0.123783774699706,0.918475674002643,0.027586206896551727,False
178.26556218585472,0.010987119480216067,0.12377189014626552,0.9184683865615395,0.027586206896551727,False
178.30735951386956,0.01098713385438433,0.1237599747386153,0.918461078912122,0.027586206896551727,False
178.34915684188437,0.010987148265803055,0.1237480284528171,0.9184537510293357,0.027586206896551727,False
178.39095416989915,0.010987162714500898,0.12373605126509517,0.9184464028881844,0.027586206896551727,False
178.432751497914,0.010987177200506359,0.12372404315183845,0.9184390344637308,0.027586206896551727,False
178.47454882592882,0.010987191723847711,0.12371200408959994,0.9184316457310965,0.027586206896551727,False
178.51634615394363,0.010987206284553066,0.12369993405509681,0.9184242366654615,0.027586206896551727,False
178.55814348195844,0.010987220882650334,0.12368783302521107,0.9184168072420652,0.027586206896551727,False
178.59994080997325,0.010987235518167167,0.12367570097698946,0.9184093574362064,0.027586206896551727,False
178.64173813798806,0.010987250191131052,0.12366353788764393,0.9184018872232433,0.027586206896551727,False
178.68353546600287,0.010987264901569305,0.12365134373455139,0.9183943965785928,0.027586206896551727,False
178.7253327940177,0.010987279649509006,0.12363911849525522,0.9183868854777325,0.027586206896551727,False
178.76713012203248,0.010987294434977046,0.12362686214746374,0.9183793538961992,0.027586206896551727,False
178.80892745004735,0.010987309258000143,0.12361457466905194,0.9183718018095888,0.027586206896551727,False
178.85072477806216,0.010987324118604747,0.12360225603805969,0.9183642291935576,0.027586206896551727,False
178.89252210607694,0.01098733901681721,0.1235899062326952,0.9183566360238229,0.027586206896551727,False
178.93431943409178,0.01098735395266357,0.12357752523133148,0.9183490222761602,0.027586206896551727,False
178.97611676210659,0.010987368926169727,0.12356511301250944,0.9183413879264071,0.027586206896551727,False
179.0179140901214,0.010987383937361386,0.12355266955493682,0.9183337329504604,0.027586206896551727,False
179.0597114181362,0.010987398986264017,0.12354019483748806,0.9183260573242775,0.027586206896551727,False
179.101508746151,0.010987414072902935,0.1235276888392054,0.9183183610238764,0.027586206896551727,False
179.14330607416582,0.010987429197303182,0.12351515153929879,0.9183106440253365,0.027586206896551727,False
179.18510340218066,0.010987444359489649,0.1235025829171453,0.918302906304797,0.027586206896551727,False
179.2269007301955,0.010987459559487005,0.12348998295229133,0.9182951478384587,0.027586206896551727,False
179.26869805821028,0.010987474797319745,0.12347735162444957,0.9182873686025826,0.027586206896551727,False
179.31049538622509,0.010987490073012168,0.123464688913503,0.9182795685734914,0.027586206896551727,False
179.35229271423992,0.010987505386588303,0.1234519947995012,0.9182717477275687,0.027586206896551727,False
179.3940900422547,0.010987520738072026,0.12343926926266353,0.9182639060412593,0.027586206896551727,False
179.43588737026954,0.010987536127487011,0.12342651228337816,0.9182560434910698,0.027586206896551727,False
179.47768469828432,0.010987551554856685,0.12341372384220177,0.9182481600535678,0.027586206896551727,False
179.51948202629916,0.010987567020204338,0.12340090391986014,0.9182402557053823,0.027586206896551727,False
179.561279354314,0.010987582523552955,0.12338805249724884,0.9182323304232047,0.027586206896551727,False
179.6030766823288,0.010987598064925424,0.1233751695554328,0.9182243841837877,0.027586206896551727,False
179.6448740103436,0.010987613644344522,0.12336225507564622,0.9182164169639444,0.027586206896551727,False
179.68667133835842,0.01098762926183252,0.12334930903929327,0.9182084287405526,0.027586206896551727,False
179.72846866637323,0.010987644917411643,0.123336331427948,0.9182004194905505,0.027586206896551727,False
179.77026599438804,0.010987660611103936,0.12332332222335429,0.9181923891909383,0.027586206896551727,False
179.81206332240285,0.010987676342931189,0.12331028140742677,0.9181843378187788,0.027586206896551727,False
179.85386065041766,0.010987692112915084,0.12329720896225008,0.9181762653511969,0.027586206896551727,False
179.8956579784325,0.010987707921076976,0.1232841048700793,0.9181681717653799,0.027586206896551727,False
179.9374553064473,0.010987723767438074,0.12327096911333935,0.9181600570385767,0.027586206896551727,False
179.97925263446214,0.01098773965201941,0.12325780167462748,0.9181519211480998,0.027586206896551727,False
180.02104996247692,0.01098775557484175,0.1232446025367106,0.918143764071324,0.027586206896551727,False
180.06284729049176,0.010987771535925693,0.12323137168252656,0.9181355857856862,0.027586206896551727,False
180.10464461850654,0.010987787535291609,0.12321810909518448,0.9181273862686862,0.027586206896551727,False
180.14644194652135,0.01098780357295967,0.12320481475796513,0.918119165497887,0.027586206896551727,False
180.1882392745362,0.010987819648949846,0.12319148865432003,0.9181109234509143,0.027586206896551727,False
180.23003660255097,0.010987835763281903,0.12317813076787172,0.918102660105456,0.027586206896551727,False
180.27183393056583,0.010987851915975363,0.12316474108241496,0.9180943754392641,0.027586206896551727,False
180.31363125858064,0.010987868107049614,0.12315131958191614,0.9180860694301531,0.027586206896551727,False
180.35542858659548,0.010987884336523758,0.12313786625051285,0.9180777420560005,0.027586206896551727,False
180.39722591461026,0.010987900604416739,0.12312438107251492,0.9180693932947475,0.027586206896551727,False
180.43902324262507,0.010987916910747297,0.12311086403240373,0.9180610231243977,0.027586206896551727,False
180.48082057063988,0.010987933255533915,0.12309731511483259,0.9180526315230192,0.027586206896551727,False
180.5226178986547,0.010987949638794924,0.12308373430462705,0.9180442184687423,0.027586206896551727,False
180.56441522666952,0.01098796606054843,0.12307012158678483,0.9180357839397614,0.027586206896551727,False
180.60621255468436,0.010987982520812302,0.12305647694647578,0.9180273279143345,0.027586206896551727,False
180.64800988269914,0.010987999019604235,0.12304280036904218,0.9180188503707826,0.027586206896551727,False
180.68980721071398,0.010988015556941705,0.12302909183999791,0.9180103512874908,0.027586206896551727,False
180.73160453872876,0.010988032132841972,0.12301535134503083,0.918001830642908,0.027586206896551727,False
180.7734018667436,0.01098804874732211,0.1230015788700001,0.9179932884155461,0.027586206896551727,False
180.8151991947584,0.010988065400398976,0.12298777440093753,0.9179847245839815,0.027586206896551727,False
180.8569965227732,0.010988082092089195,0.12297393792404772,0.9179761391268542,0.027586206896551727,False
180.89879385078802,0.010988098822409205,0.12296006942570828,0.917967532022868,0.027586206896551727,False
180.94059117880283,0.010988115591375226,0.12294616889246948,0.9179589032507908,0.027586206896551727,False
180.98238850681767,0.010988132399003309,0.12293223631105378,0.917950252789454,0.027586206896551727,False
181.02418583483248,0.010988149245309215,0.12291827166835673,0.9179415806177535,0.027586206896551727,False
181.0659831628473,0.010988166130308577,0.12290427495144748,0.9179328867146496,0.027586206896551727,False
181.1077804908621,0.010988183054016852,0.12289024614756683,0.9179241710591651,0.027586206896551727,False
181.1495778188769,0.01098820001644914,0.12287618524412997,0.9179154336303892,0.027586206896551727,False
181.19137514689174,0.010988217017620441,0.12286209222872409,0.9179066744074741,0.027586206896551727,False
181.23317247490652,0.010988234057545496,0.12284796708910972,0.9178978933696361,0.027586206896551727,False
181.27496980292133,0.0109882511362389,0.12283380981322031,0.9178890904961564,0.027586206896551727,False
181.3167671309362,0.010988268253714985,0.1228196203891627,0.9178802657663797,0.027586206896551727,False
181.35856445895098,0.01098828540998789,0.12280539880521656,0.9178714191597158,0.027586206896551727,False
181.40036178696582,0.010988302605071543,0.1227911450498345,0.9178625506556383,0.027586206896551727,False
181.44215911498063,0.010988319838979686,0.12277685911164281,0.9178536602336856,0.027586206896551727,False
181.4839564429954,0.01098833711172583,0.12276254097944019,0.9178447478734603,0.027586206896551727,False
181.52575377101024,0.01098835442332326,0.12274819064219959,0.91783581355463,0.027586206896551727,False
181.56755109902505,0.010988371773785097,0.12273380808906621,0.9178268572569259,0.027586206896551727,False
181.60934842703986,0.01098838916312421,0.12271939330935949,0.9178178789601452,0.027586206896551727,False
181.65114575505467,0.010988406591353288,0.12270494629257112,0.9178088786441487,0.027586206896551727,False
181.69294308306954,0.010988424058484783,0.12269046702836593,0.9177998562888613,0.027586206896551727,False
181.73474041108432,0.010988441564530991,0.12267595550658233,0.9177908118742732,0.027586206896551727,False
181.77653773909913,0.010988459109503941,0.12266141171723202,0.9177817453804396,0.027586206896551727,False
181.81833506711396,0.010988476693415482,0.12264683565049961,0.9177726567874794,0.027586206896551727,False
181.86013239512874,0.010988494316277228,0.1226322272967428,0.9177635460755773,0.027586206896551727,False
181.90192972314358,0.010988511978100636,0.12261758664649279,0.9177544132249817,0.027586206896551727,False
181.9437270511584,0.010988529678896896,0.12260291369045355,0.9177452582160066,0.027586206896551727,False
181.98552437917317,0.010988547418677014,0.12258820841950248,0.9177360810290303,0.027586206896551727,False
182.027321707188,0.010988565197451792,0.1225734708246898,0.9177268816444957,0.027586206896551727,False
182.06911903520285,0.010988583015231842,0.12255870089723885,0.9177176600429106,0.027586206896551727,False
182.11091636321765,0.010988600872027535,0.12254389862854587,0.917708416204848,0.027586206896551727,False
182.15271369123246,0.010988618767849019,0.1225290640101808,0.9176991501109456,0.027586206896551727,False
182.19451101924727,0.010988636702706266,0.12251419703388555,0.9176898617419055,0.027586206896551727,False
182.23630834726208,0.010988654676609056,0.12249929769157585,0.9176805510784953,0.027586206896551727,False
182.2781056752769,0.01098867268956693,0.122484365975339,0.9176712181015463,0.027586206896551727,False
182.31990300329173,0.010988690741589193,0.12246940187743642,0.9176618627919559,0.027586206896551727,False
182.3617003313065,0.010988708832685004,0.12245440539030228,0.9176524851306862,0.027586206896551727,False
182.40349765932135,0.010988726962863269,0.12243937650654285,0.9176430850987635,0.027586206896551727,False
182.44529498733618,0.010988745132132716,0.12242431521893729,0.9176336626772794,0.027586206896551727,False
182.48709231535096,0.01098876334050185,0.12240922152043755,0.9176242178473905,0.027586206896551727,False
182.5288896433658,0.010988781587978946,0.12239409540416768,0.9176147505903179,0.027586206896551727,False
182.5706869713806,0.010988799874572101,0.12237893686342453,0.917605260887348,0.027586206896551727,False
182.6124842993954,0.01098881820028919,0.12236374589167795,0.9175957487198318,0.027586206896551727,False
182.65428162741023,0.010988836565137907,0.12234852248256937,0.9175862140691855,0.027586206896551727,False
182.69607895542504,0.010988854969125708,0.12233326662991302,0.9175766569168898,0.027586206896551727,False
182.73787628343985,0.010988873412259839,0.12231797832769511,0.9175670772444906,0.027586206896551727,False
182.77967361145468,0.010988891894547353,0.12230265757007391,0.9175574750335987,0.027586206896551727,False
182.82147093946952,0.01098891041599509,0.1222873043513798,0.9175478502658893,0.027586206896551727,False
182.8632682674843,0.010988928976609693,0.12227191866611567,0.9175382029231031,0.027586206896551727,False
182.9050655954991,0.010988947576397602,0.12225650050895528,0.917528532987045,0.027586206896551727,False
182.94686292351395,0.01098896621536499,0.12224104987474574,0.9175188404395856,0.027586206896551727,False
182.98866025152873,0.010988984893517902,0.1222255667585043,0.9175091252626597,0.027586206896551727,False
183.03045757954357,0.010989003610862129,0.12221005115542097,0.9174993874382673,0.027586206896551727,False
183.07225490755837,0.01098902236740326,0.12219450306085664,0.9174896269484729,0.027586206896551727,False
183.11405223557315,0.010989041163146708,0.12217892247034447,0.9174798437754063,0.027586206896551727,False
183.15584956358802,0.010989059998097673,0.12216330937958798,0.9174700379012611,0.027586206896551727,False
183.19764689160283,0.0109890788722611,0.12214766378446244,0.917460209308297,0.027586206896551727,False
183.23944421961764,0.010989097785641765,0.1221319856810144,0.9174503579788374,0.027586206896551727,False
183.28124154763245,0.010989116738244226,0.12211627506546073,0.9174404838952711,0.027586206896551727,False
183.32303887564726,0.010989135730072845,0.12210053193419004,0.9174305870400513,0.027586206896551727,False
183.36483620366207,0.010989154761131752,0.12208475628376164,0.9174206673956965,0.027586206896551727,False
183.40663353167687,0.010989173831424993,0.12206894811090556,0.9174107249447887,0.027586206896551727,False
183.4484308596917,0.010989192940956214,0.12205310741252161,0.9174007596699755,0.027586206896551727,False
183.49022818770652,0.01098921208972897,0.12203723418568053,0.9173907715539691,0.027586206896551727,False
183.53202551572133,0.01098923127774661,0.12202132842762425,0.9173807605795461,0.027586206896551727,False
183.57382284373617,0.01098925050501224,0.12200539013576356,0.9173707267295479,0.027586206896551727,False
183.61562017175095,0.010989269771528781,0.12198941930768015,0.9173606699868803,0.027586206896551727,False
183.65741749976578,0.010989289077298936,0.12197341594112467,0.9173505903345134,0.027586206896551727,False
183.6992148277806,0.010989308422325293,0.12195738003401937,0.9173404877554824,0.027586206896551727,False
183.74101215579537,0.010989327806610058,0.12194131158445443,0.9173303622328868,0.027586206896551727,False
183.7828094838102,0.010989347230155372,0.1219252105906904,0.9173202137498904,0.027586206896551727,False
183.82460681182502,0.010989366692963113,0.12190907705115692,0.9173100422897216,0.027586206896551727,False
183.86640413983986,0.010989386195034997,0.12189291096445255,0.9172998478356726,0.027586206896551727,False
183.90820146785467,0.010989405736372498,0.12187671232934597,0.9172896303711011,0.027586206896551727,False
183.9499987958695,0.010989425316976895,0.12186048114477406,0.9172793898794285,0.027586206896551727,False
183.99179612388428,0.010989444936849248,0.12184421740984164,0.91726912634414,0.027586206896551727,False
184.0335934518991,0.010989464595990523,0.12182792112382429,0.9172588397487859,0.027586206896551727,False
184.07539077991393,0.010989484294401327,0.12181159228616434,0.9172485300769802,0.027586206896551727,False
184.1171881079287,0.010989504032082131,0.12179523089647282,0.9172381973124015,0.027586206896551727,False
184.15898543594355,0.010989523809033208,0.12177883695452915,0.9172278414387923,0.027586206896551727,False
184.2007827639584,0.010989543625254623,0.12176241046028045,0.9172174624399592,0.027586206896551727,False
184.24258009197317,0.010989563480746253,0.1217459514138419,0.9172070602997727,0.027586206896551727,False
184.284377419988,0.010989583375507737,0.12172945981549582,0.9171966350021677,0.027586206896551727,False
184.3261747480028,0.010989603309538538,0.12171293566569251,0.9171861865311428,0.027586206896551727,False
184.36797207601762,0.010989623282837917,0.12169637896504946,0.9171757148707607,0.027586206896551727,False
184.40976940403243,0.010989643295404932,0.12167978971435106,0.9171652200051477,0.027586206896551727,False
184.4515667320472,0.010989663347238445,0.12166316791454927,0.9171547019184945,0.027586206896551727,False
184.49336406006205,0.01098968343833714,0.12164651356676195,0.917144160595055,0.027586206896551727,False
184.53516138807686,0.010989703568699407,0.1216298266722741,0.9171335960191473,0.027586206896551727,False
184.57695871609172,0.010989723738323508,0.12161310723253625,0.917123008175153,0.027586206896551727,False
184.6187560441065,0.010989743947207496,0.12159635524916615,0.9171123970475173,0.027586206896551727,False
184.6605533721213,0.010989764195349222,0.12157957072394694,0.917101762620749,0.027586206896551727,False
184.70235070013615,0.010989784482746333,0.12156275365882797,0.917091104879421,0.027586206896551727,False
184.74414802815093,0.01098980480939629,0.1215459040559234,0.9170804238081685,0.027586206896551727,False
184.78594535616577,0.010989825175296347,0.12152902191751368,0.9170697193916908,0.027586206896551727,False
184.82774268418055,0.010989845580443554,0.12151210724604404,0.9170589916147511,0.027586206896551727,False
184.86954001219536,0.010989866024834764,0.12149516004412456,0.9170482404621753,0.027586206896551727,False
184.9113373402102,0.010989886508466624,0.12147818031453038,0.9170374659188525,0.027586206896551727,False
184.95313466822503,0.010989907031335585,0.12146116806020035,0.9170266679697349,0.027586206896551727,False
184.99493199623984,0.010989927593437915,0.12144412328423976,0.917015846599839,0.027586206896551727,False
185.03672932425465,0.010989948194769665,0.12142704598991616,0.9170050017942435,0.027586206896551727,False
185.07852665226943,0.01098996883532669,0.12140993618066136,0.9169941335380898,0.027586206896551727,False
185.12032398028427,0.010989989515104721,0.12139279386007132,0.9169832418165826,0.027586206896551727,False
185.16212130829908,0.010990010234099165,0.12137561903190515,0.9169723266149897,0.027586206896551727,False
185.2039186363139,0.010990030992305267,0.12135841170008561,0.9169613879186421,0.027586206896551727,False
185.2457159643287,0.010990051789718113,0.12134117186869738,0.9169504257129326,0.027586206896551727,False
185.28751329234356,0.010990072626332588,0.12132389954198934,0.9169394399833172,0.027586206896551727,False
185.32931062035837,0.010990093502143377,0.12130659472437247,0.9169284307153149,0.027586206896551727,False
185.37110794837315,0.010990114417144954,0.12128925742041977,0.916917397894507,0.027586206896551727,False
185.412905276388,0.01099013537133164,0.12127188763486703,0.9169063415065369,0.027586206896551727,False
185.45470260440277,0.010990156364697511,0.12125448537261116,0.9168952615371108,0.027586206896551727,False
185.4964999324176,0.010990177397236454,0.12123705063871112,0.9168841579719977,0.027586206896551727,False
185.53829726043242,0.01099019846894218,0.12121958343838729,0.9168730307970284,0.027586206896551727,False
185.5800945884472,0.010990219579808216,0.12120208377702119,0.9168618799980957,0.027586206896551727,False
185.62189191646203,0.01099024072982787,0.1211845516601551,0.9168507055611552,0.027586206896551727,False
185.66368924447687,0.010990261918994248,0.12116698709349202,0.9168395074722244,0.027586206896551727,False
185.70548657249168,0.01099028314730029,0.1211493900828956,0.9168282857173824,0.027586206896551727,False
185.7472839005065,0.01099030441473874,0.12113176063438941,0.9168170402827709,0.027586206896551727,False
185.7890812285213,0.010990325721302121,0.12111409875415706,0.9168057711545932,0.027586206896551727,False
185.8308785565361,0.010990347066982794,0.12109640444854165,0.9167944783191138,0.027586206896551727,False
185.87267588455092,0.010990368451772911,0.12107867772404585,0.9167831617626598,0.027586206896551727,False
185.91447321256575,0.010990389875664433,0.12106091858733135,0.9167718214716197,0.027586206896551727,False
185.95627054058053,0.010990411338649126,0.12104312704521865,0.916760457432443,0.027586206896551727,False
185.99806786859534,0.010990432840718583,0.12102530310468718,0.9167490696316415,0.027586206896551727,False
186.0398651966102,0.010990454381864202,0.12100744677287426,0.9167376580557876,0.027586206896551727,False
186.081662524625,0.010990475962077176,0.12098955805707588,0.9167262226915154,0.027586206896551727,False
186.12345985263983,0.010990497581348518,0.1209716369647454,0.9167147635255204,0.027586206896551727,False
186.16525718065463,0.010990519239669046,0.12095368350349389,0.9167032805445593,0.027586206896551727,False
186.20705450866942,0.010990540937029369,0.12093569768108965,0.9166917737354492,0.027586206896551727,False
186.24885183668425,0.010990562673419949,0.12091767950545777,0.9166802430850689,0.027586206896551727,False
186.29064916469906,0.01099058444883105,0.12089962898468079,0.9166686885803578,0.027586206896551727,False
186.33244649271387,0.010990606263252713,0.12088154612699689,0.9166571102083162,0.027586206896551727,False
186.3742438207287,0.010990628116674821,0.1208634309408005,0.9166455079560046,0.027586206896551727,False
186.41604114874355,0.010990650009087072,0.12084528343464224,0.9166338818105448,0.027586206896551727,False
186.45783847675833,0.010990671940478947,0.12082710361722808,0.9166222317591192,0.027586206896551727,False
186.49963580477313,0.010990693910839767,0.12080889149741947,0.9166105577889699,0.027586206896551727,False
186.54143313278797,0.010990715920158654,0.12079064708423241,0.9165988598873999,0.027586206896551727,False
186.58323046080275,0.010990737968424556,0.12077237038683884,0.9165871380417726,0.027586206896551727,False
186.6250277888176,0.010990760055626207,0.1207540614145637,0.9165753922395113,0.027586206896551727,False
186.6668251168324,0.010990782181752097,0.12073572017688683,0.9165636224681002,0.027586206896551727,False
186.70862244484718,0.010990804346790709,0.12071734668344149,0.9165518287150817,0.027586206896551727,False
186.75041977286205,0.01099082655073023,0.12069894094401513,0.9165400109680596,0.027586206896551727,False
186.79221710087685,0.010990848793558666,0.12068050296854745,0.9165281692146967,0.027586206896551727,False
186.83401442889166,0.010990871075263833,0.12066203276713211,0.9165163034427163,0.027586206896551727,False
186.87581175690647,0.010990893395833373,0.1206435303500148,0.9165044136399008,0.027586206896551727,False
186.91760908492128,0.01099091575525474,0.12062499572759347,0.9164924997940919,0.027586206896551727,False
186.9594064129361,0.010990938153515203,0.12060642891041869,0.9164805618931915,0.027586206896551727,False
187.0012037409509,0.010990960590601872,0.12058782990919209,0.9164685999251598,0.027586206896551727,False
187.04300106896574,0.010990983066501616,0.12056919873476721,0.9164566138780175,0.027586206896551727,False
187.08479839698052,0.010991005581201202,0.12055053539814824,0.9164446037398432,0.027586206896551727,False
187.12659572499535,0.010991028134687155,0.12053183991049031,0.916432569498775,0.027586206896551727,False
187.1683930530102,0.01099105072694584,0.12051311228309915,0.91642051114301,0.027586206896551727,False
187.21019038102497,0.010991073357963458,0.12049435252743071,0.9164084286608043,0.027586206896551727,False
187.2519877090398,0.010991096027726008,0.12047556065509038,0.9163963220404722,0.027586206896551727,False
187.29378503705462,0.01099111873621931,0.12045673667783312,0.9163841912703864,0.027586206896551727,False
187.3355823650694,0.010991141483428854,0.12043788060756347,0.9163720363389803,0.027586206896551727,False
187.37737969308424,0.010991164269340261,0.12041899245633396,0.9163598572347424,0.027586206896551727,False
187.41917702109905,0.010991187093938818,0.1204000722363472,0.9163476539462216,0.027586206896551727,False
187.46097434911388,0.0109912099572096,0.1203811199599523,0.9163354264620243,0.027586206896551727,False
187.5027716771287,0.010991232859137539,0.12036213563964736,0.9163231747708152,0.027586206896551727,False
187.5445690051435,0.01099125579970738,0.12034311928807741,0.9163108988613168,0.027586206896551727,False
187.5863663331583,0.010991278778903674,0.12032407091803538,0.91629859872231,0.027586206896551727,False
187.62816366117312,0.010991301796710843,0.12030499054246024,0.9162862743426329,0.027586206896551727,False
187.66996098918796,0.010991324853113065,0.12028587817443796,0.9162739257111814,0.027586206896551727,False
187.71175831720274,0.01099134794809441,0.120266733827201,0.916261552816909,0.027586206896551727,False
187.75355564521755,0.010991371081638715,0.12024755751412707,0.9162491556488268,0.027586206896551727,False
187.79535297323238,0.010991394253729652,0.12022834924874,0.9162367341960032,0.027586206896551727,False
187.8371503012472,0.010991417464350775,0.12020910904470782,0.9162242884475629,0.027586206896551727,False
187.87894762926203,0.010991440713485403,0.12018983691584477,0.916211818392689,0.027586206896551727,False
187.92074495727684,0.010991464001116688,0.12017053287610846,0.9161993240206208,0.027586206896551727,False
187.96254228529165,0.0109914873272276,0.1201511969396016,0.9161868053206552,0.027586206896551727,False
188.00433961330646,0.010991510691801001,0.12013182912056995,0.9161742622821448,0.027586206896551727,False
188.04613694132127,0.010991534094819516,0.12011242943340271,0.9161616948944994,0.027586206896551727,False
188.08793426933607,0.01099155753626563,0.12009299789263285,0.9161491031471852,0.027586206896551727,False
188.12973159735088,0.010991581016121603,0.12007353451293556,0.9161364870297256,0.027586206896551727,False
188.17152892536575,0.010991604534369571,0.12005403930912877,0.916123846531699,0.027586206896551727,False
188.21332625338053,0.010991628090991506,0.12003451229617158,0.9161111816427405,0.027586206896551727,False
188.25512358139534,0.010991651685969203,0.12001495348916653,0.9160984923525417,0.027586206896551727,False
188.29692090941018,0.010991675319284256,0.11999536290335597,0.9160857786508497,0.027586206896551727,False
188.33871823742496,0.010991698990918104,0.1199757405541238,0.9160730405274674,0.027586206896551727,False
188.3805155654398,0.010991722700852042,0.1199560864569943,0.9160602779722532,0.027586206896551727,False
188.4223128934546,0.010991746449067153,0.1199364006276326,0.9160474909751223,0.027586206896551727,False
188.46411022146938,0.010991770235544353,0.11991668308184304,0.9160346795260439,0.027586206896551727,False
188.50590754948422,0.010991794060264442,0.11989693383556961,0.9160218436150429,0.027586206896551727,False
188.54770487749906,0.01099181792320801,0.11987715290489595,0.9160089832322,0.027586206896551727,False
188.58950220551387,0.010991841824355492,0.11985734030604413,0.9159960983676504,0.027586206896551727,False
188.63129953352868,0.010991865763687138,0.11983749605537457,0.9159831890115844,0.027586206896551727,False
188.67309686154348,0.010991889741183071,0.11981762016938578,0.9159702551542471,0.027586206896551727,False
188.7148941895583,0.0109919137568232,0.11979771266471453,0.915957296785939,0.027586206896551727,False
188.7566915175731,0.010991937810587287,0.11977777355813451,0.9159443138970145,0.027586206896551727,False
188.79848884558794,0.010991961902454968,0.11975780286655588,0.9159313064778822,0.027586206896551727,False
188.84028617360272,0.010991986032405658,0.11973780060702574,0.9159182745190054,0.027586206896551727,False
188.88208350161753,0.010992010200418584,0.11971776679672785,0.9159052180109024,0.027586206896551727,False
188.9238808296324,0.010992034406472787,0.11969770145298114,0.9158921369441452,0.027586206896551727,False
188.96567815764718,0.010992058650547348,0.11967760459324059,0.9158790313093587,0.027586206896551727,False
189.007475485662,0.010992082932621017,0.11965747623509573,0.915865901097222,0.027586206896551727,False
189.04927281367682,0.010992107252672443,0.1196373163962712,0.9158527462984689,0.027586206896551727,False
189.0910701416916,0.01099213161068007,0.11961712509462565,0.915839566903886,0.027586206896551727,False
189.13286746970644,0.010992156006622187,0.11959690234815187,0.9158263629043135,0.027586206896551727,False
189.17466479772122,0.010992180440476939,0.11957664817497614,0.915813134290645,0.027586206896551727,False
189.21646212573606,0.01099220491222226,0.11955636259335786,0.9157998810538277,0.027586206896551727,False
189.2582594537509,0.01099222942183598,0.11953604562168904,0.915786603184861,0.027586206896551727,False
189.30005678176573,0.010992253969295774,0.11951569727849455,0.9157733006747979,0.027586206896551727,False
189.3418541097805,0.01099227855457913,0.11949531758243073,0.9157599735147438,0.027586206896551727,False
189.38365143779532,0.010992303177663365,0.11947490655228575,0.915746621695857,0.027586206896551727,False
189.42544876581013,0.010992327838525688,0.11945446420697912,0.9157332452093484,0.027586206896551727,False
189.46724609382494,0.010992352537143051,0.11943399056556131,0.9157198440464813,0.027586206896551727,False
189.50904342183978,0.010992377273492365,0.11941348564721316,0.9157064181985715,0.027586206896551727,False
189.55084074985456,0.01099240204755033,0.11939294947124537,0.9156929676569862,0.027586206896551727,False
189.59263807786937,0.010992426859293504,0.11937238205709817,0.915679492413145,0.027586206896551727,False
189.63443540588423,0.010992451708698276,0.11935178342434158,0.9156659924585195,0.027586206896551727,False
189.67623273389904,0.010992476595740852,0.11933115359267416,0.9156524677846335,0.027586206896551727,False
189.71803006191385,0.010992501520397355,0.11931049258192282,0.9156389183830609,0.027586206896551727,False
189.75982738992866,0.010992526482643698,0.11928980041204301,0.9156253442454289,0.027586206896551727,False
189.80162471794344,0.010992551482455641,0.11926907710311754,0.9156117453634147,0.027586206896551727,False
189.84342204595828,0.010992576519808808,0.11924832267535652,0.9155981217287477,0.027586206896551727,False
189.8852193739731,0.01099260159467866,0.11922753714909676,0.915584473333207,0.027586206896551727,False
189.9270167019879,0.010992626707040543,0.11920672054480225,0.915570800168624,0.027586206896551727,False
189.9688140300027,0.010992651856869588,0.11918587288306233,0.9155571022268805,0.027586206896551727,False
190.01061135801754,0.010992677044140841,0.11916499418459246,0.9155433794999082,0.027586206896551727,False
190.05240868603235,0.010992702268829122,0.11914408447023268,0.9155296319796902,0.027586206896551727,False
190.09420601404716,0.010992727530909125,0.11912314376094896,0.9155158596582599,0.027586206896551727,False
190.136003342062,0.010992752830355468,0.11910217207783112,0.9155020625277004,0.027586206896551727,False
190.17780067007678,0.010992778167142532,0.11908116944209274,0.9154882405801449,0.027586206896551727,False
190.2195979980916,0.010992803541244598,0.11906013587507154,0.915474393807777,0.027586206896551727,False
190.26139532610642,0.010992828952635725,0.11903907139822818,0.9154605222028297,0.027586206896551727,False
190.3031926541212,0.01099285440128993,0.11901797603314683,0.9154466257575863,0.027586206896551727,False
190.34498998213607,0.010992879887181013,0.11899684980153348,0.9154327044643789,0.027586206896551727,False
190.38678731015088,0.010992905410282656,0.11897569272521615,0.9154187583155895,0.027586206896551727,False
190.4285846381657,0.010992930970568311,0.11895450482614464,0.9154047873036494,0.027586206896551727,False
190.4703819661805,0.010992956568011445,0.1189332861263899,0.915390791421038,0.027586206896551727,False
190.5121792941953,0.010992982202585244,0.1189120366481439,0.9153767706602851,0.027586206896551727,False
190.55397662221012,0.010993007874262816,0.11889075641371832,0.915362725013968,0.027586206896551727,False
190.59577395022492,0.010993033583017025,0.1188694454455456,0.9153486544747143,0.027586206896551727,False
190.63757127823976,0.010993059328820755,0.11884810376617738,0.9153345590351983,0.027586206896551727,False
190.67936860625454,0.01099308511164662,0.11882673139828397,0.9153204386881436,0.027586206896551727,False
190.72116593426938,0.010993110931467149,0.11880532836465527,0.915306293426322,0.027586206896551727,False
190.76296326228422,0.010993136788254672,0.11878389468819876,0.9152921232425534,0.027586206896551727,False
190.804760590299,0.010993162681981443,0.11876243039194012,0.9152779281297057,0.027586206896551727,False
190.84655791831383,0.010993188612619538,0.1187409354990227,0.9152637080806945,0.027586206896551727,False
190.88835524632864,0.010993214580140903,0.11871941003270672,0.9152494630884829,0.027586206896551727,False
190.93015257434342,0.010993240584517302,0.11869785401636834,0.9152351931460818,0.027586206896551727,False
190.97194990235826,0.010993266625720446,0.11867626747350117,0.9152208982465494,0.027586206896551727,False
191.01374723037307,0.010993292703721843,0.11865465042771364,0.9152065783829908,0.027586206896551727,False
191.0555445583879,0.010993318818492913,0.1186330029027299,0.9151922335485583,0.027586206896551727,False
191.09734188640272,0.010993344970004667,0.11861132492238935,0.9151778637364529,0.027586206896551727,False
191.13913921441753,0.010993371158228408,0.11858961651064537,0.9151634689399197,0.027586206896551727,False
191.18093654243233,0.0109933973831351,0.11856787769156596,0.9151490491522514,0.027586206896551727,False
191.22273387044714,0.010993423644695577,0.11854610848933217,0.915134604366787,0.027586206896551727,False
191.26453119846198,0.010993449942880514,0.11852430892823841,0.9151201345769121,0.027586206896551727,False
191.30632852647676,0.010993476277660476,0.11850247903269272,0.9151056397760592,0.027586206896551727,False
191.34812585449157,0.010993502649005888,0.11848061882721464,0.9150911199577053,0.027586206896551727,False
191.3899231825064,0.010993529056886987,0.11845872833643614,0.9150765751153752,0.027586206896551727,False
191.43172051052122,0.010993555501273969,0.11843680758510086,0.9150620052426379,0.027586206896551727,False
191.47351783853605,0.010993581982136834,0.11841485659806295,0.9150474103331084,0.027586206896551727,False
191.51531516655086,0.010993608499445468,0.11839287540028817,0.9150327903804479,0.027586206896551727,False
191.55711249456564,0.010993635053169602,0.11837086401685193,0.9150181453783619,0.027586206896551727,False
191.59890982258048,0.010993661643278882,0.11834882247293932,0.9150034753206012,0.027586206896551727,False
191.6407071505953,0.010993688269742797,0.11832675079384566,0.9149887802009623,0.027586206896551727,False
191.6825044786101,0.010993714932530685,0.11830464900497416,0.9149740600132852,0.027586206896551727,False
191.7243018066249,0.010993741631611766,0.1182825171318377,0.9149593147514564,0.027586206896551727,False
191.76609913463975,0.010993768366955141,0.11826035520005657,0.9149445444094058,0.027586206896551727,False
191.80789646265455,0.010993795138529787,0.11823816323535913,0.9149297489811075,0.027586206896551727,False
191.84969379066936,0.010993821946304523,0.11821594126358079,0.9149149284605806,0.027586206896551727,False
191.8914911186842,0.01099384879024805,0.11819368931066358,0.9149000828418877,0.027586206896551727,False
191.93328844669898,0.010993875670328987,0.11817140740265662,0.9148852121191355,0.027586206896551727,False
191.97508577471382,0.010993902586515688,0.1181490955657149,0.9148703162864753,0.027586206896551727,False
192.01688310272863,0.010993929538776544,0.1181267538260986,0.9148553953381009,0.027586206896551727,False
192.0586804307434,0.010993956527079761,0.11810438221017308,0.9148404492682497,0.027586206896551727,False
192.10047775875825,0.01099398355139335,0.11808198074440823,0.9148254780712031,0.027586206896551727,False
192.14227508677308,0.010994010611685314,0.11805954945537883,0.9148104817412852,0.027586206896551727,False
192.1840724147879,0.010994037707923445,0.11803708836976301,0.9147954602728631,0.027586206896551727,False
192.2258697428027,0.010994064840075429,0.11801459751434254,0.9147804136603473,0.027586206896551727,False
192.2676670708175,0.010994092008108818,0.11799207691600162,0.9147653418981904,0.027586206896551727,False
192.30946439883232,0.010994119211991093,0.11796952660172763,0.9147502449808878,0.027586206896551727,False
192.35126172684713,0.010994146451689566,0.11794694659860991,0.9147351229029772,0.027586206896551727,False
192.39305905486196,0.010994173727171418,0.11792433693383883,0.9147199756590387,0.027586206896551727,False
192.43485638287675,0.010994201038403734,0.11790169763470705,0.914704803243695,0.027586206896551727,False
192.47665371089155,0.010994228385353468,0.1178790287286076,0.91468960565161,0.027586206896551727,False
192.51845103890642,0.010994255767987463,0.11785633024303309,0.9146743828774893,0.027586206896551727,False
192.5602483669212,0.01099428318627244,0.11783360220557719,0.9146591349160808,0.027586206896551727,False
192.60204569493604,0.010994310640174958,0.1178108446439324,0.9146438617621737,0.027586206896551727,False
192.64384302295085,0.01099433812966152,0.1177880575858903,0.914628563410598,0.027586206896551727,False
192.68564035096563,0.010994365654698487,0.11776524105934191,0.9146132398562256,0.027586206896551727,False
192.72743767898046,0.010994393215252083,0.11774239509227497,0.9145978910939689,0.027586206896551727,False
192.76923500699527,0.010994420811288437,0.1177195197127762,0.9145825171187818,0.027586206896551727,False
192.81103233501008,0.0109944484427735,0.1176966149490291,0.9145671179256584,0.027586206896551727,False
192.8528296630249,0.01099447610967309,0.11767368082931413,0.9145516935096341,0.027586206896551727,False
192.89462699103976,0.01099450381195308,0.1176507173820083,0.9145362438657834,0.027586206896551727,False
192.93642431905454,0.010994531549579151,0.11762772463558453,0.9145207689892214,0.027586206896551727,False
192.97822164706935,0.010994559322516818,0.1176047026186119,0.9145052688751044,0.027586206896551727,False
193.02001897508418,0.010994587130731504,0.11758165135975339,0.9144897435186274,0.027586206896551727,False
193.06181630309896,0.010994614974188499,0.1175585708877676,0.9144741929150256,0.027586206896551727,False
193.1036136311138,0.010994642852852999,0.11753546123150693,0.9144586170595743,0.027586206896551727,False
193.1454109591286,0.010994670766690097,0.11751232241991773,0.9144430159475874,0.027586206896551727,False
193.1872082871434,0.010994698715664766,0.11748915448204003,0.9144273895744187,0.027586206896551727,False
193.22900561515826,0.010994726699741837,0.11746595744700677,0.9144117379354615,0.027586206896551727,False
193.27080294317307,0.010994754718886059,0.11744273134404286,0.9143960610261469,0.027586206896551727,False
193.31260027118788,0.010994782773062095,0.11741947620246646,0.9143803588419466,0.027586206896551727,False
193.35439759920268,0.010994810862234401,0.11739619205168601,0.9143646313783695,0.027586206896551727,False
193.3961949272175,0.010994838986367451,0.1173728789212015,0.9143488786309634,0.027586206896551727,False
193.4379922552323,0.01099486714542553,0.1173495368406045,0.9143331005953146,0.027586206896551727,False
193.4797895832471,0.01099489533937283,0.11732616583957566,0.9143172972670477,0.027586206896551727,False
193.52158691126192,0.010994923568173443,0.11730276594788701,0.9143014686418254,0.027586206896551727,False
193.56338423927673,0.010994951831791342,0.11727933719539851,0.9142856147153482,0.027586206896551727,False
193.60518156729157,0.010994980130190351,0.1172558796120601,0.9142697354833544,0.027586206896551727,False
193.6469788953064,0.010995008463334302,0.11723239322791022,0.9142538309416196,0.027586206896551727,False
193.68877622332118,0.010995036831186833,0.11720887807307523,0.9142379010859574,0.027586206896551727,False
193.73057355133602,0.010995065233711503,0.11718533417776937,0.914221945912218,0.027586206896551727,False
193.77237087935083,0.010995093670871746,0.11716176157229408,0.9142059654162894,0.027586206896551727,False
193.8141682073656,0.010995122142630893,0.11713816028703741,0.9141899595940963,0.027586206896551727,False
193.85596553538045,0.010995150648952172,0.11711453035247454,0.9141739284416005,0.027586206896551727,False
193.89776286339523,0.010995179189798745,0.11709087179916568,0.9141578719547997,0.027586206896551727,False
193.9395601914101,0.010995207765133632,0.11706718465775716,0.9141417901297284,0.027586206896551727,False
193.9813575194249,0.010995236374919762,0.11704346895897981,0.9141256829624576,0.027586206896551727,False
194.02315484743974,0.010995265019119954,0.11701972473365015,0.9141095504490948,0.027586206896551727,False
194.06495217545452,0.010995293697696943,0.11699595201266819,0.9140933925857828,0.027586206896551727,False
194.10674950346933,0.010995322410613349,0.1169721508270181,0.9140772093687012,0.027586206896551727,False
194.14854683148414,0.010995351157831672,0.11694832120776662,0.9140610007940642,0.027586206896551727,False
194.19034415949895,0.01099537993931436,0.11692446318606432,0.9140447668581222,0.027586206896551727,False
194.23214148751376,0.010995408755023712,0.11690057679314379,0.9140285075571611,0.027586206896551727,False
194.27393881552857,0.010995437604921993,0.11687666206031995,0.9140122228875017,0.027586206896551727,False
194.3157361435434,0.010995466488971359,0.11685271901898903,0.9139959128454995,0.027586206896551727,False
194.35753347155824,0.010995495407133583,0.1168287477006287,0.9139795774275478,0.027586206896551727,False
194.39933079957305,0.010995524359370833,0.11680474813679723,0.91396321663007,0.027586206896551727,False
194.44112812758786,0.010995553345644922,0.11678072035913312,0.913946830449527,0.027586206896551727,False
194.48292545560267,0.010995582365917567,0.11675666439935467,0.9139304188824131,0.027586206896551727,False
194.52472278361745,0.010995611420150434,0.11673258028926017,0.913913981925258,0.027586206896551727,False
194.5665201116323,0.010995640508305026,0.11670846806072618,0.9138975195746245,0.027586206896551727,False
194.6083174396471,0.010995669630342823,0.11668432774570874,0.9138810318271102,0.027586206896551727,False
194.6501147676619,0.010995698786225165,0.11666015937624118,0.9138645186793461,0.027586206896551727,False
194.69191209567674,0.01099572797591331,0.11663596298443457,0.9138479801279965,0.027586206896551727,False
194.73370942369155,0.01099575719936843,0.11661173860247753,0.9138314161697595,0.027586206896551727,False
194.77550675170636,0.010995786456551604,0.11658748626263601,0.913814826801367,0.027586206896551727,False
194.81730407972117,0.0109958157474238,0.11656320599725184,0.913798212019584,0.027586206896551727,False
194.859101407736,0.010995845071945929,0.11653889783874219,0.9137815718212076,0.027586206896551727,False
194.9008987357508,0.010995874430078802,0.11651456181960125,0.9137649062030685,0.027586206896551727,False
194.9426960637656,0.010995903821783124,0.11649019797239701,0.9137482151620304,0.027586206896551727,False
194.98449339178043,0.01099593324701949,0.11646580632977303,0.913731498694989,0.027586206896551727,False
195.02629071979524,0.010995962705748461,0.11644138692444655,0.9137147567988728,0.027586206896551727,False
195.06808804781008,0.010995992197930418,0.11641693978920871,0.9136979894706423,0.027586206896551727,False
195.1098853758249,0.010996021723525791,0.11639246495692479,0.9136811967072902,0.027586206896551727,False
195.15168270383967,0.010996051282494833,0.11636796246053221,0.913664378505841,0.027586206896551727,False
195.1934800318545,0.010996080874797688,0.11634343233304056,0.913647534863351,0.027586206896551727,False
195.23527735986931,0.010996110500394491,0.11631887460753305,0.9136306657769087,0.027586206896551727,False
195.27707468788412,0.010996140159245195,0.11629428931716308,0.9136137712436331,0.027586206896551727,False
195.31887201589893,0.010996169851309762,0.11626967649515574,0.9135968512606748,0.027586206896551727,False
195.36066934391374,0.010996199576548018,0.11624503617480732,0.913579905825216,0.027586206896551727,False
195.40246667192858,0.010996229334919692,0.11622036838948448,0.9135629349344699,0.027586206896551727,False
195.4442639999434,0.010996259126384451,0.11619567317262323,0.9135459385856799,0.027586206896551727,False
195.48606132795823,0.010996288950901873,0.11617095055773016,0.913528916776121,0.027586206896551727,False
195.527858655973,0.010996318808431478,0.11614620057837945,0.9135118695030974,0.027586206896551727,False
195.56965598398784,0.010996348698932661,0.1161214232682155,0.913494796763945,0.027586206896551727,False
195.61145331200265,0.010996378622364756,0.11609661866095006,0.913477698556029,0.027586206896551727,False
195.65325064001743,0.010996408578687032,0.11607178679036335,0.9134605748767453,0.027586206896551727,False
195.69504796803227,0.01099643856785863,0.11604692769030199,0.9134434257235192,0.027586206896551727,False
195.73684529604708,0.010996468589838528,0.11602204139468088,0.9134262510938072,0.027586206896551727,False
195.77864262406192,0.010996498644585887,0.11599712793748032,0.9134090509850926,0.027586206896551727,False
195.82043995207673,0.010996528732059627,0.11597218735274738,0.9133918253948898,0.027586206896551727,False
195.86223728009153,0.010996558852218567,0.1159472196745948,0.9133745743207426,0.027586206896551727,False
195.90403460810634,0.010996589005021503,0.11592222493720092,0.913357297760224,0.027586206896551727,False
195.94583193612115,0.010996619190427102,0.11589720317480802,0.9133399957109353,0.027586206896551727,False
195.987629264136,0.01099664940839397,0.11587215442172336,0.9133226681705066,0.027586206896551727,False
196.02942659215077,0.010996679658880652,0.11584707871231899,0.9133053151365982,0.027586206896551727,False
196.07122392016558,0.010996709941845588,0.11582197608102915,0.9132879366068966,0.027586206896551727,False
196.11302124818044,0.010996740257247197,0.11579684656235252,0.9132705325791185,0.027586206896551727,False
196.15481857619523,0.010996770605043735,0.1157716901908495,0.9132531030510076,0.027586206896551727,False
196.19661590421006,0.010996800985193468,0.11574650700114349,0.9132356480203362,0.027586206896551727,False
196.23841323222487,0.010996831397654545,0.11572129702792015,0.9132181674849048,0.027586206896551727,False
196.28021056023965,0.010996861842385056,0.11569606030592554,0.9132006614425405,0.027586206896551727,False
196.3220078882545,0.010996892319343001,0.11567079686996809,0.9131831298910995,0.027586206896551727,False
196.3638052162693,0.010996922828486327,0.11564550675491603,0.913165572828464,0.027586206896551727,False
196.4056025442841,0.010996953369772865,0.1156201899956978,0.9131479902525442,0.027586206896551727,False
196.44739987229892,0.010996983943160458,0.11559484662730246,0.9131303821612773,0.027586206896551727,False
196.48919720031375,0.010997014548606809,0.1155694766847775,0.9131127485526268,0.027586206896551727,False
196.53099452832856,0.010997045186069549,0.11554408020323043,0.9130950894245845,0.027586206896551727,False
196.57279185634337,0.010997075855506286,0.11551865721782686,0.9130774047751676,0.027586206896551727,False
196.6145891843582,0.010997106556874466,0.11549320776379067,0.9130596946024204,0.027586206896551727,False
196.656386512373,0.010997137290131577,0.11546773187640336,0.913041958904413,0.027586206896551727,False
196.6981838403878,0.01099716805523497,0.11544222959100381,0.9130241976792421,0.027586206896551727,False
196.73998116840264,0.010997198852141945,0.11541670094298798,0.9130064109250301,0.027586206896551727,False
196.78177849641742,0.010997229680809755,0.11539114596780847,0.9129885986399257,0.027586206896551727,False
196.82357582443228,0.01099726054119554,0.11536556470097398,0.9129707608221033,0.027586206896551727,False
196.8653731524471,0.010997291433256397,0.11533995717804871,0.9129528974697624,0.027586206896551727,False
196.9071704804619,0.010997322356949371,0.11531432343465235,0.9129350085811282,0.027586206896551727,False
196.9489678084767,0.01099735331223145,0.11528866350645928,0.9129170941544511,0.027586206896551727,False
196.99076513649152,0.01099738429905951,0.11526297742919897,0.912899154188007,0.027586206896551727,False
197.03256246450633,0.010997415317390284,0.11523726523865394,0.9128811886800966,0.027586206896551727,False
197.07435979252114,0.010997446367180601,0.11521152697066128,0.9128631976290453,0.027586206896551727,False
197.11615712053597,0.010997477448387246,0.11518576266111114,0.9128451810332027,0.027586206896551727,False
197.15795444855075,0.010997508560966795,0.11515997234594615,0.9128271388909432,0.027586206896551727,False
197.1997517765656,0.010997539704875865,0.11513415606116206,0.9128090712006661,0.027586206896551727,False
197.24154910458043,0.010997570880070941,0.11510831384280634,0.9127909779607942,0.027586206896551727,False
197.2833464325952,0.010997602086508473,0.11508244572697753,0.9127728591697748,0.027586206896551727,False
197.32514376061005,0.010997633324144846,0.11505655174982647,0.9127547148260791,0.027586206896551727,False
197.36694108862486,0.01099766459293639,0.11503063194755404,0.9127365449282014,0.027586206896551727,False
197.40873841663964,0.010997695892839388,0.11500468635641195,0.9127183494746606,0.027586206896551727,False
197.45053574465447,0.010997727223810018,0.11497871501270192,0.9127001284639984,0.027586206896551727,False
197.49233307266928,0.01099775858580446,0.11495271795277533,0.9126818818947798,0.027586206896551727,False
197.5341304006841,0.010997789978778772,0.1149266952130327,0.9126636097655937,0.027586206896551727,False
197.57592772869893,0.010997821402689003,0.11490064682992315,0.9126453120750504,0.027586206896551727,False
197.61772505671374,0.010997852857491141,0.11487457283994501,0.912626988821785,0.027586206896551727,False
197.65952238472855,0.010997884343141022,0.11484847327964358,0.9126086400044539,0.027586206896551727,False
197.70131971274336,0.010997915859594585,0.11482234818561304,0.9125902656217364,0.027586206896551727,False
197.7431170407582,0.0109979474068076,0.1147961975944936,0.9125718656723344,0.027586206896551727,False
197.78491436877297,0.010997978984735786,0.11477002154297299,0.912553440154972,0.027586206896551727,False
197.82671169678778,0.010998010593334858,0.11474382006778565,0.9125349890683955,0.027586206896551727,False
197.86850902480262,0.010998042232560408,0.11471759320571133,0.9125165124113729,0.027586206896551727,False
197.91030635281743,0.010998073902368082,0.11469134099357603,0.9124980101826937,0.027586206896551727,False
197.95210368083227,0.010998105602713333,0.11466506346825076,0.9124794823811699,0.027586206896551727,False
197.99390100884708,0.01099813733355166,0.11463876066665137,0.9124609290056342,0.027586206896551727,False
198.03569833686186,0.010998169094838443,0.1146124326257385,0.9124423500549415,0.027586206896551727,False
198.0774956648767,0.010998200886529084,0.1145860793825169,0.9124237455279671,0.027586206896551727,False
198.1192929928915,0.010998232708578854,0.11455970097403498,0.9124051154236078,0.027586206896551727,False
198.1610903209063,0.010998264560943046,0.11453329743738355,0.9123864597407809,0.027586206896551727,False
198.20288764892112,0.010998296443576847,0.11450686880969767,0.9123677784784249,0.027586206896551727,False
198.2446849769359,0.01099832835643537,0.11448041512815442,0.912349071635499,0.027586206896551727,False
198.28648230495077,0.010998360299473658,0.11445393642997365,0.9123303392109838,0.027586206896551727,False
198.32827963296558,0.01099839227264689,0.11442743275241542,0.9123115812038771,0.027586206896551727,False
198.3700769609804,0.010998424275910018,0.11440090413278267,0.9122927976131999,0.027586206896551727,False
198.4118742889952,0.010998456309218018,0.1143743506084188,0.9122739884379918,0.027586206896551727,False
198.45367161701003,0.010998488372525756,0.11434777221670783,0.9122551536773131,0.027586206896551727,False
198.4954689450248,0.010998520465788125,0.11432116899507405,0.9122362933302433,0.027586206896551727,False
198.53726627303962,0.010998552588959891,0.11429454098098155,0.9122174073958812,0.027586206896551727,False
198.57906360105446,0.010998584741995823,0.11426788821193427,0.9121984958733466,0.027586206896551727,False
198.62086092906924,0.010998616924850617,0.11424121072547437,0.9121795587617764,0.027586206896551727,False
198.6626582570841,0.010998649137478963,0.11421450855918366,0.9121605960603282,0.027586206896551727,False
198.7044555850989,0.010998681379835439,0.11418778175068206,0.9121416077681787,0.027586206896551727,False
198.74625291311372,0.010998713651874669,0.11416103033762713,0.9121225938845223,0.027586206896551727,False
198.78805024112853,0.010998745953551152,0.11413425435771404,0.9121035544085728,0.027586206896551727,False
198.82984756914334,0.010998778284819362,0.1141074538486754,0.9120844893395631,0.027586206896551727,False
198.87164489715815,0.010998810645633723,0.11408062884828035,0.9120653986767435,0.027586206896551727,False
198.91344222517296,0.010998843035948646,0.11405377939433492,0.9120462824193833,0.027586206896551727,False
198.95523955318777,0.010998875455718473,0.11402690552468099,0.9120271405667701,0.027586206896551727,False
198.99703688120263,0.010998907904897519,0.11400000727719585,0.9120079731182086,0.027586206896551727,False
199.0388342092174,0.010998940383440022,0.11397308468979286,0.9119887800730228,0.027586206896551727,False
199.08063153723225,0.010998972891300245,0.11394613780041948,0.9119695614305525,0.027586206896551727,False
199.12242886524703,0.010999005428432329,0.11391916664705798,0.9119503171901568,0.027586206896551727,False
199.16422619326184,0.010999037994790444,0.11389217126772536,0.9119310473512114,0.027586206896551727,False
199.20602352127668,0.010999070590328647,0.11386515170047179,0.9119117519131097,0.027586206896551727,False
199.24782084929146,0.010999103215001058,0.11383810798338181,0.9118924308752618,0.027586206896551727,False
199.2896181773063,0.010999135868761634,0.11381104015457201,0.9118730842370952,0.027586206896551727,False
199.3314155053211,0.010999168551564397,0.1137839482521925,0.9118537119980542,0.027586206896551727,False
199.37321283333597,0.010999201263363248,0.11375683231442515,0.9118343141575996,0.027586206896551727,False
199.41501016135075,0.010999234004112134,0.11372969237948446,0.9118148907152088,0.027586206896551727,False
199.45680748936556,0.010999266773764812,0.11370252848561586,0.9117954416703765,0.027586206896551727,False
199.49860481738037,0.010999299572275141,0.11367534067109694,0.9117759670226129,0.027586206896551727,False
199.54040214539518,0.010999332399596965,0.11364812897423585,0.911756466771444,0.027586206896551727,False
199.58219947341001,0.010999365255684037,0.11362089343337112,0.9117369409164124,0.027586206896551727,False
199.6239968014248,0.010999398140490056,0.11359363408687145,0.9117173894570766,0.027586206896551727,False
199.6657941294396,0.010999431053968693,0.11356635097313582,0.9116978123930108,0.027586206896551727,False
199.70759145745447,0.010999463996073574,0.11353904413059215,0.9116782097238051,0.027586206896551727,False
199.74938878546925,0.010999496966758315,0.11351171359769797,0.9116585814490644,0.027586206896551727,False
199.7911861134841,0.01099952996597649,0.11348435941293904,0.9116389275684093,0.027586206896551727,False
199.8329834414989,0.010999562993681645,0.11345698161483032,0.9116192480814758,0.027586206896551727,False
199.87478076951368,0.010999596049827257,0.11342958024191363,0.9115995429879145,0.027586206896551727,False
199.91657809752851,0.010999629134366825,0.11340215533276,0.9115798122873915,0.027586206896551727,False
199.95837542554332,0.01099966224725377,0.11337470692596649,0.9115600559795871,0.027586206896551727,False
200.00017275355813,0.010999695388441503,0.11334723506015772,0.9115402740641965,0.027586206896551727,False
200.04197008157294,0.010999728557883405,0.11331973977398531,0.9115204665409297,0.027586206896551727,False
200.08376740958778,0.010999761755532746,0.11329222110612643,0.911500633409511,0.027586206896551727,False
200.1255647376026,0.010999794981342924,0.11326467909528487,0.9114807746696784,0.027586206896551727,False
200.1673620656174,0.010999828235267186,0.11323711378018925,0.9114608903211842,0.027586206896551727,False
200.20915939363223,0.010999861517258777,0.11320952519959411,0.9114409803637948,0.027586206896551727,False
200.25095672164701,0.010999894827270906,0.1131819133922784,0.9114210447972907,0.027586206896551727,False
200.29275404966182,0.010999928165256783,0.11315427839704618,0.9114010836214654,0.027586206896551727,False
200.33455137767666,0.010999961531169564,0.11312662025272573,0.9113810968361271,0.027586206896551727,False
200.37634870569144,0.01099999492496239,0.11309893899816803,0.9113610844410958,0.027586206896551727,False
200.41814603370628,0.01100002834658833,0.11307123467224901,0.9113410464362064,0.027586206896551727,False
200.45994336172112,0.011000061796000484,0.11304350731386727,0.911320982821306,0.027586206896551727,False
200.5017406897359,0.011000095273151888,0.11301575696194377,0.9113008935962548,0.027586206896551727,False
200.54353801775073,0.011000128777995577,0.11298798365542242,0.9112807787609261,0.027586206896551727,False
200.58533534576554,0.011000162310484536,0.11296018743326915,0.9112606383152059,0.027586206896551727,False
200.62713267378035,0.011000195870571702,0.11293236833447204,0.9112404722589931,0.027586206896551727,False
200.66893000179516,0.011000229458209951,0.11290452639804047,0.9112202805921994,0.027586206896551727,False
200.71072732981,0.011000263073352307,0.1128766616630046,0.9112000633147473,0.027586206896551727,False
200.75252465782478,0.011000296715951676,0.11284877416841586,0.9111798204265725,0.027586206896551727,False
200.79432198583962,0.011000330385960894,0.1128208639533459,0.911159551927623,0.027586206896551727,False
200.83611931385445,0.011000364083332782,0.11279293105688622,0.9111392578178582,0.027586206896551727,False
200.87791664186923,0.01100039780802017,0.11276497551814875,0.9111189380972501,0.027586206896551727,False
200.91971396988407,0.011000431559975857,0.11273699737626441,0.9110985927657815,0.027586206896551727,False
200.96151129789888,0.011000465339152585,0.1127089966703839,0.9110782218234481,0.027586206896551727,False
201.00330862591366,0.01100049914550315,0.11268097343967597,0.9110578252702551,0.027586206896551727,False
201.0451059539285,0.01100053297898023,0.1126529277233283,0.9110374031062208,0.027586206896551727,False
201.0869032819433,0.011000566839536575,0.11262485956054621,0.9110169553313735,0.027586206896551727,False
201.12870060995812,0.011000600727124811,0.11259676899055346,0.9109964819457531,0.027586206896551727,False
201.17049793797295,0.01100063464169763,0.11256865605259077,0.9109759829494101,0.027586206896551727,False
201.21229526598776,0.011000668583207644,0.11254052078591675,0.9109554583424065,0.027586206896551727,False
201.25409259400257,0.011000702551607473,0.11251236322980597,0.910934908124814,0.027586206896551727,False
201.29588992201738,0.01100073654684976,0.11248418342355004,0.9109143322967151,0.027586206896551727,False
201.33768725003222,0.011000770568887071,0.11245598140645675,0.9108937308582029,0.027586206896551727,False
201.379484578047,0.011000804617671969,0.11242775721784999,0.9108731038093809,0.027586206896551727,False
201.4212819060618,0.011000838693156989,0.11239951089706841,0.9108524511503623,0.027586206896551727,False
201.46307923407664,0.011000872795294653,0.11237124248346698,0.9108317728812708,0.027586206896551727,False
201.50487656209143,0.011000906924037464,0.11234295201641449,0.9108110690022396,0.027586206896551727,False
201.5466738901063,0.011000941079337922,0.11231463953529498,0.9107903395134116,0.027586206896551727,False
201.5884712181211,0.01100097526114849,0.11228630507950688,0.9107695844149399,0.027586206896551727,False
201.63026854613588,0.01100100946942164,0.11225794868846196,0.9107488037069863,0.027586206896551727,False
201.67206587415072,0.01100104370410978,0.11222957040158614,0.9107279973897227,0.027586206896551727,False
201.71386320216553,0.011001077965165354,0.11220117025831831,0.9107071654633294,0.027586206896551727,False
201.75566053018034,0.011001112252540773,0.1121727482981108,0.9106863079279967,0.027586206896551727,False
201.79745785819514,0.01100114656618836,0.11214430456042875,0.9106654247839242,0.027586206896551727,False
201.83925518620995,0.011001180906060505,0.11211583908474884,0.9106445160313194,0.027586206896551727,False
201.8810525142248,0.011001215272109637,0.11208735191056073,0.9106235816703983,0.027586206896551727,False
201.9228498422396,0.011001249664288098,0.1120588430773654,0.9106026217013862,0.027586206896551727,False
201.96464717025444,0.011001284082548208,0.112030312624676,0.9105816361245174,0.027586206896551727,False
202.00644449826922,0.011001318526842281,0.11200176059201582,0.9105606249400334,0.027586206896551727,False
202.04824182628406,0.011001352997122613,0.11197318701891955,0.9105395881481851,0.027586206896551727,False
202.09003915429886,0.01100138749334152,0.11194459194493259,0.9105185257492309,0.027586206896551727,False
202.13183648231364,0.011001422015451253,0.11191597540961017,0.910497437743437,0.027586206896551727,False
202.17363381032848,0.011001456563404115,0.1118873374525178,0.9104763241310779,0.027586206896551727,False
202.2154311383433,0.011001491137152325,0.11185867811323012,0.9104551849124359,0.027586206896551727,False
202.25722846635813,0.011001525736648164,0.11182999743133223,0.9104340200878007,0.027586206896551727,False
202.29902579437294,0.011001560361843831,0.11180129544641644,0.9104128296574695,0.027586206896551727,False
202.34082312238775,0.011001595012691583,0.11177257219808606,0.9103916136217471,0.027586206896551727,False
202.38262045040256,0.011001629689143583,0.11174382772595076,0.9103703719809456,0.027586206896551727,False
202.42441777841736,0.011001664391152076,0.1117150620696296,0.9103491047353839,0.027586206896551727,False
202.4662151064322,0.011001699118669283,0.11168627526874905,0.9103278118853879,0.027586206896551727,False
202.50801243444698,0.011001733871647356,0.1116574673629438,0.9103064934312914,0.027586206896551727,False
202.5498097624618,0.011001768650038506,0.1116286383918544,0.9102851493734332,0.027586206896551727,False
202.59160709047666,0.011001803453794852,0.11159978839512964,0.9102637797121607,0.027586206896551727,False
202.63340441849144,0.011001838282868616,0.11157091741242453,0.9102423844478265,0.027586206896551727,False
202.67520174650627,0.011001873137211899,0.11154202548340081,0.9102209635807905,0.027586206896551727,False
202.71699907452108,0.011001908016776873,0.11151311264772568,0.9101995171114184,0.027586206896551727,False
202.75879640253586,0.011001942921515658,0.11148417894507244,0.9101780450400824,0.027586206896551727,False
202.8005937305507,0.01100197785138041,0.11145522441511968,0.91015654736716,0.027586206896551727,False
202.8423910585655,0.011002012806323236,0.11142624909755192,0.9101350240930358,0.027586206896551727,False
202.88418838658032,0.011002047786296272,0.11139725303205784,0.9101134752180995,0.027586206896551727,False
202.92598571459513,0.01100208279125163,0.11136823625833137,0.9100919007427469,0.027586206896551727,False
202.96778304261,0.011002117821141294,0.11133919881607028,0.91007030066738,0.027586206896551727,False
203.00958037062478,0.011002152875917543,0.1113101407449769,0.9100486749924043,0.027586206896551727,False
203.05137769863958,0.011002187955532422,0.11128106208475691,0.9100270237182323,0.027586206896551727,False
203.09317502665442,0.011002223059938043,0.11125196287512001,0.9100053468452812,0.027586206896551727,False
203.1349723546692,0.01100225818908648,0.11122284315577859,0.9099836443739737,0.027586206896551727,False
203.176769682684,0.011002293342929832,0.11119370296644893,0.9099619163047374,0.027586206896551727,False
203.21856701069882,0.011002328521420189,0.11116454234684885,0.9099401626380047,0.027586206896551727,False
203.26036433871363,0.011002363724509598,0.11113536133669932,0.909918383374213,0.027586206896551727,False
203.30216166672847,0.011002398952150173,0.1111061599757229,0.9098965785138038,0.027586206896551727,False
203.3439589947433,0.011002434204293967,0.11107693830364448,0.9098747480572239,0.027586206896551727,False
203.3857563227581,0.01100246948089308,0.11104769636019077,0.9098528920049244,0.027586206896551727,False
203.42755365077292,0.011002504781899548,0.1110184341850888,0.9098310103573604,0.027586206896551727,False
203.46935097878773,0.011002540107265465,0.11098915181806737,0.9098091031149911,0.027586206896551727,False
203.51114830680254,0.011002575456942906,0.11095984929885629,0.9097871702782808,0.027586206896551727,False
203.55294563481735,0.01100261083088391,0.11093052666718523,0.9097652118476969,0.027586206896551727,False
203.59474296283216,0.011002646229040581,0.11090118396278437,0.9097432278237109,0.027586206896551727,False
203.63654029084697,0.01100268165136499,0.11087182122538412,0.9097212182067981,0.027586206896551727,False
203.6783376188618,0.011002717097809209,0.11084243849471398,0.9096991829974374,0.027586206896551727,False
203.72013494687664,0.01100275256832529,0.11081303581050307,0.9096771221961112,0.027586206896551727,False
203.76193227489142,0.011002788062865327,0.11078361321248008,0.9096550358033058,0.027586206896551727,False
203.80372960290626,0.011002823581381377,0.1107541707403718,0.9096329238195098,0.027586206896551727,False
203.84552693092104,0.011002859123825535,0.11072470843390468,0.9096107862452164,0.027586206896551727,False
203.88732425893585,0.011002894690149858,0.11069522633280277,0.909588623080921,0.027586206896551727,False
203.92912158695069,0.011002930280306437,0.11066572447678838,0.9095664343271221,0.027586206896551727,False
203.97091891496547,0.011002965894247358,0.11063620290558197,0.9095442199843213,0.027586206896551727,False
204.0127162429803,0.011003001531924702,0.1106066616589012,0.909521980053023,0.027586206896551727,False
204.05451357099514,0.011003037193290585,0.11057710077646142,0.9094997145337338,0.027586206896551727,False
204.09631089900992,0.011003072878296945,0.1105475202979748,0.9094774234269646,0.027586206896551727,False
204.13810822702476,0.011003108586896026,0.11051792026315035,0.9094551067332258,0.027586206896551727,False
204.17990555503957,0.011003144319039928,0.11048830071169354,0.9094327644530322,0.027586206896551727,False
204.22170288305438,0.011003180074680756,0.11045866168330605,0.9094103965868998,0.027586206896551727,False
204.26350021106919,0.01100321585377059,0.11042900321768616,0.9093880031353478,0.027586206896551727,False
204.305297539084,0.01100325165626156,0.11039932535452758,0.9093655840988969,0.027586206896551727,False
204.3470948670988,0.01100328748210578,0.11036962813351982,0.9093431394780697,0.027586206896551727,False
204.3888921951136,0.011003323331255364,0.110339911594347,0.9093206692733905,0.027586206896551727,False
204.43068952312848,0.01100335920366247,0.11031017577668917,0.9092981734853856,0.027586206896551727,False
204.47248685114326,0.011003395099279192,0.1102804207202205,0.9092756521145825,0.027586206896551727,False
204.5142841791581,0.011003431018057718,0.11025064646461061,0.9092531051615108,0.027586206896551727,False
204.5560815071729,0.011003466959950157,0.11022085304952196,0.9092305326267008,0.027586206896551727,False
204.5978788351877,0.011003502924908705,0.11019104051461201,0.9092079345106842,0.027586206896551727,False
204.63967616320252,0.011003538912885512,0.1101612088995325,0.9091853108139942,0.027586206896551727,False
204.68147349121733,0.011003574923832717,0.11013135824392785,0.9091626615371654,0.027586206896551727,False
204.7232708192321,0.011003610957702546,0.11010148858743603,0.9091399866807323,0.027586206896551727,False
204.76506814724698,0.011003647014447192,0.11007159996968807,0.9091172862452304,0.027586206896551727,False
204.8068654752618,0.01100368309401885,0.11004169243030835,0.9090945602311972,0.027586206896551727,False
204.8486628032766,0.011003719196369714,0.11001176600891355,0.9090718086391697,0.027586206896551727,False
204.8904601312914,0.011003755321452008,0.10998182074511217,0.9090490314696859,0.027586206896551727,False
204.93225745930624,0.011003791469217955,0.10995185667850568,0.909026228723284,0.027586206896551727,False
204.97405478732102,0.011003827639619785,0.10992187384868743,0.9090034004005031,0.027586206896551727,False
205.01585211533583,0.011003863832609746,0.10989187229524171,0.9089805465018818,0.027586206896551727,False
205.05764944335067,0.011003900048140097,0.10986185205774461,0.9089576670279592,0.027586206896551727,False
205.09944677136545,0.011003936286163116,0.10983181317576339,0.9089347619792744,0.027586206896551727,False
205.14124409938032,0.011003972546631066,0.10980175568885651,0.9089118313563664,0.027586206896551727,False
205.18304142739512,0.011004008829496257,0.10977167963657285,0.908888875159774,0.027586206896551727,False
205.2248387554099,0.011004045134710929,0.10974158505845204,0.9088658933900366,0.027586206896551727,False
205.26663608342474,0.011004081462227384,0.10971147199402395,0.9088428860476924,0.027586206896551727,False
205.30843341143955,0.011004117811998039,0.10968134048280788,0.9088198531332781,0.027586206896551727,False
205.35023073945436,0.01100415418397521,0.10965119056431412,0.9087967946473318,0.027586206896551727,False
205.39202806746917,0.011004190578111228,0.10962102227804119,0.9087737105903896,0.027586206896551727,False
205.43382539548398,0.011004226994358456,0.10959083566347837,0.9087506009629878,0.027586206896551727,False
205.47562272349882,0.011004263432669264,0.10956063076010249,0.9087274657656607,0.027586206896551727,False
205.51742005151362,0.011004299892996056,0.10953040760738036,0.9087043049989424,0.027586206896551727,False
205.55921737952846,0.011004336375291225,0.1095001662447678,0.9086811186633664,0.027586206896551727,False
205.60101470754324,0.01100437287950718,0.10946990671170835,0.9086579067594642,0.027586206896551727,False
205.64281203555805,0.011004409405596367,0.10943962904763388,0.9086346692877664,0.027586206896551727,False
205.6846093635729,0.011004445953511206,0.10940933329196428,0.908611406248802,0.027586206896551727,False
205.72640669158767,0.011004482523204165,0.10937901948410746,0.9085881176430987,0.027586206896551727,False
205.7682040196025,0.011004519114627714,0.10934868766345897,0.908564803471183,0.027586206896551727,False
205.81000134761732,0.011004555727734351,0.10931833786940183,0.9085414637335794,0.027586206896551727,False
205.85179867563215,0.011004592362476558,0.10928797014130597,0.9085180984308109,0.027586206896551727,False
205.89359600364696,0.011004629018806876,0.10925758451852777,0.9084947075633981,0.027586206896551727,False
205.93539333166177,0.011004665696677851,0.10922718104041099,0.9084712911318599,0.027586206896551727,False
205.97719065967658,0.011004702396042043,0.10919675974628629,0.9084478491367137,0.027586206896551727,False
206.0189879876914,0.011004739116852008,0.10916632067546997,0.9084243815784744,0.027586206896551727,False
206.06078531570623,0.011004775859060317,0.10913586386726444,0.9084008884576549,0.027586206896551727,False
206.102582643721,0.0110048126226196,0.1091053893609576,0.9083773697747649,0.027586206896551727,False
206.14437997173582,0.011004849407482462,0.10907489719582439,0.9083538255303131,0.027586206896551727,False
206.18617729975065,0.01100488621360153,0.109044387411124,0.9083302557248047,0.027586206896551727,False
206.22797462776546,0.01100492304092948,0.10901386004610128,0.9083066603587429,0.027586206896551727,False
206.2697719557803,0.011004959889418986,0.10898331513998612,0.9082830394326276,0.027586206896551727,False
206.3115692837951,0.011004996759022731,0.1089527527319931,0.9082593929469563,0.027586206896551727,False
206.3533666118099,0.011005033649693453,0.10892217286132161,0.9082357209022236,0.027586206896551727,False
206.39516393982473,0.011005070561383778,0.10889157556715579,0.908212023298922,0.027586206896551727,False
206.43696126783954,0.011005107494046497,0.10886096088866298,0.9081883001375394,0.027586206896551727,False
206.47875859585434,0.011005144447634466,0.10883032886499562,0.9081645514185608,0.027586206896551727,False
206.52055592386915,0.011005181422100416,0.10879967953528945,0.9081407771424688,0.027586206896551727,False
206.562353251884,0.011005218417397185,0.10876901293866453,0.9081169773097424,0.027586206896551727,False
206.6041505798988,0.011005255433477575,0.10873832911422332,0.9080931519208568,0.027586206896551727,False
206.6459479079136,0.01100529247029443,0.10870762810105206,0.9080693009762844,0.027586206896551727,False
206.68774523592845,0.011005329527800622,0.1086769099382205,0.9080454244764936,0.027586206896551727,False
206.72954256394323,0.011005366605949049,0.10864617466478024,0.9080215224219488,0.027586206896551727,False
206.77133989195804,0.011005403704692617,0.10861542231976591,0.9079975948131107,0.027586206896551727,False
206.81313721997287,0.01100544082398422,0.10858465294219508,0.9079736416504373,0.027586206896551727,False
206.85493454798765,0.011005477963776832,0.10855386657106705,0.9079496629343812,0.027586206896551727,False
206.8967318760025,0.011005515124023429,0.10852306324536341,0.9079256586653915,0.027586206896551727,False
206.93852920401733,0.011005552304677006,0.1084922430040471,0.9079016288439128,0.027586206896551727,False
206.9803265320321,0.011005589505690585,0.10846140588606393,0.9078775734703864,0.027586206896551727,False
207.02212386004695,0.011005626727017185,0.10843055193033982,0.9078534925452484,0.027586206896551727,False
207.06392118806176,0.01100566396860991,0.1083996811757836,0.9078293860689312,0.027586206896551727,False
207.10571851607656,0.01100570123042182,0.10836879366128332,0.9078052540418617,0.027586206896551727,False
207.14751584409137,0.011005738512406032,0.10833788942570925,0.9077810964644633,0.027586206896551727,False
207.1893131721062,0.011005775814515653,0.10830696850791229,0.9077569133371544,0.027586206896551727,False
207.231110500121,0.011005813136703851,0.10827603094672364,0.9077327046603486,0.027586206896551727,False
207.2729078281358,0.01100585047892381,0.10824507678095507,0.9077084704344546,0.027586206896551727,False
207.31470515615067,0.011005887841128735,0.10821410604939873,0.9076842106598766,0.027586206896551727,False
207.35650248416545,0.011005925223271856,0.1081831187908258,0.9076599253370127,0.027586206896551727,False
207.39829981218028,0.011005962625306422,0.1081521150439888,0.9076356144662574,0.027586206896551727,False
207.4400971401951,0.011006000047185677,0.10812109484761859,0.9076112780479992,0.027586206896551727,False
207.48189446820987,0.011006037488862972,0.10809005824042643,0.9075869160826214,0.027586206896551727,False
207.5236917962247,0.011006074950291617,0.10805900526110204,0.9075625285705018,0.027586206896551727,False
207.5654891242395,0.011006112431424834,0.10802793594831533,0.9075381155120142,0.027586206896551727,False
207.60728645225433,0.011006149932216143,0.10799685034071435,0.9075136769075249,0.027586206896551727,False
207.64908378026917,0.011006187452618924,0.10796574847692593,0.9074892127573952,0.027586206896551727,False
207.69088110828397,0.011006224992586619,0.10793463039555584,0.9074647230619811,0.027586206896551727,False
207.73267843629878,0.011006262552072668,0.10790349613518789,0.9074402078216325,0.027586206896551727,False
207.7744757643136,0.01100630013103053,0.1078723457343844,0.9074156670366939,0.027586206896551727,False
207.81627309232843,0.01100633772941374,0.1078411792316865,0.907391100707504,0.027586206896551727,False
207.8580704203432,0.011006375347175806,0.10780999666561188,0.9073665088343951,0.027586206896551727,False
207.89986774835802,0.011006412984270308,0.10777879807465679,0.9073418914176931,0.027586206896551727,False
207.94166507637283,0.011006450640650797,0.10774758349729432,0.9073172484577183,0.027586206896551727,False
207.98346240438764,0.011006488316270921,0.1077163529719761,0.907292579954785,0.027586206896551727,False
208.0252597324025,0.011006526011084287,0.10768510653713037,0.9072678859092005,0.027586206896551727,False
208.0670570604173,0.011006563725044593,0.10765384423116219,0.907243166321266,0.027586206896551727,False
208.1088543884321,0.011006601458105517,0.10762256609245378,0.9072184211912762,0.027586206896551727,False
208.15065171644693,0.011006639210220775,0.10759127215936415,0.9071936505195193,0.027586206896551727,False
208.1924490444617,0.011006676981344122,0.10755996247022935,0.9071688543062771,0.027586206896551727,False
208.23424637247655,0.011006714771429359,0.10752863706336076,0.9071440325518241,0.027586206896551727,False
208.27604370049136,0.011006752580430303,0.10749729597704663,0.9071191852564279,0.027586206896551727,False
208.31784102850614,0.011006790408300772,0.10746593924955161,0.90709431242035,0.027586206896551727,False
208.359638356521,0.011006828254994641,0.10743456691911592,0.9070694140438447,0.027586206896551727,False
208.4014356845358,0.011006866120465805,0.10740317902395492,0.9070444901271585,0.027586206896551727,False
208.44323301255065,0.011006904004668194,0.10737177560226042,0.9070195406705316,0.027586206896551727,False
208.48503034056543,0.011006941907555762,0.10734035669219995,0.9069945656741971,0.027586206896551727,False
208.52682766858027,0.01100697982908251,0.10730892233191584,0.9069695651383805,0.027586206896551727,False
208.56862499659505,0.01100701776920243,0.10727747255952565,0.9069445390633,0.027586206896551727,False
208.61042232460986,0.011007055727869574,0.10724600741312126,0.906919487449166,0.027586206896551727,False
208.6522196526247,0.011007093705038037,0.10721452693077033,0.9068944102961817,0.027586206896551727,False
208.69401698063947,0.011007131700661905,0.10718303115051547,0.9068693076045435,0.027586206896551727,False
208.73581430865434,0.011007169714695283,0.10715152011037263,0.9068441793744393,0.027586206896551727,False
208.77761163666915,0.011007207747092308,0.10711999384833225,0.9068190256060493,0.027586206896551727,False
208.81940896468393,0.011007245797807298,0.10708845240236026,0.9067938462995456,0.027586206896551727,False
208.86120629269877,0.011007283866794436,0.10705689581039589,0.9067686414550932,0.027586206896551727,False
208.90300362071358,0.011007321954008,0.10702532411035166,0.9067434110728482,0.027586206896551727,False
208.94480094872839,0.011007360059402269,0.10699373734011565,0.9067181551529602,0.027586206896551727,False
208.9865982767432,0.011007398182931559,0.106962135537547,0.9066928736955687,0.027586206896551727,False
209.028395604758,0.011007436324550245,0.1069305187404804,0.9066675667008066,0.027586206896551727,False
209.0701929327728,0.011007474484212703,0.1068988869867234,0.9066422341687981,0.027586206896551727,False
209.11199026078765,0.011007512661873367,0.10686724031405632,0.9066168760996587,0.027586206896551727,False
209.1537875888025,0.011007550857486665,0.10683557876023324,0.9065914924934964,0.027586206896551727,False
209.19558491681727,0.011007589071007117,0.1068039023629803,0.9065660833504096,0.027586206896551727,False
209.23738224483208,0.01100762730238922,0.10677221115999695,0.9065406486704889,0.027586206896551727,False
209.2791795728469,0.011007665551587553,0.10674050518895524,0.9065151884538158,0.027586206896551727,False
209.3209769008617,0.011007703818556676,0.1067087844874996,0.906489702700464,0.027586206896551727,False
209.36277422887653,0.011007742103251172,0.10667704909324653,0.9064641914104975,0.027586206896551727,False
209.40457155689134,0.01100778040562575,0.10664529904378517,0.9064386545839718,0.027586206896551727,False
209.44636888490615,0.011007818725635101,0.10661353437667684,0.9064130922209334,0.027586206896551727,False
209.488166212921,0.011007857063233923,0.10658175512945449,0.9063875043214201,0.027586206896551727,False
209.5299635409358,0.011007895418376986,0.10654996133962265,0.9063618908854604,0.027586206896551727,False
209.5717608689506,0.011007933791019057,0.10651815304465757,0.9063362519130735,0.027586206896551727,False
209.6135581969654,0.011007972181114994,0.10648633028200795,0.9063105874042703,0.027586206896551727,False
209.65535552498025,0.01100801058861963,0.10645449308909245,0.9062848973590512,0.027586206896551727,False
209.69715285299503,0.01100804901348785,0.10642264150330229,0.9062591817774083,0.027586206896551727,False
209.73895018100984,0.011008087455674625,0.10639077556199915,0.9062334406593238,0.027586206896551727,False
209.78074750902468,0.011008125915134868,0.10635889530251519,0.9062076740047704,0.027586206896551727,False
209.8225448370395,0.011008164391823613,0.10632700076215455,0.9061818818137114,0.027586206896551727,False
209.86434216505432,0.011008202885695876,0.10629509197819172,0.9061560640861009,0.027586206896551727,False
209.90613949306913,0.011008241396706735,0.10626316898787143,0.9061302208218825,0.027586206896551727,False
209.9479368210839,0.01100827992481123,0.10623123182840925,0.9061043520209915,0.027586206896551727,False
209.98973414909875,0.01100831846996448,0.1061992805369906,0.9060784576833517,0.027586206896551727,False
210.03153147711356,0.01100835703212178,0.10616731515077195,0.9060525378088774,0.027586206896551727,False
210.07332880512837,0.011008395611238318,0.10613533570687957,0.9060265923974737,0.027586206896551727,False
210.11512613314318,0.011008434207269326,0.10610334224240928,0.906000621449035,0.027586206896551727,False
210.156923461158,0.011008472820170066,0.1060713347944269,0.905974624963446,0.027586206896551727,False
210.19872078917282,0.011008511449895909,0.10603931339996857,0.9059486029405812,0.027586206896551727,False
210.24051811718763,0.011008550096402165,0.10600727809603944,0.905922555380305,0.027586206896551727,False
210.28231544520247,0.011008588759644236,0.10597522891961443,0.9058964822824715,0.027586206896551727,False
210.32411277321725,0.011008627439577564,0.1059431659076376,0.9058703836469242,0.027586206896551727,False
210.36591010123206,0.011008666136157615,0.10591108909702246,0.9058442594734964,0.027586206896551727,False
210.4077074292469,0.01100870484933989,0.10587899852465123,0.9058181097620107,0.027586206896551727,False
210.44950475726168,0.01100874357907993,0.10584689422737568,0.9057919345122795,0.027586206896551727,False
210.49130208527652,0.011008782325333312,0.10581477624201652,0.9057657337241045,0.027586206896551727,False
210.53309941329135,0.011008821088055674,0.10578264460536245,0.9057395073972765,0.027586206896551727,False
210.57489674130613,0.011008859867202653,0.1057504993541719,0.9057132555315761,0.027586206896551727,False
210.61669406932097,0.011008898662729891,0.10571834052517057,0.9056869781267727,0.027586206896551727,False
210.65849139733578,0.011008937474593208,0.10568616815505383,0.9056606751826246,0.027586206896551727,False
210.7002887253506,0.01100897630274833,0.10565398228048462,0.9056343466988795,0.027586206896551727,False
210.7420860533654,0.011009015147151108,0.10562178293809478,0.9056079926752745,0.027586206896551727,False
210.7838833813802,0.011009054007757335,0.10558957016448303,0.9055816131115348,0.027586206896551727,False
210.82568070939502,0.011009092884522936,0.1055573439962171,0.9055552080073751,0.027586206896551727,False
210.86747803740982,0.011009131777403827,0.10552510446983272,0.9055287773624989,0.027586206896551727,False
210.9092753654247,0.01100917068635596,0.10549285162183217,0.9055023211765981,0.027586206896551727,False
210.95107269343947,0.01100920961133536,0.10546058548868649,0.9054758394493535,0.027586206896551727,False
210.9928700214543,0.011009248552298052,0.10542830610683362,0.9054493321804346,0.027586206896551727,False
211.03466734946912,0.011009287509200107,0.10539601351267934,0.9054227993694994,0.027586206896551727,False
211.0764646774839,0.011009326481997659,0.10536370774259704,0.9053962410161949,0.027586206896551727,False
211.11826200549874,0.01100936547064687,0.10533138883292636,0.9053696571201555,0.027586206896551727,False
211.16005933351354,0.011009404475103958,0.10529905681997556,0.9053430476810055,0.027586206896551727,False
211.20185666152835,0.011009443495325013,0.10526671174001782,0.9053164126983567,0.027586206896551727,False
211.2436539895432,0.011009482531266428,0.1052343536292952,0.9052897521718088,0.027586206896551727,False
211.285451317558,0.011009521582884584,0.1052019825240152,0.9052630661009496,0.027586206896551727,False
211.3272486455728,0.011009560650135794,0.10516959846035284,0.9052363544853558,0.027586206896551727,False
211.36904597358762,0.011009599732976464,0.10513720147444934,0.9052096173245917,0.027586206896551727,False
211.41084330160245,0.011009638831363019,0.1051047916024125,0.9051828546182101,0.027586206896551727,False
211.45264062961724,0.011009677945251964,0.10507236888031671,0.9051560663657514,0.027586206896551727,False
211.49443795763204,0.011009717074599792,0.10503993334420213,0.9051292525667441,0.027586206896551727,False
211.53623528564688,0.011009756219363065,0.1050074850300759,0.9051024132207047,0.027586206896551727,False
211.57803261366166,0.011009795379498392,0.10497502397391026,0.9050755483271369,0.027586206896551727,False
211.61982994167653,0.011009834554962426,0.1049425502116446,0.905048657885533,0.027586206896551727,False
211.66162726969134,0.011009873745711838,0.10491006377918329,0.905021741895372,0.027586206896551727,False
211.70342459770612,0.011009912951703359,0.10487756471239708,0.9049948003561217,0.027586206896551727,False
211.74522192572095,0.011009952172893774,0.10484505304712194,0.9049678332672361,0.027586206896551727,False
211.78701925373576,0.01100999140923987,0.10481252881916,0.9049408406281578,0.027586206896551727,False
211.82881658175057,0.011010030660698476,0.10477999206427874,0.9049138224383172,0.027586206896551727,False
211.87061390976538,0.011010069927226501,0.10474744281821055,0.9048867786971304,0.027586206896551727,False
211.9124112377802,0.011010109208780913,0.10471488111665395,0.9048597094040022,0.027586206896551727,False
211.954208565795,0.011010148505318642,0.10468230699527248,0.9048326145583245,0.027586206896551727,False
211.99600589380984,0.011010187816796739,0.10464972048969445,0.904805494159476,0.027586206896551727,False
212.03780322182467,0.011010227143172248,0.10461712163551339,0.9047783482068229,0.027586206896551727,False
212.07960054983945,0.011010266484402285,0.10458451046828791,0.904751176699718,0.027586206896551727,False
212.12139787785426,0.011010305840443988,0.10455188702354187,0.9047239796375024,0.027586206896551727,False
212.1631952058691,0.011010345211254545,0.1045192513367633,0.9046967570195029,0.027586206896551727,False
212.20499253388388,0.011010384596791193,0.10448660344340527,0.9046695088450337,0.027586206896551727,False
212.24678986189872,0.011010423997011187,0.10445394337888554,0.9046422351133964,0.027586206896551727,False
212.2885871899135,0.011010463411871861,0.10442127117858607,0.9046149358238784,0.027586206896551727,False
212.33038451792837,0.011010502841330563,0.10438858687785389,0.9045876109757551,0.027586206896551727,False
212.37218184594317,0.011010542285344725,0.10435589051199988,0.9045602605682876,0.027586206896551727,False
212.41397917395798,0.01101058174387177,0.10432318211629918,0.9045328846007241,0.027586206896551727,False
212.4557765019728,0.011010621216869139,0.10429046172599146,0.9045054830723,0.027586206896551727,False
212.4975738299876,0.011010660704294333,0.1042577293762807,0.9044780559822372,0.027586206896551727,False
212.5393711580024,0.011010700206105024,0.10422498510233406,0.9044506033297424,0.027586206896551727,False
212.58116848601722,0.011010739722258816,0.10419222893928305,0.90442312511401,0.027586206896551727,False
212.62296581403203,0.011010779252713366,0.10415946092222375,0.9043956213342214,0.027586206896551727,False
212.66476314204684,0.011010818797426372,0.1041266810862152,0.9043680919895434,0.027586206896551727,False
212.70656047006167,0.011010858356355579,0.10409388946628001,0.9043405370791293,0.027586206896551727,False
212.7483577980765,0.011010897929458772,0.10406108609740522,0.9043129566021192,0.027586206896551727,False
212.79015512609132,0.01101093751669381,0.10402827101454132,0.9042853505576393,0.027586206896551727,False
212.8319524541061,0.01101097711801854,0.10399544425260193,0.9042577189448014,0.027586206896551727,False
212.87374978212094,0.011011016733390937,0.10396260584646418,0.9042300617627038,0.027586206896551727,False
212.91554711013572,0.011011056362768898,0.10392975583096856,0.9042023790104309,0.027586206896551727,False
212.95734443815056,0.01101109600611049,0.10389689424091865,0.9041746706870528,0.027586206896551727,False
212.99914176616537,0.011011135663373759,0.10386402111108128,0.9041469367916255,0.027586206896551727,False
213.04093909418015,0.011011175334516812,0.10383113647618687,0.9041191773231917,0.027586206896551727,False
213.082736422195,0.011011215019497806,0.10379824037092812,0.9040913922807786,0.027586206896551727,False
213.12453375020982,0.01101125471827487,0.10376533282996125,0.904063581663401,0.027586206896551727,False
213.16633107822463,0.01101129443080627,0.10373241388790491,0.9040357454700576,0.027586206896551727,False
213.20812840623944,0.011011334157050329,0.10369948357934083,0.9040078836997335,0.027586206896551727,False
213.24992573425425,0.011011373896965338,0.10366654193881379,0.9039799963514001,0.027586206896551727,False
213.29172306226906,0.011011413650509684,0.10363358900083094,0.9039520834240138,0.027586206896551727,False
213.33352039028387,0.011011453417641768,0.10360062479986165,0.9039241449165162,0.027586206896551727,False
213.3753177182987,0.011011493198320057,0.10356764937033866,0.9038961808278353,0.027586206896551727,False
213.41711504631354,0.011011532992503077,0.10353466274665689,0.9038681911568839,0.027586206896551727,False
213.45891237432835,0.011011572800149368,0.10350166496317276,0.9038401759025602,0.027586206896551727,False
213.50070970234316,0.01101161262121751,0.10346865605420658,0.9038121350637481,0.027586206896551727,False
213.54250703035794,0.011011652455666165,0.10343563605403988,0.9037840686393169,0.027586206896551727,False
213.58430435837278,0.011011692303454017,0.10340260499691661,0.9037559766281207,0.027586206896551727,False
213.62610168638759,0.011011732164539796,0.10336956291704293,0.903727859028999,0.027586206896551727,False
213.66789901440237,0.011011772038882288,0.10333650984858683,0.9036997158407764,0.027586206896551727,False
213.7096963424172,0.011011811926440324,0.10330344582567903,0.9036715470622628,0.027586206896551727,False
213.751493670432,0.011011851827172797,0.1032703708824113,0.9036433526922529,0.027586206896551727,False
213.79329099844685,0.011011891741038528,0.10323728505283775,0.9036151327295273,0.027586206896551727,False
213.83508832646166,0.01101193166799649,0.10320418837097448,0.9035868871728511,0.027586206896551727,False
213.8768856544765,0.011011971608005766,0.103171080870799,0.9035586160209733,0.027586206896551727,False
213.91868298249128,0.011012011561025416,0.10313796258625078,0.9035303192726287,0.027586206896551727,False
213.96048031050609,0.011012051527014526,0.10310483355123079,0.9035019969265371,0.027586206896551727,False
214.00227763852092,0.01101209150593225,0.10307169379960146,0.9034736489814026,0.027586206896551727,False
214.0440749665357,0.011012131497737773,0.10303854336518685,0.9034452754359144,0.027586206896551727,False
214.08587229455054,0.011012171502390335,0.10300538228177285,0.9034168762887465,0.027586206896551727,False
214.12766962256538,0.011012211519849224,0.10297221058310628,0.9033884515385573,0.027586206896551727,False
214.16946695058016,0.01101225155007378,0.10293902830289559,0.9033600011839901,0.027586206896551727,False
214.211264278595,0.011012291593023379,0.10290583547481019,0.9033315252236722,0.027586206896551727,False
214.2530616066098,0.01101233164865745,0.102872632132481,0.903303023656216,0.027586206896551727,False
214.2948589346246,0.01101237171693546,0.10283941830950019,0.9032744964802182,0.027586206896551727,False
214.33665626263942,0.011012411797816956,0.10280619403942058,0.9032459436942596,0.027586206896551727,False
214.37845359065423,0.011012451891261472,0.10277295935575669,0.9032173652969061,0.027586206896551727,False
214.42025091866904,0.011012491997228669,0.10273971429198421,0.9031887612867076,0.027586206896551727,False
214.46204824668385,0.011012532115678153,0.10270645888153887,0.9031601316621983,0.027586206896551727,False
214.50384557469872,0.011012572246569671,0.10267319315781737,0.903131476421896,0.027586206896551727,False
214.5456429027135,0.011012612389862963,0.10263991715417826,0.9031027955643038,0.027586206896551727,False
214.5874402307283,0.011012652545517846,0.10260663090394016,0.9030740890879084,0.027586206896551727,False
214.62923755874314,0.011012692713494162,0.10257333444038307,0.9030453569911813,0.027586206896551727,False
214.67103488675792,0.011012732893751839,0.10254002779674652,0.9030165992725764,0.027586206896551727,False
214.71283221477276,0.011012773086250777,0.10250671100623193,0.9029878159305338,0.027586206896551727,False
214.75462954278757,0.011012813290951013,0.10247338410200096,0.9029590069634763,0.027586206896551727,False
214.79642687080235,0.01101285350781255,0.10244004711717555,0.9029301723698111,0.027586206896551727,False
214.8382241988172,0.011012893736795527,0.10240670008483838,0.9029013121479289,0.027586206896551727,False
214.88002152683202,0.01101293397786004,0.10237334303803208,0.9028724262962045,0.027586206896551727,False
214.92181885484683,0.011012974230966288,0.10233997600976055,0.9028435148129969,0.027586206896551727,False
214.96361618286164,0.011013014496074522,0.1023065990329878,0.9028145776966484,0.027586206896551727,False
215.00541351087648,0.011013054773144999,0.10227321214063809,0.9027856149454856,0.027586206896551727,False
215.04721083889126,0.011013095062138056,0.10223981536559536,0.9027566265578181,0.027586206896551727,False
215.08900816690607,0.011013135363014095,0.10220640874070472,0.9027276125319396,0.027586206896551727,False
215.1308054949209,0.011013175675733422,0.10217299229877079,0.9026985728661279,0.027586206896551727,False
215.1726028229357,0.01101321600025658,0.1021395660725585,0.9026695075586436,0.027586206896551727,False
215.21440015095055,0.011013256336544134,0.10210613009479337,0.9026404166077308,0.027586206896551727,False
215.25619747896536,0.011013296684556655,0.10207268439816071,0.9026113000116176,0.027586206896551727,False
215.29799480698014,0.011013337044254739,0.10203922901530549,0.9025821577685154,0.027586206896551727,False
215.33979213499498,0.011013377415599048,0.10200576397883332,0.9025529898766192,0.027586206896551727,False
215.3815894630098,0.0110134177985503,0.10197228932130896,0.9025237963341074,0.027586206896551727,False
215.4233867910246,0.011013458193069259,0.10193880507525754,0.9024945771391412,0.027586206896551727,False
215.4651841190394,0.01101349859911672,0.10190531127316395,0.9024653322898657,0.027586206896551727,False
215.50698144705422,0.011013539016653535,0.10187180794747278,0.9024360617844094,0.027586206896551727,False
215.54877877506902,0.011013579445640641,0.10183829513058885,0.9024067656208833,0.027586206896551727,False
215.59057610308386,0.011013619886038984,0.10180477285487602,0.9023774437973823,0.027586206896551727,False
215.6323734310987,0.011013660337809544,0.10177124115265854,0.9023480963119842,0.027586206896551727,False
215.67417075911348,0.011013700800913405,0.10173770005621989,0.9023187231627499,0.027586206896551727,False
215.7159680871283,0.011013741275311675,0.10170414959780343,0.9022893243477232,0.027586206896551727,False
215.75776541514313,0.011013781760965487,0.10167058980961216,0.9022598998649318,0.027586206896551727,False
215.7995627431579,0.01101382225783604,0.10163702072380794,0.9022304497123852,0.027586206896551727,False
215.84136007117274,0.011013862765884596,0.10160344237251313,0.9022009738880767,0.027586206896551727,False
215.88315739918755,0.011013903285072405,0.10156985478780874,0.9021714723899823,0.027586206896551727,False
215.92495472720233,0.011013943815360869,0.10153625800173573,0.9021419452160606,0.027586206896551727,False
215.9667520552172,0.01101398435671137,0.10150265204629477,0.9021123923642539,0.027586206896551727,False
216.008549383232,0.011014024909085329,0.10146903695344509,0.9020828138324865,0.027586206896551727,False
216.05034671124682,0.011014065472444266,0.10143541275510581,0.9020532096186656,0.027586206896551727,False
216.09214403926163,0.011014106046749697,0.10140177948315529,0.9020235797206818,0.027586206896551727,False
216.13394136727646,0.011014146631963227,0.10136813716943087,0.9019939241364074,0.027586206896551727,False
216.17573869529124,0.011014187228046509,0.10133448584572947,0.9019642428636979,0.027586206896551727,False
216.21753602330605,0.011014227834961234,0.10130082554380733,0.9019345359003915,0.027586206896551727,False
216.2593333513209,0.01101426845266912,0.10126715629537959,0.9019048032443093,0.027586206896551727,False
216.3011306793357,0.011014309081131966,0.10123347813212069,0.9018750448932543,0.027586206896551727,False
216.34292800735054,0.01101434972031161,0.10119979108566471,0.9018452608450128,0.027586206896551727,False
216.38472533536535,0.011014390370169939,0.1011660951876034,0.9018154510973525,0.027586206896551727,False
216.42652266338013,0.011014431030668896,0.10113239046948883,0.9017856156480243,0.027586206896551727,False
216.46831999139496,0.011014471701770476,0.10109867696283217,0.901755754494762,0.027586206896551727,False
216.51011731940977,0.011014512383436696,0.1010649546991027,0.9017258676352805,0.027586206896551727,False
216.55191464742458,0.01101455307562968,0.10103122370972982,0.9016959550672784,0.027586206896551727,False
216.5937119754394,0.011014593778311365,0.10099748402610118,0.9016660167884373,0.027586206896551727,False
216.63550930345417,0.011014634491444138,0.10096373567956322,0.9016360527964179,0.027586206896551727,False
216.67730663146904,0.011014675214990197,0.10092997870142167,0.9016060630888657,0.027586206896551727,False
216.71910395948385,0.01101471594891184,0.10089621312294095,0.9015760476634073,0.027586206896551727,False
216.76090128749868,0.011014756693171368,0.10086243897534455,0.9015460065176526,0.027586206896551727,False
216.80269861551346,0.011014797447731185,0.10082865628981516,0.9015159396491932,0.027586206896551727,False
216.84449594352827,0.0110148382125537,0.1007948650974931,0.9014858470556022,0.027586206896551727,False
216.8862932715431,0.011014878987601407,0.10076106542947862,0.9014557287344354,0.027586206896551727,False
216.9280905995579,0.011014919772836832,0.10072725731683052,0.9014255846832309,0.027586206896551727,False
216.96988792757273,0.01101496056822256,0.10069344079056562,0.9013954148995079,0.027586206896551727,False
217.01168525558757,0.011015001373721226,0.10065961588166036,0.9013652193807683,0.027586206896551727,False
217.05348258360235,0.011015042189295492,0.10062578262104935,0.9013349981244959,0.027586206896551727,False
217.09527991161718,0.011015083014908113,0.10059194103962629,0.9013047511281563,0.027586206896551727,False
217.137077239632,0.01101512385052185,0.10055809116824348,0.9012744783891974,0.027586206896551727,False
217.1788745676468,0.011015164696099531,0.10052423303771127,0.9012441799050479,0.027586206896551727,False
217.2206718956616,0.011015205551604061,0.10049036667879926,0.9012138556731191,0.027586206896551727,False
217.2624692236764,0.011015246416998362,0.10045649212223573,0.9011835056908044,0.027586206896551727,False
217.30426655169123,0.011015287292245358,0.1004226093987072,0.9011531299554789,0.027586206896551727,False
217.34606387970604,0.011015328177308156,0.1003887185388585,0.901122728464498,0.027586206896551727,False
217.3878612077209,0.011015369072149806,0.10035481957329395,0.9010923012152009,0.027586206896551727,False
217.42965853573568,0.011015409976733455,0.10032091253257526,0.9010618482049065,0.027586206896551727,False
217.47145586375052,0.011015450891022264,0.10028699744722307,0.9010313694309169,0.027586206896551727,False
217.51325319176533,0.011015491814979468,0.10025307434771716,0.9010008648905151,0.027586206896551727,False
217.5550505197801,0.01101553274856832,0.10021914326449506,0.9009703345809659,0.027586206896551727,False
217.59684784779495,0.011015573691752177,0.10018520422795295,0.9009397784995156,0.027586206896551727,False
217.63864517580973,0.011015614644494421,0.10015125726844555,0.9009091966433914,0.027586206896551727,False
217.68044250382457,0.011015655606758488,0.10011730241628605,0.9008785890098032,0.027586206896551727,False
217.72223983183937,0.01101569657850784,0.10008333970174543,0.9008479555959409,0.027586206896551727,False
217.7640371598542,0.011015737559706031,0.10004936915505404,0.9008172963989771,0.027586206896551727,False
217.80583448786902,0.011015778550316631,0.1000153908064,0.900786611416065,0.027586206896551727,False
217.84763181588383,0.011015819550303271,0.09998140468593061,0.90075590064434,0.027586206896551727,False
217.88942914389864,0.011015860559629621,0.09994741082375008,0.9007251640809176,0.027586206896551727,False
217.93122647191345,0.011015901578259447,0.09991340924992224,0.9006944017228957,0.027586206896551727,False
217.97302379992826,0.011015942606156534,0.0998793999944686,0.9006636135673526,0.027586206896551727,False
218.01482112794307,0.011015983643284691,0.09984538308736939,0.9006327996113485,0.027586206896551727,False
218.05661845595787,0.011016024689607745,0.09981135855856331,0.9006019598519255,0.027586206896551727,False
218.09841578397274,0.011016065745089614,0.0997773264379467,0.9005710942861058,0.027586206896551727,False
218.14021311198752,0.011016106809694386,0.09974328675537432,0.9005402029108921,0.027586206896551727,False
218.18201044000233,0.011016147883386068,0.09970923954065995,0.9005092857232694,0.027586206896551727,False
218.22380776801717,0.011016188966128762,0.0996751848235748,0.9004783427202032,0.027586206896551727,False
218.26560509603195,0.011016230057886572,0.0996411226338488,0.9004473738986407,0.027586206896551727,False
218.30740242404678,0.011016271158623681,0.09960705300116979,0.9004163792555098,0.027586206896551727,False
218.3491997520616,0.011016312268304322,0.09957297595518431,0.9003853587877193,0.027586206896551727,False
218.39099708007637,0.011016353386892793,0.09953889152549669,0.900354312492159,0.027586206896551727,False
218.4327944080912,0.011016394514353418,0.09950479974167023,0.9003232403657002,0.027586206896551727,False
218.47459173610605,0.01101643565065059,0.09947070063322545,0.9002921424051944,0.027586206896551727,False
218.51638906412086,0.011016476795748771,0.09943659422964156,0.9002610186074739,0.027586206896551727,False
218.55818639213567,0.011016517949612399,0.09940248056035615,0.9002298689693528,0.027586206896551727,False
218.5999837201505,0.01101655911220603,0.0993683596547651,0.9001986934876256,0.027586206896551727,False
218.64178104816529,0.01101660028349424,0.09933423154222197,0.9001674921590674,0.027586206896551727,False
218.6835783761801,0.011016641463441697,0.09930009625203859,0.9001362649804339,0.027586206896551727,False
218.72537570419493,0.011016682652013072,0.09926595381348577,0.9001050119484624,0.027586206896551727,False
218.7671730322097,0.011016723849173111,0.09923180425579135,0.9000737330598699,0.027586206896551727,False
218.80897036022455,0.01101676505488658,0.099197647608142,0.9000424283113551,0.027586206896551727,False
218.8507676882394,0.011016806269118324,0.09916348389968271,0.9000110976995968,0.027586206896551727,False
218.89256501625417,0.011016847491833272,0.09912931315951619,0.8999797412212542,0.027586206896551727,False
218.934362344269,0.011016888722996332,0.09909513541670348,0.899948358872968,0.027586206896551727,False
218.9761596722838,0.01101692996257252,0.09906095070026391,0.8999169506513586,0.027586206896551727,False
219.01795700029862,0.011016971210526841,0.09902675903917464,0.8998855165530275,0.027586206896551727,False
219.05975432831343,0.011017012466824438,0.09899256046237144,0.8998540565745566,0.027586206896551727,False
219.10155165632824,0.011017053731430408,0.09895835499874824,0.8998225707125089,0.027586206896551727,False
219.14334898434305,0.011017095004309961,0.0989241426771566,0.8997910589634268,0.027586206896551727,False
219.1851463123579,0.011017136285428329,0.09888992352640671,0.8997595213238342,0.027586206896551727,False
219.22694364037272,0.011017177574750797,0.0988556975752666,0.899727957790235,0.027586206896551727,False
219.2687409683875,0.011017218872242763,0.09882146485246253,0.8996963683591127,0.027586206896551727,False
219.3105382964023,0.011017260177869572,0.09878722538667917,0.899664753026933,0.027586206896551727,False
219.35233562441715,0.01101730149159669,0.09875297920655901,0.8996331117901405,0.027586206896551727,False
219.39413295243193,0.011017342813389612,0.09871872634070315,0.8996014446451611,0.027586206896551727,False
219.43593028044677,0.011017384143213904,0.09868446681767015,0.8995697515884,0.027586206896551727,False
219.47772760846158,0.011017425481035141,0.0986502006659773,0.8995380326162438,0.027586206896551727,False
219.51952493647636,0.011017466826818987,0.09861592791409945,0.899506287725058,0.027586206896551727,False
219.56132226449122,0.011017508180531157,0.09858164859047015,0.8994745169111897,0.027586206896551727,False
219.60311959250603,0.011017549542137324,0.098547362723481,0.8994427201709662,0.027586206896551727,False
219.64491692052084,0.011017590911603235,0.09851307034148164,0.8994108975006948,0.027586206896551727,False
219.68671424853565,0.011017632288894866,0.09847877147278028,0.8993790488966621,0.027586206896551727,False
219.72851157655046,0.011017673673978122,0.09844446614564246,0.8993471743551349,0.027586206896551727,False
219.77030890456527,0.011017715066818926,0.09841015438829252,0.8993152738723611,0.027586206896551727,False
219.81210623258008,0.011017756467383294,0.09837583622891316,0.8992833474445684,0.027586206896551727,False
219.85390356059492,0.01101779787563724,0.09834151169564448,0.8992513950679644,0.027586206896551727,False
219.8957008886097,0.011017839291546903,0.09830718081658539,0.8992194167387368,0.027586206896551727,False
219.93749821662456,0.011017880715078424,0.09827284361979294,0.8991874124530534,0.027586206896551727,False
219.97929554463937,0.011017922146197989,0.09823850013328222,0.8991553822070623,0.027586206896551727,False
220.02109287265415,0.011017963584871863,0.0982041503850264,0.8991233259968908,0.027586206896551727,False
220.062890200669,0.01101800503106634,0.09816979440295719,0.8990912438186471,0.027586206896551727,False
220.1046875286838,0.011018046484747796,0.09813543221496433,0.8990591356684187,0.027586206896551727,False
220.1464848566986,0.011018087945882594,0.09810106384889532,0.899027001542273,0.027586206896551727,False
220.18828218471342,0.011018129414437224,0.09806668933255681,0.8989948414362577,0.027586206896551727,False
220.23007951272822,0.011018170890378176,0.0980323086937128,0.8989626553463999,0.027586206896551727,False
220.27187684074306,0.011018212373672023,0.097997921960086,0.898930443268707,0.027586206896551727,False
220.31367416875787,0.011018253864285349,0.09796352915935794,0.8988982051991665,0.027586206896551727,False
220.3554714967727,0.011018295362184839,0.0979291303191667,0.8988659411337442,0.027586206896551727,False
220.3972688247875,0.011018336867337204,0.0978947254671103,0.8988336510683873,0.027586206896551727,False
220.4390661528023,0.011018378379709117,0.0978603146307443,0.8988013349990227,0.027586206896551727,False
220.48086348081713,0.011018419899267462,0.09782589783758222,0.8987689929215558,0.027586206896551727,False
220.52266080883192,0.011018461425979093,0.09779147511509682,0.8987366248318727,0.027586206896551727,False
220.56445813684675,0.011018502959810885,0.09775704649071829,0.898704230725839,0.027586206896551727,False
220.60625546486156,0.011018544500729829,0.09772261199183564,0.8986718105993001,0.027586206896551727,False
220.64805279287637,0.011018586048702915,0.09768817164579577,0.8986393644480803,0.027586206896551727,False
220.6898501208912,0.011018627603697217,0.09765372547990453,0.8986068922679848,0.027586206896551727,False
220.73164744890602,0.011018669165679814,0.0976192735214251,0.8985743940547973,0.027586206896551727,False
220.77344477692083,0.011018710734617902,0.09758481579758005,0.8985418698042815,0.027586206896551727,False
220.81524210493563,0.011018752310478679,0.09755035233554954,0.8985093195121806,0.027586206896551727,False
220.85703943295044,0.01101879389322939,0.09751588316247285,0.8984767431742178,0.027586206896551727,False
220.89883676096525,0.011018835482837339,0.09748140830544678,0.8984441407860951,0.027586206896551727,False
220.94063408898006,0.011018877079269915,0.09744692779152724,0.8984115123434944,0.027586206896551727,False
220.98243141699493,0.011018918682494508,0.0974124416477278,0.8983788578420768,0.027586206896551727,False
221.0242287450097,0.011018960292478588,0.09737794990102154,0.8983461772774837,0.027586206896551727,False
221.06602607302452,0.011019001909189679,0.09734345257833893,0.8983134706453345,0.027586206896551727,False
221.10782340103935,0.011019043532595333,0.09730894970656928,0.8982807379412292,0.027586206896551727,False
221.14962072905413,0.011019085162663176,0.09727444131256022,0.8982479791607466,0.027586206896551727,False
221.19141805706897,0.011019126799360852,0.09723992742311832,0.8982151942994454,0.027586206896551727,False
221.23321538508378,0.011019168442656066,0.09720540806500834,0.8981823833528636,0.027586206896551727,False
221.27501271309856,0.011019210092516513,0.09717088326495345,0.8981495463165187,0.027586206896551727,False
221.3168100411134,0.011019251748910051,0.09713635304963507,0.8981166831859067,0.027586206896551727,False
221.35860736912824,0.011019293411804604,0.09710181744569334,0.8980837939565024,0.027586206896551727,False
221.40040469714305,0.01101933508116806,0.09706727647972768,0.8980508786237619,0.027586206896551727,False
221.44220202515785,0.011019376756968378,0.09703273017829504,0.8980179371831191,0.027586206896551727,False
221.4839993531727,0.011019418439173576,0.09699817856791147,0.8979849696299873,0.027586206896551727,False
221.52579668118747,0.011019460127751686,0.09696362167505153,0.8979519759597597,0.027586206896551727,False
221.56759400920228,0.01101950182267086,0.096929059526148,0.8979189561678078,0.027586206896551727,False
221.6093913372171,0.011019543523899196,0.09689449214759278,0.8978859102494833,0.027586206896551727,False
221.6511886652319,0.01101958523140496,0.09685991956573643,0.897852838200116,0.027586206896551727,False
221.69298599324674,0.011019626945156387,0.0968253418068876,0.8978197400150154,0.027586206896551727,False
221.73478332126157,0.011019668665121789,0.09679075889731427,0.8977866156894704,0.027586206896551727,False
221.77658064927635,0.011019710391269547,0.09675617086324283,0.8977534652187483,0.027586206896551727,False
221.8183779772912,0.01101975212356805,0.09672157773085828,0.8977202885980962,0.027586206896551727,False
221.860175305306,0.011019793861985757,0.09668697952630421,0.8976870858227395,0.027586206896551727,False
221.9019726333208,0.011019835606491162,0.0966523762756835,0.8976538568878837,0.027586206896551727,False
221.94376996133562,0.011019877357052867,0.09661776800505724,0.897620601788712,0.027586206896551727,False
221.9855672893504,0.011019919113639472,0.09658315474044546,0.8975873205203875,0.027586206896551727,False
222.02736461736524,0.011019960876219625,0.09654853650782735,0.8975540130780525,0.027586206896551727,False
222.06916194538007,0.01102000264476206,0.09651391333314037,0.8975206794568273,0.027586206896551727,False
222.1109592733949,0.011020044419235469,0.09647928524228083,0.8974873196518123,0.027586206896551727,False
222.1527566014097,0.011020086199608705,0.09644465226110446,0.8974539336580862,0.027586206896551727,False
222.1945539294245,0.011020127985850618,0.09641001441542502,0.8974205214707064,0.027586206896551727,False
222.2363512574393,0.011020169777930139,0.09637537173101646,0.8973870830847098,0.027586206896551727,False
222.27814858545412,0.011020211575816213,0.09634072423360991,0.8973536184951113,0.027586206896551727,False
222.31994591346896,0.011020253379477846,0.096306071948897,0.8973201276969061,0.027586206896551727,False
222.36174324148374,0.011020295188884106,0.09627141490252733,0.8972866106850667,0.027586206896551727,False
222.40354056949855,0.011020337004004082,0.09623675312010982,0.8972530674545454,0.027586206896551727,False
222.4453378975134,0.011020378824806916,0.09620208662721248,0.8972194980002732,0.027586206896551727,False
222.48713522552822,0.011020420651261822,0.09616741544936211,0.8971859023171597,0.027586206896551727,False
222.52893255354303,0.011020462483338071,0.09613273961204508,0.8971522804000935,0.027586206896551727,False
222.57072988155784,0.011020504321004954,0.09609805914070552,0.8971186322439412,0.027586206896551727,False
222.61252720957262,0.011020546164231801,0.09606337406074843,0.8970849578435497,0.027586206896551727,False
222.65432453758746,0.011020588012988063,0.0960286843975368,0.897051257193743,0.027586206896551727,False
222.69612186560227,0.011020629867243155,0.09599399017639274,0.8970175302893247,0.027586206896551727,False
222.73791919361707,0.011020671726966559,0.09595929142259782,0.8969837771250772,0.027586206896551727,False
222.77971652163188,0.011020713592127869,0.09592458816139234,0.8969499976957602,0.027586206896551727,False
222.82151384964675,0.011020755462696633,0.09588988041797647,0.8969161919961143,0.027586206896551727,False
222.86331117766153,0.011020797338642554,0.09585516821750925,0.896882360020857,0.027586206896551727,False
222.90510850567634,0.011020839219935316,0.09582045158510885,0.8968485017646848,0.027586206896551727,False
222.94690583369118,0.011020881106544677,0.09578573054585283,0.8968146172222731,0.027586206896551727,False
222.98870316170596,0.011020922998440423,0.09575100512477833,0.8967807063882758,0.027586206896551727,False
223.0305004897208,0.011020964895592327,0.0957162753468812,0.8967467692573262,0.027586206896551727,False
223.0722978177356,0.011021006797970306,0.09568154123711725,0.8967128058240352,0.027586206896551727,False
223.11409514575038,0.011021048705544377,0.09564680282040139,0.8966788160829917,0.027586206896551727,False
223.15589247376525,0.011021090618284502,0.09561206012160735,0.8966448000287637,0.027586206896551727,False
223.19768980178006,0.011021132536160749,0.09557731316556904,0.8966107576558979,0.027586206896551727,False
223.23948712979487,0.01102117445914316,0.09554256197707958,0.8965766889589197,0.027586206896551727,False
223.28128445780968,0.011021216387201913,0.09550780658089189,0.8965425939323329,0.027586206896551727,False
223.32308178582448,0.011021258320307177,0.09547304700171748,0.8965084725706192,0.027586206896551727,False
223.3648791138393,0.011021300258429186,0.09543828326422796,0.896474324868239,0.027586206896551727,False
223.4066764418541,0.011021342201538234,0.09540351539305465,0.8964401508196315,0.027586206896551727,False
223.44847376986894,0.011021384149604633,0.09536874341278834,0.8964059504192146,0.027586206896551727,False
223.49027109788372,0.011021426102598784,0.0953339673479787,0.8963717236613828,0.027586206896551727,False
223.53206842589856,0.011021468060491113,0.09529918722313595,0.8963374705405115,0.027586206896551727,False
223.5738657539134,0.01102151002325212,0.09526440306272986,0.8963031910509527,0.027586206896551727,False
223.61566308192818,0.011021551990852323,0.09522961489118914,0.8962688851870372,0.027586206896551727,False
223.657460409943,0.01102159396326226,0.09519482273290295,0.8962345529430746,0.027586206896551727,False
223.69925773795782,0.011021635940452584,0.09516002661222023,0.8962001943133528,0.027586206896551727,False
223.7410550659726,0.011021677922393976,0.09512522655344889,0.8961658092921371,0.027586206896551727,False
223.78285239398744,0.011021719909057169,0.09509042258085719,0.8961313978736718,0.027586206896551727,False
223.82464972200225,0.01102176190041293,0.0950556147186727,0.8960969600521788,0.027586206896551727,False
223.8664470500171,0.011021803896432057,0.09502080299108374,0.8960624958218598,0.027586206896551727,False
223.9082443780319,0.011021845897085457,0.09498598742223802,0.8960280051768933,0.027586206896551727,False
223.95004170604673,0.011021887902343992,0.09495116803624254,0.8959934881114366,0.027586206896551727,False
223.9918390340615,0.011021929912178647,0.09491634485716512,0.8959589446196252,0.027586206896551727,False
224.03363636207632,0.011021971926560459,0.094881517909033,0.8959243746955726,0.027586206896551727,False
224.07543369009116,0.01102201394546047,0.0948466872158338,0.8958897783333708,0.027586206896551727,False
224.11723101810594,0.011022055968849807,0.09481185280151475,0.8958551555270896,0.027586206896551727,False
224.15902834612078,0.01102209799669963,0.09477701468998315,0.8958205062707769,0.027586206896551727,False
224.2008256741356,0.011022140028981123,0.0947421729051069,0.8957858305584598,0.027586206896551727,False
224.2426230021504,0.011022182065665562,0.09470732747071361,0.8957511283841426,0.027586206896551727,False
224.28442033016523,0.01102222410672421,0.0946724784105907,0.8957163997418078,0.027586206896551727,False
224.32621765818004,0.011022266152128457,0.094637625748486,0.8956816446254158,0.027586206896551727,False
224.36801498619485,0.011022308201849716,0.09460276950810804,0.8956468630289056,0.027586206896551727,False
224.40981231420966,0.011022350255859396,0.09456790971312472,0.8956120549461941,0.027586206896551727,False
224.45160964222447,0.011022392314129003,0.0945330463871646,0.8955772203711762,0.027586206896551727,False
224.49340697023928,0.011022434376630093,0.09449817955381717,0.8955423592977254,0.027586206896551727,False
224.5352042982541,0.011022476443334242,0.09446330923663072,0.895507471719692,0.027586206896551727,False
224.57700162626892,0.0110225185142131,0.09442843545911485,0.8954725576309053,0.027586206896551727,False
224.61879895428373,0.011022560589238345,0.09439355824473973,0.8954376170251725,0.027586206896551727,False
224.66059628229854,0.011022602668381712,0.09435867761693521,0.8954026498962784,0.027586206896551727,False
224.70239361031338,0.01102264475161499,0.09432379359909221,0.8953676562379862,0.027586206896551727,False
224.74419093832816,0.011022686838909963,0.09428890621456161,0.8953326360440371,0.027586206896551727,False
224.785988266343,0.011022728930238541,0.09425401548665541,0.8952975893081502,0.027586206896551727,False
224.8277855943578,0.011022771025572671,0.09421912143864546,0.8952625160240217,0.027586206896551727,False
224.8695829223726,0.011022813124884304,0.09418422409376469,0.8952274161853272,0.027586206896551727,False
224.91138025038742,0.01102285522814545,0.09414932347520617,0.8951922897857191,0.027586206896551727,False
224.95317757840226,0.011022897335328054,0.0941144196061242,0.8951571368188292,0.027586206896551727,False
224.99497490641707,0.011022939446404405,0.09407951250963313,0.8951219572782649,0.027586206896551727,False
225.03677223443188,0.011022981561346646,0.09404460220880818,0.8950867511576125,0.027586206896551727,False
225.07856956244672,0.011023023680126967,0.09400968872668548,0.8950515184504365,0.027586206896551727,False
225.1203668904615,0.011023065802717644,0.09397477208626161,0.8950162591502787,0.027586206896551727,False
225.1621642184763,0.011023107929090958,0.0939398523104943,0.8949809732506596,0.027586206896551727,False
225.20396154649114,0.011023150059219273,0.09390492942230216,0.894945660745077,0.027586206896551727,False
225.24575887450592,0.011023192193074988,0.09387000344456391,0.8949103216270062,0.027586206896551727,False
225.28755620252076,0.011023234330630526,0.09383507440012033,0.8948749558899013,0.027586206896551727,False
225.3293535305356,0.011023276471858405,0.09380014231177201,0.8948395635271931,0.027586206896551727,False
225.37115085855038,0.011023318616731162,0.09376520720228103,0.8948041445322904,0.027586206896551727,False
225.41294818656522,0.011023360765221365,0.09373026909437025,0.8947686988985801,0.027586206896551727,False
225.45474551458003,0.011023402917301663,0.09369532801072396,0.8947332266194271,0.027586206896551727,False
225.49654284259483,0.011023445072944714,0.09366038397398675,0.8946977276881731,0.027586206896551727,False
225.53834017060964,0.011023487232123277,0.09362543700676529,0.8946622020981383,0.027586206896551727,False
225.58013749862445,0.011023529394810118,0.09359048713162658,0.8946266498426203,0.027586206896551727,False
225.62193482663926,0.011023571560978052,0.09355553437109923,0.8945910709148946,0.027586206896551727,False
225.66373215465407,0.011023613730599941,0.0935205787476729,0.8945554653082145,0.027586206896551727,False
225.70552948266894,0.011023655903648734,0.09348562028379805,0.8945198330158098,0.027586206896551727,False
225.74732681068372,0.01102369808009734,0.09345065900188713,0.8944841740308899,0.027586206896551727,False
225.78912413869853,0.011023740259918811,0.09341569492431369,0.8944484883466404,0.027586206896551727,False
225.83092146671336,0.011023782443086199,0.09338072807341262,0.8944127759562253,0.027586206896551727,False
225.87271879472814,0.011023824629572588,0.09334575847147994,0.8943770368527857,0.027586206896551727,False
225.91451612274298,0.011023866819351122,0.09331078614077343,0.894341271029441,0.027586206896551727,False
225.9563134507578,0.011023909012394974,0.09327581110351163,0.8943054784792875,0.027586206896551727,False
225.99811077877257,0.011023951208677434,0.09324083338187532,0.8942696591953992,0.027586206896551727,False
226.03990810678744,0.011023993408171787,0.09320585299800643,0.8942338131708276,0.027586206896551727,False
226.08170543480225,0.011024035610851352,0.09317086997400892,0.8941979403986027,0.027586206896551727,False
226.12350276281705,0.011024077816689522,0.09313588433194728,0.8941620408717306,0.027586206896551727,False
226.16530009083186,0.011024120025659704,0.0931008960938486,0.8941261145831958,0.027586206896551727,False
226.2070974188467,0.01102416223773539,0.09306590528170121,0.8940901615259605,0.027586206896551727,False
226.24889474686148,0.011024204452890112,0.09303091191745579,0.8940541816929645,0.027586206896551727,False
226.2906920748763,0.011024246671097387,0.09299591602302336,0.894018175077124,0.027586206896551727,False
226.3324894028911,0.011024288892330866,0.09296091762027799,0.8939821416713337,0.027586206896551727,False
226.3742867309059,0.01102433111656421,0.09292591673105516,0.8939460814684658,0.027586206896551727,False
226.41608405892077,0.011024373343771095,0.09289091337715212,0.8939099944613698,0.027586206896551727,False
226.45788138693558,0.01102441557392528,0.09285590758032794,0.8938738806428722,0.027586206896551727,False
226.49967871495036,0.011024457807000588,0.09282089936230423,0.8938377400057779,0.027586206896551727,False
226.5414760429652,0.01102450004297082,0.0927858887447636,0.8938015725428686,0.027586206896551727,False
226.58327337098,0.011024542281809884,0.09275087574935091,0.893765378246903,0.027586206896551727,False
226.62507069899482,0.011024584523491737,0.09271586039767363,0.8937291571106181,0.027586206896551727,False
226.66686802700963,0.011024626767990315,0.09268084271130067,0.893692909126728,0.027586206896551727,False
226.7086653550244,0.011024669015279672,0.09264582271176346,0.8936566342879243,0.027586206896551727,False
226.75046268303927,0.011024711265333881,0.0926108004205552,0.8936203325868752,0.027586206896551727,False
226.79226001105408,0.011024753518127041,0.09257577585913154,0.8935840040162276,0.027586206896551727,False
226.83405733906892,0.011024795773633338,0.09254074904891053,0.8935476485686049,0.027586206896551727,False
226.8758546670837,0.011024838031826962,0.09250572001127176,0.8935112662366078,0.027586206896551727,False
226.9176519950985,0.011024880292682176,0.0924706887675581,0.893474857012815,0.027586206896551727,False
226.95944932311332,0.011024922556173225,0.09243565533907393,0.8934384208897822,0.027586206896551727,False
227.00124665112813,0.011024964822274372,0.09240061974708656,0.8934019578600435,0.027586206896551727,False
227.04304397914296,0.011025007090960149,0.09236558201282488,0.8933654679161072,0.027586206896551727,False
227.08484130715775,0.011025049362205002,0.09233054215748135,0.8933289510504612,0.027586206896551727,False
227.12663863517258,0.011025091635983357,0.09229550020221058,0.8932924072555711,0.027586206896551727,False
227.16843596318742,0.011025133912269785,0.09226045616812917,0.8932558365238785,0.027586206896551727,False
227.2102332912022,0.011025176191038844,0.09222541007631678,0.8932192388478026,0.027586206896551727,False
227.25203061921704,0.01102521847226512,0.09219036194781521,0.8931826142197405,0.027586206896551727,False
227.29382794723185,0.011025260755923305,0.09215531180362975,0.893145962632066,0.027586206896551727,False
227.33562527524663,0.01102530304198808,0.09212025966472788,0.8931092840771306,0.027586206896551727,False
227.37742260326146,0.011025345330434217,0.09208520555203953,0.8930725785472624,0.027586206896551727,False
227.41921993127627,0.01102538762123648,0.09205014948645733,0.8930358460347667,0.027586206896551727,False
227.46101725929108,0.011025429914369736,0.09201509148883784,0.892999086531927,0.027586206896551727,False
227.50281458730592,0.011025472209808845,0.09198003157999918,0.8929623000310031,0.027586206896551727,False
227.54461191532076,0.011025514507528736,0.09194496978072265,0.8929254865242319,0.027586206896551727,False
227.58640924333554,0.011025556807504418,0.09190990611175288,0.8928886460038279,0.027586206896551727,False
227.62820657135035,0.011025599109710873,0.0918748405937975,0.8928517784619829,0.027586206896551727,False
227.67000389936518,0.011025641414123202,0.09183977324752665,0.8928148838908656,0.027586206896551727,False
227.71180122737996,0.011025683720716451,0.09180470409357387,0.892777962282622,0.027586206896551727,False
227.7535985553948,0.01102572602946583,0.0917696331525357,0.8927410136293747,0.027586206896551727,False
227.7953958834096,0.011025768340346518,0.09173456044497141,0.8927040379232238,0.027586206896551727,False
227.83719321142442,0.011025810653333747,0.09169948599140453,0.8926670351562475,0.027586206896551727,False
227.87899053943926,0.011025852968402815,0.09166440981232059,0.8926300053204991,0.027586206896551727,False
227.92078786745407,0.011025895285529061,0.09162933192816891,0.8925929484080105,0.027586206896551727,False
227.96258519546888,0.01102593760468784,0.09159425235936225,0.8925558644107904,0.027586206896551727,False
228.00438252348368,0.011025979925854587,0.09155917112627637,0.8925187533208243,0.027586206896551727,False
228.0461798514985,0.011026022249004744,0.09152408824925067,0.8924816151300752,0.027586206896551727,False
228.0879771795133,0.011026064574113788,0.09148900374858723,0.8924444498304824,0.027586206896551727,False
228.1297745075281,0.01102610690115734,0.09145391764455278,0.8924072574139631,0.027586206896551727,False
228.17157183554295,0.011026149230110976,0.09141882995737649,0.8923700378724105,0.027586206896551727,False
228.21336916355776,0.011026191560950301,0.09138374070725214,0.8923327911976966,0.027586206896551727,False
228.25516649157257,0.011026233893651038,0.09134864991433586,0.8922955173816685,0.027586206896551727,False
228.2969638195874,0.011026276228188896,0.09131355759874828,0.8922582164161513,0.027586206896551727,False
228.33876114760218,0.011026318564539637,0.09127846378057293,0.892220888292947,0.027586206896551727,False
228.38055847561702,0.0110263609026791,0.0912433684798581,0.8921835330038346,0.027586206896551727,False
228.42235580363183,0.011026403242583135,0.09120827171661473,0.8921461505405694,0.027586206896551727,False
228.4641531316466,0.011026445584227612,0.09117317351081854,0.8921087408948858,0.027586206896551727,False
228.50595045966145,0.011026487927588507,0.09113807388240797,0.892071304058492,0.027586206896551727,False
228.54774778767626,0.011026530272641829,0.09110297285128627,0.8920338400230755,0.027586206896551727,False
228.5895451156911,0.011026572619363567,0.0910678704373204,0.8919963487803004,0.027586206896551727,False
228.6313424437059,0.011026614967729822,0.09103276666034092,0.8919588303218072,0.027586206896551727,False
228.6731397717207,0.011026657317716699,0.09099766154014242,0.8919212846392134,0.027586206896551727,False
228.71493709973552,0.011026699669300383,0.09096255509648385,0.8918837117241133,0.027586206896551727,False
228.75673442775033,0.011026742022457072,0.09092744734908789,0.8918461115680785,0.027586206896551727,False
228.79853175576517,0.011026784377163026,0.09089233831764179,0.8918084841626576,0.027586206896551727,False
228.84032908377995,0.0110268267333945,0.09085722802179641,0.8917708294993757,0.027586206896551727,False
228.88212641179476,0.011026869091127859,0.09082211648116734,0.8917331475697351,0.027586206896551727,False
228.92392373980962,0.011026911450339493,0.09078700371533378,0.8916954383652145,0.027586206896551727,False
228.9657210678244,0.011026953811005798,0.09075188974384006,0.8916577018772701,0.027586206896551727,False
229.00751839583924,0.011026996173103269,0.09071677458619423,0.8916199380973345,0.027586206896551727,False
229.04931572385405,0.011027038536608405,0.09068165826186853,0.891582147016817,0.027586206896551727,False
229.09111305186886,0.011027080901497736,0.09064654079030032,0.8915443286271046,0.027586206896551727,False
229.13291037988367,0.01102712326774789,0.09061142219089079,0.89150648291956,0.027586206896551727,False
229.17470770789848,0.011027165635335498,0.09057630248300642,0.8914686098855239,0.027586206896551727,False
229.2165050359133,0.011027208004237095,0.09054118168597697,0.8914307095163138,0.027586206896551727,False
229.2583023639281,0.011027250374429535,0.09050605981909761,0.8913927818032221,0.027586206896551727,False
229.30009969194296,0.01102729274588962,0.09047093690162837,0.8913548267375195,0.027586206896551727,False
229.34189701995774,0.011027335118594099,0.09043581295279338,0.8913168443104535,0.027586206896551727,False
229.38369434797255,0.011027377492519856,0.09040068799178179,0.8912788345132483,0.027586206896551727,False
229.4254916759874,0.011027419867643785,0.09036556203774729,0.8912407973371039,0.027586206896551727,False
229.46728900400217,0.011027462243942793,0.09033043510980887,0.8912027327731988,0.027586206896551727,False
229.509086332017,0.011027504621393893,0.09029530722704975,0.8911646408126871,0.027586206896551727,False
229.55088366003181,0.011027546999974097,0.09026017840851812,0.8911265214466991,0.027586206896551727,False
229.5926809880466,0.011027589379660434,0.09022504867322773,0.891088374666344,0.027586206896551727,False
229.63447831606146,0.011027631760430048,0.09018991804015655,0.8910502004627053,0.027586206896551727,False
229.67627564407627,0.011027674142260083,0.09015478652824785,0.8910119988268445,0.027586206896551727,False
229.71807297209108,0.011027716525127677,0.09011965415640971,0.8909737697497994,0.027586206896551727,False
229.7598703001059,0.011027758909010107,0.09008452094351597,0.8909355132225851,0.027586206896551727,False
229.8016676281207,0.011027801293884651,0.09004938690840511,0.8908972292361924,0.027586206896551727,False
229.8434649561355,0.011027843679728583,0.09001425206988121,0.8908589177815903,0.027586206896551727,False
229.88526228415031,0.011027886066519303,0.08997911644671285,0.8908205788497225,0.027586206896551727,False
229.92705961216515,0.011027928454234209,0.08994398005763432,0.8907822124315106,0.027586206896551727,False
229.96885694017993,0.011027970842850702,0.08990884292134559,0.890743818517853,0.027586206896551727,False
230.01065426819477,0.011028013232346283,0.08987370505651111,0.8907053970996239,0.027586206896551727,False
230.0524515962096,0.011028055622698497,0.08983856648176193,0.8906669481676751,0.027586206896551727,False
230.0942489242244,0.01102809801388489,0.08980342721569369,0.8906284717128345,0.027586206896551727,False
230.13604625223923,0.011028140405883081,0.08976828727686727,0.8905899677259062,0.027586206896551727,False
230.17784358025403,0.011028182798670723,0.08973314668381008,0.8905514361976717,0.027586206896551727,False
230.21964090826881,0.011028225192225488,0.08969800545501427,0.8905128771188888,0.027586206896551727,False
230.26143823628365,0.011028267586525118,0.08966286360893821,0.8904742904802921,0.027586206896551727,False
230.30323556429846,0.01102830998154739,0.08962772116400572,0.8904356762725926,0.027586206896551727,False
230.34503289231327,0.011028352377270135,0.0895925781386057,0.890397034486477,0.027586206896551727,False
230.3868302203281,0.011028394773671167,0.08955743455109387,0.8903583651126105,0.027586206896551727,False
230.42862754834294,0.01102843717072838,0.0895222904197916,0.8903196681416341,0.027586206896551727,False
230.47042487635773,0.011028479568419744,0.08948714576298515,0.8902809435641641,0.027586206896551727,False
230.51222220437253,0.011028521966723243,0.08945200059892748,0.8902421913707946,0.027586206896551727,False
230.55401953238737,0.0110285643656169,0.0894168549458378,0.8902034115520964,0.027586206896551727,False
230.59581686040215,0.011028606765078787,0.08938170882190032,0.8901646040986158,0.027586206896551727,False
230.637614188417,0.011028649165086942,0.08934656224526581,0.8901257690008766,0.027586206896551727,False
230.67941151643177,0.01102869156561957,0.08931141523405116,0.8900869062493786,0.027586206896551727,False
230.7212088444466,0.011028733966654847,0.08927626780633972,0.8900480158345987,0.027586206896551727,False
230.76300617246144,0.011028776368170973,0.08924111998017993,0.8900090977469893,0.027586206896551727,False
230.80480350047625,0.011028818770146246,0.08920597177358743,0.8899701519769802,0.027586206896551727,False
230.84660082849106,0.011028861172558939,0.08917082320454399,0.8899311785149775,0.027586206896551727,False
230.88839815650587,0.01102890357538742,0.08913567429099722,0.8898921773513635,0.027586206896551727,False
230.93019548452068,0.011028945978610098,0.08910052505086118,0.8898531484764968,0.027586206896551727,False
230.9719928125355,0.011028988382205378,0.08906537550201678,0.889814091880713,0.027586206896551727,False
231.0137901405503,0.011029030786151724,0.0890302256623107,0.889775007554324,0.027586206896551727,False
231.0555874685651,0.011029073190427662,0.08899507554955685,0.8897358954876183,0.027586206896551727,False
231.09738479657995,0.011029115595011735,0.08895992518153459,0.8896967556708599,0.027586206896551727,False
231.13918212459475,0.011029157999882536,0.08892477457599073,0.8896575880942904,0.027586206896551727,False
231.1809794526096,0.011029200405018688,0.08888962375063877,0.8896183927481276,0.027586206896551727,False
231.22277678062437,0.011029242810398873,0.08885447272315834,0.8895791696225652,0.027586206896551727,False
231.2645741086392,0.011029285216001801,0.08881932151119572,0.8895399187077734,0.027586206896551727,False
231.306371436654,0.011029327621806207,0.0887841701323644,0.8895006399938994,0.027586206896551727,False
231.3481687646688,0.0110293700277909,0.08874901860424472,0.8894613334710666,0.027586206896551727,False
231.38996609268364,0.011029412433934701,0.08871386694438278,0.8894219991293739,0.027586206896551727,False
231.43176342069842,0.0110294548402165,0.08867871517029295,0.8893826369588974,0.027586206896551727,False
231.47356074871328,0.011029497246615191,0.08864356329945564,0.8893432469496897,0.027586206896551727,False
231.5153580767281,0.011029539653109734,0.08860841134931899,0.8893038290917796,0.027586206896551727,False
231.55715540474293,0.011029582059679107,0.08857325933729689,0.8892643833751718,0.027586206896551727,False
231.5989527327577,0.011029624466302367,0.0885381072807714,0.8892249097898475,0.027586206896551727,False
231.64075006077252,0.01102966687295858,0.08850295519709145,0.8891854083257646,0.027586206896551727,False
231.68254738878733,0.011029709279626794,0.088467803103573,0.889145878972858,0.027586206896551727,False
231.72434471680214,0.011029751686286114,0.08843265101749916,0.8891063217210381,0.027586206896551727,False
231.76614204481697,0.011029794092915853,0.08839749895612063,0.8890667365601911,0.027586206896551727,False
231.8079393728318,0.011029836499495245,0.08836234693665478,0.8890271234801792,0.027586206896551727,False
231.8497367008466,0.011029878906003515,0.08832719497628636,0.8889874824708424,0.027586206896551727,False
231.89153402886143,0.011029921312420006,0.08829204309216807,0.8889478135219958,0.027586206896551727,False
231.9333313568762,0.01102996371872405,0.08825689130142003,0.888908116623432,0.027586206896551727,False
231.97512868489105,0.011030006124895023,0.08822173962112913,0.888868391764919,0.027586206896551727,False
232.01692601290586,0.011030048530912344,0.08818658806834985,0.8888286389362007,0.027586206896551727,False
232.05872334092064,0.011030090936755473,0.08815143666010486,0.8887888581269983,0.027586206896551727,False
232.10052066893547,0.011030133342403914,0.08811628541338422,0.8887490493270088,0.027586206896551727,False
232.14231799695028,0.011030175747837195,0.08808113434514565,0.8887092125259058,0.027586206896551727,False
232.18411532496512,0.01103021815303493,0.088045983472314,0.8886693477133382,0.027586206896551727,False
232.22591265297993,0.011030260557976729,0.0880108328117826,0.8886294548789315,0.027586206896551727,False
232.26770998099474,0.011030302962642227,0.08797568238041192,0.8885895340122882,0.027586206896551727,False
232.30950730900955,0.01103034536701116,0.08794053219503113,0.8885495851029863,0.027586206896551727,False
232.35130463702436,0.01103038777106326,0.08790538227243626,0.8885096081405797,0.027586206896551727,False
232.3931019650392,0.011030430174778285,0.08787023262939207,0.8884696031145995,0.027586206896551727,False
232.43489929305397,0.011030472578136058,0.08783508328263072,0.8884295700145523,0.027586206896551727,False
232.47669662106878,0.011030514981116431,0.08779993424885248,0.8883895088299205,0.027586206896551727,False
232.51849394908365,0.011030557383699327,0.08776478554472596,0.8883494195501636,0.027586206896551727,False
232.56029127709843,0.011030599785864613,0.08772963718688745,0.8883093021647168,0.027586206896551727,False
232.60208860511327,0.011030642187592287,0.08769448919194217,0.8882691566629921,0.027586206896551727,False
232.64388593312808,0.01103068458886236,0.0876593415764629,0.8882289830343769,0.027586206896551727,False
232.68568326114286,0.011030726989654878,0.08762419435699029,0.8881887812682344,0.027586206896551727,False
232.7274805891577,0.011030769389949914,0.08758904755003367,0.8881485513539045,0.027586206896551727,False
232.7692779171725,0.011030811789727587,0.08755390117207143,0.8881082932807041,0.027586206896551727,False
232.8110752451873,0.011030854188968077,0.08751875523954915,0.8880680070379244,0.027586206896551727,False
232.85287257320212,0.011030896587651537,0.0874836097688818,0.888027692614835,0.027586206896551727,False
232.894669901217,0.011030938985758255,0.0874484647764522,0.8879873500006794,0.027586206896551727,False
232.93646722923177,0.011030981383268485,0.08741332027861155,0.887946979184678,0.027586206896551727,False
232.97826455724658,0.011031023780162528,0.08737817629168021,0.8879065801560277,0.027586206896551727,False
233.0200618852614,0.011031066176420733,0.08734303283194665,0.8878661529039014,0.027586206896551727,False
233.0618592132762,0.011031108572023473,0.08730788991566853,0.8878256974174482,0.027586206896551727,False
233.10365654129103,0.011031150966951203,0.08727274755907147,0.8877852136857922,0.027586206896551727,False
233.14545386930584,0.011031193361184386,0.08723760577835049,0.8877447016980349,0.027586206896551727,False
233.18725119732062,0.011031235754703522,0.08720246458966867,0.8877041614432526,0.027586206896551727,False
233.22904852533546,0.011031278147489151,0.0871673240091587,0.8876635929104989,0.027586206896551727,False
233.2708458533503,0.011031320539521829,0.0871321840529217,0.887622996088803,0.027586206896551727,False
233.3126431813651,0.011031362930782202,0.08709704473702808,0.8875823709671701,0.027586206896551727,False
233.3544405093799,0.011031405321250885,0.08706190607751672,0.8875417175345813,0.027586206896551727,False
233.39623783739472,0.011031447710908582,0.08702676809039578,0.8875010357799938,0.027586206896551727,False
233.43803516540953,0.011031490099736028,0.08699163079164253,0.887460325692341,0.027586206896551727,False
233.47983249342434,0.01103153248771398,0.08695649419720307,0.8874195872605318,0.027586206896551727,False
233.52162982143918,0.011031574874823239,0.0869213583229933,0.8873788204734522,0.027586206896551727,False
233.56342714945396,0.011031617261044615,0.08688622318489744,0.8873380253199632,0.027586206896551727,False
233.6052244774688,0.011031659646359005,0.08685108879876934,0.8872972017889016,0.027586206896551727,False
233.64702180548363,0.011031702030747319,0.08681595518043252,0.8872563498690814,0.027586206896551727,False
233.6888191334984,0.011031744414190508,0.08678082234567909,0.8872154695492911,0.027586206896551727,False
233.73061646151325,0.01103178679666953,0.08674569031027098,0.8871745608182964,0.027586206896551727,False
233.77241378952806,0.011031829178165434,0.08671055908993953,0.8871336236648383,0.027586206896551727,False
233.81421111754284,0.01103187155865928,0.08667542870038544,0.8870926580776336,0.027586206896551727,False
233.85600844555768,0.011031913938132144,0.08664029915727953,0.8870516640453764,0.027586206896551727,False
233.8978057735725,0.011031956316565186,0.08660517047626107,0.8870106415567347,0.027586206896551727,False
233.9396031015873,0.011031998693939546,0.08657004267293959,0.8869695906003539,0.027586206896551727,False
233.98140042960213,0.011032041070236448,0.08653491576289433,0.8869285111648547,0.027586206896551727,False
234.02319775761697,0.011032083445437109,0.086499789761674,0.8868874032388343,0.027586206896551727,False
234.06499508563175,0.011032125819522844,0.08646466468479684,0.8868462668108643,0.027586206896551727,False
234.10679241364656,0.011032168192474955,0.08642954054775172,0.8868051018694946,0.027586206896551727,False
234.1485897416614,0.011032210564274779,0.08639441736599654,0.886763908403249,0.027586206896551727,False
234.19038706967618,0.011032252934903728,0.0863592951549597,0.8867226864006285,0.027586206896551727,False
234.23218439769101,0.01103229530434321,0.08632417393003858,0.8866814358501087,0.027586206896551727,False
234.27398172570582,0.011032337672574706,0.08628905370660163,0.8866401567401422,0.027586206896551727,False
234.3157790537206,0.011032380039579667,0.08625393449998661,0.8865988490591572,0.027586206896551727,False
234.35757638173547,0.011032422405339675,0.08621881632550123,0.8865575127955567,0.027586206896551727,False
234.39937370975028,0.0110324647698363,0.08618369919842396,0.886516147937721,0.027586206896551727,False
234.4411710377651,0.01103250713305111,0.086148583134003,0.8864747544740059,0.027586206896551727,False
234.4829683657799,0.011032549494965705,0.08611346814745718,0.8864333323927436,0.027586206896551727,False
234.5247656937947,0.011032591855561737,0.08607835425397473,0.8863918816822409,0.027586206896551727,False
234.56656302180951,0.011032634214820997,0.08604324146871466,0.8863504023307806,0.027586206896551727,False
234.60836034982432,0.011032676572725268,0.08600812980680674,0.8863088943266212,0.027586206896551727,False
234.65015767783916,0.011032718929256299,0.08597301928335027,0.8862673576579977,0.027586206896551727,False
234.69195500585397,0.011032761284395927,0.08593790991341571,0.8862257923131205,0.027586206896551727,False
234.73375233386878,0.011032803638126,0.08590280171204367,0.8861841982801761,0.027586206896551727,False
234.77554966188362,0.011032845990428374,0.08586769469424517,0.8861425755473271,0.027586206896551727,False
234.8173469898984,0.011032888341285029,0.08583258887500217,0.8861009241027108,0.027586206896551727,False
234.85914431791323,0.011032930690677904,0.08579748426926666,0.886059243934441,0.027586206896551727,False
234.90094164592804,0.011032973038588991,0.0857623808919617,0.886017535030607,0.027586206896551727,False
234.94273897394282,0.011033015385000304,0.08572727875798128,0.8859757973792748,0.027586206896551727,False
234.98453630195766,0.011033057729893927,0.08569217788218951,0.8859340309684848,0.027586206896551727,False
235.02633362997247,0.01103310007325198,0.08565707827942186,0.8858922357862538,0.027586206896551727,False
235.0681309579873,0.011033142415056582,0.0856219799644845,0.8858504118205746,0.027586206896551727,False
235.10992828600212,0.011033184755289896,0.08558688295215393,0.8858085590594149,0.027586206896551727,False
235.15172561401695,0.011033227093934145,0.08555178725717809,0.8857666774907189,0.027586206896551727,False
235.19352294203173,0.011033269430971554,0.08551669289427596,0.8857247671024064,0.027586206896551727,False
235.23532027004654,0.011033311766384385,0.08548159987813744,0.8856828278823727,0.027586206896551727,False
235.27711759806138,0.011033354100154968,0.08544650822342352,0.8856408598184893,0.027586206896551727,False
235.31891492607616,0.01103339643226566,0.08541141794476599,0.8855988628986022,0.027586206896551727,False
235.36071225409097,0.011033438762698859,0.08537632905676813,0.885556837110534,0.027586206896551727,False
235.40250958210584,0.011033481091436951,0.08534124157400454,0.8855147824420834,0.027586206896551727,False
235.44430691012062,0.011033523418462421,0.08530615551102055,0.8854726988810234,0.027586206896551727,False
235.48610423813545,0.01103356574375775,0.08527107088233318,0.8854305864151039,0.027586206896551727,False
235.52790156615026,0.011033608067305432,0.08523598770243107,0.8853884450320505,0.027586206896551727,False
235.56969889416507,0.011033650389088035,0.08520090598577332,0.8853462747195635,0.027586206896551727,False
235.61149622217988,0.011033692709088182,0.08516582574679124,0.8853040754653191,0.027586206896551727,False
235.65329355019466,0.011033735027288471,0.08513074699988728,0.8852618472569699,0.027586206896551727,False
235.6950908782095,0.011033777343671568,0.08509566975943572,0.8852195900821433,0.027586206896551727,False
235.7368882062243,0.011033819658220154,0.08506059403978192,0.885177303928443,0.027586206896551727,False
235.77868553423917,0.011033861970916974,0.08502551985524345,0.8851349887834479,0.027586206896551727,False
235.82048286225395,0.01103390428174479,0.08499044722010847,0.8850926446347118,0.027586206896551727,False
235.86228019026876,0.01103394659068636,0.08495537614863817,0.8850502714697661,0.027586206896551727,False
235.9040775182836,0.011033988897724568,0.08492030665506471,0.8850078692761157,0.027586206896551727,False
235.94587484629838,0.011034031202842262,0.08488523875359244,0.8849654380412427,0.027586206896551727,False
235.98767217431322,0.011034073506022344,0.08485017245839695,0.8849229777526032,0.027586206896551727,False
236.029469502328,0.011034115807247688,0.08481510778362625,0.8848804883976309,0.027586206896551727,False
236.0712668303428,0.011034158106501294,0.08478004474340016,0.8848379699637333,0.027586206896551727,False
236.11306415835764,0.011034200403766193,0.08474498335181038,0.8847954224382942,0.027586206896551727,False
236.15486148637248,0.011034242699025424,0.08470992362292057,0.8847528458086724,0.027586206896551727,False
236.1966588143873,0.011034284992262009,0.08467486557076624,0.8847102400622028,0.027586206896551727,False
236.2384561424021,0.011034327283459074,0.08463980920935561,0.884667605186196,0.027586206896551727,False
236.28025347041688,0.011034369572599758,0.08460475455266886,0.8846249411679379,0.027586206896551727,False
236.32205079843172,0.011034411859667212,0.08456970161465771,0.8845822479946894,0.027586206896551727,False
236.36384812644653,0.011034454144644629,0.08453465040924708,0.884539525653688,0.027586206896551727,False
236.40564545446134,0.011034496427515276,0.0844996009503336,0.8844967741321456,0.027586206896551727,False
236.44744278247614,0.011034538708262407,0.08446455325178623,0.8844539934172503,0.027586206896551727,False
236.489240110491,0.011034580986869325,0.08442950732744663,0.8844111834961654,0.027586206896551727,False
236.53103743850582,0.011034623263319351,0.08439446319112849,0.8843683443560301,0.027586206896551727,False
236.5728347665206,0.011034665537595871,0.08435942085661816,0.8843254759839583,0.027586206896551727,False
236.61463209453544,0.011034707809682267,0.08432438033767452,0.8842825783670402,0.027586206896551727,False
236.65642942255022,0.01103475007956199,0.0842893416480293,0.8842396514923413,0.027586206896551727,False
236.69822675056506,0.011034792347218506,0.08425430480138583,0.8841966953469017,0.027586206896551727,False
236.74002407857986,0.01103483461263532,0.08421926981142104,0.8841537099177379,0.027586206896551727,False
236.78182140659464,0.011034876875795975,0.08418423669178449,0.8841106951918417,0.027586206896551727,False
236.82361873460948,0.011034919136684005,0.08414920545609807,0.8840676511561804,0.027586206896551727,False
236.86541606262432,0.011034961395283026,0.08411417611795674,0.8840245777976964,0.027586206896551727,False
236.90721339063913,0.011035003651576673,0.08407914869092789,0.8839814751033075,0.027586206896551727,False
236.94901071865394,0.011035045905548616,0.08404412318855208,0.8839383430599069,0.027586206896551727,False
236.99080804666875,0.011035088157182538,0.08400909962434278,0.8838951816543636,0.027586206896551727,False
237.03260537468356,0.011035130406462174,0.08397407801178668,0.8838519908735225,0.027586206896551727,False
237.07440270269836,0.011035172653371289,0.08393905836434273,0.8838087707042022,0.027586206896551727,False
237.1162000307132,0.01103521489789368,0.08390404069544341,0.8837655211331977,0.027586206896551727,False
237.15799735872798,0.011035257140013173,0.0838690250184948,0.8837222421472803,0.027586206896551727,False
237.1997946867428,0.011035299379713624,0.0838340113468748,0.8836789337331948,0.027586206896551727,False
237.24159201475766,0.01103534161697893,0.08379899969393564,0.8836355958776627,0.027586206896551727,False
237.28338934277244,0.011035383851793019,0.08376399007300213,0.8835922285673801,0.027586206896551727,False
237.32518667078728,0.011035426084139856,0.08372898249737291,0.8835488317890191,0.027586206896551727,False
237.36698399880208,0.011035468314003403,0.08369397698031923,0.883505405529227,0.027586206896551727,False
237.40878132681686,0.011035510541367683,0.0836589735350862,0.8834619497746258,0.027586206896551727,False
237.4505786548317,0.011035552766216787,0.08362397217489226,0.8834184645118134,0.027586206896551727,False
237.4923759828465,0.011035594988534757,0.08358897291292898,0.8833749497273631,0.027586206896551727,False
237.53417331086132,0.011035637208305749,0.08355397576236229,0.8833314054078235,0.027586206896551727,False
237.57597063887616,0.011035679425513903,0.08351898073633052,0.8832878315397179,0.027586206896551727,False
237.61776796689097,0.011035721640143398,0.083483987847946,0.8832442281095455,0.027586206896551727,False
237.65956529490578,0.011035763852178408,0.08344899711029478,0.8832005951037807,0.027586206896551727,False
237.70136262292058,0.011035806061603178,0.0834140085364369,0.8831569325088736,0.027586206896551727,False
237.74315995093542,0.011035848268401954,0.08337902213940539,0.8831132403112489,0.027586206896551727,False
237.7849572789502,0.011035890472559096,0.08334403793220749,0.8830695184973065,0.027586206896551727,False
237.826754606965,0.011035932674058977,0.08330905592782435,0.8830257670534217,0.027586206896551727,False
237.86855193497985,0.011035974872885951,0.08327407613921044,0.8829819859659449,0.027586206896551727,False
237.91034926299463,0.011036017069024422,0.08323909857929475,0.8829381752212023,0.027586206896551727,False
237.9521465910095,0.011036059262458835,0.08320412326097958,0.8828943348054948,0.027586206896551727,False
237.9939439190243,0.011036101453173639,0.08316915019714188,0.8828504647050993,0.027586206896551727,False
238.0357412470391,0.011036143641153321,0.08313417940063193,0.8828065649062671,0.027586206896551727,False
238.07753857505392,0.011036185826382425,0.08309921088427427,0.8827626353952247,0.027586206896551727,False
238.11933590306873,0.011036228008845508,0.08306424466086784,0.8827186761581745,0.027586206896551727,False
238.16113323108354,0.011036270188527153,0.0830292807431855,0.8826746871812935,0.027586206896551727,False
238.20293055909835,0.011036312365411983,0.08299431914397445,0.8826306684507346,0.027586206896551727,False
238.24472788711319,0.011036354539484653,0.08295935987595615,0.8825866199526253,0.027586206896551727,False
238.286525215128,0.011036396710729859,0.08292440295182577,0.8825425416730678,0.027586206896551727,False
238.3283225431428,0.011036438879132315,0.0828894483842534,0.8824984335981402,0.027586206896551727,False
238.37011987115764,0.011036481044676728,0.08285449618588332,0.882454295713896,0.027586206896551727,False
238.41191719917242,0.011036523207347913,0.08281954636933435,0.8824101280063635,0.027586206896551727,False
238.45371452718726,0.011036565367130656,0.08278459894719947,0.8823659304615457,0.027586206896551727,False
238.49551185520207,0.011036607524009832,0.08274965393204668,0.8823217030654216,0.027586206896551727,False
238.53730918321685,0.011036649677970264,0.08271471133641756,0.8822774458039443,0.027586206896551727,False
238.57910651123169,0.011036691828996886,0.08267977117282928,0.8822331586630427,0.027586206896551727,False
238.6209038392465,0.011036733977074586,0.08264483345377309,0.8821888416286213,0.027586206896551727,False
238.66270116726133,0.011036776122188384,0.08260989819171481,0.8821444946865581,0.027586206896551727,False
238.70449849527614,0.011036818264323222,0.0825749653990959,0.8821001178227085,0.027586206896551727,False
238.74629582329095,0.011036860403464157,0.08254003508833155,0.8820557110229008,0.027586206896551727,False
238.78809315130576,0.011036902539596235,0.08250510727181176,0.8820112742729393,0.027586206896551727,False
238.82989047932057,0.011036944672704541,0.08247018196190199,0.8819668075586036,0.027586206896551727,False
238.8716878073354,0.011036986802774172,0.08243525917094288,0.8819223108656488,0.027586206896551727,False
238.9134851353502,0.01103702892979026,0.08240033891124862,0.8818777841798037,0.027586206896551727,False
238.955282463365,0.011037071053737973,0.08236542119510944,0.8818332274867733,0.027586206896551727,False
238.99707979137983,0.011037113174602542,0.08233050603479006,0.8817886407722365,0.027586206896551727,False
239.03887711939464,0.011037155292369198,0.08229559344253069,0.8817440240218483,0.027586206896551727,False
239.08067444740948,0.011037197407023176,0.08226068343054672,0.8816993772212387,0.027586206896551727,False
239.1224717754243,0.011037239518549813,0.0822257760110281,0.8816547003560119,0.027586206896551727,False
239.16426910343907,0.011037281626934419,0.08219087119614041,0.8816099934117477,0.027586206896551727,False
239.2060664314539,0.01103732373216235,0.08215596899802452,0.8815652563740011,0.027586206896551727,False
239.24786375946871,0.011037365834218956,0.08212106942879638,0.8815204892283021,0.027586206896551727,False
239.28966108748352,0.011037407933089704,0.08208617250054703,0.8814756919601544,0.027586206896551727,False
239.33145841549833,0.011037450028760014,0.08205127822534354,0.8814308645550386,0.027586206896551727,False
239.3732557435132,0.011037492121215367,0.08201638661522752,0.8813860069984086,0.027586206896551727,False
239.41505307152798,0.011037534210441227,0.08198149768221674,0.881341119275695,0.027586206896551727,False
239.4568503995428,0.011037576296423175,0.08194661143830421,0.8812962013723017,0.027586206896551727,False
239.49864772755762,0.011037618379146758,0.08191172789545806,0.881251253273608,0.027586206896551727,False
239.5404450555724,0.01103766045859752,0.08187684706562265,0.8812062749649691,0.027586206896551727,False
239.58224238358724,0.01103770253476112,0.08184196896071769,0.8811612664317141,0.027586206896551727,False
239.62403971160205,0.0110377446076232,0.08180709359263846,0.8811162276591474,0.027586206896551727,False
239.66583703961683,0.011037786677169464,0.08177222097325634,0.8810711586325484,0.027586206896551727,False
239.70763436763167,0.011037828743385608,0.08173735111441777,0.8810260593371708,0.027586206896551727,False
239.7494316956465,0.01103787080625737,0.08170248402794565,0.8809809297582442,0.027586206896551727,False
239.79122902366132,0.011037912865770485,0.08166761972563812,0.8809357698809724,0.027586206896551727,False
239.83302635167612,0.011037954921910806,0.08163275821926998,0.8808905796905346,0.027586206896551727,False
239.87482367969093,0.011037996974664118,0.08159789952059075,0.8808453591720837,0.027586206896551727,False
239.91662100770574,0.011038039024016285,0.08156304364132702,0.8808001083107492,0.027586206896551727,False
239.95841833572055,0.011038081069953163,0.08152819059318056,0.880754827091634,0.027586206896551727,False
240.0002156637354,0.011038123112460697,0.08149334038783013,0.880709515499817,0.027586206896551727,False
240.04201299175017,0.011038165151524821,0.08145849303692977,0.880664173520351,0.027586206896551727,False
240.08381031976498,0.011038207187131508,0.08142364855210948,0.8806188011382636,0.027586206896551727,False
240.12560764777984,0.011038249219266742,0.0813888069449763,0.8805733983385584,0.027586206896551727,False
240.16740497579462,0.011038291247916547,0.08135396822711306,0.8805279651062132,0.027586206896551727,False
240.20920230380946,0.011038333273066985,0.08131913241007863,0.88048250142618,0.027586206896551727,False
240.25099963182427,0.011038375294704148,0.0812842995054081,0.8804370072833859,0.027586206896551727,False
240.29279695983905,0.011038417312814143,0.08124946952461327,0.8803914826627333,0.027586206896551727,False
240.3345942878539,0.011038459327383105,0.08121464247918228,0.8803459275490991,0.027586206896551727,False
240.37639161586867,0.011038501338397193,0.08117981838057954,0.8803003419273353,0.027586206896551727,False
240.4181889438835,0.011038543345842628,0.08114499724024636,0.8802547257822683,0.027586206896551727,False
240.45998627189834,0.011038585349705624,0.08111017906959914,0.8802090790986982,0.027586206896551727,False
240.50178359991318,0.011038627349972437,0.0810753638800328,0.8801634018614024,0.027586206896551727,False
240.54358092792796,0.011038669346629332,0.0810405516829172,0.8801176940551307,0.027586206896551727,False
240.58537825594277,0.011038711339662638,0.08100574248959978,0.8800719556646089,0.027586206896551727,False
240.6271755839576,0.011038753329058706,0.08097093631140469,0.8800261866745374,0.027586206896551727,False
240.6689729119724,0.011038795314803894,0.08093613315963213,0.8799803870695907,0.027586206896551727,False
240.71077023998723,0.011038837296884558,0.08090133304555923,0.8799345568344187,0.027586206896551727,False
240.752567568002,0.011038879275287168,0.08086653598044034,0.8798886959536454,0.027586206896551727,False
240.79436489601682,0.01103892124999816,0.08083174197550616,0.8798428044118699,0.027586206896551727,False
240.83616222403168,0.011038963221004025,0.08079695104196485,0.8797968821936661,0.027586206896551727,False
240.8779595520465,0.011039005188291273,0.08076216319100099,0.8797509292835823,0.027586206896551727,False
240.9197568800613,0.011039047151846395,0.0807273784337762,0.8797049456661421,0.027586206896551727,False
240.9615542080761,0.011039089111655999,0.08069259678142923,0.8796589313258427,0.027586206896551727,False
241.0033515360909,0.011039131067706662,0.08065781824507576,0.8796128862471565,0.027586206896551727,False
241.04514886410573,0.011039173019985,0.08062304283580822,0.8795668104145302,0.027586206896551727,False
241.08694619212054,0.011039214968477639,0.08058827056469706,0.8795207038123863,0.027586206896551727,False
241.12874352013534,0.01103925691317128,0.0805535014427889,0.8794745664251203,0.027586206896551727,False
241.17054084815018,0.011039298854052625,0.08051873548110801,0.8794283982371032,0.027586206896551727,False
241.212338176165,0.011039340791108403,0.08048397269065607,0.8793821992326804,0.027586206896551727,False
241.2541355041798,0.011039382724325367,0.08044921308241229,0.8793359693961729,0.027586206896551727,False
241.2959328321946,0.01103942465369027,0.08041445666733243,0.879289708711875,0.027586206896551727,False
241.33773016020945,0.011039466579189966,0.0803797034563499,0.8792434171640554,0.027586206896551727,False
241.37952748822423,0.011039508500811274,0.08034495346037578,0.8791970947369588,0.027586206896551727,False
241.42132481623904,0.01103955041854106,0.08031020669029824,0.879150741414803,0.027586206896551727,False
241.46312214425387,0.011039592332366201,0.08027546315698342,0.8791043571817816,0.027586206896551727,False
241.50491947226865,0.011039634242273626,0.08024072287127469,0.8790579420220622,0.027586206896551727,False
241.54671680028352,0.011039676148250195,0.08020598584399291,0.8790114959197876,0.027586206896551727,False
241.58851412829833,0.011039718050282941,0.08017125208593666,0.8789650188590736,0.027586206896551727,False
241.6303114563131,0.011039759948358902,0.08013652160788226,0.8789185108240114,0.027586206896551727,False
241.67210878432795,0.011039801842465082,0.08010179442058353,0.8788719717986667,0.027586206896551727,False
241.71390611234276,0.011039843732588575,0.0800670705347723,0.8788254017670796,0.027586206896551727,False
241.75570344035756,0.011039885618716447,0.08003234996115798,0.8787788007132649,0.027586206896551727,False
241.79750076837237,0.011039927500835807,0.07999763271042795,0.8787321686212118,0.027586206896551727,False
241.8392980963872,0.011039969378933772,0.07996291879324699,0.878685505474884,0.027586206896551727,False
241.881095424402,0.011040011252997486,0.07992820822025835,0.8786388112582199,0.027586206896551727,False
241.92289275241683,0.011040053123014175,0.07989350100208288,0.8785920859551315,0.027586206896551727,False
241.96469008043167,0.01104009498897102,0.07985879714931982,0.878545329549507,0.027586206896551727,False
242.00648740844645,0.011040136850855262,0.07982409667254571,0.8784985420252072,0.027586206896551727,False
242.04828473646128,0.01104017870865419,0.07978939958231573,0.8784517233660681,0.027586206896551727,False
242.0900820644761,0.01104022056235507,0.07975470588916318,0.8784048735559006,0.027586206896551727,False
242.13187939249087,0.011040262411945232,0.07972001560359888,0.8783579925784888,0.027586206896551727,False
242.1736767205057,0.011040304257412014,0.0796853287361122,0.8783110804175922,0.027586206896551727,False
242.21547404852052,0.011040346098742812,0.07965064529717131,0.8782641370569446,0.027586206896551727,False
242.25727137653536,0.011040387935924977,0.07961596529722167,0.8782171624802543,0.027586206896551727,False
242.29906870455017,0.01104042976894597,0.07958128874668757,0.8781701566712031,0.027586206896551727,False
242.34086603256497,0.011040471597793236,0.07954661565597158,0.878123119613448,0.027586206896551727,False
242.38266336057978,0.011040513422454247,0.07951194603545474,0.8780760512906206,0.027586206896551727,False
242.4244606885946,0.011040555242916516,0.07947727989549634,0.8780289516863262,0.027586206896551727,False
242.46625801660943,0.011040597059167535,0.07944261724643402,0.8779818207841447,0.027586206896551727,False
242.5080553446242,0.0110406388711949,0.07940795809858399,0.8779346585676299,0.027586206896551727,False
242.54985267263902,0.011040680678986189,0.07937330246224142,0.8778874650203108,0.027586206896551727,False
242.59165000065386,0.011040722482528992,0.07933865034767926,0.8778402401256898,0.027586206896551727,False
242.63344732866867,0.011040764281810967,0.0793040017651498,0.8777929838672444,0.027586206896551727,False
242.6752446566835,0.011040806076819704,0.07926935672488378,0.8777456962284266,0.027586206896551727,False
242.7170419846983,0.011040847867542952,0.0792347152370902,0.8776983771926613,0.027586206896551727,False
242.7588393127131,0.011040889653968409,0.07920007731195744,0.8776510267433488,0.027586206896551727,False
242.80063664072793,0.01104093143608379,0.0791654429596524,0.8776036448638639,0.027586206896551727,False
242.84243396874274,0.01104097321387689,0.0791308121903202,0.8775562315375539,0.027586206896551727,False
242.88423129675755,0.011041014987335448,0.07909618501408605,0.8775087867477431,0.027586206896551727,False
242.92602862477236,0.011041056756447312,0.0790615614410533,0.8774613104777284,0.027586206896551727,False
242.96782595278717,0.011041098521200296,0.07902694148130364,0.8774138027107802,0.027586206896551727,False
243.009623280802,0.011041140281582273,0.07899232514489904,0.8773662634301448,0.027586206896551727,False
243.0514206088168,0.011041182037581126,0.07895771244187977,0.8773186926190422,0.027586206896551727,False
243.09321793683165,0.011041223789184767,0.07892310338226485,0.8772710902606659,0.027586206896551727,False
243.13501526484643,0.011041265536381155,0.07888849797605321,0.8772234563381843,0.027586206896551727,False
243.17681259286127,0.011041307279158238,0.07885389623322216,0.8771757908347398,0.027586206896551727,False
243.21860992087608,0.011041349017504006,0.0788192981637284,0.8771280937334489,0.027586206896551727,False
243.26040724889086,0.011041390751406461,0.07878470377750774,0.8770803650174022,0.027586206896551727,False
243.3022045769057,0.011041432480853635,0.07875011308447553,0.8770326046696648,0.027586206896551727,False
243.34400190492053,0.011041474205833611,0.07871552609452642,0.876984812673276,0.027586206896551727,False
243.38579923293534,0.01104151592633447,0.07868094281753399,0.8769369890112487,0.027586206896551727,False
243.42759656095015,0.011041557642344315,0.07864636326335159,0.8768891336665706,0.027586206896551727,False
243.46939388896496,0.011041599353851288,0.07861178744181144,0.8768412466222028,0.027586206896551727,False
243.51119121697977,0.011041641060843531,0.07857721536272587,0.8767933278610814,0.027586206896551727,False
243.55298854499458,0.011041682763309257,0.07854264703588622,0.8767453773661159,0.027586206896551727,False
243.5947858730094,0.011041724461236685,0.07850808247106339,0.8766973951201897,0.027586206896551727,False
243.6365832010242,0.011041766154614052,0.07847352167800774,0.8766493811061608,0.027586206896551727,False
243.678380529039,0.011041807843429612,0.07843896466644952,0.8766013353068612,0.027586206896551727,False
243.72017785705387,0.011041849527671644,0.07840441144609846,0.8765532577050968,0.027586206896551727,False
243.76197518506865,0.01104189120732844,0.07836986202664403,0.8765051482836484,0.027586206896551727,False
243.8037725130835,0.011041932882388368,0.07833531641775536,0.8764570070252697,0.027586206896551727,False
243.8455698410983,0.011041974552839805,0.07830077462908115,0.8764088339126885,0.027586206896551727,False
243.88736716911308,0.011042016218671086,0.07826623667025,0.8763606289286074,0.027586206896551727,False
243.9291644971279,0.011042057879870672,0.07823170255087064,0.8763123920557025,0.027586206896551727,False
243.97096182514272,0.011042099536426984,0.0781971722805311,0.8762641232766238,0.027586206896551727,False
244.01275915315753,0.011042141188328466,0.0781626458687996,0.8762158225739958,0.027586206896551727,False
244.05455648117237,0.011042182835563612,0.07812812332522415,0.8761674899304163,0.027586206896551727,False
244.0963538091872,0.011042224478120902,0.07809360465933274,0.8761191253284577,0.027586206896551727,False
244.138151137202,0.011042266115988889,0.07805908988063376,0.8760707287506663,0.027586206896551727,False
244.1799484652168,0.01104230774915613,0.07802457899861544,0.8760223001795625,0.027586206896551727,False
244.22174579323163,0.011042349377611178,0.07799007202274548,0.8759738395976395,0.027586206896551727,False
244.2635431212464,0.011042391001342675,0.07795556896247283,0.8759253469873663,0.027586206896551727,False
244.30534044926122,0.011042432620339184,0.07792106982722555,0.8758768223311845,0.027586206896551727,False
244.34713777727606,0.01104247423458939,0.07788657462641253,0.87582826561151,0.027586206896551727,False
244.38893510529084,0.011042515844081963,0.07785208336942283,0.8757796768107327,0.027586206896551727,False
244.4307324333057,0.0110425574488056,0.07781759606562527,0.8757310559112157,0.027586206896551727,False
244.47252976132052,0.011042599048749043,0.07778311272436983,0.8756824028952972,0.027586206896551727,False
244.51432708933532,0.011042640643901,0.07774863335498576,0.8756337177452883,0.027586206896551727,False
244.55612441735013,0.011042682234250254,0.07771415796678403,0.8755850004434749,0.027586206896551727,False
244.59792174536494,0.011042723819785584,0.07767968656905498,0.8755362509721158,0.027586206896551727,False
244.63971907337975,0.011042765400495836,0.07764521917106962,0.8754874693134441,0.027586206896551727,False
244.68151640139456,0.011042806976369838,0.07761075578207953,0.8754386554496664,0.027586206896551727,False
244.72331372940937,0.011042848547396471,0.077576296411317,0.8753898093629634,0.027586206896551727,False
244.76511105742418,0.011042890113564529,0.07754184106799454,0.8753409310354903,0.027586206896551727,False
244.80690838543902,0.011042931674863015,0.07750738976130575,0.8752920204493748,0.027586206896551727,False
244.84870571345385,0.011042973231280843,0.07747294250042461,0.8752430775867196,0.027586206896551727,False
244.89050304146863,0.011043014782806953,0.07743849929450539,0.8751941024296,0.027586206896551727,False
244.93230036948347,0.011043056329430354,0.07740406015268378,0.8751450949600659,0.027586206896551727,False
244.97409769749828,0.011043097871140009,0.0773696250840759,0.8750960551601411,0.027586206896551727,False
245.01589502551306,0.011043139407924953,0.07733519409777821,0.8750469830118224,0.027586206896551727,False
245.0576923535279,0.011043180939774246,0.07730076720286869,0.8749978784970808,0.027586206896551727,False
245.09948968154268,0.011043222466676968,0.07726634440840618,0.8749487415978614,0.027586206896551727,False
245.14128700955754,0.011043263988622211,0.07723192572343007,0.8748995722960824,0.027586206896551727,False
245.18308433757235,0.011043305505599083,0.07719751115696095,0.8748503705736363,0.027586206896551727,False
245.22488166558716,0.011043347017596709,0.07716310071800025,0.8748011364123893,0.027586206896551727,False
245.26667899360197,0.011043388524604271,0.07712869441553001,0.8747518697941803,0.027586206896551727,False
245.30847632161678,0.011043430026610937,0.07709429225851362,0.8747025707008225,0.027586206896551727,False
245.3502736496316,0.011043471523605953,0.0770598942558962,0.8746532391141033,0.027586206896551727,False
245.3920709776464,0.01104351301557852,0.07702550041660292,0.874603875015783,0.027586206896551727,False
245.4338683056612,0.011043554502517898,0.07699111074954063,0.8745544783875956,0.027586206896551727,False
245.47566563367602,0.01104359598441339,0.07695672526359766,0.8745050492112494,0.027586206896551727,False
245.51746296169085,0.011043637461254275,0.07692234396764311,0.8744555874684259,0.027586206896551727,False
245.5592602897057,0.011043678933029884,0.0768879668705277,0.8744060931407805,0.027586206896551727,False
245.6010576177205,0.011043720399729569,0.07685359398108282,0.8743565662099414,0.027586206896551727,False
245.6428549457353,0.011043761861342653,0.07681922530812205,0.8743070066575118,0.027586206896551727,False
245.68465227375012,0.011043803317858569,0.07678486086043977,0.8742574144650672,0.027586206896551727,False
245.7264496017649,0.011043844769266722,0.07675050064681181,0.874207789614157,0.027586206896551727,False
245.76824692977974,0.01104388621555656,0.07671614467599568,0.8741581320863044,0.027586206896551727,False
245.81004425779454,0.01104392765671755,0.07668179295673004,0.8741084418630057,0.027586206896551727,False
245.85184158580932,0.01104396909273911,0.07664744549773574,0.8740587189257326,0.027586206896551727,False
245.8936389138242,0.011044010523610736,0.07661310230771431,0.8740089632559281,0.027586206896551727,False
245.935436241839,0.011044051949322028,0.07657876339534966,0.8739591748350094,0.027586206896551727,False
245.9772335698538,0.011044093369862527,0.07654442876930645,0.8739093536443665,0.027586206896551727,False
246.01903089786862,0.011044134785221772,0.07651009843823164,0.8738594996653646,0.027586206896551727,False
246.06082822588345,0.011044176195389372,0.07647577241075415,0.8738096128793417,0.027586206896551727,False
246.10262555389824,0.01104421760035492,0.07644145069548354,0.8737596932676084,0.027586206896551727,False
246.14442288191304,0.011044259000108058,0.07640713330101276,0.8737097408114507,0.027586206896551727,False
246.18622020992788,0.01104430039463843,0.07637282023591471,0.8736597554921257,0.027586206896551727,False
246.2280175379427,0.011044341783935697,0.07633851150874531,0.8736097372908657,0.027586206896551727,False
246.26981486595753,0.011044383167989537,0.07630420712804212,0.8735596861888761,0.027586206896551727,False
246.31161219397234,0.011044424546789663,0.07626990710232492,0.8735096021673361,0.027586206896551727,False
246.35340952198712,0.011044465920325824,0.07623561144009446,0.8734594852073967,0.027586206896551727,False
246.39520685000195,0.01104450728858787,0.0762013201498346,0.8734093352901833,0.027586206896551727,False
246.43700417801676,0.011044548651565572,0.0761670332400102,0.873359152396794,0.027586206896551727,False
246.47880150603157,0.011044590009248753,0.07613275071906926,0.8733089365083018,0.027586206896551727,False
246.52059883404638,0.011044631361627236,0.07609847259544068,0.8732586876057512,0.027586206896551727,False
246.5623961620612,0.011044672708690847,0.07606419887753656,0.8732084056701626,0.027586206896551727,False
246.60419349007603,0.011044714050429486,0.07602992957375054,0.8731580906825274,0.027586206896551727,False
246.64599081809084,0.011044755386833036,0.07599566469245884,0.8731077426238119,0.027586206896551727,False
246.68778814610567,0.0110447967178914,0.07596140424201915,0.8730573614749545,0.027586206896551727,False
246.72958547412046,0.011044838043594577,0.07592714823077219,0.873006947216867,0.027586206896551727,False
246.77138280213526,0.011044879363932366,0.0758928966670406,0.8729564998304368,0.027586206896551727,False
246.8131801301501,0.011044920678894852,0.07585864955912956,0.8729060192965216,0.027586206896551727,False
246.85497745816488,0.011044961988472058,0.07582440691532667,0.8728555055959538,0.027586206896551727,False
246.89677478617972,0.011045003292654003,0.0757901687439012,0.8728049587095381,0.027586206896551727,False
246.93857211419456,0.011045044591430712,0.07575593505310584,0.8727543786180538,0.027586206896551727,False
246.98036944220937,0.011045085884792274,0.07572170585117496,0.8727037653022524,0.027586206896551727,False
247.02216677022417,0.011045127172728741,0.07568748114632623,0.8726531187428599,0.027586206896551727,False
247.06396409823898,0.011045168455230256,0.07565326094675928,0.8726024389205742,0.027586206896551727,False
247.1057614262538,0.011045209732286934,0.07561904526065637,0.8725517258160668,0.027586206896551727,False
247.1475587542686,0.011045251003888906,0.07558483409618241,0.8725009794099831,0.027586206896551727,False
247.18935608228344,0.01104529227002639,0.07555062746148525,0.8724501996829409,0.027586206896551727,False
247.23115341029822,0.011045333530689483,0.07551642536469494,0.872399386615532,0.027586206896551727,False
247.27295073831303,0.011045374785868404,0.07548222781392427,0.8723485401883205,0.027586206896551727,False
247.3147480663279,0.011045416035553467,0.07544803481726889,0.8722976603818433,0.027586206896551727,False
247.35654539434267,0.01104545727973492,0.07541384638280767,0.8722467471766114,0.027586206896551727,False
247.3983427223575,0.01104549851840301,0.07537966251860212,0.8721958005531097,0.027586206896551727,False
247.44014005037232,0.011045539751548058,0.0753454832326956,0.8721448204917936,0.027586206896551727,False
247.4819373783871,0.011045580979160322,0.07531130853311552,0.8720938069730944,0.027586206896551727,False
247.52373470640194,0.011045622201230199,0.07527713842787193,0.8720427599774146,0.027586206896551727,False
247.56553203441675,0.01104566341774803,0.07524297292495737,0.8719916794851308,0.027586206896551727,False
247.60732936243156,0.0110457046287042,0.0752088120323478,0.8719405654765919,0.027586206896551727,False
247.64912669044637,0.011045745834089092,0.07517465575800229,0.8718894179321213,0.027586206896551727,False
247.6909240184612,0.011045787033893173,0.07514050410986252,0.8718382368320133,0.027586206896551727,False
247.732721346476,0.011045828228106678,0.0751063570958536,0.8717870221565388,0.027586206896551727,False
247.77451867449082,0.011045869416720292,0.07507221472388377,0.8717357738859375,0.027586206896551727,False
247.81631600250566,0.011045910599724436,0.07503807700184371,0.8716844920004237,0.027586206896551727,False
247.85811333052044,0.01104595177710961,0.07500394393760837,0.8716331764801859,0.027586206896551727,False
247.89991065853525,0.01104599294886633,0.07496981553903559,0.8715818273053849,0.027586206896551727,False
247.94170798655009,0.011046034114985115,0.07493569181396556,0.8715304444561535,0.027586206896551727,False
247.98350531456487,0.011046075275456568,0.07490157277022284,0.8714790279125986,0.027586206896551727,False
248.02530264257973,0.01104611643027126,0.07486745841561483,0.8714275776547995,0.027586206896551727,False
248.06709997059454,0.011046157579419775,0.0748333487579323,0.871376093662809,0.027586206896551727,False
248.10889729860932,0.01104619872289276,0.07479924380494965,0.8713245759166526,0.027586206896551727,False
248.15069462662416,0.011046239860680868,0.07476514356442444,0.871273024396328,0.027586206896551727,False
248.19249195463897,0.011046280992774604,0.07473104804409784,0.8712214390818088,0.027586206896551727,False
248.23428928265378,0.011046322119164773,0.07469695725169422,0.8711698199530374,0.027586206896551727,False
248.27608661066859,0.011046363239842111,0.0746628711949214,0.8711181669899303,0.027586206896551727,False
248.31788393868342,0.011046404354797314,0.07462878988147152,0.8710664801723782,0.027586206896551727,False
248.3596812666982,0.011046445464021112,0.07459471331901933,0.8710147594802436,0.027586206896551727,False
248.40147859471304,0.01104648656750428,0.07456064151522405,0.8709630048933629,0.027586206896551727,False
248.44327592272788,0.011046527665237543,0.07452657447772766,0.8709112163915439,0.027586206896551727,False
248.48507325074266,0.01104656875721178,0.07449251221415672,0.8708593939545682,0.027586206896551727,False
248.5268705787575,0.011046609843417777,0.07445845473212062,0.8708075375621899,0.027586206896551727,False
248.5686679067723,0.011046650923846364,0.07442440203921329,0.870755647194136,0.027586206896551727,False
248.61046523478709,0.011046691998488433,0.07439035414301212,0.8707037228301066,0.027586206896551727,False
248.65226256280192,0.011046733067334906,0.07435631105107812,0.8706517644497731,0.027586206896551727,False
248.69405989081673,0.01104677413037641,0.07432227277095625,0.8705997720327838,0.027586206896551727,False
248.73585721883154,0.011046815187604113,0.07428823931017521,0.8705477455587541,0.027586206896551727,False
248.77765454684638,0.011046856239008924,0.07425421067624796,0.8704956850072753,0.027586206896551727,False
248.8194518748612,0.011046897284581766,0.07422018687667103,0.8704435903579109,0.027586206896551727,False
248.861249202876,0.011046938324313627,0.0741861679189255,0.8703914615901976,0.027586206896551727,False
248.9030465308908,0.011046979358195517,0.07415215381047564,0.870339298683644,0.027586206896551727,False
248.94484385890564,0.011047020386218406,0.07411814455877039,0.8702871016177322,0.027586206896551727,False
248.98664118692042,0.011047061408373374,0.07408414017124247,0.8702348703719163,0.027586206896551727,False
249.02843851493523,0.011047102424651458,0.074050140655309,0.8701826049256237,0.027586206896551727,False
249.07023584295007,0.011047143435043719,0.07401614601837057,0.8701303052582537,0.027586206896551727,False
249.11203317096488,0.011047184439541276,0.07398215626781272,0.8700779713491789,0.027586206896551727,False
249.15383049897972,0.011047225438135268,0.07394817141100468,0.8700256031777437,0.027586206896551727,False
249.19562782699452,0.011047266430816553,0.07391419145530012,0.8699732007232688,0.027586206896551727,False
249.2374251550093,0.011047307417576556,0.0738802164080367,0.869920763965041,0.027586206896551727,False
249.27922248302414,0.011047348398406398,0.07384624627653663,0.8698682928823238,0.027586206896551727,False
249.32101981103895,0.011047389373297268,0.07381228106810664,0.8698157874543532,0.027586206896551727,False
249.36281713905376,0.011047430342240329,0.07377832079003709,0.8697632476603366,0.027586206896551727,False
249.40461446706857,0.011047471305226857,0.07374436544960353,0.8697106734794549,0.027586206896551727,False
249.44641179508335,0.011047512262248007,0.07371041505406546,0.8696580648908615,0.027586206896551727,False
249.48820912309822,0.011047553213295126,0.0736764696106672,0.8696054218736818,0.027586206896551727,False
249.53000645111302,0.011047594158359444,0.073642529126637,0.8695527444070138,0.027586206896551727,False
249.57180377912786,0.011047635097432283,0.07360859360918809,0.8695000324699282,0.027586206896551727,False
249.61360110714264,0.011047676030504976,0.07357466306551799,0.869447286041468,0.027586206896551727,False
249.65539843515748,0.011047716957568872,0.07354073750280878,0.8693945051006486,0.027586206896551727,False
249.6971957631723,0.011047757878615122,0.07350681692822737,0.8693416896264602,0.027586206896551727,False
249.73899309118707,0.011047798793635346,0.07347290134892533,0.8692888395978609,0.027586206896551727,False
249.7807904192019,0.011047839702620871,0.0734389907720383,0.869235954993784,0.027586206896551727,False
249.82258774721674,0.0110478806055631,0.0734050852046875,0.8691830357931356,0.027586206896551727,False
249.86438507523155,0.011047921502453449,0.07337118465397821,0.869130081974793,0.027586206896551727,False
249.90618240324636,0.011047962393283388,0.07333728912700084,0.869077093517607,0.027586206896551727,False
249.94797973126117,0.011048003278044314,0.07330339863083045,0.8690240704004004,0.027586206896551727,False
249.98977705927598,0.011048044156727789,0.07326951317252707,0.8689710126019679,0.027586206896551727,False
250.0315743872908,0.011048085029325272,0.07323563275913561,0.8689179201010774,0.027586206896551727,False
250.0733717153056,0.011048125895828296,0.07320175739768502,0.8688647928764677,0.027586206896551727,False
250.1151690433204,0.011048166756228415,0.07316788709519052,0.8688116309068515,0.027586206896551727,False
250.15696637133522,0.01104820761051721,0.07313402185865142,0.8687584341709129,0.027586206896551727,False
250.19876369935008,0.011048248458686053,0.07310016169505186,0.86870520264731,0.027586206896551727,False
250.24056102736486,0.01104828930072673,0.07306630661136154,0.8686519363146705,0.027586206896551727,False
250.2823583553797,0.011048330136630828,0.07303245661453522,0.868598635151596,0.027586206896551727,False
250.32415568339448,0.011048370966389973,0.07299861171151248,0.8685452991366602,0.027586206896551727,False
250.3659530114093,0.01104841178999581,0.07296477190921781,0.8684919282484086,0.027586206896551727,False
250.40775033942413,0.011048452607440003,0.07293093721456123,0.8684385224653599,0.027586206896551727,False
250.4495476674389,0.011048493418714214,0.07289710763443753,0.868385081766004,0.027586206896551727,False
250.49134499545374,0.011048534223810141,0.07286328317572693,0.8683316061288039,0.027586206896551727,False
250.53314232346855,0.011048575022719519,0.07282946384529493,0.8682780955321939,0.027586206896551727,False
250.57493965148342,0.011048615815434084,0.07279564964999237,0.8682245499545819,0.027586206896551727,False
250.6167369794982,0.011048656601945577,0.07276184059665503,0.8681709693743463,0.027586206896551727,False
250.658534307513,0.011048697382245792,0.07272803669210393,0.8681173537698385,0.027586206896551727,False
250.70033163552782,0.01104873815632652,0.07269423794314596,0.8680637031193817,0.027586206896551727,False
250.74212896354263,0.011048778924179395,0.07266044435657346,0.8680100174012745,0.027586206896551727,False
250.78392629155746,0.011048819685796473,0.07262665593916307,0.8679562965937808,0.027586206896551727,False
250.82572361957224,0.011048860441169511,0.07259287269767785,0.867902540675142,0.027586206896551727,False
250.86752094758705,0.011048901190290368,0.07255909463886612,0.8678487496235701,0.027586206896551727,False
250.90931827560192,0.011048941933150914,0.07252532176946164,0.8677949234172491,0.027586206896551727,False
250.9511156036167,0.01104898266974307,0.07249155409618398,0.8677410620343354,0.027586206896551727,False
250.99291293163154,0.011049023400058675,0.07245779162573761,0.8676871654529574,0.027586206896551727,False
251.03471025964635,0.011049064124089751,0.07242403436481314,0.8676332336512147,0.027586206896551727,False
251.07650758766113,0.01104910484182821,0.07239028232008671,0.8675792666071802,0.027586206896551727,False
251.11830491567596,0.011049145553266011,0.0723565354982199,0.867525264298898,0.027586206896551727,False
251.16010224369077,0.01104918625839513,0.07232279390586004,0.8674712267043845,0.027586206896551727,False
251.20189957170558,0.011049226957207609,0.07228905754964027,0.8674171538016276,0.027586206896551727,False
251.2436968997204,0.01104926764969537,0.07225532643617966,0.8673630455685893,0.027586206896551727,False
251.28549422773523,0.011049308335850438,0.07222160057208193,0.8673089019832004,0.027586206896551727,False
251.32729155575004,0.01104934901566497,0.07218787996393801,0.8672547230233653,0.027586206896551727,False
251.36908888376485,0.011049389689130986,0.07215416461832422,0.8672005086669604,0.027586206896551727,False
251.41088621177968,0.011049430356240576,0.07212045454180224,0.8671462588918336,0.027586206896551727,False
251.45268353979446,0.011049471016985838,0.07208674974092008,0.8670919736758051,0.027586206896551727,False
251.49448086780927,0.011049511671358914,0.07205305022221145,0.8670376529966664,0.027586206896551727,False
251.5362781958241,0.011049552319351869,0.07201935599219643,0.8669832968321824,0.027586206896551727,False
251.5780755238389,0.011049592960956915,0.07198566705738009,0.8669289051600876,0.027586206896551727,False
251.61987285185373,0.011049633596166184,0.0719519834242547,0.8668744779580903,0.027586206896551727,False
251.66167017986857,0.011049674224971906,0.07191830509929781,0.8668200152038695,0.027586206896551727,False
251.70346750788335,0.011049714847366257,0.07188463208897322,0.8667655168750766,0.027586206896551727,False
251.74526483589818,0.011049755463341492,0.07185096439973071,0.8667109829493342,0.027586206896551727,False
251.787062163913,0.011049796072889698,0.07181730203800626,0.8666564134042388,0.027586206896551727,False
251.8288594919278,0.011049836676003255,0.0717836450102223,0.8666018082173559,0.027586206896551727,False
251.8706568199426,0.011049877272674452,0.07174999332278663,0.8665471673662231,0.027586206896551727,False
251.91245414795742,0.01104991786289556,0.07171634698209416,0.8664924908283513,0.027586206896551727,False
251.95425147597223,0.011049958446658853,0.07168270599452538,0.8664377785812227,0.027586206896551727,False
251.99604880398707,0.01104999902395664,0.07164907036644698,0.8663830306022903,0.027586206896551727,False
252.0378461320019,0.011050039594781309,0.07161544010421257,0.8663282468689794,0.027586206896551727,False
252.07964346001668,0.011050080159125128,0.07158181521416215,0.8662734273586887,0.027586206896551727,False
252.12144078803152,0.011050120716980534,0.0715481957026209,0.8662185720487854,0.027586206896551727,False
252.16323811604633,0.011050161268339884,0.07151458157590106,0.8661636809166099,0.027586206896551727,False
252.2050354440611,0.011050201813195614,0.07148097284030167,0.8661087539394744,0.027586206896551727,False
252.24683277207595,0.011050242351540113,0.07144736950210764,0.8660537910946629,0.027586206896551727,False
252.28863010009076,0.011050282883365853,0.07141377156759102,0.8659987923594311,0.027586206896551727,False
252.33042742810557,0.011050323408665212,0.07138017904300917,0.8659437577110055,0.027586206896551727,False
252.3722247561204,0.011050363927430609,0.07134659193460723,0.8658886871265863,0.027586206896551727,False
252.4140220841352,0.011050404439654667,0.0713130102486157,0.8658335805833414,0.027586206896551727,False
252.45581941215002,0.0110504449453298,0.07127943399125214,0.8657784380584128,0.027586206896551727,False
252.49761674016483,0.011050485444448655,0.07124586316872146,0.865723259528914,0.027586206896551727,False
252.53941406817967,0.01105052593700347,0.0712122977872141,0.8656680449719322,0.027586206896551727,False
252.58121139619445,0.01105056642298698,0.07117873785290792,0.865612794364522,0.027586206896551727,False
252.62300872420926,0.011050606902391735,0.07114518337196696,0.8655575076837114,0.027586206896551727,False
252.6648060522241,0.011050647375210372,0.0711116343505421,0.8655021849064992,0.027586206896551727,False
252.70660338023887,0.011050687841435463,0.0710780907947713,0.865446826009857,0.027586206896551727,False
252.74840070825374,0.01105072830105961,0.07104455271077836,0.8653914309707265,0.027586206896551727,False
252.79019803626855,0.011050768754075459,0.07101102010467493,0.8653359997660215,0.027586206896551727,False
252.83199536428333,0.011050809200475655,0.07097749298255898,0.8652805323726276,0.027586206896551727,False
252.87379269229817,0.011050849640252856,0.07094397135051515,0.8652250287674011,0.027586206896551727,False
252.91559002031298,0.01105089007339956,0.07091045521461588,0.865169488927173,0.027586206896551727,False
252.95738734832779,0.011050930499908695,0.07087694458091921,0.8651139128287395,0.027586206896551727,False
252.9991846763426,0.011050970919772902,0.07084343945547103,0.8650583004488726,0.027586206896551727,False
253.0409820043574,0.011051011332984901,0.0708099398443035,0.8650026517643139,0.027586206896551727,False
253.08277933237224,0.011051051739537406,0.0707764457534368,0.8649469667517785,0.027586206896551727,False
253.12457666038705,0.01105109213942318,0.07074295718887723,0.8648912453879509,0.027586206896551727,False
253.1663739884019,0.011051132532634993,0.07070947415661834,0.8648354876494873,0.027586206896551727,False
253.20817131641667,0.011051172919165594,0.07067599666264049,0.8647796935130153,0.027586206896551727,False
253.24996864443148,0.011051213299007817,0.0706425247129115,0.8647238629551335,0.027586206896551727,False
253.2917659724463,0.011051253672154478,0.07060905831338657,0.8646679959524127,0.027586206896551727,False
253.3335633004611,0.011051294038598395,0.07057559747000756,0.8646120924813945,0.027586206896551727,False
253.37536062847593,0.011051334398332455,0.07054214218870385,0.864556152518591,0.027586206896551727,False
253.41715795649074,0.01105137475134952,0.07050869247539131,0.8645001760404858,0.027586206896551727,False
253.45895528450558,0.01105141509764239,0.07047524833597443,0.8644441630235362,0.027586206896551727,False
253.5007526125204,0.011051455437203924,0.07044180977634339,0.8643881134441678,0.027586206896551727,False
253.5425499405352,0.011051495770027186,0.070408376802377,0.8643320272787776,0.027586206896551727,False
253.58434726855,0.011051536096105043,0.07037494941994026,0.8642759045037341,0.027586206896551727,False
253.6261445965648,0.01105157641543042,0.07034152763488632,0.8642197450953781,0.027586206896551727,False
253.66794192457965,0.011051616727996275,0.07030811145305509,0.8641635490300201,0.027586206896551727,False
253.70973925259443,0.011051657033795572,0.07027470088027436,0.8641073162839428,0.027586206896551727,False
253.75153658060924,0.01105169733282127,0.07024129592235906,0.8640510468333996,0.027586206896551727,False
253.7933339086241,0.011051737625066402,0.07020789658511173,0.8639947406546149,0.027586206896551727,False
253.8351312366389,0.01105177791052399,0.0701745028743222,0.863938397723784,0.027586206896551727,False
253.87692856465372,0.011051818189187053,0.07014111479576797,0.8638820180170735,0.027586206896551727,False
253.91872589266853,0.011051858461048633,0.07010773235521402,0.8638256015106218,0.027586206896551727,False
253.9605232206833,0.011051898726101796,0.07007435555841306,0.8637691481805373,0.027586206896551727,False
254.00232054869815,0.011051938984339663,0.07004098441110512,0.8637126580028994,0.027586206896551727,False
254.04411787671296,0.011051979235755202,0.07000761891901766,0.8636561309537599,0.027586206896551727,False
254.08591520472777,0.011052019480341528,0.06997425908786625,0.8635995670091406,0.027586206896551727,False
254.12771253274258,0.011052059718091853,0.06994090492335381,0.8635429661450336,0.027586206896551727,False
254.16950986075742,0.011052099948999267,0.06990755643117083,0.8634863283374025,0.027586206896551727,False
254.21130718877222,0.011052140173056951,0.06987421361699601,0.8634296535621822,0.027586206896551727,False
254.25310451678703,0.011052180390258046,0.06984087648649524,0.8633729417952782,0.027586206896551727,False
254.29490184480187,0.011052220600595753,0.0698075450453227,0.8633161930125673,0.027586206896551727,False
254.33669917281665,0.011052260804063225,0.06977421929911971,0.863259407189897,0.027586206896551727,False
254.37849650083146,0.011052301000653682,0.06974089925351605,0.8632025843030858,0.027586206896551727,False
254.42029382884627,0.011052341190360368,0.06970758491412878,0.8631457243279224,0.027586206896551727,False
254.46209115686108,0.011052381373176497,0.06967427628656339,0.8630888272401677,0.027586206896551727,False
254.50388848487592,0.011052421549095337,0.06964097337641313,0.8630318930155523,0.027586206896551727,False
254.54568581289075,0.011052461718110166,0.06960767618925874,0.8629749216297776,0.027586206896551727,False
254.58748314090556,0.0110525018802143,0.06957438473066904,0.8629179130585158,0.027586206896551727,False
254.62928046892037,0.011052542035400882,0.06954109900620142,0.8628608672774125,0.027586206896551727,False
254.67107779693518,0.011052582183663322,0.06950781902140042,0.8628037842620799,0.027586206896551727,False
254.71287512495,0.01105262232499499,0.06947454478179929,0.8627466639881033,0.027586206896551727,False
254.7546724529648,0.0110526624593892,0.06944127629291905,0.8626895064310386,0.027586206896551727,False
254.79646978097958,0.011052702586839304,0.06940801356026866,0.8626323115664118,0.027586206896551727,False
254.83826710899442,0.011052742707338655,0.06937475658934532,0.8625750793697206,0.027586206896551727,False
254.88006443700925,0.011052782820880668,0.06934150538563416,0.8625178098164318,0.027586206896551727,False
254.9218617650241,0.011052822927458716,0.06930825995460901,0.8624605028819851,0.027586206896551727,False
254.96365909303887,0.011052863027066167,0.06927502030173151,0.86240315854179,0.027586206896551727,False
255.0054564210537,0.011052903119696507,0.06924178643245113,0.8623457767712251,0.027586206896551727,False
255.0472537490685,0.011052943205343158,0.06920855835220639,0.862288357545642,0.027586206896551727,False
255.0890510770833,0.011052983283999573,0.0691753360664232,0.862230900840361,0.027586206896551727,False
255.13084840509813,0.011053023355659202,0.06914211958051639,0.8621734066306745,0.027586206896551727,False
255.17264573311292,0.011053063420315578,0.0691089088998888,0.8621158748918443,0.027586206896551727,False
255.21444306112775,0.01105310347796222,0.06907570402993181,0.862058305599103,0.027586206896551727,False
255.2562403891426,0.011053143528592393,0.06904250497602492,0.8620006987276567,0.027586206896551727,False
255.29803771715737,0.011053183572199879,0.06900931174353639,0.8619430542526774,0.027586206896551727,False
255.3398350451722,0.011053223608778162,0.06897612433782219,0.861885372149309,0.027586206896551727,False
255.38163237318702,0.011053263638320775,0.06894294276422755,0.8618276523926681,0.027586206896551727,False
255.42342970120183,0.011053303660821313,0.06890976702808525,0.8617698949578388,0.027586206896551727,False
255.46522702921663,0.01105334367627332,0.06887659713471739,0.8617120998198783,0.027586206896551727,False
255.50702435723144,0.011053383684670431,0.0688434330894344,0.8616542669538129,0.027586206896551727,False
255.54882168524625,0.011053423686006198,0.0688102748975347,0.8615963963346396,0.027586206896551727,False
255.59061901326106,0.011053463680274258,0.06877712256430568,0.8615384879373259,0.027586206896551727,False
255.63241634127593,0.011053503667468257,0.06874397609502313,0.861480541736809,0.027586206896551727,False
255.6742136692907,0.01105354364758185,0.06871083549495197,0.861422557707998,0.027586206896551727,False
255.71601099730552,0.011053583620608678,0.06867770076934487,0.8613645358257709,0.027586206896551727,False
255.75780832532035,0.011053623586542447,0.06864457192344396,0.8613064760649769,0.027586206896551727,False
255.79960565333514,0.011053663545376874,0.06861144896247975,0.8612483784004352,0.027586206896551727,False
255.84140298134997,0.011053703497105546,0.06857833189167131,0.8611902428069366,0.027586206896551727,False
255.88320030936478,0.01105374344172218,0.06854522071622647,0.8611320692592409,0.027586206896551727,False
255.92499763737956,0.011053783379220621,0.06851211544134211,0.8610738577320776,0.027586206896551727,False
255.96679496539443,0.011053823309594589,0.06847901607220354,0.8610156082001472,0.027586206896551727,False
256.00859229340927,0.011053863232837831,0.06844592261398494,0.8609573206381209,0.027586206896551727,False
256.050389621424,0.011053903148944113,0.06841283507184935,0.8608989950206397,0.027586206896551727,False
256.0921869494389,0.011053943057907226,0.06837975345094878,0.860840631322315,0.027586206896551727,False
256.1339842774537,0.011053982959720971,0.06834667775642463,0.8607822295177298,0.027586206896551727,False
256.17578160546844,0.011054022854379123,0.06831360799340545,0.8607237895814339,0.027586206896551727,False
256.2175789334833,0.011054062741875561,0.06828054416701067,0.8606653114879503,0.027586206896551727,False
256.2593762614981,0.011054102622204076,0.0682474862823476,0.8606067952117715,0.027586206896551727,False
256.3011735895129,0.011054142495358528,0.06821443434451227,0.8605482407273588,0.027586206896551727,False
256.34297091752774,0.011054182361332814,0.06818138835859079,0.8604896480091452,0.027586206896551727,False
256.3847682455426,0.011054222220120796,0.06814834832965751,0.8604310170315332,0.027586206896551727,False
256.42656557355735,0.011054262071716387,0.06811531426277627,0.8603723477688959,0.027586206896551727,False
256.46836290157216,0.011054301916113382,0.06808228616299934,0.8603136401955767,0.027586206896551727,False
256.51016022958703,0.011054341753305755,0.06804926403536904,0.8602548942858885,0.027586206896551727,False
256.5519575576018,0.011054381583287488,0.06801624788491539,0.8601961100141128,0.027586206896551727,False
256.5937548856166,0.011054421406052457,0.0679832377166587,0.8601372873545036,0.027586206896551727,False
256.63555221363146,0.011054461221594696,0.0679502335356084,0.8600784262812835,0.027586206896551727,False
256.67734954164627,0.011054501029908148,0.06791723534676261,0.8600195267686455,0.027586206896551727,False
256.7191468696611,0.011054540830986784,0.06788424315510916,0.8599605887907534,0.027586206896551727,False
256.7609441976759,0.01105458062482464,0.06785125696562448,0.859901612321739,0.027586206896551727,False
256.8027415256907,0.01105462041141566,0.06781827678327444,0.8598425973357059,0.027586206896551727,False
256.8445388537055,0.011054660190753894,0.067785302613015,0.8597835438067275,0.027586206896551727,False
256.8863361817203,0.011054699962833387,0.06775233445979022,0.8597244517088458,0.027586206896551727,False
256.9281335097351,0.011054739727648174,0.06771937232853428,0.8596653210160741,0.027586206896551727,False
256.9699308377499,0.011054779485192321,0.06768641622417038,0.8596061517023946,0.027586206896551727,False
257.0117281657648,0.011054819235459914,0.06765346615161152,0.8595469437417605,0.027586206896551727,False
257.0535254937796,0.011054858978445081,0.06762052211575932,0.8594876971080928,0.027586206896551727,False
257.0953228217944,0.011054898714141765,0.06758758412150534,0.8594284117752854,0.027586206896551727,False
257.1371201498092,0.011054938442544142,0.06755465217373077,0.8593690877172004,0.027586206896551727,False
257.17891747782403,0.011054978163646409,0.06752172627730617,0.859309724907669,0.027586206896551727,False
257.22071480583884,0.011055017877442685,0.06748880643709095,0.859250323320492,0.027586206896551727,False
257.26251213385365,0.011055057583927103,0.06745589265793457,0.8591908829294413,0.027586206896551727,False
257.30430946186846,0.011055097283093831,0.06742298494467647,0.859131403708259,0.027586206896551727,False
257.34610678988327,0.011055136974937044,0.06739008330214456,0.8590718856306547,0.027586206896551727,False
257.3879041178981,0.011055176659450933,0.0673571877351571,0.8590123286703093,0.027586206896551727,False
257.42970144591294,0.011055216336629654,0.0673242982485219,0.8589527328008743,0.027586206896551727,False
257.47149877392775,0.011055256006467468,0.06729141484703637,0.8588930979959687,0.027586206896551727,False
257.51329610194256,0.011055295668958577,0.06725853753548773,0.8588334242291832,0.027586206896551727,False
257.55509342995737,0.01105533532409722,0.06722566631865196,0.8587737114740761,0.027586206896551727,False
257.5968907579722,0.011055374971877651,0.06719280120129567,0.8587139597041766,0.027586206896551727,False
257.638688085987,0.011055414612294154,0.06715994218817484,0.8586541688929831,0.027586206896551727,False
257.6804854140018,0.011055454245341005,0.0671270892840355,0.8585943390139642,0.027586206896551727,False
257.7222827420166,0.011055493871012456,0.06709424249361312,0.8585344700405577,0.027586206896551727,False
257.76408007003147,0.011055533489302691,0.06706140182163314,0.8584745619461727,0.027586206896551727,False
257.8058773980462,0.011055573100206216,0.06702856727281047,0.8584146147041831,0.027586206896551727,False
257.8476747260611,0.011055612703717297,0.06699573885185042,0.858354628287937,0.027586206896551727,False
257.8894720540759,0.011055652299830262,0.06696291656344769,0.85829460267075,0.027586206896551727,False
257.9312693820907,0.01105569188853946,0.06693010041228724,0.8582345378259079,0.027586206896551727,False
257.9730667101055,0.011055731469839236,0.0668972904030437,0.8581744337266657,0.027586206896551727,False
258.0148640381203,0.011055771043723985,0.06686448654038121,0.8581142903462471,0.027586206896551727,False
258.05666136613513,0.011055810610188083,0.06683168882895474,0.8580541076578468,0.027586206896551727,False
258.09845869414994,0.011055850169225912,0.06679889727340851,0.8579938856346278,0.027586206896551727,False
258.1402560221648,0.011055889720831899,0.06676611187837725,0.8579336242497231,0.027586206896551727,False
258.18205335017956,0.011055929265000455,0.06673333264848527,0.8578733234762345,0.027586206896551727,False
258.22385067819437,0.011055968801726006,0.06670055958834757,0.8578129832872347,0.027586206896551727,False
258.26564800620923,0.01105600833100301,0.06666779270256798,0.8577526036557628,0.027586206896551727,False
258.307445334224,0.011056047852825941,0.06663503199574143,0.8576921845548293,0.027586206896551727,False
258.34924266223885,0.011056087367189299,0.06660227747245273,0.8576317259574138,0.027586206896551727,False
258.39103999025366,0.011056126874087397,0.06656952913727682,0.8575712278364668,0.027586206896551727,False
258.4328373182684,0.011056166373514845,0.06653678699477848,0.8575106901649047,0.027586206896551727,False
258.4746346462833,0.011056205865466203,0.06650405104951332,0.8574501129156153,0.027586206896551727,False
258.5164319742981,0.011056245349935954,0.06647132130602654,0.8573894960614549,0.027586206896551727,False
258.5582293023129,0.011056284826918613,0.06643859776885375,0.8573288395752499,0.027586206896551727,False
258.6000266303277,0.01105632429640875,0.06640588044252083,0.857268143429795,0.027586206896551727,False
258.6418239583425,0.011056363758400866,0.06637316933154418,0.8572074075978556,0.027586206896551727,False
258.6836212863573,0.011056403212889556,0.06634046444042968,0.8571466320521642,0.027586206896551727,False
258.72541861437213,0.011056442659869355,0.0663077657736739,0.8570858167654237,0.027586206896551727,False
258.76721594238694,0.011056482099334889,0.06627507333576414,0.8570249617103058,0.027586206896551727,False
258.80901327040175,0.01105652153128076,0.0662423871311777,0.8569640668594517,0.027586206896551727,False
258.8508105984166,0.011056560955701554,0.0662097071643823,0.8569031321854715,0.027586206896551727,False
258.8926079264314,0.0110566003725919,0.06617703343983584,0.8568421576609442,0.027586206896551727,False
258.93440525444623,0.011056639781946428,0.0661443659619869,0.856781143258418,0.027586206896551727,False
258.97620258246104,0.011056679183759788,0.06611170473527457,0.8567200889504109,0.027586206896551727,False
259.01799991047585,0.011056718578026679,0.06607904976412812,0.8566589947094082,0.027586206896551727,False
259.05979723849066,0.01105675796474159,0.06604640105296734,0.8565978605078672,0.027586206896551727,False
259.10159456650547,0.011056797343899348,0.06601375860620276,0.8565366863182112,0.027586206896551727,False
259.1433918945203,0.011056836715494662,0.06598112242823506,0.856475472112833,0.027586206896551727,False
259.1851892225351,0.011056876079522219,0.06594849252345573,0.8564142178640954,0.027586206896551727,False
259.22698655054995,0.011056915435976712,0.0659158688962466,0.8563529235443296,0.027586206896551727,False
259.26878387856476,0.0110569547848529,0.06588325155098017,0.8562915891258355,0.027586206896551727,False
259.31058120657957,0.01105699412614549,0.06585064049201973,0.8562302145808828,0.027586206896551727,False
259.3523785345944,0.011057033459849234,0.06581803572371868,0.8561687998817088,0.027586206896551727,False
259.3941758626092,0.011057072785958872,0.06578543725042194,0.856107345000522,0.027586206896551727,False
259.435973190624,0.011057112104469193,0.06575284507646412,0.8560458499094968,0.027586206896551727,False
259.4777705186388,0.011057151415374987,0.065720259206171,0.8559843145807782,0.027586206896551727,False
259.5195678466536,0.011057190718671023,0.06568767964385934,0.8559227389864803,0.027586206896551727,False
259.5613651746684,0.011057230014352144,0.06565510639383608,0.8558611230986845,0.027586206896551727,False
259.6031625026833,0.011057269302413108,0.06562253946039918,0.8557994668894429,0.027586206896551727,False
259.6449598306981,0.01105730858284879,0.06558997884783738,0.8557377703307746,0.027586206896551727,False
259.6867571587129,0.011057347855654025,0.06555742456043036,0.8556760333946686,0.027586206896551727,False
259.7285544867277,0.01105738712082358,0.06552487660244768,0.8556142560530822,0.027586206896551727,False
259.77035181474247,0.011057426378352319,0.06549233497815106,0.8555524382779421,0.027586206896551727,False
259.81214914275733,0.011057465628235216,0.06545979969179223,0.8554905800411419,0.027586206896551727,False
259.85394647077214,0.011057504870467132,0.06542727074761429,0.8554286813145454,0.027586206896551727,False
259.89574379878695,0.011057544105042944,0.06539474814985066,0.8553667420699845,0.027586206896551727,False
259.93754112680176,0.011057583331957548,0.06536223190272614,0.8553047622792604,0.027586206896551727,False
259.97933845481657,0.011057622551205825,0.06532972201045636,0.855242741914143,0.027586206896551727,False
260.0211357828314,0.011057661762782759,0.06529721847724751,0.8551806809463686,0.027586206896551727,False
260.0629331108462,0.011057700966683272,0.06526472130729775,0.8551185793476455,0.027586206896551727,False
260.10473043886105,0.011057740162902268,0.06523223050479486,0.855056437089648,0.027586206896551727,False
260.1465277668758,0.011057779351434755,0.0651997460739189,0.8549942541440201,0.027586206896551727,False
260.1883250948906,0.011057818532275674,0.06516726801884029,0.8549320304823742,0.027586206896551727,False
260.2301224229055,0.011057857705420018,0.06513479634372053,0.8548697660762908,0.027586206896551727,False
260.27191975092023,0.011057896870862779,0.06510233105271243,0.8548074608973191,0.027586206896551727,False
260.3137170789351,0.011057936028598945,0.06506987214995968,0.854745114916977,0.027586206896551727,False
260.3555144069499,0.01105797517862355,0.06503741963959755,0.8546827281067513,0.027586206896551727,False
260.3973117349647,0.011058014320931626,0.0650049735257516,0.8546203004380952,0.027586206896551727,False
260.4391090629795,0.011058053455518007,0.06497253381253912,0.8545578318824344,0.027586206896551727,False
260.48090639099433,0.011058092582377952,0.06494010050406869,0.8544953224111583,0.027586206896551727,False
260.52270371900914,0.011058131701506504,0.0649076736044398,0.8544327719956268,0.027586206896551727,False
260.56450104702395,0.011058170812898704,0.06487525311774367,0.8543701806071693,0.027586206896551727,False
260.6062983750388,0.011058209916549624,0.06484283904806157,0.8543075482170805,0.027586206896551727,False
260.6480957030536,0.011058249012454351,0.06481043139946714,0.8542448747966265,0.027586206896551727,False
260.68989303106844,0.011058288100607976,0.06477803017602526,0.8541821603170408,0.027586206896551727,False
260.73169035908325,0.011058327181005623,0.06474563538179144,0.8541194047495242,0.027586206896551727,False
260.77348768709805,0.011058366253642366,0.06471324702081298,0.854056608065247,0.027586206896551727,False
260.81528501511286,0.011058405318513358,0.06468086509712877,0.853993770235348,0.027586206896551727,False
260.8570823431277,0.011058444375613746,0.06464848961476809,0.8539308912309318,0.027586206896551727,False
260.8988796711425,0.011058483424938679,0.06461612057775264,0.8538679710230741,0.027586206896551727,False
260.9406769991573,0.011058522466483308,0.06458375799009497,0.8538050095828172,0.027586206896551727,False
260.9824743271721,0.011058561500242819,0.0645514018557991,0.8537420068811721,0.027586206896551727,False
261.02427165518696,0.011058600526212374,0.06451905217886096,0.8536789628891183,0.027586206896551727,False
261.0660689832018,0.011058639544387183,0.06448670896326711,0.853615877577602,0.027586206896551727,False
261.1078663112166,0.011058678554762495,0.0644543722129966,0.8535527509175395,0.027586206896551727,False
261.1496636392314,0.01105871755733321,0.0644220419320186,0.853489582879816,0.027586206896551727,False
261.1914609672462,0.011058756552094859,0.06438971812429482,0.8534263734352802,0.027586206896551727,False
261.233258295261,0.011058795539042645,0.06435740079377844,0.8533631225547521,0.027586206896551727,False
261.2750556232758,0.011058834518171783,0.06432508994441404,0.8532998302090196,0.027586206896551727,False
261.3168529512906,0.011058873489477514,0.06429278558013776,0.8532364963688387,0.027586206896551727,False
261.35865027930544,0.011058912452955122,0.06426048770487723,0.8531731210049325,0.027586206896551727,False
261.40044760732025,0.011058951408599842,0.06422819632255186,0.8531097040879932,0.027586206896551727,False
261.4422449353351,0.011058990356406987,0.06419591143707268,0.8530462455886804,0.027586206896551727,False
261.4840422633499,0.011059029296371804,0.06416363305234245,0.8529827454776223,0.027586206896551727,False
261.5258395913647,0.011059068228489618,0.06413136117225526,0.8529192037254137,0.027586206896551727,False
261.56763691937954,0.011059107152755767,0.06409909580069732,0.8528556203026184,0.027586206896551727,False
261.60943424739435,0.011059146069165533,0.06406683694154615,0.8527919951797677,0.027586206896551727,False
261.65123157540916,0.011059184977714272,0.0640345845986711,0.8527283283273606,0.027586206896551727,False
261.69302890342396,0.011059223878397317,0.06400233877593393,0.852664619715865,0.027586206896551727,False
261.73482623143883,0.01105926277121007,0.06397009947718713,0.8526008693157149,0.027586206896551727,False
261.7766235594536,0.011059301656147758,0.06393786670627552,0.8525370770973144,0.027586206896551727,False
261.8184208874684,0.011059340533205847,0.0639056404670355,0.8524732430310329,0.027586206896551727,False
261.86021821548326,0.01105937940237959,0.06387342076329548,0.85240936708721,0.027586206896551727,False
261.902015543498,0.011059418263664494,0.06384120759887602,0.8523454492361517,0.027586206896551727,False
261.9438128715129,0.011059457117055992,0.06380900097758894,0.8522814894481308,0.027586206896551727,False
261.9856101995277,0.011059495962549497,0.06377680090323842,0.852217487693389,0.027586206896551727,False
262.02740752754244,0.0110595348001404,0.06374460737961987,0.8521534439421354,0.027586206896551727,False
262.0692048555573,0.011059573629824153,0.06371242041052128,0.8520893581645471,0.027586206896551727,False
262.1110021835721,0.011059612451596186,0.06368023999972242,0.8520252303307689,0.027586206896551727,False
262.1527995115869,0.011059651265451949,0.06364806615099526,0.8519610604109138,0.027586206896551727,False
262.19459683960173,0.011059690071386907,0.06361589886810301,0.8518968483750609,0.027586206896551727,False
262.23639416761654,0.011059728869396507,0.06358373815480153,0.8518325941932582,0.027586206896551727,False
262.27819149563135,0.011059767659476251,0.06355158401483854,0.8517682978355208,0.027586206896551727,False
262.31998882364616,0.011059806441621627,0.06351943645195357,0.8517039592718311,0.027586206896551727,False
262.361786151661,0.011059845215828128,0.06348729546987848,0.8516395784721398,0.027586206896551727,False
262.4035834796758,0.01105988398209125,0.0634551610723369,0.8515751554063644,0.027586206896551727,False
262.44538080769064,0.011059922740406519,0.0634230332630453,0.8515106900443914,0.027586206896551727,False
262.48717813570545,0.011059961490769474,0.0633909120457108,0.8514461823560715,0.027586206896551727,False
262.52897546372026,0.011060000233175651,0.06335879742403398,0.8513816323112261,0.027586206896551727,False
262.57077279173507,0.011060038967620492,0.0633266894017069,0.8513170398796436,0.027586206896551727,False
262.6125701197499,0.01106007769409955,0.06329458798241414,0.8512524050310795,0.027586206896551727,False
262.6543674477647,0.011060116412608534,0.0632624931698323,0.8511877277352549,0.027586206896551727,False
262.6961647757795,0.011060155123142993,0.06323040496763038,0.8511230079618605,0.027586206896551727,False
262.7379621037943,0.011060193825698467,0.06319832337946912,0.8510582456805534,0.027586206896551727,False
262.7797594318091,0.011060232520270566,0.06316624840900152,0.8509934408609579,0.027586206896551727,False
262.821556759824,0.01106027120685489,0.06313418005987369,0.850928593472667,0.027586206896551727,False
262.8633540878388,0.011060309885447034,0.06310211833572324,0.8508637034852402,0.027586206896551727,False
262.9051514158536,0.011060348556042635,0.06307006324017993,0.8507987708682034,0.027586206896551727,False
262.9469487438684,0.011060387218637283,0.06303801477686632,0.8507337955910514,0.027586206896551727,False
262.9887460718832,0.01106042587322668,0.06300597294939696,0.8506687776232443,0.027586206896551727,False
263.030543399898,0.011060464519806436,0.06297393776137881,0.8506037169342111,0.027586206896551727,False
263.07234072791283,0.011060503158372212,0.06294190921641168,0.8505386134933481,0.027586206896551727,False
263.11413805592764,0.01106054178891969,0.06290988731808701,0.8504734672700175,0.027586206896551727,False
263.15593538394245,0.011060580411444546,0.06287787206998924,0.8504082782335497,0.027586206896551727,False
263.1977327119573,0.011060619025942447,0.06284586347569478,0.8503430463532421,0.027586206896551727,False
263.2395300399721,0.011060657632409139,0.06281386153877278,0.8502777715983585,0.027586206896551727,False
263.28132736798693,0.011060696230840305,0.06278186626278423,0.8502124539381299,0.027586206896551727,False
263.32312469600174,0.01106073482123144,0.06274987765128331,0.8501470933417579,0.027586206896551727,False
263.36492202401655,0.011060773403578507,0.06271789570781641,0.8500816897784051,0.027586206896551727,False
263.40671935203136,0.011060811977877233,0.0626859204359227,0.850016243217205,0.027586206896551727,False
263.44851668004617,0.011060850544123306,0.0626539518391333,0.8499507536272572,0.027586206896551727,False
263.490314008061,0.011060889102312496,0.06262198992097243,0.8498852209776292,0.027586206896551727,False
263.5321113360758,0.01106092765244056,0.06259003468495647,0.8498196452373541,0.027586206896551727,False
263.5739086640906,0.011060966194503244,0.06255808613459461,0.8497540263754332,0.027586206896551727,False
263.61570599210546,0.011061004728496351,0.06252614427338855,0.849688364360834,0.027586206896551727,False
263.6575033201202,0.011061043254415657,0.062494209104832506,0.8496226591624909,0.027586206896551727,False
263.6993006481351,0.011061081772256906,0.06246228063241345,0.8495569107493064,0.027586206896551727,False
263.7410979761499,0.01106112028201597,0.06243035885961131,0.8494911190901492,0.027586206896551727,False
263.78289530416464,0.011061158783688636,0.0623984437898978,0.8494252841538533,0.027586206896551727,False
263.8246926321795,0.011061197277270703,0.062366535426737695,0.8493594059092215,0.027586206896551727,False
263.86648996019426,0.011061235762758016,0.062334633773589075,0.8492934843250236,0.027586206896551727,False
263.9082872882091,0.011061274240146414,0.06230273883390219,0.8492275193699951,0.027586206896551727,False
263.95008461622393,0.011061312709431765,0.06227085061111999,0.8491615110128387,0.027586206896551727,False
263.99188194423874,0.011061351170609912,0.062238969108678155,0.8490954592222234,0.027586206896551727,False
264.03367927225355,0.011061389623676768,0.062207094330005534,0.8490293639667859,0.027586206896551727,False
264.07547660026836,0.011061428068628006,0.06217522627852316,0.8489632252151305,0.027586206896551727,False
264.11727392828317,0.01106146650545961,0.06214336495764539,0.8488970429358266,0.027586206896551727,False
264.159071256298,0.011061504934167552,0.06211151037077929,0.8488308170974097,0.027586206896551727,False
264.2008685843128,0.011061543354747683,0.06207966252132439,0.848764547668383,0.027586206896551727,False
264.2426659123276,0.011061581767195915,0.062047821412673565,0.8486982346172167,0.027586206896551727,False
264.28446324034246,0.011061620171508161,0.06201598704821229,0.8486318779123475,0.027586206896551727,False
264.32626056835727,0.01106165856768033,0.061984159431318894,0.8485654775221781,0.027586206896551727,False
264.3680578963721,0.011061696955708383,0.061952338565364556,0.8484990334150779,0.027586206896551727,False
264.4098552243869,0.011061735335588248,0.061920524453713724,0.8484325455593836,0.027586206896551727,False
264.4516525524017,0.011061773707315842,0.061888717099723635,0.8483660139233989,0.027586206896551727,False
264.4934498804165,0.011061812070887172,0.061856916506744,0.8482994384753915,0.027586206896551727,False
264.5352472084313,0.01106185042629821,0.061825122678118204,0.8482328191835978,0.027586206896551727,False
264.5770445364461,0.011061888773544894,0.06179333561718219,0.8481661560162206,0.027586206896551727,False
264.618841864461,0.011061927112623228,0.06176155532726506,0.8480994489414286,0.027586206896551727,False
264.6606391924758,0.011061965443529203,0.06172978181168888,0.848032697927357,0.027586206896551727,False
264.7024365204906,0.011062003766258838,0.06169801507376894,0.8479659029421079,0.027586206896551727,False
264.7442338485054,0.011062042080808125,0.06166625511681318,0.8478990639537491,0.027586206896551727,False
264.7860311765202,0.01106208038717312,0.06163450194412323,0.8478321809303156,0.027586206896551727,False
264.82782850453503,0.011062118685349733,0.06160275555899301,0.8477652538398087,0.027586206896551727,False
264.86962583254984,0.011062156975333973,0.061571015964709944,0.8476982826501964,0.027586206896551727,False
264.91142316056465,0.011062195257122024,0.06153928316455453,0.8476312673294103,0.027586206896551727,False
264.95322048857946,0.01106223353070992,0.06150755716180093,0.8475642078453517,0.027586206896551727,False
264.99501781659427,0.01106227179609369,0.061475837959715667,0.8474971041658865,0.027586206896551727,False
265.03681514460914,0.011062310053269409,0.061444125561558975,0.8474299562588476,0.027586206896551727,False
265.07861247262394,0.01106234830223315,0.06141241997058385,0.8473627640920338,0.027586206896551727,False
265.1204098006387,0.011062386542980992,0.06138072119003667,0.8472955276332099,0.027586206896551727,False
265.16220712865356,0.011062424775509049,0.0613490292231573,0.8472282468501076,0.027586206896551727,False
265.2040044566684,0.011062462999813429,0.06131734407317832,0.8471609217104236,0.027586206896551727,False
265.2458017846832,0.011062501215890119,0.061285665743325925,0.847093552181823,0.027586206896551727,False
265.287599112698,0.011062539423735368,0.061253994236819355,0.8470261382319343,0.027586206896551727,False
265.32939644071286,0.011062577623345273,0.061222329556871555,0.8469586798283542,0.027586206896551727,False
265.3711937687276,0.011062615814715933,0.061190671706688335,0.8468911769386445,0.027586206896551727,False
265.4129910967424,0.011062653997843524,0.06115902068946886,0.8468236295303331,0.027586206896551727,False
265.4547884247573,0.011062692172724174,0.061127376508406016,0.8467560375709151,0.027586206896551727,False
265.49658575277203,0.011062730339354057,0.0610957391666856,0.8466884010278501,0.027586206896551727,False
265.53838308078684,0.011062768497729332,0.06106410866748669,0.8466207198685641,0.027586206896551727,False
265.5801804088017,0.011062806647846233,0.061032485013982576,0.84655299406045,0.027586206896551727,False
265.62197773681646,0.011062844789700677,0.06100086820933892,0.8464852235708682,0.027586206896551727,False
265.6637750648313,0.01106288292328908,0.06096925825671511,0.8464174083671402,0.027586206896551727,False
265.70557239284614,0.01106292104860764,0.060937655159264505,0.8463495484165572,0.027586206896551727,False
265.74736972086095,0.011062959165652544,0.060906058920133246,0.8462816436863749,0.027586206896551727,False
265.78916704887575,0.011062997274419986,0.06087446954246131,0.8462136941438161,0.027586206896551727,False
265.83096437689056,0.011063035374906178,0.060842887029381856,0.8461456997560685,0.027586206896551727,False
265.8727617049054,0.011063073467107349,0.06081131138402167,0.8460776604902858,0.027586206896551727,False
265.9145590329202,0.01106311155101976,0.060779742609501315,0.8460095763135878,0.027586206896551727,False
265.95635636093505,0.011063149626639636,0.06074818070893448,0.8459414471930603,0.027586206896551727,False
265.9981536889498,0.011063187693963259,0.06071662568542848,0.845873273095754,0.027586206896551727,False
266.0399510169646,0.0110632257529868,0.0606850775420841,0.8458050539886866,0.027586206896551727,False
266.0817483449795,0.011063263803706607,0.06065353628199631,0.8457367898388412,0.027586206896551727,False
266.1235456729943,0.011063301846118931,0.060622001908252995,0.845668480613166,0.027586206896551727,False
266.1653430010091,0.011063339880220027,0.06059047442393584,0.845600126278576,0.027586206896551727,False
266.2071403290239,0.011063377906006217,0.060558953832120135,0.8455317268019508,0.027586206896551727,False
266.2489376570387,0.011063415923473796,0.06052744013587489,0.845463282150136,0.027586206896551727,False
266.2907349850535,0.011063453932619097,0.06049593333826254,0.8453947922899425,0.027586206896551727,False
266.3325323130683,0.011063491933438408,0.060464433442339524,0.8453262571881481,0.027586206896551727,False
266.37432964108314,0.011063529925928099,0.06043294045115579,0.8452576768114949,0.027586206896551727,False
266.416126969098,0.011063567910084289,0.06040145436775501,0.8451890511266935,0.027586206896551727,False
266.4579242971128,0.011063605885903499,0.06036997519517457,0.8451203801004158,0.027586206896551727,False
266.4997216251276,0.01106364385338206,0.060338502936445354,0.845051663699301,0.027586206896551727,False
266.54151895314243,0.011063681812516327,0.06030703759459269,0.8449829018899548,0.027586206896551727,False
266.58331628115724,0.011063719763302633,0.06027557917263442,0.8449140946389465,0.027586206896551727,False
266.62511360917205,0.01106375770573734,0.06024412767358335,0.8448452419128133,0.027586206896551727,False
266.66691093718686,0.011063795639816838,0.06021268310044516,0.8447763436780552,0.027586206896551727,False
266.70870826520166,0.011063833565537489,0.06018124545622048,0.8447073999011406,0.027586206896551727,False
266.7505055932165,0.011063871482895686,0.060149814743902734,0.8446384105485015,0.027586206896551727,False
266.79230292123134,0.011063909391887878,0.06011839096647966,0.8445693755865351,0.027586206896551727,False
266.83410024924615,0.011063947292510331,0.06008697412693234,0.8445002949816052,0.027586206896551727,False
266.87589757726096,0.01106398518475958,0.06005556422823644,0.8444311687000396,0.027586206896551727,False
266.91769490527577,0.011064023068632006,0.06002416127336101,0.8443619967081323,0.027586206896551727,False
266.9594922332906,0.01106406094412401,0.05999276526526914,0.8442927789721428,0.027586206896551727,False
267.0012895613054,0.011064098811232076,0.05996137620691802,0.8442235154582955,0.027586206896551727,False
267.0430868893202,0.011064136669952606,0.05992999410125822,0.8441542061327797,0.027586206896551727,False
267.084884217335,0.011064174520282062,0.05989861895123492,0.8440848509617509,0.027586206896551727,False
267.1266815453498,0.011064212362216927,0.05986725075978683,0.8440154499113288,0.027586206896551727,False
267.1684788733646,0.01106425019575365,0.059835889529846586,0.8439460029475989,0.027586206896551727,False
267.2102762013795,0.0110642880208887,0.059804535264341346,0.8438765100366125,0.027586206896551727,False
267.25207352939424,0.011064325837618391,0.059773187966191514,0.8438069711443867,0.027586206896551727,False
267.2938708574091,0.011064363645939409,0.05974184763831252,0.8437373862369014,0.027586206896551727,False
267.3356681854239,0.011064401445848181,0.05971051428361223,0.8436677552801017,0.027586206896551727,False
267.37746551343866,0.01106443923734122,0.059679187904993915,0.8435980782398995,0.027586206896551727,False
267.41926284145353,0.011064477020415027,0.059647868505354876,0.8435283550821719,0.027586206896551727,False
267.46106016946834,0.0110645147950661,0.05961655608758544,0.8434585857727595,0.027586206896551727,False
267.50285749748315,0.011064552561290967,0.05958525065457086,0.8433887702774687,0.027586206896551727,False
267.54465482549796,0.01106459031908616,0.059553952209190464,0.8433189085620714,0.027586206896551727,False
267.58645215351277,0.011064628068448223,0.05952266075431756,0.843249000592304,0.027586206896551727,False
267.6282494815276,0.011064665809373668,0.059491376292819614,0.8431790463338686,0.027586206896551727,False
267.6700468095424,0.011064703541859039,0.05946009882755795,0.8431090457524311,0.027586206896551727,False
267.71184413755725,0.011064741265900915,0.05942882836138862,0.8430389988136234,0.027586206896551727,False
267.753641465572,0.01106477898149586,0.059397564897161484,0.8429689054830417,0.027586206896551727,False
267.7954387935868,0.011064816688640422,0.059366308437720484,0.8428987657262472,0.027586206896551727,False
267.8372361216016,0.011064854387331194,0.05933505898590429,0.8428285795087668,0.027586206896551727,False
267.8790334496165,0.011064892077564758,0.05930381654454519,0.8427583467960906,0.027586206896551727,False
267.9208307776313,0.011064929759337701,0.05927258111646982,0.8426880675536748,0.027586206896551727,False
267.9626281056461,0.01106496743264664,0.05924135270449951,0.8426177417469402,0.027586206896551727,False
268.0044254336609,0.011065005097488199,0.05921013131144919,0.8425473693412713,0.027586206896551727,False
268.0462227616757,0.011065042753858745,0.05917891694012883,0.8424769503020223,0.027586206896551727,False
268.08802008969053,0.011065080401755148,0.05914770959334196,0.8424064845945045,0.027586206896551727,False
268.12981741770534,0.011065118041174011,0.05911650927388664,0.8423359721839979,0.027586206896551727,False
268.17161474572015,0.011065155672111946,0.059085315984555666,0.8422654130357478,0.027586206896551727,False
268.213412073735,0.01106519329456557,0.059054129728135694,0.8421948071149632,0.027586206896551727,False
268.2552094017498,0.011065230908531539,0.05902295050740774,0.8421241543868176,0.027586206896551727,False
268.29700672976463,0.011065268514006528,0.058991778325147334,0.8420534548164494,0.027586206896551727,False
268.33880405777944,0.011065306110987147,0.05896061318412496,0.8419827083689636,0.027586206896551727,False
268.38060138579425,0.01106534369947009,0.05892945508710407,0.8419119150094256,0.027586206896551727,False
268.42239871380906,0.011065381279452047,0.05889830403684375,0.8418410747028685,0.027586206896551727,False
268.46419604182387,0.011065418850929641,0.0588671600360971,0.8417701874142898,0.027586206896551727,False
268.5059933698387,0.011065456413899596,0.05883602308761168,0.8416992531086505,0.027586206896551727,False
268.5477906978535,0.011065493968358604,0.058804893194129584,0.8416282717508767,0.027586206896551727,False
268.58958802586835,0.01106553151430337,0.058773770358387246,0.8415572433058591,0.027586206896551727,False
268.63138535388316,0.011065569051730575,0.058742654583115506,0.8414861677384526,0.027586206896551727,False
268.6731826818979,0.011065606580636943,0.05871154587103977,0.8414150450134764,0.027586206896551727,False
268.7149800099128,0.011065644101019192,0.05868044422487973,0.8413438750957137,0.027586206896551727,False
268.7567773379276,0.011065681612874096,0.058649349647350316,0.8412726579499138,0.027586206896551727,False
268.79857466594234,0.011065719116198289,0.05861826214116044,0.8412013935407899,0.027586206896551727,False
268.8403719939572,0.011065756610988606,0.05858718170901318,0.8411300818330169,0.027586206896551727,False
268.882169321972,0.01106579409724161,0.05855610835360716,0.8410587227912398,0.027586206896551727,False
268.92396664998677,0.011065831574954214,0.05852504207763475,0.840987316380062,0.027586206896551727,False
268.96576397800163,0.01106586904412318,0.0584939828837831,0.8409158625640527,0.027586206896551727,False
269.0075613060165,0.011065906504745255,0.05846293077473428,0.8408443613077476,0.027586206896551727,False
269.0493586340313,0.011065943956817209,0.05843188575316464,0.8407728125756446,0.027586206896551727,False
269.09115596204606,0.01106598140033581,0.05840084782174522,0.840701216332207,0.027586206896551727,False
269.1329532900609,0.011066018835297866,0.058369816983141955,0.8406295725418618,0.027586206896551727,False
269.17475061807573,0.011066056261700114,0.058338793240014966,0.8405578811690002,0.027586206896551727,False
269.2165479460905,0.01106609367953941,0.05830777659501957,0.8404861421779778,0.027586206896551727,False
269.25834527410535,0.011066131088812534,0.05827676705080537,0.8404143555331143,0.027586206896551727,False
269.30014260212016,0.011066168489516274,0.05824576461001665,0.8403425211986932,0.027586206896551727,False
269.341939930135,0.011066205881647443,0.05821476927529279,0.840270639138963,0.027586206896551727,False
269.3837372581498,0.0110662432652029,0.058183781049267226,0.8401987093181345,0.027586206896551727,False
269.4255345861646,0.011066280640179445,0.058152799934569135,0.840126731700385,0.027586206896551727,False
269.46733191417945,0.011066318006573917,0.05812182593382151,0.8400547062498542,0.027586206896551727,False
269.5091292421942,0.011066355364383187,0.05809085904964253,0.8399826329306458,0.027586206896551727,False
269.550926570209,0.011066392713604082,0.05805989928464504,0.8399105117068281,0.027586206896551727,False
269.5927238982239,0.011066430054233458,0.05802894664143696,0.839838342542434,0.027586206896551727,False
269.63452122623863,0.01106646738626818,0.057998001122620366,0.8397661254014582,0.027586206896551727,False
269.6763185542535,0.011066504709705141,0.05796706273079289,0.8396938602478617,0.027586206896551727,False
269.7181158822683,0.011066542024541097,0.05793613146854644,0.8396215470455691,0.027586206896551727,False
269.7599132102832,0.011066579330772944,0.057905207338468094,0.8395491857584684,0.027586206896551727,False
269.8017105382979,0.0110666166283977,0.057874290343139664,0.8394767763504096,0.027586206896551727,False
269.84350786631273,0.011066653917412204,0.057843380485137826,0.839404318785209,0.027586206896551727,False
269.8853051943276,0.011066691197813332,0.05781247776703427,0.8393318130266466,0.027586206896551727,False
269.92710252234235,0.011066728469597992,0.05778158219139531,0.8392592590384653,0.027586206896551727,False
269.96889985035716,0.0110667657327631,0.05775069376078242,0.8391866567843722,0.027586206896551727,False
270.010697178372,0.011066802987305559,0.057719812477751965,0.8391140062280383,0.027586206896551727,False
270.0524945063868,0.011066840233222307,0.057688938344855153,0.8390413073330983,0.027586206896551727,False
270.09429183440164,0.01106687747051027,0.05765807136463808,0.8389685600631502,0.027586206896551727,False
270.13608916241645,0.011066914699166402,0.05762721153964212,0.8388957643817561,0.027586206896551727,False
270.17788649043126,0.011066951919187561,0.057596358872403136,0.8388229202524421,0.027586206896551727,False
270.2196838184461,0.011066989130570774,0.05756551336545241,0.8387500276386974,0.027586206896551727,False
270.2614811464609,0.01106702633331298,0.05753467502131608,0.8386770865039748,0.027586206896551727,False
270.3032784744757,0.011067063527411132,0.05750384384251533,0.8386040968116912,0.027586206896551727,False
270.3450758024905,0.011067100712862179,0.05747301983156614,0.8385310585252271,0.027586206896551727,False
270.38687313050536,0.011067137889663107,0.05744220299097974,0.8384579716079256,0.027586206896551727,False
270.4286704585202,0.011067175057810895,0.05741139332326248,0.8383848360230948,0.027586206896551727,False
270.4704677865349,0.011067212217302527,0.05738059083091575,0.8383116517340053,0.027586206896551727,False
270.5122651145498,0.011067249368135012,0.05734979551643581,0.8382384187038914,0.027586206896551727,False
270.5540624425646,0.011067286510305354,0.057319007382314206,0.8381651368959508,0.027586206896551727,False
270.5958597705794,0.011067323643810321,0.057288226431037634,0.8380918062733484,0.027586206896551727,False
270.63765709859416,0.011067360768647158,0.05725745266508758,0.8380184267992051,0.027586206896551727,False
270.679454426609,0.011067397884812886,0.0572266860869409,0.8379449984366095,0.027586206896551727,False
270.72125175462384,0.011067434992304469,0.05719592669906971,0.8378715211486142,0.027586206896551727,False
270.76304908263864,0.01106747209111895,0.05716517450394114,0.8377979948982337,0.027586206896551727,False
270.80484641065345,0.011067509181253325,0.05713442950401745,0.8377244196484473,0.027586206896551727,False
270.8466437386683,0.011067546262704649,0.05710369170175614,0.8376507953621964,0.027586206896551727,False
270.88844106668313,0.01106758333546994,0.057072961099609805,0.8375771220023862,0.027586206896551727,False
270.9302383946979,0.011067620399546271,0.05704223770002645,0.837503399531885,0.027586206896551727,False
270.97203572271275,0.011067657454930704,0.05701152150544918,0.8374296279135247,0.027586206896551727,False
271.01383305072756,0.011067694501620253,0.056980812518316326,0.8373558071101005,0.027586206896551727,False
271.0556303787423,0.011067731539611993,0.056950110741061225,0.8372819370843698,0.027586206896551727,False
271.0974277067572,0.011067768568903033,0.056919416176113014,0.8372080177990547,0.027586206896551727,False
271.13922503477204,0.011067805589490432,0.056888728825895594,0.8371340492168392,0.027586206896551727,False
271.1810223627868,0.011067842601371244,0.056858048692828324,0.8370600313003715,0.027586206896551727,False
271.2228196908016,0.011067879604542592,0.05682737577932606,0.8369859640122626,0.027586206896551727,False
271.2646170188164,0.011067916599001543,0.056796710087798616,0.8369118473150862,0.027586206896551727,False
271.3064143468313,0.011067953584745223,0.056766051620651424,0.8368376811713796,0.027586206896551727,False
271.348211674846,0.011067990561770717,0.056735400380285,0.8367634655436431,0.027586206896551727,False
271.39000900286084,0.01106802753007514,0.05670475636909526,0.8366892003943396,0.027586206896551727,False
271.4318063308757,0.011068064489655664,0.056674119589473604,0.8366148856858951,0.027586206896551727,False
271.4736036588905,0.011068101440509215,0.05664349004380669,0.8365405213807015,0.027586206896551727,False
271.5154009869053,0.01106813838263302,0.05661286773447661,0.8364661074411095,0.027586206896551727,False
271.55719831492013,0.011068175316024293,0.05658225266386076,0.8363916438294335,0.027586206896551727,False
271.59899564293494,0.011068212240680147,0.056551644834331984,0.8363171305079521,0.027586206896551727,False
271.64079297094975,0.011068249156597694,0.05652104424825867,0.836242567438907,0.027586206896551727,False
271.68259029896456,0.011068286063774089,0.05649045090800462,0.8361679545845027,0.027586206896551727,False
271.7243876269794,0.011068322962206485,0.05645986481592864,0.8360932919069052,0.027586206896551727,False
271.7661849549942,0.01106835985189204,0.056429285974385575,0.8360185793682452,0.027586206896551727,False
271.807982283009,0.011068396732827899,0.05639871438572528,0.835943816930615,0.027586206896551727,False
271.84977961102385,0.011068433605011254,0.056368150052293474,0.8358690045560704,0.027586206896551727,False
271.8915769390386,0.011068470468439284,0.05633759297643107,0.8357941422066296,0.027586206896551727,False
271.93337426705347,0.01106850732310914,0.05630704316047459,0.8357192298442738,0.027586206896551727,False
271.9751715950683,0.011068544169018051,0.05627650060675603,0.8356442674309467,0.027586206896551727,False
272.016968923083,0.011068581006163218,0.05624596531760308,0.8355692549285546,0.027586206896551727,False
272.0587662510979,0.011068617834541798,0.05621543729533878,0.8354941922989677,0.027586206896551727,False
272.1005635791127,0.011068654654151017,0.05618491654228167,0.8354190795040171,0.027586206896551727,False
272.1423609071275,0.01106869146498808,0.056154403060746025,0.8353439165054979,0.027586206896551727,False
272.1841582351423,0.011068728267050208,0.05612389685304173,0.8352687032651677,0.027586206896551727,False
272.2259555631572,0.011068765060334622,0.05609339792147394,0.835193439744746,0.027586206896551727,False
272.267752891172,0.011068801844838539,0.05606290626834366,0.8351181259059155,0.027586206896551727,False
272.30955021918675,0.011068838620559225,0.05603242189594753,0.8350427617103212,0.027586206896551727,False
272.3513475472016,0.011068875387493692,0.05600194480657762,0.8349673471195731,0.027586206896551727,False
272.3931448752164,0.011068912145639393,0.05597147500252192,0.8348918820952398,0.027586206896551727,False
272.43494220323123,0.011068948894993581,0.0559410124860637,0.8348163665988532,0.027586206896551727,False
272.47673953124604,0.011068985635553488,0.05591055725948199,0.8347408005919085,0.027586206896551727,False
272.51853685926085,0.011069022367316347,0.05588010932505164,0.8346651840358643,0.027586206896551727,False
272.5603341872757,0.011069059090279415,0.055849668685043194,0.834589516892141,0.027586206896551727,False
272.60213151529047,0.011069095804439958,0.05581923534172264,0.834513799122121,0.027586206896551727,False
272.6439288433053,0.011069132509795245,0.055788809297351846,0.8344380306871493,0.027586206896551727,False
272.68572617132014,0.01106916920634258,0.05575839055418841,0.8343622115485332,0.027586206896551727,False
272.7275234993349,0.011069205894079209,0.05572797911448558,0.8342863416675432,0.027586206896551727,False
272.7693208273497,0.011069242573002479,0.05569757498049241,0.8342104210054105,0.027586206896551727,False
272.81111815536457,0.011069279243109574,0.05566717815445346,0.8341344495233308,0.027586206896551727,False
272.8529154833794,0.011069315904397865,0.05563678863860944,0.8340584271824603,0.027586206896551727,False
272.89471281139413,0.011069352556864654,0.05560640643519663,0.8339823539439181,0.027586206896551727,False
272.936510139409,0.01106938920050724,0.05557603154644687,0.8339062297687851,0.027586206896551727,False
272.97830746742386,0.011069425835322916,0.05554566397458827,0.8338300546181059,0.027586206896551727,False
273.0201047954386,0.011069462461309031,0.05551530372184435,0.8337538284528854,0.027586206896551727,False
273.0619021234534,0.011069499078462892,0.05548495079043473,0.8336775512340924,0.027586206896551727,False
273.1036994514683,0.011069535686781826,0.05545460518257451,0.8336012229226565,0.027586206896551727,False
273.14549677948304,0.011069572286263176,0.055424266900474826,0.8335248434794698,0.027586206896551727,False
273.18729410749785,0.011069608876904303,0.0553939359463428,0.8334484128653868,0.027586206896551727,False
273.2290914355127,0.011069645458702565,0.05536361232238139,0.8333719310412245,0.027586206896551727,False
273.2708887635275,0.01106968203165501,0.05533329603078893,0.8332953979677641,0.027586206896551727,False
273.31268609154233,0.011069718595759307,0.05530298707376035,0.8332188136057432,0.027586206896551727,False
273.35448341955714,0.011069755151012786,0.05527268545348589,0.8331421779158642,0.027586206896551727,False
273.39628074757195,0.011069791697412788,0.05524239117215212,0.8330654908587929,0.027586206896551727,False
273.43807807558676,0.011069828234956652,0.05521210423194133,0.832988752395156,0.027586206896551727,False
273.47987540360157,0.011069864763641747,0.05518182463503181,0.8329119624855427,0.027586206896551727,False
273.5216727316164,0.011069901283465454,0.05515155238359769,0.8328351210905034,0.027586206896551727,False
273.56347005963124,0.011069937794425137,0.05512128747980911,0.8327582281705511,0.027586206896551727,False
273.605267387646,0.011069974296518226,0.05509102992583221,0.8326812836861599,0.027586206896551727,False
273.64706471566086,0.011070010789742091,0.05506077972382902,0.8326042875977667,0.027586206896551727,False
273.68886204367567,0.011070047274094146,0.05503053687595762,0.8325272398657694,0.027586206896551727,False
273.7306593716905,0.01107008374957172,0.05500030138437207,0.8324501404505292,0.027586206896551727,False
273.7724566997053,0.01107012021617231,0.05497007325122249,0.8323729893123674,0.027586206896551727,False
273.8142540277201,0.01107015667389331,0.05493985247865479,0.8322957864115675,0.027586206896551727,False
273.8560513557349,0.011070193122732127,0.054909639068811224,0.8322185317083756,0.027586206896551727,False
273.8978486837497,0.011070229562686159,0.05487943302382975,0.832141225162999,0.027586206896551727,False
273.9396460117645,0.011070265993752847,0.05484923434584468,0.832063866735607,0.027586206896551727,False
273.9814433397794,0.011070302415929632,0.05481904303698624,0.8319864563863302,0.027586206896551727,False
274.02324066779414,0.011070338829213955,0.05478885909938061,0.8319089940752609,0.027586206896551727,False
274.065037995809,0.01107037523360326,0.05475868253515033,0.8318314797624535,0.027586206896551727,False
274.1068353238238,0.011070411629094994,0.05472851334641395,0.8317539134079239,0.027586206896551727,False
274.14863265183857,0.011070448015686546,0.054698351535286,0.8316762949716505,0.027586206896551727,False
274.19042997985343,0.011070484393375284,0.054668197103877235,0.8315986244135735,0.027586206896551727,False
274.23222730786824,0.01107052076215888,0.05463805005429441,0.8315209016935909,0.027586206896551727,False
274.274024635883,0.011070557122034742,0.05460791038864058,0.8314431267715656,0.027586206896551727,False
274.31582196389786,0.011070593473000316,0.05457777810901472,0.8313652996073219,0.027586206896551727,False
274.3576192919127,0.01107062981505307,0.05454765321751219,0.8312874201606449,0.027586206896551727,False
274.39941661992754,0.011070666148190461,0.054517535716224544,0.8312094883912822,0.027586206896551727,False
274.4412139479423,0.011070702472409998,0.05448742560723944,0.8311315042589423,0.027586206896551727,False
274.48301127595715,0.011070738787709136,0.054457322892640415,0.8310534677232942,0.027586206896551727,False
274.52480860397196,0.011070775094085385,0.054427227574507624,0.8309753787439698,0.027586206896551727,False
274.5666059319867,0.011070811391536244,0.05439713965491719,0.8308972372805612,0.027586206896551727,False
274.6084032600016,0.01107084768005924,0.054367059135941934,0.8308190432926233,0.027586206896551727,False
274.6502005880164,0.011070883959651768,0.05433698601965015,0.8307407967396719,0.027586206896551727,False
274.69199791603114,0.011070920230311457,0.05430692030810691,0.8306624975811828,0.027586206896551727,False
274.733795244046,0.011070956492035764,0.05427686200337329,0.8305841457765948,0.027586206896551727,False
274.7755925720608,0.011070992744822226,0.05424681110750683,0.8305057412853072,0.027586206896551727,False
274.8173899000757,0.011071028988668366,0.054216767622561245,0.8304272840666808,0.027586206896551727,False
274.85918722809043,0.011071065223571704,0.05418673155058652,0.8303487740800377,0.027586206896551727,False
274.90098455610524,0.011071101449529785,0.05415670289362886,0.830270211284661,0.027586206896551727,False
274.9427818841201,0.01107113766654013,0.054126681653731044,0.8301915956397959,0.027586206896551727,False
274.98457921213486,0.011071173874600283,0.0540966678329317,0.8301129271046475,0.027586206896551727,False
275.02637654014967,0.011071210073707807,0.05406666143326622,0.8300342056383826,0.027586206896551727,False
275.06817386816454,0.011071246263860315,0.05403666245676629,0.8299554312001289,0.027586206896551727,False
275.1099711961794,0.011071282445055015,0.05400667090545969,0.8298766037489799,0.027586206896551727,False
275.15176852419415,0.011071318617289798,0.05397668678137078,0.8297977232439817,0.027586206896551727,False
275.19356585220896,0.011071354780562186,0.053946710086520085,0.8297187896441462,0.027586206896551727,False
275.2353631802238,0.01107139093486974,0.053916740822924594,0.8296398029084457,0.027586206896551727,False
275.2771605082386,0.011071427080210002,0.05388677899259787,0.8295607629958147,0.027586206896551727,False
275.3189578362534,0.011071463216580544,0.053856824597549674,0.8294816698651479,0.027586206896551727,False
275.3607551642682,0.011071499343978955,0.05382687763978626,0.829402523475301,0.027586206896551727,False
275.402552492283,0.011071535462402799,0.053796938121310214,0.8293233237850904,0.027586206896551727,False
275.4443498202979,0.011071571571849678,0.053767006044120526,0.8292440707532939,0.027586206896551727,False
275.4861471483127,0.011071607672317204,0.05373708141021298,0.82916476433865,0.027586206896551727,False
275.5279444763275,0.011071643763802977,0.053707164221579486,0.8290854044998586,0.027586206896551727,False
275.5697418043423,0.011071679846304543,0.053677254480208124,0.8290059911955796,0.027586206896551727,False
275.6115391323571,0.011071715919819546,0.053647352188084,0.8289265243844347,0.027586206896551727,False
275.6533364603719,0.011071751984345594,0.05361745734718835,0.8288470040250058,0.027586206896551727,False
275.6951337883867,0.01107178803988031,0.0535875699594992,0.8287674300758359,0.027586206896551727,False
275.73693111640154,0.011071824086421286,0.05355769002699067,0.8286878024954291,0.027586206896551727,False
275.77872844441634,0.011071860123966158,0.05352781755163383,0.82860812124225,0.027586206896551727,False
275.8205257724312,0.011071896152512549,0.053497952535395916,0.8285283862747241,0.027586206896551727,False
275.862323100446,0.011071932172058116,0.05346809498024105,0.8284485975512378,0.027586206896551727,False
275.9041204284608,0.011071968182600481,0.05343824488812948,0.8283687550301375,0.027586206896551727,False
275.94591775647564,0.011072004184137289,0.053408402261018235,0.8282888586697309,0.027586206896551727,False
275.9877150844904,0.011072040176666199,0.053378567100860905,0.8282089084282865,0.027586206896551727,False
276.02951241250526,0.011072076160184654,0.05334873940960752,0.8281289042640356,0.027586206896551727,False
276.07130974052006,0.011072112134690502,0.05331891918920492,0.8280488461351657,0.027586206896551727,False
276.1131070685348,0.011072148100181433,0.05328910644159643,0.827968733999827,0.027586206896551727,False
276.1549043965497,0.011072184056655072,0.05325930116872179,0.8278885678161302,0.027586206896551727,False
276.19670172456455,0.011072220004109077,0.053229503372517424,0.8278083475421469,0.027586206896551727,False
276.23849905257936,0.011072255942541097,0.05319971305491674,0.8277280731359103,0.027586206896551727,False
276.2802963805941,0.011072291871948792,0.05316993021784934,0.8276477445554128,0.027586206896551727,False
276.322093708609,0.011072327792329863,0.05314015486324147,0.8275673617586069,0.027586206896551727,False
276.3638910366238,0.011072363703681956,0.053110386993016415,0.8274869247034073,0.027586206896551727,False
276.40568836463854,0.011072399606002797,0.05308062660909378,0.8274064333476878,0.027586206896551727,False
276.4474856926534,0.011072435499290077,0.05305087371338983,0.8273258876492827,0.027586206896551727,False
276.4892830206682,0.011072471383541433,0.05302112830781748,0.8272452875659873,0.027586206896551727,False
276.531080348683,0.011072507258754572,0.05299139039428674,0.8271646330555581,0.027586206896551727,False
276.57287767669783,0.011072543124927238,0.05296165997470389,0.8270839240757099,0.027586206896551727,False
276.61467500471264,0.01107257898205711,0.052931937050972024,0.8270031605841192,0.027586206896551727,False
276.6564723327275,0.011072614830141908,0.052902221624991086,0.8269223425384231,0.027586206896551727,False
276.69826966074226,0.011072650669179328,0.05287251369865741,0.8268414698962182,0.027586206896551727,False
276.74006698875706,0.011072686499167105,0.05284281327386449,0.8267605426150622,0.027586206896551727,False
276.78186431677193,0.011072722320102951,0.05281312035250246,0.8266795606524732,0.027586206896551727,False
276.8236616447867,0.011072758131984585,0.052783434936457825,0.8265985239659281,0.027586206896551727,False
276.86545897280155,0.011072793934809748,0.05275375702761427,0.8265174325128657,0.027586206896551727,False
276.90725630081636,0.01107282972857617,0.05272408662785208,0.8264362862506841,0.027586206896551727,False
276.9490536288312,0.01107286551328161,0.05269442373904843,0.8263550851367418,0.027586206896551727,False
276.990850956846,0.011072901288923593,0.0526647683630773,0.8262738291283609,0.027586206896551727,False
277.0326482848608,0.011072937055500104,0.052635120501809164,0.8261925181828166,0.027586206896551727,False
277.07444561287565,0.011072972813008845,0.05260548015711157,0.8261111522573489,0.027586206896551727,False
277.1162429408904,0.011073008561447564,0.05257584733084899,0.8260297313091572,0.027586206896551727,False
277.1580402689052,0.011073044300814043,0.052546222024882495,0.8259482552954008,0.027586206896551727,False
277.1998375969201,0.011073080031106002,0.05251660424107017,0.8258667241731996,0.027586206896551727,False
277.24163492493483,0.01107311575232119,0.05248699398126691,0.8257851378996339,0.027586206896551727,False
277.2834322529497,0.011073151464457365,0.05245739124732413,0.8257034964317425,0.027586206896551727,False
277.3252295809645,0.011073187167512313,0.0524277960410907,0.8256217997265256,0.027586206896551727,False
277.3670269089793,0.011073222861483809,0.05239820836441173,0.825540047740942,0.027586206896551727,False
277.4088242369941,0.011073258546369646,0.05236862821912987,0.8254582404319125,0.027586206896551727,False
277.45062156500893,0.01107329422216756,0.052339055607084135,0.8253763777563163,0.027586206896551727,False
277.49241889302374,0.011073329888875369,0.052309490530110775,0.8252944596709934,0.027586206896551727,False
277.53421622103855,0.011073365546490879,0.05227993299004271,0.8252124861327423,0.027586206896551727,False
277.57601354905336,0.011073401195011849,0.052250382988710035,0.8251304570983237,0.027586206896551727,False
277.6178108770682,0.011073436834436087,0.05222084052793952,0.8250483725244561,0.027586206896551727,False
277.659608205083,0.011073472464761402,0.052191305609555046,0.824966232367819,0.027586206896551727,False
277.70140553309784,0.011073508085985593,0.05216177823537745,0.8248840365850516,0.027586206896551727,False
277.74320286111265,0.011073543698106475,0.05213225840722438,0.8248017851327525,0.027586206896551727,False
277.78500018912746,0.011073579301121846,0.05210274612691054,0.8247194779674806,0.027586206896551727,False
277.82679751714227,0.01107361489502953,0.05207324139624761,0.8246371150457541,0.027586206896551727,False
277.8685948451571,0.011073650479827363,0.05204374421704437,0.8245546963240515,0.027586206896551727,False
277.9103921731719,0.011073686055513185,0.052014254591106514,0.8244722217588105,0.027586206896551727,False
277.9521895011867,0.011073721622084578,0.051984772520236394,0.8243896913064314,0.027586206896551727,False
277.9939868292015,0.011073757179539616,0.05195529800623395,0.8243071049232688,0.027586206896551727,False
278.03578415721637,0.011073792727876123,0.05192583105089573,0.8242244625656397,0.027586206896551727,False
278.0775814852311,0.011073828267091919,0.05189637165601557,0.8241417641898217,0.027586206896551727,False
278.11937881324593,0.011073863797184834,0.05186691982338422,0.8240590097520506,0.027586206896551727,False
278.1611761412608,0.011073899318152697,0.05183747555478951,0.8239761992085232,0.027586206896551727,False
278.2029734692756,0.01107393482999335,0.051808038852016305,0.8238933325153952,0.027586206896551727,False
278.24477079729036,0.011073970332704653,0.05177860971684635,0.8238104096287808,0.027586206896551727,False
278.2865681253052,0.011074005826284445,0.051749188151058834,0.8237274305047559,0.027586206896551727,False
278.3283654533201,0.0110740413107306,0.05171977415642981,0.8236443950993543,0.027586206896551727,False
278.37016278133484,0.011074076786040981,0.051690367734732484,0.8235613033685697,0.027586206896551727,False
278.41196010934965,0.011074112252213433,0.051660968887737184,0.8234781552683562,0.027586206896551727,False
278.4537574373645,0.011074147709245826,0.051631577617211266,0.8233949507546264,0.027586206896551727,False
278.4955547653793,0.01107418315713607,0.051602193924919236,0.8233116897832518,0.027586206896551727,False
278.5373520933941,0.01107421859588201,0.05157281781262285,0.8232283723100653,0.027586206896551727,False
278.57914942140894,0.01107425402548152,0.051543449282080725,0.8231449982908571,0.027586206896551727,False
278.62094674942375,0.01107428944593249,0.05151408833504882,0.8230615676813783,0.027586206896551727,False
278.6627440774385,0.01107432485723279,0.051484734973280474,0.8229780804373393,0.027586206896551727,False
278.70454140545337,0.011074360259380337,0.051455389198525506,0.8228945365144082,0.027586206896551727,False
278.7463387334682,0.011074395652372997,0.05142605101253162,0.822810935868215,0.027586206896551727,False
278.788136061483,0.011074431036208697,0.05139672041704331,0.8227272784543463,0.027586206896551727,False
278.8299333894978,0.011074466410885312,0.051367397413802335,0.8226435642283503,0.027586206896551727,False
278.8717307175126,0.01107450177640077,0.05133808200454794,0.8225597931457336,0.027586206896551727,False
278.91352804552747,0.01107453713275283,0.051308774191015906,0.822475965161963,0.027586206896551727,False
278.9553253735422,0.011074572479939511,0.051279473974939836,0.8223920802324626,0.027586206896551727,False
278.99712270155703,0.011074607817958779,0.05125018135805043,0.8223081383126163,0.027586206896551727,False
279.0389200295719,0.011074643146808547,0.05122089634207544,0.8222241393577673,0.027586206896551727,False
279.0807173575867,0.011074678466486703,0.05119161892874001,0.8221400833232188,0.027586206896551727,False
279.1225146856015,0.01107471377699114,0.05116234911976643,0.8220559701642329,0.027586206896551727,False
279.1643120136163,0.011074749078319814,0.05113308691687441,0.8219717998360307,0.027586206896551727,False
279.20610934163113,0.01107478437047063,0.05110383232178079,0.8218875722937923,0.027586206896551727,False
279.24790666964594,0.011074819653441518,0.05107458533619957,0.8218032874926567,0.027586206896551727,False
279.28970399766075,0.011074854927230428,0.05104534596184225,0.8217189453877223,0.027586206896551727,False
279.3315013256756,0.011074890191835158,0.051016114200417684,0.8216345459340487,0.027586206896551727,False
279.37329865369037,0.011074925447253917,0.05098689005363163,0.821550089086648,0.027586206896551727,False
279.41509598170524,0.011074960693484511,0.05095767352318762,0.8214655748004982,0.027586206896551727,False
279.45689330972004,0.011074995930524915,0.050928464610786234,0.8213810030305332,0.027586206896551727,False
279.4986906377348,0.01107503115837308,0.05089926331812559,0.8212963737316469,0.027586206896551727,False
279.54048796574966,0.011075066377026968,0.050870069646900704,0.821211686858691,0.027586206896551727,False
279.58228529376447,0.011075101586484497,0.05084088359880439,0.8211269423664777,0.027586206896551727,False
279.6240826217792,0.011075136786743664,0.05081170517552659,0.8210421402097768,0.027586206896551727,False
279.6658799497941,0.011075171977802408,0.05078253437875455,0.8209572803433176,0.027586206896551727,False
279.7076772778089,0.011075207159658741,0.05075337121017322,0.8208723627217883,0.027586206896551727,False
279.74947460582376,0.011075242332310588,0.05072421567146441,0.8207873872998358,0.027586206896551727,False
279.7912719338385,0.011075277495755953,0.05069506776430778,0.820702354032066,0.027586206896551727,False
279.8330692618534,0.01107531264999283,0.05066592749038014,0.8206172628730434,0.027586206896551727,False
279.8748665898682,0.011075347795019213,0.050636794851355804,0.8205321137772911,0.027586206896551727,False
279.91666391788294,0.011075382930832857,0.050607669848906335,0.8204469066992944,0.027586206896551727,False
279.9584612458978,0.011075418057431966,0.05057855248470086,0.8203616415934917,0.027586206896551727,False
280.0002585739126,0.011075453174814523,0.05054944276040591,0.8202763184142827,0.027586206896551727,False
280.0420559019274,0.01107548828297852,0.050520340677685356,0.820190937116026,0.027586206896551727,False
280.0838532299422,0.01107552338192192,0.05049124623820062,0.8201054976530393,0.027586206896551727,False
280.12565055795704,0.011075558471642708,0.05046215944361056,0.8200199999795991,0.027586206896551727,False
280.1674478859719,0.01107559355213893,0.05043308029557144,0.8199344440499392,0.027586206896551727,False
280.20924521398666,0.011075628623408548,0.05040400879573693,0.8198488298182536,0.027586206896551727,False
280.25104254200147,0.011075663685449579,0.05037494494575837,0.8197631572386941,0.027586206896551727,False
280.29283987001634,0.011075698738260049,0.0503458887472845,0.8196774262653713,0.027586206896551727,False
280.3346371980311,0.011075733781837982,0.050316840201961234,0.8195916368523539,0.027586206896551727,False
280.3764345260459,0.011075768816181365,0.050287799311432436,0.8195057889536701,0.027586206896551727,False
280.41823185406076,0.011075803841288197,0.05025876607733922,0.8194198825233068,0.027586206896551727,False
280.4600291820756,0.011075838857156572,0.050229740501320404,0.8193339175152079,0.027586206896551727,False
280.5018265100904,0.011075873863784466,0.05020072258501217,0.8192478938832776,0.027586206896551727,False
280.5436238381052,0.01107590886116992,0.050171712330048204,0.8191618115813775,0.027586206896551727,False
280.58542116612006,0.011075943849310979,0.05014270973805988,0.8190756705633281,0.027586206896551727,False
280.6272184941348,0.01107597882820566,0.0501137148106759,0.8189894707829083,0.027586206896551727,False
280.6690158221496,0.011076013797852014,0.050084727549522784,0.8189032121938556,0.027586206896551727,False
280.7108131501644,0.011076048758248068,0.05005574795622439,0.8188168947498659,0.027586206896551727,False
280.75261047817924,0.011076083709391891,0.05002677603240219,0.8187305184045928,0.027586206896551727,False
280.79440780619404,0.01107611865128152,0.04999781177967533,0.8186440831116494,0.027586206896551727,False
280.8362051342089,0.01107615358391504,0.049968855199660614,0.8185575888246065,0.027586206896551727,False
280.8780024622237,0.011076188507290363,0.04993990629397202,0.8184710354969947,0.027586206896551727,False
280.9197997902385,0.011076223421405554,0.0499109650642216,0.8183844230823022,0.027586206896551727,False
280.96159711825334,0.011076258326258824,0.04988203151201868,0.8182977515339724,0.027586206896551727,False
281.00339444626815,0.011076293221848197,0.049853105638970475,0.8182110208054106,0.027586206896551727,False
281.04519177428296,0.01107632810817172,0.049824187446681545,0.8181242308499797,0.027586206896551727,False
281.08698910229776,0.011076362985227451,0.04979527693675435,0.8180373816210004,0.027586206896551727,False
281.1287864303126,0.011076397853013445,0.04976637411078879,0.8179504730717524,0.027586206896551727,False
281.17058375832744,0.011076432711527787,0.04973747897038252,0.8178635051554729,0.027586206896551727,False
281.2123810863422,0.011076467560768539,0.04970859151713065,0.8177764778253571,0.027586206896551727,False
281.25417841435706,0.011076502400733797,0.04967971175262625,0.8176893910345593,0.027586206896551727,False
281.29597574237187,0.011076537231421631,0.04965083967845992,0.8176022447361915,0.027586206896551727,False
281.3377730703866,0.011076572052830158,0.04962197529621994,0.8175150388833234,0.027586206896551727,False
281.3795703984015,0.011076606864957386,0.04959311860749232,0.8174277734289846,0.027586206896551727,False
281.4213677264163,0.011076641667801467,0.0495642696138606,0.8173404483261606,0.027586206896551727,False
281.46316505443104,0.011076676461360489,0.049535428316906285,0.817253063527796,0.027586206896551727,False
281.5049623824459,0.011076711245632542,0.04950659471820813,0.817165618986793,0.027586206896551727,False
281.5467597104607,0.0110767460206157,0.04947776881934311,0.8170781146560131,0.027586206896551727,False
281.5885570384756,0.011076780786308105,0.04944895062188566,0.8169905504882744,0.027586206896551727,False
281.63035436649034,0.011076815542707834,0.04942014012740795,0.8169029264363538,0.027586206896551727,False
281.6721516945052,0.011076850289813011,0.0493913373374801,0.8168152424529864,0.027586206896551727,False
281.71394902252,0.011076885027621742,0.04936254225366962,0.8167274984908648,0.027586206896551727,False
281.75574635053476,0.011076919756132127,0.04933375487754207,0.8166396945026398,0.027586206896551727,False
281.79754367854963,0.011076954475342298,0.04930497521066059,0.8165518304409201,0.027586206896551727,False
281.83934100656444,0.011076989185250402,0.04927620325458623,0.816463906258272,0.027586206896551727,False
281.8811383345792,0.011077023885854355,0.04924743901087771,0.8163759219072231,0.027586206896551727,False
281.92293566259406,0.01107705857715242,0.049218682481091555,0.8162878773402537,0.027586206896551727,False
281.96473299060887,0.011077093259142787,0.04918993366678208,0.8161997725098036,0.027586206896551727,False
282.00653031862373,0.011077127931823569,0.04916119256950144,0.8161116073682713,0.027586206896551727,False
282.0483276466385,0.011077162595192876,0.049132459190799414,0.8160233818680129,0.027586206896551727,False
282.0901249746533,0.011077197249248816,0.04910373353222382,0.8159350959613431,0.027586206896551727,False
282.13192230266816,0.011077231893989545,0.04907501559532014,0.8158467496005333,0.027586206896551727,False
282.1737196306829,0.01107726652941317,0.04904630538163191,0.8157583427378139,0.027586206896551727,False
282.2155169586977,0.011077301155517845,0.04901760289270028,0.8156698753253722,0.027586206896551727,False
282.2573142867126,0.011077335772301718,0.04898890813006429,0.8155813473153533,0.027586206896551727,False
282.29911161472745,0.011077370379762952,0.04896022109526072,0.8154927586598595,0.027586206896551727,False
282.3409089427422,0.011077404977899705,0.04893154178982453,0.8154041093109523,0.027586206896551727,False
282.382706270757,0.011077439566710045,0.048902870215288094,0.8153153992206503,0.027586206896551727,False
282.4245035987719,0.011077474146192201,0.0488742063731821,0.8152266283409295,0.027586206896551727,False
282.46630092678663,0.011077508716344331,0.04884555026503488,0.8151377966237235,0.027586206896551727,False
282.50809825480144,0.011077543277164578,0.048816901892372554,0.8150489040209238,0.027586206896551727,False
282.5498955828163,0.011077577828651087,0.048788261256719305,0.8149599504843797,0.027586206896551727,False
282.59169291083106,0.01107761237080205,0.04875962835959722,0.8148709359658982,0.027586206896551727,False
282.63349023884587,0.01107764690361563,0.04873100320252623,0.8147818604172434,0.027586206896551727,False
282.67528756686073,0.011077681427089987,0.048702385787024044,0.8146927237901372,0.027586206896551727,False
282.71708489487554,0.011077715941223299,0.0486737761146065,0.8146035260362594,0.027586206896551727,False
282.75888222289035,0.01107775044601374,0.048645174186787286,0.8145142671072471,0.027586206896551727,False
282.80067955090516,0.011077784941459496,0.04861658000507804,0.814424946954695,0.027586206896551727,False
282.84247687891997,0.011077819427558777,0.04858799357098838,0.8143355655301552,0.027586206896551727,False
282.8842742069348,0.011077853904309634,0.04855941488602581,0.814246122785139,0.027586206896551727,False
282.9260715349496,0.011077888371710245,0.04853084395169562,0.8141566186711133,0.027586206896551727,False
282.9678688629644,0.011077922829758948,0.0485022807695015,0.814067053139502,0.027586206896551727,False
283.0096661909792,0.011077957278453895,0.048473725340944726,0.813977426141687,0.027586206896551727,False
283.05146351899407,0.011077991717793266,0.04844517766752473,0.8138877376290086,0.027586206896551727,False
283.0932608470089,0.01107802614777523,0.04841663775073885,0.8137979875527641,0.027586206896551727,False
283.1350581750237,0.011078060568397986,0.04838810559208236,0.8137081758642081,0.027586206896551727,False
283.1768555030385,0.01107809497965975,0.04835958119304863,0.813618302514552,0.027586206896551727,False
283.2186528310533,0.011078129381558702,0.048331064555129075,0.813528367454966,0.027586206896551727,False
283.2604501590681,0.011078163774093054,0.048302555679812995,0.8134383706365764,0.027586206896551727,False
283.3022474870829,0.011078198157261021,0.048274054568587806,0.8133483120104674,0.027586206896551727,False
283.34404481509773,0.011078232531060826,0.048245561222938986,0.8132581915276803,0.027586206896551727,False
283.3858421431126,0.011078266895490624,0.04821707564434979,0.8131680091392143,0.027586206896551727,False
283.42763947112735,0.011078301250548664,0.04818859783430184,0.8130777647960252,0.027586206896551727,False
283.46943679914216,0.011078335596233169,0.04816012779427458,0.8129874584490262,0.027586206896551727,False
283.511234127157,0.01107836993254235,0.04813166552574553,0.812897090049088,0.027586206896551727,False
283.55303145517183,0.011078404259474416,0.04810321103019033,0.8128066595470383,0.027586206896551727,False
283.5948287831866,0.011078438577027592,0.04807476430908284,0.8127161668936631,0.027586206896551727,False
283.63662611120145,0.011078472885200119,0.04804632536389463,0.8126256120397038,0.027586206896551727,False
283.67842343921626,0.011078507183990222,0.04801789419609569,0.8125349949358606,0.027586206896551727,False
283.72022076723107,0.011078541473396118,0.04798947080715388,0.8124443155327901,0.027586206896551727,False
283.7620180952459,0.011078575753416045,0.04796105519853516,0.812353573781106,0.027586206896551727,False
283.80381542326074,0.011078610024048252,0.04793264737170387,0.8122627696313799,0.027586206896551727,False
283.84561275127555,0.011078644285290982,0.04790424732812195,0.8121719030341392,0.027586206896551727,False
283.8874100792903,0.011078678537142384,0.04787585506924979,0.8120809739398706,0.027586206896551727,False
283.92920740730517,0.011078712779600647,0.047847470596546066,0.8119899822990182,0.027586206896551727,False
283.97100473532,0.011078747012664193,0.04781909391146711,0.811898928061978,0.027586206896551727,False
284.01280206333473,0.011078781236331228,0.047790725015468,0.8118078111791089,0.027586206896551727,False
284.0545993913496,0.011078815450599981,0.047762363910001326,0.8117166316007238,0.027586206896551727,False
284.0963967193644,0.011078849655468685,0.04773401059651809,0.8116253892770939,0.027586206896551727,False
284.1381940473792,0.011078883850935587,0.04770566507646754,0.8115340841584474,0.027586206896551727,False
284.179991375394,0.011078918036998965,0.04767732735129698,0.811442716194969,0.027586206896551727,False
284.22178870340883,0.011078952213657062,0.0476489974224518,0.8113512853368003,0.027586206896551727,False
284.2635860314237,0.01107898638090812,0.04762067529137582,0.8112597915340413,0.027586206896551727,False
284.30538335943845,0.011079020538750433,0.04759236095951081,0.8111682347367469,0.027586206896551727,False
284.34718068745326,0.011079054687182253,0.047564054428296774,0.8110766148949305,0.027586206896551727,False
284.3889780154681,0.01107908882620183,0.047535755699171955,0.8109849319585621,0.027586206896551727,False
284.4307753434829,0.011079122955807414,0.047507464773572684,0.8108931858775684,0.027586206896551727,False
284.47257267149774,0.011079157075997322,0.04747918165293377,0.8108013766018332,0.027586206896551727,False
284.51436999951255,0.011079191186769814,0.04745090633868779,0.8107095040811964,0.027586206896551727,False
284.5561673275274,0.011079225288123164,0.04742263883226602,0.8106175682654562,0.027586206896551727,False
284.59796465554217,0.011079259380055615,0.0473943791350976,0.8105255691043671,0.027586206896551727,False
284.639761983557,0.011079293462565478,0.047366127248610126,0.8104335065476403,0.027586206896551727,False
284.6815593115718,0.011079327535651018,0.04733788317422942,0.8103413805449443,0.027586206896551727,False
284.7233566395866,0.011079361599310531,0.04730964691337921,0.810249191045903,0.027586206896551727,False
284.7651539676014,0.011079395653542297,0.04728141846748205,0.8101569380000995,0.027586206896551727,False
284.8069512956163,0.011079429698344606,0.047253197837958165,0.8100646213570711,0.027586206896551727,False
284.848748623631,0.011079463733715777,0.04722498502622649,0.8099722410663136,0.027586206896551727,False
284.8905459516459,0.0110794977596541,0.04719678003370392,0.8098797970772789,0.027586206896551727,False
284.9323432796607,0.011079531776157621,0.047168582861805794,0.8097872893393789,0.027586206896551727,False
284.97414060767545,0.011079565783224873,0.0471403935119458,0.8096947178019769,0.027586206896551727,False
285.0159379356903,0.01107959978085418,0.047112211985535904,0.8096020824143949,0.027586206896551727,False
285.0577352637051,0.011079633769043803,0.047084038283986,0.809509383125912,0.027586206896551727,False
285.09953259171994,0.011079667747792009,0.04705587240870485,0.8094166198857651,0.027586206896551727,False
285.14132991973474,0.011079701717097115,0.047027714361098934,0.8093237926431458,0.027586206896551727,False
285.1831272477496,0.011079735676957409,0.046999564142573474,0.809230901347204,0.027586206896551727,False
285.2249245757644,0.011079769627371228,0.04697142175453194,0.8091379459470451,0.027586206896551727,False
285.26672190377917,0.011079803568336856,0.046943287198376,0.8090449263917322,0.027586206896551727,False
285.308519231794,0.011079837499852632,0.04691516047550586,0.8089518426302843,0.027586206896551727,False
285.35031655980885,0.011079871421916852,0.04688704158731987,0.8088586946116773,0.027586206896551727,False
285.39211388782365,0.01107990533452785,0.04685893053521474,0.8087654822848432,0.027586206896551727,False
285.4339112158384,0.01107993923768387,0.04683082732058561,0.8086722055986723,0.027586206896551727,False
285.4757085438533,0.011079973131383307,0.04680273194482596,0.808578864502009,0.027586206896551727,False
285.5175058718681,0.011080007015624452,0.04677464440932768,0.8084854589436562,0.027586206896551727,False
285.5593031998829,0.011080040890405665,0.046746564715480825,0.8083919888723718,0.027586206896551727,False
285.6011005278977,0.011080074755725223,0.046718492864674215,0.8082984542368725,0.027586206896551727,False
285.64289785591257,0.011080108611581476,0.04669042885829478,0.8082048549858296,0.027586206896551727,False
285.6846951839273,0.011080142457972748,0.04666237269772766,0.8081111910678712,0.027586206896551727,False
285.7264925119421,0.01108017629489737,0.0466343243843567,0.8080174624315822,0.027586206896551727,False
285.768289839957,0.01108021012235369,0.04660628391956406,0.8079236690255039,0.027586206896551727,False
285.8100871679718,0.011080243940340026,0.046578251304730214,0.8078298107981342,0.027586206896551727,False
285.85188449598655,0.011080277748854736,0.04655022654123424,0.8077358876979276,0.027586206896551727,False
285.8936818240014,0.011080311547896184,0.04652220963045362,0.8076418996732946,0.027586206896551727,False
285.9354791520162,0.011080345337462575,0.04649420057376391,0.8075478466726037,0.027586206896551727,False
285.97727648003104,0.011080379117552242,0.046466199372539596,0.8074537286441796,0.027586206896551727,False
286.01907380804585,0.011080412888163691,0.04643820602815313,0.8073595455362992,0.027586206896551727,False
286.06087113606065,0.011080446649295236,0.04641022054197564,0.8072652972971995,0.027586206896551727,False
286.1026684640755,0.011080480400945189,0.046382242915376896,0.8071709838750747,0.027586206896551727,False
286.1444657920903,0.011080514143111902,0.046354273149724706,0.8070766052180733,0.027586206896551727,False
286.1862631201051,0.011080547875793736,0.0463263112463857,0.8069821612743012,0.027586206896551727,False
286.22806044811995,0.011080581598989012,0.04629835720672472,0.8068876519918208,0.027586206896551727,False
286.26985777613476,0.011080615312696116,0.046270411032105295,0.80679307731865,0.027586206896551727,False
286.31165510414957,0.01108064901691339,0.0462424727238894,0.806698437202764,0.027586206896551727,False
286.3534524321644,0.011080682711639204,0.046214542283437236,0.8066037315920933,0.027586206896551727,False
286.3952497601792,0.01108071639687193,0.04618661971210786,0.8065089604345256,0.027586206896551727,False
286.437047088194,0.011080750072609937,0.04615870501125831,0.8064141236779031,0.027586206896551727,False
286.4788444162088,0.011080783738851503,0.04613079818224493,0.8063192212700288,0.027586206896551727,False
286.52064174422367,0.011080817395595084,0.04610289922642185,0.8062242531586564,0.027586206896551727,False
286.5624390722384,0.011080851042839035,0.046075008145141885,0.8061292192914986,0.027586206896551727,False
286.6042364002533,0.011080884680581722,0.04604712493975656,0.8060341196162243,0.027586206896551727,False
286.6460337282681,0.011080918308821502,0.046019249611615826,0.8059389540804588,0.027586206896551727,False
286.68783105628285,0.011080951927556771,0.045991382162068224,0.805843722631783,0.027586206896551727,False
286.7296283842977,0.011080985536785874,0.04596352259246054,0.8057484252177343,0.027586206896551727,False
286.7714257123125,0.0110810191365072,0.045935670904138456,0.8056530617858062,0.027586206896551727,False
286.8132230403273,0.011081052726719148,0.04590782709844615,0.8055576322834486,0.027586206896551727,False
286.85502036834214,0.011081086307420069,0.045879991176726025,0.805462136658067,0.027586206896551727,False
286.89681769635695,0.011081119878608384,0.04585216314031957,0.8053665748570239,0.027586206896551727,False
286.93861502437176,0.01108115344028248,0.04582434299056645,0.8052709468276372,0.027586206896551727,False
286.98041235238657,0.011081186992440529,0.04579653072880511,0.8051752525171847,0.027586206896551727,False
287.02220968040143,0.011081220535081137,0.04576872635637236,0.8050794918728935,0.027586206896551727,False
287.06400700841624,0.011081254068202704,0.045740929874603785,0.8049836648419502,0.027586206896551727,False
287.105804336431,0.011081287591803596,0.04571314128483361,0.8048877713714987,0.027586206896551727,False
287.14760166444586,0.011081321105882173,0.0456853605883942,0.8047918114086371,0.027586206896551727,False
287.18939899246067,0.011081354610436826,0.04565758778661703,0.804695784900421,0.027586206896551727,False
287.2311963204754,0.01108138810546597,0.045629822880832054,0.8045996917938617,0.027586206896551727,False
287.2729936484903,0.011081421590967989,0.04560206587236781,0.8045035320359265,0.027586206896551727,False
287.3147909765051,0.011081455066941285,0.04557431676255119,0.8044073055735379,0.027586206896551727,False
287.35658830451996,0.01108148853338426,0.04554657555270833,0.8043110123535764,0.027586206896551727,False
287.3983856325347,0.011081521990295329,0.04551884224416321,0.8042146523228758,0.027586206896551727,False
287.4401829605495,0.011081555437672889,0.04549111683823898,0.8041182254282283,0.027586206896551727,False
287.4819802885644,0.011081588875515342,0.04546339933625732,0.8040217316163812,0.027586206896551727,False
287.52377761657914,0.011081622303821063,0.04543568973953865,0.803925170834039,0.027586206896551727,False
287.56557494459395,0.011081655722588511,0.04540798804940161,0.8038285430278593,0.027586206896551727,False
287.6073722726088,0.011081689131816074,0.04538029426716395,0.8037318481444585,0.027586206896551727,False
287.6491696006236,0.011081722531502173,0.04535260839414195,0.8036350861304078,0.027586206896551727,False
287.69096692863843,0.011081755921645196,0.045324930431650604,0.8035382569322351,0.027586206896551727,False
287.73276425665324,0.011081789302243607,0.04529726038100336,0.8034413604964228,0.027586206896551727,False
287.7745615846681,0.011081822673295784,0.04526959824351266,0.8033443967694112,0.027586206896551727,False
287.81635891268286,0.011081856034800148,0.04524194402048935,0.803247365697595,0.027586206896551727,False
287.85815624069767,0.011081889386755151,0.045214297713243166,0.8031502672273255,0.027586206896551727,False
287.89995356871253,0.011081922729159198,0.04518665932308233,0.8030531013049095,0.027586206896551727,False
287.9417508967273,0.011081956062010718,0.045159028851313975,0.8029558678766102,0.027586206896551727,False
287.9835482247421,0.011081989385308166,0.04513140629924375,0.802858566888646,0.027586206896551727,False
288.02534555275696,0.011082022699049683,0.04510379166817627,0.8027611982871962,0.027586206896551727,False
288.06714288077177,0.011082056003234012,0.045076184959414636,0.8026637620183869,0.027586206896551727,False
288.1089402087866,0.011082089297859553,0.0450485861742607,0.8025662580283047,0.027586206896551727,False
288.1507375368014,0.011082122582924698,0.04502099531401517,0.8024686862629935,0.027586206896551727,False
288.1925348648162,0.011082155858427862,0.04499341237997715,0.8023710466684506,0.027586206896551727,False
288.234332192831,0.011082189124367491,0.04496583737344485,0.8022733391906305,0.027586206896551727,False
288.2761295208458,0.011082222380742024,0.04493827029571514,0.8021755637754437,0.027586206896551727,False
288.3179268488606,0.011082255627549886,0.044910711148083864,0.8020777203687569,0.027586206896551727,False
288.35972417687543,0.011082288864789527,0.044883159931844926,0.8019798089163903,0.027586206896551727,False
288.40152150489024,0.01108232209245939,0.044855616648291526,0.8018818293641219,0.027586206896551727,False
288.4433188329051,0.011082355310557911,0.04482808129871556,0.8017837816576849,0.027586206896551727,False
288.4851161609199,0.01108238851908355,0.044800553884407686,0.8016856657427689,0.027586206896551727,False
288.5269134889347,0.011082421718034705,0.04477303440665717,0.8015874815650189,0.027586206896551727,False
288.56871081694953,0.011082454907409852,0.044745522866752194,0.8014892290700351,0.027586206896551727,False
288.61050814496434,0.011082488087207461,0.04471801926597984,0.8013909082033744,0.027586206896551727,False
288.65230547297915,0.011082521257425948,0.04469052360562576,0.8012925189105491,0.027586206896551727,False
288.69410280099396,0.011082554418063795,0.04466303588697452,0.8011940611370268,0.027586206896551727,False
288.73590012900877,0.011082587569119411,0.04463555611130931,0.8010955348282318,0.027586206896551727,False
288.77769745702363,0.01108262071059129,0.04460808427991263,0.8009969399295441,0.027586206896551727,False
288.8194947850384,0.011082653842477868,0.04458062039406522,0.8008982763862985,0.027586206896551727,False
288.86129211305325,0.011082686964777603,0.04455316445504677,0.8007995441437861,0.027586206896551727,False
288.90308944106806,0.011082720077488947,0.04452571646413595,0.8007007431472537,0.027586206896551727,False
288.9448867690828,0.01108275318061038,0.044498276422610124,0.8006018733419034,0.027586206896551727,False
288.9866840970977,0.011082786274140367,0.04447084433174553,0.8005029346728934,0.027586206896551727,False
289.0284814251125,0.011082819358077381,0.04444342019281741,0.8004039270853381,0.027586206896551727,False
289.07027875312724,0.011082852432419616,0.04441600400709948,0.8003048505243102,0.027586206896551727,False
289.1120760811421,0.011082885497165865,0.04438859577586465,0.8002057049348308,0.027586206896551727,False
289.153873409157,0.011082918552314514,0.044361195500384545,0.8001064902618822,0.027586206896551727,False
289.1956707371718,0.011082951597864031,0.04433380318192951,0.8000072064504006,0.027586206896551727,False
289.23746806518653,0.011082984633812867,0.04430641882176896,0.7999078534452787,0.027586206896551727,False
289.2792653932014,0.0110830176601595,0.044279042421171144,0.7998084311913648,0.027586206896551727,False
289.3210627212162,0.011083050676902403,0.04425167398140303,0.7997089396334622,0.027586206896551727,False
289.36286004923096,0.011083083684040033,0.044224313503730676,0.7996093787163308,0.027586206896551727,False
289.40465737724577,0.011083116681570882,0.0441969609894187,0.7995097483846846,0.027586206896551727,False
289.44645470526063,0.011083149669493426,0.044169616439731,0.7994100485831949,0.027586206896551727,False
289.48825203327544,0.01108318264780613,0.044142279855930194,0.7993102792564881,0.027586206896551727,False
289.53004936129025,0.011083215616507476,0.04411495123927761,0.7992104403491456,0.027586206896551727,False
289.57184668930506,0.011083248575595934,0.0440876305910338,0.7991105318057053,0.027586206896551727,False
289.6136440173199,0.011083281525069983,0.04406031791245817,0.7990105535706612,0.027586206896551727,False
289.6554413453347,0.011083314464928122,0.04403301320480873,0.7989105055884607,0.027586206896551727,False
289.6972386733495,0.011083347395168839,0.04400571646934278,0.7988103878035085,0.027586206896551727,False
289.73903600136435,0.011083380315790597,0.04397842770731613,0.7987102001601646,0.027586206896551727,False
289.7808333293791,0.011083413226791891,0.04395114691998395,0.7986099426027445,0.027586206896551727,False
289.8226306573939,0.011083446128171179,0.043923874108600186,0.7985096150755204,0.027586206896551727,False
289.8644279854088,0.011083479019927013,0.04389660927441751,0.7984092175227172,0.027586206896551727,False
289.90622531342365,0.011083511902057839,0.043869352418687856,0.7983087498885183,0.027586206896551727,False
289.9480226414384,0.011083544774562163,0.04384210354266191,0.7982082121170614,0.027586206896551727,False
289.9898199694532,0.011083577637438499,0.043814862647589395,0.7981076041524398,0.027586206896551727,False
290.031617297468,0.011083610490685335,0.04378762973471906,0.7980069259387029,0.027586206896551727,False
290.0734146254828,0.011083643334301167,0.04376040480529825,0.7979061774198544,0.027586206896551727,False
290.11521195349764,0.011083676168284274,0.04373318786057351,0.7978053585398576,0.027586206896551727,False
290.15700928151244,0.011083708992633418,0.0437059789017905,0.7977044692426248,0.027586206896551727,False
290.19880660952725,0.011083741807347034,0.043678777930193716,0.7976035094720283,0.027586206896551727,False
290.2406039375421,0.011083774612423629,0.04365158494702666,0.7975024791718944,0.027586206896551727,False
290.2824012655569,0.011083807407861695,0.04362439995353172,0.7974013782860058,0.027586206896551727,False
290.32419859357174,0.011083840193659737,0.04359722295095046,0.7973002067581005,0.027586206896551727,False
290.36599592158655,0.011083872969816251,0.04357005394052314,0.7971989645318713,0.027586206896551727,False
290.40779324960135,0.011083905736329766,0.04354289292348941,0.7970976515509676,0.027586206896551727,False
290.44959057761616,0.011083938493198763,0.04351573990108772,0.7969962677589942,0.027586206896551727,False
290.491387905631,0.011083971240421748,0.04348859487455527,0.79689481309951,0.027586206896551727,False
290.5331852336458,0.011084003977997237,0.04346145784512884,0.796793287516032,0.027586206896551727,False
290.57498256166065,0.011084036705923738,0.04343432881404355,0.7966916909520293,0.027586206896551727,False
290.6167798896754,0.011084069424199757,0.043407207782534145,0.7965900233509298,0.027586206896551727,False
290.6585772176902,0.01108410213282379,0.04338009475183406,0.7964882846561151,0.027586206896551727,False
290.7003745457051,0.011084134831794382,0.04335298972317605,0.7963864748109232,0.027586206896551727,False
290.7421718737199,0.011084167521110038,0.04332589269779135,0.7962845937586459,0.027586206896551727,False
290.78396920173464,0.011084200200769268,0.043298803676910816,0.7961826414425325,0.027586206896551727,False
290.8257665297495,0.011084232870770585,0.043271722661764,0.7960806178057867,0.027586206896551727,False
290.8675638577643,0.011084265531112539,0.04324464965357968,0.7959785227915677,0.027586206896551727,False
290.90936118577906,0.011084298181793609,0.043217584653585654,0.795876356342991,0.027586206896551727,False
290.9511585137939,0.01108433082281233,0.0431905276630087,0.795774118403127,0.027586206896551727,False
290.9929558418088,0.011084363454167231,0.043163478683074796,0.7956718089150013,0.027586206896551727,False
291.03475316982355,0.01108439607585684,0.043136437715008955,0.795569427821596,0.027586206896551727,False
291.07655049783835,0.011084428687879682,0.04310940476003499,0.7954669750658467,0.027586206896551727,False
291.1183478258532,0.01108446129023432,0.04308237981937613,0.795364450590646,0.027586206896551727,False
291.16014515386803,0.011084493882918964,0.04305536289425469,0.7952618543388466,0.027586206896551727,False
291.2019424818828,0.011084526465932481,0.04302835398589164,0.7951591862532458,0.027586206896551727,False
291.24373980989765,0.011084559039273346,0.04300135309550756,0.795056446276604,0.027586206896551727,False
291.28553713791246,0.011084591602940072,0.04297436022432191,0.7949536343516357,0.027586206896551727,False
291.32733446592727,0.011084624156931183,0.042947375373553275,0.7948507504210108,0.027586206896551727,False
291.3691317939421,0.0110846567012452,0.04292039854441909,0.7947477944273539,0.027586206896551727,False
291.4109291219569,0.01108468923588067,0.0428934297381362,0.7946447663132455,0.027586206896551727,False
291.45272644997175,0.01108472176083612,0.04286646895592065,0.7945416660212227,0.027586206896551727,False
291.4945237779865,0.011084754276110071,0.04283951619898718,0.7944384934937764,0.027586206896551727,False
291.5363211060013,0.011084786781701073,0.0428125714685501,0.7943352486733538,0.027586206896551727,False
291.5781184340162,0.011084819277607655,0.042785634765822624,0.7942319315023577,0.027586206896551727,False
291.6199157620309,0.011084851763828375,0.04275870609201711,0.7941285419231456,0.027586206896551727,False
291.6617130900458,0.011084884240361746,0.04273178544834507,0.7940250798780315,0.027586206896551727,False
291.7035104180606,0.011084916707206276,0.042704872836016955,0.7939215453092839,0.027586206896551727,False
291.7453077460754,0.011084949164360569,0.04267796825624283,0.7938179381591275,0.027586206896551727,False
291.7871050740902,0.01108498161182314,0.04265107171023126,0.7937142583697409,0.027586206896551727,False
291.82890240210503,0.011085014049592546,0.0426241831991905,0.7936105058832598,0.027586206896551727,False
291.8706997301199,0.0110850464776673,0.04259730272432784,0.7935066806417758,0.027586206896551727,False
291.91249705813465,0.011085078896045963,0.042570430286849585,0.7934027825873341,0.027586206896551727,False
291.95429438614946,0.011085111304727086,0.042543565887961377,0.7932988116619369,0.027586206896551727,False
291.9960917141643,0.01108514370370922,0.04251670952886795,0.7931947678075412,0.027586206896551727,False
292.0378890421791,0.01108517609299091,0.04248986121077304,0.7930906509660589,0.027586206896551727,False
292.07968637019394,0.0110852084725707,0.04246302093487991,0.7929864610793589,0.027586206896551727,False
292.12148369820875,0.01108524084244716,0.04243618870239067,0.7928821980892635,0.027586206896551727,False
292.1632810262235,0.011085273202618864,0.04240936451450674,0.7927778619375515,0.027586206896551727,False
292.20507835423837,0.011085305553084108,0.04238254837242887,0.7926734525659614,0.027586206896551727,False
292.2468756822532,0.01108533789384169,0.042355740277356835,0.7925689699161794,0.027586206896551727,False
292.288673010268,0.011085370224890164,0.04232894023048966,0.7924644139298505,0.027586206896551727,False
292.3304703382828,0.011085402546228054,0.042302148233025555,0.792359784548576,0.027586206896551727,False
292.37226766629766,0.011085434857853939,0.04227536428616194,0.7922550817139119,0.027586206896551727,False
292.41406499431247,0.01108546715976634,0.04224858839109547,0.7921503053673702,0.027586206896551727,False
292.4558623223272,0.011085499451963838,0.04222182054902196,0.7920454554504177,0.027586206896551727,False
292.4976596503421,0.01108553173444497,0.04219506076113653,0.7919405319044777,0.027586206896551727,False
292.5394569783569,0.011085564007208304,0.04216830902863336,0.7918355346709273,0.027586206896551727,False
292.58125430637165,0.011085596270252383,0.04214156535270605,0.7917304636911009,0.027586206896551727,False
292.6230516343865,0.011085628523575804,0.0421148297345474,0.7916253189062871,0.027586206896551727,False
292.6648489624013,0.01108566076717711,0.04208810217534925,0.7915201002577303,0.027586206896551727,False
292.70664629041613,0.011085693001054863,0.04206138267630299,0.791414807686631,0.027586206896551727,False
292.74844361843094,0.01108572522520758,0.04203467123859909,0.7913094411341454,0.027586206896551727,False
292.79024094644575,0.011085757439633892,0.04200796786342706,0.7912040005413826,0.027586206896551727,False
292.8320382744606,0.01108578964433234,0.041981272551976055,0.7910984858494103,0.027586206896551727,False
292.87383560247537,0.01108582183930151,0.04195458530543425,0.7909928969992498,0.027586206896551727,False
292.9156329304902,0.01108585402453994,0.04192790612498933,0.79088723393188,0.027586206896551727,False
292.95743025850504,0.011085886200046222,0.04190123501182768,0.7907814965882316,0.027586206896551727,False
292.99922758651985,0.011085918365818903,0.04187457196713547,0.7906756849091945,0.027586206896551727,False
293.0410249145346,0.011085950521856567,0.041847916992097854,0.7905697988356114,0.027586206896551727,False
293.08282224254947,0.011085982668157789,0.04182127008789958,0.7904638383082828,0.027586206896551727,False
293.12461957056433,0.011086014804721154,0.0417946312557244,0.7903578032679628,0.027586206896551727,False
293.1664168985791,0.01108604693154522,0.04176800049675562,0.790251693655363,0.027586206896551727,False
293.2082142265939,0.01108607904862861,0.041741377812175455,0.7901455094111477,0.027586206896551727,False
293.25001155460876,0.011086111155969747,0.041714763203165584,0.7900392504759406,0.027586206896551727,False
293.2918088826235,0.011086143253567184,0.04168815667090716,0.7899329167903196,0.027586206896551727,False
293.3336062106383,0.011086175341419664,0.04166155821658036,0.7898265082948143,0.027586206896551727,False
293.3754035386532,0.011086207419525738,0.041634967841364855,0.7897200249299134,0.027586206896551727,False
293.417200866668,0.011086239487883965,0.04160838554643948,0.7896134666360606,0.027586206896551727,False
293.4589981946828,0.011086271546492927,0.04158181133298261,0.7895068333536555,0.027586206896551727,False
293.5007955226976,0.011086303595351201,0.04155524520217185,0.7894001250230531,0.027586206896551727,False
293.5425928507124,0.011086335634457366,0.04152868715518382,0.7892933415845629,0.027586206896551727,False
293.58439017872723,0.011086367663809988,0.041502137193194746,0.7891864829784508,0.027586206896551727,False
293.62618750674204,0.01108639968340766,0.04147559531738013,0.7890795491449383,0.027586206896551727,False
293.66798483475685,0.011086431693248982,0.04144906152891503,0.7889725400242028,0.027586206896551727,False
293.7097821627717,0.011086463693332521,0.04142253582897327,0.7888654555563757,0.027586206896551727,False
293.75157949078647,0.011086495683656897,0.041396018218728556,0.7887582956815453,0.027586206896551727,False
293.7933768188013,0.011086527664220578,0.04136950869935367,0.7886510603397567,0.027586206896551727,False
293.83517414681614,0.011086559635022248,0.04134300727202099,0.7885437494710087,0.027586206896551727,False
293.87697147483095,0.011086591596060492,0.04131651393790198,0.7884363630152554,0.027586206896551727,False
293.91876880284576,0.011086623547333899,0.041290028698167405,0.7883289009124071,0.027586206896551727,False
293.96056613086057,0.011086655488841007,0.04126355155398756,0.7882213631023305,0.027586206896551727,False
294.0023634588754,0.011086687420580466,0.041237082506532206,0.7881137495248471,0.027586206896551727,False
294.0441607868902,0.011086719342550828,0.041210621556970195,0.7880060601197342,0.027586206896551727,False
294.085958114905,0.011086751254750692,0.04118416870647006,0.7878982948267251,0.027586206896551727,False
294.12775544291975,0.011086783157178655,0.0411577239561995,0.7877904535855085,0.027586206896551727,False
294.1695527709346,0.011086815049833311,0.04113128730732548,0.7876825363357277,0.027586206896551727,False
294.2113500989495,0.011086846932713269,0.04110485876101443,0.7875745430169824,0.027586206896551727,False
294.2531474269643,0.011086878805817137,0.04107843831843239,0.7874664735688284,0.027586206896551727,False
294.29494475497904,0.011086910669143395,0.04105202598074458,0.7873583279307785,0.027586206896551727,False
294.3367420829939,0.011086942522690584,0.041025621749115664,0.7872501060423005,0.027586206896551727,False
294.3785394110087,0.011086974366457485,0.04099922562470963,0.7871418078428136,0.027586206896551727,False
294.42033673902347,0.011087006200442655,0.0409728376086901,0.787033433271698,0.027586206896551727,False
294.46213406703833,0.01108703802464469,0.040946457702219614,0.7869249822682858,0.027586206896551727,False
294.50393139505314,0.011087069839062174,0.04092008590646063,0.7868164547718679,0.027586206896551727,False
294.545728723068,0.011087101643693727,0.040893722222574806,0.7867078507216893,0.027586206896551727,False
294.58752605108276,0.011087133438537919,0.04086736665172313,0.786599170056951,0.027586206896551727,False
294.6293233790976,0.011087165223593367,0.04084101919506604,0.7864904127168096,0.027586206896551727,False
294.67112070711244,0.01108719699885864,0.04081467985376356,0.7863815786403784,0.027586206896551727,False
294.7129180351272,0.011087228764332383,0.040788348628974964,0.7862726677667247,0.027586206896551727,False
294.754715363142,0.011087260520013176,0.04076202552185908,0.7861636800348732,0.027586206896551727,False
294.79651269115686,0.011087292265899659,0.04073571053357401,0.7860546153838027,0.027586206896551727,False
294.8383100191716,0.011087324001990332,0.04070940366527757,0.7859454737524512,0.027586206896551727,False
294.8801073471864,0.011087355728283886,0.040683104918126746,0.7858362550797083,0.027586206896551727,False
294.9219046752013,0.011087387444778917,0.040656814293277915,0.7857269593044207,0.027586206896551727,False
294.96370200321616,0.01108741915147404,0.04063053179188709,0.7856175863653915,0.027586206896551727,False
295.0054993312309,0.011087450848367814,0.040604257415109694,0.78550813620138,0.027586206896551727,False
295.0472966592457,0.011087482535458893,0.040577991164100546,0.7853986087511002,0.027586206896551727,False
295.0890939872606,0.011087514212745873,0.04055173304001403,0.785289003953223,0.027586206896551727,False
295.13089131527533,0.011087545880227355,0.04052548304400387,0.7851793217463743,0.027586206896551727,False
295.17268864329014,0.011087577537901943,0.040499241177223456,0.785069562069137,0.027586206896551727,False
295.214485971305,0.011087609185768258,0.040473007440825305,0.7849597248600481,0.027586206896551727,False
295.2562832993198,0.011087640823824931,0.04044678183596154,0.7848498100576009,0.027586206896551727,False
295.2980806273346,0.011087672452070546,0.04042056436378392,0.7847398176002461,0.027586206896551727,False
295.33987795534944,0.011087704070503648,0.040394355025443536,0.7846297474263902,0.027586206896551727,False
295.38167528336425,0.011087735679122792,0.04036815382209111,0.784519599474396,0.027586206896551727,False
295.42347261137905,0.011087767277926763,0.04034196075487661,0.7844093736825778,0.027586206896551727,False
295.46526993939386,0.011087798866914175,0.04031577582494946,0.7842990699892084,0.027586206896551727,False
295.5070672674087,0.011087830446083604,0.04028959903345903,0.784188688332519,0.027586206896551727,False
295.5488645954235,0.011087862015433641,0.04026343038155359,0.7840782286506939,0.027586206896551727,False
295.5906619234383,0.011087893574962928,0.04023726987038136,0.7839676908818747,0.027586206896551727,False
295.63245925145316,0.011087925124670057,0.040211117501090056,0.7838570749641595,0.027586206896551727,False
295.67425657946796,0.011087956664553651,0.04018497327482645,0.7837463808356003,0.027586206896551727,False
295.7160539074828,0.011087988194612304,0.04015883719273706,0.7836356084342065,0.027586206896551727,False
295.7578512354976,0.011088019714844681,0.040132709255968145,0.7835247576979433,0.027586206896551727,False
295.7996485635124,0.011088051225249375,0.04010658946566525,0.7834138285647321,0.027586206896551727,False
295.8414458915272,0.01108808272582501,0.040080477822973415,0.7833028209724499,0.027586206896551727,False
295.883243219542,0.011088114216570187,0.040054374329037495,0.7831917348589311,0.027586206896551727,False
295.9250405475568,0.011088145697483504,0.040028278985001435,0.7830805701619648,0.027586206896551727,False
295.9668378755716,0.011088177168563655,0.040002191792009006,0.7829693268192955,0.027586206896551727,False
296.00863520358644,0.011088208629809198,0.039976112751203385,0.7828580047686257,0.027586206896551727,False
296.0504325316013,0.011088240081218765,0.03995004186372736,0.7827466039476131,0.027586206896551727,False
296.0922298596161,0.011088271522790996,0.0399239791307231,0.7826351242938708,0.027586206896551727,False
296.13402718763086,0.011088302954524516,0.03989792455333258,0.7825235657449694,0.027586206896551727,False
296.17582451564573,0.011088334376417952,0.0398718781326971,0.7824119282384345,0.027586206896551727,False
296.21762184366054,0.011088365788469895,0.03984583986995777,0.7823002117117499,0.027586206896551727,False
296.2594191716753,0.011088397190678969,0.03981980976625469,0.7821884161023523,0.027586206896551727,False
296.30121649969016,0.011088428583043845,0.039793787822728,0.7820765413476363,0.027586206896551727,False
296.343013827705,0.011088459965563121,0.03976777404051739,0.7819645873849534,0.027586206896551727,False
296.38481115571983,0.01108849133823544,0.03974176842076206,0.7818525541516113,0.027586206896551727,False
296.4266084837346,0.011088522701059226,0.039715770964600494,0.7817404415848749,0.027586206896551727,False
296.46840581174945,0.011088554054033353,0.03968978167317101,0.7816282496219605,0.027586206896551727,False
296.51020313976426,0.011088585397156405,0.03966380054761155,0.7815159782000451,0.027586206896551727,False
296.552000467779,0.011088616730427004,0.03963782758905945,0.7814036272562606,0.027586206896551727,False
296.5937977957939,0.011088648053843788,0.039611862798651705,0.7812911967276952,0.027586206896551727,False
296.6355951238087,0.011088679367405362,0.039585906177524895,0.7811786865513944,0.027586206896551727,False
296.67739245182344,0.011088710671110369,0.039559957726815184,0.781066096664359,0.027586206896551727,False
296.7191897798383,0.011088741964957438,0.039534017447658235,0.7809534270035462,0.027586206896551727,False
296.7609871078531,0.011088773248945189,0.03950808534118937,0.78084067750587,0.027586206896551727,False
296.802784435868,0.011088804523072253,0.03948216140854358,0.7807278481082012,0.027586206896551727,False
296.84458176388273,0.011088835787337261,0.03945624565085525,0.7806149387473655,0.027586206896551727,False
296.88637909189754,0.011088867041738861,0.039430338069258664,0.7805019493601468,0.027586206896551727,False
296.9281764199124,0.01108889828627567,0.03940443866488743,0.7803888798832844,0.027586206896551727,False
296.96997374792716,0.011088929520946296,0.03937854743887487,0.7802757302534746,0.027586206896551727,False
297.01177107594197,0.011088960745749402,0.03935266439235382,0.7801625004073692,0.027586206896551727,False
297.05356840395683,0.011088991960683624,0.03932678952645697,0.7800491902815776,0.027586206896551727,False
297.09536573197164,0.011089023165747607,0.03930092284231644,0.779935799812665,0.027586206896551727,False
297.13716305998645,0.01108905436093993,0.039275064341063814,0.7798223289371536,0.027586206896551727,False
297.17896038800126,0.011089085546259281,0.03924921402383055,0.7797087775915215,0.027586206896551727,False
297.2207577160161,0.011089116721704267,0.03922337189174772,0.7795951457122042,0.027586206896551727,False
297.2625550440309,0.011089147887273552,0.03919753794594581,0.7794814332355928,0.027586206896551727,False
297.3043523720457,0.011089179042965767,0.03917171218755522,0.779367640098036,0.027586206896551727,False
297.34614970006055,0.011089210188779534,0.039145894617705713,0.7792537662358388,0.027586206896551727,False
297.3879470280753,0.011089241324713499,0.039120085237526844,0.7791398115852622,0.027586206896551727,False
297.42974435609017,0.011089272450766328,0.039094284048148006,0.7790257760825255,0.027586206896551727,False
297.471541684105,0.01108930356693648,0.0390684910506976,0.7789116596638045,0.027586206896551727,False
297.51333901211973,0.011089334673222722,0.03904270624630422,0.7787974622652294,0.027586206896551727,False
297.5551363401346,0.011089365769623757,0.03901692963609594,0.7786831838228876,0.027586206896551727,False
297.5969336681494,0.011089396856138195,0.03899116122120062,0.7785688242728251,0.027586206896551727,False
297.6387309961642,0.011089427932764673,0.03896540100274541,0.778454383551043,0.027586206896551727,False
297.680528324179,0.011089458999501818,0.03893964898185754,0.7783398615935007,0.027586206896551727,False
297.72232565219383,0.011089490056348265,0.03891390515966361,0.7782252583361132,0.027586206896551727,False
297.76412298020864,0.011089521103302675,0.03888816953729003,0.778110573714753,0.027586206896551727,False
297.80592030822345,0.011089552140363662,0.03886244211586285,0.7779958076652496,0.027586206896551727,False
297.8477176362383,0.011089583167529901,0.03883672289650773,0.7778809601233883,0.027586206896551727,False
297.8895149642531,0.011089614184800015,0.038811011880349945,0.7777660310249118,0.027586206896551727,False
297.93131229226793,0.011089645192172645,0.038785309068514476,0.7776510203055198,0.027586206896551727,False
297.97310962028274,0.011089676189646444,0.03875961446212617,0.7775359279008697,0.027586206896551727,False
298.01490694829755,0.011089707177220005,0.038733928062309284,0.7774207537465752,0.027586206896551727,False
298.05670427631236,0.011089738154892047,0.03870824987018807,0.7773054977782066,0.027586206896551727,False
298.09850160432717,0.011089769122661183,0.03868257988688608,0.7771901599312913,0.027586206896551727,False
298.140298932342,0.011089800080526069,0.0386569181135269,0.7770747401413143,0.027586206896551727,False
298.18209626035684,0.011089831028485304,0.03863126455123354,0.7769592383437176,0.027586206896551727,False
298.2238935883716,0.011089861966537589,0.03860561920112892,0.7768436544738999,0.027586206896551727,False
298.2656909163864,0.011089892894681541,0.038579982064335355,0.7767279884672164,0.027586206896551727,False
298.30748824440127,0.01108992381291583,0.0385543531419753,0.776612240258981,0.027586206896551727,False
298.3492855724161,0.011089954721239085,0.03852873243517044,0.776496409784463,0.027586206896551727,False
298.39108290043083,0.01108998561964994,0.03850311994504248,0.7763804969788904,0.027586206896551727,False
298.4328802284457,0.01109001650814707,0.03847751567271287,0.7762645017774482,0.027586206896551727,False
298.4746775564605,0.011090047386729153,0.03845191961930238,0.7761484241152762,0.027586206896551727,False
298.5164748844753,0.011090078255394648,0.03842633178593174,0.7760322639274764,0.027586206896551727,False
298.5582722124901,0.011090109114142313,0.038400752173721533,0.775916021149104,0.027586206896551727,False
298.600069540505,0.011090139962970882,0.03837518078379189,0.7757996957151709,0.027586206896551727,False
298.64186686851974,0.01109017080187898,0.03834961761726264,0.7756832875606483,0.027586206896551727,False
298.68366419653455,0.011090201630865245,0.038324062675253595,0.7755667966204655,0.027586206896551727,False
298.72546152454936,0.011090232449928305,0.03829851595888377,0.7754502228295067,0.027586206896551727,False
298.7672588525642,0.011090263259066813,0.03827297746927235,0.7753335661226157,0.027586206896551727,False
298.809056180579,0.011090294058279427,0.03824744720753812,0.7752168264345926,0.027586206896551727,False
298.8508535085938,0.011090324847564807,0.03822192517479965,0.7751000037001954,0.027586206896551727,False
298.89265083660865,0.011090355626921572,0.03819641137217508,0.7749830978541392,0.027586206896551727,False
298.93444816462346,0.011090386396348384,0.03817090580078247,0.7748661088310971,0.027586206896551727,False
298.97624549263827,0.011090417155843914,0.038145408461739486,0.7747490365656987,0.027586206896551727,False
299.0180428206531,0.011090447905406803,0.03811991935616378,0.7746318809925329,0.027586206896551727,False
299.05984014866794,0.011090478645035658,0.0380944384851724,0.774514642046145,0.027586206896551727,False
299.1016374766827,0.011090509374729208,0.03806896584988241,0.7743973196610374,0.027586206896551727,False
299.1434348046975,0.011090540094486064,0.03804350145141038,0.7742799137716707,0.027586206896551727,False
299.1852321327124,0.011090570804304912,0.038018045290872986,0.7741624243124634,0.027586206896551727,False
299.2270294607272,0.011090601504184354,0.03799259736938622,0.7740448512177918,0.027586206896551727,False
299.268826788742,0.011090632194123094,0.03796715768806629,0.7739271944219894,0.027586206896551727,False
299.3106241167568,0.011090662874119757,0.03794172624802902,0.7738094538593489,0.027586206896551727,False
299.35242144477155,0.011090693544173004,0.03791630305038958,0.7736916294641174,0.027586206896551727,False
299.3942187727864,0.011090724204281494,0.03789088809626356,0.7735737211705037,0.027586206896551727,False
299.4360161008012,0.011090754854443878,0.0378654813867657,0.7734557289126716,0.027586206896551727,False
299.47781342881603,0.011090785494658816,0.037840082923011074,0.7733376526247444,0.027586206896551727,False
299.51961075683084,0.011090816124925004,0.03781469270611407,0.7732194922408016,0.027586206896551727,False
299.56140808484565,0.011090846745240978,0.03778931073718933,0.7731012476948848,0.027586206896551727,False
299.6032054128605,0.01109087735560537,0.03776393701735067,0.7729829189209895,0.027586206896551727,False
299.64500274087527,0.011090907956016983,0.03773857154771216,0.7728645058530684,0.027586206896551727,False
299.68680006889014,0.011090938546474452,0.03771321432938752,0.7727460084250348,0.027586206896551727,False
299.72859739690495,0.01109096912697641,0.037687865363490204,0.7726274265707591,0.027586206896551727,False
299.7703947249197,0.011090999697521538,0.03766252465113356,0.77250876022407,0.027586206896551727,False
299.81219205293456,0.01109103025810846,0.03763719219343071,0.7723900093187551,0.027586206896551727,False
299.8539893809494,0.011091060808735845,0.03761186799149445,0.7722711737885587,0.027586206896551727,False
299.8957867089642,0.011091091349402359,0.03758655204643735,0.7721522535671833,0.027586206896551727,False
299.937584036979,0.011091121880106627,0.03756124435937193,0.772033248588291,0.027586206896551727,False
299.9793813649938,0.011091152400847331,0.037535944931410485,0.7719141587855013,0.027586206896551727,False
300.02117869300866,0.01109118291162314,0.037510653763665094,0.7717949840923914,0.027586206896551727,False
300.0629760210234,0.011091213412432726,0.03748537085724761,0.7716757244424977,0.027586206896551727,False
300.1047733490382,0.011091243903274641,0.03746009621326987,0.7715563797693166,0.027586206896551727,False
300.1465706770531,0.011091274384147655,0.037434829832843096,0.7714369500062979,0.027586206896551727,False
300.18836800506784,0.011091304855050395,0.03740957171707867,0.7713174350868538,0.027586206896551727,False
300.23016533308265,0.011091335315981535,0.03738432186708782,0.7711978349443542,0.027586206896551727,False
300.2719626610975,0.011091365766939691,0.03735908028398139,0.7710781495121274,0.027586206896551727,False
300.3137599891124,0.011091396207923569,0.03733384696887007,0.770958378723459,0.027586206896551727,False
300.35555731712714,0.01109142663893181,0.037308621922864514,0.7708385225115947,0.027586206896551727,False
300.39735464514195,0.011091457059963089,0.03728340514707513,0.7707185808097381,0.027586206896551727,False
300.4391519731568,0.011091487471016046,0.03725819664261216,0.7705985535510517,0.027586206896551727,False
300.48094930117156,0.011091517872089354,0.03723299641058555,0.7704784406686559,0.027586206896551727,False
300.5227466291864,0.011091548263181676,0.037207804452105246,0.7703582420956304,0.027586206896551727,False
300.56454395720124,0.011091578644291694,0.03718262076828092,0.770237957765013,0.027586206896551727,False
300.60634128521605,0.011091609015417952,0.03715744536022228,0.7701175876098033,0.027586206896551727,False
300.6481386132308,0.011091639376559126,0.0371322782290387,0.7699971315629569,0.027586206896551727,False
300.68993594124566,0.01109166972771402,0.037107119375839284,0.7698765895573854,0.027586206896551727,False
300.7317332692605,0.011091700068881239,0.03708196880173312,0.7697559615259633,0.027586206896551727,False
300.7735305972753,0.011091730400059448,0.037056826507829176,0.7696352474015231,0.027586206896551727,False
300.8153279252901,0.011091760721247302,0.03703169249523633,0.7695144471168568,0.027586206896551727,False
300.8571252533049,0.011091791032443475,0.03700656676506301,0.7693935606047138,0.027586206896551727,False
300.8989225813197,0.011091821333646616,0.03698144931841781,0.7692725877978036,0.027586206896551727,False
300.9407199093345,0.011091851624855398,0.036956340156408876,0.7691515286287941,0.027586206896551727,False
300.9825172373493,0.011091881906068444,0.03693123928014465,0.7690303830303142,0.027586206896551727,False
301.0243145653642,0.01109191217728446,0.036906146690732895,0.7689091509349484,0.027586206896551727,False
301.066111893379,0.011091942438502093,0.03688106238928172,0.7687878322752437,0.027586206896551727,False
301.1079092213938,0.011091972689720031,0.036855986376898554,0.768666426983703,0.027586206896551727,False
301.1497065494086,0.011092002930936859,0.036830918654691305,0.7685449349927929,0.027586206896551727,False
301.19150387742343,0.011092033162151326,0.0368058592237674,0.7684233562349349,0.027586206896551727,False
301.23330120543824,0.011092063383362081,0.03678080808523432,0.7683016906425126,0.027586206896551727,False
301.27509853345305,0.01109209359456778,0.036755765240199204,0.7681799381478677,0.027586206896551727,False
301.31689586146786,0.011092123795767076,0.03673073068976896,0.7680580986833005,0.027586206896551727,False
301.35869318948266,0.011092153986958654,0.0367057044350506,0.767936172181072,0.027586206896551727,False
301.40049051749753,0.011092184168141157,0.03668068647715125,0.7678141585734037,0.027586206896551727,False
301.44228784551234,0.011092214339313258,0.036655676817177435,0.7676920577924744,0.027586206896551727,False
301.4840851735271,0.011092244500473613,0.03663067545623592,0.7675698697704243,0.027586206896551727,False
301.52588250154196,0.01109227465162091,0.03660568239543309,0.7674475944393512,0.027586206896551727,False
301.56767982955677,0.011092304792753808,0.03658069763587527,0.7673252317313133,0.027586206896551727,False
301.6094771575715,0.011092334923870996,0.03655572117866866,0.7672027815783282,0.027586206896551727,False
301.6512744855864,0.011092365044971018,0.0365307530249196,0.7670802439123765,0.027586206896551727,False
301.6930718136012,0.011092395156052547,0.03650579317573415,0.7669576186653958,0.027586206896551727,False
301.73486914161595,0.011092425257114392,0.036480841632218104,0.7668349057692802,0.027586206896551727,False
301.7766664696308,0.011092455348155183,0.03645589839547728,0.7667121051558878,0.027586206896551727,False
301.8184637976457,0.011092485429173583,0.03643096346661761,0.7665892167570362,0.027586206896551727,False
301.8602611256605,0.01109251550016824,0.03640603684674469,0.7664662405045031,0.027586206896551727,False
301.90205845367524,0.011092545561137836,0.03638111853696383,0.7663431763300236,0.027586206896551727,False
301.9438557816901,0.011092575612081015,0.03635620853838069,0.7662200241652961,0.027586206896551727,False
301.9856531097049,0.011092605652996457,0.036331306852100474,0.7660967839419771,0.027586206896551727,False
302.02745043771966,0.011092635683882789,0.036306413479228444,0.7659734555916844,0.027586206896551727,False
302.06924776573453,0.011092665704738734,0.0362815284208699,0.7658500390459946,0.027586206896551727,False
302.11104509374934,0.011092695715562921,0.036256651678129935,0.7657265342364461,0.027586206896551727,False
302.1528424217642,0.011092725716354057,0.03623178325211341,0.7656029410945354,0.027586206896551727,False
302.19463974977896,0.011092755707110718,0.036206923143925165,0.7654792595517214,0.027586206896551727,False
302.23643707779377,0.011092785687831664,0.03618207135467022,0.765355489539422,0.027586206896551727,False
302.27823440580863,0.011092815658515547,0.03615722788545313,0.765231630989015,0.027586206896551727,False
302.3200317338234,0.011092845619161032,0.03613239273737866,0.7651076838318401,0.027586206896551727,False
302.3618290618382,0.011092875569766753,0.03610756591155133,0.764983647999197,0.027586206896551727,False
302.40362638985306,0.011092905510331418,0.03608274740907569,0.7648595234223452,0.027586206896551727,False
302.4454237178678,0.011092935440853645,0.03605793723105629,0.7647353100325067,0.027586206896551727,False
302.4872210458827,0.011092965361332146,0.036033135378597266,0.7646110077608606,0.027586206896551727,False
302.5290183738975,0.011092995271765554,0.036008341852802946,0.7644866165385495,0.027586206896551727,False
302.57081570191235,0.011093025172152573,0.03598355665477776,0.7643621362966763,0.027586206896551727,False
302.6126130299271,0.01109305506249186,0.03595877978562559,0.764237566966303,0.027586206896551727,False
302.6544103579419,0.01109308494278212,0.03593401124645072,0.7641129084784539,0.027586206896551727,False
302.6962076859568,0.01109311481302183,0.03590925103835717,0.7639881607641167,0.027586206896551727,False
302.73800501397153,0.011093144673209787,0.03588449916244888,0.763863323754235,0.027586206896551727,False
302.77980234198634,0.011093174523344731,0.035859755619829764,0.7637383973797142,0.027586206896551727,False
302.82159967000115,0.011093204363425315,0.03583502041160362,0.7636133815714219,0.027586206896551727,False
302.86339699801596,0.011093234193450185,0.03581029353887434,0.7634882762601872,0.027586206896551727,False
302.9051943260308,0.011093264013418,0.0357855750027458,0.763363081376801,0.027586206896551727,False
302.94699165404563,0.011093293823327409,0.03576086480432142,0.7632377968520128,0.027586206896551727,False
302.98878898206044,0.011093323623177066,0.03573616294470489,0.7631124226165351,0.027586206896551727,False
303.03058631007525,0.011093353412965723,0.035711469425000045,0.7629869586010409,0.027586206896551727,False
303.07238363809006,0.011093383192691963,0.03568678424631023,0.7628614047361651,0.027586206896551727,False
303.11418096610487,0.011093412962354507,0.03566210740973899,0.7627357609525031,0.027586206896551727,False
303.1559782941197,0.011093442721952005,0.03563743891638991,0.7626100271806124,0.027586206896551727,False
303.19777562213454,0.011093472471483127,0.035612778767366286,0.7624842033510114,0.027586206896551727,False
303.23957295014935,0.011093502210946503,0.03558812696377144,0.7623582893941805,0.027586206896551727,False
303.28137027816416,0.011093531940340868,0.03556348350670888,0.7622322852405609,0.027586206896551727,False
303.32316760617897,0.011093561659664863,0.035538848397282025,0.762106190820557,0.027586206896551727,False
303.3649649341938,0.011093591368917178,0.03551422163659384,0.7619800060645315,0.027586206896551727,False
303.4067622622086,0.01109362106809645,0.03548960322574773,0.7618537309028126,0.027586206896551727,False
303.44855959022334,0.011093650757201345,0.035464993165846906,0.7617273652656885,0.027586206896551727,False
303.4903569182382,0.011093680436230538,0.0354403914579946,0.7616009090834095,0.027586206896551727,False
303.532154246253,0.011093710105182711,0.03541579810329402,0.7614743622861875,0.027586206896551727,False
303.5739515742678,0.011093739764056528,0.035391213102848235,0.7613477248041961,0.027586206896551727,False
303.61574890228263,0.011093769412850656,0.03536663645776033,0.7612209965675713,0.027586206896551727,False
303.6575462302975,0.01109379905156379,0.03534206816913337,0.7610941775064101,0.027586206896551727,False
303.6993435583123,0.011093828680194616,0.035317508238070464,0.7609672675507724,0.027586206896551727,False
303.74114088632706,0.011093858298741575,0.035292956665674766,0.7608402666306848,0.027586206896551727,False
303.7829382143419,0.011093887907203549,0.03526841345304915,0.7607131746761271,0.027586206896551727,False
303.82473554235673,0.011093917505579231,0.035243878601296595,0.7605859916170449,0.027586206896551727,False
303.8665328703715,0.011093947093867263,0.03521935211152025,0.7604587173833487,0.027586206896551727,False
303.90833019838635,0.011093976672066307,0.03519483398482302,0.760331351904909,0.027586206896551727,False
303.9501275264012,0.011094006240175026,0.035170324222307967,0.76020389511156,0.027586206896551727,False
303.991924854416,0.011094035798192063,0.03514582282507795,0.7600763469330973,0.027586206896551727,False
304.0337221824308,0.01109406534611612,0.035121329794236024,0.7599487072992797,0.027586206896551727,False
304.0755195104456,0.01109409488394586,0.03509684513088515,0.7598209761398282,0.027586206896551727,False
304.11731683846045,0.011094124411679925,0.035072368836128145,0.7596931533844266,0.027586206896551727,False
304.1591141664752,0.011094153929317023,0.03504790091106801,0.7595652389627205,0.027586206896551727,False
304.2009114944901,0.011094183436855799,0.035023441356807856,0.7594372328043206,0.027586206896551727,False
304.2427088225049,0.011094212934294937,0.03499899017445042,0.7593091348387977,0.027586206896551727,False
304.2845061505197,0.011094242421633052,0.03497454736509864,0.7591809449956874,0.027586206896551727,False
304.32630347853444,0.011094271898868895,0.03495011292985562,0.759052663204487,0.027586206896551727,False
304.3681008065493,0.011094301366001104,0.03492568686982423,0.7589242893946573,0.027586206896551727,False
304.40989813456406,0.011094330823028348,0.034901269186107406,0.7587958234956221,0.027586206896551727,False
304.4516954625789,0.011094360269949274,0.034876859879808104,0.7586672654367685,0.027586206896551727,False
304.4934927905938,0.011094389706762568,0.034852458952029396,0.7585386151474471,0.027586206896551727,False
304.5352901186086,0.011094419133466893,0.03482806640387426,0.7584098725569712,0.027586206896551727,False
304.5770874466234,0.01109444855006093,0.03480368223644554,0.7582810375946166,0.027586206896551727,False
304.61888477463816,0.011094477956543353,0.0347793064508462,0.7581521101896226,0.027586206896551727,False
304.660682102653,0.011094507352912822,0.03475493904817941,0.7580230902711941,0.027586206896551727,False
304.7024794306678,0.011094536739168045,0.03473058002954811,0.7578939777684963,0.027586206896551727,False
304.74427675868264,0.011094566115307689,0.034706229396055575,0.7577647726106612,0.027586206896551727,False
304.78607408669745,0.011094595481330169,0.03468188714880462,0.7576354747267855,0.027586206896551727,False
304.82787141471226,0.011094624837234428,0.03465755328889832,0.7575060840459223,0.027586206896551727,False
304.8696687427271,0.011094654183019121,0.034633227817440035,0.7573766004970945,0.027586206896551727,False
304.9114660707419,0.011094683518682908,0.034608910735532794,0.7572470240092871,0.027586206896551727,False
304.95326339875675,0.011094712844224428,0.034584602044279586,0.7571173545114487,0.027586206896551727,False
304.9950607267715,0.011094742159642351,0.034560301744783875,0.7569875919324934,0.027586206896551727,False
305.03685805478636,0.011094771464935338,0.034536009838148654,0.7568577362012978,0.027586206896551727,False
305.0786553828011,0.011094800760102079,0.03451172632547725,0.7567277872467025,0.027586206896551727,False
305.1204527108159,0.011094830045141231,0.03448745120787295,0.7565977449975132,0.027586206896551727,False
305.16225003883073,0.011094859320051446,0.034463184486438925,0.7564676093824988,0.027586206896551727,False
305.2040473668456,0.011094888584831422,0.034438926162278685,0.7563373803303932,0.027586206896551727,False
305.24584469486047,0.011094917839479834,0.03441467623649548,0.7562070577698937,0.027586206896551727,False
305.2876420228752,0.011094947083995325,0.0343904347101927,0.756076641629663,0.027586206896551727,False
305.32943935089,0.01109497631837653,0.03436620158447383,0.7559461318383287,0.027586206896551727,False
305.37123667890484,0.011095005542622178,0.03434197686044219,0.7558155283244798,0.027586206896551727,False
305.41303400691964,0.011095034756730923,0.03431776053920162,0.7556848310166746,0.027586206896551727,False
305.45483133493445,0.011095063960701411,0.034293552621855405,0.7555540398434324,0.027586206896551727,False
305.4966286629493,0.011095093154532302,0.03426935310950721,0.7554231547332386,0.027586206896551727,False
305.5384259909642,0.011095122338222303,0.03424516200326065,0.7552921756145429,0.027586206896551727,False
305.5802233189789,0.011095151511770082,0.034220979304219454,0.7551611024157601,0.027586206896551727,False
305.62202064699375,0.011095180675174282,0.034196805013487236,0.7550299350652698,0.027586206896551727,False
305.66381797500856,0.011095209828433605,0.03417263913216785,0.7548986734914168,0.027586206896551727,False
305.70561530302336,0.011095238971546696,0.03414848166136502,0.7547673176225107,0.027586206896551727,False
305.7474126310382,0.01109526810451225,0.03412433260218267,0.7546358673868264,0.027586206896551727,False
305.78920995905304,0.011095297227328934,0.034100191955724744,0.7545043227126043,0.027586206896551727,False
305.83100728706773,0.011095326339995194,0.03407605972309542,0.7543726835280543,0.027586206896551727,False
305.8728046150826,0.011095355442509976,0.034051935905398276,0.7542409497613406,0.027586206896551727,False
305.91460194309747,0.011095384534871897,0.034027820503737545,0.7541091213406009,0.027586206896551727,False
305.9563992711123,0.011095413617079617,0.034003713519217466,0.7539771981939378,0.027586206896551727,False
305.9981965991271,0.011095442689131794,0.03397961495294203,0.7538451802494175,0.027586206896551727,False
306.0399939271419,0.011095471751027092,0.033955524806015665,0.7537130674350743,0.027586206896551727,False
306.0817912551567,0.01109550080276417,0.033931443079542496,0.7535808596789056,0.027586206896551727,False
306.12358858317145,0.01109552984434171,0.03390736977462707,0.7534485569088769,0.027586206896551727,False
306.1653859111863,0.011095558875758355,0.03388330489237362,0.7533161590529176,0.027586206896551727,False
306.20718323920113,0.011095587897012793,0.033859248433886775,0.7531836660389246,0.027586206896551727,False
306.24898056721594,0.01109561690810368,0.03383520040027084,0.7530510777947589,0.027586206896551727,False
306.2907778952308,0.011095645909029707,0.033811160792630676,0.7529183942482498,0.027586206896551727,False
306.33257522324556,0.011095674899789514,0.03378712961207076,0.752785615327191,0.027586206896551727,False
306.3743725512604,0.011095703880381745,0.03376310685969591,0.7526527409593441,0.027586206896551727,False
306.4161698792752,0.011095732850805125,0.03373909253661088,0.7525197710724348,0.027586206896551727,False
306.45796720729004,0.011095761811058265,0.03371508664392063,0.7523867055941579,0.027586206896551727,False
306.49976453530485,0.011095790761139868,0.0336910891827299,0.7522535444521714,0.027586206896551727,False
306.54156186331966,0.011095819701048575,0.0336671001541438,0.7521202875741028,0.027586206896551727,False
306.5833591913344,0.011095848630783082,0.033643119559267576,0.7519869348875451,0.027586206896551727,False
306.6251565193493,0.011095877550342052,0.03361914739920603,0.7518534863200564,0.027586206896551727,False
306.66695384736414,0.011095906459724138,0.0335951836750645,0.7517199417991639,0.027586206896551727,False
306.7087511753789,0.011095935358928036,0.03357122838794833,0.7515863012523604,0.027586206896551727,False
306.75054850339376,0.011095964247952403,0.03354728153896305,0.7514525646071072,0.027586206896551727,False
306.79234583140857,0.011095993126795942,0.033523343129213824,0.7513187317908293,0.027586206896551727,False
306.8341431594233,0.011096021995457209,0.03349941315980629,0.7511848027309233,0.027586206896551727,False
306.87594048743813,0.011096050853934803,0.03347549163184609,0.7510507773547519,0.027586206896551727,False
306.917737815453,0.011096079702227587,0.03345157854643898,0.750916655589641,0.027586206896551727,False
306.95953514346775,0.011096108540334175,0.033427673904690376,0.7507824373628853,0.027586206896551727,False
307.0013324714826,0.011096137368253236,0.033403777707706445,0.75064812260175,0.027586206896551727,False
307.0431297994975,0.011096166185983426,0.03337988995659292,0.750513711233465,0.027586206896551727,False
307.08492712751223,0.011096194993523406,0.03335601065245582,0.7503792031852288,0.027586206896551727,False
307.12672445552704,0.011096223790871834,0.03333213979640148,0.750244598384209,0.027586206896551727,False
307.16852178354185,0.011096252578027403,0.03330827738953572,0.7501098967575367,0.027586206896551727,False
307.2103191115567,0.011096281354988712,0.03328442343296503,0.7499750982323161,0.027586206896551727,False
307.25211643957147,0.01109631012175449,0.03326057792779552,0.7498402027356141,0.027586206896551727,False
307.29391376758633,0.011096338878323375,0.03323674087513376,0.7497052101944695,0.027586206896551727,False
307.33571109560114,0.011096367624694061,0.03321291227608627,0.749570120535887,0.027586206896551727,False
307.3775084236159,0.011096396360865122,0.033189092131759634,0.7494349336868419,0.027586206896551727,False
307.41930575163076,0.011096425086835329,0.03316528044326063,0.7492996495742744,0.027586206896551727,False
307.46110307964557,0.0110964538026033,0.0331414772116959,0.749164268125095,0.027586206896551727,False
307.50290040766043,0.011096482508167714,0.03311768243817241,0.7490287892661821,0.027586206896551727,False
307.54469773567513,0.011096511203527185,0.03309389612379724,0.7488932129243843,0.027586206896551727,False
307.58649506369,0.011096539888680422,0.033070118269677276,0.7487575390265153,0.027586206896551727,False
307.6282923917048,0.011096568563626102,0.0330463488769197,0.7486217674993595,0.027586206896551727,False
307.6700897197196,0.011096597228362867,0.033022587946631855,0.7484858982696706,0.027586206896551727,False
307.7118870477345,0.011096625882889403,0.032998835479920996,0.7483499312641694,0.027586206896551727,False
307.7536843757493,0.01109665452720438,0.032975091477894576,0.7482138664095465,0.027586206896551727,False
307.79548170376415,0.011096683161306464,0.032951355941660106,0.7480777036324616,0.027586206896551727,False
307.83727903177885,0.011096711785194344,0.03292762887232535,0.7479414428595437,0.027586206896551727,False
307.8790763597937,0.011096740398866491,0.032903910270997996,0.7478050840173935,0.027586206896551727,False
307.9208736878085,0.011096769002321696,0.032880200138785946,0.7476686270325767,0.027586206896551727,False
307.96267101582333,0.01109679759555869,0.03285649847679718,0.7475320718316288,0.027586206896551727,False
308.00446834383814,0.011096826178576111,0.03283280528613954,0.7473954183410554,0.027586206896551727,False
308.046265671853,0.011096854751372601,0.032809120567921256,0.7472586664873324,0.027586206896551727,False
308.08806299986776,0.011096883313946839,0.03278544432325063,0.7471218161969053,0.027586206896551727,False
308.12986032788257,0.01109691186629747,0.03276177655323601,0.7469848673961895,0.027586206896551727,False
308.17165765589743,0.011096940408423161,0.03273811725898573,0.7468478200115687,0.027586206896551727,False
308.21345498391224,0.01109696894032257,0.032714466441608456,0.7467106739693983,0.027586206896551727,False
308.25525231192705,0.011096997461994369,0.03269082410221276,0.746573429196002,0.027586206896551727,False
308.2970496399418,0.011097025973437223,0.03266719024190749,0.746436085617675,0.027586206896551727,False
308.33884696795667,0.011097054474649787,0.032643564861801665,0.7462986431606833,0.027586206896551727,False
308.3806442959714,0.011097082965630714,0.03261994796300409,0.7461611017512608,0.027586206896551727,False
308.4224416239863,0.011097111446378661,0.03259633954662381,0.7460234613156129,0.027586206896551727,False
308.46423895200115,0.011097139916892314,0.03257273961377026,0.7458857217799165,0.027586206896551727,False
308.5060362800159,0.011097168377170322,0.03254914816555271,0.7457478830703183,0.027586206896551727,False
308.54783360803077,0.011097196827211345,0.032525565203080344,0.7456099451129334,0.027586206896551727,False
308.5896309360455,0.011097225267014022,0.03250199072746299,0.7454719078338523,0.027586206896551727,False
308.6314282640604,0.01109725369657705,0.032478424739810045,0.7453337711591317,0.027586206896551727,False
308.67322559207514,0.011097282115899082,0.03245486724123146,0.745195535014802,0.027586206896551727,False
308.71502292009,0.011097310524978777,0.032431318232836986,0.7450571993268637,0.027586206896551727,False
308.7568202481048,0.011097338923814802,0.032407777715736684,0.7449187640212885,0.027586206896551727,False
308.79861757611957,0.01109736731240583,0.03238424569104064,0.7447802290240194,0.027586206896551727,False
308.84041490413443,0.011097395690750526,0.03236072215985903,0.7446415942609702,0.027586206896551727,False
308.88221223214924,0.011097424058847588,0.03233720712330229,0.7445028596580269,0.027586206896551727,False
308.92400956016405,0.01109745241669539,0.032313700582480925,0.7443640251410517,0.027586206896551727,False
308.96580688817886,0.011097480764292844,0.03229020253850524,0.744225090635868,0.027586206896551727,False
309.0076042161937,0.011097509101638639,0.032266712992486034,0.7440860560682762,0.027586206896551727,False
309.0494015442085,0.01109753742873139,0.03224323194553424,0.7439469213640505,0.027586206896551727,False
309.0911988722233,0.011097565745569752,0.03221975939876072,0.7438076864489349,0.027586206896551727,False
309.1329962002381,0.011097594052152382,0.032196295353276394,0.7436683512486449,0.027586206896551727,False
309.17479352825296,0.011097622348477939,0.03217283981019253,0.7435289156888698,0.027586206896551727,False
309.21659085626777,0.011097650634545082,0.03214939277062033,0.7433893796952699,0.027586206896551727,False
309.2583881842826,0.011097678910352442,0.032125954235671314,0.7432497431934791,0.027586206896551727,False
309.3001855122974,0.011097707175898724,0.03210252420645702,0.7431100061091025,0.027586206896551727,False
309.34198284031214,0.011097735431182577,0.032079102684088874,0.7429701683677166,0.027586206896551727,False
309.383780168327,0.01109776367620267,0.0320556896696787,0.7428302298948721,0.027586206896551727,False
309.4255774963418,0.011097791910957604,0.032032285164338536,0.7426901906160944,0.027586206896551727,False
309.4673748243567,0.011097820135446057,0.032008889169180384,0.742550050456879,0.027586206896551727,False
309.5091721523715,0.011097848349666704,0.031985501685316164,0.7424098093426936,0.027586206896551727,False
309.55096948038624,0.011097876553618205,0.03196212271385821,0.7422694671989805,0.027586206896551727,False
309.5927668084011,0.011097904747299218,0.031938752255919,0.7421290239511555,0.027586206896551727,False
309.63456413641586,0.01109793293070841,0.031915390312611154,0.7419884795246078,0.027586206896551727,False
309.6763614644307,0.01109796110384441,0.03189203688504702,0.7418478338446978,0.027586206896551727,False
309.71815879244554,0.01109798926670591,0.03186869197433951,0.7417070868367611,0.027586206896551727,False
309.7599561204604,0.011098017419291556,0.03184535558160135,0.741566238426106,0.027586206896551727,False
309.8017534484751,0.011098045561600005,0.03182202770794567,0.7414252885380156,0.027586206896551727,False
309.84355077648996,0.011098073693629924,0.03179870835448565,0.7412842370977463,0.027586206896551727,False
309.8853481045048,0.011098101815379988,0.031775397522334624,0.7411430840305283,0.027586206896551727,False
309.9271454325196,0.011098129926848672,0.03175209521260573,0.7410018292615678,0.027586206896551727,False
309.96894276053445,0.01109815802803476,0.03172880142641275,0.7408604727160422,0.027586206896551727,False
310.01074008854926,0.011098186118936974,0.03170551616486903,0.7407190143191009,0.027586206896551727,False
310.052537416564,0.011098214199553959,0.03168223942908851,0.7405774539958722,0.027586206896551727,False
310.0943347445788,0.011098242269884352,0.03165897122018523,0.7404357916714583,0.027586206896551727,False
310.1361320725937,0.011098270329926793,0.03163571153927298,0.7402940272709341,0.027586206896551727,False
310.1779294006085,0.01109829837967994,0.03161246038746596,0.74015216071935,0.027586206896551727,False
310.2197267286233,0.011098326419142459,0.03158921776587852,0.7400101919417316,0.027586206896551727,False
310.26152405663817,0.011098354448312996,0.031565983675625166,0.7398681208630794,0.027586206896551727,False
310.3033213846529,0.011098382467190204,0.03154275811782036,0.7397259474083683,0.027586206896551727,False
310.3451187126677,0.011098410475772754,0.03151954109357883,0.7395836715025482,0.027586206896551727,False
310.38691604068254,0.011098438474059294,0.031496332604015354,0.7394412930705446,0.027586206896551727,False
310.4287133686974,0.011098466462048442,0.031473132650244824,0.7392988120372586,0.027586206896551727,False
310.47051069671215,0.011098494439738855,0.031449941233382434,0.7391562283275669,0.027586206896551727,False
310.512308024727,0.011098522407129241,0.03142675835454342,0.7390135418663207,0.027586206896551727,False
310.5541053527418,0.011098550364218227,0.031403584014842924,0.7388707525783463,0.027586206896551727,False
310.59590268075664,0.011098578311004484,0.03138041821539667,0.7387278603884487,0.027586206896551727,False
310.63770000877145,0.011098606247486641,0.031357260957320054,0.7385848652214058,0.027586206896551727,False
310.67949733678626,0.011098634173663371,0.03133411224172882,0.7384417670019724,0.027586206896551727,False
310.7212946648011,0.011098662089533324,0.03131097206973897,0.7382985656548808,0.027586206896551727,False
310.7630919928159,0.011098689995095149,0.031287840442466415,0.738155261104838,0.027586206896551727,False
310.8048893208307,0.011098717890347514,0.031264717361027476,0.7380118532765286,0.027586206896551727,False
310.8466866488455,0.011098745775289055,0.031241602826538248,0.7378683420946123,0.027586206896551727,False
310.88848397686036,0.011098773649918467,0.031218496840115184,0.7377247274837258,0.027586206896551727,False
310.9302813048751,0.011098801514234386,0.0311953994028749,0.7375810093684834,0.027586206896551727,False
310.97207863289,0.011098829368235238,0.031172310515933974,0.737437187673479,0.027586206896551727,False
311.01387596090484,0.011098857211919947,0.031149230180409312,0.7372932623232762,0.027586206896551727,False
311.05567328891954,0.011098885045287128,0.031126158397417794,0.7371492332424198,0.027586206896551727,False
311.0974706169344,0.01109891286833542,0.031103095168076664,0.7370051003554328,0.027586206896551727,False
311.1392679449492,0.011098940681063485,0.031080040493502995,0.7368608635868134,0.027586206896551727,False
311.181065272964,0.011098968483469952,0.03105699437481412,0.7367165228610383,0.027586206896551727,False
311.22286260097883,0.011098996275553469,0.031033956813127622,0.7365720781025628,0.027586206896551727,False
311.2646599289937,0.011099024057312704,0.031010927809561082,0.7364275292358179,0.027586206896551727,False
311.3064572570085,0.011099051828746282,0.030987907365232242,0.736282876185214,0.027586206896551727,False
311.34825458502326,0.011099079589852883,0.03096489548125901,0.736138118875138,0.027586206896551727,False
311.3900519130381,0.011099107340631147,0.030941892158759414,0.7359932572299561,0.027586206896551727,False
311.43184924105293,0.011099135081079733,0.030918897398851657,0.7358482911740123,0.027586206896551727,False
311.47364656906774,0.0110991628111972,0.030895911202653965,0.7357032206316297,0.027586206896551727,False
311.51544389708255,0.011099190530982317,0.030872933571284907,0.7355580455271081,0.027586206896551727,False
311.55724122509736,0.011099218240433707,0.030849964505862942,0.7354127657847264,0.027586206896551727,False
311.5990385531121,0.011099245939550015,0.030827004007506938,0.7352673813287436,0.027586206896551727,False
311.640835881127,0.01109927362832986,0.030804052077335664,0.7351218920833964,0.027586206896551727,False
311.68263320914184,0.011099301306771942,0.030781108716468088,0.7349762979729,0.027586206896551727,False
311.72443053715665,0.01109932897487489,0.030758173926023254,0.7348305989214485,0.027586206896551727,False
311.76622786517146,0.011099356632637352,0.03073524770712049,0.7346847948532169,0.027586206896551727,False
311.8080251931862,0.011099384280057968,0.030712330060879315,0.7345388856923594,0.027586206896551727,False
311.8498225212011,0.011099411917135411,0.03068942098841925,0.7343928713630082,0.027586206896551727,False
311.89161984921583,0.011099439543868328,0.030666520490859803,0.734246751789275,0.027586206896551727,False
311.9334171772307,0.011099467160255398,0.03064362856932092,0.7341005268952521,0.027586206896551727,False
311.9752145052455,0.011099494766295117,0.03062074522492232,0.7339541966050128,0.027586206896551727,False
312.01701183326037,0.011099522361986181,0.030597870458784253,0.7338077608426095,0.027586206896551727,False
312.0588091612751,0.011099549947327344,0.030575004272026918,0.7336612195320723,0.027586206896551727,False
312.10060648928993,0.011099577522317229,0.03055214666577075,0.7335145725974146,0.027586206896551727,False
312.1424038173048,0.011099605086954484,0.030529297641136162,0.7333678199626287,0.027586206896551727,False
312.18420114531955,0.011099632641237762,0.030506457199243886,0.7332209615516884,0.027586206896551727,False
312.2259984733344,0.01109966018516568,0.030483625341214442,0.7330739972885466,0.027586206896551727,False
312.26779580134917,0.011099687718736912,0.030460802068168886,0.7329269270971388,0.027586206896551727,False
312.309593129364,0.011099715241950074,0.030437987381228222,0.7327797509013808,0.027586206896551727,False
312.3513904573788,0.011099742754803849,0.030415181281513645,0.7326324686251688,0.027586206896551727,False
312.39318778539365,0.011099770257296866,0.03039238377014641,0.732485080192381,0.027586206896551727,False
312.4349851134085,0.011099797749427766,0.030369594848247913,0.732337585526876,0.027586206896551727,False
312.47678244142327,0.01109982523119517,0.030346814516939886,0.7321899845524964,0.027586206896551727,False
312.51857976943813,0.011099852702597742,0.03032404277734409,0.732042277193064,0.027586206896551727,False
312.5603770974529,0.01109988016363416,0.030301279630582184,0.7318944633723814,0.027586206896551727,False
312.6021744254677,0.01109990761430307,0.030278525077776113,0.7317465430142343,0.027586206896551727,False
312.6439717534825,0.011099935054603093,0.0302557791200481,0.7315985160423913,0.027586206896551727,False
312.68576908149737,0.011099962484532882,0.030233041758520426,0.731450382380603,0.027586206896551727,False
312.7275664095121,0.011099989904091091,0.030210312994315477,0.7313021419526013,0.027586206896551727,False
312.76936373752693,0.011100017313276351,0.03018759282855575,0.7311537946821013,0.027586206896551727,False
312.8111610655418,0.011100044712087332,0.030164881262364024,0.7310053404928006,0.027586206896551727,False
312.8529583935566,0.01110007210052265,0.030142178296862852,0.7308567793083783,0.027586206896551727,False
312.8947557215714,0.011100099478580984,0.03011948393317542,0.7307081110524984,0.027586206896551727,False
312.9365530495862,0.011100126846260994,0.030096798172424503,0.7305593356488049,0.027586206896551727,False
312.9783503776011,0.011100154203561235,0.030074121015733354,0.7304104530209286,0.027586206896551727,False
313.0201477056158,0.01110018155048028,0.030051452464225435,0.7302614630924842,0.027586206896551727,False
313.06194503363065,0.011100208887016955,0.030028792519024242,0.7301123657870645,0.027586206896551727,False
313.1037423616455,0.011100236213169874,0.03000614118125329,0.7299631610282491,0.027586206896551727,False
313.1455396896603,0.011100263528937667,0.02998349845203631,0.7298138487396009,0.027586206896551727,False
313.18733701767513,0.011100290834318974,0.029960864332497065,0.7296644288446669,0.027586206896551727,False
313.22913434568994,0.011100318129312442,0.029938238823759702,0.7295149012669785,0.027586206896551727,False
313.2709316737048,0.011100345413916704,0.029915621926948265,0.729365265930051,0.027586206896551727,False
313.3127290017195,0.01110037268813041,0.02989301364318692,0.7292155227573829,0.027586206896551727,False
313.35452632973437,0.011100399951952201,0.029870413973600168,0.7290656716724588,0.027586206896551727,False
313.3963236577492,0.01110042720538072,0.029847822919312587,0.7289157125987478,0.027586206896551727,False
313.438120985764,0.011100454448414617,0.0298252404814487,0.7287656454597021,0.027586206896551727,False
313.47991831377885,0.011100481681052522,0.029802666661133403,0.7286154701787609,0.027586206896551727,False
313.5217156417936,0.011100508903293033,0.029780101459491518,0.7284651866793476,0.027586206896551727,False
313.56351296980847,0.011100536115134877,0.029757544877648152,0.7283147948848694,0.027586206896551727,False
313.6053102978232,0.01110056331657665,0.029734996916728595,0.7281642947187218,0.027586206896551727,False
313.6471076258381,0.011100590507617022,0.029712457577857815,0.7280136861042812,0.027586206896551727,False
313.6889049538529,0.01110061768825459,0.029689926862161476,0.7278629689649151,0.027586206896551727,False
313.7307022818677,0.011100644858488034,0.029667404770765043,0.7277121432239727,0.027586206896551727,False
313.77249960988246,0.011100672018315987,0.029644891304794137,0.7275612088047906,0.027586206896551727,False
313.8142969378973,0.011100699167737088,0.0296223864653748,0.7274101656306926,0.027586206896551727,False
313.85609426591213,0.01110072630674999,0.029599890253632802,0.7272590136249871,0.027586206896551727,False
313.89789159392694,0.011100753435353336,0.029577402670694225,0.7271077527109691,0.027586206896551727,False
313.9396889219418,0.011100780553545783,0.02955492371768542,0.7269563828119213,0.027586206896551727,False
313.9814862499566,0.011100807661325998,0.02953245339573244,0.7268049038511107,0.027586206896551727,False
314.02328357797137,0.011100834758692332,0.02950999170596191,0.7266533157517989,0.027586206896551727,False
314.0650809059862,0.01110086184564374,0.029487538649500364,0.7265016184372227,0.027586206896551727,False
314.10687823400104,0.011100888922178826,0.029465094227474543,0.726349811830613,0.027586206896551727,False
314.1486755620158,0.011100915988296205,0.029442658441011217,0.7261978958551871,0.027586206896551727,False
314.19047289003066,0.011100943043994508,0.0294202312912373,0.7260458704341496,0.027586206896551727,False
314.2322702180455,0.011100970089272393,0.02939781277927998,0.7258937354906934,0.027586206896551727,False
314.2740675460602,0.01110099712412846,0.02937540290626624,0.7257414909479979,0.027586206896551727,False
314.3158648740751,0.0111010241485614,0.02935300167332348,0.7255891367292312,0.027586206896551727,False
314.3576622020899,0.011101051162569793,0.02933060908157924,0.7254366727575513,0.027586206896551727,False
314.39945953010476,0.011101078166152311,0.029308225132161,0.7252840989561018,0.027586206896551727,False
314.4412568581195,0.011101105159307593,0.02928584982619654,0.7251314152480164,0.027586206896551727,False
314.4830541861344,0.011101132142034289,0.02926348316481366,0.7249786215564166,0.027586206896551727,False
314.52485151414913,0.011101159114330968,0.029241125149140106,0.7248257178044133,0.027586206896551727,False
314.56664884216394,0.011101186076196352,0.029218775780303997,0.7246727039151047,0.027586206896551727,False
314.6084461701788,0.011101213027629049,0.029196435059433538,0.7245195798115808,0.027586206896551727,False
314.6502434981936,0.011101239968627722,0.029174102987656998,0.7243663454169186,0.027586206896551727,False
314.6920408262085,0.011101266899190963,0.029151779566102754,0.7242130006541864,0.027586206896551727,False
314.73383815422324,0.011101293819317456,0.029129464795899264,0.7240595454464399,0.027586206896551727,False
314.77563548223804,0.011101320729005807,0.02910715867817533,0.7239059797167277,0.027586206896551727,False
314.81743281025285,0.011101347628254673,0.029084861214059583,0.7237523033880853,0.027586206896551727,False
314.85923013826766,0.011101374517062699,0.029062572404680888,0.7235985163835394,0.027586206896551727,False
314.90102746628247,0.011101401395428515,0.029040292251168238,0.7234446186261076,0.027586206896551727,False
314.94282479429734,0.011101428263350787,0.029018020754650976,0.7232906100387987,0.027586206896551727,False
314.98462212231215,0.011101455120828156,0.028995757916257938,0.7231364905446079,0.027586206896551727,False
315.0264194503269,0.011101481967859034,0.02897350373711861,0.7229822600665298,0.027586206896551727,False
315.06821677834176,0.011101508804442288,0.028951258218362384,0.7228279185275397,0.027586206896551727,False
315.1100141063566,0.011101535630576554,0.028929021361118835,0.722673465850609,0.027586206896551727,False
315.1518114343714,0.01110156244626044,0.028906793166517685,0.7225189019587009,0.027586206896551727,False
315.1936087623862,0.011101589251492593,0.028884573635688703,0.7223642267747696,0.027586206896551727,False
315.23540609040106,0.011101616046271644,0.02886236276976162,0.722209440221759,0.027586206896551727,False
315.2772034184158,0.01110164283059622,0.028840160569866703,0.7220545422226089,0.027586206896551727,False
315.3190007464306,0.011101669604464967,0.028817967037133733,0.7218995327002464,0.027586206896551727,False
315.3607980744455,0.011101696367876486,0.02879578217269313,0.7217444115775947,0.027586206896551727,False
315.40259540246024,0.011101723120829443,0.02877360597767508,0.7215891787775665,0.027586206896551727,False
315.4443927304751,0.011101749863322472,0.028751438453210237,0.7214338342230697,0.027586206896551727,False
315.4861900584899,0.011101776595354225,0.028729279600428915,0.7212783778370015,0.027586206896551727,False
315.5279873865047,0.01110180331692327,0.02870712942046189,0.7211228095422563,0.027586206896551727,False
315.56978471451947,0.011101830028028295,0.028684987914439797,0.720967129261717,0.027586206896551727,False
315.61158204253434,0.011101856728667934,0.028662855083493536,0.7208113369182625,0.027586206896551727,False
315.6533793705492,0.01110188341884083,0.028640730928753924,0.7206554324347633,0.027586206896551727,False
315.69517669856396,0.0111019100985456,0.028618615451352202,0.720499415734086,0.027586206896551727,False
315.7369740265788,0.011101936767780901,0.0285965086524196,0.72034328673909,0.027586206896551727,False
315.7787713545936,0.01110196342654534,0.028574410533087086,0.7201870453726262,0.027586206896551727,False
315.82056868260844,0.011101990074837574,0.028552321094486167,0.7200306915575428,0.027586206896551727,False
315.8623660106232,0.011102016712656242,0.028530240337748352,0.7198742252166811,0.027586206896551727,False
315.90416333863806,0.01110204333999996,0.028508168264005235,0.7197176462728775,0.027586206896551727,False
315.94596066665287,0.011102069956867388,0.0284861048743883,0.7195609546489606,0.027586206896551727,False
315.9877579946677,0.011102096563257174,0.028464050170029363,0.7194041502677563,0.027586206896551727,False
316.0295553226825,0.011102123159167709,0.02844200415206032,0.7192472330520894,0.027586206896551727,False
316.0713526506973,0.011102149744597936,0.028419966821613067,0.7190902029247696,0.027586206896551727,False
316.1131499787121,0.011102176319546424,0.028397938179819757,0.7189330598086097,0.027586206896551727,False
316.1549473067269,0.011102202884011796,0.028375918227812377,0.7187758036264155,0.027586206896551727,False
316.1967446347418,0.011102229437992668,0.028353906966723255,0.7186184343009901,0.027586206896551727,False
316.2385419627566,0.011102255981487704,0.028331904397684834,0.7184609517551325,0.027586206896551727,False
316.28033929077134,0.011102282514495508,0.02830991052182932,0.7183033559116356,0.027586206896551727,False
316.32213661878615,0.011102309037014696,0.028287925340289267,0.7181456466932913,0.027586206896551727,False
316.363933946801,0.011102335549043914,0.02826594885419732,0.7179878240228866,0.027586206896551727,False
316.4057312748158,0.011102362050581786,0.028243981064686025,0.7178298878232049,0.027586206896551727,False
316.44752860283063,0.011102388541626974,0.028222021972888343,0.7176718380170278,0.027586206896551727,False
316.4893259308455,0.011102415022178071,0.028200071579937012,0.7175136745271331,0.027586206896551727,False
316.5311232588602,0.011102441492233776,0.02817812988696489,0.7173553972762942,0.027586206896551727,False
316.57292058687506,0.011102467951792455,0.02815619689510518,0.7171970061872898,0.027586206896551727,False
316.61471791488987,0.011102494400853067,0.028134272605490975,0.7170385011828843,0.027586206896551727,False
316.65651524290473,0.011102520839414237,0.028112357019255418,0.7168798821858453,0.027586206896551727,False
316.6983125709195,0.011102547267474547,0.028090450137531982,0.7167211491189418,0.027586206896551727,False
316.74010989893435,0.011102573685032573,0.028068551961453775,0.7165623019049371,0.027586206896551727,False
316.78190722694916,0.011102600092086964,0.028046662492154203,0.7164033404665937,0.027586206896551727,False
316.8237045549639,0.011102626488636351,0.028024781730766977,0.7162442647266745,0.027586206896551727,False
316.8655018829788,0.011102652874679368,0.02800290967842558,0.7160850746079389,0.027586206896551727,False
316.9072992109936,0.011102679250214655,0.027981046336263846,0.7159257700331473,0.027586206896551727,False
316.94909653900845,0.011102705615240852,0.027959191705415616,0.7157663509250588,0.027586206896551727,False
316.99089386702315,0.011102731969756615,0.02793734578701452,0.7156068172064296,0.027586206896551727,False
317.032691195038,0.011102758313760423,0.027915508582194423,0.7154471688000196,0.027586206896551727,False
317.0744885230529,0.011102784647251009,0.0278936800920895,0.7152874056285858,0.027586206896551727,False
317.11628585106763,0.011102810970227044,0.027871860317833584,0.7151275276148835,0.027586206896551727,False
317.1580831790825,0.011102837282687154,0.02785004926056095,0.7149675346816714,0.027586206896551727,False
317.1998805070973,0.011102863584629976,0.027828246921405723,0.714807426751707,0.027586206896551727,False
317.2416778351121,0.011102889876054114,0.027806453301502145,0.7146472037477493,0.027586206896551727,False
317.28347516312687,0.011102916156958223,0.027784668401984756,0.7144868655925588,0.027586206896551727,False
317.32527249114173,0.011102942427340903,0.027762892223987794,0.7143264122088954,0.027586206896551727,False
317.36706981915654,0.011102968687200803,0.02774112476864583,0.7141658435195213,0.027586206896551727,False
317.40886714717135,0.011102994936536534,0.02771936603709341,0.7140051594472002,0.027586206896551727,False
317.4506644751862,0.011103021175346754,0.02769761603046509,0.7138443599146959,0.027586206896551727,False
317.49246180320097,0.011103047403630086,0.02767587474989552,0.7136834448447752,0.027586206896551727,False
317.5342591312158,0.011103073621385155,0.027654142196519477,0.7135224141602071,0.027586206896551727,False
317.5760564592306,0.01110309982861056,0.027632418371471623,0.7133612677837623,0.027586206896551727,False
317.61785378724545,0.011103126025304982,0.027610703275886963,0.7132000056382144,0.027586206896551727,False
317.6596511152602,0.011103152211467047,0.027588996910900443,0.7130386276463397,0.027586206896551727,False
317.70144844327507,0.01110317838709538,0.027567299277646957,0.7128771337309169,0.027586206896551727,False
317.7432457712898,0.011103204552188599,0.027545610377261543,0.712715523814728,0.027586206896551727,False
317.7850430993047,0.011103230706745354,0.0275239302108792,0.7125537978205579,0.027586206896551727,False
317.8268404273195,0.011103256850764251,0.027502258779635247,0.7123919556711966,0.027586206896551727,False
317.8686377553343,0.011103282984243953,0.027480596084664726,0.7122299972894353,0.027586206896551727,False
317.91043508334917,0.011103309107183065,0.027458942127103,0.7120679225980716,0.027586206896551727,False
317.9522324113639,0.011103335219580256,0.02743729690808525,0.7119057315199045,0.027586206896551727,False
317.9940297393788,0.011103361321434161,0.027415660428746925,0.71174342397774,0.027586206896551727,False
318.03582706739354,0.01110338741274328,0.027394032690223415,0.7115809998943896,0.027586206896551727,False
318.07762439540835,0.011103413493506247,0.02737241369365007,0.7114184591926669,0.027586206896551727,False
318.11942172342316,0.011103439563721833,0.02735080344016248,0.7112558017953895,0.027586206896551727,False
318.161219051438,0.011103465623388655,0.02732920193089609,0.7110930276253811,0.027586206896551727,False
318.2030163794529,0.011103491672505308,0.027307609166986536,0.7109301366054731,0.027586206896551727,False
318.2448137074676,0.011103517711070428,0.02728602514956934,0.7107671286584999,0.027586206896551727,False
318.28661103548245,0.011103543739082625,0.027264449879780342,0.7106040037073047,0.027586206896551727,False
318.32840836349726,0.011103569756540537,0.027242883358755243,0.7104407616747348,0.027586206896551727,False
318.37020569151207,0.01110359576344279,0.027221325587629627,0.710277402483643,0.027586206896551727,False
318.4120030195269,0.011103621759788022,0.027199776567539278,0.7101139260568894,0.027586206896551727,False
318.45380034754174,0.01110364774557485,0.027178236299620174,0.7099503323173424,0.027586206896551727,False
318.49559767555644,0.011103673720801932,0.027156704785007986,0.7097866211878741,0.027586206896551727,False
318.5373950035713,0.011103699685467877,0.027135182024838674,0.7096227925913667,0.027586206896551727,False
318.57919233158617,0.01110372563957129,0.027113668020248213,0.7094588464507097,0.027586206896551727,False
318.620989659601,0.011103751583110838,0.027092162772372468,0.7092947826887979,0.027586206896551727,False
318.6627869876158,0.01110377751608514,0.027070666282347444,0.7091306012285357,0.027586206896551727,False
318.7045843156306,0.01110380343849282,0.027049178551309207,0.7089663019928357,0.027586206896551727,False
318.7463816436454,0.011103829350332519,0.02702769958039378,0.7088018849046182,0.027586206896551727,False
318.78817897166016,0.01110385525160286,0.02700622937073722,0.7086373498868119,0.027586206896551727,False
318.829976299675,0.01110388114230247,0.026984767923475556,0.7084726968623545,0.027586206896551727,False
318.8717736276899,0.011103907022429985,0.026963315239744982,0.7083079257541928,0.027586206896551727,False
318.9135709557047,0.011103932891984032,0.026941871320681505,0.7081430364852819,0.027586206896551727,False
318.9553682837195,0.011103958750963277,0.026920436167421388,0.7079780289785874,0.027586206896551727,False
318.99716561173426,0.011103984599366335,0.026899009781100765,0.707812903157084,0.027586206896551727,False
319.0389629397491,0.011104010437191681,0.026877592162855846,0.7076476589437596,0.027586206896551727,False
319.0807602677639,0.011104036264438052,0.026856183313822845,0.7074822962616073,0.027586206896551727,False
319.12255759577874,0.01110406208110414,0.026834783235137966,0.7073168150336312,0.027586206896551727,False
319.16435492379355,0.01110408788718857,0.02681339192793745,0.7071512151828474,0.027586206896551727,False
319.2061522518084,0.011104113682689943,0.0267920093933576,0.7069854966322833,0.027586206896551727,False
319.2479495798232,0.0111041394676069,0.026770635632534557,0.7068196593049756,0.027586206896551727,False
319.289746907838,0.011104165241938036,0.02674927064660465,0.7066537031239746,0.027586206896551727,False
319.33154423585285,0.011104191005682006,0.0267279144367042,0.7064876280123409,0.027586206896551727,False
319.3733415638676,0.011104216758837411,0.026706567003969492,0.706321433893147,0.027586206896551727,False
319.41513889188246,0.011104242501402897,0.02668522834953676,0.7061551206894768,0.027586206896551727,False
319.4569362198973,0.011104268233377082,0.026663898474542345,0.7059886883244275,0.027586206896551727,False
319.498733547912,0.011104293954758624,0.026642577380122507,0.705822136721107,0.027586206896551727,False
319.54053087592683,0.011104319665546107,0.02662126506741358,0.7056554658026386,0.027586206896551727,False
319.5823282039417,0.011104345365738176,0.026599961537551797,0.705488675492156,0.027586206896551727,False
319.62412553195657,0.011104371055333486,0.026578666791673464,0.7053217657128066,0.027586206896551727,False
319.6659228599713,0.011104396734330666,0.02655738083091494,0.7051547363877525,0.027586206896551727,False
319.7077201879862,0.01110442240272833,0.026536103656412426,0.7049875874401683,0.027586206896551727,False
319.74951751600094,0.011104448060525109,0.026514835269302282,0.7048203187932433,0.027586206896551727,False
319.79131484401574,0.011104473707719635,0.026493575670720745,0.7046529303701802,0.027586206896551727,False
319.83311217203055,0.011104499344310532,0.026472324861803988,0.704485422094196,0.027586206896551727,False
319.8749095000454,0.011104524970296433,0.026451082843688342,0.7043177938885233,0.027586206896551727,False
319.91670682806017,0.011104550585675985,0.026429849617510038,0.7041500456764087,0.027586206896551727,False
319.95850415607504,0.011104576190447813,0.026408625184405263,0.7039821773811139,0.027586206896551727,False
320.00030148408985,0.011104601784610571,0.02638740954551025,0.7038141889259163,0.027586206896551727,False
320.04209881210465,0.011104627368162756,0.026366202701961213,0.7036460802341116,0.027586206896551727,False
320.08389614011946,0.011104652941103013,0.026345004654894266,0.7034778512290081,0.027586206896551727,False
320.1256934681343,0.01110467850343011,0.02632381540544566,0.7033095018339288,0.027586206896551727,False
320.16749079614914,0.011104704055142627,0.02630263495475141,0.7031410319722156,0.027586206896551727,False
320.2092881241639,0.011104729596239205,0.026281463303947625,0.702972441567226,0.027586206896551727,False
320.2510854521787,0.01110475512671846,0.026260300454170358,0.702803730542335,0.027586206896551727,False
320.2928827801935,0.011104780646579004,0.026239146406555752,0.7026348988209359,0.027586206896551727,False
320.3346801082083,0.011104806155819474,0.026218001162239702,0.7024659463264369,0.027586206896551727,False
320.3764774362232,0.011104831654438497,0.026196864722358295,0.7022968729822656,0.027586206896551727,False
320.418274764238,0.011104857142434693,0.02617573708804743,0.7021276787118669,0.027586206896551727,False
320.46007209225286,0.011104882619806716,0.026154618260443106,0.7019583634387038,0.027586206896551727,False
320.50186942026755,0.011104908086553188,0.026133508240681152,0.7017889270862573,0.027586206896551727,False
320.5436667482824,0.011104933542672708,0.026112407029897394,0.7016193695780278,0.027586206896551727,False
320.5854640762972,0.011104958988163943,0.02609131462922767,0.7014496908375341,0.027586206896551727,False
320.62726140431204,0.011104984423025528,0.026070231039807806,0.7012798907883141,0.027586206896551727,False
320.66905873232685,0.011105009847256075,0.026049156262773453,0.7011099693539253,0.027586206896551727,False
320.7108560603417,0.011105035260854216,0.026028090299260287,0.7009399264579448,0.027586206896551727,False
320.75265338835646,0.011105060663818589,0.026007033150404018,0.7007697620239698,0.027586206896551727,False
320.7944507163713,0.011105086056147812,0.02598598481734024,0.7005994759756181,0.027586206896551727,False
320.83624804438614,0.011105111437840523,0.025964945301204388,0.7004290682365262,0.027586206896551727,False
320.87804537240095,0.011105136808895348,0.025943914603131998,0.7002585387303533,0.027586206896551727,False
320.91984270041576,0.011105162169310933,0.025922892724258618,0.7000878873807789,0.027586206896551727,False
320.9616400284305,0.011105187519085902,0.025901879665719465,0.6999171141115026,0.027586206896551727,False
321.0034373564454,0.011105212858218918,0.025880875428649943,0.6997462188462468,0.027586206896551727,False
321.0452346844602,0.01110523818670848,0.025859880014185335,0.6995752015087576,0.027586206896551727,False
321.087032012475,0.011105263504553237,0.025838893423460813,0.6994040620228006,0.027586206896551727,False
321.12882934048986,0.011105288811751943,0.02581791565761151,0.6992328003121612,0.027586206896551727,False
321.17062666850467,0.011105314108303205,0.025796946717772648,0.6990614163006519,0.027586206896551727,False
321.2124239965195,0.011105339394205655,0.025775986605079123,0.6988899099121052,0.027586206896551727,False
321.2542213245342,0.011105364669457888,0.025755035320665847,0.6987182810703784,0.027586206896551727,False
321.2960186525491,0.01110538993405854,0.025734092865667857,0.6985465296993524,0.027586206896551727,False
321.33781598056385,0.011105415188006245,0.02571315924121986,0.6983746557229301,0.027586206896551727,False
321.3796133085787,0.011105440431299626,0.025692234448456638,0.6982026590650396,0.027586206896551727,False
321.4214106365936,0.011105465663937308,0.025671318488512805,0.6980305396496325,0.027586206896551727,False
321.46320796460833,0.01110549088591794,0.025650411362522985,0.6978582974006847,0.027586206896551727,False
321.50500529262314,0.01110551609724017,0.02562951307162173,0.6976859322421974,0.027586206896551727,False
321.54680262063795,0.011105541297902605,0.025608623616943407,0.6975134440981964,0.027586206896551727,False
321.5885999486528,0.011105566487903852,0.02558774299962238,0.6973408328927334,0.027586206896551727,False
321.63039727666757,0.011105591667242594,0.02556687122079295,0.6971680985498846,0.027586206896551727,False
321.67219460468243,0.011105616835917436,0.02554600828158925,0.6969952409937527,0.027586206896551727,False
321.7139919326972,0.011105641993927015,0.02552515418314543,0.6968222601484666,0.027586206896551727,False
321.755789260712,0.011105667141269957,0.025504308926595512,0.6966491559381818,0.027586206896551727,False
321.79758658872686,0.011105692277944895,0.025483472513073334,0.6964759282870792,0.027586206896551727,False
321.83938391674167,0.011105717403950466,0.025462644943712788,0.696302577119368,0.027586206896551727,False
321.88118124475653,0.011105742519285308,0.025441826219647565,0.6961291023592838,0.027586206896551727,False
321.9229785727713,0.011105767623948052,0.025421016342011323,0.6959555039310902,0.027586206896551727,False
321.96477590078615,0.011105792717937338,0.02540021531193752,0.6957817817590776,0.027586206896551727,False
322.0065732288009,0.011105817801251828,0.02537942313055967,0.6956079357675651,0.027586206896551727,False
322.0483705568157,0.01110584287389008,0.02535863979901111,0.6954339658809021,0.027586206896551727,False
322.0901678848305,0.011105867935850616,0.025337865318424996,0.6952598720234661,0.027586206896551727,False
322.1319652128454,0.011105892987132274,0.02531709968993444,0.6950856541196583,0.027586206896551727,False
322.1737625408602,0.011105918027733658,0.025296342914672504,0.694911312093914,0.027586206896551727,False
322.21555986887495,0.01110594305765338,0.025275594993772084,0.6947368458706973,0.027586206896551727,False
322.2573571968898,0.01110596807689006,0.02525485592836596,0.6945622553745022,0.027586206896551727,False
322.29915452490457,0.011105993085442321,0.025234125719586702,0.6943875405298514,0.027586206896551727,False
322.34095185291943,0.011106018083308812,0.025213404368566967,0.6942127012612993,0.027586206896551727,False
322.38274918093424,0.01110604307048817,0.025192691876439178,0.6940377374934306,0.027586206896551727,False
322.4245465089491,0.01110606804697901,0.025171988244335648,0.693862649150861,0.027586206896551727,False
322.4663438369638,0.01110609301277998,0.025151293473388583,0.693687436158237,0.027586206896551727,False
322.50814116497867,0.011106117967889724,0.025130607564729963,0.6935120984402361,0.027586206896551727,False
322.54993849299353,0.011106142912306835,0.02510993051949184,0.69333663592157,0.027586206896551727,False
322.5917358210083,0.011106167846029982,0.025089262338805936,0.6931610485269791,0.027586206896551727,False
322.63353314902315,0.011106192769057817,0.02506860302380393,0.692985336181238,0.027586206896551727,False
322.67533047703796,0.011106217681388949,0.025047952575617392,0.6928094988091542,0.027586206896551727,False
322.7171278050528,0.011106242583022018,0.025027310995377784,0.6926335363355683,0.027586206896551727,False
322.7589251330675,0.011106267473955643,0.025006678284216252,0.6924574486853531,0.027586206896551727,False
322.8007224610824,0.011106292354188496,0.02498605444326397,0.6922812357834148,0.027586206896551727,False
322.84251978909725,0.011106317223719193,0.024965439473652,0.6921048975546957,0.027586206896551727,False
322.884317117112,0.01110634208254637,0.024944833376511127,0.69192843392417,0.027586206896551727,False
322.92611444512687,0.011106366930668661,0.024924236152972092,0.6917518448168477,0.027586206896551727,False
322.9679117731416,0.011106391768084728,0.024903647804165405,0.6915751301577721,0.027586206896551727,False
323.00970910115643,0.011106416594793223,0.024883068331221458,0.6913982898720218,0.027586206896551727,False
323.05150642917124,0.011106441410792714,0.02486249773527053,0.6912213238847135,0.027586206896551727,False
323.0933037571861,0.011106466216081714,0.024841936017442733,0.6910442321209997,0.027586206896551727,False
323.1351010852009,0.011106491010659072,0.024821383178867975,0.6908670145060627,0.027586206896551727,False
323.1768984132157,0.011106515794523401,0.02480083922067602,0.690689670965125,0.027586206896551727,False
323.2186957412306,0.011106540567673302,0.0247803041439965,0.6905122014234469,0.027586206896551727,False
323.26049306924534,0.011106565330107402,0.024759777949958924,0.6903346058063251,0.027586206896551727,False
323.30229039726015,0.011106590081824354,0.024739260639692454,0.6901568840390913,0.027586206896551727,False
323.34408772527496,0.011106614822822792,0.02471875221432631,0.6899790360471174,0.027586206896551727,False
323.3858850532898,0.01110663955310134,0.024698252674989447,0.689801061755812,0.027586206896551727,False
323.42768238130463,0.011106664272658644,0.024677762022810558,0.6896229610906213,0.027586206896551727,False
323.4694797093194,0.011106688981493359,0.024657280258918293,0.6894447339770299,0.027586206896551727,False
323.5112770373342,0.011106713679604118,0.024636807384441104,0.6892663803405626,0.027586206896551727,False
323.55307436534906,0.01110673836698956,0.02461634340050722,0.6890879001067819,0.027586206896551727,False
323.59487169336387,0.011106763043648275,0.0245958883082448,0.6889092932012918,0.027586206896551727,False
323.6366690213787,0.011106787709578968,0.024575442108781573,0.6887305595497316,0.027586206896551727,False
323.67846634939355,0.011106812364780266,0.024555004803245323,0.6885516990777844,0.027586206896551727,False
323.72026367740824,0.01110683700925079,0.024534576392763522,0.6883727117111725,0.027586206896551727,False
323.7620610054231,0.011106861642989185,0.02451415687846351,0.6881935973756591,0.027586206896551727,False
323.8038583334379,0.011106886265994115,0.024493746261472424,0.6880143559970473,0.027586206896551727,False
323.8456556614528,0.011106910878264183,0.02447334454291717,0.6878349875011829,0.027586206896551727,False
323.88745298946753,0.011106935479798056,0.024452951723924494,0.6876554918139521,0.027586206896551727,False
323.9292503174824,0.01110696007059437,0.024432567805620933,0.6874758688612839,0.027586206896551727,False
323.9710476454972,0.011106984650651784,0.024412192789132776,0.687296118569148,0.027586206896551727,False
324.01284497351196,0.011107009219968942,0.02439182667558617,0.6871162408635582,0.027586206896551727,False
324.0546423015268,0.01110703377854446,0.024371469466107083,0.6869362356705714,0.027586206896551727,False
324.09643962954163,0.011107058326376817,0.0243511211618212,0.68675610291629,0.027586206896551727,False
324.13823695755644,0.01110708286346489,0.02433078176385404,0.6865758425268524,0.027586206896551727,False
324.18003428557125,0.011107107389807271,0.024310451273330806,0.6863954544284461,0.027586206896551727,False
324.22183161358606,0.011107131905402606,0.02429012969137667,0.6862149385473021,0.027586206896551727,False
324.26362894160087,0.0111071564102495,0.0242698170191165,0.6860342948096972,0.027586206896551727,False
324.3054262696157,0.011107180904346618,0.024249513257674857,0.6858535231419504,0.027586206896551727,False
324.34722359763055,0.011107205387692588,0.024229218408176163,0.6856726234704273,0.027586206896551727,False
324.38902092564535,0.011107229860286071,0.024208932471744583,0.6854915957215385,0.027586206896551727,False
324.43081825366016,0.011107254322125686,0.02418865544950412,0.6853104398217413,0.027586206896551727,False
324.4726155816749,0.01110727877321011,0.024168387342578444,0.6851291556975374,0.027586206896551727,False
324.5144129096898,0.011107303213537976,0.02414812815209109,0.6849477432754768,0.027586206896551727,False
324.55621023770453,0.011107327643107897,0.02412787787916525,0.6847662024821553,0.027586206896551727,False
324.5980075657194,0.011107352061918537,0.024107636524923957,0.6845845332442159,0.027586206896551727,False
324.63980489373427,0.011107376469968575,0.024087404090489997,0.6844027354883485,0.027586206896551727,False
324.6816022217491,0.011107400867256631,0.024067180576985946,0.6842208091412925,0.027586206896551727,False
324.7233995497638,0.01110742525378136,0.02404696598553406,0.6840387541298337,0.027586206896551727,False
324.76519687777864,0.011107449629541386,0.024026760317256344,0.6838565703808074,0.027586206896551727,False
324.8069942057935,0.01110747399453537,0.024006563573274655,0.6836742578210976,0.027586206896551727,False
324.84879153380825,0.011107498348761975,0.02398637575471049,0.6834918163776363,0.027586206896551727,False
324.8905888618231,0.011107522692219828,0.023966196862685106,0.6833092459774065,0.027586206896551727,False
324.9323861898379,0.011107547024907584,0.023946026898319546,0.68312654654744,0.027586206896551727,False
324.97418351785274,0.011107571346823907,0.02392586586273456,0.6829437180148188,0.027586206896551727,False
325.01598084586755,0.011107595657967456,0.023905713757050664,0.6827607603066758,0.027586206896551727,False
325.05777817388235,0.01110761995833685,0.023885570582388133,0.6825776733501956,0.027586206896551727,False
325.0995755018972,0.011107644247930575,0.023865436339866854,0.6823944570726155,0.027586206896551727,False
325.141372829912,0.011107668526747506,0.023845311030606546,0.6822111114012176,0.027586206896551727,False
325.18317015792684,0.011107692794786258,0.023825194655726606,0.6820276362633406,0.027586206896551727,False
325.2249674859416,0.011107717052045453,0.023805087216346225,0.6818440315863762,0.027586206896551727,False
325.2667648139564,0.011107741298523738,0.023784988713584233,0.6816602972977669,0.027586206896551727,False
325.3085621419712,0.01110776553421976,0.02376489914855928,0.6814764333250094,0.027586206896551727,False
325.3503594699861,0.01110778975913218,0.023744818522389573,0.6812924395956518,0.027586206896551727,False
325.39215679800094,0.01110781397325965,0.02372474683619316,0.6811083160372974,0.027586206896551727,False
325.4339541260157,0.0111078381766008,0.02370468409108783,0.6809240625776036,0.027586206896551727,False
325.4757514540305,0.011107862369154316,0.02368463028819092,0.6807396791442802,0.027586206896551727,False
325.5175487820453,0.011107886550918853,0.023664585428619617,0.6805551656650932,0.027586206896551727,False
325.5593461100601,0.011107910721893032,0.02364454951349074,0.680370522067864,0.027586206896551727,False
325.6011434380749,0.011107934882075489,0.02362452254392088,0.6801857482804692,0.027586206896551727,False
325.6429407660898,0.011107959031464927,0.023604504521026224,0.6800008442308394,0.027586206896551727,False
325.6847380941045,0.011107983170059971,0.023584495445922796,0.6798158098469638,0.027586206896551727,False
325.72653542211935,0.01110800729785929,0.0235644953197261,0.6796306450568852,0.027586206896551727,False
325.7683327501342,0.011108031414861514,0.023544504143551574,0.6794453497887065,0.027586206896551727,False
325.81013007814903,0.011108055521065327,0.023524521918514167,0.6792599239705851,0.027586206896551727,False
325.85192740616384,0.01110807961646938,0.023504548645728554,0.6790743675307364,0.027586206896551727,False
325.89372473417865,0.011108103701072325,0.0234845843263091,0.6788886803974342,0.027586206896551727,False
325.9355220621935,0.01110812777487281,0.02346462896136986,0.6787028624990108,0.027586206896551727,False
325.9773193902082,0.011108151837869508,0.02344468255202457,0.6785169137638563,0.027586206896551727,False
326.0191167182231,0.011108175890061096,0.02342474509938668,0.6783308341204203,0.027586206896551727,False
326.0609140462379,0.011108199931446185,0.023404816604569192,0.6781446234972117,0.027586206896551727,False
326.10271137425275,0.011108223962023298,0.023384897068684882,0.6779582818228022,0.027586206896551727,False
326.14450870226756,0.011108247981791315,0.023364986492846143,0.6777718090258156,0.027586206896551727,False
326.18630603028237,0.01110827199074884,0.023345084878165098,0.6775852050349426,0.027586206896551727,False
326.2281033582972,0.011108295988894524,0.023325192225753407,0.6773984697789323,0.027586206896551727,False
326.2699006863119,0.011108319976227018,0.02330530853672245,0.6772116031865957,0.027586206896551727,False
326.3116980143268,0.011108343952744978,0.023285433812183287,0.6770246051868054,0.027586206896551727,False
326.3534953423416,0.01110836791844706,0.023265568053246588,0.6768374757084957,0.027586206896551727,False
326.3952926703564,0.011108391873331954,0.023245711261022758,0.6766502146806631,0.027586206896551727,False
326.43708999837116,0.011108415817398267,0.02322586343662167,0.6764628220323666,0.027586206896551727,False
326.47888732638603,0.011108439750644699,0.023206024581153034,0.6762752976927288,0.027586206896551727,False
326.5206846544009,0.011108463673069922,0.02318619469572609,0.6760876415909343,0.027586206896551727,False
326.56248198241565,0.011108487584672592,0.023166373781449787,0.675899853656233,0.027586206896551727,False
326.6042793104305,0.011108511485451293,0.023146561839432627,0.6757119338179394,0.027586206896551727,False
326.6460766384453,0.011108535375404793,0.023126758870782714,0.675523882005429,0.027586206896551727,False
326.68787396646013,0.011108559254531695,0.02310696487660789,0.6753356981481461,0.027586206896551727,False
326.7296712944749,0.011108583122830697,0.023087179858015627,0.6751473821755982,0.027586206896551727,False
326.77146862248975,0.011108606980300431,0.023067403816112903,0.6749589340173593,0.027586206896551727,False
326.81326595050456,0.011108630826939586,0.023047636752006426,0.6747703536030685,0.027586206896551727,False
326.85506327851937,0.011108654662746832,0.023027878666802486,0.6745816408624323,0.027586206896551727,False
326.89686060653423,0.011108678487720831,0.02300812956160698,0.6743927957252231,0.027586206896551727,False
326.938657934549,0.01110870230186025,0.022988389437525424,0.6742038181212814,0.027586206896551727,False
326.9804552625638,0.011108726105163759,0.02296865829566285,0.6740147079805134,0.027586206896551727,False
327.0222525905786,0.01110874989763004,0.022948936137124107,0.6738254652328957,0.027586206896551727,False
327.06404991859347,0.011108773679257774,0.022929222963013488,0.6736360898084712,0.027586206896551727,False
327.1058472466082,0.011108797450045442,0.022909518774434857,0.6734465816373557,0.027586206896551727,False
327.1476445746231,0.011108821209991872,0.022889823572491825,0.6732569406497284,0.027586206896551727,False
327.18944190263795,0.011108844959095757,0.02287013735828738,0.6730671667758384,0.027586206896551727,False
327.23123923065265,0.01110886869735576,0.02285046013292442,0.6728772599460086,0.027586206896551727,False
327.2730365586675,0.011108892424770516,0.022830791897505063,0.672687220090629,0.027586206896551727,False
327.3148338866823,0.011108916141338703,0.022811132653131273,0.672497047140162,0.027586206896551727,False
327.3566312146972,0.011108939847058998,0.022791482400904468,0.6723067410251399,0.027586206896551727,False
327.39842854271194,0.011108963541930073,0.02277184114192565,0.6721163016761665,0.027586206896551727,False
327.44022587072675,0.01110898722595058,0.02275220887729555,0.6719257290239193,0.027586206896551727,False
327.48202319874156,0.011109010899119223,0.022732585608114354,0.6717350229991457,0.027586206896551727,False
327.52382052675637,0.01110903456143467,0.022712971335481703,0.6715441835326654,0.027586206896551727,False
327.56561785477123,0.0111090582128956,0.02269336606049706,0.6713532105553737,0.027586206896551727,False
327.60741518278604,0.011109081853500605,0.022673769784259203,0.6711621039982383,0.027586206896551727,False
327.6492125108009,0.011109105483248451,0.02265418250786662,0.6709708637922985,0.027586206896551727,False
327.6910098388156,0.011109129102137797,0.022634604232417335,0.6707794898686702,0.027586206896551727,False
327.73280716683047,0.01110915271016732,0.022615034959008875,0.6705879821585428,0.027586206896551727,False
327.7746044948453,0.011109176307335678,0.022595474688738352,0.6703963405931812,0.027586206896551727,False
327.8164018228601,0.011109199893641558,0.022575923422702454,0.670204565103926,0.027586206896551727,False
327.8581991508749,0.01110922346908363,0.02255638116199738,0.6700126556221929,0.027586206896551727,False
327.89999647888976,0.011109247033660596,0.0225368479077189,0.6698206120794737,0.027586206896551727,False
327.9417938069046,0.011109270587371118,0.022517323660962298,0.6696284344073378,0.027586206896551727,False
327.9835911349193,0.011109294130213875,0.022497808422822327,0.6694361225374302,0.027586206896551727,False
328.0253884629342,0.011109317662187566,0.022478302194393448,0.6692436764014746,0.027586206896551727,False
328.067185790949,0.011109341183290902,0.022458804976769484,0.6690510959312709,0.027586206896551727,False
328.1089831189638,0.011109364693522441,0.022439316771043893,0.6688583810587011,0.027586206896551727,False
328.1507804469786,0.011109388192880825,0.02241983757830953,0.6686655317157232,0.027586206896551727,False
328.1925777749934,0.011109411681364926,0.022400367399658953,0.6684725478343714,0.027586206896551727,False
328.2343751030082,0.011109435158973373,0.02238090623618404,0.6682794293467621,0.027586206896551727,False
328.27617243102304,0.011109458625704826,0.022361454088976312,0.6680861761850924,0.027586206896551727,False
328.3179697590379,0.011109482081557957,0.02234201095912682,0.6678927882816397,0.027586206896551727,False
328.35976708705266,0.011109505526531475,0.02232257684772603,0.6676992655687602,0.027586206896551727,False
328.4015644150675,0.011109528960624055,0.02230315175586397,0.6675056079788929,0.027586206896551727,False
328.4433617430823,0.011109552383834365,0.022283735684630126,0.6673118154445576,0.027586206896551727,False
328.48515907109714,0.01110957579616112,0.02226432863511351,0.6671178878983558,0.027586206896551727,False
328.5269563991119,0.011109599197602986,0.02224493060840263,0.6669238252729721,0.027586206896551727,False
328.56875372712676,0.011109622588158678,0.022225541605585507,0.6667296275011731,0.027586206896551727,False
328.6105510551416,0.011109645967826837,0.022206161627749584,0.6665352945158097,0.027586206896551727,False
328.6523483831564,0.011109669336606174,0.02218679067598189,0.666340826249816,0.027586206896551727,False
328.6941457111712,0.011109692694495398,0.02216742875136883,0.6661462226362088,0.027586206896551727,False
328.735943039186,0.011109716041493186,0.022148075854996403,0.6659514836080915,0.027586206896551727,False
328.77774036720086,0.011109739377598227,0.022128731987949932,0.6657566090986504,0.027586206896551727,False
328.8195376952156,0.011109762702809205,0.022109397151314363,0.6655615990411592,0.027586206896551727,False
328.8613350232305,0.011109786017124822,0.022090071346173985,0.6653664533689753,0.027586206896551727,False
328.9031323512453,0.011109809320543776,0.02207075457361265,0.6651711720155433,0.027586206896551727,False
328.94492967926004,0.011109832613064754,0.022051446834713554,0.6649757549143939,0.027586206896551727,False
328.9867270072749,0.01110985589468645,0.022032148130559544,0.664780201999146,0.027586206896551727,False
329.0285243352897,0.011109879165407559,0.022012858462232714,0.6645845132035045,0.027586206896551727,False
329.0703216633045,0.011109902425226807,0.021993577830814758,0.6643886884612625,0.027586206896551727,False
329.11211899131933,0.011109925674142809,0.02197430623738674,0.6641927277063034,0.027586206896551727,False
329.1539163193342,0.011109948912154175,0.02195504368302928,0.6639966308726,0.027586206896551727,False
329.19571364734895,0.011109972139259813,0.021935790168822227,0.6638003978942064,0.027586206896551727,False
329.23751097536376,0.011109995355458369,0.021916545695845117,0.6636040287052744,0.027586206896551727,False
329.27930830337857,0.01111001856074853,0.0218973102651767,0.6634075232400419,0.027586206896551727,False
329.32110563139344,0.011110041755128964,0.021878083877895305,0.6632108814328406,0.027586206896551727,False
329.36290295940825,0.011110064938598398,0.021858866535078667,0.6630141032180902,0.027586206896551727,False
329.40470028742305,0.011110088111155509,0.02183965823780391,0.6628171885303034,0.027586206896551727,False
329.44649761543786,0.011110111272799034,0.021820458987147594,0.6626201373040832,0.027586206896551727,False
329.4882949434526,0.011110134423527622,0.021801268784185736,0.6624229494741273,0.027586206896551727,False
329.5300922714675,0.011110157563340016,0.021782087629993768,0.662225624975224,0.027586206896551727,False
329.5718895994823,0.011110180692234921,0.0217629155256464,0.6620281637422538,0.027586206896551727,False
329.61368692749716,0.011110203810211052,0.02174375247221786,0.6618305657101925,0.027586206896551727,False
329.6554842555119,0.01111022691726701,0.021724598470781807,0.661632830814112,0.027586206896551727,False
329.6972815835267,0.01111025001340162,0.021705453522411287,0.6614349589891735,0.027586206896551727,False
329.7390789115416,0.011110273098613552,0.02168631762817862,0.6612369501706361,0.027586206896551727,False
329.78087623955633,0.011110296172901523,0.021667190789155785,0.661038804293855,0.027586206896551727,False
329.8226735675712,0.011110319236264212,0.021648073006413863,0.6608405212942795,0.027586206896551727,False
329.864470895586,0.011110342288700361,0.02162896428102348,0.6606421011074555,0.027586206896551727,False
329.9062682236009,0.011110365330208642,0.02160986461405465,0.6604435436690267,0.027586206896551727,False
329.94806555161557,0.011110388360787798,0.021590774006576694,0.6602448489147321,0.027586206896551727,False
329.98986287963044,0.01111041138043652,0.02157169245965833,0.6600460167804095,0.027586206896551727,False
330.03166020764525,0.011110434389153533,0.021552619974367696,0.6598470472019942,0.027586206896551727,False
330.07345753566005,0.01111045738693756,0.021533556551772318,0.6596479401155206,0.027586206896551727,False
330.1152548636749,0.011110480373787333,0.021514502192939017,0.6594486954571213,0.027586206896551727,False
330.15705219168973,0.011110503349701397,0.021495456898933972,0.6592493131630315,0.027586206896551727,False
330.1988495197045,0.01111052631467856,0.021476420670822866,0.6590497931695826,0.027586206896551727,False
330.2406468477193,0.011110549268717632,0.021457393509670467,0.6588501354132037,0.027586206896551727,False
330.2808140799416,0.011110571317241429,0.02143911695223,0.6586581344417326,0.027586206896551727,False
