time_s,position_m,C_H2,C_CH4,q_H2,q_CH4,u
0.0,0.011870224362569322,0.07065013312068902,0.12129581448478365,3.5744263067344244e-05,0.001451745129632535,0.0
0.0,0.023740448725138644,0.07065013312073047,0.12129581448474232,3.5744263067367764e-05,0.0014517451296321446,0.0
0.0,0.03561067308770797,0.07065013312077188,0.12129581448470099,3.574426306739128e-05,0.0014517451296317538,0.0
0.0,0.04748089745027729,0.07065013312081334,0.12129581448465966,3.574426306741481e-05,0.0014517451296313633,0.0
0.0,0.0593511218128466,0.07065013312085475,0.12129581448461836,3.5744263067438325e-05,0.001451745129630973,0.0
0.0,0.07122134617541594,0.07065013312089617,0.12129581448457705,3.574426306746185e-05,0.0014517451296305825,0.0
0.0,0.08309157053798526,0.0706501331209376,0.12129581448453573,3.5744263067485366e-05,0.0014517451296301922,0.0
0.0,0.09496179490055458,0.07065013312097904,0.1212958144844944,3.574426306750889e-05,0.0014517451296298016,0.0
0.0,0.1068320192631239,0.07065013312102049,0.12129581448445308,3.5744263067532434e-05,0.001451745129629411,0.0
0.0,0.1187022436256932,0.07065013312106191,0.12129581448441176,3.574426306755595e-05,0.0014517451296290206,0.0
0.0,0.13057246798826255,0.07065013312110334,0.12129581448437043,3.5744263067579475e-05,0.00145174512962863,0.0
0.0,0.14244269235083187,0.07065013312114479,0.1212958144843291,3.5744263067603e-05,0.0014517451296282395,0.0
0.0,0.15431291671340117,0.07065013312118622,0.12129581448428778,3.5744263067626536e-05,0.001451745129627849,0.0
0.0,0.16618314107597051,0.07065013312122764,0.12129581448424648,3.574426306765004e-05,0.0014517451296274585,0.0
0.0,0.17805336543853983,0.07065013312126908,0.12129581448420515,3.574426306767358e-05,0.0014517451296270681,0.0
0.0,0.18992358980110916,0.07065013312131052,0.12129581448416382,3.57442630676971e-05,0.0014517451296266776,0.0
0.0,0.20179381416367848,0.07065013312135195,0.1212958144841225,3.5744263067720624e-05,0.0014517451296262869,0.0
0.0,0.2136640385262478,0.07065013312139339,0.12129581448408117,3.574426306774416e-05,0.0014517451296258961,0.0
0.0,0.2255342628888171,0.07065013312143482,0.12129581448403985,3.574426306776768e-05,0.001451745129625506,0.0
0.0,0.2374044872513864,0.07065013312147624,0.12129581448399852,3.574426306779119e-05,0.0014517451296251153,0.0
0.0,0.24927471161395579,0.07065013312151769,0.1212958144839572,3.5744263067814726e-05,0.0014517451296247247,0.0
0.0,0.2611449359765251,0.07065013312155913,0.12129581448391587,3.574426306783826e-05,0.0014517451296243342,0.0
0.0,0.2730151603390944,0.07065013312160054,0.12129581448387455,3.5744263067861774e-05,0.0014517451296239437,0.0
0.0,0.28488538470166375,0.07065013312164199,0.12129581448383323,3.57442630678853e-05,0.0014517451296235532,0.0
0.0,0.29675560906423304,0.07065013312168342,0.1212958144837919,3.574426306790883e-05,0.0014517451296231628,0.0
0.0,0.30862583342680233,0.07065013312172486,0.12129581448375058,3.574426306793235e-05,0.0014517451296227723,0.0
0.0,0.32049605778937174,0.0706501331217663,0.12129581448370926,3.574426306795588e-05,0.0014517451296223816,0.0
0.0,0.33236628215194103,0.07065013312180775,0.12129581448366793,3.574426306797942e-05,0.0014517451296219913,0.0
0.0,0.3442365065145103,0.07065013312184916,0.1212958144836266,3.574426306800293e-05,0.0014517451296216005,0.0
0.0,0.35610673087707967,0.07065013312189061,0.12129581448358527,3.574426306802646e-05,0.00145174512962121,0.0
0.0,0.36797695523964896,0.07065013312193201,0.12129581448354397,3.5744263068049964e-05,0.0014517451296208197,0.0
0.0,0.3798471796022183,0.07065013312197342,0.12129581448350264,3.574426306807348e-05,0.001451745129620429,0.0
0.0,0.3917174039647876,0.07065013312201486,0.12129581448346131,3.574426306809701e-05,0.0014517451296200386,0.0
0.0,0.40358762832735695,0.07065013312205631,0.12129581448341999,3.5744263068120546e-05,0.0014517451296196479,0.0
0.0,0.41545785268992624,0.07065013312209774,0.12129581448337867,3.5744263068144066e-05,0.0014517451296192575,0.0
0.0,0.4273280770524956,0.07065013312213918,0.12129581448333734,3.5744263068167594e-05,0.0014517451296188668,0.0
0.0,0.4391983014150649,0.07065013312218062,0.12129581448329602,3.574426306819112e-05,0.0014517451296184765,0.0
0.0,0.4510685257776342,0.07065013312222206,0.12129581448325467,3.574426306821465e-05,0.0014517451296180857,0.0
0.0,0.4629387501402035,0.0706501331222635,0.12129581448321335,3.5744263068238175e-05,0.0014517451296176952,0.0
0.0,0.4748089745027728,0.07065013312230495,0.12129581448317202,3.574426306826171e-05,0.0014517451296173047,0.0
0.0,0.4866791988653422,0.07065013312234636,0.12129581448313072,3.574426306828522e-05,0.0014517451296169142,0.0
0.0,0.49854942322791157,0.07065013312238781,0.12129581448308939,3.574426306830876e-05,0.0014517451296165236,0.0
0.0,0.5104196475904809,0.07065013312242924,0.12129581448304806,3.5744263068332284e-05,0.0014517451296161333,0.0
0.0,0.5222898719530502,0.07065013312247066,0.12129581448300675,3.57442630683558e-05,0.0014517451296157426,0.0
0.0,0.5341600963156194,0.0706501331225121,0.12129581448296542,3.5744263068379325e-05,0.001451745129615352,0.0
0.0,0.5460303206781888,0.07065013312255354,0.12129581448292409,3.574426306840286e-05,0.0014517451296149617,0.0
0.0,0.5579005450407581,0.07065013312259498,0.12129581448288276,3.5744263068426386e-05,0.001451745129614571,0.0
0.0,0.5697707694033275,0.07065013312263639,0.12129581448284146,3.57442630684499e-05,0.0014517451296141804,0.0
0.0,0.5816409937658967,0.07065013312267783,0.12129581448280014,3.5744263068473427e-05,0.0014517451296137903,0.0
0.0,0.5935112181284661,0.07065013312271927,0.12129581448275881,3.5744263068496954e-05,0.0014517451296133994,0.0
0.0,0.6053814424910354,0.07065013312276071,0.12129581448271748,3.574426306852048e-05,0.0014517451296130089,0.0
0.0,0.6172516668536047,0.07065013312280216,0.12129581448267615,3.5744263068544015e-05,0.0014517451296126183,0.0
0.0,0.629121891216174,0.07065013312284359,0.12129581448263482,3.5744263068567535e-05,0.001451745129612228,0.0
0.0,0.6409921155787435,0.070650133122885,0.1212958144825935,3.574426306859105e-05,0.001451745129611837,0.0
0.0,0.6528623399413127,0.07065013312292645,0.12129581448255217,3.574426306861459e-05,0.001451745129611447,0.0
0.0,0.6647325643038821,0.07065013312296788,0.12129581448251084,3.57442630686381e-05,0.0014517451296110562,0.0
0.0,0.6766027886664513,0.07065013312300929,0.12129581448246955,3.574426306866162e-05,0.0014517451296106661,0.0
0.0,0.6884730130290206,0.0706501331230507,0.12129581448242825,3.5744263068685124e-05,0.0014517451296102756,0.0
0.0,0.70034323739159,0.07065013312309214,0.12129581448238692,3.574426306870866e-05,0.001451745129609885,0.0
0.0,0.7122134617541593,0.07065013312313359,0.1212958144823456,3.574426306873219e-05,0.0014517451296094945,0.0
0.0,0.7240836861167286,0.070650133123175,0.1212958144823043,3.5744263068755705e-05,0.0014517451296091042,0.0
0.0,0.7359539104792979,0.0706501331232164,0.12129581448226301,3.5744263068779205e-05,0.001451745129608714,0.0
0.0,0.7478241348418672,0.07065013312325784,0.1212958144822217,3.574426306880274e-05,0.0014517451296083236,0.0
0.0,0.7596943592044366,0.07065013312329928,0.12129581448218037,3.574426306882626e-05,0.001451745129607933,0.0
0.0,0.771564583567006,0.07065013312334069,0.12129581448213904,3.5744263068849774e-05,0.0014517451296075425,0.0
0.0,0.7834348079295752,0.07065013312338214,0.12129581448209771,3.5744263068873314e-05,0.001451745129607152,0.0
0.0,0.7953050322921447,0.07065013312342357,0.12129581448205638,3.5744263068896835e-05,0.0014517451296067615,0.0
0.0,0.8071752566547139,0.07065013312346499,0.12129581448201508,3.574426306892035e-05,0.001451745129606371,0.0
0.0,0.8190454810172833,0.07065013312350643,0.12129581448197375,3.574426306894388e-05,0.0014517451296059806,0.0
0.0,0.8309157053798525,0.07065013312354786,0.12129581448193243,3.57442630689674e-05,0.0014517451296055899,0.0
0.0,0.8427859297424218,0.07065013312358931,0.1212958144818911,3.574426306899094e-05,0.0014517451296051993,0.0
0.0,0.8546561541049912,0.07065013312363076,0.12129581448184977,3.5744263069014464e-05,0.0014517451296048086,0.0
0.0,0.8665263784675605,0.0706501331236722,0.12129581448180844,3.5744263069038e-05,0.0014517451296044183,0.0
0.0,0.8783966028301298,0.07065013312371361,0.12129581448176713,3.5744263069061505e-05,0.0014517451296040278,0.0
0.0,0.8902668271926991,0.07065013312375507,0.1212958144817258,3.574426306908505e-05,0.0014517451296036372,0.0
0.0,0.9021370515552684,0.0706501331237965,0.12129581448168447,3.574426306910857e-05,0.0014517451296032465,0.0
0.0,0.9140072759178378,0.07065013312383793,0.12129581448164317,3.5744263069132086e-05,0.0014517451296028564,0.0
0.0,0.925877500280407,0.07065013312387937,0.12129581448160184,3.574426306915562e-05,0.0014517451296024656,0.0
0.0,0.9377477246429764,0.07065013312392081,0.12129581448156052,3.574426306917915e-05,0.0014517451296020751,0.0
0.0,0.9496179490055456,0.07065013312396222,0.1212958144815192,3.574426306920266e-05,0.0014517451296016848,0.0
0.0,0.9614881733681151,0.07065013312400366,0.12129581448147787,3.574426306922619e-05,0.0014517451296012943,0.0
0.0,0.9733583977306844,0.07065013312404508,0.12129581448143657,3.57442630692497e-05,0.001451745129600904,0.0
0.0,0.9852286220932537,0.07065013312408651,0.12129581448139526,3.5744263069273236e-05,0.0014517451296005134,0.0
0.0,0.9970988464558231,0.07065013312412795,0.12129581448135393,3.574426306929676e-05,0.001451745129600123,0.0
0.0,1.0089690708183923,0.07065013312437625,0.12129581448110141,3.574426306944197e-05,0.0014517451295973825,0.0
0.0,1.0208392951809617,0.0706501331266424,0.12129581447878872,3.5744263070770736e-05,0.0014517451295720807,0.0
0.0,1.032709519543531,0.07065013314630121,0.12129581445872348,3.574426308229368e-05,0.00145174512935273,0.0
0.0,1.0445797439061004,0.07065013331567263,0.12129581428585001,3.5744263181568697e-05,0.001451745127463135,0.0
0.0,1.0564499682686697,0.07065013477360012,0.12129581279777855,3.574426403611223e-05,0.0014517451111980214,0.0
0.0,1.068320192631239,0.07065014732190615,0.1212957999900226,3.5744271391121966e-05,0.0014517449712052762,0.0
0.0,1.0801904169938081,0.07065025532304728,0.12129568975584247,3.5744334694452277e-05,0.001451743766311713,0.0
0.0,1.0920606413563776,0.07065118485747983,0.12129474100230113,3.574487952878263e-05,0.0014517333961406181,0.0
0.0,1.1039308657189468,0.07065918421457526,0.12128657625065532,3.574956831793461e-05,0.0014516441526653129,0.0
0.0,1.1158010900815163,0.07072796011261706,0.12121637838999649,3.578988631545564e-05,0.0014508768514783792,0.0
0.0,1.1276713144440855,0.07131453968375591,0.12061767445103022,3.613413863772033e-05,0.00144433155691583,0.0
0.0,1.139541538806655,0.07600121761455249,0.1158343200601452,3.890966601880842e-05,0.0013919464289518383,0.0
0.0,1.1514117631692242,0.10134835454426473,0.0899682251294771,5.472331181849399e-05,0.001103519711084946,0.0
0.0,1.1632819875317935,0.14995691925175533,0.04037297520110675,8.916765893890214e-05,0.0005143403535240345,0.0
0.0,1.175152211894363,0.1788054099071359,0.010941181269406889,0.0001123340761914487,0.00014204552858577412,0.0
0.0,1.1870224362569322,0.18715207368304648,0.002425923774880105,0.0001194227274885859,3.164980643327295e-05,0.0
1.8547225566514565,0.011870224362569322,0.07065013312945158,0.12129581448488091,3.574426307172977e-05,0.0014517451296325356,0.192
1.8547225566514565,0.023740448725138644,0.07065013313617312,0.12129581448492115,3.5744263075092095e-05,0.001451745129632145,0.192
1.8547225566514565,0.03561067308770797,0.07065013314992578,0.12129581448504548,3.574426308196947e-05,0.0014517451296317543,0.192
1.8547225566514565,0.04748089745027729,0.07065013317780018,0.12129581448534063,3.574426309590732e-05,0.0014517451296313637,0.192
1.8547225566514565,0.0593511218128466,0.07065013323371194,0.12129581448599276,3.574426312386352e-05,0.0014517451296311534,0.192
1.8547225566514565,0.07122134617541594,0.0706501333446554,0.12129581448738276,3.574426317933568e-05,0.001451745129631601,0.192
1.8547225566514565,0.08309157053798526,0.07065013356238914,0.12129581449011681,3.5744263288214387e-05,0.0014517451296325579,0.192
1.8547225566514565,0.09496179490055458,0.07065013398497613,0.12129581449546942,3.5744263499550245e-05,0.001451745129634845,0.192
1.8547225566514565,0.1068320192631239,0.07065013479594486,0.12129581450578351,3.5744263905156106e-05,0.0014517451296396401,0.192
1.8547225566514565,0.1187022436256932,0.07065013633453533,0.1212958145253872,3.5744264674761446e-05,0.001451745129649069,0.192
1.8547225566514565,0.13057246798826255,0.07065013921993192,0.12129581456218677,3.574426611819263e-05,0.0014517451296671051,0.192
1.8547225566514565,0.14244269235083187,0.07065014456780626,0.12129581463042542,3.574426879377167e-05,0.0014517451297008583,0.192
1.8547225566514565,0.15431291671340117,0.07065015436219317,0.12129581475543233,3.574427369449452e-05,0.0014517451297630178,0.192
1.8547225566514565,0.16618314107597051,0.07065017208441214,0.12129581498165015,3.5744282562940136e-05,0.0014517451298758212,0.192
1.8547225566514565,0.17805336543853983,0.07065020376002537,0.121295815385999,3.5744298415563475e-05,0.0014517451300777842,0.192
1.8547225566514565,0.18992358980110916,0.07065025967341719,0.12129581609975951,3.5744326401434386e-05,0.0014517451304346353,0.192
1.8547225566514565,0.20179381416367848,0.07065035712851996,0.12129581734380798,3.574437518512206e-05,0.0014517451310569725,0.192
1.8547225566514565,0.2136640385262478,0.07065052481618822,0.1212958194843555,3.57444591346789e-05,0.0014517451321281916,0.192
1.8547225566514565,0.2255342628888171,0.07065080959696741,0.12129582311950682,3.5744601720188604e-05,0.001451745133947852,0.192
1.8547225566514565,0.2374044872513864,0.0706512868330442,0.1212958292111093,3.5744840691426625e-05,0.0014517451369977636,0.192
1.8547225566514565,0.24927471161395579,0.0706520758078736,0.12129583928151072,3.5745235806311764e-05,0.0014517451420405652,0.192
1.8547225566514565,0.2611449359765251,0.0706533622434341,0.12129585570088061,3.574588011857829e-05,0.001451745150263813,0.192
1.8547225566514565,0.2730151603390944,0.07065543042300618,0.12129588209706156,3.5746916083344815e-05,0.0014517451634854376,0.192
1.8547225566514565,0.28488538470166375,0.0706587078695907,0.1212959239255884,3.574855796181968e-05,0.0014517451844395745,0.192
1.8547225566514565,0.29675560906423304,0.0706638257753033,0.12129598924061048,3.5751122130455845e-05,0.0014517452171632517,0.192
1.8547225566514565,0.30862583342680233,0.07067169820905504,0.12129608970530283,3.575506681696705e-05,0.0014517452675032972,0.192
1.8547225566514565,0.32049605778937174,0.07068362224733493,0.1212962418690636,3.576104234452442e-05,0.0014517453437571791,0.192
1.8547225566514565,0.33236628215194103,0.0707013991938627,0.1212964687135584,3.5769951974209995e-05,0.0014517454574490367,0.192
1.8547225566514565,0.3442365065145103,0.07072747354438273,0.12129680142483974,3.578302167620287e-05,0.0014517456242193628,0.192
1.8547225566514565,0.35610673087707967,0.07076508089265783,0.12129728127915299,3.5801874420574385e-05,0.0014517458647722854,0.192
1.8547225566514565,0.36797695523964896,0.07081838826840996,0.12129796143168815,3.5828600710287546e-05,0.001451746205774557,0.192
1.8547225566514565,0.3798471796022183,0.07089260044278843,0.12129890827060213,3.586581207873766e-05,0.001451746680536961,0.192
1.8547225566514565,0.3917174039647876,0.07099399402335654,0.12130020184924814,3.591665838825796e-05,0.001451747329233596,0.192
1.8547225566514565,0.40358762832735695,0.071129828899858,0.12130193475325088,3.598478360347156e-05,0.0014517481983360677,0.192
1.8547225566514565,0.41545785268992624,0.07130807591406749,0.12130420862287936,3.6074189341653806e-05,0.0014517493388710712,0.192
1.8547225566514565,0.4273280770524956,0.07153689361807926,0.12130712747470739,3.618897248677215e-05,0.0014517508030713934,0.192
1.8547225566514565,0.4391983014150649,0.07182378961752584,0.12131078700042486,3.633290449155296e-05,0.0014517526390079077,0.192
1.8547225566514565,0.4510685257776342,0.07217441765041105,0.12131525922056514,3.650882788836522e-05,0.0014517548828905152,0.192
1.8547225566514565,0.4629387501402035,0.0725909942132663,0.12132057228781941,3.67178619827922e-05,0.0014517575489363989,0.192
1.8547225566514565,0.4748089745027728,0.07307037060954556,0.12132668589882467,3.6958435894697664e-05,0.0014517606170379037,0.192
1.8547225566514565,0.4866791988653422,0.07360186710978299,0.12133346367654813,3.72252026648581e-05,0.001451764018915798,0.192
1.8547225566514565,0.49854942322791157,0.07416506033346495,0.12134064496190375,3.750793040175068e-05,0.0014517676239826655,0.192
1.8547225566514565,0.5104196475904809,0.07472780233805865,0.12134781956707467,3.7790509973262196e-05,0.0014517712266959625,0.192
1.8547225566514565,0.5222898719530502,0.07524482404711615,0.12135440998776068,3.8050255385149534e-05,0.0014517745376470424,0.192
1.8547225566514565,0.5341600963156194,0.07565731633000455,0.1213596660892059,3.825769264106561e-05,0.001451777180882751,0.192
1.8547225566514565,0.5460303206781888,0.07589386826763121,0.12136267710366423,3.837702525280845e-05,0.0014517786998576982,0.192
1.8547225566514565,0.5579005450407581,0.0758730571106908,0.1213624046913114,3.836742166567603e-05,0.0014517785738685145,0.192
1.8547225566514565,0.5697707694033275,0.0755078213829651,0.12135773873594694,3.818518880214893e-05,0.0014517762457855142,0.192
1.8547225566514565,0.5816409937658967,0.07471151593503068,0.12134757457969006,3.7786781326074776e-05,0.0014517711604373346,0.192
1.8547225566514565,0.5935112181284661,0.07340527186867812,0.12133090688290038,3.7132461259581504e-05,0.001451762811281544,0.192
1.8547225566514565,0.6053814424910354,0.07152600795878189,0.12130693177371263,3.6190287989864856e-05,0.0014517507912796112,0.192
1.8547225566514565,0.6172516668536047,0.06903421642533562,0.121275146100238,3.4940009594020966e-05,0.0014517348425036633,0.192
1.8547225566514565,0.629121891216174,0.06592052711086965,0.12123543108659787,3.3376367337690275e-05,0.0014517148982510207,0.192
1.8547225566514565,0.6409921155787435,0.06221007984368108,0.12118810802508027,3.151133464122115e-05,0.0014516911115637619,0.192
1.8547225566514565,0.6528623399413127,0.05796392067964041,0.12113395601028452,2.9374897464637932e-05,0.001451663865145184,0.192
1.8547225566514565,0.6647325643038821,0.053276969349717984,0.12107418595175042,2.7014139244844993e-05,0.001451633759656462,0.192
1.8547225566514565,0.6766027886664513,0.048272538471021656,0.1210103706265937,2.4490601166358404e-05,0.0014516015800258683,0.192
1.8547225566514565,0.6884730130290206,0.043093853348417026,0.12094433650386183,2.1876117891927346e-05,0.0014515682423267408,0.192
1.8547225566514565,0.70034323739159,0.03789344769559819,0.1208780285085074,1.9247544114787993e-05,0.0014515347265239432,0.192
1.8547225566514565,0.7122134617541593,0.03282162256202491,0.12081336286735751,1.66809524463175e-05,0.0014515020024930664,0.192
1.8547225566514565,0.7240836861167286,0.028015297874721148,0.1207520849876458,1.4245968332314357e-05,0.0014514709578004128,0.192
1.8547225566514565,0.7359539104792979,0.023588530841605573,0.12069564861132774,1.2000894908419066e-05,0.001451442335566864,0.192
1.8547225566514565,0.7478241348418672,0.01962572914992286,0.12064512934441134,9.989168301251721e-06,0.0014514166893038402,0.192
1.8547225566514565,0.7596943592044366,0.016178189322925866,0.12060118058914594,8.237488439001245e-06,0.0014513943591159119,0.192
1.8547225566514565,0.771564583567006,0.013264109493463336,0.12056403377222148,6.755725083990455e-06,0.0014513754705363549,0.192
1.8547225566514565,0.7834348079295752,0.01087174489917049,0.12053353863106733,5.538447439992036e-06,0.001451359954057314,0.192
1.8547225566514565,0.7953050322921447,0.008964976916365738,0.12050923425494084,4.567713836979464e-06,0.0014513475807156153,0.192
1.8547225566514565,0.8071752566547139,0.007490317774558607,0.12049043841021356,3.816622381723767e-06,0.0014513380073659953,0.192
1.8547225566514565,0.8190454810172833,0.0063843062364086845,0.12047634182917484,3.253083366049603e-06,0.0014513308247523567,0.192
1.8547225566514565,0.8309157053798525,0.005580358429397883,0.1204660955284269,2.8433274022378113e-06,0.0014513256021249752,0.192
1.8547225566514565,0.8427859297424218,0.005014380931507665,0.12045888230393678,2.5547878195791707e-06,0.001451321923578891,0.192
1.8547225566514565,0.8546561541049912,0.004628765373041883,0.12045396746609244,2.3581574167520253e-06,0.0014513194127688063,0.192
1.8547225566514565,0.8665263784675605,0.004374695287716646,0.12045072762771779,2.2285811972841465e-06,0.0014513177427116484,0.192
1.8547225566514565,0.8783966028301298,0.004212948951069462,0.12044865885726436,2.1460778743094627e-06,0.0014513166224646168,0.192
1.8547225566514565,0.8902668271926991,0.004113542487982642,0.12044736529057856,2.095366080522319e-06,0.0014513157328754293,0.192
1.8547225566514565,0.9021370515552684,0.004054618702130486,0.12044652338349933,2.0653029555387055e-06,0.0014513145228183366,0.192
1.8547225566514565,0.9140072759178378,0.004020964545838059,0.12044579810945166,2.048131401117345e-06,0.0014513116066524007,0.192
1.8547225566514565,0.925877500280407,0.00400246279239028,0.12044463821857133,2.0386928514359336e-06,0.0014513030595816718,0.192
1.8547225566514565,0.9377477246429764,0.00399268301570137,0.12044176105236899,2.0337113832123634e-06,0.001451277841844708,0.192
1.8547225566514565,0.9496179490055456,0.003987719801252192,0.12043388555531956,2.031206166400214e-06,0.0014512062581866821,0.192
1.8547225566514565,0.9614881733681151,0.003985308908018886,0.12041278977825395,2.0300515213472967e-06,0.001451012869898644,0.192
1.8547225566514565,0.9733583977306844,0.003984201405976334,0.12035899275096551,2.0296807845104144e-06,0.0014505179705201934,0.192
1.8547225566514565,0.9852286220932537,0.003983750156710931,0.1202294462956288,2.0299205313042617e-06,0.0014493228894577439,0.192
1.8547225566514565,0.9970988464558231,0.003983656148460882,0.11993631025150368,2.0309397670851156e-06,0.0014466103909417205,0.192
1.8547225566514565,1.0089690708183923,0.0039838261786872935,0.11931585431222824,2.033294786662157e-06,0.0014408466484225164,0.192
1.8547225566514565,1.0208392951809617,0.003984300884390947,0.11809299737438098,2.038033710719187e-06,0.0014294238236370127,0.192
1.8547225566514565,1.032709519543531,0.003985218519910861,0.11585833558750837,2.0467923725909807e-06,0.0014083735564605748,0.192
1.8547225566514565,1.0445797439061004,0.003986785062541211,0.11208507063858325,2.061783193549907e-06,0.0013723655639288847,0.192
1.8547225566514565,1.0564499682686697,0.003989229568959601,0.10621036036964332,2.085587918733709e-06,0.0013151921476742697,0.192
1.8547225566514565,1.068320192631239,0.00399273918437829,0.09777989425023466,2.1207325936051045e-06,0.001230783117900087,0.192
1.8547225566514565,1.0801904169938081,0.003997386539350344,0.08661743976911619,2.1691046567182823e-06,0.0011146034201253842,0.192
1.8547225566514565,1.0920606413563776,0.004003071109286195,0.07296378108257148,2.2312844131713495e-06,0.000965257940096847,0.192
1.8547225566514565,1.1039308657189468,0.004009489149211242,0.057548225634244575,2.3057925457596195e-06,0.0007862986017890401,0.192
1.8547225566514565,1.1158010900815163,0.004016135636171815,0.041583696208249886,2.3882410443905894e-06,0.0005882637773576379,0.192
1.8547225566514565,1.1276713144440855,0.004022346826070498,0.026664447206251406,2.4706875481361932e-06,0.0003902295398824383,0.192
1.8547225566514565,1.139541538806655,0.00402741921333363,0.014480335349852028,2.542318296628254e-06,0.00021817023134931856,0.192
1.8547225566514565,1.1514117631692242,0.004030849412697117,0.006240639842854833,2.593179122534777e-06,9.599764981386782e-05,0.192
1.8547225566514565,1.1632819875317935,0.004032626012917851,0.0019729606519412243,2.6203611198117706e-06,3.070220494394158e-05,0.192
1.8547225566514565,1.175152211894363,0.0040332702241088515,0.00042543235459333826,2.6303720633448435e-06,6.653858988551643e-06,0.192
1.8547225566514565,1.1870224362569322,0.00403342497901001,5.367337101509583e-05,2.632791520548745e-06,8.417336802400594e-07,0.192
3.709445113302913,0.011870224362569322,0.0688575627621466,0.12127293216788004,3.484663680705382e-05,0.0014517336713158783,0.192
3.709445113302913,0.023740448725138644,0.06762792503945943,0.12125724808391017,3.4229237990349684e-05,0.001451725796358858,0.192
3.709445113302913,0.03561067308770797,0.06615788791489055,0.12123849848058788,3.349084068846559e-05,0.001451716378453556,0.192
3.709445113302913,0.04748089745027729,0.06443890728123318,0.12121657453298675,3.2627025661614385e-05,0.0014517053613105945,0.192
3.709445113302913,0.0593511218128466,0.062468391791465794,0.12119144333357555,3.163634275453769e-05,0.0014516927265064688,0.192
3.709445113302913,0.07122134617541594,0.06025035845104748,0.12116315624623833,3.0520646035891306e-05,0.0014516784977541858,0.192
3.709445113302913,0.08309157053798526,0.0577958179629448,0.12113185381347898,2.9285296171828285e-05,0.0014516627434805996,0.192
3.709445113302913,0.09496179490055458,0.05512284670160965,0.12109776666731438,2.7939207997087793e-05,0.0014516455774296966,0.192
3.709445113302913,0.1068320192631239,0.05225632088686307,0.1210612121327533,2.6494730202073355e-05,0.0014516271571248206,0.192
3.709445113302913,0.1187022436256932,0.04922731016754878,0.12102258648880106,2.4967354537042634e-05,0.00145160768015752,0.192
3.709445113302913,0.13057246798826255,0.046072150690013865,0.1209823531433751,2.33752631568481e-05,0.0014515873784127374,0.192
3.709445113302913,0.14244269235083187,0.04283123994245847,0.1209410272618145,2.173873381154033e-05,0.0014515665104820473,0.192
3.709445113302913,0.15431291671340117,0.03954761537873381,0.12089915763989911,2.0079432632587014e-05,0.0014515453526442682,0.192
3.709445113302913,0.16618314107597051,0.03626539437170817,0.12085730681047702,1.8419632433351817e-05,0.001451524188897389,0.192
3.709445113302913,0.17805336543853983,0.03302816310328124,0.12081603050083557,1.678140002811368e-05,0.0014515033005962775,0.192
3.709445113302913,0.18992358980110916,0.029877405694243173,0.12077585760499117,1.5185798561841346e-05,0.0014514829562826737,0.192
3.709445113302913,0.20179381416367848,0.026851061868438567,0.12073727179657394,1.3652149963170892e-05,0.0014514634022827434,0.192
3.709445113302913,0.2136640385262478,0.023982291948493616,0.12070069578675188,1.2197398394911406e-05,0.0014514448545932274,0.192
3.709445113302913,0.2255342628888171,0.02129851276173749,0.1206664790374637,1.0835608282814828e-05,0.0014514274924839338,0.192
3.709445113302913,0.2374044872513864,0.018820748358180723,0.12063488948933572,9.577620738976454e-06,0.0014514114541204412,0.192
3.709445113302913,0.24927471161395579,0.016563316967563847,0.1206061095769615,8.43088078625699e-06,0.0014513968343644443,0.192
3.709445113302913,0.2611449359765251,0.014533852263929574,0.12058023650649412,7.399435728505643e-06,0.0014513836847563416,0.192
3.709445113302913,0.2730151603390944,0.012733634755007174,0.12055728648676915,6.484093363202699e-06,0.0014513720155355239,0.192
3.709445113302913,0.28488538470166375,0.011158189839639714,0.12053720235952038,5.682718520487716e-06,0.0014513617994238086,0.192
3.709445113302913,0.29675560906423304,0.009798094331478819,0.12051986388636995,4.990638498815143e-06,0.0014513529767967506,0.192
3.709445113302913,0.30862583342680233,0.008639924097038017,0.12050509983370343,4.4011229574699765e-06,0.001451345461803553,0.192
3.709445113302913,0.32049605778937174,0.007667272366924181,0.12049270095729575,3.905901998328593e-06,0.0014513391489732184,0.192
3.709445113302913,0.33236628215194103,0.006861771077842226,0.12048243302434421,3.495687452030506e-06,0.0014513339198609994,0.192
3.709445113302913,0.3442365065145103,0.006204055522740009,0.12047404911159752,3.160666380380538e-06,0.0014513296493398327,0.192
3.709445113302913,0.35610673087707967,0.005674624388379153,0.12046730056889411,2.890941864039985e-06,0.0014513262112195748,0.192
3.709445113302913,0.36797695523964896,0.005254561413454905,0.12046194621778744,2.676903452708007e-06,0.0014513234829688206,0.192
3.709445113302913,0.3798471796022183,0.004926099792943361,0.12045775954494317,2.5095173619307516e-06,0.00145132134941356,0.192
3.709445113302913,0.3917174039647876,0.004673024591819878,0.12045453383013162,2.380533820679439e-06,0.0014513197053794226,0.192
3.709445113302913,0.40358762832735695,0.0044809206048248154,0.12045208530384945,2.2826152747854546e-06,0.0014513184573249755,0.192
3.709445113302913,0.41545785268992624,0.004337282491645969,0.12045025454927591,2.2093940094318154e-06,0.0014513175240751792,0.192
3.709445113302913,0.4273280770524956,0.004231510242979672,0.12044890644263669,2.1554709720841672e-06,0.0014513168368055249,0.192
3.709445113302913,0.4391983014150649,0.004154816112726611,0.12044792896520268,2.116369169827774e-06,0.0014513163384471028,0.192
3.709445113302913,0.4510685257776342,0.004100069436023447,0.12044723122377701,2.088455166888154e-06,0.00145131598268519,0.192
3.709445113302913,0.4629387501402035,0.0040616038176603305,0.12044674099180747,2.068841218632724e-06,0.0014513157327112297,0.192
3.709445113302913,0.4748089745027728,0.0040350077064268824,0.1204464020389905,2.0552788020519397e-06,0.001451315559865207,0.192
3.709445113302913,0.4866791988653422,0.004016915058555117,0.12044617146226663,2.0460520950029195e-06,0.0014513154422775485,0.192
3.709445113302913,0.49854942322791157,0.004004808250525827,0.12044601717315971,2.039877631767009e-06,0.0014513153635897459,0.192
3.709445113302913,0.5104196475904809,0.003996841110308995,0.12044591564175719,2.0358141674584256e-06,0.0014513153118054381,0.192
3.709445113302913,0.5222898719530502,0.003991686225240916,0.1204458499502367,2.0331848862554574e-06,0.0014513152782985972,0.192
3.709445113302913,0.5341600963156194,0.0039884077318913325,0.1204458081713237,2.031512578734251e-06,0.0014513152569873564,0.192
3.709445113302913,0.5460303206781888,0.003986358646474005,0.12044578205959867,2.0304673159689976e-06,0.0014513152436669648,0.192
3.709445113302913,0.5579005450407581,0.003985100403792793,0.12044576602593403,2.029825436839631e-06,0.0014513152354870822,0.192
3.709445113302913,0.5697707694033275,0.003984341525739059,0.12044575635577194,2.029438282497543e-06,0.0014513152305531973,0.192
3.709445113302913,0.5816409937658967,0.003983892093850553,0.12044575062886721,2.0292089850511755e-06,0.0014513152276308487,0.192
3.709445113302913,0.5935112181284661,0.0039836308069819875,0.1204457472994408,2.0290756709715364e-06,0.0014513152259315767,0.192
3.709445113302913,0.6053814424910354,0.003983481731231909,0.12044574539985707,2.0289996053442068e-06,0.00145131522496174,0.192
3.709445113302913,0.6172516668536047,0.003983398285822697,0.12044574433653178,2.0289570252296415e-06,0.001451315224418405,0.192
3.709445113302913,0.629121891216174,0.003983352474734008,0.12044574375268097,2.0289336477423095e-06,0.0014513152241191825,0.192
3.709445113302913,0.6409921155787435,0.0039833278157872885,0.1204457434381369,2.0289210635754276e-06,0.0014513152239555853,0.192
3.709445113302913,0.6528623399413127,0.003983314805904312,0.12044574327132165,2.0289144239158574e-06,0.0014513152238613965,0.192
3.709445113302913,0.6647325643038821,0.003983308080441238,0.1204457431822956,2.0289109913731764e-06,0.0014513152237873308,0.192
3.709445113302913,0.6766027886664513,0.003983304675022741,0.12044574312826285,2.0289092532571954e-06,0.0014513152236683433,0.192
3.709445113302913,0.6884730130290206,0.003983302986687469,0.12044574307340188,2.0289083915916002e-06,0.0014513152233537397,0.192
3.709445113302913,0.70034323739159,0.003983302167462194,0.12044574296029381,2.028907973776895e-06,0.0014513152224126674,0.192
3.709445113302913,0.7122134617541593,0.003983301778663893,0.12044574264638946,2.028907776408608e-06,0.001451315219591248,0.192
3.709445113302913,0.7240836861167286,0.003983301598514924,0.12044574173621685,2.028907687700921e-06,0.0014513152112972212,0.192
3.709445113302913,0.7359539104792979,0.003983301517736129,0.12044573913261718,2.028907655818973e-06,0.0014513151874970354,0.192
3.709445113302913,0.7478241348418672,0.003983301484551843,0.12044573186013297,2.0289076650578578e-06,0.0014513151209205057,0.192
3.709445113302913,0.7596943592044366,0.003983301477213193,0.1204457120707654,2.028907732643551e-06,0.001451314939540905,0.192
3.709445113302913,0.771564583567006,0.003983301492561496,0.12044565966978492,2.0289079295933877e-06,0.001451314458703869,0.192
3.709445113302913,0.7834348079295752,0.003983301546185023,0.12044552477698495,2.028908444384428e-06,0.0014513132194831978,0.192
3.709445113302913,0.7953050322921447,0.003983301685726122,0.12044518752768678,2.0289097357014115e-06,0.001451310117678889,0.192
3.709445113302913,0.8071752566547139,0.0039833020261593605,0.12044436949690918,2.0289128725255254e-06,0.001451302585175949,0.192
3.709445113302913,0.8190454810172833,0.003983302826968135,0.12044244660533834,2.028920254898932e-06,0.0014512848582057215,0.192
3.709445113302913,0.8309157053798525,0.0039833046490270994,0.12043807159119212,2.028937071177672e-06,0.0014512444774355529,0.192
3.709445113302913,0.8427859297424218,0.003983308656205214,0.1204284493716917,2.02897410017486e-06,0.001451155558459047,0.192
3.709445113302913,0.8546561541049912,0.003983317163206395,0.12040802123084458,2.029052809662491e-06,0.0014509665474032965,0.192
3.709445113302913,0.8665263784675605,0.003983334569879164,0.1203662209074516,2.029214073540553e-06,0.0014505792856300236,0.192
3.709445113302913,0.8783966028301298,0.00398336884251715,0.12028391695551557,2.0295320445718197e-06,0.0014498156918494845,0.192
3.709445113302913,0.8902668271926991,0.003983433664741223,0.12012824682418193,2.0301344256082977e-06,0.0014483690755558983,0.192
3.709445113302913,0.9021370515552684,0.003983551228703771,0.11984591276341354,2.031229097168873e-06,0.001445740181589194,0.192
3.709445113302913,0.9140072759178378,0.003983755324755573,0.11935576042976312,2.0331344025869626e-06,0.0014411644460137671,0.192
3.709445113302913,0.925877500280407,0.003984093931405761,0.11854255708313434,2.0363065652870665e-06,0.0014335461348598652,0.192
3.709445113302913,0.9377477246429764,0.003984630056921545,0.1172549684517542,2.0413540322557334e-06,0.0014214238788779344,0.192
3.709445113302913,0.9496179490055456,0.003985439439354118,0.1153110809076613,2.049027434800499e-06,0.0014029947694359467,0.192
3.709445113302913,0.9614881733681151,0.00398660419972841,0.1125136439750404,2.0601776758115014e-06,0.0013762150127843505,0.192
3.709445113302913,0.9733583977306844,0.003988202736751003,0.10867434140622412,2.0756834307248448e-06,0.0013389740568678658,0.192
3.709445113302913,0.9852286220932537,0.003990297624937999,0.10364285944000472,2.096359369637222e-06,0.0012893150345934833,0.192
3.709445113302913,0.9970988464558231,0.003992924217941769,0.0973342626788996,2.1228617100651324e-06,0.0012256616274985016,0.192
3.709445113302913,1.0089690708183923,0.003996082414206932,0.08974877498888076,2.155604319537678e-06,0.0011470195927374106,0.192
3.709445113302913,1.0208392951809617,0.0039997326887016285,0.08098131334267292,2.1946878979041907e-06,0.0010531468703050045,0.192
3.709445113302913,1.032709519543531,0.00400379584010514,0.07122209652595037,2.2398328517007677e-06,0.0009447148153889199,0.192
3.709445113302913,1.0445797439061004,0.004008154911465763,0.06075203244936273,2.290300468247024e-06,0.0008234975289747934,0.192
3.709445113302913,1.0564499682686697,0.004012657959028398,0.0499360679302109,2.344792742155053e-06,0.0006926124673885558,0.192
3.709445113302913,1.068320192631239,0.0040171217902695115,0.03921421115273218,2.4013439946657953e-06,0.0005567807841852408,0.192
3.709445113302913,1.0801904169938081,0.004021339164880428,0.029084237952654034,2.4572623405441915e-06,0.0004224679818804289,0.192
3.709445113302913,1.0920606413563776,0.004025094529771243,0.02006390186310867,2.5092421396756148e-06,0.0002976139239720602,0.192
3.709445113302913,1.1039308657189468,0.004028194183348862,0.012618486362493613,2.5538101279421213e-06,0.00019056139963549533,0.192
3.709445113302913,1.1158010900815163,0.004030511771984079,0.007051525920935626,2.588184160921595e-06,0.00010799354451475498,0.192
3.709445113302913,1.1276713144440855,0.004032035415721715,0.0033916033138681094,2.6113055467321303e-06,5.245409076972501e-05,0.192
3.709445113302913,1.139541538806655,0.004032884808779109,0.0013512553535975692,2.624389072908089e-06,2.1025855836318087e-05,0.192
3.709445113302913,1.1514117631692242,0.004033269889178289,0.0004262293804267535,2.630371579836338e-06,6.6549022758572485e-06,0.192
3.709445113302913,1.1632819875317935,0.0040334053666528005,0.00010078552149402235,2.6324856146175513e-06,1.5765705270371701e-06,0.192
3.709445113302913,1.175152211894363,0.004033440397205098,1.663403720353555e-05,2.6330334824061626e-06,2.60465511887498e-07,0.192
3.709445113302913,1.1870224362569322,0.004033446538349541,1.8813975892875604e-06,2.6331296710984883e-06,2.9395050735621875e-08,0.192
5.564167669954369,0.011870224362569322,0.004039681175199095,0.12044646167280845,2.057653316654541e-06,0.0014513155901784895,0.192
5.564167669954369,0.023740448725138644,0.004023563992977516,0.12044625625120363,2.0494365553229135e-06,0.0014513154854513106,0.192
5.564167669954369,0.03561067308770797,0.004011776228405077,0.12044610601200288,2.043426754011228e-06,0.001451315408853859,0.192
5.564167669954369,0.04748089745027729,0.00400324272953176,0.12044599725085678,2.0390759197510168e-06,0.0014513153534011915,0.192
5.564167669954369,0.0593511218128466,0.003997128558219055,0.12044591932544484,2.035958469907784e-06,0.001451315313668724,0.192
5.564167669954369,0.07122134617541594,0.003992793216109393,0.1204458640719457,2.0337479139993296e-06,0.0014513152854949897,0.192
5.564167669954369,0.08309157053798526,0.003989751322481729,0.12044582530376644,2.0321968195275328e-06,0.0014513152657262495,0.192
5.564167669954369,0.09496179490055458,0.003987639496341472,0.12044579838937385,2.0311199369168905e-06,0.0014513152520013845,0.192
5.564167669954369,0.1068320192631239,0.003986188977351377,0.12044577990328546,2.030380247331016e-06,0.00145131524257401,0.192
5.564167669954369,0.1187022436256932,0.003985203387035521,0.1204457673425988,2.0298776290006144e-06,0.0014513152361680538,0.192
5.564167669954369,0.13057246798826255,0.003984540968001455,0.12044575890059943,2.029539805037901e-06,0.0014513152318623495,0.192
5.564167669954369,0.14244269235083187,0.0039841006290254,0.12044575328888214,2.0293152305156476e-06,0.0014513152289999315,0.192
5.564167669954369,0.15431291671340117,0.003983811152777441,0.12044574959980071,2.029167591221374e-06,0.0014513152271180062,0.192
5.564167669954369,0.16618314107597051,0.00398362297744801,0.12044574720170777,2.029071614182298e-06,0.001451315225894458,0.192
5.564167669954369,0.17805336543853983,0.003983502032495362,0.12044574566039597,2.0290099251411405e-06,0.001451315225107882,0.192
5.564167669954369,0.18992358980110916,0.003983425183467263,0.12044574468103378,2.0289707262092644e-06,0.00145131522460792,0.192
5.564167669954369,0.20179381416367848,0.003983376914980839,0.12044574406589162,2.028946104676078e-06,0.00145131522429373,0.192
5.564167669954369,0.2136640385262478,0.003983346950168463,0.12044574368400313,2.0289308192161525e-06,0.0014513152240985244,0.192
5.564167669954369,0.2255342628888171,0.003983328566648135,0.12044574344969894,2.0289214411964387e-06,0.0014513152239786055,0.192
5.564167669954369,0.2374044872513864,0.0039833174221548615,0.12044574330764417,2.028915755832371e-06,0.001451315223905756,0.192
5.564167669954369,0.24927471161395579,0.003983310747170071,0.12044574322254457,2.02891235046708e-06,0.0014513152238619601,0.192
5.564167669954369,0.2611449359765251,0.00398330679768458,0.12044574317217675,2.028910335493306e-06,0.0014513152238358855,0.192
5.564167669954369,0.2730151603390944,0.003983304489498873,0.12044574314272465,2.028909157846509e-06,0.0014513152238205072,0.192
5.564167669954369,0.28488538470166375,0.00398330315727409,0.12044574312570672,2.028908478115279e-06,0.0014513152238114476,0.192
5.564167669954369,0.29675560906423304,0.003983302398010448,0.12044574311598305,2.028908090708084e-06,0.0014513152238060487,0.192
5.564167669954369,0.30862583342680233,0.003983301970801703,0.12044574311049762,2.0289078727210715e-06,0.0014513152238028754,0.192
5.564167669954369,0.32049605778937174,0.003983301733538101,0.12044574310742896,2.028907751650968e-06,0.001451315223800897,0.192
5.564167669954369,0.33236628215194103,0.003983301603505456,0.12044574310573629,2.0289076852959486e-06,0.001451315223799719,0.192
5.564167669954369,0.3442365065145103,0.003983301533206637,0.12044574310484811,2.0289076494213674e-06,0.0014513152237993303,0.192
5.564167669954369,0.35610673087707967,0.003983301495737236,0.12044574310435426,2.0289076302994716e-06,0.0014513152237989374,0.192
5.564167669954369,0.36797695523964896,0.003983301476066012,0.12044574310407527,2.0289076202602266e-06,0.001451315223798541,0.192
5.564167669954369,0.3798471796022183,0.003983301465911122,0.12044574310391,2.0289076150774768e-06,0.0014513152237981403,0.192
5.564167669954369,0.3917174039647876,0.003983301460773109,0.1204457431038052,2.028907612455099e-06,0.0014513152237977344,0.192
5.564167669954369,0.40358762832735695,0.003983301458241933,0.12044574310373135,2.0289076111631758e-06,0.0014513152237973256,0.192
5.564167669954369,0.41545785268992624,0.003983301457045045,0.12044574310367336,2.0289076105522587e-06,0.0014513152237969151,0.192
5.564167669954369,0.4273280770524956,0.003983301456520221,0.1204457431036234,2.028907610284376e-06,0.0014513152237965044,0.192
5.564167669954369,0.4391983014150649,0.003983301456328198,0.1204457431035774,2.0289076101863634e-06,0.0014513152237960937,0.192
5.564167669954369,0.4510685257776342,0.003983301456297831,0.12044574310353288,2.0289076101708754e-06,0.0014513152237956815,0.192
5.564167669954369,0.4629387501402035,0.003983301456343932,0.12044574310348866,2.0289076101944263e-06,0.001451315223795266,0.192
5.564167669954369,0.4748089745027728,0.003983301456424848,0.12044574310344393,2.0289076102357505e-06,0.001451315223794846,0.192
5.564167669954369,0.4866791988653422,0.003983301456519804,0.12044574310331799,2.0289076102845366e-06,0.0014513152237937016,0.192
5.564167669954369,0.49854942322791157,0.003983301456618484,0.12044574310280015,2.0289076103366952e-06,0.0014513152237888233,0.192
5.564167669954369,0.5104196475904809,0.003983301456719898,0.12044574310225319,2.028907610390332e-06,0.0014513152237837386,0.192
5.564167669954369,0.5222898719530502,0.0039833014568213055,0.12044574310126319,2.0289076104455326e-06,0.0014513152237746764,0.192
5.564167669954369,0.5341600963156194,0.003983301456920918,0.12044574309846132,2.0289076105063453e-06,0.0014513152237490394,0.192
5.564167669954369,0.5460303206781888,0.003983301457019905,0.12044574309068204,2.0289076105847696e-06,0.0014513152236778149,0.192
5.564167669954369,0.5579005450407581,0.003983301457121033,0.1204457430694684,2.0289076107127033e-06,0.0014513152234834593,0.192
5.564167669954369,0.5697707694033275,0.003983301457234917,0.12044574301265928,2.028907610975575e-06,0.0014513152229626135,0.192
5.564167669954369,0.5816409937658967,0.003983301457385195,0.12044574286323984,2.028907611591372e-06,0.0014513152215916679,0.192
5.564167669954369,0.5935112181284661,0.0039833014576309556,0.12044574247750915,2.0289076131097896e-06,0.0014513152180498272,0.192
5.564167669954369,0.6053814424910354,0.003983301458120763,0.12044574150076005,2.0289076168901027e-06,0.001451315209074232,0.192
5.564167669954369,0.6172516668536047,0.00398330145921137,0.12044573907604728,2.02890762621778e-06,0.00145131518677561,0.192
5.564167669954369,0.629121891216174,0.003983301461746191,0.12044573317823942,2.028907648863528e-06,0.0014513151324946824,0.192
5.564167669954369,0.6409921155787435,0.003983301467673555,0.12044571912904872,2.02890770279323e-06,0.0014513150030905828,0.192
5.564167669954369,0.6528623399413127,0.003983301481389999,0.12044568637144165,2.028907828582213e-06,0.0014513147011300728,0.192
5.564167669954369,0.6647325643038821,0.00398330151257916,0.12044561165229076,2.0289081156768014e-06,0.0014513140118235961,0.192
5.564167669954369,0.6766027886664513,0.003983301582042061,0.12044544502096015,2.028908756380372e-06,0.001451312473382619,0.192
5.564167669954369,0.6884730130290206,0.003983301733316109,0.12044508192747981,2.0289101535392873e-06,0.0014513091184188026,0.192
5.564167669954369,0.70034323739159,0.003983302055102208,0.12044430936443817,2.0289131286116225e-06,0.0014513019742730168,0.192
5.564167669954369,0.7122134617541593,0.003983302723112154,0.12044270537036077,2.0289193103157194e-06,0.0014512871296740954,0.192
5.564167669954369,0.7240836861167286,0.003983304075369123,0.12043945819206216,2.028931834753108e-06,0.0014512570533654137,0.192
5.564167669954369,0.7359539104792979,0.003983306742492286,0.12043305339664355,2.028956558247241e-06,0.0014511976813797339,0.192
5.564167669954369,0.7478241348418672,0.003983311863648917,0.12042075523641999,2.0290040705484324e-06,0.001451083582093693,0.192
5.564167669954369,0.7596943592044366,0.003983321427869044,0.12039778692794183,2.029092882365032e-06,0.00145087030086886,0.192
5.564167669954369,0.771564583567006,0.003983338785216231,0.12035610296981473,2.0292542107504635e-06,0.001450482866970695,0.192
5.564167669954369,0.7834348079295752,0.003983369365924282,0.12028266195026752,2.0295387361384756e-06,0.0014497995648282641,0.192
5.564167669954369,0.7953050322921447,0.003983421618568494,0.12015717322903367,2.0300254720718353e-06,0.0014486306305980501,0.192
5.564167669954369,0.8071752566547139,0.003983508121396498,0.11994942763358916,2.030832394009297e-06,0.0014466927229765203,0.192
5.564167669954369,0.8190454810172833,0.0039836467311091615,0.11961653807522091,2.0321276977201487e-06,0.0014435818807000836,0.192
5.564167669954369,0.8309157053798525,0.003983861522698177,0.11910068184754814,2.034139615918298e-06,0.001438749941494906,0.192
5.564167669954369,0.8427859297424218,0.003984183176960383,0.11832816936103914,2.0371619183916696e-06,0.0014314913272393606,0.192
5.564167669954369,0.8546561541049912,0.00398464844410772,0.11721073186785949,2.041552013053835e-06,0.0014209475998374636,0.192
5.564167669954369,0.8665263784675605,0.003985298408396766,0.11564968901614583,2.0477193761657007e-06,0.0014061352453985962,0.192
5.564167669954369,0.8783966028301298,0.003986175519920593,0.11354307773948409,2.0561039564262673e-06,0.001385997541541519,0.192
5.564167669954369,0.8902668271926991,0.003987319694920369,0.11079501881908768,2.0671467344209347e-06,0.0013594752693279993,0.192
5.564167669954369,0.9021370515552684,0.003988764092901202,0.10732586015251895,2.0812567919197168e-06,0.0013255858112173108,0.192
5.564167669954369,0.9140072759178378,0.003990531315815061,0.10308130661496323,2.0987800337523897e-06,0.001283498282129731,0.192
5.564167669954369,0.925877500280407,0.00399263066306611,0.09803901410834423,2.1199736490276735e-06,0.0012325948762037951,0.192
5.564167669954369,0.9377477246429764,0.00399505675495842,0.0922118966895828,2.144987896597902e-06,0.0011725146208467665,0.192
5.564167669954369,0.9496179490055456,0.003997789443468493,0.0856483414391734,2.173853868508006e-06,0.0011031827704426236,0.192
5.564167669954369,0.9614881733681151,0.004000794618945422,0.07843027109699592,2.20647358957293e-06,0.0010248345866344295,0.192
5.564167669954369,0.9733583977306844,0.004004025391569048,0.0706703063019184,2.2426078104947702e-06,0.0009380446565677626,0.192
5.564167669954369,0.9852286220932537,0.004007423189739843,0.06250912720232263,2.281857351506894e-06,0.0008437717012433265,0.192
5.564167669954369,0.9970988464558231,0.0040109185316713775,0.0541136200014453,2.3236359082702767e-06,0.0007434238914719673,0.192
5.564167669954369,1.0089690708183923,0.004014431542361353,0.045675635237683324,2.3671361252096773e-06,0.0006389403378936855,0.192
5.564167669954369,1.0208392951809617,0.004017872678589666,0.03741024671707542,2.41129711914838e-06,0.0005328691037075949,0.192
5.564167669954369,1.032709519543531,0.004021144569215572,0.029551332039110617,2.454791026089899e-06,0.00042839953517527556,0.192
5.564167669954369,1.0445797439061004,0.004024146294719286,0.022341294733164294,2.4960573779353937e-06,0.00032927972049196023,0.192
5.564167669954369,1.0564499682686697,0.004026781558139647,0.016011439814223757,2.533421398532731e-06,0.00023953238975727578,0.192
5.564167669954369,1.068320192631239,0.004028971506880529,0.010751177851684128,2.5653225454829436e-06,0.00016290600753338913,0.192
5.564167669954369,1.0801904169938081,0.004030670811620755,0.006669404072021428,2.590636178964161e-06,0.00010210214933868162,0.192
5.564167669954369,1.0920606413563776,0.004031882032585013,0.003759988365752892,2.608993225163609e-06,5.800763803636902e-05,0.192
5.564167669954369,1.1039308657189468,0.004032660294800373,0.0018905400287728578,2.6209345662422645e-06,2.9323603953466008e-05,0.192
5.564167669954369,1.1158010900815163,0.004033101812043002,0.0008299671217703413,2.627763996166302e-06,1.2918571159004067e-05,0.192
5.564167669954369,1.1276713144440855,0.0040333180277290935,0.0003105868803549021,2.631124956082659e-06,4.8450784696088635e-06,0.192
5.564167669954369,1.139541538806655,0.004033407190132655,9.64037702914419e-05,2.632514963796771e-06,1.5060462115715875e-06,0.192
5.564167669954369,1.1514117631692242,0.0040334372784094595,2.412583399716741e-05,2.63298486677691e-06,3.772472476579251e-07,0.192
5.564167669954369,1.1632819875317935,0.004033445291341893,4.876992625469907e-06,2.6331101662439633e-06,7.62501404415402e-08,0.192
5.564167669954369,1.175152211894363,0.004033446888489802,1.0402494951185949e-06,2.6331351673320352e-06,1.6191363249974523e-08,0.192
5.564167669954369,1.1870224362569322,0.004033447104579194,5.211442150012925e-07,2.633138553335439e-06,8.057263929514265e-09,0.192
7.418890226605826,0.011870224362569322,0.003983301458593989,0.12044574310508101,2.02890761133601e-06,0.0014513152238099728,0.192
7.418890226605826,0.023740448725138644,0.003983301457970082,0.12044574310503331,2.0289076110176953e-06,0.0014513152238095947,0.192
7.418890226605826,0.03561067308770797,0.003983301457666635,0.1204457431049895,2.0289076108629013e-06,0.0014513152238092171,0.192
7.418890226605826,0.04748089745027729,0.003983301457539993,0.12044574310494782,2.02890761079833e-06,0.0014513152238088394,0.192
7.418890226605826,0.0593511218128466,0.003983301457509546,0.1204457431049072,2.02890761078285e-06,0.001451315223808462,0.192
7.418890226605826,0.07122134617541594,0.003983301457530481,0.1204457431048669,2.028907610793589e-06,0.0014513152238080861,0.192
7.418890226605826,0.08309157053798526,0.003983301457578065,0.12044574310482745,2.0289076108179294e-06,0.0014513152238077116,0.192
7.418890226605826,0.09496179490055458,0.0039833014576389145,0.1204457431047883,2.0289076108490472e-06,0.0014513152238073365,0.192
7.418890226605826,0.1068320192631239,0.003983301457705053,0.12044574310474908,2.02890761088287e-06,0.0014513152238069605,0.192
7.418890226605826,0.1187022436256932,0.0039833014577728715,0.12044574310470989,2.028907610917537e-06,0.0014513152238065843,0.192
7.418890226605826,0.13057246798826255,0.003983301457842354,0.12044574310467068,2.0289076109530625e-06,0.0014513152238062078,0.192
7.418890226605826,0.14244269235083187,0.003983301457911802,0.12044574310463128,2.028907610988582e-06,0.0014513152238058297,0.192
7.418890226605826,0.15431291671340117,0.003983301457979535,0.12044574310459175,2.028907611023218e-06,0.0014513152238054502,0.192
7.418890226605826,0.16618314107597051,0.003983301458045308,0.12044574310455236,2.028907611056855e-06,0.0014513152238050725,0.192
7.418890226605826,0.17805336543853983,0.0039833014581110784,0.12044574310451293,2.02890761109049e-06,0.0014513152238046943,0.192
7.418890226605826,0.18992358980110916,0.003983301458176836,0.12044574310447348,2.0289076111241195e-06,0.001451315223804316,0.192
7.418890226605826,0.20179381416367848,0.003983301458241995,0.12044574310443394,2.028907611157456e-06,0.0014513152238039369,0.192
7.418890226605826,0.2136640385262478,0.003983301458303897,0.12044574310439421,2.02890761118913e-06,0.0014513152238035565,0.192
7.418890226605826,0.2255342628888171,0.003983301458362994,0.12044574310435437,2.0289076112193747e-06,0.001451315223803175,0.192
7.418890226605826,0.2374044872513864,0.003983301458419333,0.1204457431043145,2.02890761124821e-06,0.0014513152238027937,0.192
7.418890226605826,0.24927471161395579,0.003983301458475647,0.12044574310427472,2.0289076112770314e-06,0.0014513152238024136,0.192
7.418890226605826,0.2611449359765251,0.003983301458531962,0.12044574310423498,2.028907611305854e-06,0.0014513152238020334,0.192
7.418890226605826,0.2730151603390944,0.003983301458588277,0.12044574310419497,2.0289076113346775e-06,0.0014513152238016507,0.192
7.418890226605826,0.28488538470166375,0.003983301458644592,0.12044574310415469,2.0289076113635016e-06,0.001451315223801266,0.192
7.418890226605826,0.29675560906423304,0.003983301458700664,0.12044574310411432,2.028907611392214e-06,0.00145131522380088,0.192
7.418890226605826,0.30862583342680233,0.003983301458753286,0.12044574310407381,2.0289076114191593e-06,0.0014513152238004934,0.192
7.418890226605826,0.32049605778937174,0.003983301458804755,0.12044574310403332,2.028907611445528e-06,0.0014513152238001066,0.192
7.418890226605826,0.33236628215194103,0.003983301458853645,0.12044574310399257,2.0289076114705733e-06,0.001451315223799719,0.192
7.418890226605826,0.3442365065145103,0.003983301458900617,0.12044574310394551,2.0289076114946443e-06,0.0014513152237993303,0.192
7.418890226605826,0.35610673087707967,0.003983301458947126,0.12044574310346821,2.0289076115200904e-06,0.001451315223794839,0.192
7.418890226605826,0.36797695523964896,0.003983301458994021,0.12044574310292828,2.028907611545968e-06,0.0014513152237897577,0.192
7.418890226605826,0.3798471796022183,0.003983301459040916,0.12044574310238819,2.028907611571846e-06,0.001451315223784676,0.192
7.418890226605826,0.3917174039647876,0.003983301459087721,0.12044574310183884,2.02890761159768e-06,0.0014513152237795941,0.192
7.418890226605826,0.40358762832735695,0.003983301459132387,0.12044574310072355,2.028907611624457e-06,0.0014513152237693606,0.192
7.418890226605826,0.41545785268992624,0.003983301459176165,0.12044574309779686,2.0289076116573187e-06,0.0014513152237424923,0.192
7.418890226605826,0.4273280770524956,0.003983301459221099,0.12044574309033917,2.028907611707165e-06,0.0014513152236739475,0.192
7.418890226605826,0.4391983014150649,0.003983301459269103,0.1204457430718667,2.028907611798434e-06,0.0014513152235040739,0.192
7.418890226605826,0.4510685257776342,0.0039833014593278265,0.12044574302688661,2.028907611991167e-06,0.001451315223090193,0.192
7.418890226605826,0.4629387501402035,0.0039833014594111114,0.12044574291904366,2.028907612424196e-06,0.0014513152220973044,0.192
7.418890226605826,0.4748089745027728,0.003983301459554914,0.12044574266452733,2.028907613419878e-06,0.0014513152197526602,0.192
7.418890226605826,0.4866791988653422,0.0039833014598382906,0.12044574207349087,2.028907615707631e-06,0.001451315214304726,0.192
7.418890226605826,0.49854942322791157,0.003983301460436942,0.12044574072351279,2.0289076209113213e-06,0.0014513152018538053,0.192
7.418890226605826,0.5104196475904809,0.003983301461735277,0.12044573769167413,2.0289076325813326e-06,0.0014513151738743803,0.192
7.418890226605826,0.5222898719530502,0.003983301464557414,0.12044573099891764,2.0289076583355273e-06,0.001451315112073258,0.192
7.418890226605826,0.5341600963156194,0.003983301470636992,0.1204457164821661,2.02890771420867e-06,0.0014513149779450524,0.192
7.418890226605826,0.5460303206781888,0.003983301483549647,0.12044568555509964,2.0289078332932658e-06,0.0014513146920218114,0.192
7.418890226605826,0.5579005450407581,0.003983301510521985,0.1204456208639599,2.0289080825149288e-06,0.0014513140935876719,0.192
7.418890226605826,0.5697707694033275,0.003983301565857524,0.12044548805977551,2.028908594427142e-06,0.0014513128643241463,0.192
7.418890226605826,0.5816409937658967,0.003983301677264655,0.12044522060190617,2.0289096259786096e-06,0.0014513103871801336,0.192
7.418890226605826,0.5935112181284661,0.003983301897239762,0.12044469242143277,2.028911664308918e-06,0.0014513054923005857,0.192
7.418890226605826,0.6053814424910354,0.003983302322981749,0.12044367009516463,2.0289156119865733e-06,0.0014512960121669275,0.192
7.418890226605826,0.6172516668536047,0.003983303130219113,0.12044173160681225,2.028923101923718e-06,0.0014512780253031043,0.192
7.418890226605826,0.629121891216174,0.003983304628885718,0.12043813263608895,2.02893701616402e-06,0.0014512446103493353,0.192
7.418890226605826,0.6409921155787435,0.003983307351692989,0.12043159383916544,2.0289623120581285e-06,0.0014511838618855664,0.192
7.418890226605826,0.6528623399413127,0.003983312189913989,0.12041997474058369,2.029007290353259e-06,0.001451075844897661,0.192
7.418890226605826,0.6647325643038821,0.0039833205931955,0.12039979384311932,2.0290854641265603e-06,0.0014508881061515782,0.192
7.418890226605826,0.6766027886664513,0.003983334850360207,0.12036555421311908,2.029218190822274e-06,0.0014505693527220264,0.192
7.418890226605826,0.6884730130290206,0.003983358463634069,0.1203088446670368,2.0294381911176602e-06,0.0014500410004449247,0.192
7.418890226605826,0.70034323739159,0.0039833966168148745,0.12021721530851891,2.029793973858594e-06,0.0014491865459804114,0.192
7.418890226605826,0.7122134617541593,0.0039834567163188166,0.12007287799173766,2.0303549966205633e-06,0.0014478391717347436,0.192
7.418890226605826,0.7240836861167286,0.0039835489525288734,0.11985135797445551,2.0312171160842827e-06,0.0014457686542677735,0.192
7.418890226605826,0.7359539104792979,0.003983686791124199,0.11952031368539232,2.0325075566596467e-06,0.001442669429263693,0.192
7.418890226605826,0.7478241348418672,0.003983887269351475,0.11903882492881171,2.0343883325505278e-06,0.001438152370562321,0.192
7.418890226605826,0.7596943592044366,0.003984170955031988,0.11835749110188724,2.0370569218366867e-06,0.0014317431690397885,0.192
7.418890226605826,0.771564583567006,0.003984561442563764,0.11741964147368658,2.040743140248674e-06,0.001422889839195051,0.192
7.418890226605826,0.7834348079295752,0.003985084320532993,0.11616381463105517,2.0457016670979682e-06,0.0014109806690153328,0.192
7.418890226605826,0.7953050322921447,0.003985765645603695,0.11452742388220932,2.0522004809318612e-06,0.0013953719949573516,0.192
7.418890226605826,0.8071752566547139,0.003986630073919083,0.11245124542208895,2.060506363658743e-06,0.0013754230192351657,0.192
7.418890226605826,0.8190454810172833,0.003987698896922143,0.1098841362314034,2.070869331019473e-06,0.0013505332071035853,0.192
7.418890226605826,0.8309157053798525,0.003988988266501781,0.10678729737002286,2.0835080771296346e-06,0.0013201772494305635,0.192
7.418890226605826,0.8427859297424218,0.003990507856575947,0.10313748906859968,2.098598175598482e-06,0.0012839334047754086,0.192
7.418890226605826,0.8546561541049912,0.003992260105475831,0.09892885079482024,2.1162639704375577e-06,0.00124150297892833,0.192
7.418890226605826,0.8665263784675605,0.003994240050951317,0.09417329783637036,2.136574087847889e-06,0.0011927211069416186,0.192
7.418890226605826,0.8783966028301298,0.003996435649884166,0.0888997535579764,2.1595396061889507e-06,0.0011375611496597868,0.192
7.418890226605826,0.8902668271926991,0.003998828399490337,0.08315265739625827,2.1851133450201357e-06,0.0010761364014678183,0.192
7.418890226605826,0.9021370515552684,0.004001394056839803,0.0769902366087321,2.2131885422787196e-06,0.001008703266917731,0.192
7.418890226605826,0.9140072759178378,0.004004103281250757,0.07048296320889383,2.2435953383431286e-06,0.0009356697044967982,0.192
7.418890226605826,0.925877500280407,0.004006922082875974,0.0637124763859078,2.2760939005206754e-06,0.0008576117395997068,0.192
7.418890226605826,0.9377477246429764,0.004009812035254096,0.056771071874297356,2.3103636690883067e-06,0.0007752992934005722,0.192
7.418890226605826,0.9496179490055456,0.004012730291963857,0.04976166190318799,2.3459891470285228e-06,0.0006897303142120913,0.192
7.418890226605826,0.9614881733681151,0.004015629538418737,0.0427978910218089,2.382444049349554e-06,0.0006021688504410338,0.192
7.418890226605826,0.9733583977306844,0.004018458114107273,0.03600384265729963,2.419077675274914e-06,0.0005141777867802628,0.192
7.418890226605826,0.9852286220932537,0.004021160657931149,0.029512489395846424,2.455110144422463e-06,0.0004276302932209894,0.192
7.418890226605826,0.9970988464558231,0.00402367973871382,0.023461777134426855,2.4896462571939365e-06,0.00034467654426851776,0.192
7.418890226605826,1.0089690708183923,0.004025958971537114,0.017987140510121166,2.5217198157250965e-06,0.0002676372777503616,0.192
7.418890226605826,1.0208392951809617,0.0040279479675125775,0.013209614513599319,2.5503784397909102e-06,0.00019880008817741793,0.192
7.418890226605826,1.032709519543531,0.004029608963332305,0.009219911040648864,2.5748094029696095e-06,0.00014011718631570138,0.192
7.418890226605826,1.0445797439061004,0.004030924049341297,0.006061057087141788,2.594487678156042e-06,9.284979871616498e-05,0.192
7.418890226605826,1.0564499682686697,0.004031900786349265,0.0037149020722649796,2.6093030297454924e-06,5.726287514227762e-05,0.192
7.418890226605826,1.068320192631239,0.004032573385597112,0.0020992813783845586,2.6196091128194653e-06,3.250711355525122e-05,0.192
7.418890226605826,1.0801904169938081,0.004032997482957523,0.001080566192372988,2.6261538657903116e-06,1.6786110910108935e-05,0.192
7.418890226605826,1.0920606413563776,0.004033239158137621,0.0005000376822590978,2.629901102304738e-06,7.784868100330905e-06,0.192
7.418890226605826,1.1039308657189468,0.004033361937463231,0.00020510625522163258,2.631810596173112e-06,3.198023734733075e-06,0.192
7.418890226605826,1.1158010900815163,0.004033416738040456,7.346706979254684e-05,2.63266453366629e-06,1.1467383089934962e-06,0.192
7.418890226605826,1.1276713144440855,0.004033437875182015,2.2692010444295123e-05,2.632994350887743e-06,3.5446050889542865e-07,0.192
7.418890226605826,1.139541538806655,0.004033444782442894,6.099426252957085e-06,2.633102242342531e-06,9.528425809499074e-08,0.192
7.418890226605826,1.1514117631692242,0.004033446646565811,1.6214007465745876e-06,2.6331313862679283e-06,2.5274263409247786e-08,0.192
7.418890226605826,1.1632819875317935,0.004033447047426748,6.584381022091962e-07,2.633137658635268e-06,1.0206555311264809e-08,0.192
7.418890226605826,1.175152211894363,0.004033447112338373,5.025040709818864e-07,2.6331386751495852e-06,7.76462745887974e-09,0.192
7.418890226605826,1.1870224362569322,0.004033447119454056,4.854104387180448e-07,2.633138786672077e-06,7.496719661238173e-09,0.192
9.273612783257281,0.011870224362569322,0.003983301459560782,0.12044574310509189,2.0289076118266084e-06,0.0014513152238099728,0.192
9.273612783257281,0.023740448725138644,0.003983301459594508,0.12044574310505206,2.0289076118439285e-06,0.0014513152238095947,0.192
9.273612783257281,0.03561067308770797,0.003983301459628235,0.12044574310501231,2.028907611861249e-06,0.0014513152238092171,0.192
9.273612783257281,0.04748089745027729,0.003983301459661961,0.12044574310497252,2.02890761187857e-06,0.0014513152238088394,0.192
9.273612783257281,0.0593511218128466,0.003983301459695688,0.12044574310493279,2.02890761189589e-06,0.001451315223808462,0.192
9.273612783257281,0.07122134617541594,0.003983301459729413,0.12044574310489324,2.0289076119132095e-06,0.0014513152238080861,0.192
9.273612783257281,0.08309157053798526,0.00398330145976314,0.1204457431048538,2.028907611930529e-06,0.0014513152238077116,0.192
9.273612783257281,0.09496179490055458,0.0039833014597968645,0.1204457431048143,2.0289076119478476e-06,0.0014513152238073365,0.192
9.273612783257281,0.1068320192631239,0.003983301459830409,0.12044574310477471,2.0289076119650856e-06,0.0014513152238069605,0.192
9.273612783257281,0.1187022436256932,0.0039833014598606295,0.12044574310473508,2.028907611980621e-06,0.0014513152238065843,0.192
9.273612783257281,0.13057246798826255,0.003983301459890684,0.12044574310469539,2.0289076119960713e-06,0.0014513152238062078,0.192
9.273612783257281,0.14244269235083187,0.003983301459920494,0.1204457431046555,2.0289076120113988e-06,0.0014513152238058297,0.192
9.273612783257281,0.15431291671340117,0.0039833014599485895,0.12044574310461548,2.028907612025853e-06,0.0014513152238054502,0.192
9.273612783257281,0.16618314107597051,0.003983301459976682,0.12044574310457563,2.0289076120403063e-06,0.0014513152238050725,0.192
9.273612783257281,0.17805336543853983,0.00398330146000455,0.12044574310453575,2.028907612054654e-06,0.0014513152238046943,0.192
9.273612783257281,0.18992358980110916,0.003983301460030895,0.12044574310449575,2.0289076120682165e-06,0.001451315223804316,0.192
9.273612783257281,0.20179381416367848,0.003983301460057241,0.12044574310445183,2.0289076120817796e-06,0.0014513152238039369,0.192
9.273612783257281,0.2136640385262478,0.003983301460083583,0.12044574310411688,2.0289076120964235e-06,0.0014513152238008085,0.192
9.273612783257281,0.2255342628888171,0.003983301460109204,0.12044574310357697,2.0289076121114685e-06,0.0014513152237957297,0.192
9.273612783257281,0.2374044872513864,0.00398330146013352,0.12044574310303707,2.028907612125849e-06,0.001451315223790651,0.192
9.273612783257281,0.24927471161395579,0.0039833014601578275,0.12044574310249712,2.0289076121402253e-06,0.0014513152237855722,0.192
9.273612783257281,0.2611449359765251,0.0039833014601821344,0.12044574310195712,2.0289076121546016e-06,0.0014513152237804932,0.192
9.273612783257281,0.2730151603390944,0.003983301460206441,0.12044574310141382,2.028907612168978e-06,0.0014513152237754135,0.192
9.273612783257281,0.28488538470166375,0.003983301460230749,0.120445743100672,2.0289076121840334e-06,0.0014513152237686084,0.192
9.273612783257281,0.29675560906423304,0.003983301460255065,0.12044574309877124,2.0289076122032983e-06,0.0014513152237511245,0.192
9.273612783257281,0.30862583342680233,0.003983301460279445,0.12044574309410347,2.028907612232616e-06,0.0014513152237081394,0.192
9.273612783257281,0.32049605778937174,0.003983301460305625,0.12044574308315942,2.028907612285627e-06,0.0014513152236072856,0.192
9.273612783257281,0.33236628215194103,0.003983301460337625,0.12044574305803471,2.0289076123930862e-06,0.0014513152233755892,0.192
9.273612783257281,0.3442365065145103,0.003983301460382141,0.12044574300131253,2.0289076126216564e-06,0.001451315222852272,0.192
9.273612783257281,0.35610673087707967,0.003983301460455371,0.1204457428750819,2.0289076131174e-06,0.0014513152216871089,0.192
9.273612783257281,0.36797695523964896,0.003983301460590729,0.12044574259810441,2.028907614192778e-06,0.0014513152191292572,0.192
9.273612783257281,0.3798471796022183,0.003983301460860157,0.12044574199893499,2.0289076165082594e-06,0.001451315213593355,0.192
9.273612783257281,0.3917174039647876,0.003983301461411735,0.12044574072135608,2.0289076214361146e-06,0.001451315201783763,0.192
9.273612783257281,0.40358762832735695,0.003983301462548884,0.1204457380368846,2.028907631784388e-06,0.0014513151769573105,0.192
9.273612783257281,0.41545785268992624,0.0039833014648819765,0.12044573247967078,2.028907653206201e-06,0.001451315125538492,0.192
9.273612783257281,0.4273280770524956,0.00398330146961909,0.12044572114862823,2.0289076968954296e-06,0.001451315020645992,0.192
9.273612783257281,0.4391983014150649,0.003983301479110877,0.12044569839876003,2.0289077846444883e-06,0.0014513148099464857,0.192
9.273612783257281,0.4510685257776342,0.003983301497852566,0.12044565343521697,2.0289079581482016e-06,0.0014513143933114698,0.192
9.273612783257281,0.4629387501402035,0.003983301534288185,0.12044556597995698,2.0289082957705453e-06,0.0014513135825513607,0.192
9.273612783257281,0.4748089745027728,0.003983301603991764,0.12044539863185427,2.0289089421228628e-06,0.0014513120303820657,0.192
9.273612783257281,0.4866791988653422,0.003983301735152508,0.12044508369392469,2.0289101590940747e-06,0.0014513091078728181,0.192
9.273612783257281,0.49854942322791157,0.003983301977814185,0.12044450098442405,2.028912411862793e-06,0.001451303697880986,0.192
9.273612783257281,0.5104196475904809,0.0039833024190605755,0.12044344136682979,2.0289165103612525e-06,0.0014512938553112615,0.192
9.273612783257281,0.5222898719530502,0.0039833032073352806,0.12044154834320647,2.0289238359887847e-06,0.0014512762626345702,0.192
9.273612783257281,0.5341600963156194,0.003983304590327191,0.12043822706627148,2.028936695064342e-06,0.0014512453810184799,0.192
9.273612783257281,0.5460303206781888,0.003983306972264157,0.12043250673871948,2.0289588538137578e-06,0.001451192165461833,0.192
9.273612783257281,0.5579005450407581,0.003983310997814392,0.120422839106861,2.0289963226239863e-06,0.0014511021812508788,0.192
9.273612783257281,0.5697707694033275,0.0039833176706910375,0.12040681360493362,2.0290584661232082e-06,0.0014509529378491106,0.192
9.273612783257281,0.5816409937658967,0.00398332851484041,0.12038077021952875,2.029159514481426e-06,0.0014507102591192575,0.192
9.273612783257281,0.5935112181284661,0.003983345783900302,0.12033929641408647,2.0293205323047524e-06,0.0014503235544509536,0.192
9.273612783257281,0.6053814424910354,0.003983372719458955,0.12027460683424102,2.029571855904318e-06,0.0014497199648583574,0.192
9.273612783257281,0.6172516668536047,0.003983413849721468,0.12017582594708126,2.0299559306265207e-06,0.0014487975480712355,0.192
9.273612783257281,0.629121891216174,0.003983475307326326,0.12002822466424143,2.0305303664182553e-06,0.0014474179392783447,0.192
9.273612783257281,0.6409921155787435,0.003983565129307155,0.11981249982338123,2.031370892138173e-06,0.0014453992548355168,0.192
9.273612783257281,0.6528623399413127,0.003983693486369387,0.11950422341538364,2.0325737529222646e-06,0.0014425103334186587,0.192
9.273612783257281,0.6647325643038821,0.003983872777405532,0.11907361546226895,2.0342570010570425e-06,0.0014384676345806024,0.192
9.273612783257281,0.6766027886664513,0.003984117524279869,0.11848579660386462,2.0365601278405028e-06,0.0014329361218811563,0.192
9.273612783257281,0.6884730130290206,0.003984444016473672,0.11770164148674171,2.039641611614373e-06,0.0014255351511028923,0.192
9.273612783257281,0.70034323739159,0.003984869687067529,0.11667927747245385,2.043674225188122e-06,0.0014158497403227784,0.192
9.273612783257281,0.7122134617541593,0.003985412247071342,0.11537616381343853,2.0488383168439064e-06,0.0014034467075878232,0.192
9.273612783257281,0.7240836861167286,0.0039860886544886755,0.11375156784546267,2.055313668023352e-06,0.0013878942277660673,0.192
9.273612783257281,0.7359539104792979,0.003986914034000974,0.11176915985867054,2.0632708276476244e-06,0.0013687826470345618,0.192
9.273612783257281,0.7478241348418672,0.003987900679955513,0.1093994079464408,2.0728629328913924e-06,0.001345744129446219,0.192
9.273612783257281,0.7596943592044366,0.003989057262861266,0.10662148409153828,2.0842189087279285e-06,0.0013184689921409963,0.192
9.273612783257281,0.771564583567006,0.00399038832063836,0.10342448631430257,2.097438625677648e-06,0.001286717337228372,0.192
9.273612783257281,0.7834348079295752,0.003991894061642364,0.0998079119507489,2.1125901774055426e-06,0.001250325591858291,0.192
9.273612783257281,0.7953050322921447,0.003993570452020253,0.09578144795312475,2.129709028379164e-06,0.0012092085562790875,0.192
9.273612783257281,0.8071752566547139,0.003995409518343655,0.09136424406425042,2.1487984675897964e-06,0.0011633583144647914,0.192
9.273612783257281,0.8190454810172833,0.003997399774800703,0.08658388676275036,2.1698306326278315e-06,0.0011128417744096725,0.192
9.273612783257281,0.8309157053798525,0.00399952668273677,0.08147529546703587,2.19274733718764e-06,0.0010577986802267228,0.192
9.273612783257281,0.8427859297424218,0.0040017730642701015,0.07607972901818427,2.217460011597039e-06,0.000998441754428698,0.192
9.273612783257281,0.8546561541049912,0.004004119414463645,0.0704440358068714,2.2438482098506365e-06,0.0009350602831895404,0.192
9.273612783257281,0.8665263784675605,0.004006544082386973,0.0646202188131004,2.271756319709989e-06,0.000868028017641415,0.192
9.273612783257281,0.8783966028301298,0.004009023317077969,0.05866532515429378,2.300988330774588e-06,0.0007978157398388739,0.192
9.273612783257281,0.8902668271926991,0.0040115311994272495,0.05264160965823521,2.33130079364956e-06,0.0007250081737869625,0.192
9.273612783257281,0.9021370515552684,0.004014039507121994,0.04661685925256333,2.3623944925811416e-06,0.0006503239870471127,0.192
9.273612783257281,0.9140072759178378,0.004016517589920604,0.04066469258412571,2.3939059221243094e-06,0.0005746362637550074,0.192
9.273612783257281,0.925877500280407,0.004018932369074022,0.034864561505675934,2.425400466029594e-06,0.0004989888901144337,0.192
9.273612783257281,0.9377477246429764,0.004021248616897236,0.0293010797333132,2.456370224930765e-06,0.00042460177529421005,0.192
9.273612783257281,0.9496179490055456,0.004023429712341961,0.024062208263111937,2.4862405772142232e-06,0.0003528550976332959,0.192
9.273612783257281,0.9614881733681151,0.004025439085424612,0.019235786269937293,2.5143903475111232e-06,0.00028524086799408717,0.192
9.273612783257281,0.9733583977306844,0.004027242520470132,0.014903999207924025,2.54019006347838e-06,0.00022327104712881052,0.192
9.273612783257281,0.9852286220932537,0.004028811335797887,0.011135741671006229,2.5630600450944877e-06,0.00016833802549787448,0.192
9.273612783257281,0.9970988464558231,0.004030126157426962,0.007977553224425601,2.582544052577279e-06,0.00012153772799375035,0.192
9.273612783257281,1.0089690708183923,0.004031180581133252,0.005444822021198897,2.598385378691311e-06,8.348683982091979e-05,0.192
9.273612783257281,1.0208392951809617,0.0040319836205662055,0.003515903777951124,2.6105838155400562e-06,5.4185961690005574e-05,0.192
9.273612783257281,1.032709519543531,0.004032559752003765,0.002132013165114497,2.619409781273372e-06,3.2985657916695784e-05,0.192
9.273612783257281,1.0445797439061004,0.0040329458670836016,0.0012045420995072857,2.62536149693434e-06,1.8689295241772104e-05,0.192
9.273612783257281,1.0564499682686697,0.004033185528713536,0.000628856130318062,2.6290717286780277e-06,9.777031437947267e-06,0.192
9.273612783257281,1.068320192631239,0.00403332211083604,0.00030077248982495765,2.631192372837706e-06,4.683037381381859e-06,0.192
9.273612783257281,1.0801904169938081,0.004033392943065415,0.00013062513156523577,2.632294321602506e-06,2.0360269672103663e-06,0.192
9.273612783257281,1.0920606413563776,0.004033426056634084,5.108179020985682e-05,2.6328101846282e-06,7.968532041979741e-07,0.192
9.273612783257281,1.1039308657189468,0.0040334398658255005,1.7909949378250823e-05,2.633025536057353e-06,2.795453705652094e-07,0.192
9.273612783257281,1.1158010900815163,0.004033444940627029,5.719385771719689e-06,2.6331047447668364e-06,8.927216300260975e-08,0.192
9.273612783257281,1.1276713144440855,0.004033446559811009,1.829791963921718e-06,2.633130036947189e-06,2.8515447163623033e-08,0.192
9.273612783257281,1.139541538806655,0.0040334469999084716,7.72584631960939e-07,2.6331369164284173e-06,1.1989477797260339e-08,0.192
9.273612783257281,1.1514117631692242,0.004033447099236106,5.339770656672665e-07,2.633138470183184e-06,8.257003123800901e-09,0.192
9.273612783257281,1.1632819875317935,0.004033447117175717,4.908822302550063e-07,2.633138750998306e-06,7.582416411562369e-09,0.192
9.273612783257281,1.175152211894363,0.00403344711961966,4.850115686087867e-07,2.633138789278905e-06,7.490456552264791e-09,0.192
9.273612783257281,1.1870224362569322,0.004033447119844439,4.844717087361931e-07,2.633138792801611e-06,7.481994104316262e-09,0.192
11.128335339908737,0.011870224362569322,0.003983301460646557,0.12044574310510499,2.0289076123794753e-06,0.0014513152238099728,0.192
11.128335339908737,0.023740448725138644,0.003983301460663482,0.12044574310506495,2.028907612388242e-06,0.0014513152238095947,0.192
11.128335339908737,0.03561067308770797,0.003983301460680408,0.12044574310502498,2.0289076123970084e-06,0.0014513152238092171,0.192
11.128335339908737,0.04748089745027729,0.003983301460697333,0.12044574310498499,2.0289076124057748e-06,0.0014513152238088394,0.192
11.128335339908737,0.0593511218128466,0.003983301460714258,0.12044574310494352,2.0289076124145407e-06,0.001451315223808462,0.192
11.128335339908737,0.07122134617541594,0.003983301460731183,0.12044574310475745,2.0289076124238293e-06,0.001451315223806757,0.192
11.128335339908737,0.08309157053798526,0.003983301460746584,0.12044574310421757,2.02890761243367e-06,0.0014513152238016798,0.192
11.128335339908737,0.09496179490055458,0.003983301460761544,0.12044574310367766,2.0289076124432865e-06,0.0014513152237966022,0.192
11.128335339908737,0.1068320192631239,0.0039833014607764715,0.12044574310313776,2.0289076124528868e-06,0.0014513152237915247,0.192
11.128335339908737,0.1187022436256932,0.003983301460791399,0.12044574310259787,2.028907612462486e-06,0.0014513152237864472,0.192
11.128335339908737,0.13057246798826255,0.003983301460806325,0.12044574310205794,2.0289076124720856e-06,0.0014513152237813696,0.192
11.128335339908737,0.14244269235083187,0.003983301460821252,0.12044574310151798,2.028907612481685e-06,0.0014513152237762917,0.192
11.128335339908737,0.15431291671340117,0.003983301460836178,0.12044574310097793,2.0289076124912845e-06,0.0014513152237712137,0.192
11.128335339908737,0.16618314107597051,0.003983301460851104,0.12044574310043257,2.028907612500883e-06,0.0014513152237661357,0.192
11.128335339908737,0.17805336543853983,0.00398330146086603,0.12044574309955931,2.0289076125116353e-06,0.0014513152237581298,0.192
11.128335339908737,0.18992358980110916,0.0039833014608809565,0.12044574309730922,2.0289076125274024e-06,0.001451315223737391,0.192
11.128335339908737,0.20179381416367848,0.00398330146089596,0.12044574309211364,2.0289076125538967e-06,0.0014513152236894514,0.192
11.128335339908737,0.2136640385262478,0.003983301460914414,0.12044574308054325,2.0289076126053302e-06,0.001451315223582624,0.192
11.128335339908737,0.2255342628888171,0.00398330146093754,0.12044574305540104,2.0289076127085022e-06,0.0014513152233503418,0.192
11.128335339908737,0.2374044872513864,0.003983301460972129,0.1204457430016423,2.028907612921627e-06,0.0014513152228534728,0.192
11.128335339908737,0.24927471161395579,0.003983301461031572,0.120445742888244,2.0289076133644924e-06,0.0014513152218049454,0.192
11.128335339908737,0.2611449359765251,0.003983301461142041,0.12044574265209783,2.0289076142803163e-06,0.0014513152196205486,0.192
11.128335339908737,0.2730151603390944,0.003983301461356126,0.12044574216655764,2.0289076161574345e-06,0.0014513152151273945,0.192
11.128335339908737,0.28488538470166375,0.003983301461778432,0.120445741180953,2.0289076199631006e-06,0.0014513152060029986,0.192
11.128335339908737,0.29675560906423304,0.003983301462612457,0.12044573920603377,2.0289076275855822e-06,0.0014513151877124752,0.192
11.128335339908737,0.30862583342680233,0.003983301464250335,0.1204457353004136,2.028907642660043e-06,0.001451315151526327,0.192
11.128335339908737,0.32049605778937174,0.0039833014674353785,0.12044572767889296,2.0289076720827763e-06,0.0014513150808832143,0.192
11.128335339908737,0.33236628215194103,0.003983301473556495,0.1204457130060252,2.0289077287443406e-06,0.0014513149448266835,0.192
11.128335339908737,0.3442365065145103,0.00398330148516962,0.12044568514378765,2.0289078363766758e-06,0.0014513146863645316,0.192
11.128335339908737,0.35610673087707967,0.00398330150690585,0.12044563297070492,2.028908037998355e-06,0.0014513142021871889,0.192
11.128335339908737,0.36797695523964896,0.003983301547023914,0.12044553665334931,2.0289084103598975e-06,0.0014513133079762336,0.192
11.128335339908737,0.3798471796022183,0.003983301620014024,0.12044536139284161,2.02890908818396e-06,0.001451311680189483,0.192
11.128335339908737,0.3917174039647876,0.003983301750879084,0.12044504714320133,2.028910304040472e-06,0.00145130876029688,0.192
11.128335339908737,0.40358762832735695,0.003983301982028499,0.12044449205503457,2.028912452591223e-06,0.001451303600489498,0.192
11.128335339908737,0.41545785268992624,0.003983302384139474,0.12044352639087194,2.0289161918651617e-06,0.0014512946204531733,0.192
11.128335339908737,0.4273280770524956,0.003983303072879386,0.12044187236341644,2.028922599282388e-06,0.0014512792326524292,0.192
11.128335339908737,0.4391983014150649,0.0039833042340321236,0.12043908379059427,2.0289334062413794e-06,0.0014512532789283578,0.192
11.128335339908737,0.4510685257776342,0.003983306160279592,0.12043445775750718,2.0289513417805616e-06,0.001451210205128129,0.192
11.128335339908737,0.4629387501402035,0.003983309303553307,0.12042690888202158,2.0289806221463277e-06,0.0014511398853007213,0.192
11.128335339908737,0.4748089745027728,0.003983314347302414,0.12041479574662267,2.0290276273348744e-06,0.0014510269968196416,0.192
11.128335339908737,0.4866791988653422,0.00398332230293842,0.12039568926033023,2.029101805255196e-06,0.0014508488487955452,0.192
11.128335339908737,0.49854942322791157,0.003983334633749631,0.1203660750413942,2.0292168357272817e-06,0.0014505725863938046,0.192
11.128335339908737,0.5104196475904809,0.003983353407306116,0.12032098736757567,2.0293920663375793e-06,0.001450151742163526,0.192
11.128335339908737,0.5222898719530502,0.003983381473431554,0.12025358171186501,2.0296541970054375e-06,0.0014495221899459032,0.192
11.128335339908737,0.5341600963156194,0.003983422659044597,0.12015466675114825,2.030039138750581e-06,0.001448597680295161,0.192
11.128335339908737,0.5460303206781888,0.0039834819638262225,0.12001223437846407,2.0305939072467624e-06,0.0014472652922372104,0.192
11.128335339908737,0.5579005450407581,0.00398356573264489,0.1198110455247903,2.0313783416108012e-06,0.001445381304656302,0.192
11.128335339908737,0.5697707694033275,0.003983681773605265,0.11953234656989288,2.0324663782360277e-06,0.0014427681362670676,0.192
11.128335339908737,0.5816409937658967,0.00398383938675131,0.11915380033617527,2.033946578097317e-06,0.0014392130785315974,0.192
11.128335339908737,0.5935112181284661,0.003984049270306931,0.11864971121376683,2.0359216242765744e-06,0.001434469501907761,0.192
11.128335339908737,0.6053814424910354,0.003984323280720076,0.11799160143295669,2.0385065884985312e-06,0.0014282610187939535,0.192
11.128335339908737,0.6172516668536047,0.003984674039954617,0.1171491542424641,2.04182591090404e-06,0.0014202887372324355,0.192
11.128335339908737,0.629121891216174,0.003985114406394077,0.11609148470169582,2.0460092262205333e-06,0.0014102412856387156,0.192
11.128335339908737,0.6409921155787435,0.0039856568499610735,0.11478864056998771,2.051186363623777e-06,0.0013978068225089376,0.192
11.128335339908737,0.6528623399413127,0.003986312791772189,0.11321318841700581,2.0574819994762983e-06,0.001382685880184653,0.192
11.128335339908737,0.6647325643038821,0.003987091978354041,0.11134171675592458,2.065010510253158e-06,0.0013646037280657564,0.192
11.128335339908737,0.6766027886664513,0.003988001957002716,0.10915609626699375,2.073871536652327e-06,0.001343321027831663,0.192
11.128335339908737,0.6884730130290206,0.0039890477027379,0.10664437591817387,2.0841466372089712e-06,0.0013186418718757953,0.192
11.128335339908737,0.70034323739159,0.003990231422477479,0.10380125341748091,2.0958972144871883e-06,0.0012904187651124528,0.192
11.128335339908737,0.7122134617541593,0.003991552534627892,0.10062812431786702,2.1091636861717053e-06,0.0012585546165353124,0.192
11.128335339908737,0.7240836861167286,0.0039930077983499155,0.09713277159243501,2.1239656915403635e-06,0.0012230022437075523,0.192
11.128335339908737,0.7359539104792979,0.0039945915505959625,0.0933287963257554,2.140303000147276e-06,0.0011837621903997473,0.192
11.128335339908737,0.7478241348418672,0.003996296002209276,0.0892349065178003,2.1581567333718805e-06,0.0011408797925515487,0.192
11.128335339908737,0.7596943592044366,0.003998111546025218,0.08487417703938398,2.177490512868469e-06,0.001094442419640913,0.192
11.128335339908737,0.771564583567006,0.004000027037560035,0.08027337541484657,2.1982511951319905e-06,0.0010445777100347952,0.192
11.128335339908737,0.7834348079295752,0.004002030019629084,0.07546242227263537,2.220368918967891e-06,0.0009914534565971685,0.192
11.128335339908737,0.7953050322921447,0.004004106873677121,0.07047402782434875,2.243756267807145e-06,0.0009352796183169855,0.192
11.128335339908737,0.8071752566547139,0.004006242891234796,0.06534352019527098,2.268306424782702e-06,0.0008763127512308926,0.192
11.128335339908737,0.8190454810172833,0.004008422268266844,0.06010885896853139,2.293890277656768e-06,0.0008148629617506694,0.192
11.128335339908737,0.8309157053798525,0.0040106280336423905,0.054810806970832786,2.3203525242532785e-06,0.0007513032607780023,0.192
11.128335339908737,0.8427859297424218,0.004012841931542254,0.04949321271103421,2.347506955970371e-06,0.0006860808921557553,0.192
11.128335339908737,0.8546561541049912,0.004015044287632079,0.0442033318285958,2.375131282004746e-06,0.0006197297645388471,0.192
11.128335339908737,0.8665263784675605,0.004017213901542891,0.038992085375595543,2.402962126464663e-06,0.0005528824683769342,0.192
11.128335339908737,0.8783966028301298,0.004019328024303355,0.033914114081189425,2.4306912031093653e-06,0.00048627946487159786,0.192
11.128335339908737,0.8902668271926991,0.004021362498113939,0.029027442717049066,2.4579641401648745e-06,0.000420771910370444,0.192
11.128335339908737,0.9021370515552684,0.004023292153736937,0.024392525727785986,2.4843839249879958e-06,0.0003573133850882862,0.192
11.128335339908737,0.9140072759178378,0.0040250915698145555,0.02007042357139599,2.5095212998782158e-06,0.0002969349265343591,0.192
11.128335339908737,0.925877500280407,0.004026736284839078,0.016119891839536958,2.532934364678592e-06,0.0002406979494561873,0.192
11.128335339908737,0.9377477246429764,0.0040282044975707325,0.012593297139077303,2.5541987057993877e-06,0.00018962188188376407,0.192
11.128335339908737,0.9496179490055456,0.004029479178011869,0.009531546764534644,2.572947167883741e-06,0.00014458863880539074,0.192
11.128335339908737,0.9614881733681151,0.004030550336911941,0.006958637434281834,2.588914846990927e-06,0.00010623455116960248,0.192
11.128335339908737,0.9733583977306844,0.004031417002114552,0.004876907957856046,2.601980741368898e-06,7.48503189464254e-05,0.192
11.128335339908737,0.9852286220932537,0.004032088310636045,0.003264415641480254,2.6121945421746477e-06,5.031665278363463e-05,0.192
11.128335339908737,0.9970988464558231,0.00403258316543713,0.002075760082653771,2.6197776918906687e-06,3.2101720470815775e-05,0.192
11.128335339908737,1.0089690708183923,0.004032928210033853,0.0012469474612859497,2.6250936325958032e-06,1.933259828400378e-05,0.192
11.128335339908737,1.0208392951809617,0.004033154397105955,0.000703632215225737,2.628591973764926e-06,1.0929370520516671e-05,0.192
11.128335339908737,1.032709519543531,0.004033292954115691,0.00037080742942749136,2.6307408587236823e-06,5.767581669928683e-06,0.192
11.128335339908737,1.0445797439061004,0.004033371791984925,0.00018143135776808894,2.631965898596588e-06,2.8249195979048464e-06,0.192
11.128335339908737,1.0564499682686697,0.0040334132024979295,8.195866049784907e-05,2.6326102411490674e-06,1.2771366523967968e-06,0.192
11.128335339908737,1.068320192631239,0.00403343315181516,3.4037828451615475e-05,2.632920966870224e-06,5.307334606479616e-07,0.192
11.128335339908737,1.0801904169938081,0.004033441903216413,1.3015689633108959e-05,2.633057389117226e-06,2.0302739910715382e-07,0.192
11.128335339908737,1.0920606413563776,0.004033445370642578,4.686371105259982e-06,2.6331114804844046e-06,7.309119475567494e-08,0.192
11.128335339908737,1.1039308657189468,0.004033446599562697,1.7342865320423507e-06,2.633130664257202e-06,2.7008366241964845e-08,0.192
11.128335339908737,1.1158010900815163,0.004033446984623303,8.092964003690401e-07,2.6331366789921734e-06,1.2559810547890573e-08,0.192
11.128335339908737,1.1276713144440855,0.004033447089731486,5.568047680826527e-07,2.633138321823461e-06,8.613387180638493e-09,0.192
11.128335339908737,1.139541538806655,0.0040334471142530305,4.97898792049011e-07,2.6331387053246147e-06,7.692131790187457e-09,0.192
11.128335339908737,1.1514117631692242,0.004033447119016616,4.864552461938678e-07,2.633138779870709e-06,7.513054093693108e-09,0.192
11.128335339908737,1.1632819875317935,0.004033447119758277,4.846730024814561e-07,2.6331387914873726e-06,7.485147542639211e-09,0.192
11.128335339908737,1.175152211894363,0.004033447119846151,4.844636159209997e-07,2.6331387928534424e-06,7.481866993058164e-09,0.192
11.128335339908737,1.1870224362569322,0.004033447119853775,4.844470481989439e-07,2.6331387929620307e-06,7.481607262356547e-09,0.192
12.983057896560195,0.011870224362569322,0.003983301461204901,0.12044574310161472,2.0289076126766906e-06,0.0014513152237771575,0.192
12.983057896560195,0.023740448725138644,0.003983301461216079,0.12044574310107478,2.028907612684381e-06,0.0014513152237720802,0.192
12.983057896560195,0.03561067308770797,0.003983301461227255,0.12044574310053487,2.0289076126920706e-06,0.001451315223767003,0.192
12.983057896560195,0.04748089745027729,0.003983301461238432,0.12044574309999487,2.028907612699761e-06,0.0014513152237619258,0.192
12.983057896560195,0.0593511218128466,0.003983301461249608,0.12044574309945041,2.02890761270745e-06,0.0014513152237568487,0.192
12.983057896560195,0.07122134617541594,0.003983301461260785,0.1204457430986308,2.028907612716104e-06,0.001451315223749324,0.192
12.983057896560195,0.08309157053798526,0.003983301461271801,0.12044574309658505,2.028907612729143e-06,0.0014513152237304542,0.192
12.983057896560195,0.09496179490055458,0.0039833014612812604,0.12044574309193064,2.0289076127508763e-06,0.0014513152236874634,0.192
12.983057896560195,0.1068320192631239,0.0039833014612925795,0.1204457430819605,2.0289076127929053e-06,0.0014513152235952865,0.192
12.983057896560195,0.1187022436256932,0.003983301461309191,0.12044574306111797,2.0289076128772384e-06,0.0014513152234024785,0.192
12.983057896560195,0.13057246798826255,0.003983301461335278,0.12044574301830191,2.0289076130464434e-06,0.001451315223006246,0.192
12.983057896560195,0.14244269235083187,0.0039833014613787805,0.12044574293152721,2.0289076133847263e-06,0.0014513152222028977,0.192
12.983057896560195,0.15431291671340117,0.003983301461459157,0.12044574275777042,2.0289076140589146e-06,0.001451315220593703,0.192
12.983057896560195,0.16618314107597051,0.003983301461610193,0.12044574241387504,2.0289076153896156e-06,0.0014513152174077018,0.192
12.983057896560195,0.17805336543853983,0.0039833014618980474,0.12044574174108427,2.0289076179899843e-06,0.0014513152111724915,0.192
12.983057896560195,0.18992358980110916,0.003983301462447438,0.12044574044009211,2.028907623016422e-06,0.0014513151991111049,0.192
12.983057896560195,0.20179381416367848,0.003983301463490303,0.1204457379537445,2.028907632622222e-06,0.0014513151760523523,0.192
12.983057896560195,0.2136640385262478,0.0039833014654530015,0.12044573325824041,2.0289076507657205e-06,0.0014513151324903621,0.192
12.983057896560195,0.2255342628888171,0.003983301469108596,0.12044572449694871,2.028907684627808e-06,0.0014513150511801002,0.192
12.983057896560195,0.2374044872513864,0.0039833014758403765,0.1204457083478874,2.028907747061709e-06,0.0014513149012542552,0.192
12.983057896560195,0.24927471161395579,0.0039833014880896606,0.12044567894817065,2.028907860760236e-06,0.001451314628215261,0.192
12.983057896560195,0.2611449359765251,0.003983301510105195,0.12044562609439328,2.028908065231425e-06,0.0014513141371827892,0.192
12.983057896560195,0.2730151603390944,0.003983301549176132,0.12044553228136158,2.0289084282817916e-06,0.0014513132653154817,0.192
12.983057896560195,0.28488538470166375,0.003983301617626127,0.12044536791281858,2.0289090645964522e-06,0.0014513117371886223,0.192
12.983057896560195,0.29675560906423304,0.003983301735981322,0.12044508369349184,2.0289101652678607e-06,0.001451309093877301,0.192
12.983057896560195,0.30862583342680233,0.003983301937909188,0.12044459876746888,2.0289120438557027e-06,0.0014513045823368815,0.192
12.983057896560195,0.32049605778937174,0.003983302277769875,0.12044378258273858,2.028915206843402e-06,0.0014512969861907269,0.192
12.983057896560195,0.33236628215194103,0.00398330284192654,0.12044242772737596,2.0289204592247402e-06,0.0014512843721454895,0.192
12.983057896560195,0.3442365065145103,0.003983303765322622,0.12044021011599647,2.0289290593477378e-06,0.0014512637181039224,0.192
12.983057896560195,0.35610673087707967,0.003983305255224881,0.12043663196586438,2.028942940833076e-06,0.00145123038018146,0.192
12.983057896560195,0.36797695523964896,0.0039833076244000214,0.12043094211539915,2.028965022894419e-06,0.001451177347401316,0.192
12.983057896560195,0.3798471796022183,0.00398331133625248,0.12042202761538988,2.028999632910426e-06,0.0014510942267838395,0.192
12.983057896560195,0.3917174039647876,0.003983317064467442,0.12040827047937142,2.0290530654335514e-06,0.001450965900736618,0.192
12.983057896560195,0.40358762832735695,0.00398332576931056,0.1203873644280871,2.0291342984032977e-06,0.0014507708068601593,0.192
12.983057896560195,0.41545785268992624,0.003983338791726082,0.12035608888273833,2.029255878357247e-06,0.0014504788118333606,0.192
12.983057896560195,0.4273280770524956,0.003983357964564585,0.12031004181274435,2.0294349702080207e-06,0.0014500486900113818,0.192
12.983057896560195,0.4391983014150649,0.003983385737531846,0.1202433396231888,2.029694542636429e-06,0.0014494252762539822,0.192
12.983057896560195,0.4510685257776342,0.003983425308810058,0.1201483010098417,2.0300646277131945e-06,0.0014485364404121443,0.192
12.983057896560195,0.4629387501402035,0.003983480752033956,0.12001514196344984,2.0305835556044663e-06,0.0014472901215902886,0.192
12.983057896560195,0.4748089745027728,0.003983557122996793,0.11983171945092207,2.031299027567281e-06,0.0014455717507349452,0.192
12.983057896560195,0.4866791988653422,0.003983660527038524,0.11958336952392887,2.0322688611360056e-06,0.0014432424604987565,0.192
12.983057896560195,0.49854942322791157,0.0039837981266838945,0.11925288893213315,2.033561230434969e-06,0.0014401385076817147,0.192
12.983057896560195,0.5104196475904809,0.003983978070897331,0.11882070499882634,2.035254241406624e-06,0.001436072293087222,0.192
12.983057896560195,0.5222898719530502,0.003984209333071246,0.11826526470935278,2.0374347321415125e-06,0.0014308352425991505,0.192
12.983057896560195,0.5341600963156194,0.003984501454547198,0.11756365070558687,2.0401962711028396e-06,0.001424202614884184,0.192
12.983057896560195,0.5460303206781888,0.003984864203003878,0.11669240177466579,2.0436364304978813e-06,0.0014159400502245416,0.192
12.983057896560195,0.5579005450407581,0.003985307168290341,0.11562848360672885,2.0478535197094278e-06,0.0014058114163840703,0.192
12.983057896560195,0.5697707694033275,0.00398583932944918,0.1143503287732075,2.0529430516072374e-06,0.001393587296245028,0.192
12.983057896560195,0.5816409937658967,0.003986468633070375,0.1128388495112642,2.0589942618300228e-06,0.001379053348385005,0.192
12.983057896560195,0.5935112181284661,0.003987201622992335,0.11107832719520373,2.0660869955290817e-06,0.0013620177851844414,0.192
12.983057896560195,0.6053814424910354,0.003988043154524309,0.10905709880604443,2.0742892181148956e-06,0.0013423173522228839,0.192
12.983057896560195,0.6172516668536047,0.003988996214267146,0.10676798976731135,2.0836553093747465e-06,0.0013198214261145452,0.192
12.983057896560195,0.629121891216174,0.003990061851916272,0.10420847780514925,2.094225185330636e-06,0.001294434124151963,0.192
12.983057896560195,0.6409921155787435,0.0039912392161770205,0.10138060672949177,2.106024182398712e-06,0.0012660945828892017,0.192
12.983057896560195,0.6528623399413127,0.003992525675648286,0.09829069611464891,2.1190635521269208e-06,0.0012347757700617466,0.192
12.983057896560195,0.6647325643038821,0.003993916998706024,0.09494890925268676,2.1333413618826147e-06,0.0012004823213329137,0.192
12.983057896560195,0.6766027886664513,0.003995407564288602,0.09136874686878689,2.1488435781927953e-06,0.0011632479382132181,0.192
12.983057896560195,0.6884730130290206,0.00399699057730997,0.08756652970963695,2.1655451189862816e-06,0.001123132860580189,0.192
12.983057896560195,0.70034323739159,0.003998658266910955,0.08356092234468133,2.18341068923249e-06,0.0010802218593878373,0.192
12.983057896560195,0.7122134617541593,0.004000402051522002,0.0793725366782413,2.2023952516815834e-06,0.0010346231057805464,0.192
12.983057896560195,0.7240836861167286,0.004002212660610364,0.07502363949976908,2.222444022956369e-06,0.0009864681802409557,0.192
12.983057896560195,0.7359539104792979,0.004004080208288513,0.07053797565906765,2.2434919207776865e-06,0.0009359134000550632,0.192
12.983057896560195,0.7478241348418672,0.004005994218368281,0.06594070786708928,2.265462419792067e-06,0.0008831425672668304,0.192
12.983057896560195,0.7596943592044366,0.004007943604019194,0.061258465536378634,2.288265803744884e-06,0.0008283711665769576,0.192
12.983057896560195,0.771564583567006,0.004009916608262713,0.056519487695089854,2.3117968358884174e-06,0.0007718519606280815,0.192
12.983057896560195,0.7834348079295752,0.0040119007146038445,0.05175383763425695,2.3359319152989266e-06,0.0007138818201538484,0.192
12.983057896560195,0.7953050322921447,0.004013882540755189,0.04699365817302673,2.3605258540550183e-06,0.0006548094648836246,0.192
12.983057896560195,0.8071752566547139,0.004015847733233229,0.04227342483824942,2.3854085101566026e-06,0.0005950435510925216,0.192
12.983057896560195,0.8190454810172833,0.004017780887076463,0.03763013871577088,2.4103816542084383e-06,0.0005350601978813802,0.192
12.983057896560195,0.8309157053798525,0.00401966552320755,0.03310338086145826,2.435216640149818e-06,0.0004754085824988088,0.192
12.983057896560195,0.8427859297424218,0.00402148416553563,0.02873512716191413,2.4596536852698994e-06,0.00041671267067013576,0.192
12.983057896560195,0.8546561541049912,0.004023218569094485,0.02456920044078259,2.483403811527982e-06,0.0003596665551346259,0.192
12.983057896560195,0.8665263784675605,0.00402485015582268,0.020650223844228044,2.5061546876607783e-06,0.0003050204252564248,0.192
12.983057896560195,0.8783966028301298,0.004026360710149294,0.01702195020485022,2.527581614564868e-06,0.00025355418322989314,0.192
12.983057896560195,0.8902668271926991,0.0040277333643116,0.01372489548832263,2.5473645380151346e-06,0.00020603658312318032,0.192
12.983057896560195,0.9021370515552684,0.0040289538549988105,0.01079332050306562,2.565211065359237e-06,0.0001631699483231541,0.192
12.983057896560195,0.9140072759178378,0.004030011954649384,0.008251793037934356,2.580883912174101e-06,0.00012552424730954856,0.192
12.983057896560195,0.925877500280407,0.004030902880674321,0.006111802916189056,2.59422917369293e-06,9.346918641681097e-05,0.192
12.983057896560195,0.9377477246429764,0.004031628391660256,0.004369128778456889,2.605199876324934e-06,6.711763707754536e-05,0.192
12.983057896560195,0.9496179490055456,0.004032197238627077,0.0030027538703269628,2.613868382365488e-06,4.629583479248057e-05,0.192
12.983057896560195,0.9614881733681151,0.0040326247032612264,0.0019759748039630664,2.6204224002442774e-06,3.055295550388695e-05,0.192
12.983057896560195,0.9733583977306844,0.004032931146403973,0.001239887670549357,2.6251429594820953e-06,1.9214012378975052e-05,0.192
12.983057896560195,0.9852286220932537,0.004033139768485208,0.0007387671567104953,2.62836785882017e-06,1.1467647724240975e-05,0.192
12.983057896560195,0.9970988464558231,0.004033274041879419,0.000416233887533663,2.630448718862213e-06,6.469290032470573e-06,0.192
12.983057896560195,1.0089690708183923,0.0040333553878664375,0.0002208344295459179,2.6317116410950866e-06,3.4356519356729967e-06,0.192
12.983057896560195,1.0208392951809617,0.004033401573254891,0.00010989281109444922,2.632429628074563e-06,1.7109802937025037e-06,0.192
12.983057896560195,1.032709519543531,0.00403342603895205,5.1123560094693286e-05,2.632810342956616e-06,7.964620343727894e-07,0.192
12.983057896560195,1.0445797439061004,0.004033438073900739,2.2214136124260556e-05,2.6329977692058835e-06,3.462412016504354e-07,0.192
12.983057896560195,1.0564499682686697,0.004033443543037587,9.076518881766766e-06,2.633083000529371e-06,1.4150387971668022e-07,0.192
12.983057896560195,1.068320192631239,0.004033445825735832,3.5931318341630013e-06,2.633118596106686e-06,5.5997916154850516e-08,0.192
12.983057896560195,1.0801904169938081,0.004033446694911608,1.5052276500821698e-06,2.6331321576042686e-06,2.3420955868163902e-08,0.192
12.983057896560195,1.0920606413563776,0.004033446994446453,7.856912698743518e-07,2.6331368337888375e-06,1.218792229751753e-08,0.192
12.983057896560195,1.1039308657189468,0.004033447086985059,5.633960385744845e-07,2.6331382792476185e-06,8.715651665939482e-09,0.192
12.983057896560195,1.1158010900815163,0.004033447112315702,5.025474421370709e-07,2.633138675123633e-06,7.764676313640994e-09,0.192
12.983057896560195,1.1276713144440855,0.004033447118369092,4.880066588090264e-07,2.6331387697749887e-06,7.537303457573283e-09,0.192
12.983057896560195,1.139541538806655,0.004033447119607985,4.850312779341572e-07,2.633138789153142e-06,7.490753109944633e-09,0.192
12.983057896560195,1.1514117631692242,0.004033447119819798,4.845235739243193e-07,2.6331387924617206e-06,7.482805826266183e-09,0.192
12.983057896560195,1.1632819875317935,0.004033447119848398,4.844540727351366e-07,2.6331387929146185e-06,7.481717328631743e-09,0.192
12.983057896560195,1.175152211894363,0.00403344711985198,4.844468982683531e-07,2.6331387929617987e-06,7.481604906191383e-09,0.192
12.983057896560195,1.1870224362569322,0.004033447119853775,4.844464003639987e-07,2.6331387929660834e-06,7.481597099976977e-09,0.192
14.837780453211652,0.011870224362569322,0.003983301461556514,0.12044574306998052,2.028907612971101e-06,0.0014513152234839931,0.192
14.837780453211652,0.023740448725138644,0.003983301461574861,0.12044574303956022,2.0289076130913306e-06,0.0014513152232022096,0.192
14.837780453211652,0.03561067308770797,0.0039833014616048375,0.12044574297975713,2.0289076133246742e-06,0.001451315222648052,0.192
14.837780453211652,0.04748089745027729,0.003983301461658488,0.12044574286356984,2.0289076137758336e-06,0.0014513152215710663,0.192
14.837780453211652,0.0593511218128466,0.0039833014617570465,0.12044574264030768,2.0289076146407216e-06,0.0014513152195009026,0.192
14.837780453211652,0.07122134617541594,0.003983301461939101,0.12044574221585122,2.028907616282812e-06,0.001451315215563976,0.192
14.837780453211652,0.08309157053798526,0.003983301462276785,0.12044574141742218,2.028907619370188e-06,0.0014513152081560958,0.192
14.837780453211652,0.09496179490055458,0.0039833014629007705,0.12044573993146884,2.028907625115553e-06,0.0014513151943650834,0.192
14.837780453211652,0.1068320192631239,0.003983301464045147,0.12044573719556283,2.0289076356947093e-06,0.001451315168965571,0.192
14.837780453211652,0.1187022436256932,0.003983301466125094,0.12044573221272921,2.0289076549659074e-06,0.001451315122691908,0.192
14.837780453211652,0.13057246798826255,0.003983301469867662,0.12044572323687693,2.028907689688591e-06,0.0014513150393109977,0.192
14.837780453211652,0.14244269235083187,0.00398330147653069,0.1204457072472147,2.0289077515606338e-06,0.0014513148907297896,0.192
14.837780453211652,0.15431291671340117,0.003983301488263265,0.12044567908259828,2.028907860574893e-06,0.0014513146289341899,0.192
14.837780453211652,0.16618314107597051,0.003983301508690732,0.12044563003660336,2.028908050468859e-06,0.0014513141729012168,0.192
14.837780453211652,0.17805336543853983,0.003983301543849764,0.12044554561183828,2.0289083774388024e-06,0.0014513133876708799,0.192
14.837780453211652,0.18992358980110916,0.00398330160365963,0.12044540198622578,2.0289089338573022e-06,0.0014513120514016086,0.192
14.837780453211652,0.20179381416367848,0.003983301704200164,0.12044516054228495,2.0289098695185746e-06,0.0014513098043465718,0.192
14.837780453211652,0.2136640385262478,0.003983301871179051,0.12044475953970815,2.0289114239909563e-06,0.0014513060711539387,0.192
14.837780453211652,0.2255342628888171,0.003983302145117809,0.12044410166102733,2.0289139750237095e-06,0.0014512999446099457,0.192
14.837780453211652,0.2374044872513864,0.003983302588965174,0.12044303572580999,2.0289181096511944e-06,0.0014512900148684667,0.192
14.837780453211652,0.24927471161395579,0.003983303299060984,0.1204413303591288,2.028924726633309e-06,0.0014512741234198575,0.192
14.837780453211652,0.2611449359765251,0.003983304420602966,0.12043863684474553,2.02893518104977e-06,0.0014512490158163712,0.192
14.837780453211652,0.2730151603390944,0.003983306168994158,0.12043443785379825,2.0289514839967632e-06,0.001451209862053801,0.192
14.837780453211652,0.28488538470166375,0.0039833088586245504,0.12042797831895131,2.0289765720214754e-06,0.0014511496094571962,0.192
14.837780453211652,0.29675560906423304,0.003983312940701281,0.12041817457511804,2.0290146615871083e-06,0.0014510581313380083,0.192
14.837780453211652,0.30862583342680233,0.003983319051605446,0.12040349821596602,2.0290717027092946e-06,0.0014509211374551943,0.192
14.837780453211652,0.32049605778937174,0.003983328072817403,0.12038183216524899,2.0291559420182574e-06,0.0014507188216474512,0.192
14.837780453211652,0.33236628215194103,0.0039833412026072735,0.12035029848774004,2.0292785979278886e-06,0.0014504242401894376,0.192
14.837780453211652,0.3442365065145103,0.003983360038352708,0.12030506067321853,2.0294546385827106e-06,0.0014500014432715016,0.192
14.837780453211652,0.35610673087707967,0.003983386666485168,0.12024110759486507,2.029703636567683e-06,0.0014494034220779654,0.192
14.837780453211652,0.36797695523964896,0.003983423754746756,0.12015203191350625,2.030050653668506e-06,0.001448569983650789,0.192
14.837780453211652,0.3798471796022183,0.0039834746388671145,0.12002982187936381,2.030527086187394e-06,0.0014474257204484748,0.192
14.837780453211652,0.3917174039647876,0.003983543393313648,0.11986469138164409,2.031171379838848e-06,0.0014458782931066777,0.192
14.837780453211652,0.40358762832735695,0.003983634873958681,0.11964497744484455,2.0320295077744018e-06,0.001443817282084129,0.192
14.837780453211652,0.41545785268992624,0.003983754719962683,0.11935713567837891,2.033155101179916e-06,0.0014411138737463547,0.192
14.837780453211652,0.4273280770524956,0.003983909303479066,0.1189858610495315,2.0346091339891388e-06,0.0014376216173860384,0.192
14.837780453211652,0.4391983014150649,0.003984105619310575,0.11851435288691195,2.0364590942827273e-06,0.0014331784151689845,0.192
14.837780453211652,0.4510685257776342,0.0039843511123494844,0.11792472932346133,2.0387776239640862e-06,0.0014276097892532372,0.192
14.837780453211652,0.4629387501402035,0.003984653447946113,0.11719857882771118,2.0416406698557113e-06,0.001420733322488972,0.192
14.837780453211652,0.4748089745027728,0.003985020238168782,0.11631761769034693,2.0451252537682226e-06,0.0014123640143982098,0.192
14.837780453211652,0.4866791988653422,0.003985458743800331,0.1152644058020207,2.0493070242856975e-06,0.0014023201615575652,0.192
14.837780453211652,0.49854942322791157,0.0039859755764083205,0.11402306226792999,2.054257787456808e-06,0.0013904292887567536,0.192
14.837780453211652,0.5104196475904809,0.003986576425867358,0.11257991990112713,2.060043219501126e-06,0.0013765336430699273,0.192
14.837780453211652,0.5222898719530502,0.003987265835960082,0.11092406424336541,2.066720940323257e-06,0.0013604948213690922,0.192
14.837780453211652,0.5341600963156194,0.003988047044635447,0.10904771729050246,2.0743390769650844e-06,0.0013421972210862858,0.192
14.837780453211652,0.5460303206781888,0.003988921897354013,0.10694644566840046,2.0829353811528157e-06,0.001321550160088061,0.192
14.837780453211652,0.5579005450407581,0.003989890833268423,0.10461919386172416,2.0925368971073083e-06,0.0012984886748338659,0.192
14.837780453211652,0.5697707694033275,0.003990952936274579,0.10206816162121103,2.103160116108246e-06,0.0012729731493379209,0.192
14.837780453211652,0.5816409937658967,0.003992106037330597,0.09929855822169824,2.114811510806264e-06,0.0012449880319408888,0.192
14.837780453211652,0.5935112181284661,0.003993346851383418,0.0963182735862882,2.1274883182613526e-06,0.0012145399545908024,0.192
14.837780453211652,0.6053814424910354,0.003994671131698711,0.09313750760073537,2.1411794351867627e-06,0.0011816555825495073,0.192
14.837780453211652,0.6172516668536047,0.003996073825859915,0.08976839541179754,2.155866297951086e-06,0.0011463795006524614,0.192
14.837780453211652,0.629121891216174,0.003997549220478026,0.08622465983702403,2.1715236382441884e-06,0.0011087723981702785,0.192
14.837780453211652,0.6409921155787435,0.00399909106501656,0.08252131393371707,2.188120027763685e-06,0.0010689097603934817,0.192
14.837780453211652,0.6528623399413127,0.004000692668505412,0.07867442868616915,2.2056181477343077e-06,0.0010268812211265365,0.192
14.837780453211652,0.6647325643038821,0.0040023469659015345,0.07470097359742739,2.22397473897791e-06,0.0009827906824614295,0.192
14.837780453211652,0.6766027886664513,0.00400404655328067,0.0706187321473018,2.24314020465082e-06,0.0009367572688122732,0.192
14.837780453211652,0.6884730130290206,0.004005783692899275,0.06644628962112199,2.263057851100706e-06,0.000888917150159553,0.192
14.837780453211652,0.70034323739159,0.004007550290570078,0.06220308744044627,2.283662764182216e-06,0.0008394262409006026,0.192
14.837780453211652,0.7122134617541593,0.0040093378489473785,0.05790953535897607,2.3048803313883312e-06,0.0007884637494371279,0.192
14.837780453211652,0.7240836861167286,0.004011137401465124,0.05358717013199552,2.326624437735871e-06,0.000736236511403941,0.192
14.837780453211652,0.7359539104792979,0.004012939433082271,0.049258845876634226,2.3487953897166123e-06,0.0006829839761014669,0.192
14.837780453211652,0.7478241348418672,0.004014733795941538,0.04494893665468583,2.3712776616909115e-06,0.0006289836194682095,0.192
14.837780453211652,0.7596943592044366,0.004016509630788251,0.04068352522486174,2.393937618055695e-06,0.0005745564153309872,0.192
14.837780453211652,0.771564583567006,0.004018255308709454,0.03649054299614178,2.416621446903902e-06,0.0005200717987994128,0.192
14.837780453211652,0.7834348079295752,0.004019958412448266,0.032399814932496676,2.43915364861603e-06,0.0004659512969320355,0.192
14.837780453211652,0.7953050322921447,0.004021605781925683,0.02844295024711399,2.4613365516956683e-06,0.00041266969226748916,0.192
14.837780453211652,0.8071752566547139,0.004023183653799381,0.024653007241280365,2.482951462582104e-06,0.0003607522619362331,0.192
14.837780453211652,0.8190454810172833,0.004024677928212795,0.02106385265245713,2.503762162459912e-06,0.0003107663797430429,0.192
14.837780453211652,0.8309157053798525,0.004026074594581636,0.017709139015669558,2.5235214845188687e-06,0.00026330571947565936,0.192
14.837780453211652,0.8427859297424218,0.004027360338513101,0.014620846960489202,2.541981557706183e-06,0.00021896565167355247,0.192
14.837780453211652,0.8546561541049912,0.0040285233295632205,0.011827393135778626,2.558907895362307e-06,0.00017830940511607302,0.192
14.837780453211652,0.8665263784675605,0.004029554151659961,0.009351395431506263,2.574096773818056e-06,0.00014182632553942092,0.192
14.837780453211652,0.8783966028301298,0.004030446786100515,0.007207311870302693,2.5873943123742006e-06,0.00010988604680068514,0.192
14.837780453211652,0.8902668271926991,0.00403119950034912,0.005399305689529196,2.5987145213125787e-06,8.269513943899753e-05,0.192
14.837780453211652,0.9021370515552684,0.00403181545346793,0.00391979097720235,2.6080527160420824e-06,6.026488802941103e-05,0.192
14.837780453211652,0.9140072759178378,0.004032302826693718,0.0027491188169742765,2.615490613991676e-06,4.239904488713715e-05,0.192
14.837780453211652,0.925877500280407,0.0040326743473994234,0.0018567204645755474,2.621190545976726e-06,2.870772971771138e-05,0.192
14.837780453211652,0.9377477246429764,0.004032946198608291,0.0012037264259872453,2.6253785229526026e-06,1.864809857958249e-05,0.192
14.837780453211652,0.9496179490055456,0.0040331364645665325,0.000746699986760584,2.6283187899797793e-06,1.1585461659010682e-05,0.192
14.837780453211652,0.9614881733681151,0.004033263398198251,0.0004417986897490904,2.6302848912461863e-06,6.862783380372601e-06,0.192
14.837780453211652,0.9733583977306844,0.004033343849061974,0.00024855040928624525,2.6315331280855614e-06,3.864436590829568e-06,0.192
14.837780453211652,0.9852286220932537,0.004033392133455216,0.0001325674792207474,2.6322832260096025e-06,2.0626422512210866e-06,0.192
14.837780453211652,0.9970988464558231,0.004033419485394441,6.686560043876207e-05,2.632708543488239e-06,1.0409905477560266e-06,0.192
14.837780453211652,1.0089690708183923,0.004033434060628056,3.1854356181693864e-05,2.6329353577130133e-06,4.961589567393142e-07,0.192
14.837780453211652,1.0208392951809617,0.0040334413407529385,1.4366636200222206e-05,2.6330487208847485e-06,2.2384724482393215e-07,0.192
14.837780453211652,1.032709519543531,0.004033444735947727,6.210933551696727e-06,2.6331016197798716e-06,9.67771808749921e-08,0.192
14.837780453211652,1.0445797439061004,0.004033446207924985,2.675032533042603e-06,2.6331245662143237e-06,4.1656553748207006e-08,0.192
14.837780453211652,1.0564499682686697,0.004033446798257265,1.2569621520967336e-06,2.633133773542659e-06,1.9539115003319864e-08,0.192
14.837780453211652,1.068320192631239,0.0040334470160126095,7.338771610377499e-07,2.633137171543579e-06,1.1376544745083465e-08,0.192
14.837780453211652,1.0801904169938081,0.004033447089399296,5.57589768657981e-07,2.633138317279243e-06,8.624281204289498e-09,0.192
14.837780453211652,1.0920606413563776,0.004033447111817604,5.037377234482299e-07,2.633138667445944e-06,7.783113974573753e-09,0.192
14.837780453211652,1.1039308657189468,0.00403344711796611,4.889683668908713e-07,2.633138763527832e-06,7.552306019933083e-09,0.192
14.837780453211652,1.1158010900815163,0.00403344711946236,4.853743437560302e-07,2.633138786919777e-06,7.49611369038278e-09,0.192
14.837780453211652,1.1276713144440855,0.00403344711978052,4.846098390888569e-07,2.6331387918978605e-06,7.484155059368942e-09,0.192
14.837780453211652,1.139541538806655,0.004033447119838847,4.844704382993073e-07,2.6331387928061974e-06,7.481973483663203e-09,0.192
14.837780453211652,1.1514117631692242,0.0040334471198483915,4.844492264068838e-07,2.6331387929449177e-06,7.481641369531418e-09,0.192
14.837780453211652,1.1632819875317935,0.004033447119850188,4.844466364211759e-07,2.633138792962267e-06,7.481600799236207e-09,0.192
14.837780453211652,1.175152211894363,0.00403344711985198,4.844463980717357e-07,2.633138792964926e-06,7.481597063907254e-09,0.192
14.837780453211652,1.1870224362569322,0.004033447119853775,4.844463833454308e-07,2.6331387929661897e-06,7.481596833012134e-09,0.192
16.692503009863106,0.011870224362569322,0.0039833014643122265,0.12044573695998981,2.028907636710499e-06,0.0014513151667321824,0.192
16.692503009863106,0.023740448725138644,0.003983301466336319,0.12044573210774048,2.0289076554903606e-06,0.0014513151216362105,0.192
16.692503009863106,0.03561067308770797,0.003983301469877637,0.1204457236116863,2.0289076883804746e-06,0.001451315042653685,0.192
16.692503009863106,0.04748089745027729,0.0039833014760125305,0.12044570888685235,2.0289077453976614e-06,0.0014513149057284744,0.192
16.692503009863106,0.0593511218128466,0.003983301486533076,0.12044568362939377,2.0289078432242786e-06,0.0014513146707964952,0.192
16.692503009863106,0.07122134617541594,0.003983301504388386,0.1204456407568217,2.028908009321264e-06,0.0014513142719077936,0.192
16.692503009863106,0.08309157053798526,0.003983301534374206,0.12044556875182443,2.0289082883579914e-06,0.001451313601784352,0.192
16.692503009863106,0.09496179490055458,0.003983301584195176,0.12044544911097932,2.028908752120669e-06,0.001451312488023564,0.192
16.692503009863106,0.1068320192631239,0.0039833016660770085,0.12044525247245952,2.028909514556393e-06,0.0014513106569673218,0.192
16.692503009863106,0.1187022436256932,0.003983301799176599,0.12044493282849143,2.0289107542665863e-06,0.0014513076796805592,0.192
16.692503009863106,0.13057246798826255,0.003983302013126338,0.12044441901250197,2.028912747604701e-06,0.0014513028924607568,0.192
16.692503009863106,0.14244269235083187,0.003983302353161736,0.12044360238484346,2.028915916573275e-06,0.0014512952818041085,0.192
16.692503009863106,0.15431291671340117,0.003983302887409219,0.12044231932823787,2.028920896937549e-06,0.0014512833208156957,0.192
16.692503009863106,0.16618314107597051,0.003983303717058079,0.1204403268189833,2.0289286333277655e-06,0.0014512647408008166,0.192
16.692503009863106,0.17805336543853983,0.0039833049902811115,0.12043726899260065,2.02894050946799e-06,0.0014512362184892237,0.192
16.692503009863106,0.18992358980110916,0.003983306920895753,0.12043263232444278,2.028958522856164e-06,0.001451192956496959,0.192
16.692503009863106,0.20179381416367848,0.003983309812827503,0.12042568687401066,2.028985513926377e-06,0.001451128132931634,0.192
16.692503009863106,0.2136640385262478,0.003983314091413051,0.12041541110219446,2.0290254595493065e-06,0.0014510321964678594,0.192
16.692503009863106,0.2255342628888171,0.003983320342402972,0.12040039819379762,2.029083839172088e-06,0.0014508919869510777,0.192
16.692503009863106,0.2374044872513864,0.0039833293591381765,0.1203787427483419,2.0291680784209695e-06,0.0014506896699426862,0.192
16.692503009863106,0.24927471161395579,0.003983342197717225,0.12034790827629213,2.0292880690804194e-06,0.0014504014878104117,0.192
16.692503009863106,0.2611449359765251,0.00398336023901125,0.12030457824743415,2.0294567556966293e-06,0.0014499963507824526,0.192
16.692503009863106,0.2730151603390944,0.003983385255114315,0.12024449648295174,2.029690767661861e-06,0.001449434318742455,0.192
16.692503009863106,0.28488538470166375,0.0039834194763054475,0.12016230631627846,2.0300110621154867e-06,0.0014486650570188608,0.192
16.692503009863106,0.29675560906423304,0.003983465652981628,0.1200514018293513,2.0304435286675403e-06,0.0014476263838409588,0.192
16.692503009863106,0.30862583342680233,0.003983527105534663,0.11990380804215514,2.0310194939283104e-06,0.0014462430584148605,0.192
16.692503009863106,0.32049605778937174,0.003983607754099984,0.1197101094444028,2.0317760548899254e-06,0.0014444259800440217,0.192
16.692503009863106,0.33236628215194103,0.003983712119853967,0.1194594468607313,2.032756168408567e-06,0.0014420719730399113,0.192
16.692503009863106,0.3442365065145103,0.0039838452904047235,0.11913960055754798,2.034008432065913e-06,0.0014390643128880764,0.192
16.692503009863106,0.35610673087707967,0.0039840128440070096,0.11873717224971123,2.0355865110359328e-06,0.0014352741026691942,0.192
16.692503009863106,0.36797695523964896,0.003984220730817274,0.1182378702940121,2.037548195762049e-06,0.001430562536251821,0.192
16.692503009863106,0.3798471796022183,0.003984475113885797,0.1176268915950528,2.0399541133239315e-06,0.0014247839933250379,0.192
16.692503009863106,0.3917174039647876,0.003984782177465755,0.11688938201852364,2.0428661560807117e-06,0.0014177898135600971,0.192
16.692503009863106,0.40358762832735695,0.0039851479147114755,0.11601094631855476,2.046345727774691e-06,0.0014094325092826895,0.192
16.692503009863106,0.41545785268992624,0.0039855779100991745,0.11497817074969001,2.0504519329856713e-06,0.001399570114284178,0.192
16.692503009863106,0.4273280770524956,0.0039860771332623285,0.11377911827044297,2.0552398454988756e-06,0.0013880703431577179,0.192
16.692503009863106,0.4391983014150649,0.0039866497600586775,0.11240375834600298,2.0607589826537382e-06,0.0013748142559420584,0.192
16.692503009863106,0.4510685257776342,0.003987299033690844,0.11084430054974834,2.0670520875462274e-06,0.0013596991833638365,0.192
16.692503009863106,0.4629387501402035,0.003988027174122321,0.10909541216575419,2.074154283739181e-06,0.0013426407573617772,0.192
16.692503009863106,0.4748089745027728,0.003988835338678263,0.1071543128484657,2.0820926245298177e-06,0.001323573993910109,0.192
16.692503009863106,0.4866791988653422,0.003989723631491144,0.1050207519575338,2.09088601777313e-06,0.0013024534737622693,0.192
16.692503009863106,0.49854942322791157,0.003990691155108053,0.10269688461964886,2.1005454734690654e-06,0.0012792527479048438,0.192
16.692503009863106,0.5104196475904809,0.0039917360946101245,0.10018706969249783,2.111074598272964e-06,0.0012539631498771292,0.192
16.692503009863106,0.5222898719530502,0.003992855823175633,0.09749761621748024,2.122470249771424e-06,0.0012265922243020586,0.192
16.692503009863106,0.5341600963156194,0.0039940470180195205,0.09463650494357762,2.1347232626351536e-06,0.0011971619827324971,0.192
16.692503009863106,0.5460303206781888,0.003995305776745351,0.09161310885631244,2.1478191660922426e-06,0.0011657071803098402,0.192
16.692503009863106,0.5579005450407581,0.003996627725941074,0.088437932333437,2.1617388244826815e-06,0.0011322737771475872,0.192
16.692503009863106,0.5697707694033275,0.003998008115940526,0.08512238352680308,2.1764589470387574e-06,0.0010969177138035083,0.192
16.692503009863106,0.5816409937658967,0.003999441897738436,0.08167858960926479,2.191952427173142e-06,0.0010597040962473903,0.192
16.692503009863106,0.5935112181284661,0.00400092377987066,0.07811926014316262,2.2081884839413947e-06,0.0010207068559821982,0.192
16.692503009863106,0.6053814424910354,0.004002448264546177,0.07445760028422455,2.225132588278233e-06,0.000980008927117518,0.192
16.692503009863106,0.6172516668536047,0.0040040096634241,0.07070727287747383,2.24274616408536e-06,0.0009377029642311061,0.192
16.692503009863106,0.629121891216174,0.004005602094211992,0.06688240661954518,2.260986059815163e-06,0.000893892611482744,0.192
16.692503009863106,0.6409921155787435,0.004007219459810977,0.06299764614332999,2.279803790813466e-06,0.0008486943223505804,0.192
16.692503009863106,0.6528623399413127,0.00400885541215923,0.05906823885712961,2.299144557658703e-06,0.0008022397174130693,0.192
16.692503009863106,0.6647325643038821,0.004010503303353,0.055110152343593795,2.3189460526772394e-06,0.0007546784509257904,0.192
16.692503009863106,0.6766027886664513,0.00401215612718331,0.051140214781401565,2.3391370776590182e-06,0.0007061815308974731,0.192
16.692503009863106,0.6884730130290206,0.004013806455048107,0.047176268878141435,2.359636012802105e-06,0.0006569449965285625,0.192
16.692503009863106,0.70034323739159,0.004015446371414483,0.04323732688743614,2.3803492026069854e-06,0.000607193795170483,0.192
16.692503009863106,0.7122134617541593,0.0040170674157232545,0.039343710154925195,2.4011693613957254e-06,0.0005571856122055436,0.192
16.692503009863106,0.7240836861167286,0.004018660539925158,0.03551715112345963,2.4219741514469714e-06,0.0005072142863995078,0.192
16.692503009863106,0.7359539104792979,0.0040202160936927385,0.03178082886865671,2.442625151011484e-06,0.00045761228890111075,0.192
16.692503009863106,0.7478241348418672,0.004021723852584325,0.028159301474197488,2.462967505092011e-06,0.0004087515624343643,0.192
16.692503009863106,0.7596943592044366,0.004023173107580036,0.024678291004191583,2.4828306304871364e-06,0.0003610418283949765,0.192
16.692503009863106,0.771564583567006,0.004024552836589542,0.02136427159287927,2.502030411018605e-06,0.0003149253148157031,0.192
16.692503009863106,0.7834348079295752,0.004025851978340988,0.018243811629835613,2.5203733402031684e-06,0.00027086680687665423,0.192
16.692503009863106,0.7953050322921447,0.0040270598245492235,0.01534263184980162,2.5376630057538418e-06,0.00022933807261184985,0.192
16.692503009863106,0.8071752566547139,0.004028166535191892,0.012684367722487707,2.553709114861025e-06,0.00019079618581925155,0.192
16.692503009863106,0.8190454810172833,0.0040291637622495305,0.010289071306340868,2.5683388903837274e-06,0.00015565615399201183,0.192
16.692503009863106,0.8309157053798525,0.004030045339199491,0.008171555139921616,2.581410119291503e-06,0.0001242595771890254,0.192
16.692503009863106,0.8427859297424218,0.004030807960022965,0.006339761283140094,2.592824468306651e-06,9.684266438736888e-05,0.192
16.692503009863106,0.8546561541049912,0.004031451740331476,0.0047934134530224866,2.6025390561247483e-06,7.350843652571216e-05,0.192
16.692503009863106,0.8665263784675605,0.004031980536828071,0.0035232495768291396,2.6105739333506837e-06,5.420875806673014e-05,0.192
16.692503009863106,0.8783966028301298,0.004032401913443103,0.0025111029785920506,2.6170133348522456e-06,3.874132619934821e-05,0.192
16.692503009863106,0.8902668271926991,0.004032726691714172,0.001730982180197775,2.621999484883806e-06,2.6764547714465982e-05,0.192
16.692503009863106,0.9021370515552684,0.004032968105119068,0.0011511020131903954,2.6257192484076093e-06,1.782959939922665e-05,0.192
16.692503009863106,0.9140072759178378,0.004033140671344815,0.0007365922923649754,2.6283856224671317e-06,1.1424883383805656e-05,0.192
16.692503009863106,0.925877500280407,0.0040332589705546415,0.00045243235284910465,2.6302173547526755e-06,7.0249821837473235e-06,0.192
16.692503009863106,0.9377477246429764,0.004033336541735759,0.00026610203418786456,2.631420353918367e-06,4.13531125224075e-06,0.192
16.692503009863106,0.9496179490055456,0.0040333850717482155,0.0001495296573935469,2.6321738655957843e-06,2.325325346136755e-06,0.192
16.692503009863106,0.9614881733681151,0.0040334139671018045,8.01207210464909e-05,2.6326229238250535e-06,1.2466518612597696e-06,0.192
16.692503009863106,0.9733583977306844,0.0040334302998392925,4.0887995806262404e-05,2.6328769326132993e-06,6.364996173260267e-07,0.192
16.692503009863106,0.9852286220932537,0.004033439040955999,1.9890934286837095e-05,2.633012958309521e-06,3.097519179097749e-07,0.192
16.692503009863106,0.9970988464558231,0.004033443458083099,9.280489451435073e-06,2.6330817327990134e-06,1.4454773094634148e-07,0.192
16.692503009863106,1.0089690708183923,0.004033445559230483,4.23326872130387e-06,2.633114463813578e-06,6.59237159412922e-08,0.192
16.692503009863106,1.0208392951809617,0.004033446496903219,1.980849879975548e-06,2.633129077490039e-06,3.081966013519814e-08,0.192
16.692503009863106,1.032709519543531,0.004033446887994181,1.041391116270883e-06,2.633135175461216e-06,1.6171427936432937e-08,0.192
16.692503009863106,1.0445797439061004,0.004033447039792486,6.767472804296497e-07,2.6331375433988883e-06,1.0483263591797826e-08,0.192
16.692503009863106,1.0564499682686697,0.00403344709435284,5.456842546027174e-07,2.6331383948759002e-06,8.437870620038951e-09,0.192
16.692503009863106,1.068320192631239,0.004033447112409112,5.023100916736659e-07,2.6331386767877385e-06,7.760667343908748e-09,0.192
16.692503009863106,1.0801904169938081,0.0040334471178743525,4.891815632442585e-07,2.633138762153931e-06,7.555601339533698e-09,0.192
16.692503009863106,1.0920606413563776,0.004033447119375195,4.855759125122897e-07,2.6331387856090673e-06,7.499257118319576e-09,0.192
16.692503009863106,1.1039308657189468,0.0040334471197457184,4.846859677412708e-07,2.6331387914007754e-06,7.4853442901977e-09,0.192
16.692503009863106,1.1158010900815163,0.0040334471198271125,4.84490891371307e-07,2.6331387926709665e-06,7.482293289223664e-09,0.192
16.692503009863106,1.1276713144440855,0.004033447119843052,4.844534823129537e-07,2.633138792914865e-06,7.48170796208055e-09,0.192
16.692503009863106,1.139541538806655,0.004033447119846599,4.844473290632218e-07,2.6331387929556005e-06,7.481611643551498e-09,0.192
16.692503009863106,1.1514117631692242,0.004033447119848394,4.844464841479575e-07,2.633138792962048e-06,7.481598412281847e-09,0.192
16.692503009863106,1.1632819875317935,0.004033447119850188,4.844463910553893e-07,2.6331387929638006e-06,7.481596953848139e-09,0.192
16.692503009863106,1.175152211894363,0.00403344711985198,4.844463833286198e-07,2.633138792965018e-06,7.481596832745428e-09,0.192
16.692503009863106,1.1870224362569322,0.004033447119853775,4.844463828982547e-07,2.6331387929661926e-06,7.481596825997437e-09,0.192
18.547225566514562,0.011870224362569322,0.003983301628193173,0.12044534373081668,2.0289091616113865e-06,0.0014513115047121545,0.192
18.547225566514562,0.023740448725138644,0.003983301731604998,0.1204450953814857,2.0289101251983086e-06,0.0014513091905496392,0.192
18.547225566514562,0.03561067308770797,0.003983301895092457,0.12044470275236409,2.028911648964368e-06,0.0014513055310394678,0.192
18.547225566514562,0.04748089745027729,0.003983302150882895,0.12044408844399523,2.0289140336476593e-06,0.0014512998039098314,0.192
18.547225566514562,0.0593511218128466,0.003983302546896752,0.12044313736707465,2.0289177265613883e-06,0.0014512909348606846,0.192
18.547225566514562,0.07122134617541594,0.0039833031534953125,0.12044168053624854,2.0289233846905193e-06,0.0014512773460228316,0.192
18.547225566514562,0.08309157053798526,0.003983304072661521,0.12043947301982884,2.0289319605800317e-06,0.0014512567496765042,0.192
18.547225566514562,0.09496179490055458,0.00398330545026245,0.12043616448854076,2.0289448171092046e-06,0.0014512258725919757,0.192
18.547225566514562,0.1068320192631239,0.003983307492107129,0.12043126064840982,2.028963877880721e-06,0.0014511800948300237,0.192
18.547225566514562,0.1187022436256932,0.003983310484532385,0.12042407379765324,2.02899182015932e-06,0.0014511129863452553,0.192
18.547225566514562,0.13057246798826255,0.003983314820192586,0.12041366088601937,2.029032316800988e-06,0.0014510157259218232,0.192
18.547225566514562,0.14244269235083187,0.00398332102955753,0.12039874786119525,2.0290903320999108e-06,0.0014508763906032642,0.192
18.547225566514562,0.15431291671340117,0.003983329818309927,0.12037763984729105,2.0291724736257456e-06,0.0014506791106386745,0.192
18.547225566514562,0.16618314107597051,0.003983342110335122,0.12034811788937717,2.029287397646715e-06,0.0014504030957154547,0.192
18.547225566514562,0.17805336543853983,0.003983359095307952,0.12030732465562106,2.0294462595037942e-06,0.00145002155321534,0.192
18.547225566514562,0.18992358980110916,0.003983382279004541,0.12025164359259151,2.029663192416994e-06,0.0014495005381658075,0.192
18.547225566514562,0.20179381416367848,0.003983413533453249,0.1201765784653252,2.0299557891258217e-06,0.001448797796366276,0.192
18.547225566514562,0.2136640385262478,0.003983455142981536,0.12007664275205687,2.0303455513787788e-06,0.0014478616847154197,0.192
18.547225566514562,0.2255342628888171,0.003983509841264461,0.11994527064959813,2.0308582639344025e-06,0.0014466302728297535,0.192
18.547225566514562,0.2374044872513864,0.003983580833824501,0.11977476302041287,2.0315242441181084e-06,0.0014450307435399468,0.192
18.547225566514562,0.24927471161395579,0.003983671800284466,0.11955628196824448,2.032378416932313e-06,0.0014429792123690003,0.192
18.547225566514562,0.2611449359765251,0.0039837868712271525,0.11927990640376489,2.0334601708463374e-06,0.0014403810737804333,0.192
18.547225566514562,0.2730151603390944,0.003983930575889307,0.11893475766320884,2.0348129616182602e-06,0.001437131952623891,0.192
18.547225566514562,0.28488538470166375,0.003984107759110309,0.11850919897482928,2.036483650626689e-06,0.0014331192932693694,0.192
18.547225566514562,0.29675560906423304,0.003984323468806989,0.11799110572095067,2.038521588624601e-06,0.001428224560234059,0.192
18.547225566514562,0.30862583342680233,0.0039845828184253045,0.1173681958079393,2.0409774826075758e-06,0.001422325959782185,0.192
18.547225566514562,0.32049605778937174,0.003984890831868089,0.1166284021315289,2.0439021086801912e-06,0.0014153015314664267,0.192
18.547225566514562,0.33236628215194103,0.003985252280814923,0.11576026332203809,2.0473449532455644e-06,0.001407032411880071,0.192
18.547225566514562,0.3442365065145103,0.0039856715256886294,0.11475330573638508,2.0513528750518852e-06,0.0013974060483612253,0.192
18.547225566514562,0.35610673087707967,0.003986152371512481,0.1135983896895975,2.055968879649162e-06,0.0013863191427406585,0.192
18.547225566514562,0.36797695523964896,0.003986697948506278,0.11228799626908555,2.061231085689593e-06,0.0013736801343296392,0.192
18.547225566514562,0.3798471796022183,0.003987310624710556,0.11081643722304586,2.067171941304334e-06,0.0013594110822643343,0.192
18.547225566514562,0.3917174039647876,0.003987991954624425,0.10917997834713279,2.073817722059133e-06,0.0013434488715249869,0.192
18.547225566514562,0.40358762832735695,0.003988742664322238,0.10737687525110572,2.0811883139399977e-06,0.0013257457343272211,0.192
18.547225566514562,0.41545785268992624,0.003989562670285161,0.10540732814221884,2.089297259391296e-06,0.0013062691396626602,0.192
18.547225566514562,0.4273280770524956,0.0039904511266455585,0.10327336835998077,2.098152024574069e-06,0.0012850011514594286,0.192
18.547225566514562,0.4391983014150649,0.003991406493917907,0.10097869329816139,2.1077544332952216e-06,0.001261937386382203,0.192
18.547225566514562,0.4510685257776342,0.00399242662162183,0.09852846795520497,2.1181012076437183e-06,0.0012370857153002923,0.192
18.547225566514562,0.4629387501402035,0.003993508837379712,0.09592911092956136,2.129184556306226e-06,0.0012104648502057076,0.192
18.547225566514562,0.4748089745027728,0.00399465003588536,0.09318808072212952,2.1409927571872906e-06,0.0011821029447880386,0.192
18.547225566514562,0.4866791988653422,0.003995846762345153,0.09031367531313632,2.1535106894653374e-06,0.0011520363164420173,0.192
18.547225566514562,0.49854942322791157,0.003997095286357462,0.08731485470386416,2.166720279844452e-06,0.0011203083743564362,0.192
18.547225566514562,0.5104196475904809,0.003998391663532856,0.08420109290347032,2.180600837142316e-06,0.001086968815801875,0.192
18.547225566514562,0.5222898719530502,0.003999731783338922,0.08098226300260042,2.195129257570036e-06,0.0010520731330006348,0.192
18.547225566514562,0.5341600963156194,0.0040011114026134685,0.07766855667060205,2.2102800896407465e-06,0.0010156824571545902,0.192
18.547225566514562,0.5460303206781888,0.004002526164909795,0.07427043768348943,2.226025452500427e-06,0.0009778637545405464,0.192
18.547225566514562,0.5579005450407581,0.004003971606337205,0.07079862788923649,2.242334804805708e-06,0.0009386903815800286,0.192
18.547225566514562,0.5697707694033275,0.004005443148883199,0.06726412324214355,2.259174563489872e-06,0.0008982430004673814,0.192
18.547225566514562,0.5816409937658967,0.004006936082404534,0.06367823705444542,2.2765075734169634e-06,0.0008566108529550041,0.192
18.547225566514562,0.5935112181284661,0.004008445536616254,0.06005266727201526,2.2942924307054184e-06,0.0008138933856157528,0.192
18.547225566514562,0.6053814424910354,0.0040099664445559045,0.05639958422768469,2.3124826652052467e-06,0.0007702022134127334,0.192
18.547225566514562,0.6172516668536047,0.004011493499215929,0.052731734804322736,2.3310257921669864e-06,0.0007256633974675704,0.192
18.547225566514562,0.629121891216174,0.0040130211053911015,0.04906255809232728,2.349862250639367e-06,0.0006804199949095223,0.192
18.547225566514562,0.6409921155787435,0.004014543329342116,0.04540630629380876,2.368924257827592e-06,0.0006346348105988953,0.192
18.547225566514562,0.6528623399413127,0.004016053849697646,0.04177816265436627,2.3881346259138687e-06,0.0005884932390408834,0.192
18.547225566514562,0.6647325643038821,0.004017545914158211,0.0381943454610641,2.4074056120445646e-06,0.0005422060266746657,0.192
18.547225566514562,0.6766027886664513,0.0040190123080594865,0.03467218355765045,2.4266379043645584e-06,0.000496011707441841,0.192
18.547225566514562,0.6884730130290206,0.004020445342679298,0.03123014444259456,2.4457198872847098e-06,0.00045017836773167516,0.192
18.547225566514562,0.70034323739159,0.00402183687321595,0.02788779110089727,2.464527375975976e-06,0.00040500428436917387,0.192
18.547225566514562,0.7122134617541593,0.004023178358373352,0.02466563890643711,2.482924058709781e-06,0.00036081686251906113,0.192
18.547225566514562,0.7240836861167286,0.004024460974966777,0.021584880374446534,2.5007629267760497e-06,0.0003179692016196796,0.192
18.547225566514562,0.7359539104792979,0.0040256758011576075,0.018666945075424234,2.5178889898944188e-06,0.00027683357376854877,0.192
18.547225566514562,0.7478241348418672,0.004026814079776882,0.015932867186313305,2.534143548284863e-06,0.00023779116320831755,0.192
18.547225566514562,0.7596943592044366,0.004027867567441729,0.013402446972142802,2.549370194231529e-06,0.0002012176517105943,0.192
18.547225566514562,0.771564583567006,0.004028828964655487,0.011093217744708663,2.5634225209998227e-06,0.000167464702927975,0.192
18.547225566514562,0.7834348079295752,0.004029692406311531,0.009019267721673153,2.5761732137948143e-06,0.0001368381269441044,0.192
18.547225566514562,0.7953050322921447,0.004030453971977683,0.007190014352964268,2.587523804891536e-06,0.00010957444913118249,0.192
18.547225566514562,0.8071752566547139,0.004031112154307004,0.005609079195536752,2.5974139588713635e-06,8.581860712161657e-05,0.192
18.547225566514562,0.8190454810172833,0.004031668207844099,0.004273450037785851,2.6058288321613196e-06,6.560627257187731e-05,0.192
18.547225566514562,0.8309157053798525,0.004032126297126826,0.0031731250752662916,2.612802974668029e-06,4.885447805056171e-05,0.192
18.547225566514562,0.8427859297424218,0.004032493379378165,0.0022913945667893997,2.618419541472724e-06,3.536350854125781e-05,0.192
18.547225566514562,0.8546561541049912,0.004032778795762443,0.0016058225034188585,2.6228042964363863e-06,2.4831302483110638e-05,0.192
18.547225566514562,0.8665263784675605,0.004032993600605015,0.001089857697345139,2.6261148992858805e-06,1.687918202602827e-05,0.192
18.547225566514562,0.8783966028301298,0.004033149715922105,0.0007148645081629207,2.6285270009252446e-06,1.1085250478555785e-05,0.192
18.547225566514562,0.8902668271926991,0.004033259040238327,0.00045226341783832286,2.630219389252687e-06,7.020071256326901e-06,0.192
18.547225566514562,0.9021370515552684,0.004033332650452452,0.0002754481549345379,2.6313605709836693e-06,4.278898401513102e-06,0.192
18.547225566514562,0.9140072759178378,0.004033380208982582,0.00016120977883865697,2.6320986931973316e-06,2.505885770914715e-06,0.192
18.547225566514562,0.925877500280407,0.004033409634954438,9.05265560475636e-05,2.632555787177935e-06,1.4079144515099375e-06,0.192
18.547225566514562,0.9377477246429764,0.00403342703670111,4.872616975065863e-05,2.632826287509776e-06,7.581510764940063e-07,0.192
18.547225566514562,0.9496179490055456,0.0040334368529255996,2.5146709886529808e-05,2.632978963456309e-06,3.9140965180242416e-07,0.192
18.547225566514562,0.9614881733681151,0.004033442123707302,1.2485759627059519e-05,2.6330609837618204e-06,1.9438859839192268e-07,0.192
18.547225566514562,0.9733583977306844,0.0040334448115894725,6.029167020615077e-06,2.6331028301528e-06,9.38689048444161e-08,0.192
18.547225566514562,0.9852286220932537,0.004033446110232948,2.9096672546233856e-06,2.633123056994813e-06,4.528156653637261e-08,0.192
18.547225566514562,0.9970988464558231,0.004033446703084404,1.4855598392224606e-06,2.633132294781974e-06,2.309118128848396e-08,0.192
18.547225566514562,1.0089690708183923,0.004033446958048363,8.731007621517208e-07,2.633136269264228e-06,1.3543909516355008e-08,0.192
18.547225566514562,1.0208392951809617,0.004033447060999544,6.257968704857759e-07,2.6331378747641785e-06,9.687254107573232e-09,0.192
18.547225566514562,1.032709519543531,0.004033447099882616,5.323941638245051e-07,2.633138481379008e-06,8.230067131414978e-09,0.192
18.547225566514562,1.0445797439061004,0.004033447113559739,4.995398954279427e-07,2.633138694839848e-06,7.717297681581103e-09,0.192
18.547225566514562,1.0564499682686697,0.004033447118018146,4.888300698477926e-07,2.6331387644512173e-06,7.550078534519746e-09,0.192
18.547225566514562,1.068320192631239,0.004033447119357124,4.856131059226681e-07,2.6331387853687865e-06,7.49983017613022e-09,0.192
18.547225566514562,1.0801904169938081,0.00403344711972511,4.84728661355727e-07,2.63313879112184e-06,7.4860098829518e-09,0.192
18.547225566514562,1.0920606413563776,0.004033447119816833,4.845078645675956e-07,2.6331387925585182e-06,7.482558371911176e-09,0.192
18.547225566514562,1.1039308657189468,0.004033447119837715,4.844582941464144e-07,2.6331387928813754e-06,7.48178318217608e-09,0.192
18.547225566514562,1.1158010900815163,0.004033447119843011,4.844484045122975e-07,2.6331387929465516e-06,7.481628466736794e-09,0.192
18.547225566514562,1.1276713144440855,0.004033447119844807,4.844466775301023e-07,2.6331387929585003e-06,7.48160143906491e-09,0.192
18.547225566514562,1.139541538806655,0.0040334471198466,4.844464187660001e-07,2.6331387929612866e-06,7.481597387789748e-09,0.192
18.547225566514562,1.1514117631692242,0.004033447119848394,4.844463863948872e-07,2.633138792962659e-06,7.481596880784675e-09,0.192
18.547225566514562,1.1632819875317935,0.004033447119850188,4.844463831464678e-07,2.6331387929638497e-06,7.481596829887403e-09,0.192
18.547225566514562,1.175152211894363,0.00403344711985198,4.844463829014788e-07,2.6331387929650208e-06,7.481596826047111e-09,0.192
18.547225566514562,1.1870224362569322,0.004033447119853775,4.844463828898386e-07,2.6331387929661926e-06,7.481596825865416e-09,0.192
20.40194812316602,0.011870224362569322,0.0039833057941014854,0.12043533885135721,2.0289480417639723e-06,0.0014512181276107234,0.192
20.40194812316602,0.023740448725138644,0.00398330788651563,0.12043031353031705,2.0289675826197244e-06,0.0014511711965802313,0.192
20.40194812316602,0.03561067308770797,0.00398331089757291,0.1204230818921728,2.028995709786442e-06,0.0014511036436963744,0.192
20.40194812316602,0.04748089745027729,0.003983315184787101,0.12041278528048487,2.0290357685516117e-06,0.0014510074344393127,0.192
20.40194812316602,0.0593511218128466,0.003983321223640519,0.12039828170451576,2.0290922100043983e-06,0.001450871878395847,0.192
20.40194812316602,0.07122134617541594,0.0039833296374922585,0.12037807400390903,2.029170872522354e-06,0.0014506829531731,0.192
20.40194812316602,0.08309157053798526,0.003983341231522154,0.12035022831998432,2.0292793019918734e-06,0.001450422535273763,0.192
20.40194812316602,0.09496179490055458,0.003983357029893673,0.12031228483498496,2.029427103613916e-06,0.0014500675551000705,0.192
20.40194812316602,0.1068320192631239,0.00398337831470267,0.1202611642202707,2.0296263125935395e-06,0.0014495891065905544,0.192
20.40194812316602,0.1187022436256932,0.003983406664580805,0.12019307491283167,2.0298917647463055e-06,0.0014489515570436267,0.192
20.40194812316602,0.13057246798826255,0.003983443990104667,0.12010342806215049,2.0302414416711537e-06,0.0014481117180140963,0.192
20.40194812316602,0.14244269235083187,0.003983492562522064,0.11998676852714893,2.03069675950714e-06,0.001447018151698481,0.192
20.40194812316602,0.15431291671340117,0.003983555031863707,0.11983673136549888,2.031282766486703e-06,0.0014456106963638693,0.192
20.40194812316602,0.16618314107597051,0.003983634430398017,0.1196460335266044,2.0320282136778313e-06,0.0014438202963492745,0.192
20.40194812316602,0.17805336543853983,0.003983734157724573,0.11940650964427023,2.0329654664862796e-06,0.001441569214533426,0.192
20.40194812316602,0.18992358980110916,0.00398385794467473,0.1191091987326906,2.0341302322920003e-06,0.0014387716864254412,0.192
20.40194812316602,0.20179381416367848,0.0039840097945982676,0.11874448519921797,2.035561091984622e-06,0.0014353350452740276,0.192
20.40194812316602,0.2136640385262478,0.003984193902481221,0.11830229310558628,2.0372988392840196e-06,0.0014311613088706964,0.192
20.40194812316602,0.2255342628888171,0.003984414554473666,0.11777232748566845,2.039385649874925e-06,0.0014261491751453414,0.192
20.40194812316602,0.2374044872513864,0.003984676012534366,0.11714435141399059,2.04186412018392e-06,0.0014201963308974283,0.192
20.40194812316602,0.24927471161395579,0.003984982390711242,0.11640848316865302,2.0447762304499925e-06,0.0014132019424012018,0.192
20.40194812316602,0.2611449359765251,0.003985337530773169,0.11555549495672134,2.048162296196613e-06,0.0014050691739048529,0.192
20.40194812316602,0.2730151603390944,0.003985744885276412,0.11457709378593921,2.0520599746796606e-06,0.0013957075741152297,0.192
20.40194812316602,0.28488538470166375,0.00398620741560513,0.11346616637355102,2.056503387872877e-06,0.0013850351827967623,0.192
20.40194812316602,0.29675560906423304,0.003986727511138752,0.11221697331260448,2.0615224118213943e-06,0.0013729802377872562,0.192
20.40194812316602,0.30862583342680233,0.00398730693368016,0.11082528256438885,2.0671421655857115e-06,0.0013594824026228554,0.192
20.40194812316602,0.32049605778937174,0.003987946788932033,0.10928843798430908,2.0733827140191155e-06,0.0013444934805526695,0.192
20.40194812316602,0.33236628215194103,0.0039886475244632555,0.10760536421916024,2.080258979910892e-06,0.0013279776256644564,0.192
20.40194812316602,0.3442365065145103,0.00398940895156375,0.10577651422405775,2.087780844866784e-06,0.0013099111006628832,0.192
20.40194812316602,0.35610673087707967,0.003990230286853461,0.10380376932946503,2.0959534062450772e-06,0.0012902816597952032,0.192
20.40194812316602,0.36797695523964896,0.003991110208591756,0.10169030399588479,2.1047773502195107e-06,0.0012690876528278754,0.192
20.40194812316602,0.3798471796022183,0.003992046922325829,0.09944042813455521,2.114249398486675e-06,0.0012463369521140846,0.192
20.40194812316602,0.3917174039647876,0.003993038230731764,0.09705941935547284,2.1243627875499554e-06,0.0012220458013959396,0.192
20.40194812316602,0.40358762832735695,0.003994081603103572,0.09455335605866344,2.1351077438182685e-06,0.001196237674643033,0.192
20.40194812316602,0.41545785268992624,0.003995174240780827,0.09192896027925614,2.1464719237831104e-06,0.0011689422187574482,0.192
20.40194812316602,0.4273280770524956,0.0039963131357307795,0.08919345697387397,2.158440795209654e-06,0.001140194337949053,0.192
20.40194812316602,0.4391983014150649,0.003997495120402997,0.08635445426938715,2.170997941747826e-06,0.0011100334620437672,0.192
20.40194812316602,0.4510685257776342,0.003998716907774217,0.08341984727324707,2.184125279061084e-06,0.0010785030273152314,0.192
20.40194812316602,0.4629387501402035,0.003999975121156627,0.08039774647161753,2.19780317516955e-06,0.0010456501873843099,0.192
20.40194812316602,0.4748089745027728,0.004001266313838561,0.07729643054948912,2.2120104711200654e-06,0.001011525763524836,0.192
20.40194812316602,0.4866791988653422,0.004002586978972538,0.07412432263584952,2.226724400406413e-06,0.0009761844381635257,0.192
20.40194812316602,0.49854942322791157,0.004003933550344529,0.07088998845199446,2.2419204069639013e-06,0.0009396851919970499,0.192
20.40194812316602,0.5104196475904809,0.004005302394779863,0.06760215454860453,2.257571862324909e-06,0.0009020919833176697,0.192
20.40194812316602,0.5222898719530502,0.00400668979699966,0.06426974467574822,2.2736496829686852e-06,0.0008634746670651523,0.192
20.40194812316602,0.5341600963156194,0.004008091937773625,0.0609019322562763,2.2901218493967793e-06,0.0008239101499284075,0.192
20.40194812316602,0.5460303206781888,0.004009504866249458,0.05750820684522522,2.306952829422431e-06,0.000783483775518835,0.192
20.40194812316602,0.5579005450407581,0.004010924467417987,0.05409845227477646,2.3241029100546244e-06,0.0007422909290965002,0.192
20.40194812316602,0.5697707694033275,0.004012346425820708,0.050683033824643474,2.341527445727404e-06,0.0007004388432335837,0.192
20.40194812316602,0.5816409937658967,0.00401376618686553,0.0472728911379386,2.3591760361186296e-06,0.0006580485726070435,0.192
20.40194812316602,0.5935112181284661,0.004015178917518334,0.04387963263751985,2.3769916551487764e-06,0.0006152570860662261,0.192
20.40194812316602,0.6053814424910354,0.004016579468717854,0.0405156258045522,2.394909764743273e-06,0.0005722193953167833,0.192
20.40194812316602,0.6172516668536047,0.004017962342648076,0.03719407579026306,2.4128574633413917e-06,0.0005291106001726412,0.192
20.40194812316602,0.629121891216174,0.004019321669012302,0.03392908240949796,2.4307527404892227e-06,0.00048612767904015786,0.192
20.40194812316602,0.6409921155787435,0.004020651195665591,0.03073566264874567,2.4485039351723474e-06,0.0004434907900838544,0.192
20.40194812316602,0.6528623399413127,0.004021944300313146,0.02762972257827335,2.466009525807597e-06,0.0004014437758335335,0.192
20.40194812316602,0.6647325643038821,0.004023194031314168,0.0246279593592108,2.483158411273335e-06,0.0003602534884270423,0.192
20.40194812316602,0.6766027886664513,0.004024393186665659,0.021747671548400772,2.499830869700292e-06,0.0003202074870027681,0.192
20.40194812316602,0.6884730130290206,0.00402553444054651,0.019006455171790476,2.5159003962916005e-06,0.000281609623808993,0.192
20.40194812316602,0.70034323739159,0.004026610525767703,0.016421765515776846,2.5312366107857455e-06,0.00024477306117192435,0.192
20.40194812316602,0.7122134617541593,0.004027614477372428,0.014010332043355613,2.545709373965092e-06,0.00021001038445336067,0.192
20.40194812316602,0.7240836861167286,0.004028539936717629,0.01178742803526077,2.5591941453089818e-06,0.0001776207338355949,0.192
20.40194812316602,0.7359539104792979,0.004029381506197293,0.009766018585310754,2.5715784404102526e-06,0.0001478742944336109,0.192
20.40194812316602,0.7478241348418672,0.004030135132559409,0.007955839904553931,2.5827690109205805e-06,0.0001209950507222534,0.192
20.40194812316602,0.7596943592044366,0.0040307984829000346,0.0063624961955478015,2.592699098786637e-06,9.714336219606539e-05,0.192
20.40194812316602,0.771564583567006,0.004031371264767227,0.004986690750576152,2.6013348672337455e-06,7.64005160278933e-05,0.192
20.40194812316602,0.7834348079295752,0.004031855434602374,0.003823725233088458,2.6086799660620037e-06,5.875776057560015e-05,0.192
20.40194812316602,0.7953050322921447,0.004032255241677456,0.00286339407071896,2.6147772372724586e-06,4.411220730180629e-05,0.192
20.40194812316602,0.8071752566547139,0.004032577071097386,0.002090361472600137,2.6197068683718166e-06,3.227126499021564e-05,0.192
20.40194812316602,0.8190454810172833,0.004032829079173645,0.0014850371636617877,2.6235808446765774e-06,2.2965963625415337e-05,0.192
20.40194812316602,0.8309157053798525,0.004033020652378435,0.001024875887049886,2.6265342351385542e-06,1.5871884303695185e-05,0.192
20.40194812316602,0.8427859297424218,0.004033161757475402,0.0006859383253833336,2.6287144877704697e-06,1.0634870496588576e-05,0.192
20.40194812316602,0.8546561541049912,0.0040332622740551815,0.00044449431859423474,2.630270312474182e-06,6.897730943966118e-06,0.192
20.40194812316602,0.8665263784675605,0.004033331403361021,0.0002784428685846228,2.6313417574924225e-06,4.324076052035389e-06,0.192
20.40194812316602,0.8783966028301298,0.004033377227622906,0.00016837065114017868,2.6320527334381097e-06,2.616275682673526e-06,0.192
20.40194812316602,0.8902668271926991,0.004033406458560982,9.815615949416161e-05,2.63250662938501e-06,1.5259900866041443e-06,0.192
20.40194812316602,0.9021370515552684,0.004033424373722665,5.512267637859523e-05,2.632784997571504e-06,8.573300940901081e-07,0.192
20.40194812316602,0.9140072759178378,0.004033434906462005,2.9822190395131844e-05,2.632948746677409e-06,4.6399161233849325e-07,0.192
20.40194812316602,0.925877500280407,0.004033440837010525,1.557647897039383e-05,2.633040991260759e-06,2.42411833853894e-07,0.192
20.40194812316602,0.9377477246429764,0.004033444029529879,7.907729181503834e-06,2.633090669813726e-06,1.2307900739817125e-07,0.192
20.40194812316602,0.9496179490055456,0.004033445669575487,3.9681604515879884e-06,2.633116200890099e-06,6.17505780455811e-08,0.192
20.40194812316602,0.9614881733681151,0.004033446471977362,2.040695755610563e-06,2.633128697035086e-06,3.173335650809326e-08,0.192
20.40194812316602,0.9733583977306844,0.004033446845045644,1.1445379276403125e-06,2.6331345092169937e-06,1.777175181533203e-08,0.192
20.40194812316602,0.9852286220932537,0.004033447009480349,7.495434005092711e-07,2.6331370719792566e-06,1.1615645058408306e-08,0.192
20.40194812316602,0.9970988464558231,0.004033447078004124,5.849399034992544e-07,2.6331381403382487e-06,9.04929052446494e-09,0.192
20.40194812316602,1.0089690708183923,0.004033447104921406,5.202812687076096e-07,2.6331385601595306e-06,8.04081493283208e-09,0.192
20.40194812316602,1.0208392951809617,0.00403344711485495,4.964200228598706e-07,2.633138715144622e-06,7.668515658945615e-09,0.192
20.40194812316602,1.032709519543531,0.004033447118285827,4.881788239965327e-07,2.6331387686928393e-06,7.53988374568459e-09,0.192
20.40194812316602,1.0445797439061004,0.004033447119389743,4.85526392916328e-07,2.6331387859333585e-06,7.498468446483996e-09,0.192
20.40194812316602,1.0564499682686697,0.00403344711971925,4.847347946601858e-07,2.633138791080548e-06,7.486103876657372e-09,0.192
20.40194812316602,1.068320192631239,0.0040334471198102,4.845169824213896e-07,2.633138792497509e-06,7.48270047579243e-09,0.192
20.40194812316602,1.0801904169938081,0.004033447119833243,4.844620971298154e-07,2.633138792854772e-06,7.481842564001646e-09,0.192
20.40194812316602,1.0920606413563776,0.00403344711983942,4.844495324732702e-07,2.6331387929371784e-06,7.481646095757945e-09,0.192
20.40194812316602,1.1039308657189468,0.004033447119841217,4.844469445149105e-07,2.633138792954493e-06,7.481605614553022e-09,0.192
20.40194812316602,1.1158010900815163,0.004033447119843012,4.844464706356208e-07,2.633138792958621e-06,7.48159819944084e-09,0.192
20.40194812316602,1.1276713144440855,0.004033447119844808,4.84446394662252e-07,2.633138792960267e-06,7.481597010213488e-09,0.192
20.40194812316602,1.139541538806655,0.0040334471198466,4.844463842099138e-07,2.633138792961502e-06,7.48159684654289e-09,0.192
20.40194812316602,1.1514117631692242,0.004033447119848394,4.844463830101863e-07,2.6331387929626796e-06,7.481596827749642e-09,0.192
20.40194812316602,1.1632819875317935,0.004033447119850188,4.844463829008632e-07,2.633138792963852e-06,7.48159682603661e-09,0.192
20.40194812316602,1.175152211894363,0.00403344711985198,4.844463828935342e-07,2.6331387929650208e-06,7.481596825922493e-09,0.192
20.40194812316602,1.1870224362569322,0.004033447119853775,4.844463828898386e-07,2.6331387929661926e-06,7.481596825865416e-09,0.192
22.256670679817475,0.011870224362569322,0.0039833543664263265,0.12031868145302109,2.0294023192823657e-06,0.0014501270760865306,0.192
22.256670679817475,0.023740448725138644,0.003983373779101449,0.12027205708895429,2.0295840383207904e-06,0.0014496906326668503,0.192
22.256670679817475,0.03561067308770797,0.003983399374358568,0.12021058353422272,2.0298237302764965e-06,0.001449114951183688,0.192
22.256670679817475,0.04748089745027729,0.003983432760580798,0.12013039774636979,2.0301365300301976e-06,0.001448363680431557,0.192
22.256670679817475,0.0593511218128466,0.003983475840042856,0.12002693078935628,2.030540368158832e-06,0.0014473937542756378,0.192
22.256670679817475,0.07122134617541594,0.00398353082414807,0.1198948712300914,2.031056133978467e-06,0.0014461549999891076,0.192
22.256670679817475,0.08309157053798526,0.003983600237901939,0.11972815438657847,2.031707745144888e-06,0.0014445899710179711,0.192
22.256670679817475,0.09496179490055458,0.0039836869108695805,0.11951998403894327,2.0325220996175826e-06,0.0014426340622881169,0.192
22.256670679817475,0.1068320192631239,0.003983793952420044,0.1192628918816511,2.033528890795345e-06,0.0014402159541560878,0.192
22.256670679817475,0.1187022436256932,0.003983924709983377,0.11894883777776306,2.0347602747894407e-06,0.0014372584115119132,0.192
22.256670679817475,0.13057246798826255,0.0039840827102932035,0.11856935088021506,2.036250389655833e-06,0.0014336794384687617,0.192
22.256670679817475,0.14244269235083187,0.003984271585052955,0.11811570816878779,2.038034738968298e-06,0.001429393758907124,0.192
22.256670679817475,0.15431291671340117,0.003984494983978441,0.11757914330955876,2.0401494649241833e-06,0.001424314562370411,0.192
22.256670679817475,0.16618314107597051,0.0039847564795395295,0.1169510754550574,2.042630547536217e-06,0.0014183554275186536,0.192
22.256670679817475,0.17805336543853983,0.003985059468744814,0.11622334515071807,2.0455129747218648e-06,0.0014114323155097227,0.192
22.256670679817475,0.18992358980110916,0.003985407077821023,0.11538844329006946,2.0488299319704313e-06,0.0014034655163811017,0.192
22.256670679817475,0.20179381416367848,0.003985802075546746,0.11443971928750069,2.0526120591056473e-06,0.0013943814342973087,0.192
22.256670679817475,0.2136640385262478,0.003986246800300208,0.11337155631151585,2.0568868155940978e-06,0.001384114112095991,0.192
22.256670679817475,0.2255342628888171,0.0039867431046790094,0.11217950431423485,2.0616779857690536e-06,0.001372606419780588,0.192
22.256670679817475,0.2374044872513864,0.003987292320005641,0.11086036529667997,2.067005342687357e-06,0.001359810861993262,0.192
22.256670679817475,0.24927471161395579,0.003987895241364774,0.10941222925800302,2.0728844758387043e-06,0.0013456899919252225,0.192
22.256670679817475,0.2611449359765251,0.003988552132233475,0.10783446308392204,2.0793267752454324e-06,0.001330216449582064,0.192
22.256670679817475,0.2730151603390944,0.003989262746438316,0.10612765781472756,2.0863395539663346e-06,0.0013133726676009927,0.192
22.256670679817475,0.28488538470166375,0.0039900263642225165,0.10429354202103978,2.093926283491153e-06,0.0012951503058993544,0.192
22.256670679817475,0.29675560906423304,0.003990841838671965,0.10233487029591742,2.102086912277752e-06,0.0012755494866052923,0.192
22.256670679817475,0.30862583342680233,0.003991707648618359,0.10025529618790374,2.11081823655509e-06,0.0012545779034351442,0.192
22.256670679817475,0.32049605778937174,0.003992621954342137,0.09805923840730965,2.1201142939556034e-06,0.0012322498762228308,0.192
22.256670679817475,0.33236628215194103,0.003993582652847445,0.09575174805909295,2.129966753825392e-06,0.0012085854134174271,0.192
22.256670679817475,0.3442365065145103,0.003994587430075372,0.09333838322857306,2.140365282425655e-06,0.0011836093348808966,0.192
22.256670679817475,0.35610673087707967,0.003995633808070288,0.09082509568889167,2.1512978659961436e-06,0.0011573504958913919,0.192
22.256670679817475,0.36797695523964896,0.003996719185743565,0.08821813298643477,2.1627510792532975e-06,0.0011298411422034848,0.192
22.256670679817475,0.3798471796022183,0.003997840872440113,0.08552395781308499,2.1747102909679964e-06,0.0011011164162354572,0.192
22.256670679817475,0.3917174039647876,0.003998996113976545,0.08274918546110312,2.187159801596625e-06,0.0010712140264577939,0.192
22.256670679817475,0.40358762832735695,0.00400018211117543,0.07990053930186256,2.2000829104513533e-06,0.0010401740860224926,0.192
22.256670679817475,0.41545785268992624,0.00400139603117197,0.07698482362473948,2.213461911621568e-06,0.0010080391225266055,0.192
22.256670679817475,0.4273280770524956,0.004002635011930399,0.07400891278632768,2.2272780189009364e-06,0.0009748542582994126,0.192
22.256670679817475,0.4391983014150649,0.004003896160494588,0.07097975540945829,2.2415112204806434e-06,0.0009406675593861471,0.192
22.256670679817475,0.4510685257776342,0.004005176545532598,0.0679043922881806,2.2561400643118152e-06,0.0009055305510596923,0.192
22.256670679817475,0.4629387501402035,0.004006473184736637,0.0647899866499246,2.2711413750068762e-06,0.0008694988977710525,0.192
22.256670679817475,0.4748089745027728,0.004007783027628923,0.06164386545267398,2.2864899031422778e-06,0.0008326332454672592,0.192
22.256670679817475,0.4866791988653422,0.004009102934318258,0.058473570408118736,2.302157908064122e-06,0.0007950002236309081,0.192
22.256670679817475,0.49854942322791157,0.004010429650770734,0.05528691737843908,2.3181146760296556e-06,0.0007566736026397428,0.192
22.256670679817475,0.5104196475904809,0.004011759781216897,0.05209206265083158,2.3343259770286313e-06,0.0007177355984145896,0.192
22.256670679817475,0.5222898719530502,0.004013089758438586,0.048897574305645106,2.3507534662561305e-06,0.0006782783100144306,0.192
22.256670679817475,0.5341600963156194,0.004014415812878225,0.045712506413474935,2.3673540403472942e-06,0.0006384052658962472,0.192
22.256670679817475,0.5460303206781888,0.004015733941813722,0.042546473074778324,2.3840791645836197e-06,0.0005982330399081242,0.192
22.256670679817475,0.5579005450407581,0.0040170398802638445,0.03940971830454023,2.400874195819424e-06,0.0005578928775765372,0.192
22.256670679817475,0.5697707694033275,0.00401832907584574,0.03631317642518188,2.41767773730151e-06,0.0005175322458079456,0.192
22.256670679817475,0.5816409937658967,0.004019596670507685,0.033268515946452415,2.434421076171034e-06,0.00047731618402008377,0.192
22.256670679817475,0.5935112181284661,0.004020837492894589,0.030288157909350483,2.451027772213071e-06,0.00043742829202281285,0.192
22.256670679817475,0.6053814424910354,0.004022046066023505,0.027385257457496946,2.4674134867023782e-06,0.0003980711412481764,0.192
22.256670679817475,0.6172516668536047,0.004023216635863664,0.024573635200700127,2.4834861613187115e-06,0.00035946584519089394,0.192
22.256670679817475,0.629121891216174,0.004024343227156922,0.02186764315177054,2.4991466759116653e-06,0.0003218504797444784,0.192
22.256670679817475,0.6409921155787435,0.004025419733125295,0.01928194927115049,2.5142901252800412e-06,0.00028547701676709164,0.192
22.256670679817475,0.6528623399413127,0.004026440045230414,0.01683122581242544,2.528807851790901e-06,0.0002506064422257597,0.192
22.256670679817475,0.6647325643038821,0.004027398227426292,0.014529730799020943,2.5425903433969114e-06,0.00021750179574643756,0.192
22.256670679817475,0.6766027886664513,0.004028288735915476,0.012390780204091423,2.5555310456233288e-06,0.00018641901486903098,0.192
22.256670679817475,0.6884730130290206,0.004029106679921264,0.010426121607942911,2.5675310337581646e-06,0.00015759571309683187,0.192
22.256670679817475,0.70034323739159,0.004029848111397639,0.008645238344691155,2.578504346713201e-06,0.0001312383685363989,0.192
22.256670679817475,0.7122134617541593,0.004030510322468141,0.007054635070570405,2.5883836077067118e-06,0.00010750882341270968,0.192
22.256670679817475,0.7240836861167286,0.004031092120127094,0.005657177934223204,2.5971253765410557e-06,8.651142801666016e-05,0.192
22.256670679817475,0.7359539104792979,0.004031594040629921,0.004451579593346282,2.6047145386041147e-06,6.828249808401614e-05,0.192
22.256670679817475,0.7478241348418672,0.004032018463946192,0.003432124259302555,2.6111669921997446e-06,5.278385919993134e-05,0.192
22.256670679817475,0.7596943592044366,0.0040323695943430705,0.0025887142774838803,2.6165299982531206e-06,3.990200583095255e-05,0.192
22.256670679817475,0.771564583567006,0.004032653287932447,0.0019072842877413793,2.6208798263556205e-06,2.945375431833377e-05,0.192
22.256670679817475,0.7834348079295752,0.004032876730624034,0.0013705747075359164,2.6243167409199144e-06,2.1198284873823366e-05,0.192
22.256670679817475,0.7953050322921447,0.004033047996090587,0.0009591934342856673,2.6269578380278625e-06,1.4854346357089509e-05,0.192
22.256670679817475,0.8071752566547139,0.004033175536490081,0.000652839084432601,2.6289286470828925e-06,1.0120428308771562e-05,0.192
22.256670679817475,0.8190454810172833,0.004033267672002676,0.0004315271034389702,2.6303546340667418e-06,6.69516974250308e-06,0.192
22.256670679817475,0.8309157053798525,0.004033332144376948,0.00027666215094560107,2.6313537166363464e-06,4.295337912917732e-06,0.192
22.256670679817475,0.8427859297424218,0.0040333757846707985,0.00017183621050350606,2.6320306357098647e-06,2.669348130967211e-06,0.192
22.256670679817475,0.8546561541049912,0.004033404320772595,0.00010329095922833204,2.632473608738445e-06,1.6053031708169825e-06,0.192
22.256670679817475,0.8665263784675605,0.004033422323347463,6.004764429557724e-05,2.632753241297194e-06,9.336082529828463e-07,0.192
22.256670679817475,0.8783966028301298,0.004033433266680853,3.376097237015338e-05,2.632923312008687e-06,5.250862256332834e-07,0.192
22.256670679817475,0.8902668271926991,0.004033439668020966,1.8384436850890042e-05,2.633022840725579e-06,2.860102309869735e-07,0.192
22.256670679817475,0.9021370515552684,0.004033443266397095,9.740815143560034e-06,2.6330788116925597e-06,1.5156296267071741e-07,0.192
22.256670679817475,0.9140072759178378,0.00403344520741688,5.078294531114384e-06,2.633109014907701e-06,7.901187182940588e-08,0.192
22.256670679817475,0.925877500280407,0.0040334462105743206,2.6686026873759326e-06,2.633124630269619e-06,4.1502100764121923e-08,0.192
22.256670679817475,0.9377477246429764,0.004033446706476946,1.4773869163801747e-06,2.633132352357546e-06,2.295275136152014e-08,0.192
22.256670679817475,0.9496179490055456,0.004033446940532499,9.151561994048273e-07,2.63313599830121e-06,1.419474081156658e-08,0.192
22.256670679817475,0.9614881733681151,0.0040334470457937125,6.623048828139532e-07,2.6331376385509185e-06,1.0254642784221912e-08,0.192
22.256670679817475,0.9733583977306844,0.004033447090801686,5.541896998860832e-07,2.633138340134854e-06,8.569339003817542e-09,0.192
22.256670679817475,0.9852286220932537,0.004033447109054318,5.103443763100039e-07,2.6331386247535876e-06,7.885642204704026e-09,0.192
22.256670679817475,0.9970988464558231,0.004033447116056044,4.935252348971024e-07,2.633138733970641e-06,7.623285573130796e-09,0.192
22.256670679817475,1.0089690708183923,0.004033447118589115,4.874407650193735e-07,2.633138773494209e-06,7.528343613321175e-09,0.192
22.256670679817475,1.0208392951809617,0.0040334471194504165,4.853719744293822e-07,2.6331387869371896e-06,7.496051348781582e-09,0.192
22.256670679817475,1.032709519543531,0.004033447119724822,4.847133559304375e-07,2.6331387912184443e-06,7.485767356629248e-09,0.192
22.256670679817475,1.0445797439061004,0.004033447119806222,4.845178780388669e-07,2.6331387924895054e-06,7.4827140484899e-09,0.192
22.256670679817475,1.0564499682686697,0.00403344711982879,4.844640567129043e-07,2.6331387928396845e-06,7.48187309512448e-09,0.192
22.256670679817475,1.068320192631239,0.004033447119835833,4.844503886082553e-07,2.633138792929508e-06,7.481659461443606e-09,0.192
22.256670679817475,1.0801904169938081,0.004033447119837629,4.844472085837171e-07,2.633138792950507e-06,7.481609740974005e-09,0.192
22.256670679817475,1.0920606413563776,0.004033447119839425,4.844465361756443e-07,2.6331387929558715e-06,7.481599224250312e-09,0.192
22.256670679817475,1.1039308657189468,0.0040334471198412184,4.844464082119947e-07,2.6331387929578405e-06,7.481597222192855e-09,0.192
22.256670679817475,1.1158010900815163,0.004033447119843013,4.844463865577757e-07,2.6331387929591466e-06,7.481596883290415e-09,0.192
22.256670679817475,1.1276713144440855,0.004033447119844808,4.84446383349743e-07,2.6331387929603375e-06,7.481596833066084e-09,0.192
22.256670679817475,1.139541538806655,0.0040334471198466,4.844463829427293e-07,2.6331387929615102e-06,7.481596826691458e-09,0.192
22.256670679817475,1.1514117631692242,0.004033447119848394,4.844463829009254e-07,2.633138792962681e-06,7.481596826036642e-09,0.192
22.256670679817475,1.1632819875317935,0.004033447119850188,4.844463828972298e-07,2.633138792963852e-06,7.481596825979567e-09,0.192
22.256670679817475,1.175152211894363,0.00403344711985198,4.844463828935342e-07,2.6331387929650208e-06,7.481596825922493e-09,0.192
22.256670679817475,1.1870224362569322,0.004033447119853775,4.844463828898386e-07,2.6331387929661926e-06,7.481596825865416e-09,0.192
24.11139323646893,0.011870224362569322,0.003983644734053457,0.11962128192315487,2.032126351826927e-06,0.0014435845455496,0.192
24.11139323646893,0.023740448725138644,0.003983737612329115,0.11939820689466604,2.0329996102744987e-06,0.0014414871540527638,0.192
24.11139323646893,0.03561067308770797,0.00398385067087696,0.11912666218362088,2.034063765800192e-06,0.0014389312595408587,0.192
24.11139323646893,0.04748089745027729,0.0039839869025320405,0.11879945932391048,2.035347673946157e-06,0.001435847554243829,0.192
24.11139323646893,0.0593511218128466,0.003984149411317464,0.1184091427514369,2.036881512617578e-06,0.0014321635539042336,0.192
24.11139323646893,0.07122134617541594,0.00398434134627162,0.11794814874087954,2.0386962275672165e-06,0.0014278049296369876,0.192
24.11139323646893,0.08309157053798526,0.003984565827451559,0.11740898313696238,2.040822908710384e-06,0.00142269700594481,0.192
24.11139323646893,0.09496179490055458,0.0039848258678309035,0.1167844089484513,2.043292128713528e-06,0.0014167663493675352,0.192
24.11139323646893,0.1068320192631239,0.003985124295345284,0.11606763359055573,2.0461332795396768e-06,0.0014099423620584116,0.192
24.11139323646893,0.1187022436256932,0.003985463679472691,0.11525248523699806,2.049373943493275e-06,0.0014021587925138678,0.192
24.11139323646893,0.13057246798826255,0.0039858462664436435,0.11433356844531906,2.053039332629885e-06,0.0013933550821117397,0.192
24.11139323646893,0.14244269235083187,0.003986273926490522,0.11330639086710478,2.0571518245378084e-06,0.0013834774801837018,0.192
24.11139323646893,0.15431291671340117,0.003986748115554669,0.11216745523249126,2.061730614255265e-06,0.001372479880146069,0.192
24.11139323646893,0.16618314107597051,0.00398726985270564,0.11091431359522361,2.066791492543032e-06,0.0013603243521363854,0.192
24.11139323646893,0.17805336543853983,0.003987839713332951,0.10954558369347968,2.072346751059791e-06,0.0013469813708371057,0.192
24.11139323646893,0.18992358980110916,0.003988457837080579,0.10806092989864026,2.0784052062463967e-06,0.0013324297581629556,0.192
24.11139323646893,0.20179381416367848,0.0039891239486153475,0.1064610133370344,2.084972326717049e-06,0.0013166563773234754,0.192
24.11139323646893,0.2136640385262478,0.0039898373887135114,0.10474741722664241,2.092050444137601e-06,0.0012996556263449423,0.192
24.11139323646893,0.2255342628888171,0.003990597152835155,0.10292255422731957,2.0996390250515794e-06,0.0012814287851892372,0.192
24.11139323646893,0.2374044872513864,0.0039914019343123015,0.10098956270788534,2.107734980704754e-06,0.0012619832715921302,0.192
24.11139323646893,0.24927471161395579,0.00399225016945615,0.09895219840230421,2.116332993225358e-06,0.0012413318576066643,0.192
24.11139323646893,0.2611449359765251,0.003993140082228299,0.0968147271122595,2.1254258390396583e-06,0.001219491892778686,0.192
24.11139323646893,0.2730151603390944,0.003994069726553459,0.09458182307363043,2.135004693629875e-06,0.0011964845721298674,0.192
24.11139323646893,0.28488538470166375,0.003995037024818189,0.0922584764836361,2.145059405215848e-06,0.001172334278778638,0.192
24.11139323646893,0.29675560906423304,0.003996039801551967,0.0898499125989612,2.1555787282988685e-06,0.0011470680229655717,0.192
24.11139323646893,0.30862583342680233,0.003997075811692093,0.08736152384316294,2.166550510995181e-06,0.0011207149920703598,0.192
24.11139323646893,0.32049605778937174,0.003998142763170917,0.08479881555121001,2.1779618325590186e-06,0.0010933062202684908,0.192
24.11139323646893,0.33236628215194103,0.003999238333826684,0.08216736534810651,2.189799089394699e-06,0.001064874381912719,0.192
24.11139323646893,0.3442365065145103,0.004000360182829023,0.07947279570373322,2.2020480291946896e-06,0.0010354537095124542,0.192
24.11139323646893,0.35610673087707967,0.00400150595693302,0.07672075890868613,2.214693733674194e-06,0.0010050800351804419,0.192
24.11139323646893,0.36797695523964896,0.0040026732919456786,0.07391693354959193,2.2277205507892853e-06,0.0009737909534164376,0.192
24.11139323646893,0.3798471796022183,0.004003859809816075,0.07106703149647532,2.2411119774269183e-06,0.0009416261028542614,0.192
24.11139323646893,0.3917174039647876,0.004005063111758601,0.06817681441884635,2.2548504934480606e-06,0.0009086275648555135,0.192
24.11139323646893,0.40358762832735695,0.004006280767799672,0.06525211889183682,2.2689173477618053e-06,0.0008748403773211213,0.192
24.11139323646893,0.41545785268992624,0.004007510303114787,0.0622988892121404,2.283292296922704e-06,0.0008403131625389251,0.192
24.11139323646893,0.4273280770524956,0.004008749181502825,0.059323217090527604,2.2979532966958654e-06,0.00080509886799958,0.192
24.11139323646893,0.4391983014150649,0.004009994786339143,0.05633138739960299,2.3128761472587778e-06,0.0007692556185736957,0.192
24.11139323646893,0.4510685257776342,0.004011244399369608,0.053329929108398136,2.328034093361107e-06,0.0007328476768779312,0.192
24.11139323646893,0.4629387501402035,0.004012495177760978,0.050325670404803444,2.343397382023791e-06,0.0006959465056299591,0.192
24.11139323646893,0.4748089745027728,0.00401374412992402,0.047325796766133146,2.3589327824461798e-06,0.0006586319207798931,0.192
24.11139323646893,0.4866791988653422,0.004014988090783587,0.0443379103584106,2.374603075957988e-06,0.0006209933165964868,0.192
24.11139323646893,0.49854942322791157,0.00401622369739851,0.041370088596140324,2.3903665283884757e-06,0.00058313093299311,0.192
24.11139323646893,0.5104196475904809,0.004017447366145077,0.03843093894689023,2.40617636342955e-06,0.0005451571204765382,0.192
24.11139323646893,0.5222898719530502,0.004018655273081751,0.035529646095526356,2.4219802637181873e-06,0.0005071975385302616,0.192
24.11139323646893,0.5341600963156194,0.004019843339612515,0.03267600638267737,2.437719936633424e-06,0.00046939219857747224,0.192
24.11139323646893,0.5460303206781888,0.004021007226153814,0.02988044302054224,2.4533307941577323e-06,0.0004318962329947277,0.192
24.11139323646893,0.5579005450407581,0.00402214233715732,0.02715399403473169,2.468741810167152e-06,0.00039488023798594694,0.192
24.11139323646893,0.5697707694033275,0.00402324384148737,0.024508263326248798,2.4838756331448046e-06,0.00035853000298434457,0.192
24.11139323646893,0.5816409937658967,0.004024306712697108,0.0219553239415434,2.4986490456175624e-06,0.00032304540729266953,0.192
24.11139323646893,0.5935112181284661,0.004025325794026028,0.019507561964791583,2.5129738704757346e-06,0.0002886382433850684,0.192
24.11139323646893,0.6053814424910354,0.004026295892735958,0.0171774499416576,2.5267584242918923e-06,0.00025552872639459496,0.192
24.11139323646893,0.6172516668536047,0.0040272119074319405,0.01497724108096018,2.539909603109537e-06,0.00022394048448385028,0.192
24.11139323646893,0.629121891216174,0.004028068989962533,0.012918580394286137,2.552335650614228e-06,0.00019409391018525383,0.192
24.11139323646893,0.6409921155787435,0.004028862740120371,0.011012037052991024,2.5639495966438438e-06,0.0001661979016099741,0.192
24.11139323646893,0.6528623399413127,0.004029589426539631,0.009266573815796972,2.5746732632752054e-06,0.00014044024030750453,0.192
24.11139323646893,0.6647325643038821,0.004030246221142712,0.007688983907092629,2.584441620151035e-06,0.00011697713015589511,0.192
24.11139323646893,0.6766027886664513,0.004030831427887907,0.006283341574102773,2.593207143516147e-06,9.59227271739712e-05,0.192
24.11139323646893,0.6884730130290206,0.004031344680665498,0.005050526735202428,2.6009437188241706e-06,7.733976544138416e-05,0.192
24.11139323646893,0.70034323739159,0.004031787081712558,0.003987892488740933,2.607649558077401e-06,6.123254935190498e-05,0.192
24.11139323646893,0.7122134617541593,0.0040321612527536455,0.003089142236843431,2.613348615769991e-06,4.7543551937606285e-05,0.192
24.11139323646893,0.7240836861167286,0.004032471277679578,0.0023444673227824768,2.618090107138635e-06,3.615457121599516e-05,0.192
24.11139323646893,0.7359539104792979,0.004032722528184969,0.00174096579308136,2.6219459614017274e-06,2.6892846557359108e-05,0.192
24.11139323646893,0.7478241348418672,0.004032921380862397,0.0012633218814267673,2.6250063493830693e-06,1.954180037663883e-05,0.192
24.11139323646893,0.7596943592044366,0.00403307485241333,0.0008946821841381121,2.6273737457867077e-06,1.385529972808152e-05,0.192
24.11139323646893,0.771564583567006,0.004033190194417042,0.0006176289907217162,2.6291562413512554e-06,9.573719935417032e-06,0.192
24.11139323646893,0.7834348079295752,0.004033274496361485,0.00041513378956146545,2.6304609390294254e-06,6.439806700763814e-06,0.192
24.11139323646893,0.7953050322921447,0.004033334343128509,0.00027137999066196455,2.631388217418715e-06,4.212455376360012e-06,0.192
24.11139323646893,0.8071752566547139,0.004033375561451142,0.00017237195317024019,2.6320274402161844e-06,2.6770171281954455e-06,0.192
24.11139323646893,0.8190454810172833,0.004033403072305111,0.00010628956701028039,2.6324543927161574e-06,1.6514568896808864e-06,0.192
24.11139323646893,0.8309157053798525,0.004033420847522261,6.359249765943697e-05,2.6327304164030636e-06,9.884325399636983e-07,0.192
24.11139323646893,0.8427859297424218,0.00403343195361596,3.691494471926249e-05,2.6329029636682794e-06,5.739629104550607e-07,0.192
24.11139323646893,0.8546561541049912,0.004033438656741634,2.0813549095973424e-05,2.6330071502228166e-06,3.2369924055344335e-07,0.192
24.11139323646893,0.8665263784675605,0.004033442560500369,1.1436404325807236e-05,2.6330678499161826e-06,1.7789366808448977e-07,0.192
24.11139323646893,0.8783966028301298,0.004033444751665621,6.1730297445717035e-06,2.6331019327809784e-06,9.602359051778114e-08,0.192
24.11139323646893,0.8902668271926991,0.004033445935578594,3.329155308933729e-06,2.6331203545263765e-06,5.177276643842726e-08,0.192
24.11139323646893,0.9021370515552684,0.004033446550535119,1.851964837136622e-06,2.6331299264854902e-06,2.877991201188087e-08,0.192
24.11139323646893,0.9140072759178378,0.0040334468571767,1.1153769635526646e-06,2.633134701009192e-06,1.7310964413717702e-08,0.192
24.11139323646893,0.925877500280407,0.004033447003734688,7.633269299848094e-07,2.6331369837112894e-06,1.1827636691275175e-08,0.192
24.11139323646893,0.9377477246429764,0.004033447070761769,6.023193481056165e-07,2.633138028021054e-06,9.319069504834295e-09,0.192
24.11139323646893,0.9496179490055456,0.004033447100040758,5.319872657346645e-07,2.633138484345522e-06,8.222915452555236e-09,0.192
24.11139323646893,0.9614881733681151,0.004033447112232088,5.027017604216418e-07,2.633138674413715e-06,7.766343916878958e-09,0.192
24.11139323646893,0.9733583977306844,0.00403344711706029,4.91103731174664e-07,2.633138749710606e-06,7.585469277578815e-09,0.192
24.11139323646893,0.9852286220932537,0.0040334471188747415,4.867457170486745e-07,2.6331387780127378e-06,7.51748336958647e-09,0.192
24.11139323646893,0.9970988464558231,0.00403344711952033,4.85196215873946e-07,2.63313878807905e-06,7.49330325161674e-09,0.192
24.11139323646893,1.0089690708183923,0.004033447119736879,4.846764760181148e-07,2.6331387914565775e-06,7.485190125529843e-09,0.192
24.11139323646893,1.0208392951809617,0.004033447119804889,4.845125660924455e-07,2.633138792521888e-06,7.482630699237007e-09,0.192
24.11139323646893,1.032709519543531,0.004033447119825294,4.844641492994066e-07,2.6331387928368655e-06,7.481874444609047e-09,0.192
24.11139323646893,1.0445797439061004,0.004033447119832238,4.844508116861177e-07,2.6331387929245347e-06,7.481666051049441e-09,0.192
24.11139323646893,1.0564499682686697,0.004033447119834043,4.844474021590264e-07,2.6331387929469608e-06,7.48161276249046e-09,0.192
24.11139323646893,1.068320192631239,0.0040334471198358365,4.844465979998036e-07,2.6331387929531445e-06,7.481600190180495e-09,0.192
24.11139323646893,1.0801904169938081,0.00403344711983763,4.844464241866304e-07,2.6331387929553993e-06,7.481597471935932e-09,0.192
24.11139323646893,1.0920606413563776,0.004033447119839425,4.844463900354692e-07,2.633138792956783e-06,7.481596937686687e-09,0.192
24.11139323646893,1.1039308657189468,0.0040334471198412184,4.844463839959693e-07,2.6331387929579912e-06,7.481596843177754e-09,0.192
24.11139323646893,1.1158010900815163,0.004033447119843013,4.844463830471889e-07,2.633138792959168e-06,7.481596828325908e-09,0.192
24.11139323646893,1.1276713144440855,0.004033447119844808,4.844463829182196e-07,2.63313879296034e-06,7.481596826306153e-09,0.192
24.11139323646893,1.139541538806655,0.0040334471198466,4.84446382904621e-07,2.6331387929615102e-06,7.481596826093716e-09,0.192
24.11139323646893,1.1514117631692242,0.004033447119848394,4.844463829009254e-07,2.633138792962681e-06,7.481596826036642e-09,0.192
24.11139323646893,1.1632819875317935,0.004033447119850188,4.844463828972298e-07,2.633138792963852e-06,7.481596825979567e-09,0.192
24.11139323646893,1.175152211894363,0.00403344711985198,4.844463828935342e-07,2.6331387929650208e-06,7.481596825922493e-09,0.192
24.11139323646893,1.1870224362569322,0.004033447119853775,4.844463828898386e-07,2.6331387929661926e-06,7.481596825865416e-09,0.192
25.96611579312039,0.011870224362569322,0.003984628127826148,0.11725934215604208,2.041415669349114e-06,0.0014212732379130003,0.192
25.96611579312039,0.023740448725138644,0.0039848856449681835,0.11664082715838414,2.0438626010658884e-06,0.0014153961025301072,0.192
25.96611579312039,0.03561067308770797,0.003985178745791301,0.11593684441976308,2.0466548156597886e-06,0.0014086896401970944,0.192
25.96611579312039,0.04748089745027729,0.00398550956180732,0.11514227408742557,2.049815445183742e-06,0.0014010982886318625,0.192
25.96611579312039,0.0593511218128466,0.003985879934473017,0.11425269297484662,2.0533654479933132e-06,0.0013925717063985135,0.192
25.96611579312039,0.07122134617541594,0.003986291376690106,0.11326446704162797,2.05732326594138e-06,0.001383065596345681,0.192
25.96611579312039,0.08309157053798526,0.00398674504616584,0.11217481538544825,2.061704577543384e-06,0.001372542298534922,0.192
25.96611579312039,0.09496179490055458,0.003987241731267163,0.11098184422541656,2.0665221523218775e-06,0.001360971140144678,0.192
25.96611579312039,0.1068320192631239,0.003987781849138474,0.10968455142938112,2.071785804537412e-06,0.0013483285466533452,0.192
25.96611579312039,0.1187022436256932,0.003988365455090941,0.10828280396644575,2.077502438386976e-06,0.0013345979333184467,0.192
25.96611579312039,0.13057246798826255,0.0039889922616769555,0.10677729209619112,2.0836761719894727e-06,0.0013197694074083906,0.192
25.96611579312039,0.14244269235083187,0.0039896616654676335,0.10516946505414802,2.09030852432723e-06,0.0013038393192099848,0.192
25.96611579312039,0.15431291671340117,0.0039903727793640644,0.10346145344504805,2.0973986477966805e-06,0.0012868097034778743,0.192
25.96611579312039,0.16618314107597051,0.003991124468272008,0.10165598355621593,2.104943588972705e-06,0.0012686876531086385,0.192
25.96611579312039,0.17805336543853983,0.003991915386121615,0.09975628843894851,2.112938561320231e-06,0.0012494846641108552,0.192
25.96611579312039,0.18992358980110916,0.003992744012473908,0.09776601998245874,2.1213772155422885e-06,0.0012292159862463653,0.192
25.96611579312039,0.20179381416367848,0.003993608687276601,0.09568916543167137,2.1302518956828926e-06,0.0012079000078819777,0.192
25.96611579312039,0.2136640385262478,0.003994507642676505,0.09352997097483685,2.13955387169396e-06,0.0011855576973691926,0.192
25.96611579312039,0.2255342628888171,0.003995439031127832,0.09129287422763381,2.1492735416778156e-06,0.0011622121172580942,0.192
25.96611579312039,0.2374044872513864,0.003996400949335201,0.0889824467222463,2.1594005992579505e-06,0.001137888022269104,0.192
25.96611579312039,0.24927471161395579,0.003997391457820982,0.0866033469057483,2.169924163404712e-06,0.001112611547443819,0.192
25.96611579312039,0.2611449359765251,0.003998408596105907,0.0841602836755339,2.180832869508087e-06,0.0010864099893773435,0.192
25.96611579312039,0.2730151603390944,0.003999450393637048,0.08165799012940757,2.192114921547035e-06,0.0010593116808938088,0.192
25.96611579312039,0.28488538470166375,0.004000514876695079,0.0791012069729943,2.2037581058904166e-06,0.001031345957880076,0.192
25.96611579312039,0.29675560906423304,0.0040016000715700955,0.07649467489011498,2.21574976763219e-06,0.001002543216109764,0.192
25.96611579312039,0.30862583342680233,0.004002704004319452,0.07384313512268373,2.2280767504773734e-06,0.0009729350556157951,0.192
25.96611579312039,0.32049605778937174,0.004003824697422291,0.07115133750532814,2.240725301123193e-06,0.0009425545103435033,0.192
25.96611579312039,0.33236628215194103,0.00400496016362908,0.0684240552367993,2.2536809388889236e-06,0.000911436361273627,0.192
25.96611579312039,0.3442365065145103,0.004006108397281485,0.06566610572809174,2.266928291104859e-06,0.0008796175317896998,0.192
25.96611579312039,0.35610673087707967,0.004007267363350816,0.06288237692999127,2.2804508945406145e-06,0.0008471375646161702,0.192
25.96611579312039,0.36797695523964896,0.004008434984421787,0.06007785859635156,2.294230963005553e-06,0.0008140391800088595,0.192
25.96611579312039,0.3798471796022183,0.00400960912583482,0.05725767797043864,2.308249121261815e-06,0.0007803689148600272,0.192
25.96611579312039,0.3917174039647876,0.004010787579202298,0.05442713937665846,2.3224841056414386e-06,0.0007461778417778673,0.192
25.96611579312039,0.40358762832735695,0.004011968044537423,0.051591767145304945,2.3369124323529567e-06,0.00071152236577442,0.192
25.96611579312039,0.41545785268992624,0.004013148111283487,0.04875735117828899,2.3515080355217273e-06,0.0006764650936519681,0.192
25.96611579312039,0.4273280770524956,0.004014325238615748,0.04592999426232188,2.3662418786786745e-06,0.0006410757671667043,0.192
25.96611579312039,0.4391983014150649,0.0040154967355135116,0.04311615993418095,2.3810815458628265e-06,0.0006054322451620986,0.192
25.96611579312039,0.4510685257776342,0.004016659741275935,0.04032271928070993,2.395990821924956e-06,0.0005696215116458929,0.192
25.96611579312039,0.4629387501402035,0.004017811207388477,0.037556994495300644,2.4109292762079377e-06,0.0005337406757643074,0.192
25.96611579312039,0.4748089745027728,0.004018947881944133,0.03482679629784228,2.425851869710445e-06,0.0004978979153812855,0.192
25.96611579312039,0.4866791988653422,0.004020066298188364,0.032140451451705195,2.4407086132231097e-06,0.0004622132982404402,0.192
25.96611579312039,0.49854942322791157,0.004021162769179058,0.02950681559297362,2.4554443127255896e-06,0.0004268193935505334,0.192
25.96611579312039,0.5104196475904809,0.004022233391019714,0.026935265468822626,2.4699984482712144e-06,0.0003918615629663623,0.192
25.96611579312039,0.5222898719530502,0.004023274057592571,0.024435663556073947,2.4843052429895664e-06,0.0003574977949476796,0.192
25.96611579312039,0.5341600963156194,0.0040242804901229135,0.022018287056646543,2.4982939884744508e-06,0.0003238979233287496,0.192
25.96611579312039,0.5460303206781888,0.004025248285148082,0.019693712688175852,2.5118896997337656e-06,0.0002912420543362328,0.192
25.96611579312039,0.5579005450407581,0.004026172984397538,0.01747264884756742,2.5250141742415826e-06,0.0002597180230132883,0.192
25.96611579312039,0.5697707694033275,0.004027050169535785,0.015365708056609596,2.5375875218204963e-06,0.00022951771876691536,0.192
25.96611579312039,0.5816409937658967,0.004027875583474649,0.013383115590133691,2.54953021095385e-06,0.0002008321704985129,0.192
25.96611579312039,0.5935112181284661,0.004028645277835778,0.011534355291947383,2.5607656387805584e-06,0.00017384537387605026,0.192
25.96611579312039,0.6053814424910354,0.004029355783028801,0.009827761068100209,2.5712231740844344e-06,0.00014872698246924483,0.192
25.96611579312039,0.6172516668536047,0.004030004293359071,0.008270072274946753,2.5808415460013723e-06,0.00012562416842132776,0.192
25.96611579312039,0.629121891216174,0.004030588854921617,0.006865982409633686,2.589572362198063e-06,0.00010465317203067261,0.192
25.96611579312039,0.6409921155787435,0.004031108539442858,0.005617721544937021,2.5973834519807215e-06,8.589127169772929e-05,0.192
25.96611579312039,0.6528623399413127,0.00403156358373074,0.004524721361691422,2.6042616619313487e-06,6.937006870553995e-05,0.192
25.96611579312039,0.6647325643038821,0.004031955473236569,0.0035834144132391825,2.610214707909049e-06,5.507103839531009e-05,0.192
25.96611579312039,0.6766027886664513,0.004032286950596571,0.0027872135766227346,2.615271729180144e-06,4.292419862279028e-05,0.192
25.96611579312039,0.6884730130290206,0.004032561936577301,0.00212670190127259,2.619482309215333e-06,3.281046112309083e-05,0.192
25.96611579312039,0.70034323739159,0.004032785361299368,0.0015900379647930125,2.6229139160349227e-06,2.4567779043957813e-05,0.192
25.96611579312039,0.7122134617541593,0.004032962916448149,0.0011635510196677627,2.625647943455098e-06,1.80006551377214e-05,0.192
25.96611579312039,0.7240836861167286,0.00403310075181309,0.000832469869679561,2.6277747556292295e-06,1.289204415928819e-05,0.192
25.96611579312039,0.7359539104792979,0.004033205148903418,0.0005817068204563477,2.6293882976618097e-06,9.016297753434703e-06,0.192
25.96611579312039,0.7478241348418672,0.0040332822080524295,0.0003966092444922019,2.630580893109032e-06,6.1516606717048145e-06,0.192
25.96611579312039,0.7596943592044366,0.004033337582256138,0.0002635989035549531,2.631438789710982e-06,4.090969959633566e-06,0.192
25.96611579312039,0.771564583567006,0.004033376281782852,0.00017064128994523028,2.6320388549558043e-06,2.6495924244132014e-06,0.192
25.96611579312039,0.7834348079295752,0.004033402560756007,0.00010751807542593076,2.6324466064679813e-06,1.6701559650435516e-06,0.192
25.96611579312039,0.7953050322921447,0.0040334198836547265,6.590759909900316e-05,2.6327155429108353e-06,1.0241571052343556e-06,0.192
25.96611579312039,0.8071752566547139,0.00403343095892468,3.9304156254553494e-05,2.6328875663831103e-06,6.109467376380475e-07,0.192
25.96611579312039,0.8190454810172833,0.004033437820456177,2.2822305299866384e-05,2.6329941848933298e-06,3.548420610044688e-07,0.192
25.96611579312039,0.8309157053798525,0.004033441935967442,1.2936544322748178e-05,2.633058157766227e-06,2.011745183753934e-07,0.192
25.96611579312039,0.8427859297424218,0.004033444323504105,7.201487059231598e-06,2.6330952831578338e-06,1.1199631436498865e-07,0.192
25.96611579312039,0.8546561541049912,0.00403344566184149,3.986681611871028e-06,2.633116100634488e-06,6.19908869750837e-08,0.192
25.96611579312039,0.8665263784675605,0.004033446385958476,2.247282622976295e-06,2.6331273676274385e-06,3.4926483897837086e-08,0.192
25.96611579312039,0.8783966028301298,0.004033446763691661,1.339928134599944e-06,2.6331332468280657e-06,2.0804032882756726e-08,0.192
25.96611579312039,0.8902668271926991,0.00403344695343345,8.841471353039346e-07,2.6331362009479576e-06,1.3707907615287247e-08,0.192
25.96611579312039,0.9021370515552684,0.004033447045091044,6.639748133712481e-07,2.6331376284081898e-06,1.0278978442937581e-08,0.192
25.96611579312039,0.9140072759178378,0.004033447087609769,5.618397401376878e-07,2.6331382907844415e-06,8.687867145537835e-09,0.192
25.96611579312039,0.925877500280407,0.004033447106521133,5.16412315329501e-07,2.633138585481535e-06,7.979965424999e-09,0.192
25.96611579312039,0.9377477246429764,0.004033447114572316,4.970722331638103e-07,2.6331387109814014e-06,7.678497020007036e-09,0.192
25.96611579312039,0.9496179490055456,0.004033447117847139,4.892054962498416e-07,2.6331387620443744e-06,7.555836088737389e-09,0.192
25.96611579312039,0.9614881733681151,0.004033447119117195,4.861544374153216e-07,2.6331387818545167e-06,7.508248917035722e-09,0.192
25.96611579312039,0.9733583977306844,0.004033447119585615,4.850286313556141e-07,2.6331387891662114e-06,7.49068464604342e-09,0.192
25.96611579312039,0.9852286220932537,0.004033447119750434,4.846343809547753e-07,2.633138791727973e-06,7.484531949534748e-09,0.192
25.96611579312039,0.9970988464558231,0.004033447119805358,4.845037036071775e-07,2.6331387925775227e-06,7.482491997114156e-09,0.192
25.96611579312039,1.0089690708183923,0.0040334471198230975,4.844628304314361e-07,2.633138792843693e-06,7.48185375704074e-09,0.192
25.96611579312039,1.0208392951809617,0.004033447119828656,4.844508072659719e-07,2.6331387929222333e-06,7.481665959431804e-09,0.192
25.96611579312039,1.032709519543531,0.004033447119830452,4.844474937753061e-07,2.633138792944049e-06,7.481614188958707e-09,0.192
25.96611579312039,1.0445797439061004,0.004033447119832248,4.84446641940036e-07,2.6331387929505293e-06,7.481600875933159e-09,0.192
25.96611579312039,1.0564499682686697,0.004033447119834044,4.8444643867386e-07,2.6331387929529688e-06,7.4815976982493e-09,0.192
25.96611579312039,1.068320192631239,0.004033447119835837,4.844463939130778e-07,2.633138792954418e-06,7.481596998298595e-09,0.192
25.96611579312039,1.0801904169938081,0.00403344711983763,4.844463848794985e-07,2.633138792955644e-06,7.48159685699463e-09,0.192
25.96611579312039,1.0920606413563776,0.004033447119839425,4.844463832230829e-07,2.6331387929568253e-06,7.481596831077163e-09,0.192
25.96611579312039,1.1039308657189468,0.0040334471198412184,4.84446382950859e-07,2.633138792957998e-06,7.481596826816363e-09,0.192
25.96611579312039,1.1158010900815163,0.004033447119843013,4.844463829120123e-07,2.633138792959169e-06,7.481596826207865e-09,0.192
25.96611579312039,1.1276713144440855,0.004033447119844808,4.844463829083167e-07,2.63313879296034e-06,7.48159682615079e-09,0.192
25.96611579312039,1.139541538806655,0.0040334471198466,4.84446382904621e-07,2.6331387929615102e-06,7.481596826093716e-09,0.192
25.96611579312039,1.1514117631692242,0.004033447119848394,4.844463829009254e-07,2.633138792962681e-06,7.481596826036642e-09,0.192
25.96611579312039,1.1632819875317935,0.004033447119850188,4.844463828972298e-07,2.633138792963852e-06,7.481596825979567e-09,0.192
25.96611579312039,1.175152211894363,0.00403344711985198,4.844463828935342e-07,2.6331387929650208e-06,7.481596825922493e-09,0.192
25.96611579312039,1.1870224362569322,0.004033447119853775,4.844463828898386e-07,2.6331387929661926e-06,7.481596825865416e-09,0.192
27.820838349771844,0.011870224362569322,0.0039867357719983445,0.11219707989417102,2.061618095679191e-06,0.0013727499107978312,0.192
27.820838349771844,0.023740448725138644,0.003987209555882069,0.11105911344944937,2.0662130032135824e-06,0.0013617135590684442,0.192
27.820838349771844,0.03561067308770797,0.003987722788100566,0.10982639560713957,2.071212908459744e-06,0.0013497044414626555,0.192
27.820838349771844,0.04748089745027729,0.003988275466109576,0.10849893232934231,2.076623270395704e-06,0.001336709444761875,0.192
27.820838349771844,0.0593511218128466,0.0039888673006762965,0.1070774181906526,2.0824472019144586e-06,0.0013227210909217255,0.192
27.820838349771844,0.07122134617541594,0.003989497738991588,0.10556318086704303,2.0886856348232273e-06,0.0013077371407772516,0.192
27.820838349771844,0.08309157053798526,0.003990165991951866,0.10395811560851442,2.095337519600438e-06,0.0012917601142560461,0.192
27.820838349771844,0.09496179490055458,0.0039908710639433706,0.10226461370043284,2.10240004649371e-06,0.0012747967593255678,0.192
27.820838349771844,0.1068320192631239,0.003991611783587833,0.10048548861496891,2.1098688754970997e-06,0.0012568574996075458,0.192
27.820838349771844,0.1187022436256932,0.003992386834109531,0.09862390307140319,2.117738364276748e-06,0.0012379558869153955,0.192
27.820838349771844,0.13057246798826255,0.003993194782227451,0.09668329963855984,2.126001784972936e-06,0.0012181080805058122,0.192
27.820838349771844,0.14244269235083187,0.003994034104734425,0.09466733689249042,2.134651522773586e-06,0.0011973323701109904,0.192
27.820838349771844,0.15431291671340117,0.003994903212175165,0.09257983254235913,2.1436792510546905e-06,0.0011756487552533148,0.192
27.820838349771844,0.16618314107597051,0.003995800469260259,0.09042471439579622,2.153076079594176e-06,0.0011530785892341611,0.192
27.820838349771844,0.17805336543853983,0.003996724211845207,0.0882059795756117,2.162832673811603e-06,0.0011296442927161317,0.192
27.820838349771844,0.18992358980110916,0.00399767276045485,0.08592766203280791,2.1729393441328715e-06,0.0011053691390617592,0.192
27.820838349771844,0.20179381416367848,0.003998644430449899,0.08359380812650218,2.183386105427953e-06,0.001080277111555383,0.192
27.820838349771844,0.2136640385262478,0.003999637539008696,0.08120845985242378,2.194162707038557e-06,0.0010543928312654008,0.192
27.820838349771844,0.2255342628888171,0.004000650409147057,0.07877564518675044,2.2052586342412697e-06,0.0010277415535172535,0.192
27.820838349771844,0.2374044872513864,0.004001681371020057,0.07629937495744,2.2166630821192775e-06,0.0010003492306386026,0.192
27.820838349771844,0.24927471161395579,0.004002728760754987,0.07378364564703094,2.2283649027910768e-06,0.0009722426387001422,0.192
27.820838349771844,0.2611449359765251,0.0040037909170522745,0.07123244755578455,2.24035252680743e-06,0.0009434495663020588,0.192
27.820838349771844,0.2730151603390944,0.004004866175773429,0.06864977779975118,2.252613859325596e-06,0.0009139990639436613,0.192
27.820838349771844,0.28488538470166375,0.0040059528627117025,0.06603965767459609,2.2651361514379453e-06,0.0008839217530707165,0.192
27.820838349771844,0.29675560906423304,0.004007049284716668,0.06340615397303438,2.2779058468118913e-06,0.0008532501944230234,0.192
27.820838349771844,0.30862583342680233,0.004008153719323509,0.060753403893592586,2.2909084036280767e-06,0.0008220193157134672,0.192
27.820838349771844,0.32049605778937174,0.004009264403023712,0.058085643213125,2.3041280917276894e-06,0.0007902668988530869,0.192
27.820838349771844,0.33236628215194103,0.0040103795183080845,0.05540723740777199,2.3175477649440643e-06,0.0007580341267813982,0.192
27.820838349771844,0.3442365065145103,0.004011497179621282,0.052722715388631804,2.331148608858778e-06,0.0007253661893255665,0.192
27.820838349771844,0.35610673087707967,0.0040126154183905164,0.05003680546075795,2.3449098647555267e-06,0.0006923129462309712,0.192
27.820838349771844,0.36797695523964896,0.004013732167336985,0.04735447300712911,2.3588085314329544e-06,0.000658929643375163,0.192
27.820838349771844,0.3798471796022183,0.004014845244345157,0.04468095923167505,2.3728190478772713e-06,0.0006252776749551597,0.192
27.820838349771844,0.3917174039647876,0.004015952336269655,0.04202182005457466,2.386912961711606e-06,0.0005914253798420722,0.192
27.820838349771844,0.40358762832735695,0.004017050983192397,0.039382963925774964,2.401058590950773e-06,0.0005574488540194831,0.192
27.820838349771844,0.41545785268992624,0.0040181385638214774,0.036770686896064914,2.415220690037861e-06,0.0005234327527429014,0.192
27.820838349771844,0.4273280770524956,0.0040192122829468095,0.03419170274954766,2.4293601355344387e-06,0.0004894710455014352,0.192
27.820838349771844,0.4391983014150649,0.004020269162135299,0.031653165354018346,2.4434336522474677e-06,0.0004556676738632617,0.192
27.820838349771844,0.4510685257776342,0.004021306035162565,0.02916267963612795,2.4573936069813383e-06,0.0004221370469047423,0.192
27.820838349771844,0.4629387501402035,0.004022319550019587,0.02672829676666071,2.471187904309324e-06,0.00038900429161434663,0.192
27.820838349771844,0.4748089745027728,0.004023306179676373,0.024358488308860737,2.4847600263243755e-06,0.00035640515748618703,0.192
27.820838349771844,0.4866791988653422,0.004024262244098325,0.022062093344040346,2.498049265458701e-06,0.00032448545740179483,0.192
27.820838349771844,0.49854942322791157,0.004025183946206099,0.019848232103373362,2.5109912048700316e-06,0.0002933999138965939,0.192
27.820838349771844,0.5104196475904809,0.004026067424479811,0.01772617962675268,2.523518502771898e-06,0.00026331027540132864,0.192
27.820838349771844,0.5222898719530502,0.00402690882458663,0.015705193725595586,2.5355620330430167e-06,0.0002343825767440628,0.192
27.820838349771844,0.5341600963156194,0.004027704391646355,0.01379429337678158,2.547052421732427e-06,0.00020678344875204568,0.192
27.820838349771844,0.5460303206781888,0.004028450583385255,0.012001986944761156,2.557921994904648e-06,0.0001806754398431203,0.192
27.820838349771844,0.5579005450407581,0.0040291442023784995,0.01033595455172285,2.568107115621498e-06,0.00015621140291769778,0.192
27.820838349771844,0.5697707694033275,0.004029782542839098,0.008802695506106894,2.577550836497825e-06,0.00013352812422071683,0.192
27.820838349771844,0.5816409937658967,0.004030363544121396,0.007407159599087041,2.5862057320198705e-06,0.0001127395203555972,0.192
27.820838349771844,0.5935112181284661,0.0040308859396381526,0.006152389412248366,2.594036708694641e-06,9.392988845061995e-05,0.192
27.820838349771844,0.6053814424910354,0.004031349386845289,0.005039208092385037,2.6010235327393124e-06,7.714783465929202e-05,0.192
27.820838349771844,0.6172516668536047,0.004031754562136328,0.004065991405080344,2.6071627797138772e-06,6.24015909935227e-05,0.192
27.820838349771844,0.629121891216174,0.004032103204771135,0.003228562197681153,2.612468914315136e-06,4.965642134189833e-05,0.192
27.820838349771844,0.6409921155787435,0.004032398097029066,0.0025202380437997374,2.6169742636173566e-06,3.8834685281231386e-05,0.192
27.820838349771844,0.6528623399413127,0.00403264297382059,0.0019320483221252707,2.6207277560344696e-06,2.981886652072672e-05,0.192
27.820838349771844,0.6647325643038821,0.00403284236348554,0.0014531165830469943,2.6237924501543325e-06,2.245750803524006e-05,0.192
27.820838349771844,0.6766027886664513,0.004033001371106146,0.0010711809973612129,2.6262420470178132e-06,1.657358900112765e-05,0.192
27.820838349771844,0.6884730130290206,0.004033125424432626,0.0007732046152586772,2.6281567314080343e-06,1.1974513555981635e-05,0.192
27.820838349771844,0.70034323739159,0.004033220008420079,0.0005460129910640868,2.629618787044314e-06,8.46264279655797e-06,0.192
27.820838349771844,0.7122134617541593,0.004033290415895435,0.00037689307386297037,2.630708452845783e-06,5.845247904814599e-06,0.192
27.820838349771844,0.7240836861167286,0.004033341538567519,0.00025409520423480005,2.631500427472447e-06,3.942906279047562e-06,0.192
27.820838349771844,0.7359539104792979,0.004033377715258022,0.0001671976744260197,2.632061303163411e-06,2.5956656250883584e-06,0.192
27.820838349771844,0.7478241348418672,0.004033402644663394,0.00010731629036095147,2.632448049200214e-06,1.6666869299216368e-06,0.192
27.820838349771844,0.7596943592044366,0.00403341936036247,6.716442111359138e-05,2.6327075071199602e-06,1.0434572422686862e-06,0.192
27.820838349771844,0.771564583567006,0.004033430258102427,4.098747511596396e-05,2.632876735268503e-06,6.3696232499391e-07,0.192
27.820838349771844,0.7834348079295752,0.00403343716079905,2.4406783825394445e-05,2.6329839672316042e-06,3.793847298444744e-07,0.192
27.820838349771844,0.7953050322921447,0.004033441405410767,1.421094129784666e-05,2.6330499295537285e-06,2.2093880688469275e-07,0.192
27.820838349771844,0.8071752566547139,0.004033443937330006,8.129082861309571e-06,2.633089289008032e-06,1.2639447421908223e-07,0.192
27.820838349771844,0.8190454810172833,0.004033445401173698,4.612810791624204e-06,2.633112051919896e-06,7.171610630704805e-08,0.192
27.820838349771844,0.8309157053798525,0.004033446220756244,2.644100553299417e-06,2.6331248002998154e-06,4.1093368715017285e-08,0.192
27.820838349771844,0.8427859297424218,0.004033446664712265,1.57767533039395e-06,2.633131707919892e-06,2.4500604451855756e-08,0.192
27.820838349771844,0.8546561541049912,0.004033446897149049,1.0193379712105814e-06,2.6331353254956138e-06,1.5810815862252543e-08,0.192
27.820838349771844,0.8665263784675605,0.004033447014645482,7.370984555267731e-07,2.6331371546923077e-06,1.1416884587869759e-08,0.192
27.820838349771844,0.8783966028301298,0.0040334470719253675,5.995054836942672e-07,2.633138046681581e-06,9.27422224173903e-09,0.192
27.820838349771844,0.8902668271926991,0.004033447098822151,5.348960414124719e-07,2.6331384656482723e-06,8.26781239085971e-09,0.192
27.820838349771844,0.9021370515552684,0.004033447110971088,5.057124655890223e-07,2.6331386549443033e-06,7.813098442218708e-09,0.192
27.820838349771844,0.9140072759178378,0.004033447116242135,4.930505893835834e-07,2.6331387370967016e-06,7.61575700838616e-09,0.192
27.820838349771844,0.925877500280407,0.004033447118435476,4.877819752619044e-07,2.633138771289755e-06,7.533620421644509e-09,0.192
27.820838349771844,0.9377477246429764,0.004033447119309348,4.85683052885117e-07,2.633138784915437e-06,7.500889645450964e-09,0.192
27.820838349771844,0.9496179490055456,0.00403344711964223,4.848839648156011e-07,2.6331387901044414e-06,7.488425173680482e-09,0.192
27.820838349771844,0.9614881733681151,0.004033447119763664,4.845938214073343e-07,2.6331387919894235e-06,7.483898169539756e-09,0.192
27.820838349771844,0.9733583977306844,0.00403344711980563,4.844935709600185e-07,2.6331387926409006e-06,7.482333570326458e-09,0.192
27.820838349771844,0.9852286220932537,0.004033447119819774,4.844606893864347e-07,2.6331387928548857e-06,7.481820250965356e-09,0.192
27.820838349771844,0.9970988464558231,0.004033447119825069,4.844504791867186e-07,2.633138792921945e-06,7.48166081466188e-09,0.192
27.820838349771844,1.0089690708183923,0.004033447119826866,4.844474867839682e-07,2.633138792941755e-06,7.481614074455787e-09,0.192
27.820838349771844,1.0208392951809617,0.00403344711982866,4.844466618097465e-07,2.633138792948065e-06,7.481601185188273e-09,0.192
27.820838349771844,1.032709519543531,0.0040334471198304545,4.84446448684249e-07,2.633138792950564e-06,7.481597854451852e-09,0.192
27.820838349771844,1.0445797439061004,0.004033447119832248,4.844463973141081e-07,2.633138792952055e-06,7.48159705142061e-09,0.192
27.820838349771844,1.0564499682686697,0.004033447119834044,4.844463858203477e-07,2.633138792953298e-06,7.481596871698716e-09,0.192
27.820838349771844,1.068320192631239,0.004033447119835837,4.844463834479636e-07,2.6331387929544833e-06,7.481596834592702e-09,0.192
27.820838349771844,1.0801904169938081,0.00403344711983763,4.844463830004783e-07,2.633138792955656e-06,7.481596827591464e-09,0.192
27.820838349771844,1.0920606413563776,0.004033447119839425,4.844463829255392e-07,2.6331387929568274e-06,7.481596826418341e-09,0.192
27.820838349771844,1.1039308657189468,0.0040334471198412184,4.844463829157079e-07,2.633138792957998e-06,7.481596826264942e-09,0.192
27.820838349771844,1.1158010900815163,0.004033447119843013,4.844463829120123e-07,2.633138792959169e-06,7.481596826207865e-09,0.192
27.820838349771844,1.1276713144440855,0.004033447119844808,4.844463829083167e-07,2.63313879296034e-06,7.48159682615079e-09,0.192
27.820838349771844,1.139541538806655,0.0040334471198466,4.84446382904621e-07,2.6331387929615102e-06,7.481596826093716e-09,0.192
27.820838349771844,1.1514117631692242,0.004033447119848394,4.844463829009254e-07,2.633138792962681e-06,7.481596826036642e-09,0.192
27.820838349771844,1.1632819875317935,0.004033447119850188,4.844463828972298e-07,2.633138792963852e-06,7.481596825979567e-09,0.192
27.820838349771844,1.175152211894363,0.00403344711985198,4.844463828935342e-07,2.6331387929650208e-06,7.481596825922493e-09,0.192
27.820838349771844,1.1870224362569322,0.004033447119853775,4.844463828898386e-07,2.6331387929661926e-06,7.481596825865416e-09,0.192
29.675560906423303,0.011870224362569322,0.003989974557675607,0.1044179034714534,2.0934325494160892e-06,0.0012963354744763252,0.192
29.675560906423303,0.023740448725138644,0.003990638367332127,0.10282350855113993,2.1000692089839187e-06,0.0012803949972325045,0.192
29.675560906423303,0.03561067308770797,0.0039913347576722505,0.10115085713279369,2.1070750107434564e-06,0.0012635678704417163,0.192
29.675560906423303,0.04748089745027729,0.003992062576886592,0.09940271571004226,2.1144448953087536e-06,0.0012458662458165544,0.192
29.675560906423303,0.0593511218128466,0.003992820574579317,0.09758208758434127,2.12217288776204e-06,0.0012273044741864796,0.192
29.675560906423303,0.07122134617541594,0.003993607424196823,0.09569215899173981,2.130252268137993e-06,0.0012078986960002611,0.192
29.675560906423303,0.08309157053798526,0.003994421743147652,0.09373625077581887,2.1386757234492367e-06,0.0011876664761637445,0.192
29.675560906423303,0.09496179490055458,0.003995262110322786,0.09171777630348647,2.1474354785098297e-06,0.001166626489801666,0.192
29.675560906423303,0.1068320192631239,0.003996127080875307,0.08964020596496802,2.1565234039459604e-06,0.0011447982628141457,0.192
29.675560906423303,0.1187022436256932,0.0039970151982355795,0.08750703831222299,2.1659311006927065e-06,0.0011222019689108808,0.192
29.675560906423303,0.13057246798826255,0.003997925003431374,0.0853217776718807,2.1756499609634847e-06,0.0010988582831567251,0.192
29.675560906423303,0.14244269235083187,0.003998855041844601,0.08308791791497294,2.1856712061547483e-06,0.0010747882909171555,0.192
29.675560906423303,0.15431291671340117,0.003999803867577579,0.08080893196848482,2.1959859024393832e-06,0.0010500134503940806,0.192
29.675560906423303,0.16618314107597051,0.004000770045622441,0.0784882666034623,2.2065849549368443e-06,0.0010245556066189247,0.192
29.675560906423303,0.17805336543853983,0.004001752152033063,0.07612934202125493,2.2174590813580095e-06,0.00099843705474639,0.192
29.675560906423303,0.18992358980110916,0.004002748772292627,0.07373555577379054,2.228598765938755e-06,0.0009716806506934127,0.192
29.675560906423303,0.20179381416367848,0.004003758498056146,0.07131029058708861,2.239994194327145e-06,0.0009443099675263562,0.192
29.675560906423303,0.2136640385262478,0.004004779922428724,0.06885692570169126,2.25163516990176e-06,0.0009163494964491327,0.192
29.675560906423303,0.2255342628888171,0.004005811633920133,0.06637885139297783,2.2635110117974513e-06,0.0008878248917290247,0.192
29.675560906423303,0.2374044872513864,0.004006852209195429,0.06387948638278751,2.2756104347219806e-06,0.0008587632593590153,0.192
29.675560906423303,0.24927471161395579,0.004007900204724377,0.061362297896518425,2.2879214104874693e-06,0.0008291934896399616,0.192
29.675560906423303,0.2611449359765251,0.004008954147418226,0.0588308241522996,2.300431011077778e-06,0.0007991466341117669,0.192
29.675560906423303,0.2730151603390944,0.004010012524335426,0.05628869908679731,2.313125233055513e-06,0.0007686563273053983,0.192
29.675560906423303,0.28488538470166375,0.004011073771538091,0.05373967912079037,2.325988803213907e-06,0.0007377592535432892,0.192
29.675560906423303,0.29675560906423304,0.004012136262191815,0.051187671741861784,2.3390049656398327e-06,0.0007064956583887059,0.192
29.675560906423303,0.30862583342680233,0.0040131982940252425,0.048636765625439345,2.352155250824705e-06,0.0006749099032154684,0.192
29.675560906423303,0.32049605778937174,0.004014258076304015,0.046091261922000464,2.365419228199666e-06,0.0006430510595919735,0.192
29.675560906423303,0.33236628215194103,0.004015313716532174,0.04355570619961011,2.3787742445535e-06,0.0006109735375756335,0.192
29.675560906423303,0.3442365065145103,0.004016363207173359,0.04103492033821846,2.392195152297008e-06,0.0005787377383970717,0.192
29.675560906423303,0.35610673087707967,0.004017404412791901,0.03853403341603561,2.405654033558472e-06,0.0005464107171613093,0.192
29.675560906423303,0.36797695523964896,0.004018435058150074,0.03605851029999744,2.419119928720081e-06,0.0005140668348869436,0.192
29.675560906423303,0.3798471796022183,0.004019452717966508,0.03361417624530846,2.432558581313922e-06,0.00048178837125630595,0.192
29.675560906423303,0.3917174039647876,0.004020454809246208,0.03120723532132141,2.4459322152363877e-06,0.0004496660597490561,0.192
29.675560906423303,0.40358762832735695,0.004021438587321943,0.028844279919492333,2.459199364985268e-06,0.0004177994954271023,0.192
29.675560906423303,0.41545785268992624,0.00402240114700866,0.02653228798438669,2.472314784956781e-06,0.00038629735283828926,0.192
29.675560906423303,0.4273280770524956,0.0040233394305282145,0.024278603982175226,2.48522946944988e-06,0.0003552773380236731,0.192
29.675560906423303,0.4391983014150649,0.004024250244101397,0.022090899052819468,2.4978908203900786e-06,0.0003248657857311472,0.192
29.675560906423303,0.4510685257776342,0.004025130285269615,0.019977105389151796,2.5102430040526535e-06,0.00029519680268376083,0.192
29.675560906423303,0.4629387501402035,0.004025976183048269,0.017945319798262818,2.5222275400307576e-06,0.00026641085303242054,0.192
29.675560906423303,0.4748089745027728,0.004026784552835228,0.01600367182171505,2.5337841637616626e-06,0.00023865268675757329,0.192
29.675560906423303,0.4866791988653422,0.004027552067518597,0.014160152948316712,2.544851996212457e-06,0.00021206853030849467,0.192
29.675560906423303,0.49854942322791157,0.004028275545339285,0.012422405580532397,2.5553710388621032e-06,0.00018680249590531436,0.192
29.675560906423303,0.5104196475904809,0.0040289520536986295,0.010797473703042107,2.565283987284078e-06,0.00016299222557644282,0.192
29.675560906423303,0.5222898719530502,0.004029579026217972,0.00929152171920388,2.5745383217786415e-06,0.00014076386971590993,0.192
29.675560906423303,0.5341600963156194,0.004030154388027132,0.007909533519527265,2.5830885897668883e-06,0.00012022660499658588,0.192
29.675560906423303,0.5460303206781888,0.004030676681672343,0.00665501005771425,2.590898745760622e-06,0.00010146701392410991,0.192
29.675560906423303,0.5579005450407581,0.00403114518355088,0.005529689678570822,2.5979443674857707e-06,8.454376178014781e-05,0.192
29.675560906423303,0.5697707694033275,0.004031559998904263,0.004533319938590773,2.6042145308778276e-06,6.948309283711792e-05,0.192
29.675560906423303,0.5816409937658967,0.0040319221227531656,0.003663511230064836,2.609713113507449e-06,5.6275699355551774e-05,0.192
29.675560906423303,0.5935112181284661,0.004032233455287063,0.0029156997956677096,2.6144593158646233e-06,4.48754691562761e-05,0.192
29.675560906423303,0.6053814424910354,0.004032496763495818,0.0022832398656294607,2.6184872487245608e-06,3.5200476359139277e-05,0.192
29.675560906423303,0.6172516668536047,0.004032715586168196,0.0017576318222348947,2.621844530510481e-06,2.7136350041795675e-05,0.192
29.675560906423303,0.629121891216174,0.0040328940861889175,0.0013288769533986225,2.6245899592985693e-06,2.054186559496979e-05,0.192
29.675560906423303,0.6409921155787435,0.004033036861206973,0.0009859322013990827,2.626790449082811e-06,1.5256303368956047e-05,0.192
29.675560906423303,0.6528623399413127,0.004033148729797347,0.0007172237812149552,2.6285175237548593e-06,1.1107869781336604e-05,0.192
29.675560906423303,0.6647325643038821,0.0040332345138324064,0.0005111699113002639,2.629843721828402e-06,7.922332943554066e-06,0.192
29.675560906423303,0.6766027886664513,0.004033298838033801,0.00035666228523950074,2.630839266444301e-06,5.531021221568424e-06,0.192
29.675560906423303,0.6884730130290206,0.004033345964493072,0.00024346355592746088,2.6315692986928883e-06,3.7774688360935957e-06,0.192
29.675560906423303,0.70034323739159,0.004033379674063651,0.0001624922410930416,2.6320918717711015e-06,2.522234037278203e-06,0.192
29.675560906423303,0.7122134617541593,0.004033403199282341,0.00010598385872311843,2.632456782391454e-06,1.6457062620413204e-06,0.192
29.675560906423303,0.7240836861167286,0.004033419206421388,6.753405218724906e-05,2.6327051998841767e-06,1.048997255550429e-06,0.192
29.675560906423303,0.7359539104792979,0.004033429818709693,4.204282661972318e-05,2.63286996347589e-06,6.53227223379218e-07,0.192
29.675560906423303,0.7478241348418672,0.004033436669457749,2.5586954363269665e-05,2.632976365812996e-06,3.976429921946625e-07,0.192
29.675560906423303,0.7596943592044366,0.004033440972904985,1.5249809097648e-05,2.6330432270968208e-06,2.3703807884993144e-07,0.192
29.675560906423303,0.771564583567006,0.004033443601678546,8.935315093455132e-06,2.633084082138832e-06,1.389014803761964e-07,0.192
29.675560906423303,0.7834348079295752,0.004033445162112693,5.1870347638329464e-06,2.6331083406967803e-06,8.063060555386349e-08,0.192
29.675560906423303,0.7953050322921447,0.004033446061559749,3.0264888526678863e-06,2.633122327469338e-06,4.703323533231989e-08,0.192
29.675560906423303,0.8071752566547139,0.004033446564605929,1.8181269067952976e-06,2.633130152194648e-06,2.8237553580432048e-08,0.192
29.675560906423303,0.8190454810172833,0.004033446837368834,1.1629239470526457e-06,2.633134396083331e-06,1.8043329514531944e-08,0.192
29.675560906423303,0.8309157053798525,0.004033446980629735,8.187963823603766e-07,2.633136625659832e-06,1.2687660016547707e-08,0.192
29.675560906423303,0.8427859297424218,0.004033447053446091,6.438837330004626e-07,2.633137759203016e-06,9.964766706177329e-09,0.192
29.675560906423303,0.8546561541049912,0.004033447089227211,5.579337720876333e-07,2.633138316357827e-06,8.62641716539116e-09,0.192
29.675560906423303,0.8665263784675605,0.004033447106207212,5.171463874659935e-07,2.633138580823336e-06,7.9911393313071e-09,0.192
29.675560906423303,0.8783966028301298,0.004033447113980078,4.984757083683344e-07,2.6331387019155278e-06,7.70026089570054e-09,0.192
29.675560906423303,0.8902668271926991,0.004033447117408098,4.902417487862077e-07,2.63313875533227e-06,7.571947100005697e-09,0.192
29.675560906423303,0.9021370515552684,0.004033447118862761,4.867480141565528e-07,2.633138778003328e-06,7.517488381470784e-09,0.192
29.675560906423303,0.9140072759178378,0.004033447119455842,4.853238003525613e-07,2.633138787247577e-06,7.495282640718048e-09,0.192
29.675560906423303,0.925877500280407,0.00403344711968731,4.847668916387878e-07,2.6331387908629836e-06,7.486597310009589e-09,0.192
29.675560906423303,0.9377477246429764,0.00403344711977427,4.845583573737682e-07,2.6331387922173007e-06,7.483344252415615e-09,0.192
29.675560906423303,0.9496179490055456,0.004033447119805484,4.844837209955035e-07,2.633138792702201e-06,7.482179652972868e-09,0.192
29.675560906423303,0.9614881733681151,0.004033447119817036,4.844582395727483e-07,2.6331387928683802e-06,7.48178194792193e-09,0.192
29.675560906423303,0.9733583977306844,0.004033447119821482,4.844499595520606e-07,2.633138792922846e-06,7.481652683207655e-09,0.192
29.675560906423303,0.9852286220932537,0.004033447119823278,4.844474050293403e-07,2.6331387929399244e-06,7.48161279273321e-09,0.192
29.675560906423303,0.9970988464558231,0.004033447119825072,4.844466587870558e-07,2.6331387929457427e-06,7.481601136723855e-09,0.192
29.675560906423303,1.0089690708183923,0.004033447119826867,4.844464529955894e-07,2.633138792948196e-06,7.481597921525549e-09,0.192
29.675560906423303,1.0208392951809617,0.004033447119828661,4.844463996039463e-07,2.633138792949699e-06,7.481597087145457e-09,0.192
29.675560906423303,1.032709519543531,0.0040334471198304545,4.844463866225247e-07,2.6331387929509503e-06,7.481596884226118e-09,0.192
29.675560906423303,1.0445797439061004,0.004033447119832248,4.844463836785944e-07,2.63313879295214e-06,7.481596838196057e-09,0.192
29.675560906423303,1.0564499682686697,0.004033447119834044,4.844463830601248e-07,2.633138792953315e-06,7.481596828523238e-09,0.192
29.675560906423303,1.068320192631239,0.004033447119835837,4.844463829415801e-07,2.6331387929544862e-06,7.48159682666808e-09,0.192
29.675560906423303,1.0801904169938081,0.00403344711983763,4.844463829230991e-07,2.633138792955657e-06,7.481596826379092e-09,0.192
29.675560906423303,1.0920606413563776,0.004033447119839425,4.844463829194035e-07,2.6331387929568274e-06,7.481596826322016e-09,0.192
29.675560906423303,1.1039308657189468,0.0040334471198412184,4.844463829157079e-07,2.633138792957998e-06,7.481596826264942e-09,0.192
29.675560906423303,1.1158010900815163,0.004033447119843013,4.844463829120123e-07,2.633138792959169e-06,7.481596826207865e-09,0.192
29.675560906423303,1.1276713144440855,0.004033447119844808,4.844463829083167e-07,2.63313879296034e-06,7.48159682615079e-09,0.192
29.675560906423303,1.139541538806655,0.0040334471198466,4.84446382904621e-07,2.6331387929615102e-06,7.481596826093716e-09,0.192
29.675560906423303,1.1514117631692242,0.004033447119848394,4.844463829009254e-07,2.633138792962681e-06,7.481596826036642e-09,0.192
29.675560906423303,1.1632819875317935,0.004033447119850188,4.844463828972298e-07,2.633138792963852e-06,7.481596825979567e-09,0.192
29.675560906423303,1.175152211894363,0.00403344711985198,4.844463828935342e-07,2.6331387929650208e-06,7.481596825922493e-09,0.192
29.675560906423303,1.1870224362569322,0.004033447119853775,4.844463828898386e-07,2.6331387929661926e-06,7.481596825865416e-09,0.192
31.53028346307476,0.011870224362569322,0.003993986262819324,0.09478221126485532,2.1341689946371316e-06,0.0011984909663132824,0.192
31.53028346307476,0.023740448725138644,0.0039947762139863575,0.09288483080250512,2.142368413384198e-06,0.0011787968454966139,0.192
31.53028346307476,0.03561067308770797,0.0039955890840562384,0.0909324005264208,2.1508686422449873e-06,0.0011583802015769985,0.192
31.53028346307476,0.04748089745027729,0.00399642359645962,0.08892798664377442,2.159662301772585e-06,0.0011372587592556626,0.192
31.53028346307476,0.0593511218128466,0.003997278473721818,0.08687465753992661,2.1687418603899044e-06,0.001115450608661431,0.192
31.53028346307476,0.07122134617541594,0.0039981524438486744,0.08477546843897121,2.1780996754420446e-06,0.0010929741067377723,0.192
31.53028346307476,0.08309157053798526,0.003999044244755486,0.08263345076496421,2.1877280164543525e-06,0.00106984782137074,0.192
31.53028346307476,0.09496179490055458,0.003999952626893829,0.0804516058317821,2.197619071381647e-06,0.0010460905163712315,0.192
31.53028346307476,0.1068320192631239,0.004000876354237851,0.07823290247340776,2.2077649366670195e-06,0.001021721175345641,0.192
31.53028346307476,0.1187022436256932,0.004001814203788928,0.0759802782330377,2.2181575918836974e-06,0.0009967590625971157,0.192
31.53028346307476,0.13057246798826255,0.0040027649637480135,0.07369664375229079,2.228788859631291e-06,0.0009712238194448245,0.192
31.53028346307476,0.14244269235083187,0.004003727430491157,0.07138489003529809,2.2396503512177056e-06,0.0009451355946852121,0.192
31.53028346307476,0.15431291671340117,0.004004700404467146,0.06904789830196366,2.2507333984956465e-06,0.0009185152083090299,0.192
31.53028346307476,0.16618314107597051,0.004005682685118839,0.06668855218586998,2.2620289720546084e-06,0.000891384347991232,0.192
31.53028346307476,0.17805336543853983,0.004006673064913569,0.06430975207216597,2.2735275858081473e-06,0.000863765798258321,0.192
31.53028346307476,0.18992358980110916,0.004007670322553536,0.061914431405939115,2.285219187877663e-06,0.0008356837025707865,0.192
31.53028346307476,0.20179381416367848,0.004008673215424085,0.059505574829872905,2.2970930375695793e-06,0.0008071638588073155,0.192
31.53028346307476,0.2136640385262478,0.004009680471331878,0.057086238028360235,2.3091375681940205e-06,0.0007782340487569459,0.192
31.53028346307476,0.2255342628888171,0.004010690779581333,0.054659569161329975,2.3213402354945453e-06,0.0007489244021724282,0.192
31.53028346307476,0.2374044872513864,0.004011702781441287,0.052228831761563545,2.3336873515773353e-06,0.0007192677956521206,0.192
31.53028346307476,0.24927471161395579,0.004012715060067288,0.04979742894069314,2.346163904474675e-06,0.0006893002860279562,0.192
31.53028346307476,0.2611449359765251,0.004013726129965041,0.04736892869719094,2.3587533638852046e-06,0.000659061576956121,0.192
31.53028346307476,0.2730151603390944,0.004014734426114269,0.04494709003938903,2.3714374742494017e-06,0.0006285955159277469,0.192
31.53028346307476,0.28488538470166375,0.00401573829292071,0.04253588952219911,2.3841960371948624e-06,0.0005979506168143135,0.192
31.53028346307476,0.29675560906423304,0.004016735973227584,0.04013954764133563,2.3970066865797047e-06,0.0005671806001936375,0.192
31.53028346307476,0.30862583342680233,0.00401772559770123,0.03776255432674363,2.4098446609403506e-06,0.0005363449399117185,0.192
31.53028346307476,0.32049605778937174,0.0040187051750153165,0.03540969252150178,2.4226825801771155e-06,0.0005055093994712744,0.192
31.53028346307476,0.33236628215194103,0.0040196725833837234,0.03308605851896014,2.4354902358359094e-06,0.0004747465357667429,0.192
31.53028346307476,0.3442365065145103,0.004020625564151699,0.030797077358057673,2.448234407407837e-06,0.00044413614033357395,0.192
31.53028346307476,0.35610673087707967,0.004021561718329774,0.02854851114946821,2.460878720646379e-06,0.0004137655796816207,0.192
31.53028346307476,0.36797695523964896,0.004022478507151756,0.026346457737762823,2.4733835679126345e-06,0.00038372998665218527,0.192
31.53028346307476,0.3798471796022183,0.004023373257935954,0.02419733662563125,2.485706114794386e-06,0.00035413224456305135,0.192
31.53028346307476,0.3917174039647876,0.004024243176714147,0.02210785864344486,2.497800421344992e-06,0.0003250826960585776,0.192
31.53028346307476,0.40358762832735695,0.004025085369231032,0.020084975514080255,2.509617709679266e-06,0.0002966985004354097,0.192
31.53028346307476,0.41545785268992624,0.004025896871967734,0.018135805341544877,2.5211068115256493e-06,0.000269102558741113,0.192
31.53028346307476,0.4273280770524956,0.004026674694749581,0.016267530275828664,2.5322148285821082e-06,0.0002424219277473676,0.192
31.53028346307476,0.4391983014150649,0.004027415876194806,0.014487263334560749,2.5428880338480108e-06,0.00021678565512637092,0.192
31.53028346307476,0.4510685257776342,0.004028117552678018,0.012801882763657017,2.5530730320982513e-06,0.00019232199219107804,0.192
31.53028346307476,0.4629387501402035,0.004028777040555809,0.011217834543870346,2.5627181810665876e-06,0.00016915498042752362,0.192
31.53028346307476,0.4748089745027728,0.0040293919300969545,0.009740906781179065,2.571775250983922e-06,0.00014740046549900892,0.192
31.53028346307476,0.4866791988653422,0.004029960187899892,0.008375983710341664,2.580201269196719e-06,0.00012716166667191107,0.192
31.53028346307476,0.49854942322791157,0.004030480262660884,0.007126791648116145,2.587960460591242e-06,0.00010852451607815338,0.192
31.53028346307476,0.5104196475904809,0.004030951187190322,0.005995653954278225,2.5950261574517087e-06,9.155307133573817e-05,0.192
31.53028346307476,0.5222898719530502,0.004031372667884766,0.004983276119736302,2.601382520306338e-06,7.628538209392011e-05,0.192
31.53028346307476,0.5341600963156194,0.004031745151858108,0.0040885845112084915,2.6070258919952385e-06,6.27302374804956e-05,0.192
31.53028346307476,0.5460303206781888,0.004032069862055836,0.0033086420153432524,2.6119656086320745e-06,5.0865217986361805e-05,0.192
31.53028346307476,0.5579005450407581,0.004032348792266649,0.002638660003381252,2.6162241194940726e-06,4.063640720700217e-05,0.192
31.53028346307476,0.5697707694033275,0.004032584657139208,0.002072118369377792,2.619836325060628e-06,3.1959981516192476e-05,0.192
31.53028346307476,0.5816409937658967,0.004032780796898303,0.0016009943784994066,2.6228481240571707e-06,2.4725699669048418e-05,0.192
31.53028346307476,0.5935112181284661,0.004032941041842472,0.0012160881200689135,2.6253142552271685e-06,1.8802086469882694e-05,0.192
31.53028346307476,0.6053814424910354,0.004033069546982674,0.0009074196844977549,2.6272956111146295e-06,1.404288471603948e-05,0.192
31.53028346307476,0.6172516668536047,0.004033170611305146,0.0006646632783790396,2.628856271203447e-06,1.0294181327880923e-05,0.192
31.53028346307476,0.629121891216174,0.00403324849821037,0.000477578519635388,2.630060535360923e-06,7.401532850762579e-06,0.192
31.53028346307476,0.6409921155787435,0.004033307273208765,0.00033640029023793703,2.6309702283597873e-06,5.216439936569412e-06,0.192
31.53028346307476,0.6528623399413127,0.0040333506720180295,0.00023215556859258505,2.6316424949473984e-06,3.6016436283793016e-06,0.192
31.53028346307476,0.6647325643038821,0.0040333820074586095,0.00015688707451490093,2.632128224333766e-06,2.434909857653808e-06,0.192
31.53028346307476,0.6766027886664513,0.004033404117988311,0.00010377689932482479,2.6324711505369147e-06,1.6111905784128496e-06,0.192
31.53028346307476,0.6884730130290206,0.004033419355458499,6.71759270099865e-05,2.6327075888706667e-06,1.0432569051732757e-06,0.192
31.53028346307476,0.70034323739159,0.004033429605601262,4.2554635232076744e-05,2.6328667031587728e-06,6.610574392182713e-07,0.192
31.53028346307476,0.7122134617541593,0.0040334363323712005,2.6396595899930135e-05,2.6329711604886474e-06,4.1014570084577417e-07,0.192
31.53028346307476,0.7240836861167286,0.0040334406366279475,1.6057527345945993e-05,2.633038020837439e-06,2.4954336561507824e-07,0.192
31.53028346307476,0.7359539104792979,0.0040334433204584075,9.61079707496777e-06,2.633079722499188e-06,1.4937335162589525e-07,0.192
31.53028346307476,0.7478241348418672,0.004033444950202282,5.696038937061419e-06,2.633105052689531e-06,8.852848042170282e-08,0.192
31.53028346307476,0.7596943592044366,0.004033445913413691,3.3823319953446377e-06,2.6331200273464845e-06,5.255822265224216e-08,0.192
31.53028346307476,0.771564583567006,0.004033446467118767,2.0522868600729744e-06,2.633128637816902e-06,3.18751676374742e-08,0.192
31.53028346307476,0.7834348079295752,0.004033446776497412,1.3091318660138825e-06,2.633133450085633e-06,2.0315673794877694e-08,0.192
31.53028346307476,0.7953050322921447,0.004033446944393146,9.058306918274773e-07,2.6331360622988997e-06,1.4040891058296396e-08,0.192
31.53028346307476,0.8071752566547139,0.0040334470328208475,6.934189683408038e-07,2.6331374384478017e-06,1.0735243226097068e-08,0.192
31.53028346307476,0.8190454810172833,0.00403344707798322,5.849348630092122e-07,2.633138141455813e-06,9.046543340326813e-09,0.192
31.53028346307476,0.8309157053798525,0.0040334471003302995,5.312554195239227e-07,2.6331384893995006e-06,8.210743754815594e-09,0.192
31.53028346307476,0.8427859297424218,0.00403344711103345,5.055459221466587e-07,2.6331386560862626e-06,7.810342772336065e-09,0.192
31.53028346307476,0.8546561541049912,0.004033447115990346,4.936394326725663e-07,2.633138733300537e-06,7.62486479346153e-09,0.192
31.53028346307476,0.8665263784675605,0.004033447118207759,4.88313347199937e-07,2.6331387678489544e-06,7.541875219576788e-09,0.192
31.53028346307476,0.8783966028301298,0.00403344711916473,4.86014753164685e-07,2.6331387827627363e-06,7.506050385625651e-09,0.192
31.53028346307476,0.8902668271926991,0.004033447119562855,4.850588717969654e-07,2.6331387889663197e-06,7.491148811228433e-09,0.192
31.53028346307476,0.9021370515552684,0.004033447119722086,4.846763559210213e-07,2.6331387914493544e-06,7.485184179669477e-09,0.192
31.53028346307476,0.9140072759178378,0.0040334471197828415,4.845292708713641e-07,2.6331387924040478e-06,7.482890100279911e-09,0.192
31.53028346307476,0.925877500280407,0.004033447119805477,4.844750109349668e-07,2.6331387927564664e-06,7.482043604674546e-09,0.192
31.53028346307476,0.9377477246429764,0.004033447119814349,4.844558400738201e-07,2.6331387928815846e-06,7.481744452385669e-09,0.192
31.53028346307476,0.9496179490055456,0.004033447119817895,4.844493649258629e-07,2.633138792924213e-06,7.48164338629782e-09,0.192
31.53028346307476,0.9614881733681151,0.0040334471198196905,4.844472784047596e-07,2.6331387929383735e-06,7.481610811377352e-09,0.192
31.53028346307476,0.9733583977306844,0.004033447119821484,4.844466383838407e-07,2.633138792943529e-06,7.481600816916779e-09,0.192
31.53028346307476,0.9852286220932537,0.004033447119823279,4.844464519619424e-07,2.6331387929458613e-06,7.481597905083283e-09,0.192
31.53028346307476,0.9970988464558231,0.0040334471198250725,4.844464005406307e-07,2.6331387929473525e-06,7.481597101710526e-09,0.192
31.53028346307476,1.0089690708183923,0.004033447119826867,4.844463871505041e-07,2.633138792948606e-06,7.48159689246159e-09,0.192
31.53028346307476,1.0208392951809617,0.004033447119828661,4.844463838710246e-07,2.6331387929497975e-06,7.481596841200256e-09,0.192
31.53028346307476,1.032709519543531,0.0040334471198304545,4.844463831196357e-07,2.6331387929509727e-06,7.481596829452011e-09,0.192
31.53028346307476,1.0445797439061004,0.004033447119832248,4.844463829606356e-07,2.6331387929521437e-06,7.481596826965237e-09,0.192
31.53028346307476,1.0564499682686697,0.004033447119834044,4.844463829304903e-07,2.633138792953316e-06,7.481596826493241e-09,0.192
31.53028346307476,1.068320192631239,0.004033447119835837,4.844463829267947e-07,2.6331387929544862e-06,7.481596826436166e-09,0.192
31.53028346307476,1.0801904169938081,0.00403344711983763,4.844463829230991e-07,2.633138792955657e-06,7.481596826379092e-09,0.192
31.53028346307476,1.0920606413563776,0.004033447119839425,4.844463829194035e-07,2.6331387929568274e-06,7.481596826322016e-09,0.192
31.53028346307476,1.1039308657189468,0.0040334471198412184,4.844463829157079e-07,2.633138792957998e-06,7.481596826264942e-09,0.192
31.53028346307476,1.1158010900815163,0.004033447119843013,4.844463829120123e-07,2.633138792959169e-06,7.481596826207865e-09,0.192
31.53028346307476,1.1276713144440855,0.004033447119844808,4.844463829083167e-07,2.63313879296034e-06,7.48159682615079e-09,0.192
31.53028346307476,1.139541538806655,0.0040334471198466,4.84446382904621e-07,2.6331387929615102e-06,7.481596826093716e-09,0.192
31.53028346307476,1.1514117631692242,0.004033447119848394,4.844463829009254e-07,2.633138792962681e-06,7.481596826036642e-09,0.192
31.53028346307476,1.1632819875317935,0.004033447119850188,4.844463828972298e-07,2.633138792963852e-06,7.481596825979567e-09,0.192
31.53028346307476,1.175152211894363,0.00403344711985198,4.844463828935342e-07,2.6331387929650208e-06,7.481596825922493e-09,0.192
31.53028346307476,1.1870224362569322,0.004033447119853775,4.844463828898386e-07,2.6331387929661926e-06,7.481596825865416e-09,0.192
33.38500601972621,0.011870224362569322,0.003998358548721902,0.08428040669056751,2.1803242138782687e-06,0.0010876307967624761,0.192
33.38500601972621,0.023740448725138644,0.003999215122506784,0.08222300058206751,2.1895888710162213e-06,0.001065378035741475,0.192
33.38500601972621,0.03561067308770797,0.0040000864240625775,0.08013021914668898,2.199090049374996e-06,0.0010425571681778169,0.192
33.38500601972621,0.04748089745027729,0.004000971382283411,0.07800463509494536,2.2088208494831066e-06,0.0010191847659730474,0.192
33.38500601972621,0.0593511218128466,0.004001868939862336,0.0758487879928393,2.218774303681157e-06,0.000995277564796985,0.192
33.38500601972621,0.07122134617541594,0.004002778051425284,0.07366518874360486,2.228943341239715e-06,0.0009708525478667894,0.192
33.38500601972621,0.08309157053798526,0.004003697680774284,0.0714563262089732,2.239320742751731e-06,0.0009459270554878358,0.192
33.38500601972621,0.09496179490055458,0.004004626797328266,0.06922467575727011,2.2498990840822248e-06,0.0009205189196770211,0.192
33.38500601972621,0.1068320192631239,0.004005564371836711,0.06697270955938439,2.2606706700208623e-06,0.0008946466235196269,0.192
33.38500601972621,0.1187022436256932,0.004006509371426151,0.06470290848563243,2.271627457650948e-06,0.000868329485225637,0.192
33.38500601972621,0.13057246798826255,0.004007460754029791,0.062417775485268494,2.282760969332216e-06,0.0008415878671333593,0.192
33.38500601972621,0.14244269235083187,0.004008417462239463,0.06011985035380417,2.294062195101506e-06,0.0008144434101304794,0.192
33.38500601972621,0.15431291671340117,0.004009378416611742,0.05781172581035526,2.3055214842350463e-06,0.0007869192941073836,0.192
33.38500601972621,0.16618314107597051,0.004010342508457695,0.05549606481589461,2.3171284257027395e-06,0.0007590405250912629,0.192
33.38500601972621,0.17805336543853983,0.004011308592145405,0.053175619062031186,2.328871717289409e-06,0.0007308342496013217,0.192
33.38500601972621,0.18992358980110916,0.004012275476949949,0.05085324854628097,2.3407390232816513e-06,0.0007023300964682701,0.192
33.38500601972621,0.20179381416367848,0.0040132419184980795,0.04853194212141145,2.3527168208425686e-06,0.0006735605458250692,0.192
33.38500601972621,0.2136640385262478,0.004014206609873249,0.04621483885989994,2.364790235547812e-06,0.0006445613241312887,0.192
33.38500601972621,0.2255342628888171,0.004015168172476205,0.04390525000632444,2.3769428670690648e-06,0.0006153718228635925,0.192
33.38500601972621,0.2374044872513864,0.0040161251467744005,0.04160668119619502,2.3891566067021897e-06,0.0005860355367953104,0.192
33.38500601972621,0.24927471161395579,0.004017075983126744,0.0393228544946678,2.4014114493928453e-06,0.0005566005154945592,0.192
33.38500601972621,0.2611449359765251,0.004018019032935753,0.03705772964788533,2.4136853041564024e-06,0.0005271198186805924,0.192
33.38500601972621,0.2730151603390944,0.004018952540464488,0.03481552373882212,2.425953808370745e-06,0.0004976519622812447,0.192
33.38500601972621,0.28488538470166375,0.004019874635756331,0.03260072819514922,2.4381901533758234e-06,0.00046826133733684095,0.192
33.38500601972621,0.29675560906423304,0.004020783329214316,0.03041812180791205,2.450364931165064e-06,0.0004390185782458667,0.192
33.38500601972621,0.30862583342680233,0.004021676508538731,0.028272778090066737,2.46244601469589e-06,0.0004100008502687113,0.192
33.38500601972621,0.32049605778937174,0.004022551938866134,0.02617006494330486,2.474398487406122e-06,0.00038129201884872394,0.192
33.38500601972621,0.33236628215194103,0.004023407267111972,0.024115634230043786,2.4861846407714448e-06,0.00035298265551354563,0.192
33.38500601972621,0.3442365065145103,0.004024240031661608,0.02211539849841508,2.4977640619151835e-06,0.00032516982748724674,0.192
33.38500601972621,0.35610673087707967,0.004025047678671244,0.02017549183241611,2.509093835996978e-06,0.0002979566116240049,0.192
33.38500601972621,0.36797695523964896,0.004025827586292962,0.0183022116684954,2.5201288897897785e-06,0.0002714512692289541,0.192
33.38500601972621,0.3798471796022183,0.004026577098094879,0.016501938527120036,2.530822502755216e-06,0.00024576601857153896,0.192
33.38500601972621,0.3917174039647876,0.004027293566755898,0.014781031066096814,2.541127009121713e-06,0.00022101534863355206,0.192
33.38500601972621,0.40358762832735695,0.00402797440872625,0.013145694795045302,2.550994707940749e-06,0.0001973138333140304,0.192
33.38500601972621,0.41545785268992624,0.004028617169910722,0.01160182431338763,2.5603789868773244e-06,0.00017477343225920695,0.192
33.38500601972621,0.4273280770524956,0.004029219601519057,0.010154821127059852,2.5692356489028516e-06,0.00015350030432674703,0.192
33.38500601972621,0.4391983014150649,0.004029779744035503,0.00880939196444522,2.577524409043958e-06,0.00013359121257027384,0.192
33.38500601972621,0.4510685257776342,0.004030296015834502,0.0075693359278613615,2.5852105018409484e-06,0.00011512966327477068,0.192
33.38500601972621,0.4629387501402035,0.0040307673014434555,0.006437332492071956,2.5922663114897888e-06,9.818199046678212e-05,0.192
33.38500601972621,0.4748089745027728,0.004031193033015015,0.005414745809718084,2.5986729096037033e-06,8.279366226363201e-05,0.192
33.38500601972621,0.4866791988653422,0.00403157325750798,0.004501463340645797,2.6044213653373274e-06,6.898613393436331e-05,0.192
33.38500601972621,0.49854942322791157,0.00403190868170075,0.0036957877228699274,2.6095136851549348e-06,5.675459047301871e-05,0.192
33.38500601972621,0.5104196475904809,0.0040322006877735244,0.002994399332348695,2.6139632501607954e-06,4.6066895944326584e-05,0.192
33.38500601972621,0.5222898719530502,0.0040324513139859425,0.002392402679529987,2.6177946508672584e-06,3.686399011137322e-05,0.192
33.38500601972621,0.5341600963156194,0.004032663197936402,0.0018834626818580908,2.621042872017828e-06,2.906184617956644e-05,0.192
33.38500601972621,0.5460303206781888,0.004032839483748144,0.0014600275827356952,2.623751848297015e-06,2.255493964834044e-05,0.192
33.38500601972621,0.5579005450407581,0.004032983698749523,0.0011136251464172271,2.6259724855283855e-06,1.722100107216382e-05,0.192
33.38500601972621,0.5697707694033275,0.00403309960907928,0.000835209478047421,2.627760308429954e-06,1.2926665875351819e-05,0.192
33.38500601972621,0.5816409937658967,0.004033191066402722,0.0006155291987269036,2.6291729423018127e-06,9.533523131181999e-06,0.192
33.38500601972621,0.5935112181284661,0.004033261858991261,0.00044548514526728894,2.6302676526971145e-06,6.904025149967887e-06,0.192
33.38500601972621,0.6053814424910354,0.004033315579547453,0.0003164478530011942,2.6310991508079333e-06,4.90675890697569e-06,0.192
33.38500601972621,0.6172516668536047,0.004033355519522964,0.0002205114063663119,2.6317178267464103e-06,3.4206897420338737e-06,0.192
33.38500601972621,0.629121891216174,0.004033384595825845,0.0001506694946666906,2.6321685079386143e-06,2.3381437972072157e-06,0.192
33.38500601972621,0.6409921155787435,0.004033405311511344,0.00010090984113977798,2.632489768565494e-06,1.5664668746723441e-06,0.192
33.38500601972621,0.6528623399413127,0.004033419748088991,6.623269139865892e-05,2.632713751284333e-06,1.0284528106756076e-06,0.192
33.38500601972621,0.6647325643038821,0.004033429584068735,4.2606274477593166e-05,2.6328664140487867e-06,6.617507566015422e-07,0.192
33.38500601972621,0.6766027886664513,0.0040334361326417,2.6876300188430183e-05,2.63296808755766e-06,4.175263105905654e-07,0.192
33.38500601972621,0.6884730130290206,0.004033440390965093,1.6647585079238637e-05,2.633034222566629e-06,2.586665750092394e-07,0.192
33.38500601972621,0.70034323739159,0.004033443094160464,1.0154352271434982e-05,2.633076217031138e-06,1.577934304673206e-07,0.192
33.38500601972621,0.7122134617541593,0.00403344476848908,6.1325073407033585e-06,2.633102234821939e-06,9.529702814231055e-08,0.192
33.38500601972621,0.7240836861167286,0.00403344577982926,3.7031971711186337e-06,2.63311795427954e-06,5.753778842876235e-08,0.192
33.38500601972621,0.7359539104792979,0.004033446375224129,2.2730135251762666e-06,2.633127210908922e-06,3.530266024126919e-08,0.192
33.38500601972621,0.7478241348418672,0.004033446716660077,1.4528566615870382e-06,2.6331325205171344e-06,2.254854579366891e-08,0.192
33.38500601972621,0.7596943592044366,0.004033446907267746,9.950006157478429e-07,2.6331354853325834e-06,1.5426798428362523e-08,0.192
33.38500601972621,0.771564583567006,0.004033447010785141,7.463425286139303e-07,2.6331370958801975e-06,1.1558112090965683e-08,0.192
33.38500601972621,0.7834348079295752,0.004033447065439615,6.150575188359223e-07,2.633137946406561e-06,9.515063203633007e-09,0.192
33.38500601972621,0.7953050322921447,0.004033447093471644,5.477218624908671e-07,2.6331383827403936e-06,8.46694338348289e-09,0.192
33.38500601972621,0.8071752566547139,0.00403344710742747,5.141982659254388e-07,2.63313860002304e-06,7.945006134960342e-09,0.192
33.38500601972621,0.8190454810172833,0.004033447114165971,4.980112114679486e-07,2.6331387049633666e-06,7.692926908231325e-09,0.192
33.38500601972621,0.8309157053798525,0.004033447117318706,4.904374935719402e-07,2.6331387540748705e-06,7.574954721386141e-09,0.192
33.38500601972621,0.8427859297424218,0.004033447118746823,4.87006965262986e-07,2.633138776325184e-06,7.521506587926268e-09,0.192
33.38500601972621,0.8546561541049912,0.004033447119372658,4.855042322774552e-07,2.633138786074278e-06,7.49808835313808e-09,0.192
33.38500601972621,0.8665263784675605,0.004033447119637228,4.848683172521851e-07,2.6331387902005958e-06,7.488176108666253e-09,0.192
33.38500601972621,0.8783966028301298,0.004033447119744967,4.846086563982169e-07,2.6331387918856814e-06,7.484127742657248e-09,0.192
33.38500601972621,0.8902668271926991,0.004033447119787687,4.845064777100412e-07,2.6331387925491335e-06,7.482534309770984e-09,0.192
33.38500601972621,0.9021370515552684,0.0040334471198036756,4.844677808675846e-07,2.6331387928003216e-06,7.481930710166662e-09,0.192
33.38500601972621,0.9140072759178378,0.00403344711981076,4.844536970332901e-07,2.6331387928925906e-06,7.481710977771486e-09,0.192
33.38500601972621,0.925877500280407,0.004033447119814306,4.844487787490323e-07,2.633138792925523e-06,7.481634226358265e-09,0.192
33.38500601972621,0.9377477246429764,0.004033447119816102,4.844471335718893e-07,2.633138792936935e-06,7.481608546962221e-09,0.192
33.38500601972621,0.9496179490055456,0.004033447119817898,4.844466074203494e-07,2.633138792941382e-06,7.481600332442275e-09,0.192
33.38500601972621,0.9614881733681151,0.004033447119819692,4.844464468651375e-07,2.633138792943553e-06,7.481597825208613e-09,0.192
33.38500601972621,0.9733583977306844,0.004033447119821484,4.844464002231512e-07,2.633138792945012e-06,7.481597096680237e-09,0.192
33.38500601972621,0.9852286220932537,0.004033447119823279,4.844463873564551e-07,2.6331387929462636e-06,7.481596895661826e-09,0.192
33.38500601972621,0.9970988464558231,0.0040334471198250725,4.844463839961933e-07,2.6331387929474554e-06,7.4815968431516e-09,0.192
33.38500601972621,1.0089690708183923,0.004033447119826867,4.844463831691196e-07,2.6331387929486315e-06,7.48159683022377e-09,0.192
33.38500601972621,1.0208392951809617,0.004033447119828661,4.844463829793519e-07,2.633138792949803e-06,7.481596827256428e-09,0.192
33.38500601972621,1.032709519543531,0.0040334471198304545,4.844463829404037e-07,2.6331387929509736e-06,7.481596826646984e-09,0.192
33.38500601972621,1.0445797439061004,0.004033447119832248,4.844463829341859e-07,2.633138792952144e-06,7.481596826550318e-09,0.192
33.38500601972621,1.0564499682686697,0.004033447119834044,4.844463829304903e-07,2.633138792953316e-06,7.481596826493241e-09,0.192
33.38500601972621,1.068320192631239,0.004033447119835837,4.844463829267947e-07,2.6331387929544862e-06,7.481596826436166e-09,0.192
33.38500601972621,1.0801904169938081,0.00403344711983763,4.844463829230991e-07,2.633138792955657e-06,7.481596826379092e-09,0.192
33.38500601972621,1.0920606413563776,0.004033447119839425,4.844463829194035e-07,2.6331387929568274e-06,7.481596826322016e-09,0.192
33.38500601972621,1.1039308657189468,0.0040334471198412184,4.844463829157079e-07,2.633138792957998e-06,7.481596826264942e-09,0.192
33.38500601972621,1.1158010900815163,0.004033447119843013,4.844463829120123e-07,2.633138792959169e-06,7.481596826207865e-09,0.192
33.38500601972621,1.1276713144440855,0.004033447119844808,4.844463829083167e-07,2.63313879296034e-06,7.48159682615079e-09,0.192
33.38500601972621,1.139541538806655,0.0040334471198466,4.84446382904621e-07,2.6331387929615102e-06,7.481596826093716e-09,0.192
33.38500601972621,1.1514117631692242,0.004033447119848394,4.844463829009254e-07,2.633138792962681e-06,7.481596826036642e-09,0.192
33.38500601972621,1.1632819875317935,0.004033447119850188,4.844463828972298e-07,2.633138792963852e-06,7.481596825979567e-09,0.192
33.38500601972621,1.175152211894363,0.00403344711985198,4.844463828935342e-07,2.6331387929650208e-06,7.481596825922493e-09,0.192
33.38500601972621,1.1870224362569322,0.004033447119853775,4.844463828898386e-07,2.6331387929661926e-06,7.481596825865416e-09,0.192
35.23972857637767,0.011870224362569322,0.004002788597094234,0.07363984114906173,2.2290686152490228e-06,0.0009705514498582574,0.192
35.23972857637767,0.023740448725138644,0.004003669201573766,0.07152471250509175,2.239004932853153e-06,0.0009466853940081842,0.192
35.23972857637767,0.03561067308770797,0.004004558413053981,0.06938891018498136,2.249124338336852e-06,0.000922379574059236,0.192
35.23972857637767,0.04748089745027729,0.0040054553428422665,0.06723456875196891,2.259420225663287e-06,0.0008976498570287258,0.192
35.23972857637767,0.0593511218128466,0.004006359100931217,0.065063825925364,2.2698857223957767e-06,0.0008725127497742903,0.192
35.23972857637767,0.07122134617541594,0.004007268791390931,0.06287883364787762,2.2805136195529126e-06,0.000846985567472636,0.192
35.23972857637767,0.08309157053798526,0.004008183507319135,0.060681770214411915,2.291296293333042e-06,0.0008210866216269483,0.192
35.23972857637767,0.09496179490055458,0.004009102325370371,0.058474853412739634,2.3022256184724755e-06,0.0007948354281698054,0.192
35.23972857637767,0.1068320192631239,0.004010024299880365,0.056260354635737655,2.3132928729711202e-06,0.0007682529363002757,0.192
35.23972857637767,0.1187022436256932,0.004010948456601926,0.05404061392734381,2.324488633928153e-06,0.0007413617786742447,0.192
35.23972857637767,0.13057246798826255,0.004011873786069928,0.05181805591890999,2.335802664286742e-06,0.0007141865434301547,0.192
35.23972857637767,0.14244269235083187,0.004012799236620162,0.049595206597502675,2.34722379040692e-06,0.0006867540682451141,0.192
35.23972857637767,0.15431291671340117,0.004013723707097082,0.04737471082090862,2.35873977058487e-06,0.0006590937561367962,0.192
35.23972857637767,0.16618314107597051,0.004014646039303235,0.04515935045331132,2.370337154937621e-06,0.0006312379120054103,0.192
35.23972857637767,0.17805336543853983,0.004015565010267254,0.04295206293783204,2.3820011374987487e-06,0.0006032220978852285,0.192
35.23972857637767,0.18992358980110916,0.004016479324437868,0.04075596004432287,2.393715401950987e-06,0.0005750855034792239,0.192
35.23972857637767,0.20179381416367848,0.00401738760595733,0.03857434642926766,2.405461963192692e-06,0.0005468713267032302,0.192
35.23972857637767,0.2136640385262478,0.004018288391217208,0.036410737515820156,2.4172210079239545e-06,0.0005186271565855178,0.192
35.23972857637767,0.2255342628888171,0.004019180121968975,0.03426887604257186,2.4289707386867374e-06,0.0004904053478731143,0.192
35.23972857637767,0.2374044872513864,0.004020061139339328,0.032152746437059225,2.440687227323002e-06,0.0004622633730184468,0.192
35.23972857637767,0.24927471161395579,0.004020929679198367,0.03006658594372759,2.4523442856481236e-06,0.0004342641328223483,0.192
35.23972857637767,0.2611449359765251,0.004021783869430826,0.02801489117842938,2.463913363257364e-06,0.0004064762019088123,0.192
35.23972857637767,0.2730151603390944,0.0040226217297818926,0.02600241849969575,2.475363484757983e-06,0.00037897397950856633,0.192
35.23972857637767,0.28488538470166375,0.004023441175069426,0.02403417629531276,2.4866612412396067e-06,0.0003518377099740565,0.192
35.23972857637767,0.29675560906423304,0.004024240022669465,0.02211540700464389,2.4977708532885164e-06,0.00032515333145908604,0.192
35.23972857637767,0.30862583342680233,0.004025016005277718,0.020251556468806775,2.508654325040132e-06,0.00029901210594041896,0.192
35.23972857637767,0.32049605778937174,0.004025766790003311,0.01844822807264731,2.5192717102491283e-06,0.00027350998019134797,0.192
35.23972857637767,0.33236628215194103,0.004026490004833599,0.016711119181007893,2.529581511604926e-06,0.00024874662671793676,0.192
35.23972857637767,0.3442365065145103,0.004027183273391463,0.015045937658104525,2.539541232877906e-06,0.00022482411761543268,0.192
35.23972857637767,0.35610673087707967,0.004027844258645174,0.013458296883753891,2.5491080992014267e-06,0.00020184519458020387,0.192
35.23972857637767,0.36797695523964896,0.0040284707157929875,0.011953588732992496,2.558239953141662e-06,0.00017991111669369403,0.192
35.23972857637767,0.3798471796022183,0.004029060553898557,0.010536835536013792,2.5668963225950927e-06,0.0001591190954840405,0.192
35.23972857637767,0.3917174039647876,0.004029611904991031,0.00921252410687808,2.575039640767079e-06,0.0001395593646874083,0.192
35.23972857637767,0.40358762832735695,0.00403012319828834,0.007984427467286432,2.582636578937579e-06,0.00012131197908320743,0.192
35.23972857637767,0.41545785268992624,0.004030593236018483,0.006855422729136216,2.589659430714544e-06,0.00010444348962888593,0.192
35.23972857637767,0.4273280770524956,0.004031021266135774,0.0058273164333976476,2.5960874643997744e-06,8.900369514817854e-05,0.192
35.23972857637767,0.4391983014150649,0.004031407046233779,0.004900691031138848,2.601908141395369e-06,7.502271573555409e-05,0.192
35.23972857637767,0.4510685257776342,0.004031750892375706,0.004074787589813629,2.6071180874794563e-06,6.25086597049113e-05,0.192
35.23972857637767,0.4629387501402035,0.004032053706628482,0.003347439648268959,2.6117237045670034e-06,5.144615402369532e-05,0.192
35.23972857637767,0.4748089745027728,0.004032316977993467,0.0027150709707559205,2.615741326590012e-06,4.179596970784416e-05,0.192
35.23972857637767,0.4866791988653422,0.004032542753247487,0.0021727655720883417,2.6191968555870095e-06,3.3495895699287035e-05,0.192
35.23972857637767,0.49854942322791157,0.004032733576861491,0.001714412016868,2.6221248610749062e-06,2.6462901905099786e-05,0.192
35.23972857637767,0.5104196475904809,0.00403289240235743,0.0013329163237599338,2.6245671818502984e-06,2.0596497391784512e-05,0.192
35.23972857637767,0.5222898719530502,0.004033022480737523,0.0010204699425835186,2.6265711261347617e-06,1.5783053374546964e-05,0.192
35.23972857637767,0.5341600963156194,0.004033127234414521,0.0007688525605574322,2.6281874136322924e-06,1.1900746175595021e-05,0.192
35.23972857637767,0.5460303206781888,0.0040332101268557765,0.0005697452084118324,2.62946803265686e-06,8.82470424510631e-06,0.192
35.23972857637767,0.5579005450407581,0.00403327453856199,0.000415028153802815,2.630464191237088e-06,6.431929518185256e-06,0.192
35.23972857637767,0.5697707694033275,0.004033323658941313,0.0002970406187202575,2.631224522014229e-06,4.605609230068377e-06,0.192
35.23972857637767,0.5816409937658967,0.004033360401312692,0.00020878494464953568,2.6317936608915198e-06,3.238530041131708e-06,0.192
35.23972857637767,0.5935112181284661,0.004033387345136393,0.00014406535944380078,2.6322112668115994e-06,2.2354326166211453e-06,0.192
35.23972857637767,0.6053814424910354,0.004033406706213545,9.755956599671773e-05,2.632511494605574e-06,1.5142779566348829e-06,0.192
35.23972857637767,0.6172516668536047,0.004033420332582394,6.482860701462118e-05,2.6327228838315076e-06,1.0065145287180959e-06,0.192
35.23972857637767,0.629121891216174,0.0040334297216021225,4.227583711676667e-05,2.6328685905942826e-06,6.565215547722805e-07,0.192
35.23972857637767,0.6409921155787435,0.00403343605246244,2.706884188792032e-05,2.6329668696134937e-06,4.2045118779840346e-07,0.192
35.23972857637767,0.6528623399413127,0.004033440228083069,1.7038799745214187e-05,2.633031709861547e-06,2.6470179195787014e-07,0.192
35.23972857637767,0.6647325643038821,0.004033442920897281,1.0570514654626291e-05,2.6330735358601442e-06,1.6423349064402386e-07,0.192
35.23972857637767,0.6766027886664513,0.004033444618067008,6.493811596665515e-06,2.633099903731881e-06,1.0089629178497823e-07,0.192
35.23972857637767,0.6884730130290206,0.004033445662973168,3.983878532117959e-06,2.633116141733639e-06,6.189155156550022e-08,0.192
35.23972857637767,0.70034323739159,0.004033446291108661,2.4750522499317957e-06,2.6331259053604533e-06,3.843862711467405e-08,0.192
35.23972857637767,0.7122134617541593,0.004033446659605822,1.58989376407926e-06,2.6331316345405684e-06,2.467669757807149e-08,0.192
35.23972857637767,0.7240836861167286,0.0040334468704631135,1.08339709267816e-06,2.6331349135767407e-06,1.680018295990779e-08,0.192
35.23972857637767,0.7359539104792979,0.004033446988081,8.008686395660663e-07,2.633136743062708e-06,1.240559696857267e-08,0.192
35.23972857637767,0.7478241348418672,0.0040334470520001,6.473291142128896e-07,2.633137737514504e-06,1.0016830900011908e-08,0.192
35.23972857637767,0.7596943592044366,0.004033447085821155,5.660876078021736e-07,2.6331382638197244e-06,8.752593645490295e-09,0.192
35.23972857637767,0.771564583567006,0.004033447103233334,5.242615670747552e-07,2.6331385348402703e-06,8.101573836217913e-09,0.192
35.23972857637767,0.7834348079295752,0.00403344711194945,5.033242761338322e-07,2.633138670537615e-06,7.77561371153737e-09,0.192
35.23972857637767,0.7953050322921447,0.0040334471161885205,4.931413056963767e-07,2.6331387365492388e-06,7.617045999541361e-09,0.192
35.23972857637767,0.8071752566547139,0.004033447118190201,4.883333106293644e-07,2.6331387677242423e-06,7.542160047487354e-09,0.192
35.23972857637767,0.8190454810172833,0.004033447119107104,4.861312833527874e-07,2.6331387820053855e-06,7.50785524724222e-09,0.192
35.23972857637767,0.8309157053798525,0.004033447119514342,4.851539096140747e-07,2.633138788345657e-06,7.492625646099007e-09,0.192
35.23972857637767,0.8427859297424218,0.004033447119689599,4.847338968079242e-07,2.633138791071054e-06,7.486079497303238e-09,0.192
35.23972857637767,0.8546561541049912,0.004033447119762451,4.84559320615366e-07,2.633138792204111e-06,7.483358026656206e-09,0.192
35.23972857637767,0.8665263784675605,0.0040334471197911925,4.844892147612714e-07,2.633138792658874e-06,7.482264906145989e-09,0.192
35.23972857637767,0.8783966028301298,0.004033447119803553,4.844620464363219e-07,2.6331387928359503e-06,7.481841193357923e-09,0.192
35.23972857637767,0.8902668271926991,0.004033447119808887,4.844518987717628e-07,2.6331387929025796e-06,7.481682897484339e-09,0.192
35.23972857637767,0.9021370515552684,0.00403344711981072,4.844482505766446e-07,2.6331387929264727e-06,7.481625976006439e-09,0.192
35.23972857637767,0.9140072759178378,0.004033447119812516,4.844469900076572e-07,2.6331387929354885e-06,7.48160630352302e-09,0.192
35.23972857637767,0.925877500280407,0.004033447119814309,4.844465720353424e-07,2.6331387929392612e-06,7.481599779215857e-09,0.192
35.23972857637767,0.9377477246429764,0.004033447119816105,4.844464392725694e-07,2.633138792941259e-06,7.481597706415837e-09,0.192
35.23972857637767,0.9496179490055456,0.0040334471198178986,4.844463989512367e-07,2.6331387929426807e-06,7.481597076749905e-09,0.192
35.23972857637767,0.9614881733681151,0.004033447119819692,4.844463872669703e-07,2.633138792943924e-06,7.481596894246291e-09,0.192
35.23972857637767,0.9733583977306844,0.004033447119821484,4.844463840447056e-07,2.633138792945113e-06,7.481596843904518e-09,0.192
35.23972857637767,0.9852286220932537,0.004033447119823279,4.84446383202283e-07,2.6331387929462895e-06,7.481596830740069e-09,0.192
35.23972857637767,0.9970988464558231,0.0040334471198250725,4.844463829954947e-07,2.6331387929474618e-06,7.48159682750736e-09,0.192
35.23972857637767,1.0089690708183923,0.004033447119826867,4.844463829497815e-07,2.6331387929486324e-06,7.481596826792321e-09,0.192
35.23972857637767,1.0208392951809617,0.004033447119828661,4.844463829415772e-07,2.6331387929498034e-06,7.481596826664466e-09,0.192
35.23972857637767,1.032709519543531,0.0040334471198304545,4.844463829378816e-07,2.6331387929509736e-06,7.48159682660739e-09,0.192
35.23972857637767,1.0445797439061004,0.004033447119832248,4.844463829341859e-07,2.633138792952144e-06,7.481596826550318e-09,0.192
35.23972857637767,1.0564499682686697,0.004033447119834044,4.844463829304903e-07,2.633138792953316e-06,7.481596826493241e-09,0.192
35.23972857637767,1.068320192631239,0.004033447119835837,4.844463829267947e-07,2.6331387929544862e-06,7.481596826436166e-09,0.192
35.23972857637767,1.0801904169938081,0.00403344711983763,4.844463829230991e-07,2.633138792955657e-06,7.481596826379092e-09,0.192
35.23972857637767,1.0920606413563776,0.004033447119839425,4.844463829194035e-07,2.6331387929568274e-06,7.481596826322016e-09,0.192
35.23972857637767,1.1039308657189468,0.0040334471198412184,4.844463829157079e-07,2.633138792957998e-06,7.481596826264942e-09,0.192
35.23972857637767,1.1158010900815163,0.004033447119843013,4.844463829120123e-07,2.633138792959169e-06,7.481596826207865e-09,0.192
35.23972857637767,1.1276713144440855,0.004033447119844808,4.844463829083167e-07,2.63313879296034e-06,7.48159682615079e-09,0.192
35.23972857637767,1.139541538806655,0.0040334471198466,4.84446382904621e-07,2.6331387929615102e-06,7.481596826093716e-09,0.192
35.23972857637767,1.1514117631692242,0.004033447119848394,4.844463829009254e-07,2.633138792962681e-06,7.481596826036642e-09,0.192
35.23972857637767,1.1632819875317935,0.004033447119850188,4.844463828972298e-07,2.633138792963852e-06,7.481596825979567e-09,0.192
35.23972857637767,1.175152211894363,0.00403344711985198,4.844463828935342e-07,2.6331387929650208e-06,7.481596825922493e-09,0.192
35.23972857637767,1.1870224362569322,0.004033447119853775,4.844463828898386e-07,2.6331387929661926e-06,7.481596825865416e-09,0.192
37.094451133029125,0.011870224362569322,0.00400709220103721,0.0633029705607583,2.278449900028293e-06,0.0008519422248771759,0.192
37.094451133029125,0.023740448725138644,0.004007968563526036,0.06119802863388002,2.288760698896888e-06,0.0008271766763535737,0.192
37.094451133029125,0.03561067308770797,0.004008848869202028,0.05908361514880075,2.2992078235638055e-06,0.0008020836819316514,0.192
37.094451133029125,0.04748089745027729,0.004009732305355885,0.05696168215443038,2.3097839048829793e-06,0.0007766809414304039,0.192
37.094451133029125,0.0593511218128466,0.004010618037052227,0.054834235082494166,2.3204810178475248e-06,0.0007509874897610606,0.192
37.094451133029125,0.07122134617541594,0.00401150520169143,0.05270334580924492,2.3312905906804516e-06,0.0007250239152803662,0.192
37.094451133029125,0.08309157053798526,0.00401239290328153,0.05057116641441413,2.3422033065179743e-06,0.0006988125959362663,0.192
37.094451133029125,0.09496179490055458,0.004013280206437016,0.04843994359470292,2.353208997626159e-06,0.0006723779533471362,0.192
37.094451133029125,0.1068320192631239,0.004014166130133859,0.04631203366469252,2.364296532268961e-06,0.0006457467245329555,0.192
37.094451133029125,0.1187022436256932,0.004015049641261407,0.04418991804265313,2.3754536945996882e-06,0.0006189482504021983,0.192
37.094451133029125,0.13057246798826255,0.004015929648036988,0.04207621907001727,2.3866670583065096e-06,0.0005920147792436503,0.192
37.094451133029125,0.14244269235083187,0.004016804993370235,0.03997371594885962,2.3979218552167737e-06,0.0005649817823258469,0.192
37.094451133029125,0.15431291671340117,0.004017674448302953,0.03788536049886558,2.4092018406910565e-06,0.0005378882772088344,0.192
37.094451133029125,0.16618314107597051,0.004018536705691892,0.03581429233123057,2.42048915843268e-06,0.0005107771524614511,0.192
37.094451133029125,0.17805336543853983,0.0040193903743549805,0.03376385290919118,2.4317642083317374e-06,0.0004836954850917244,0.192
37.094451133029125,0.18992358980110916,0.004020233973965591,0.03173759781161956,2.443005522174195e-06,0.0004566948390881487,0.192
37.094451133029125,0.20179381416367848,0.004021065931054481,0.029739306336837787,2.4541896534882236e-06,0.0004298315300079638,0.192
37.094451133029125,0.2136640385262478,0.004021884576563287,0.02777298738011281,2.4652910894663332e-06,0.00040316683654509036,0.192
37.094451133029125,0.2255342628888171,0.004022688145485783,0.025842880295600414,2.4762821947610183e-06,0.0003767671355443661,0.192
37.094451133029125,0.2374044872513864,0.004023474779231273,0.023953449221777157,2.4871331989347955e-06,0.00035070393216786726,0.192
37.094451133029125,0.24927471161395579,0.004024242531434958,0.022109369125797897,2.497812241321929e-06,0.00032505375216791856,0.192
37.094451133029125,0.2611449359765251,0.004024989378022666,0.020315501632491774,2.5082854888381176e-06,0.0002998978589535905,0.192
37.094451133029125,0.2730151603390944,0.004025713232382673,0.018576858584168514,2.518517343562945e-06,0.0002753217550356009,0.192
37.094451133029125,0.28488538470166375,0.004026411966501889,0.016898551276010598,2.5284707573469457e-06,0.0002514144264143465,0.192
37.094451133029125,0.29675560906423304,0.00402708343884843,0.015285723487667421,2.53810766977619e-06,0.00022826729067917064,0.192
37.094451133029125,0.30862583342680233,0.004027725529607656,0.01374346685206417,2.5473895830208073e-06,0.00020597281632726508,0.192
37.094451133029125,0.32049605778937174,0.0040283361835737625,0.012276717836127778,2.556278281835349e-06,0.0001846227934407142,0.192
37.094451133029125,0.33236628215194103,0.004028913460538919,0.010890136713596267,2.564736698782975e-06,0.00016430625554514136,0.192
37.094451133029125,0.3442365065145103,0.004029455592392934,0.009587970418191464,2.5727299133554412e-06,0.00014510707985244866,0.192
37.094451133029125,0.35610673087707967,0.004029961045360064,0.008373903057445866,2.580226259189303e-06,0.00012710132785065604,0.192
37.094451133029125,0.36797695523964896,0.00403042858488988,0.007250900050474466,2.5871984967534252e-06,0.00011035442861522539,0.192
37.094451133029125,0.3798471796022183,0.004030857339767392,0.006221054139160899,2.5936249911756502e-06,9.491834974800211e-05,0.192
37.094451133029125,0.3917174039647876,0.004031246861134656,0.005285443619693085,2.599490818565475e-06,8.082894002940713e-05,0.192
37.094451133029125,0.40358762832735695,0.004031597171480993,0.004444014667188588,2.6047887122386597e-06,6.81036565774508e-05,0.192
37.094451133029125,0.41545785268992624,0.004031908798440019,0.003695500150418355,2.6095197559384028e-06,5.673989966523313e-05,0.192
37.094451133029125,0.4273280770524956,0.00403218278859743,0.0030373864581537493,2.6136937374437814e-06,4.6714163232394365e-05,0.192
37.094451133029125,0.4391983014150649,0.004032420697568308,0.0024659373223984327,2.6173290946943644e-06,3.7982164121145815e-05,0.192
37.094451133029125,0.4510685257776342,0.004032624554357084,0.001976279413715392,2.620452417637293e-06,3.0480038428676687e-05,0.192
37.094451133029125,0.4629387501402035,0.004032796800329137,0.0015625489169903872,2.6230975098162307e-06,2.41265953370837e-05,0.192
37.094451133029125,0.4748089745027728,0.0040329402057316934,0.0012180920343088332,2.6253040591756307e-06,1.8826509607640496e-05,0.192
37.094451133029125,0.4866791988653422,0.004033057769210362,0.0009357063335178507,2.6271160107431355e-06,1.4474230184293585e-05,0.192
37.094451133029125,0.49854942322791157,0.004033152607754726,0.0007079050885323926,2.628579767429986e-06,1.0958301696732298e-05,0.192
37.094451133029125,0.5104196475904809,0.00403322784560214,0.0005271841251063362,2.629742363049904e-06,8.165752746711838e-06,0.192
37.094451133029125,0.5222898719530502,0.004033286510616208,0.0003862707160038798,2.6306497504890392e-06,5.986207659330249e-06,0.192
37.094451133029125,0.5341600963156194,0.004033331445528876,0.00027833677710014916,2.631345328128802e-06,4.315426006815642e-06,0.192
37.094451133029125,0.5460303206781888,0.004033365239404181,0.0001971634942150525,2.631868793092364e-06,3.0580571497290572e-06,0.192
37.094451133029125,0.5579005450407581,0.0040333901821225605,0.0001372506566443143,2.632255367184735e-06,2.129499603395253e-06,0.192
37.094451133029125,0.5697707694033275,0.004033408242045264,9.387031285999385e-05,2.6325353979934237e-06,1.456859289172593e-06,0.192
37.094451133029125,0.5816409937658967,0.004033421064713979,6.306990128012954e-05,2.632734300205671e-06,9.790905935905712e-07,0.192
37.094451133029125,0.5935112181284661,0.0040334299887648155,4.163403043692166e-05,2.6328727753978927e-06,6.4646853228728e-07,0.192
37.094451133029125,0.6053814424910354,0.004033436074331808,2.7016259989710208e-05,2.632967234324825e-06,4.195744986881432e-07,0.192
37.094451133029125,0.6172516668536047,0.004033440139052685,1.725261878301551e-05,2.6330303435031406e-06,2.679834402985665e-07,0.192
37.094451133029125,0.629121891216174,0.004033442797235653,1.0867529880385017e-05,2.633071625224983e-06,1.6882267937751457e-07,0.192
37.094451133029125,0.6409921155787435,0.004033444498585594,6.7807925525159596e-06,2.6330980536699716e-06,1.0534008853573785e-07,0.192
37.094451133029125,0.6528623399413127,0.004033445563909792,4.221818609226994e-06,2.633114606054203e-06,6.558025361106086e-08,0.192
37.094451133029125,0.6647325643038821,0.004033446216239291,2.654879626965094e-06,2.633124743853951e-06,4.122858641298176e-08,0.192
37.094451133029125,0.6766027886664513,0.00403344660668334,1.7170049855515544e-06,2.6331308130532078e-06,2.66499347616591e-08,0.192
37.094451133029125,0.6884730130290206,0.004033446835010208,1.1685462471811533e-06,2.63313436301941e-06,1.8122642434199797e-08,0.192
37.094451133029125,0.70034323739159,0.004033446965402388,8.553337054709567e-07,2.6331363907589347e-06,1.3251845164123898e-08,0.192
37.094451133029125,0.7122134617541593,0.004033447038083398,6.807480348455199e-07,2.6331375212672875e-06,1.053626523530338e-08,0.192
37.094451133029125,0.7240836861167286,0.004033447077604677,5.858147719712752e-07,2.633138136125957e-06,9.059317841460922e-09,0.192
37.094451133029125,0.7359539104792979,0.004033447098557068,5.354853824050407e-07,2.6331384621652047e-06,8.276139702758542e-09,0.192
37.094451133029125,0.7478241348418672,0.00403344710938057,5.09486328434121e-07,2.6331386306251946e-06,7.8714814213121e-09,0.192
37.094451133029125,0.7596943592044366,0.004033447114824978,4.964080555733899e-07,2.6331387153830696e-06,7.66788364106852e-09,0.192
37.094451133029125,0.771564583567006,0.00403344711748996,4.900061588783704e-07,2.6331387568811796e-06,7.568200238060578e-09,0.192
37.094451133029125,0.7834348079295752,0.004033447118758541,4.869587988566075e-07,2.633138776638782e-06,7.520740064829595e-09,0.192
37.094451133029125,0.7953050322921447,0.004033447119345333,4.855492867816099e-07,2.6331387857792934e-06,7.498783442238163e-09,0.192
37.094451133029125,0.8071752566547139,0.004033447119608792,4.849162964226979e-07,2.633138789884965e-06,7.488920991498912e-09,0.192
37.094451133029125,0.8190454810172833,0.004033447119724094,4.846405305088343e-07,2.633138791674342e-06,7.484623458789325e-09,0.192
37.094451133029125,0.8309157053798525,0.004033447119773395,4.845240889616877e-07,2.6331387924304638e-06,7.482808456093731e-09,0.192
37.094451133029125,0.8427859297424218,0.004033447119792912,4.844764806671901e-07,2.6331387927392496e-06,7.482066219297215e-09,0.192
37.094451133029125,0.8546561541049912,0.0040334471198017596,4.844576519715781e-07,2.6331387928621414e-06,7.48177260953264e-09,0.192
37.094451133029125,0.8665263784675605,0.004033447119805337,4.844504567187001e-07,2.6331387929092394e-06,7.481660385316162e-09,0.192
37.094451133029125,0.8783966028301298,0.004033447119807134,4.84447803018879e-07,2.6331387929269195e-06,7.481618987023013e-09,0.192
37.094451133029125,0.8902668271926991,0.004033447119808928,4.844468596276483e-07,2.63313879293396e-06,7.481604266865328e-09,0.192
37.094451133029125,0.9021370515552684,0.004033447119810721,4.844465367941488e-07,2.633138792937139e-06,7.481599228506548e-09,0.192
37.094451133029125,0.9140072759178378,0.004033447119812516,4.844464306060558e-07,2.633138792938971e-06,7.48159757092038e-09,0.192
37.094451133029125,0.925877500280407,0.004033447119814309,4.844463970874242e-07,2.6331387929403505e-06,7.481597047589394e-09,0.192
37.094451133029125,0.9377477246429764,0.004033447119816105,4.844463869524593e-07,2.633138792941585e-06,7.481596889317827e-09,0.192
37.094451133029125,0.9496179490055456,0.0040334471198178986,4.844463840235019e-07,2.6331387929427734e-06,7.481596843568332e-09,0.192
37.094451133029125,0.9614881733681151,0.004033447119819692,4.844463832172899e-07,2.6331387929439495e-06,7.481596830972484e-09,0.192
37.094451133029125,0.9733583977306844,0.004033447119821484,4.844463830078184e-07,2.6331387929451193e-06,7.48159682769854e-09,0.192
37.094451133029125,0.9852286220932537,0.004033447119823279,4.844463829583408e-07,2.633138792946291e-06,7.481596826924811e-09,0.192
37.094451133029125,0.9970988464558231,0.0040334471198250725,4.844463829489684e-07,2.633138792947462e-06,7.481596826778615e-09,0.192
37.094451133029125,1.0089690708183923,0.004033447119826867,4.844463829452728e-07,2.633138792948633e-06,7.481596826721541e-09,0.192
37.094451133029125,1.0208392951809617,0.004033447119828661,4.844463829415772e-07,2.6331387929498034e-06,7.481596826664466e-09,0.192
37.094451133029125,1.032709519543531,0.0040334471198304545,4.844463829378816e-07,2.6331387929509736e-06,7.48159682660739e-09,0.192
37.094451133029125,1.0445797439061004,0.004033447119832248,4.844463829341859e-07,2.633138792952144e-06,7.481596826550318e-09,0.192
37.094451133029125,1.0564499682686697,0.004033447119834044,4.844463829304903e-07,2.633138792953316e-06,7.481596826493241e-09,0.192
37.094451133029125,1.068320192631239,0.004033447119835837,4.844463829267947e-07,2.6331387929544862e-06,7.481596826436166e-09,0.192
37.094451133029125,1.0801904169938081,0.00403344711983763,4.844463829230991e-07,2.633138792955657e-06,7.481596826379092e-09,0.192
37.094451133029125,1.0920606413563776,0.004033447119839425,4.844463829194035e-07,2.6331387929568274e-06,7.481596826322016e-09,0.192
37.094451133029125,1.1039308657189468,0.0040334471198412184,4.844463829157079e-07,2.633138792957998e-06,7.481596826264942e-09,0.192
37.094451133029125,1.1158010900815163,0.004033447119843013,4.844463829120123e-07,2.633138792959169e-06,7.481596826207865e-09,0.192
37.094451133029125,1.1276713144440855,0.004033447119844808,4.844463829083167e-07,2.63313879296034e-06,7.48159682615079e-09,0.192
37.094451133029125,1.139541538806655,0.0040334471198466,4.84446382904621e-07,2.6331387929615102e-06,7.481596826093716e-09,0.192
37.094451133029125,1.1514117631692242,0.004033447119848394,4.844463829009254e-07,2.633138792962681e-06,7.481596826036642e-09,0.192
37.094451133029125,1.1632819875317935,0.004033447119850188,4.844463828972298e-07,2.633138792963852e-06,7.481596825979567e-09,0.192
37.094451133029125,1.175152211894363,0.00403344711985198,4.844463828935342e-07,2.6331387929650208e-06,7.481596825922493e-09,0.192
37.094451133029125,1.1870224362569322,0.004033447119853775,4.844463828898386e-07,2.6331387929661926e-06,7.481596825865416e-09,0.192
38.949173689680585,0.011870224362569322,0.004011165714891438,0.053518747153862685,2.32714939848178e-06,0.0007349704812706136,0.192
38.949173689680585,0.023740448725138644,0.004012018562019288,0.051470285291013454,2.337596209505751e-06,0.0007098782230051091,0.192
38.949173689680585,0.03561067308770797,0.004012871450846549,0.049421722901648896,2.3481334154804047e-06,0.0006845688399923723,0.192
38.949173689680585,0.04748089745027729,0.004013723544135945,0.047375070940385906,2.3587517252839927e-06,0.0006590646483402512,0.192
38.949173689680585,0.0593511218128466,0.004014573962564799,0.045332441444891056,2.3694409751444367e-06,0.0006333900601451047,0.192
38.949173689680585,0.07122134617541594,0.004015421779186889,0.04329606083801631,2.380190025069345e-06,0.0006075718322560307,0.192
38.949173689680585,0.08309157053798526,0.004016266013785708,0.04126828349123727,2.390986650201381e-06,0.0005816393272286663,0.192
38.949173689680585,0.09496179490055458,0.004017105627193298,0.039251605369763375,2.401817428123834e-06,0.0005556247840062071,0.192
38.949173689680585,0.1068320192631239,0.004017939515678632,0.03724867751163586,2.412667623651632e-06,0.0005295635946415935,0.192
38.949173689680585,0.1187022436256932,0.004018766505543332,0.03526231900852446,2.4235210732862983e-06,0.0005034945818278375,0.192
38.949173689680585,0.13057246798826255,0.004019585348105973,0.0332955290527212,2.4343600723120172e-06,0.00047746027008578666,0.192
38.949173689680585,0.14244269235083187,0.004020394715308274,0.03135149749171571,2.44516526847843e-06,0.0004515071411338229,0.192
38.949173689680585,0.15431291671340117,0.004021193196234562,0.02943361318825041,2.4559155673614034e-06,0.00042568586120986387,0.192
38.949173689680585,0.16618314107597051,0.004021979294905089,0.02754546932115199,2.4665880558157755e-06,0.00040005146494118593,0.192
38.949173689680585,0.17805336543853983,0.004022751429777326,0.025690864584289447,2.4771579514080245e-06,0.0003746634768165219,0.192
38.949173689680585,0.18992358980110916,0.004023507935466527,0.023873799055153345,2.4875985872918035e-06,0.0003495859475315555,0.192
38.949173689680585,0.20179381416367848,0.004024247067272279,0.0220984633231339,2.497881443574476e-06,0.0003248873786713374,0.192
38.949173689680585,0.2136640385262478,0.0040249670091648294,0.020369219309403285,2.507976237675826e-06,0.0003006405057045887,0.192
38.949173689680585,0.2255342628888171,0.004025665885928146,0.018690571101742107,2.5178510872933574e-06,0.00027692190658790654,0.192
38.949173689680585,0.2374044872513864,0.004026341780168329,0.017067124103820937,2.527472760088903e-06,0.00025381140207832306,0.192
38.949173689680585,0.24927471161395579,0.004026992754851943,0.015503530902795985,2.5368070237476855e-06,0.00023139121496479196,0.192
38.949173689680585,0.2611449359765251,0.004027616881920354,0.014004422542101897,2.5458191082278465e-06,0.0002097448598305755,0.192
38.949173689680585,0.2730151603390944,0.004028212277313434,0.012574324400822144,2.554474288387396e-06,0.00018895574368146782,0.192
38.949173689680585,0.28488538470166375,0.004028777142403129,0.01121755667515528,2.5627385893475255e-06,0.00016910547176884406,0.192
38.949173689680585,0.29675560906423304,0.00402930981137986,0.009938120562707674,2.570579608667329e-06,0.00015027187283681086,0.192
38.949173689680585,0.30862583342680233,0.004029808803543104,0.00873957266670301,2.577967438644377e-06,0.00013252678386508276,0.192
38.949173689680585,0.32049605778937174,0.00403027287874916,0.007624891815430973,2.584875659199214e-06,0.00011593366525905576,0.192
38.949173689680585,0.33236628215194103,0.00403070109350973,0.006596344317312755,2.5912823577443526e-06,0.0001005451512042973,0.192
38.949173689680585,0.3442365065145103,0.004031092854493876,0.005655355452140839,2.5971711186724204e-06,8.640067296800173e-05,0.192
38.949173689680585,0.35610673087707967,0.004031447965572897,0.004802396468312513,2.602531913683216e-06,7.352432034721204e-05,0.192
38.949173689680585,0.36797695523964896,0.004031766664201028,0.0040368971957043765,2.6073618175481604e-06,6.192312237450502e-05,0.192
38.949173689680585,0.3798471796022183,0.004032049642968296,0.00335719426948944,2.6116654745182912e-06,5.158592692906823e-05,0.192
38.949173689680585,0.3917174039647876,0.004032298052720247,0.0027605236296666903,2.615455250335376e-06,4.248303548464321e-05,0.192
38.949173689680585,0.40358762832735695,0.004032513484745557,0.0022430632966230005,2.618751024451347e-06,3.45667020375052e-05,0.192
38.949173689680585,0.41545785268992624,0.004032697931156518,0.001800028525247262,2.621579605687759e-06,2.7772536503373633e-05,0.192
38.949173689680585,0.4273280770524956,0.004032853724574708,0.0014258166684882666,2.623973789335355e-06,2.2021769363655014e-05,0.192
38.949173689680585,0.4391983014150649,0.004032983460332589,0.001114194036949389,2.625971110058325e-06,1.722424699309646e-05,0.192
38.949173689680585,0.4510685257776342,0.004033089906302246,0.0008585124800271644,2.6276123773971716e-06,1.3281949207741334e-05,0.192
38.949173689680585,0.4629387501402035,0.004033175906841134,0.0006519401000436743,2.62894010374375e-06,1.0092765130419522e-05,0.192
38.949173689680585,0.4748089745027728,0.004033244287955979,0.00048768904269475704,2.629996944346093e-06,7.554240205168096e-06,0.192
38.949173689680585,0.4866791988653422,0.004033297770510667,0.0003592239692873854,2.630824263501395e-06,5.567020156075255e-06,0.192
38.949173689680585,0.49854942322791157,0.004033338897185826,0.0002604375001592273,2.6314609217231253e-06,4.0377642115960185e-06,0.192
38.949173689680585,0.5104196475904809,0.004033369977138649,0.00018578314362248868,2.631942348962856e-06,2.8813712629289887e-06,0.192
38.949173689680585,0.5222898719530502,0.004033393050219348,0.0001303612526559225,2.6322999341992465e-06,2.0224461367494767e-06,0.192
38.949173689680585,0.5341600963156194,0.004033409870514159,8.995856022254822e-05,2.6325607275385503e-06,1.3960152313789347e-06,0.192
38.949173689680585,0.5460303206781888,0.00403342190721042,6.104610622461775e-05,2.6327474222609205e-06,9.475697277137041e-07,0.192
38.949173689680585,0.5579005450407581,0.0040334303595239256,4.074338733290437e-05,2.6328785641880705e-06,6.32562771087068e-07,0.192
38.949173689680585,0.5697707694033275,0.004033436181774993,2.6758129328801575e-05,2.632968925533657e-06,4.155115560960333e-07,0.192
38.949173689680585,0.5816409937658967,0.004033440114620633,1.731127094712546e-05,2.633029979394731e-06,2.6885765787008877e-07,0.192
38.949173689680585,0.5935112181284661,0.004033442718831714,1.1055834273833453e-05,2.633070417306449e-06,1.7172391146968602e-07,0.192
38.949173689680585,0.6053814424910354,0.0040334444086835754,6.996722262703565e-06,2.6330966632200284e-06,1.0867986887147009e-07,0.192
38.949173689680585,0.6172516668536047,0.004033445482845512,4.416523791495945e-06,2.633113350259794e-06,6.859664939845331e-08,0.192
38.949173689680585,0.629121891216174,0.0040334461514654725,2.810456816403641e-06,2.633123739471082e-06,4.364111879742322e-08,0.192
38.949173689680585,0.6409921155787435,0.004033446558855501,1.8318784553166246e-06,2.6331300709529547e-06,2.8432473704900552e-08,0.192
38.949173689680585,0.6528623399413127,0.004033446801733441,1.2484680593521976e-06,2.6331338464440646e-06,1.9363470942113124e-08,0.192
38.949173689680585,0.6647325643038821,0.004033446943354927,9.082824728847205e-07,2.6331360483757274e-06,1.4074260678592607e-08,0.192
38.949173689680585,0.6766027886664513,0.004033447024086079,7.143600117575883e-07,2.633137303839173e-06,1.1058534134500933e-08,0.192
38.949173689680585,0.6884730130290206,0.0040334470690559,6.063390467393682e-07,2.6331380033132118e-06,9.37833652794994e-09,0.192
38.949173689680585,0.70034323739159,0.00403344709352147,5.475708539862948e-07,2.6331383839345368e-06,8.46404906418449e-09,0.192
38.949173689680585,0.7122134617541593,0.004033447106514753,5.163599580218332e-07,2.6331385861172283e-06,7.978386627837936e-09,0.192
38.949173689680585,0.7240836861167286,0.004033447113247239,5.001879861016441e-07,2.6331386908994137e-06,7.726689140878176e-09,0.192
38.949173689680585,0.7359539104792979,0.004033447116648821,4.92017216430207e-07,2.6331387438504256e-06,7.599495237374313e-09,0.192
38.949173689680585,0.7478241348418672,0.004033447118323548,4.879942820573865e-07,2.633138769926358e-06,7.536857865677359e-09,0.192
38.949173689680585,0.7596943592044366,0.0040334471191266095,4.860653138720243e-07,2.6331387824320987e-06,7.506817671770958e-09,0.192
38.949173689680585,0.771564583567006,0.004033447119501291,4.851651619131708e-07,2.6331387882690036e-06,7.492796625129488e-09,0.192
38.949173689680585,0.7834348079295752,0.0040334471196716215,4.84756649779933e-07,2.6331387909186552e-06,7.48643224143062e-09,0.192
38.949173689680585,0.7953050322921447,0.004033447119745896,4.845764874185027e-07,2.633138792086885e-06,7.483624855539508e-09,0.192
38.949173689680585,0.8071752566547139,0.004033447119777619,4.844993357725801e-07,2.633138792587202e-06,7.482422397967191e-09,0.192
38.949173689680585,0.8190454810172833,0.0040334471197917806,4.844672819977047e-07,2.633138792795751e-06,7.481922720072516e-09,0.192
38.949173689680585,0.8309157053798525,0.004033447119798201,4.844543735573068e-07,2.6331387928802175e-06,7.481721453806015e-09,0.192
38.949173689680585,0.8427859297424218,0.0040334471198017465,4.844493395771092e-07,2.633138792913849e-06,7.481642949250639e-09,0.192
38.949173689680585,0.8546561541049912,0.004033447119803542,4.844474404797691e-07,2.6331387929268327e-06,7.481613327099042e-09,0.192
38.949173689680585,0.8665263784675605,0.004033447119805338,4.84446748162515e-07,2.6331387929323113e-06,7.481602526186774e-09,0.192
38.949173689680585,0.8783966028301298,0.004033447119807135,4.844465045637948e-07,2.633138792934999e-06,7.481598725027205e-09,0.192
38.949173689680585,0.8902668271926991,0.004033447119808929,4.844464219398335e-07,2.6331387929366845e-06,7.481597435492917e-09,0.192
38.949173689680585,0.9021370515552684,0.004033447119810721,4.844463949627757e-07,2.6331387929380216e-06,7.48159701437143e-09,0.192
38.949173689680585,0.9140072759178378,0.004033447119812516,4.844463864972649e-07,2.6331387929392456e-06,7.4815968821954e-09,0.192
38.949173689680585,0.925877500280407,0.004033447119814309,4.844463839492064e-07,2.6331387929404322e-06,7.481596842403129e-09,0.192
38.949173689680585,0.9377477246429764,0.004033447119816105,4.844463832160287e-07,2.6331387929416083e-06,7.481596830950714e-09,0.192
38.949173689680585,0.9496179490055456,0.0040334471198178986,4.844463830160909e-07,2.63313879294278e-06,7.481596827826401e-09,0.192
38.949173689680585,0.9614881733681151,0.004033447119819692,4.8444638296621e-07,2.633138792943951e-06,7.481596827046464e-09,0.192
38.949173689680585,0.9733583977306844,0.004033447119821484,4.844463829563597e-07,2.6331387929451197e-06,7.481596826892763e-09,0.192
38.949173689680585,0.9852286220932537,0.004033447119823279,4.844463829526641e-07,2.633138792946291e-06,7.481596826835689e-09,0.192
38.949173689680585,0.9970988464558231,0.0040334471198250725,4.844463829489684e-07,2.633138792947462e-06,7.481596826778615e-09,0.192
38.949173689680585,1.0089690708183923,0.004033447119826867,4.844463829452728e-07,2.633138792948633e-06,7.481596826721541e-09,0.192
38.949173689680585,1.0208392951809617,0.004033447119828661,4.844463829415772e-07,2.6331387929498034e-06,7.481596826664466e-09,0.192
38.949173689680585,1.032709519543531,0.0040334471198304545,4.844463829378816e-07,2.6331387929509736e-06,7.48159682660739e-09,0.192
38.949173689680585,1.0445797439061004,0.004033447119832248,4.844463829341859e-07,2.633138792952144e-06,7.481596826550318e-09,0.192
38.949173689680585,1.0564499682686697,0.004033447119834044,4.844463829304903e-07,2.633138792953316e-06,7.481596826493241e-09,0.192
38.949173689680585,1.068320192631239,0.004033447119835837,4.844463829267947e-07,2.6331387929544862e-06,7.481596826436166e-09,0.192
38.949173689680585,1.0801904169938081,0.00403344711983763,4.844463829230991e-07,2.633138792955657e-06,7.481596826379092e-09,0.192
38.949173689680585,1.0920606413563776,0.004033447119839425,4.844463829194035e-07,2.6331387929568274e-06,7.481596826322016e-09,0.192
38.949173689680585,1.1039308657189468,0.0040334471198412184,4.844463829157079e-07,2.633138792957998e-06,7.481596826264942e-09,0.192
38.949173689680585,1.1158010900815163,0.004033447119843013,4.844463829120123e-07,2.633138792959169e-06,7.481596826207865e-09,0.192
38.949173689680585,1.1276713144440855,0.004033447119844808,4.844463829083167e-07,2.63313879296034e-06,7.48159682615079e-09,0.192
38.949173689680585,1.139541538806655,0.0040334471198466,4.84446382904621e-07,2.6331387929615102e-06,7.481596826093716e-09,0.192
38.949173689680585,1.1514117631692242,0.004033447119848394,4.844463829009254e-07,2.633138792962681e-06,7.481596826036642e-09,0.192
38.949173689680585,1.1632819875317935,0.004033447119850188,4.844463828972298e-07,2.633138792963852e-06,7.481596825979567e-09,0.192
38.949173689680585,1.175152211894363,0.00403344711985198,4.844463828935342e-07,2.6331387929650208e-06,7.481596825922493e-09,0.192
38.949173689680585,1.1870224362569322,0.004033447119853775,4.844463828898386e-07,2.6331387929661926e-06,7.481596825865416e-09,0.192
40.80389624633204,0.011870224362569322,0.004014951231419316,0.044426261431560726,2.374218905726525e-06,0.00062191373829741,0.192
40.80389624633204,0.023740448725138644,0.004015766127168449,0.04246895383641481,2.384588703894137e-06,0.0005970064364865822,0.192
40.80389624633204,0.03561067308770797,0.004016577411239075,0.04052032077418522,2.3949988750026578e-06,0.0005720021572600928,0.192
40.80389624633204,0.04748089745027729,0.004017384145681346,0.038582615095316464,2.4054371733478874e-06,0.0005469303132546977,0.192
40.80389624633204,0.0593511218128466,0.004018185334336418,0.03665822946139526,2.4158901807072077e-06,0.0005218231333548224,0.192
40.80389624633204,0.07122134617541594,0.004018979918178832,0.03474970753239768,2.42634320687501e-06,0.0004967159015987524,0.192
40.80389624633204,0.08309157053798526,0.004019766770986104,0.032859754368269635,2.4367801924831576e-06,0.00047164719059769947,0.192
40.80389624633204,0.09496179490055458,0.0040205446955270735,0.03099124558461475,2.4471836173534747e-06,0.0004466590816690562,0.192
40.80389624633204,0.1068320192631239,0.0040213124205082836,0.02914723468640434,2.457534418549689e-06,0.00042179736167353727,0.192
40.80389624633204,0.1187022436256932,0.0040220685985747125,0.027330957872551024,2.467811923356744e-06,0.00039711168400246845,0.192
40.80389624633204,0.13057246798826255,0.004022811805716273,0.025545835460690305,2.4779938035929518e-06,0.0003726556783262687,0.192
40.80389624633204,0.14244269235083187,0.004023540542499198,0.02379546893103497,2.4880560589279437e-06,0.0003484869906782021,0.192
40.80389624633204,0.15431291671340117,0.004024253237599705,0.022083632439825775,2.4979730381590684e-06,0.0003246672323686526,0.192
40.80389624633204,0.16618314107597051,0.004024948254173789,0.02041425752049505,2.5077175085946575e-06,0.00030126181335481936,0.192
40.80389624633204,0.17805336543853983,0.004025623899637853,0.018791409593642634,2.517260784650783e-06,0.00027833963338989084,0.192
40.80389624633204,0.18992358980110916,0.004026278439448127,0.01721925487126,2.526572927284222e-06,0.0002559726030333961,0.192
40.80389624633204,0.20179381416367848,0.004026910115444498,0.015702016298678862,2.5356230257049215e-06,0.0002342349670378282,0.192
40.80389624633204,0.2136640385262478,0.0040275171692437965,0.014243917367555961,2.5443795716269376e-06,0.0002132024054684494,0.192
40.80389624633204,0.2255342628888171,0.004028097871018333,0.01284911299566996,2.5528109338017685e-06,0.00019295089395611844,0.192
40.80389624633204,0.2374044872513864,0.004028650553753494,0.011521607243417062,2.560885936409439e-06,0.00017355531449017757,0.192
40.80389624633204,0.24927471161395579,0.004029173652743272,0.010265158451825839,2.568574538826795e-06,0.00015508782271025578,0.192
40.80389624633204,0.2611449359765251,0.004029665749635084,0.009083173451883152,2.575848606255339e-06,0.00013761599695321554,0.192
40.80389624633204,0.2730151603390944,0.004030125619799854,0.007978593786313081,2.582682750858497e-06,0.00012120081793119512,0.192
40.80389624633204,0.28488538470166375,0.004030552281199771,0.006953778333391047,2.589055211960405e-06,0.00010589455457160568,0.192
40.80389624633204,0.29675560906423304,0.0040309450423095,0.006010388202923122,2.5949487324679777e-06,9.173865890858437e-05,0.192
40.80389624633204,0.30862583342680233,0.004031303546093831,0.00514928110367136,2.6003513784152445e-06,7.876179756748771e-05,0.192
40.80389624633204,0.32049605778937174,0.00403162780664952,0.004370423327089111,2.6052572411732725e-06,6.697816505105153e-05,0.192
40.80389624633204,0.33236628215194103,0.004031918234995173,0.0036728277994661895,2.6096669593531406e-06,5.6386230087121765e-05,0.192
40.80389624633204,0.3442365065145103,0.00403217565072199,0.003054526090041269,2.6135880014699574e-06,4.6968056586327524e-05,0.192
40.80389624633204,0.35610673087707967,0.004032401276886596,0.0025125806714256546,2.617034662134179e-06,3.868931267176836e-05,0.192
40.80389624633204,0.36797695523964896,0.004032596716620852,0.002043141094209591,2.6200277438893984e-06,3.1500034756338134e-05,0.192
40.80389624633204,0.3798471796022183,0.004032763911395458,0.0016415442270692046,2.6225939224580994e-06,2.5336152054560996e-05,0.192
40.80389624633204,0.3917174039647876,0.004032905082550501,0.001302454690477329,2.6247648222901417e-06,2.0121706942511555e-05,0.192
40.80389624633204,0.40358762832735695,0.0040330226593742954,0.0010200376011649526,2.6265758580254045e-06,1.5771637600046283e-05,0.192
40.80389624633204,0.41545785268992624,0.004033119198427217,0.0007881523479838101,2.628064921438993e-06,1.219493182626909e-05,0.192
40.80389624633204,0.4273280770524956,0.004033197299731286,0.0006005538975365402,2.6292710087273513e-06,9.297924187965358e-06,0.192
40.80389624633204,0.4391983014150649,0.004033259525720755,0.00045108747121258894,2.630232887041335e-06,6.987498935992481e-06,0.192
40.80389624633204,0.4510685257776342,0.004033308328416104,0.00033386347093394207,2.6309878913391542e-06,5.173979932636349e-06,0.192
40.80389624633204,0.4629387501402035,0.004033345989221926,0.0002434020855203568,2.631570924392997e-06,3.773532641359223e-06,0.192
40.80389624633204,0.4748089745027728,0.004033374574233418,0.00017474064668807136,2.6320137073621246e-06,2.7099642859045654e-06,0.192
40.80389624633204,0.4866791988653422,0.004033395906221721,0.00012350092382527327,2.6323442999776785e-06,1.915876423866941e-06,0.192
40.80389624633204,0.49854942322791157,0.004033411552813991,8.591752009830951e-05,2.6325868823724913e-06,1.3331890614047994e-06,0.192
40.80389624633204,0.5104196475904809,0.0040334228290124724,5.883182661464626e-05,2.632761768464029e-06,9.131085812200691e-07,0.192
40.80389624633204,0.5222898719530502,0.004033430811251569,3.965826068818676e-05,2.63288560575779e-06,6.156478843397309e-07,0.192
40.80389624633204,0.5341600963156194,0.004033436359727767,2.6330634795607613e-05,2.632971709174606e-06,4.088245999976949e-07,0.192
40.80389624633204,0.5460303206781888,0.004033440145712517,1.723655354033675e-05,2.6330304763667937e-06,2.6766354694718597e-07,0.192
40.80389624633204,0.5579005450407581,0.004033442680892095,1.1146941888394807e-05,2.633069837408842e-06,1.731166159001332e-07,0.192
40.80389624633204,0.5697707694033275,0.00403344434633495,7.1464673079540405e-06,2.633095700707741e-06,1.1099172113396759e-07,0.192
40.80389624633204,0.5816409937658967,0.004033445419347433,4.569033914862439e-06,2.6331123674767304e-06,7.095725349385923e-08,0.192
40.80389624633204,0.5935112181284661,0.0040334460971325,2.9409545791984255e-06,2.6331228974775574e-06,4.5663578203235427e-08,0.192
40.80389624633204,0.6053814424910354,0.004033446516740654,1.933029294933174e-06,2.6331294177869314e-06,3.000138331838949e-08,0.192
40.80389624633204,0.6172516668536047,0.00403344677125163,1.3216766712035841e-06,2.6331333734326247e-06,2.0499653209965383e-08,0.192
40.80389624633204,0.629121891216174,0.004033446922440132,9.585110608895067e-07,2.6331357236886928e-06,1.485416684010683e-08,0.192
40.80389624633204,0.6409921155787435,0.004033447010365033,7.473089745240489e-07,2.6331370907655157e-06,1.1570342169950004e-08,0.192
40.80389624633204,0.6528623399413127,0.0040334470604039855,6.271116026484797e-07,2.6331378689337293e-06,9.701118002385668e-09,0.192
40.80389624633204,0.6647325643038821,0.004033447088260129,5.60198850082731e-07,2.6331383022159257e-06,8.660336341900123e-09,0.192
40.80389624633204,0.6766027886664513,0.004033447103422034,5.237784702445075e-07,2.6331385380950554e-06,8.0937328316933e-09,0.192
40.80389624633204,0.6884730130290206,0.004033447111486967,5.044054975240489e-07,2.6331386635893875e-06,7.792283105371973e-09,0.192
40.80389624633204,0.70034323739159,0.004033447115677169,4.943396963962605e-07,2.633138728805997e-06,7.635625810244683e-09,0.192
40.80389624633204,0.7122134617541593,0.004033447117802575,4.892337808129506e-07,2.6331387618936106e-06,7.556145529210699e-09,0.192
40.80389624633204,0.7240836861167286,0.004033447118854651,4.867066180583532e-07,2.633138778273444e-06,7.516799373055223e-09,0.192
40.80389624633204,0.7359539104792979,0.004033447119362258,4.854868546917626e-07,2.6331387861807307e-06,7.497804872444304e-09,0.192
40.80389624633204,0.7478241348418672,0.004033447119601594,4.849130873856825e-07,2.633138789901326e-06,7.488868296411331e-09,0.192
40.80389624633204,0.7596943592044366,0.004033447119710811,4.846502213343416e-07,2.6331387916059196e-06,7.484773306889297e-09,0.192
40.80389624633204,0.771564583567006,0.004033447119760245,4.845330080325809e-07,2.633138792366632e-06,7.482946982121359e-09,0.192
40.80389624633204,0.7834348079295752,0.004033447119781521,4.844821743506976e-07,2.6331387926964956e-06,7.48215478114196e-09,0.192
40.80389624633204,0.7953050322921447,0.004033447119791262,4.844607489416226e-07,2.6331387928360553e-06,7.481820820323554e-09,0.192
40.80389624633204,0.8071752566547139,0.004033447119796364,4.844519797261266e-07,2.633138792893924e-06,7.481684107386793e-09,0.192
40.80389624633204,0.8190454810172833,0.00403344711979816,4.8444849734376e-07,2.633138792916749e-06,7.481629806403445e-09,0.192
40.80389624633204,0.8309157053798525,0.0040334471197999554,4.844471567933111e-07,2.6331387929262576e-06,7.481608899165136e-09,0.192
40.80389624633204,0.8427859297424218,0.004033447119801751,4.844466570325102e-07,2.633138792930537e-06,7.481601103415702e-09,0.192
40.80389624633204,0.8546561541049912,0.004033447119803545,4.844464767863921e-07,2.6331387929328297e-06,7.481598291231839e-09,0.192
40.80389624633204,0.8665263784675605,0.004033447119805338,4.844464139643792e-07,2.6331387929343908e-06,7.481597310903049e-09,0.192
40.80389624633204,0.8783966028301298,0.004033447119807135,4.844463928309707e-07,2.633138792935694e-06,7.481596981056584e-09,0.192
40.80389624633204,0.8902668271926991,0.004033447119808929,4.8444638597884e-07,2.6331387929369086e-06,7.481596874089266e-09,0.192
40.80389624633204,0.9021370515552684,0.004033447119810721,4.844463838415393e-07,2.633138792938091e-06,7.481596840717613e-09,0.192
40.80389624633204,0.9140072759178378,0.004033447119812516,4.844463832023302e-07,2.633138792939266e-06,7.481596830734709e-09,0.192
40.80389624633204,0.925877500280407,0.004033447119814309,4.844463830206486e-07,2.633138792940438e-06,7.481596827896199e-09,0.192
40.80389624633204,0.9377477246429764,0.004033447119816105,4.844463829735033e-07,2.6331387929416096e-06,7.481596827159075e-09,0.192
40.80389624633204,0.9496179490055456,0.0040334471198178986,4.844463829637509e-07,2.63313879294278e-06,7.481596827006915e-09,0.192
40.80389624633204,0.9614881733681151,0.004033447119819692,4.844463829600553e-07,2.633138792943951e-06,7.48159682694984e-09,0.192
40.80389624633204,0.9733583977306844,0.004033447119821484,4.844463829563597e-07,2.6331387929451197e-06,7.481596826892763e-09,0.192
40.80389624633204,0.9852286220932537,0.004033447119823279,4.844463829526641e-07,2.633138792946291e-06,7.481596826835689e-09,0.192
40.80389624633204,0.9970988464558231,0.0040334471198250725,4.844463829489684e-07,2.633138792947462e-06,7.481596826778615e-09,0.192
40.80389624633204,1.0089690708183923,0.004033447119826867,4.844463829452728e-07,2.633138792948633e-06,7.481596826721541e-09,0.192
40.80389624633204,1.0208392951809617,0.004033447119828661,4.844463829415772e-07,2.6331387929498034e-06,7.481596826664466e-09,0.192
40.80389624633204,1.032709519543531,0.0040334471198304545,4.844463829378816e-07,2.6331387929509736e-06,7.48159682660739e-09,0.192
40.80389624633204,1.0445797439061004,0.004033447119832248,4.844463829341859e-07,2.633138792952144e-06,7.481596826550318e-09,0.192
40.80389624633204,1.0564499682686697,0.004033447119834044,4.844463829304903e-07,2.633138792953316e-06,7.481596826493241e-09,0.192
40.80389624633204,1.068320192631239,0.004033447119835837,4.844463829267947e-07,2.6331387929544862e-06,7.481596826436166e-09,0.192
40.80389624633204,1.0801904169938081,0.00403344711983763,4.844463829230991e-07,2.633138792955657e-06,7.481596826379092e-09,0.192
40.80389624633204,1.0920606413563776,0.004033447119839425,4.844463829194035e-07,2.6331387929568274e-06,7.481596826322016e-09,0.192
40.80389624633204,1.1039308657189468,0.0040334471198412184,4.844463829157079e-07,2.633138792957998e-06,7.481596826264942e-09,0.192
40.80389624633204,1.1158010900815163,0.004033447119843013,4.844463829120123e-07,2.633138792959169e-06,7.481596826207865e-09,0.192
40.80389624633204,1.1276713144440855,0.004033447119844808,4.844463829083167e-07,2.63313879296034e-06,7.48159682615079e-09,0.192
40.80389624633204,1.139541538806655,0.0040334471198466,4.84446382904621e-07,2.6331387929615102e-06,7.481596826093716e-09,0.192
40.80389624633204,1.1514117631692242,0.004033447119848394,4.844463829009254e-07,2.633138792962681e-06,7.481596826036642e-09,0.192
40.80389624633204,1.1632819875317935,0.004033447119850188,4.844463828972298e-07,2.633138792963852e-06,7.481596825979567e-09,0.192
40.80389624633204,1.175152211894363,0.00403344711985198,4.844463828935342e-07,2.6331387929650208e-06,7.481596825922493e-09,0.192
40.80389624633204,1.1870224362569322,0.004033447119853775,4.844463828898386e-07,2.6331387929661926e-06,7.481596825865416e-09,0.192
42.6586188029835,0.011870224362569322,0.004018414044383744,0.03610887585080891,2.4188957834230844e-06,0.0005146037897424016,0.192
42.6586188029835,0.023740448725138644,0.004019178747271631,0.034272125492306085,2.428978076254337e-06,0.0004903870261243284,0.192
42.6586188029835,0.03561067308770797,0.004019936110406792,0.03245300411952146,2.4390431967341106e-06,0.000466211502387976,0.192
42.6586188029835,0.04748089745027729,0.004020685049726575,0.03065411552945199,2.4490752205176984e-06,0.0004421154668630583,0.192
42.6586188029835,0.0593511218128466,0.0040214244146774105,0.028878223223902696,2.459056850192049e-06,0.00041814046584621756,0.192
42.6586188029835,0.07122134617541594,0.004022152986394011,0.027128254783172094,2.46896935620458e-06,0.0003943314854915843,0.192
42.6586188029835,0.08309157053798526,0.004022869477046087,0.02540730343579785,2.4787925354300158e-06,0.00037073705133881666,0.192
42.6586188029835,0.09496179490055458,0.004023572530694817,0.02371862600189912,2.488504693646349e-06,0.0003474092704161386,0.192
42.6586188029835,0.1068320192631239,0.0040242607260527,0.02206563626545733,2.4980826592364655e-06,0.00032440379834555,0.192
42.6586188029835,0.1187022436256932,0.004024932581586001,0.020451892719590924,2.5075018364207e-06,0.0003017797115012769,0.192
42.6586188029835,0.13057246798826255,0.004025586563435432,0.018881079543017376,2.516736307148037e-06,0.0002795992622982569,0.192
42.6586188029835,0.14244269235083187,0.004026221096647474,0.01735697962482977,2.525758991276858e-06,0.00025792749447776513,0.192
42.6586188029835,0.15431291671340117,0.004026834580197176,0.015883438482818014,2.534541874669255e-06,0.00023683169527417486,0.192
42.6586188029835,0.16618314107597051,0.004027425406230487,0.014464318046753168,2.5430563140745385e-06,0.00021638066314335266,0.192
42.6586188029835,0.17805336543853983,0.004027991983847681,0.013103439534087066,2.5512734259337823e-06,0.00019664377392156505,0.192
42.6586188029835,0.18992358980110916,0.004028532767576418,0.01180451506273261,2.559164563244224e-06,0.0001776898354730216,0.192
42.6586188029835,0.20179381416367848,0.004029046290429421,0.01057106824986544,2.566701880166786e-06,0.0001595857315827655,0.192
42.6586188029835,0.2136640385262478,0.0040295312011099605,0.009406344849994955,2.5738589780357114e-06,0.00014239487032515302,0.192
42.6586188029835,0.2255342628888171,0.004029986304510496,0.008313215481073728,2.580611618890952e-06,0.00012617547023938263,0.192
42.6586188029835,0.2374044872513864,0.00403041060417504,0.007294073633633154,2.586938483919337e-06,0.00011097873862652138,0.192
42.6586188029835,0.24927471161395579,0.004030803344888722,0.006350733374016302,2.5928219448797987e-06,9.684701864512227e-05,0.192
42.6586188029835,0.2611449359765251,0.004031164053074471,0.005484332313049323,2.5982488076741227e-06,8.38120032924413e-05,0.192
42.6586188029835,0.2730151603390944,0.004031492572287598,0.00469524634852585,2.6032109799941656e-06,7.189313172796592e-05,0.192
42.6586188029835,0.28488538470166375,0.004031789090882234,0.003983023208675067,2.6077060109081184e-06,6.109629316818476e-05,0.192
42.6586188029835,0.29675560906423304,0.004032054158963902,0.0033463417288588904,2.61173745080385e-06,5.1412962250618136e-05,0.192
42.6586188029835,0.30862583342680233,0.004032288692102209,0.002783002928119951,2.615314986420437e-06,4.281987460293155e-05,0.192
42.6586188029835,0.32049605778937174,0.0040324939599904065,0.0022899572425208225,2.6184543182462406e-06,3.5279321219181874e-05,0.192
42.6586188029835,0.33236628215194103,0.00403267155927876,0.0018633697700250497,2.6211767658615074e-06,2.8740096290320958e-05,0.192
42.6586188029835,0.3442365065145103,0.004032823371099604,0.0014987222875257158,2.623508609279493e-06,2.3139079155653403e-05,0.192
42.6586188029835,0.35610673087707967,0.004032951505190141,0.0011909474584128833,2.6254801983882363e-06,1.840337327481742e-05,0.192
42.6586188029835,0.36797695523964896,0.0040330582338311705,0.0009345875037470202,2.6271248849607283e-06,1.445287140203217e-05,0.192
42.6586188029835,0.3798471796022183,0.004033145919849954,0.0007239671318127992,2.6284778490305825e-06,1.1203074515071984e-05,0.192
42.6586188029835,0.3917174039647876,0.004033216943524094,0.0005533691104227595,2.629574900980706e-06,8.56796911154263e-06,0.192
42.6586188029835,0.40358762832735695,0.004033273633263236,0.0004172007660613385,2.630451340919167e-06,6.462766933721701e-06,0.192
42.6586188029835,0.41545785268992624,0.004033318204432524,0.00031014092882111576,2.631140947852014e-06,4.806332954724034e-06,0.192
42.6586188029835,0.4273280770524956,0.004033352709695082,0.0002272592103109135,2.631675154397802e-06,3.5231677235656066e-06,0.192
42.6586188029835,0.4391983014150649,0.004033379002953709,0.00016410261817005403,2.632082441124116e-06,2.5448622028675132e-06,0.192
42.6586188029835,0.4510685257776342,0.004033398717563872,0.00011674789121582268,2.63238796140526e-06,1.8109989113207935e-06,0.192
42.6586188029835,0.4629387501402035,0.004033413258175051,8.182110112392868e-05,2.632613386277305e-06,1.2695246428112355e-06,0.192
42.6586188029835,0.4748089745027728,0.004033423804492658,5.6488619869455155e-05,2.6327769416651908e-06,8.766611096037347e-07,0.192
42.6586188029835,0.4866791988653422,0.00403343132454429,3.842525835310979e-05,2.6328935990824e-06,5.964469419349556e-07,0.192
42.6586188029835,0.49854942322791157,0.004033436594703833,2.57661715627995e-05,2.6329753758083275e-06,4.0001671473474687e-07,0.192
42.6586188029835,0.5104196475904809,0.004033440223746963,1.7049079812663462e-05,2.6330317010118404e-06,2.6472156259799923e-07,0.192
42.6586188029835,0.5222898719530502,0.004033442678501713,1.1152659109742175e-05,2.633069809023584e-06,1.7318457440449353e-07,0.192
42.6586188029835,0.5341600963156194,0.004033444309119363,7.235841329818681e-06,2.6330951283836703e-06,1.1236632513160433e-07,0.192
42.6586188029835,0.5460303206781888,0.0040334453725318735,4.68147094387135e-06,2.6331116438597785e-06,7.269532541493385e-08,0.192
42.6586188029835,0.5579005450407581,0.0040334460531924535,3.0464866522493668e-06,2.633122217051508e-06,4.729793998598665e-08,0.192
42.6586188029835,0.5697707694033275,0.004033446480664275,2.01967365176052e-06,2.633128858569929e-06,3.1344617778306104e-08,0.192
42.6586188029835,0.5816409937658967,0.004033446743991532,1.3871444489253912e-06,2.6331329506003513e-06,2.1515298090357958e-08,0.192
42.6586188029835,0.5935112181284661,0.0040334469030486025,1.0050782744712803e-06,2.6331354227698473e-06,1.5576976729037178e-08,0.192
42.6586188029835,0.6053814424910354,0.004033446997222388,7.78865999865985e-07,2.633136886754752e-06,1.2060377452060804e-08,0.192
42.6586188029835,0.6172516668536047,0.004033447051857328,6.476287623201614e-07,2.6331377362439217e-06,1.0019838175173393e-08,0.192
42.6586188029835,0.629121891216174,0.004033447082903662,5.73053007001967e-07,2.633138219056331e-06,8.860082869015554e-09,0.192
42.6586188029835,0.6409921155787435,0.004033447100177129,5.315608147433323e-07,2.6331384877311256e-06,8.21470263672627e-09,0.192
42.6586188029835,0.6528623399413127,0.004033447109582936,5.089673188998733e-07,2.633138634057806e-06,7.863212558366955e-09,0.192
42.6586188029835,0.6647325643038821,0.004033447114593416,4.969319258907117e-07,2.633138712019277e-06,7.675941745826547e-09,0.192
42.6586188029835,0.6766027886664513,0.004033447117203375,4.906629130689658e-07,2.633138752635424e-06,7.578377879736116e-09,0.192
42.6586188029835,0.6884730130290206,0.004033447118532244,4.8747142966687e-07,2.6331387733165267e-06,7.52870008401575e-09,0.192
42.6586188029835,0.70034323739159,0.004033447119192935,4.85884262125771e-07,2.633138783603272e-06,7.503990111985083e-09,0.192
42.6586188029835,0.7122134617541593,0.004033447119514474,4.851136054195086e-07,2.6331387885994265e-06,7.49198986805821e-09,0.192
42.6586188029835,0.7240836861167286,0.004033447119667143,4.847484592381955e-07,2.633138790967315e-06,7.486302970686563e-09,0.192
42.6586188029835,0.7359539104792979,0.004033447119737019,4.845797311612237e-07,2.6331387920612358e-06,7.483674667934592e-09,0.192
42.6586188029835,0.7478241348418672,0.004033447119767985,4.845037411284117e-07,2.6331387925536634e-06,7.482490743553481e-09,0.192
42.6586188029835,0.7596943592044366,0.004033447119782146,4.844704066070304e-07,2.633138792770088e-06,7.481971297138729e-09,0.192
42.6586188029835,0.771564583567006,0.0040334471197892305,4.844561733452072e-07,2.633138792863196e-06,7.481749462139986e-09,0.192
42.6586188029835,0.7834348079295752,0.004033447119792777,4.844502621535516e-07,2.6331387929022675e-06,7.481657315464779e-09,0.192
42.6586188029835,0.7953050322921447,0.004033447119794574,4.84447876123713e-07,2.6331387929182743e-06,7.481620114054004e-09,0.192
42.6586188029835,0.8071752566547139,0.004033447119796369,4.8444694081022e-07,2.633138792925261e-06,7.48160552861308e-09,0.192
42.6586188029835,0.8190454810172833,0.0040334471197981635,4.844465850580187e-07,2.633138792928645e-06,7.48159997994547e-09,0.192
42.6586188029835,0.8309157053798525,0.0040334471197999554,4.844464538831203e-07,2.63313879293063e-06,7.481597933639546e-09,0.192
42.6586188029835,0.8427859297424218,0.004033447119801751,4.84446407040731e-07,2.6331387929320924e-06,7.481597202773748e-09,0.192
42.6586188029835,0.8546561541049912,0.0040334471198035455,4.844463908584852e-07,2.6331387929333646e-06,7.481596950241716e-09,0.192
42.6586188029835,0.8665263784675605,0.004033447119805339,4.844463854573082e-07,2.6331387929345687e-06,7.481596865938012e-09,0.192
42.6586188029835,0.8783966028301298,0.004033447119807135,4.844463837187266e-07,2.633138792935751e-06,7.481596838796309e-09,0.192
42.6586188029835,0.8902668271926991,0.004033447119808929,4.844463831808875e-07,2.633138792936926e-06,7.481596830397805e-09,0.192
42.6586188029835,0.9021370515552684,0.004033447119810721,4.844463830227032e-07,2.633138792938096e-06,7.481596827926722e-09,0.192
42.6586188029835,0.9140072759178378,0.004033447119812516,4.844463829802979e-07,2.6331387929392676e-06,7.481596827263859e-09,0.192
42.6586188029835,0.925877500280407,0.004033447119814309,4.844463829711421e-07,2.6331387929404386e-06,7.481596827121065e-09,0.192
42.6586188029835,0.9377477246429764,0.004033447119816105,4.844463829674465e-07,2.6331387929416096e-06,7.481596827063989e-09,0.192
42.6586188029835,0.9496179490055456,0.0040334471198178986,4.844463829637509e-07,2.63313879294278e-06,7.481596827006915e-09,0.192
42.6586188029835,0.9614881733681151,0.004033447119819692,4.844463829600553e-07,2.633138792943951e-06,7.48159682694984e-09,0.192
42.6586188029835,0.9733583977306844,0.004033447119821484,4.844463829563597e-07,2.6331387929451197e-06,7.481596826892763e-09,0.192
42.6586188029835,0.9852286220932537,0.004033447119823279,4.844463829526641e-07,2.633138792946291e-06,7.481596826835689e-09,0.192
42.6586188029835,0.9970988464558231,0.0040334471198250725,4.844463829489684e-07,2.633138792947462e-06,7.481596826778615e-09,0.192
42.6586188029835,1.0089690708183923,0.004033447119826867,4.844463829452728e-07,2.633138792948633e-06,7.481596826721541e-09,0.192
42.6586188029835,1.0208392951809617,0.004033447119828661,4.844463829415772e-07,2.6331387929498034e-06,7.481596826664466e-09,0.192
42.6586188029835,1.032709519543531,0.0040334471198304545,4.844463829378816e-07,2.6331387929509736e-06,7.48159682660739e-09,0.192
42.6586188029835,1.0445797439061004,0.004033447119832248,4.844463829341859e-07,2.633138792952144e-06,7.481596826550318e-09,0.192
42.6586188029835,1.0564499682686697,0.004033447119834044,4.844463829304903e-07,2.633138792953316e-06,7.481596826493241e-09,0.192
42.6586188029835,1.068320192631239,0.004033447119835837,4.844463829267947e-07,2.6331387929544862e-06,7.481596826436166e-09,0.192
42.6586188029835,1.0801904169938081,0.00403344711983763,4.844463829230991e-07,2.633138792955657e-06,7.481596826379092e-09,0.192
42.6586188029835,1.0920606413563776,0.004033447119839425,4.844463829194035e-07,2.6331387929568274e-06,7.481596826322016e-09,0.192
42.6586188029835,1.1039308657189468,0.0040334471198412184,4.844463829157079e-07,2.633138792957998e-06,7.481596826264942e-09,0.192
42.6586188029835,1.1158010900815163,0.004033447119843013,4.844463829120123e-07,2.633138792959169e-06,7.481596826207865e-09,0.192
42.6586188029835,1.1276713144440855,0.004033447119844808,4.844463829083167e-07,2.63313879296034e-06,7.48159682615079e-09,0.192
42.6586188029835,1.139541538806655,0.0040334471198466,4.84446382904621e-07,2.6331387929615102e-06,7.481596826093716e-09,0.192
42.6586188029835,1.1514117631692242,0.004033447119848394,4.844463829009254e-07,2.633138792962681e-06,7.481596826036642e-09,0.192
42.6586188029835,1.1632819875317935,0.004033447119850188,4.844463828972298e-07,2.633138792963852e-06,7.481596825979567e-09,0.192
42.6586188029835,1.175152211894363,0.00403344711985198,4.844463828935342e-07,2.6331387929650208e-06,7.481596825922493e-09,0.192
42.6586188029835,1.1870224362569322,0.004033447119853775,4.844463828898386e-07,2.6331387929661926e-06,7.481596825865416e-09,0.192
44.51334135963495,0.011870224362569322,0.004021529878565138,0.02862489777584655,2.460492065079313e-06,0.00041469306802134723,0.192
44.51334135963495,0.023740448725138644,0.004022232894277831,0.026936312919257615,2.4700661846002313e-06,0.00039169686431213415,0.192
44.51334135963495,0.03561067308770797,0.004022924629758792,0.02527482167623456,2.4795566881516536e-06,0.00036890149073292363,0.192
44.51334135963495,0.04748089745027729,0.004023603853906021,0.023643381021882348,2.48894388796076e-06,0.0003463542350535919,0.192
44.51334135963495,0.0593511218128466,0.0040242692760509916,0.022045091006625918,2.4982067686191024e-06,0.00032410557392371746,0.192
44.51334135963495,0.07122134617541594,0.0040249195500593185,0.020483184907263946,2.507323027795954e-06,0.00030220907509780667,0.192
44.51334135963495,0.08309157053798526,0.004025553280776163,0.018961013746961866,2.5162691572168114e-06,0.00028072120295056754,0.192
44.51334135963495,0.09496179490055458,0.004026169033229866,0.01748202419007915,2.5250205719335105e-06,0.000259701008002874,0.192
44.51334135963495,0.1068320192631239,0.00402676534500418,0.01604972882660259,2.533551796009408e-06,0.00023920968094669364,0.192
44.51334135963495,0.1187022436256932,0.00402734074215477,0.014667667943484688,2.5418367122871164e-06,0.00021930995275168635,0.192
44.51334135963495,0.13057246798826255,0.004027893758970448,0.01333936206107528,2.5498488827009814e-06,0.00020006532533109507,0.192
44.51334135963495,0.14244269235083187,0.004028422961753319,0.012068254817324198,2.5575619434388986e-06,0.0001815391224270465,0.192
44.51334135963495,0.15431291671340117,0.00402892697660343,0.010857646232688211,2.564950075967377e-06,0.00016379335827737372,0.192
44.51334135963495,0.16618314107597051,0.004029404520940664,0.009710616998742727,2.5719885503955198e-06,0.00014688743252765226,0.192
44.51334135963495,0.17805336543853983,0.004029854438175801,0.008629945202847333,2.5786543318634273e-06,0.00013087667375844838,0.192
44.51334135963495,0.18992358980110916,0.004030275734564179,0.007618017807304738,2.5849267337695027e-06,0.00011581077049931026,0.192
44.51334135963495,0.20179381416367848,0.004030667616866255,0.006676740192678394,2.590788094100027e-06,0.0001017321467433495,0.192
44.51334135963495,0.2136640385262478,0.004031029529023546,0.005807448065777613,2.596224443545434e-06,8.867435717560497e-05,0.192
44.51334135963495,0.2255342628888171,0.004031361185695271,0.005010826903551136,2.6012261274058404e-06,7.666059337723705e-05,0.192
44.51334135963495,0.2374044872513864,0.004031662600254003,0.004286844707932293,2.6057883386228233e-06,6.570240348184468e-05,0.192
44.51334135963495,0.24927471161395579,0.004031934104759761,0.0036347040258582473,2.6099115178004664e-06,5.579873129523888e-05,0.192
44.51334135963495,0.2611449359765251,0.004032176359595809,0.0030528188004910035,2.6136015788551766e-06,4.693537422660545e-05,0.192
44.51334135963495,0.2730151603390944,0.004032390350886086,0.002538820569049501,2.6168699266187832e-06,3.9084940920731677e-05,0.192
44.51334135963495,0.28488538470166375,0.004032577374533661,0.0020895967961945586,2.619733245349161e-06,3.220735914812463e-05,0.192
44.51334135963495,0.29675560906423304,0.004032739006679562,0.0017013618240050501,2.6222130538992727e-06,2.6250944165476275e-05,0.192
44.51334135963495,0.30862583342680233,0.004032877061497543,0.0013697582413395558,2.624335042639197e-06,2.1153991298986177e-05,0.192
44.51334135963495,0.32049605778937174,0.004032993538379056,0.0010899837381598736,2.6261282267985804e-06,1.684680948869391e-05,0.192
44.51334135963495,0.33236628215194103,0.004033090561573442,0.0008569360822071825,2.6276239680386003e-06,1.3254071357177756e-05,0.192
44.51334135963495,0.3442365065145103,0.0040331703160821405,0.0006653670959005406,2.628854928249327e-06,1.0297326093844415e-05,0.192
44.51334135963495,0.35610673087707967,0.004033234983942201,0.0005100356992562914,2.629854024923919e-06,7.897508577217335e-06,0.192
44.51334135963495,0.36797695523964896,0.004033286684921684,0.0003858503566053073,2.6306534551721407e-06,5.977283653614772e-06,0.192
44.51334135963495,0.3798471796022183,0.004033327425101754,0.0002879925824521685,2.6312838459276458e-06,4.463087327173845e-06,0.192
44.51334135963495,0.3917174039647876,0.004033359055921097,0.00021201531735199784,2.6317735727527597e-06,3.2867630027884677e-06,0.192
44.51334135963495,0.40358762832735695,0.0040333832451521405,0.00015391264496284854,2.632148271241754e-06,2.386735127231327e-06,0.192
44.51334135963495,0.41545785268992624,0.0040334014601226004,0.00011016009702561485,2.6324305460624183e-06,1.708708116833483e-06,0.192
44.51334135963495,0.4273280770524956,0.004033414962445744,7.772731457215669e-05,2.632639865644427e-06,1.20591936863479e-06,0.192
44.51334135963495,0.4391983014150649,0.004033424812697805,5.406681597027522e-05,2.632792617284759e-06,8.390069512661029e-07,0.192
44.51334135963495,0.4510685257776342,0.004033431882948382,3.708390267131951e-05,2.632902289005876e-06,5.755728333393292e-07,0.192
44.51334135963495,0.4629387501402035,0.0040334368748216505,2.5093278925187162e-05,2.6329797410088156e-06,3.8953089851306305e-07,0.192
44.51334135963495,0.4748089745027728,0.004033440340813526,1.6767850406910886e-05,2.633033530428126e-06,2.603269219811818e-07,0.192
44.51334135963495,0.4866791988653422,0.0040334427068453565,1.1084551734243314e-05,2.6330702572599394e-06,1.7210768062862344e-07,0.192
44.51334135963495,0.49854942322791157,0.0040334442944236605,7.271120806646355e-06,2.6330949055481704e-06,1.1290144602942145e-07,0.192
44.51334135963495,0.5104196475904809,0.0040334453412177946,4.756671720168876e-06,2.63311116096659e-06,7.385516698216994e-08,0.192
44.51334135963495,0.5222898719530502,0.004033446019305254,3.1278704594374716e-06,2.633121692833766e-06,4.855707927839687e-08,0.192
44.51334135963495,0.5341600963156194,0.00403344645071624,2.09159711041041e-06,2.6331283946397184e-06,3.2458965827309466e-08,0.192
44.51334135963495,0.5460303206781888,0.004033446720214373,1.4442464564094308e-06,2.633132581959639e-06,2.2400769966533513e-08,0.192
44.51334135963495,0.5579005450407581,0.004033446885468549,1.047295567133922e-06,2.6331351500572057e-06,1.623203283205183e-08,0.192
44.51334135963495,0.5697707694033275,0.004033446984905732,8.08441189106536e-07,2.6331366956160615e-06,1.251949343050601e-08,0.192
44.51334135963495,0.5816409937658967,0.0040334470436013846,6.674505694719578e-07,2.6331376080884483e-06,1.0327667677886817e-08,0.192
44.51334135963495,0.5935112181284661,0.0040334470775778624,5.858369100297261e-07,2.6331381363745636e-06,9.058683316256458e-09,0.192
44.51334135963495,0.6053814424910354,0.004033447096858176,5.395242759121362e-07,2.6331384362095957e-06,8.338454886318811e-09,0.192
44.51334135963495,0.6172516668536047,0.004033447107579621,5.137704649451506e-07,2.6331386029729633e-06,7.937874726334882e-09,0.192
44.51334135963495,0.629121891216174,0.0040334471134198776,4.997415861915686e-07,2.633138693829927e-06,7.719627930212308e-09,0.192
44.51334135963495,0.6409921155787435,0.004033447116535063,4.922586818819873e-07,2.6331387423008995e-06,7.60319604193707e-09,0.192
44.51334135963495,0.6528623399413127,0.004033447118161333,4.88352059715889e-07,2.6331387676106544e-06,7.542399362494009e-09,0.192
44.51334135963495,0.6647325643038821,0.004033447118991593,4.863566766727789e-07,2.6331387805401033e-06,7.511340803246804e-09,0.192
44.51334135963495,0.6766027886664513,0.004033447119406259,4.8536002037562e-07,2.633138786999221e-06,7.49582490551921e-09,0.192
44.51334135963495,0.6884730130290206,0.004033447119608593,4.848734452811528e-07,2.6331387901530975e-06,7.48824859569233e-09,0.192
44.51334135963495,0.70034323739159,0.0040334471197051545,4.846413744508558e-07,2.633138791657623e-06,7.484634458263088e-09,0.192
44.51334135963495,0.7122134617541593,0.004033447119749822,4.845332988764799e-07,2.633138792358207e-06,7.482951056345117e-09,0.192
44.51334135963495,0.7240836861167286,0.0040334471197709405,4.844841821467148e-07,2.6331387926771897e-06,7.482185872532604e-09,0.192
44.51334135963495,0.7359539104792979,0.004033447119781243,4.844624114414874e-07,2.633138792819215e-06,7.481846649913277e-09,0.192
44.51334135963495,0.7478241348418672,0.004033447119786578,4.844530057704203e-07,2.6331387928811683e-06,7.481700068811899e-09,0.192
44.51334135963495,0.7596943592044366,0.004033447119789191,4.844490475480721e-07,2.63313879290748e-06,7.481638371792328e-09,0.192
44.51334135963495,0.771564583567006,0.004033447119790985,4.844474260844212e-07,2.6331387929187313e-06,7.48161309354606e-09,0.192
44.51334135963495,0.7834348079295752,0.00403344711979278,4.84446779987556e-07,2.6331387929239198e-06,7.481603019289433e-09,0.192
44.51334135963495,0.7953050322921447,0.004033447119794575,4.844465297575335e-07,2.633138792926647e-06,7.481599116901957e-09,0.192
44.51334135963495,0.8071752566547139,0.004033447119796369,4.844464356382848e-07,2.6331387929284035e-06,7.481597648837861e-09,0.192
44.51334135963495,0.8190454810172833,0.004033447119798164,4.844464012879248e-07,2.6331387929297884e-06,7.481597112950423e-09,0.192
44.51334135963495,0.8309157053798525,0.0040334471197999554,4.844463891353847e-07,2.633138792931033e-06,7.481596923329808e-09,0.192
44.51334135963495,0.8427859297424218,0.004033447119801751,4.844463849728652e-07,2.63313879293223e-06,7.481596858368816e-09,0.192
44.51334135963495,0.8546561541049912,0.0040334471198035455,4.844463835950614e-07,2.63313879293341e-06,7.481596836862374e-09,0.192
44.51334135963495,0.8665263784675605,0.004033447119805339,4.84446383156095e-07,2.633138792934583e-06,7.481596830008856e-09,0.192
44.51334135963495,0.8783966028301298,0.004033447119807135,4.844463830231508e-07,2.6331387929357554e-06,7.481596827932234e-09,0.192
44.51334135963495,0.8902668271926991,0.004033447119808929,4.84446382986636e-07,2.6331387929369276e-06,7.481596827361476e-09,0.192
44.51334135963495,0.9021370515552684,0.004033447119810721,4.844463829785333e-07,2.633138792938096e-06,7.481596827235214e-09,0.192
44.51334135963495,0.9140072759178378,0.004033447119812516,4.844463829748377e-07,2.6331387929392676e-06,7.481596827178138e-09,0.192
44.51334135963495,0.925877500280407,0.004033447119814309,4.844463829711421e-07,2.6331387929404386e-06,7.481596827121065e-09,0.192
44.51334135963495,0.9377477246429764,0.004033447119816105,4.844463829674465e-07,2.6331387929416096e-06,7.481596827063989e-09,0.192
44.51334135963495,0.9496179490055456,0.0040334471198178986,4.844463829637509e-07,2.63313879294278e-06,7.481596827006915e-09,0.192
44.51334135963495,0.9614881733681151,0.004033447119819692,4.844463829600553e-07,2.633138792943951e-06,7.48159682694984e-09,0.192
44.51334135963495,0.9733583977306844,0.004033447119821484,4.844463829563597e-07,2.6331387929451197e-06,7.481596826892763e-09,0.192
44.51334135963495,0.9852286220932537,0.004033447119823279,4.844463829526641e-07,2.633138792946291e-06,7.481596826835689e-09,0.192
44.51334135963495,0.9970988464558231,0.0040334471198250725,4.844463829489684e-07,2.633138792947462e-06,7.481596826778615e-09,0.192
44.51334135963495,1.0089690708183923,0.004033447119826867,4.844463829452728e-07,2.633138792948633e-06,7.481596826721541e-09,0.192
44.51334135963495,1.0208392951809617,0.004033447119828661,4.844463829415772e-07,2.6331387929498034e-06,7.481596826664466e-09,0.192
44.51334135963495,1.032709519543531,0.0040334471198304545,4.844463829378816e-07,2.6331387929509736e-06,7.48159682660739e-09,0.192
44.51334135963495,1.0445797439061004,0.004033447119832248,4.844463829341859e-07,2.633138792952144e-06,7.481596826550318e-09,0.192
44.51334135963495,1.0564499682686697,0.004033447119834044,4.844463829304903e-07,2.633138792953316e-06,7.481596826493241e-09,0.192
44.51334135963495,1.068320192631239,0.004033447119835837,4.844463829267947e-07,2.6331387929544862e-06,7.481596826436166e-09,0.192
44.51334135963495,1.0801904169938081,0.00403344711983763,4.844463829230991e-07,2.633138792955657e-06,7.481596826379092e-09,0.192
44.51334135963495,1.0920606413563776,0.004033447119839425,4.844463829194035e-07,2.6331387929568274e-06,7.481596826322016e-09,0.192
44.51334135963495,1.1039308657189468,0.0040334471198412184,4.844463829157079e-07,2.633138792957998e-06,7.481596826264942e-09,0.192
44.51334135963495,1.1158010900815163,0.004033447119843013,4.844463829120123e-07,2.633138792959169e-06,7.481596826207865e-09,0.192
44.51334135963495,1.1276713144440855,0.004033447119844808,4.844463829083167e-07,2.63313879296034e-06,7.48159682615079e-09,0.192
44.51334135963495,1.139541538806655,0.0040334471198466,4.84446382904621e-07,2.6331387929615102e-06,7.481596826093716e-09,0.192
44.51334135963495,1.1514117631692242,0.004033447119848394,4.844463829009254e-07,2.633138792962681e-06,7.481596826036642e-09,0.192
44.51334135963495,1.1632819875317935,0.004033447119850188,4.844463828972298e-07,2.633138792963852e-06,7.481596825979567e-09,0.192
44.51334135963495,1.175152211894363,0.00403344711985198,4.844463828935342e-07,2.6331387929650208e-06,7.481596825922493e-09,0.192
44.51334135963495,1.1870224362569322,0.004033447119853775,4.844463828898386e-07,2.6331387929661926e-06,7.481596825865416e-09,0.192
46.23048677944253,0.011870224362569322,0.00402408778667589,0.022481006086030392,2.495677890790912e-06,0.0003301796186938554,0.192
46.23048677944253,0.023740448725138644,0.004024723681435831,0.0209536382663671,2.5045743669979417e-06,0.00030881102648779225,0.192
46.23048677944253,0.03561067308770797,0.004025344521518605,0.019462429914866648,2.5133192570336323e-06,0.0002878065218267562,0.192
46.23048677944253,0.04748089745027729,0.004025948997110176,0.018010527076862983,2.521890295529982e-06,0.0002672195837998237,0.192
46.23048677944253,0.0593511218128466,0.004026535766988143,0.01660115124217096,2.5302643170343787e-06,0.0002471058534928387,0.192
46.23048677944253,0.07122134617541594,0.00402710347100435,0.015237569364860806,2.5384174477971863e-06,0.0002275226733542856,0.192
46.23048677944253,0.08309157053798526,0.0040276507457995304,0.013923056118874474,2.5463253562588102e-06,0.00020852848557123842,0.192
46.23048677944253,0.09496179490055458,0.004028176243966756,0.012660847871270899,2.5539635670451067e-06,0.0001901820779057767,0.192
46.23048677944253,0.1068320192631239,0.004028678656749491,0.011454088162888532,2.561307841064728e-06,0.00017254167075847823,0.192
46.23048677944253,0.1187022436256932,0.004029156740183755,0.010305764920780997,2.5683346211087816e-06,0.00015566384690213615,0.192
46.23048677944253,0.13057246798826255,0.004029609344350993,0.009218640195125697,2.575021538108973e-06,0.00013960233551320962,0.192
46.23048677944253,0.14244269235083187,0.004030035445124111,0.008195173908641305,2.5813479679774974e-06,0.00012440667470520122,0.192
46.23048677944253,0.15431291671340117,0.004030434177455559,0.007237443902308036,2.5872956229209554e-06,0.00011012079125057616,0.192
46.23048677944253,0.16618314107597051,0.0040308048689039625,0.006347065405931342,2.592849154692577e-06,9.678155161619621e-05,0.192
46.23048677944253,0.17805336543853983,0.004031147071758851,0.00552511387678062,2.5979967410301886e-06,8.441735337339004e-05,0.192
46.23048677944253,0.18992358980110916,0.004031460591837918,0.004772055829001134,2.602730621320038e-06,7.304683854856447e-05,0.192
46.23048677944253,0.20179381416367848,0.004031745511857572,0.0040876926971956705,2.607047544268599e-06,6.267781830887087e-05,0.192
46.23048677944253,0.2136640385262478,0.0040320022072619505,0.003471122812571244,2.6109490899981944e-06,5.330649925710505e-05,0.192
46.23048677944253,0.2255342628888171,0.00403223135258776,0.0029207261110241107,2.6144418322978e-06,4.491709364941088e-05,0.192
46.23048677944253,0.2374044872513864,0.004032433916864941,0.0024341751762501865,2.617537314185723e-06,3.748187801530462e-05,0.192
46.23048677944253,0.24927471161395579,0.004032611147204713,0.0020084746548810046,2.620251821365277e-06,3.0961737219400114e-05,0.192
46.23048677944253,0.2611449359765251,0.004032764540568546,0.0016400290611187074,2.622605952807301e-06,2.530719581229838e-05,0.192
46.23048677944253,0.2730151603390944,0.0040328958046613765,0.001324736703708033,2.6246240041385594e-06,2.045989901610027e-05,0.192
46.23048677944253,0.28488538470166375,0.0040330068098458445,0.0010581051818252657,2.626333195810629e-06,1.635446655120845e-05,0.192
46.23048677944253,0.29675560906423304,0.004033099534799722,0.0008353819096804843,2.627762792000585e-06,1.2920608935949641e-05,0.192
46.23048677944253,0.30862583342680233,0.004033176009223019,0.0006516917285520483,2.6289431658593777e-06,1.0085372676670517e-05,0.192
46.23048677944253,0.32049605778937174,0.004033238257151592,0.0005021730646093287,2.629904870639702e-06,7.775371358535795e-06,0.192
46.23048677944253,0.33236628215194103,0.004033288244308315,0.00038210438905031673,2.6306777738320703e-06,5.918865414572418e-06,0.192
46.23048677944253,0.3442365065145103,0.004033327832443476,0.00028701389145942475,2.6312903031394985e-06,4.447573282400395e-06,0.192
46.23048677944253,0.35610673087707967,0.00403335874285209,0.00021276711246204856,2.6317688402485627e-06,3.298127576181419e-06,0.192
46.23048677944253,0.36797695523964896,0.004033382530320742,0.00015562952478900122,2.632137282856435e-06,2.4131271243372148e-06,0.192
46.23048677944253,0.3798471796022183,0.004033400567785777,0.00011230338700805025,2.6324167794755556e-06,1.741774007787951e-06,0.192
46.23048677944253,0.3917174039647876,0.004033414041097671,7.994032234351978e-05,2.632625627169371e-06,1.2401192443766539e-06,0.192
46.23048677944253,0.40358762832735695,0.004033423952583853,5.613276371002323e-05,2.6327793110956275e-06,8.709678534597167e-07,0.192
46.23048677944253,0.41545785268992624,0.004033431131638735,3.8888519626083547e-05,2.63289065739262e-06,6.035116689824374e-07,0.192
46.23048677944253,0.4273280770524956,0.004033436250358591,2.6593221839786952e-05,2.6329700676886217e-06,4.1276608879603665e-07,0.192
46.23048677944253,0.4391983014150649,0.004033439842257551,1.7965371652131327e-05,2.633025803911669e-06,2.78885996106605e-07,0.192
46.23048677944253,0.4510685257776342,0.004033442322298299,1.2008227573822702e-05,2.633064295297837e-06,1.8642835296563748e-07,0.192
46.23048677944253,0.4629387501402035,0.004033444006786292,7.962021493660119e-06,2.633090444537441e-06,1.2361685842687385e-07,0.192
46.23048677944253,0.4748089745027728,0.0040334451320439375,5.25910370544357e-06,2.6331079158680905e-06,8.164996341545128e-08,0.192
46.23048677944253,0.4866791988653422,0.004033445871153537,3.4837270925666653e-06,2.63311939378795e-06,5.4079451225988455e-08,0.192
46.23048677944253,0.49854942322791157,0.004033446348389425,2.337381700719037e-06,2.633126806308895e-06,3.627418932047976e-08,0.192
46.23048677944253,0.5104196475904809,0.004033446651230843,1.6099396227705583e-06,2.6331315109374757e-06,2.497340569047592e-08,0.192
46.23048677944253,0.5222898719530502,0.004033446840047995,1.1563892821769858e-06,2.633134444720533e-06,1.79262802380488e-08,0.192
46.23048677944253,0.5341600963156194,0.004033446955684112,8.786238671341318e-07,2.6331362417517315e-06,1.3609694228921387e-08,0.192
46.23048677944253,0.5460303206781888,0.004033447025226166,7.115791388544748e-07,2.6331373226497165e-06,1.1013302227474425e-08,0.192
46.23048677944253,0.5579005450407581,0.004033447066281903,6.12960219413611e-07,2.633137960893066e-06,9.480194601339088e-09,0.192
46.23048677944253,0.5697707694033275,0.004033447090068749,5.558221180248843e-07,2.6331383307431064e-06,8.591785778185301e-09,0.192
46.23048677944253,0.5816409937658967,0.004033447103589317,5.23344157913333e-07,2.633138541005738e-06,8.086717320908776e-09,0.192
46.23048677944253,0.5935112181284661,0.004033447111126383,5.052390098482569e-07,2.6331386582384233e-06,7.805113945589617e-09,0.192
46.23048677944253,0.6053814424910354,0.004033447115245384,4.953440895961731e-07,2.633138722319746e-06,7.651184325138544e-09,0.192
46.23048677944253,0.6172516668536047,0.004033447117451548,4.900442951899877e-07,2.63313875664797e-06,7.568724403602363e-09,0.192
46.23048677944253,0.629121891216174,0.0040334471186092525,4.872634636448862e-07,2.633138774663294e-06,7.525449864345057e-09,0.192
46.23048677944253,0.6409921155787435,0.004033447119204797,4.8583462188587e-07,2.6331387839219056e-06,7.503210842920116e-09,0.192
46.23048677944253,0.6528623399413127,0.004033447119504424,4.851159936707241e-07,2.633138788579321e-06,7.4920239503022e-09,0.192
46.23048677944253,0.6647325643038821,0.004033447119652194,4.847623682045856e-07,2.633138790871759e-06,7.486518126522643e-09,0.192
46.23048677944253,0.6766027886664513,0.004033447119723492,4.845921909607879e-07,2.6331387919752657e-06,7.483868078537504e-09,0.192
46.23048677944253,0.6884730130290206,0.004033447119757138,4.845121396931009e-07,2.6331387924945173e-06,7.482621286968348e-09,0.192
46.23048677944253,0.70034323739159,0.004033447119773073,4.844753502039297e-07,2.6331387927335042e-06,7.4820481971304e-09,0.192
46.23048677944253,0.7122134617541593,0.00403344711978023,4.844588405699774e-07,2.6331387928407695e-06,7.481790974236249e-09,0.192
46.23048677944253,0.7240836861167286,0.004033447119783806,4.844516100895956e-07,2.633138792888044e-06,7.481678303151269e-09,0.192
46.23048677944253,0.7359539104792979,0.004033447119785602,4.844485215122924e-07,2.633138792908411e-06,7.481630166389205e-09,0.192
46.23048677944253,0.7478241348418672,0.004033447119787398,4.844472355040622e-07,2.633138792917576e-06,7.481610120046529e-09,0.192
46.23048677944253,0.7596943592044366,0.0040334471197891915,4.844467139002095e-07,2.633138792921989e-06,7.481601987901126e-09,0.192
46.23048677944253,0.771564583567006,0.004033447119790986,4.844465079553032e-07,2.6331387929244407e-06,7.481598776546242e-09,0.192
46.23048677944253,0.7834348079295752,0.0040334471197927815,4.844464288589859e-07,2.6331387929261043e-06,7.481597542968778e-09,0.192
46.23048677944253,0.7953050322921447,0.004033447119794575,4.844463993325613e-07,2.6331387929274587e-06,7.48159708240042e-09,0.192
46.23048677944253,0.8071752566547139,0.004033447119796369,4.844463886291384e-07,2.633138792928696e-06,7.481596915414613e-09,0.192
46.23048677944253,0.8190454810172833,0.004033447119798164,4.844463848655876e-07,2.6331387929298905e-06,7.481596856688644e-09,0.192
46.23048677944253,0.8309157053798525,0.0040334471197999554,4.844463835842837e-07,2.6331387929310674e-06,7.481596836691577e-09,0.192
46.23048677944253,0.8427859297424218,0.004033447119801751,4.844463831635831e-07,2.6331387929322414e-06,7.481596830124154e-09,0.192
46.23048677944253,0.8546561541049912,0.0040334471198035455,4.844463830319919e-07,2.6331387929334137e-06,7.481596828069015e-09,0.192
46.23048677944253,0.8665263784675605,0.004033447119805339,4.844463829945446e-07,2.6331387929345843e-06,7.481596827483745e-09,0.192
46.23048677944253,0.8783966028301298,0.004033447119807135,4.844463829859245e-07,2.6331387929357554e-06,7.481596827349365e-09,0.192
46.23048677944253,0.8902668271926991,0.004033447119808929,4.844463829822289e-07,2.6331387929369276e-06,7.481596827292291e-09,0.192
46.23048677944253,0.9021370515552684,0.004033447119810721,4.844463829785333e-07,2.633138792938096e-06,7.481596827235214e-09,0.192
46.23048677944253,0.9140072759178378,0.004033447119812516,4.844463829748377e-07,2.6331387929392676e-06,7.481596827178138e-09,0.192
46.23048677944253,0.925877500280407,0.004033447119814309,4.844463829711421e-07,2.6331387929404386e-06,7.481596827121065e-09,0.192
46.23048677944253,0.9377477246429764,0.004033447119816105,4.844463829674465e-07,2.6331387929416096e-06,7.481596827063989e-09,0.192
46.23048677944253,0.9496179490055456,0.0040334471198178986,4.844463829637509e-07,2.63313879294278e-06,7.481596827006915e-09,0.192
46.23048677944253,0.9614881733681151,0.004033447119819692,4.844463829600553e-07,2.633138792943951e-06,7.48159682694984e-09,0.192
46.23048677944253,0.9733583977306844,0.004033447119821484,4.844463829563597e-07,2.6331387929451197e-06,7.481596826892763e-09,0.192
46.23048677944253,0.9852286220932537,0.004033447119823279,4.844463829526641e-07,2.633138792946291e-06,7.481596826835689e-09,0.192
46.23048677944253,0.9970988464558231,0.0040334471198250725,4.844463829489684e-07,2.633138792947462e-06,7.481596826778615e-09,0.192
46.23048677944253,1.0089690708183923,0.004033447119826867,4.844463829452728e-07,2.633138792948633e-06,7.481596826721541e-09,0.192
46.23048677944253,1.0208392951809617,0.004033447119828661,4.844463829415772e-07,2.6331387929498034e-06,7.481596826664466e-09,0.192
46.23048677944253,1.032709519543531,0.0040334471198304545,4.844463829378816e-07,2.6331387929509736e-06,7.48159682660739e-09,0.192
46.23048677944253,1.0445797439061004,0.004033447119832248,4.844463829341859e-07,2.633138792952144e-06,7.481596826550318e-09,0.192
46.23048677944253,1.0564499682686697,0.004033447119834044,4.844463829304903e-07,2.633138792953316e-06,7.481596826493241e-09,0.192
46.23048677944253,1.068320192631239,0.004033447119835837,4.844463829267947e-07,2.6331387929544862e-06,7.481596826436166e-09,0.192
46.23048677944253,1.0801904169938081,0.00403344711983763,4.844463829230991e-07,2.633138792955657e-06,7.481596826379092e-09,0.192
46.23048677944253,1.0920606413563776,0.004033447119839425,4.844463829194035e-07,2.6331387929568274e-06,7.481596826322016e-09,0.192
46.23048677944253,1.1039308657189468,0.0040334471198412184,4.844463829157079e-07,2.633138792957998e-06,7.481596826264942e-09,0.192
46.23048677944253,1.1158010900815163,0.004033447119843013,4.844463829120123e-07,2.633138792959169e-06,7.481596826207865e-09,0.192
46.23048677944253,1.1276713144440855,0.004033447119844808,4.844463829083167e-07,2.63313879296034e-06,7.48159682615079e-09,0.192
46.23048677944253,1.139541538806655,0.0040334471198466,4.84446382904621e-07,2.6331387929615102e-06,7.481596826093716e-09,0.192
46.23048677944253,1.1514117631692242,0.004033447119848394,4.844463829009254e-07,2.633138792962681e-06,7.481596826036642e-09,0.192
46.23048677944253,1.1632819875317935,0.004033447119850188,4.844463828972298e-07,2.633138792963852e-06,7.481596825979567e-09,0.192
46.23048677944253,1.175152211894363,0.00403344711985198,4.844463828935342e-07,2.6331387929650208e-06,7.481596825922493e-09,0.192
46.23048677944253,1.1870224362569322,0.004033447119853775,4.844463828898386e-07,2.6331387929661926e-06,7.481596825865416e-09,0.192
