time_s,position_m,C_H2,C_CH4,q_H2,q_CH4,u
0.0,0.005001529323783714,0.36470471887326156,0.6101786138538766,9.731291031896992e-05,0.0038515652515228645,0.0
0.0,0.010003058647567427,0.36470471887343214,0.6101786138537051,9.731291031903072e-05,0.0038515652515223866,0.0
0.0,0.01500458797135114,0.3647047188736028,0.6101786138535336,9.731291031909152e-05,0.0038515652515219087,0.0
0.0,0.020006117295134854,0.3647047188737734,0.610178613853362,9.731291031915231e-05,0.0038515652515214304,0.0
0.0,0.025007646618918567,0.36470471887394407,0.6101786138531905,9.731291031921312e-05,0.0038515652515209524,0.0
0.0,0.03000917594270228,0.3647047188741146,0.610178613853019,9.73129103192739e-05,0.0038515652515204745,0.0
0.0,0.035010705266485996,0.3647047188742851,0.6101786138528476,9.731291031933466e-05,0.0038515652515199966,0.0
0.0,0.04001223459026971,0.36470471887445566,0.610178613852676,9.731291031939545e-05,0.0038515652515195183,0.0
0.0,0.04501376391405342,0.3647047188746263,0.6101786138525045,9.731291031945627e-05,0.00385156525151904,0.0
0.0,0.050015293237837134,0.36470471887479694,0.610178613852333,9.731291031951708e-05,0.0038515652515185616,0.0
0.0,0.05501682256162084,0.3647047188749676,0.6101786138521614,9.731291031957786e-05,0.0038515652515180836,0.0
0.0,0.06001835188540456,0.36470471887513817,0.6101786138519899,9.731291031963867e-05,0.0038515652515176057,0.0
0.0,0.06501988120918828,0.3647047188753088,0.6101786138518184,9.731291031969948e-05,0.003851565251517128,0.0
0.0,0.07002141053297199,0.36470471887547934,0.6101786138516468,9.731291031976025e-05,0.0038515652515166495,0.0
0.0,0.07502293985675569,0.3647047188756499,0.6101786138514753,9.731291031982102e-05,0.0038515652515161715,0.0
0.0,0.08002446918053942,0.3647047188758205,0.6101786138513038,9.731291031988186e-05,0.0038515652515156928,0.0
0.0,0.08502599850432313,0.36470471887599115,0.6101786138511323,9.731291031994267e-05,0.003851565251515215,0.0
0.0,0.09002752782810684,0.3647047188761618,0.6101786138509607,9.731291032000345e-05,0.003851565251514737,0.0
0.0,0.09502905715189056,0.36470471887633243,0.6101786138507892,9.731291032006425e-05,0.003851565251514259,0.0
0.0,0.10003058647567427,0.364704718876503,0.6101786138506177,9.731291032012506e-05,0.0038515652515137807,0.0
0.0,0.10503211579945798,0.36470471887667366,0.6101786138504461,9.731291032018586e-05,0.0038515652515133027,0.0
0.0,0.11003364512324168,0.3647047188768443,0.6101786138502746,9.731291032024665e-05,0.003851565251512825,0.0
0.0,0.1150351744470254,0.36470471887701494,0.6101786138501031,9.731291032030749e-05,0.003851565251512346,0.0
0.0,0.12003670377080912,0.3647047188771855,0.6101786138499317,9.731291032036823e-05,0.003851565251511869,0.0
0.0,0.12503823309459283,0.364704718877356,0.6101786138497601,9.731291032042902e-05,0.0038515652515113906,0.0
0.0,0.13003976241837656,0.36470471887752665,0.6101786138495886,9.731291032048984e-05,0.003851565251510912,0.0
0.0,0.13504129174216026,0.3647047188776973,0.6101786138494171,9.731291032055064e-05,0.003851565251510434,0.0
0.0,0.14004282106594398,0.3647047188778679,0.6101786138492455,9.731291032061143e-05,0.003851565251509956,0.0
0.0,0.14504435038972768,0.3647047188780385,0.610178613849074,9.731291032067224e-05,0.003851565251509478,0.0
0.0,0.15004587971351138,0.36470471887820916,0.6101786138489025,9.731291032073304e-05,0.003851565251509,0.0
0.0,0.1550474090372951,0.3647047188783797,0.610178613848731,9.731291032079381e-05,0.003851565251508522,0.0
0.0,0.16004893836107884,0.3647047188785502,0.6101786138485594,9.731291032085459e-05,0.003851565251508044,0.0
0.0,0.16505046768486253,0.36470471887872086,0.6101786138483879,9.731291032091543e-05,0.003851565251507565,0.0
0.0,0.17005199700864626,0.3647047188788915,0.6101786138482164,9.731291032097621e-05,0.0038515652515070872,0.0
0.0,0.17505352633242996,0.3647047188790621,0.6101786138480448,9.731291032103702e-05,0.0038515652515066093,0.0
0.0,0.1800550556562137,0.3647047188792327,0.6101786138478733,9.731291032109782e-05,0.0038515652515061314,0.0
0.0,0.1850565849799974,0.36470471887940337,0.6101786138477018,9.731291032115862e-05,0.003851565251505653,0.0
0.0,0.1900581143037811,0.3647047188795739,0.6101786138475302,9.73129103212194e-05,0.003851565251505175,0.0
0.0,0.19505964362756484,0.36470471887974454,0.6101786138473587,9.73129103212802e-05,0.003851565251504697,0.0
0.0,0.20006117295134854,0.3647047188799152,0.6101786138471872,9.731291032134102e-05,0.0038515652515042184,0.0
0.0,0.20506270227513224,0.36470471888008577,0.6101786138470157,9.731291032140183e-05,0.0038515652515037405,0.0
0.0,0.21006423159891596,0.3647047188802564,0.6101786138468441,9.731291032146261e-05,0.0038515652515032626,0.0
0.0,0.21506576092269966,0.36470471888042705,0.6101786138466726,9.731291032152342e-05,0.0038515652515027842,0.0
0.0,0.22006729024648336,0.3647047188805977,0.6101786138465011,9.73129103215842e-05,0.0038515652515023063,0.0
0.0,0.22506881957026711,0.3647047188807683,0.6101786138463295,9.731291032164503e-05,0.0038515652515018284,0.0
0.0,0.2300703488940508,0.3647047188809389,0.610178613846158,9.731291032170581e-05,0.0038515652515013505,0.0
0.0,0.23507187821783454,0.36470471888110945,0.6101786138459866,9.73129103217666e-05,0.003851565251500872,0.0
0.0,0.24007340754161824,0.36470471888128003,0.6101786138458151,9.731291032182736e-05,0.0038515652515003942,0.0
0.0,0.24507493686540194,0.36470471888145056,0.6101786138456435,9.731291032188815e-05,0.0038515652514999163,0.0
0.0,0.25007646618918566,0.3647047188816212,0.610178613845472,9.731291032194899e-05,0.0038515652514994375,0.0
0.0,0.2550779955129694,0.3647047188817918,0.6101786138453005,9.731291032200978e-05,0.0038515652514989596,0.0
0.0,0.2600795248367531,0.36470471888196243,0.610178613845129,9.731291032207058e-05,0.0038515652514984817,0.0
0.0,0.2650810541605368,0.36470471888213307,0.6101786138449574,9.731291032213138e-05,0.0038515652514980033,0.0
0.0,0.2700825834843205,0.3647047188823037,0.6101786138447859,9.731291032219219e-05,0.0038515652514975254,0.0
0.0,0.27508411280810424,0.36470471888247424,0.6101786138446144,9.731291032225295e-05,0.0038515652514970475,0.0
0.0,0.28008564213188797,0.3647047188826448,0.6101786138444428,9.731291032231374e-05,0.0038515652514965696,0.0
0.0,0.28508717145567164,0.3647047188828154,0.6101786138442713,9.731291032237456e-05,0.003851565251496091,0.0
0.0,0.29008870077945537,0.36470471888298606,0.6101786138440998,9.731291032243536e-05,0.003851565251495613,0.0
0.0,0.2950902301032391,0.36470471888315664,0.6101786138439282,9.731291032249617e-05,0.0038515652514951346,0.0
0.0,0.30009175942702276,0.3647047188833273,0.6101786138437567,9.731291032255697e-05,0.0038515652514946566,0.0
0.0,0.30509328875080655,0.3647047188834979,0.6101786138435853,9.731291032261776e-05,0.0038515652514941787,0.0
0.0,0.3100948180745902,0.36470471888366846,0.6101786138434138,9.731291032267854e-05,0.003851565251493701,0.0
0.0,0.31509634739837394,0.3647047188838391,0.6101786138432422,9.731291032273933e-05,0.003851565251493223,0.0
0.0,0.32009787672215767,0.3647047188840097,0.6101786138430707,9.731291032280017e-05,0.003851565251492744,0.0
0.0,0.32509940604594134,0.36470471888418027,0.6101786138428992,9.731291032286092e-05,0.0038515652514922666,0.0
0.0,0.33010093536972507,0.36470471888435085,0.6101786138427276,9.731291032292173e-05,0.003851565251491788,0.0
0.0,0.33510246469350885,0.3647047188845215,0.6101786138425561,9.731291032298256e-05,0.00385156525149131,0.0
0.0,0.3401039940172925,0.36470471888469214,0.6101786138423846,9.731291032304334e-05,0.003851565251490832,0.0
0.0,0.34510552334107625,0.3647047188848628,0.6101786138422131,9.731291032310413e-05,0.003851565251490354,0.0
0.0,0.3501070526648599,0.36470471888503336,0.6101786138420415,9.731291032316493e-05,0.0038515652514898757,0.0
0.0,0.35510858198864365,0.364704718885204,0.61017861384187,9.731291032322574e-05,0.003851565251489398,0.0
0.0,0.3601101113124274,0.36470471888537453,0.6101786138416985,9.731291032328652e-05,0.00385156525148892,0.0
0.0,0.3651116406362111,0.3647047188855451,0.6101786138415269,9.731291032334731e-05,0.003851565251488442,0.0
0.0,0.3701131699599948,0.3647047188857157,0.6101786138413554,9.731291032340812e-05,0.003851565251487963,0.0
0.0,0.3751146992837785,0.36470471888588635,0.610178613841184,9.731291032346891e-05,0.0038515652514874853,0.0
0.0,0.3801162286075622,0.364704718886057,0.6101786138410125,9.731291032352973e-05,0.003851565251487007,0.0
0.0,0.3851177579313459,0.36470471888622763,0.6101786138408409,9.731291032359052e-05,0.003851565251486529,0.0
0.0,0.3901192872551297,0.3647047188863982,0.6101786138406694,9.731291032365132e-05,0.003851565251486051,0.0
0.0,0.39512081657891335,0.3647047188865688,0.6101786138404979,9.73129103237121e-05,0.003851565251485573,0.0
0.0,0.4001223459026971,0.36470471888673933,0.6101786138403263,9.731291032377288e-05,0.003851565251485095,0.0
0.0,0.40512387522648075,0.36470471888735617,0.6101786138397096,9.731291032407386e-05,0.0038515652514817525,0.0
0.0,0.41012540455026447,0.3647047188916811,0.6101786138352068,9.731291032631837e-05,0.0038515652514540017,0.0
0.0,0.41512693387404825,0.3647047189212179,0.6101786138045588,9.731291034158813e-05,0.0038515652512663783,0.0
0.0,0.4201284631978319,0.3647047191207875,0.6101786135975097,9.731291044469596e-05,0.0038515652499999417,0.0
0.0,0.42512999252161565,0.36470472046701385,0.6101786122008239,9.731291114016967e-05,0.0038515652414581633,0.0
0.0,0.4301315218453993,0.3647047295461771,0.6101786027813354,9.731291583050354e-05,0.0038515651838521535,0.0
0.0,0.43513305116918305,0.36470479077556767,0.6101785392568045,9.731294746181294e-05,0.0038515647953614738,0.0
0.0,0.4401345804929667,0.3647052037006242,0.6101781108535405,9.731316078034108e-05,0.003851562175419494,0.0
0.0,0.4451361098167505,0.3647079883948839,0.6101752217771501,9.731459936792448e-05,0.003851544506998598,0.0
0.0,0.45013763914053423,0.36472676650349367,0.6101557397941062,9.732430045687061e-05,0.0038514253633879737,0.0
0.0,0.4551391684643179,0.3648533307336456,0.6100244318475557,9.738969568277218e-05,0.003850622353034543,0.0
0.0,0.4601406977881016,0.36570353403412437,0.60914237977466,9.782944422470925e-05,0.0038452287901414818,0.0
0.0,0.4651422271118853,0.3712901658267182,0.6033471971558128,0.00010073869309753746,0.0038098134567439395,0.0
0.0,0.4701437564356691,0.4034531119918932,0.570003890368212,0.00011817113878975994,0.003605985502036105,0.0
0.0,0.4751452857594528,0.5148954524124799,0.45464190545425537,0.00018793827680242177,0.0028853310921347153,0.0
0.0,0.4801468150832365,0.6832902757819791,0.2805882050371952,0.000318836963211634,0.0017666180288453683,0.0
0.0,0.4851483444070202,0.8168250468956046,0.14268534273886904,0.0004400636421987732,0.0008872953067146549,0.0
0.0,0.4901498737308039,0.8917009423408863,0.0653905814914738,0.0005133843915314389,0.00040338616657245417,0.0
0.0,0.49515140305458766,0.9273947608128599,0.02854988977297009,0.000549503137400816,0.0001754367635649814,0.0
0.0,0.5001529323783713,0.9432332747518997,0.012203632492410044,0.0005657541608038848,7.487594506744306e-05,0.0
0.4801468150832364,0.005001529323783714,0.364706109258897,0.6101787060574854,9.731326104498147e-05,0.0038515652747793563,0.3125
0.4801468150832364,0.010003058647567427,0.36470703627907225,0.6101787675384108,9.731349513851682e-05,0.003851565290304099,0.3125
0.4801468150832364,0.01500458797135114,0.3647085428325235,0.6101788674580402,9.731387574774889e-05,0.0038515653155467722,0.3125
0.4801468150832364,0.020006117295134854,0.3647109651677788,0.6101790281208717,9.731448799104949e-05,0.0038515653561535888,0.3125
0.4801468150832364,0.025007646618918567,0.3647148179640397,0.6101792836685471,9.731546222069989e-05,0.0038515654207715248,0.3125
0.4801468150832364,0.03000917594270228,0.36472087897400923,0.6101796856958642,9.73169955177169e-05,0.0038515655224745445,0.3125
0.4801468150832364,0.035010705266485996,0.3647303081392026,0.6101803111543704,9.731938196030446e-05,0.0038515656807720823,0.3125
0.4801468150832364,0.04001223459026971,0.3647448122014562,0.6101812732752032,9.732305448108707e-05,0.003851565924386327,0.3125
0.4801468150832364,0.04501376391405342,0.3647668678316514,0.6101827363757795,9.732864164282898e-05,0.0038515662950199176,0.3125
0.4801468150832364,0.050015293237837134,0.3648000178568288,0.6101849355182509,9.733704306746337e-05,0.0038515668523615393,0.3125
0.4801468150832364,0.05501682256162084,0.3648492557433834,0.6101882020265676,9.734952740917327e-05,0.0038515676805881355,0.3125
0.4801468150832364,0.06001835188540456,0.3649215123307525,0.6101929957917359,9.736785647513074e-05,0.0038515688966031347,0.3125
0.4801468150832364,0.06501988120918828,0.365026254934785,0.6101999450381719,9.739443811682535e-05,0.0038515706601845653,0.3125
0.4801468150832364,0.07002141053297199,0.365176201198199,0.6102098937108171,9.743250854184466e-05,0.003851573186087525,0.3125
0.4801468150832364,0.07502293985675569,0.36538813721312957,0.6102239557897371,9.748634140661994e-05,0.0038515767579255862,0.3125
0.4801468150832364,0.08002446918053942,0.3656838103130717,0.6102435745700859,9.756147613892769e-05,0.003851581743331222,0.3125
0.4801468150832364,0.08502599850432313,0.3660908407070548,0.6102705832045702,9.76649511857055e-05,0.0038515886094459156,0.3125
0.4801468150832364,0.09002752782810684,0.36664356268973114,0.6103072605862598,9.780551924916494e-05,0.003851597937218694,0.3125
0.4801468150832364,0.09502905715189056,0.3673836665366462,0.610356374018816,9.79938113255692e-05,0.0038516104323109285,0.3125
0.4801468150832364,0.10003058647567427,0.3683604690486305,0.6104211972560174,9.82424051936817e-05,0.0038516269296633345,0.3125
0.4801468150832364,0.10503211579945798,0.36963059879721044,0.6105054897085324,9.856574317244312e-05,0.0038516483880626133,0.3125
0.4801468150832364,0.11003364512324168,0.3712568485956178,0.6106134203871741,9.897983538852039e-05,0.003851675870474125,0.3125
0.4801468150832364,0.1150351744470254,0.3733059321318233,0.6107494191128908,9.950168102570498e-05,0.0038517105056563193,0.3125
0.4801468150832364,0.12003670377080912,0.3758448955232868,0.6109179384361728,0.00010014834414508552,0.003851753426844047,0.3125
0.4801468150832364,0.12503823309459283,0.3789359900122816,0.6111231133841587,0.0001009356359127061,0.0038518056842986796,0.3125
0.4801468150832364,0.13003976241837656,0.3826299200852126,0.6113683133217704,0.00010187638426987167,0.003851868130460166,0.3125
0.4801468150832364,0.13504129174216026,0.38695754879694344,0.6116555913277598,0.00010297831677364422,0.003851941279401358,0.3125
0.4801468150832364,0.14004282106594398,0.3919203681015922,0.6119850514893724,0.00010424164175677932,0.0038520251462302855,0.3125
0.4801468150832364,0.14504435038972768,0.3974803140899661,0.6123541725852407,0.00010565648301766866,0.003852119076737415,0.3125
0.4801468150832364,0.15004587971351138,0.4035497981707916,0.6127571459626481,0.00010720039586037173,0.0038522215824086515,0.3125
0.4801468150832364,0.1550474090372951,0.40998309278780987,0.6131843031926996,0.00010883625545711313,0.0038523302001214504,0.3125
0.4801468150832364,0.16004893836107884,0.41657039866282175,0.6136217216156081,0.00011051084753339996,0.003852441398437011,0.3125
0.4801468150832364,0.16505046768486253,0.4230359687236529,0.6140510991122012,0.00011215449155131321,0.0038525505524212244,0.3125
0.4801468150832364,0.17005199700864626,0.42904151771089166,0.6144499797583379,0.0001136819767985536,0.003852652005625585,0.3125
0.4801468150832364,0.17505352633242996,0.434195774669941,0.6147923873563441,0.00011499498859614533,0.0038527392310132988,0.3125
0.4801468150832364,0.1800550556562137,0.438070445126133,0.6150498846488633,0.00011598605230022051,0.003852805092688129,0.3125
0.4801468150832364,0.1850565849799974,0.44022209575171384,0.6151930259561799,0.00011654384513108656,0.00385284219848527,0.3125
0.4801468150832364,0.1900581143037811,0.4402186585931988,0.6151931167994504,0.00011655954690598464,0.003852843321599246,0.3125
0.4801468150832364,0.19505964362756484,0.4376685079544518,0.6150241446434662,0.00011593375029253482,0.0038528018594240114,0.3125
0.4801468150832364,0.20006117295134854,0.43224952877568074,0.614664709382238,0.0001145833550866689,0.0038527122913943126,0.3125
0.4801468150832364,0.20506270227513224,0.4237353804777588,0.6140997678836259,0.00011244784493414492,0.0038525705958748057,0.3125
0.4801468150832364,0.21006423159891596,0.41201631787704557,0.6133220173428034,0.00010949439103034415,0.0038523745891993716,0.3125
0.4801468150832364,0.21506576092269966,0.39711244309990745,0.612332776186875,0.00010572133485587179,0.003852124157090975,0.3125
0.4801468150832364,0.22006729024648336,0.3791780451571999,0.6111422732297335,0.00010115975115652467,0.003851821358577136,0.3125
0.4801468150832364,0.22506881957026711,0.35849660798554617,0.6097693171267936,9.587296015293784e-05,0.0038514703936196755,0.3125
0.4801468150832364,0.2300703488940508,0.3354669911799746,0.6082403794735775,8.995402361968099e-05,0.0038510774365981804,0.3125
0.4801468150832364,0.23507187821783454,0.3105820862146196,0.606588177868821,8.352140807570622e-05,0.0038506503474938832,0.3125
0.4801468150832364,0.24007340754161824,0.28440184051276474,0.6048498842970552,7.67131217350354e-05,0.003850198280487163,0.3125
0.4801468150832364,0.24507493686540194,0.25752288614539054,0.6030651068169984,6.967972740048205e-05,0.0038497312153809938,0.3125
0.4801468150832364,0.25007646618918566,0.23054711581375117,0.6012737990958602,6.257670128384208e-05,0.0038492594405123296,0.3125
0.4801468150832364,0.2550779955129694,0.20405145131162905,0.5995142449505421,5.5556647975570195e-05,0.003848793016124023,0.3125
0.4801468150832364,0.2600795248367531,0.17856079585399537,0.5978212465319548,4.876189279234971e-05,0.003848341243559753,0.3125
0.4801468150832364,0.2650810541605368,0.15452579642190942,0.5962246175580839,4.231795067314624e-05,0.003847912156430141,0.3125
0.4801468150832364,0.2700825834843205,0.13230660112247247,0.5947480485845814,3.6328311101424415e-05,0.003847512032557818,0.3125
0.4801468150832364,0.27508411280810424,0.11216330557138275,0.5934083702155154,3.087087862434855e-05,0.0038471448966277927,0.3125
0.4801468150832364,0.28008564213188797,0.09425326362421212,0.5922151922812013,2.5996270976800636e-05,0.0038468119389086647,0.3125
0.4801468150832364,0.28508717145567164,0.07863491717753208,0.5911708422750876,2.1728011614005784e-05,0.003846510710887773,0.3125
0.4801468150832364,0.29008870077945537,0.0652773120841444,0.5902704656521622,1.8064478403726477e-05,0.00384623387114894,0.3125
0.4801468150832364,0.2950902301032391,0.0540740565659259,0.5895020870391184,1.4982308574471224e-05,0.003845967145415882,0.3125
0.4801468150832364,0.30009175942702276,0.04486019187925011,0.5888463719132067,1.2440835781286743e-05,0.003845686043571458,0.3125
0.4801468150832364,0.30509328875080655,0.037430321171203276,0.588275785800353,1.0387067362679788e-05,0.0038453507700102587,0.3125
0.4801468150832364,0.3100948180745902,0.031556399912325325,0.5877528438303822,8.760707566211017e-06,0.00384489872222857,0.3125
0.4801468150832364,0.31509634739837394,0.02700381989847068,0.5872272083130505,7.498792317525233e-06,0.0038442340741417407,0.3125
0.4801468150832364,0.32009787672215767,0.02354477917948141,0.586631562733185,6.539608108372937e-06,0.0038432142821341114,0.3125
0.4801468150832364,0.32509940604594134,0.02096836131832109,0.5858764980647773,5.8256994402111065e-06,0.0038416340163257203,0.3125
0.4801468150832364,0.33010093536972507,0.019087180031150515,0.5848450920774664,5.305901917722256e-06,0.003839208012906718,0.3125
0.4801468150832364,0.33510246469350885,0.01774081768362889,0.5833883808283349,4.93645133373673e-06,0.0038355555121387594,0.3125
0.4801468150832364,0.3401039940172925,0.016796555856658808,0.5813233589702976,4.6813003712867505e-06,0.0038301899208058854,0.3125
0.4801468150832364,0.34510552334107625,0.016148045886194326,0.5784352653755828,4.511820118505305e-06,0.003822517574516002,0.3125
0.4801468150832364,0.3501070526648599,0.015712603383730626,0.5744854729302419,4.406077057757837e-06,0.0038118484641420252,0.3125
0.4801468150832364,0.35510858198864365,0.01542775688137466,0.569225209089826,4.347865412725945e-06,0.0037974193900504765,0.3125
0.4801468150832364,0.3601101113124274,0.015247568722169428,0.562413779600139,4.325648466394791e-06,0.0037784267239862404,0.3125
0.4801468150832364,0.3651116406362111,0.015139107842225365,0.5538384592385089,4.331528065789389e-06,0.003754062907406149,0.3125
0.4801468150832364,0.3701131699599948,0.015079315210590137,0.5433323869425951,4.36032439983147e-06,0.003723549248847199,0.3125
0.4801468150832364,0.3751146992837785,0.015052381373957917,0.5307870859220284,4.4088123140843454e-06,0.0036861582076263065,0.3125
0.4801468150832364,0.3801162286075622,0.015047661667880656,0.5161575687975574,4.475129300523678e-06,0.0036412209023602747,0.3125
0.4801468150832364,0.3851177579313459,0.015058091193824312,0.4994598548277528,4.5583465952371165e-06,0.0035881189837638477,0.3125
0.4801468150832364,0.3901192872551297,0.015079026391421684,0.4807624115316778,4.6581799654338916e-06,0.0035262629931625384,0.3125
0.4801468150832364,0.39512081657891335,0.015107427343616744,0.46017401645288103,4.774810425950033e-06,0.003455061061399088,0.3125
0.4801468150832364,0.4001223459026971,0.015141297747411369,0.4378306859698677,4.90878537437606e-06,0.003373882160117719,0.3125
0.4801468150832364,0.40512387522648075,0.015179310911198585,0.41388384696557823,5.060974766069656e-06,0.0032820175318576832,0.3125
0.4801468150832364,0.41012540455026447,0.015220564763745737,0.38849118923623976,5.232562337852362e-06,0.003178643070613107,0.3125
0.4801468150832364,0.41512693387404825,0.015264423116675802,0.36181094702820243,5.425056481128578e-06,0.0030627849688916135,0.3125
0.4801468150832364,0.4201284631978319,0.01531041246875148,0.3339999033903906,5.640307689454217e-06,0.0029332915016562246,0.3125
0.4801468150832364,0.42512999252161565,0.015358152872730632,0.3052152528539924,5.88051828543672e-06,0.0027888160722519847,0.3125
0.4801468150832364,0.4301315218453993,0.015407307914168807,0.2756205820494326,6.1482236696060445e-06,0.00262782165148173,0.3125
0.4801468150832364,0.43513305116918305,0.015457543099524433,0.24539658948661291,6.446209759616353e-06,0.0024486262976348336,0.3125
0.4801468150832364,0.4401345804929667,0.015508484440405994,0.21475770015749596,6.7773038232775e-06,0.0022495265055717667,0.3125
0.4801468150832364,0.4451361098167505,0.015559670366411633,0.1839762980466416,7.143928856594014e-06,0.002029063792294737,0.3125
0.4801468150832364,0.45013763914053423,0.015610491276127507,0.15341650169309648,7.54723990263188e-06,0.0017865433114718557,0.3125
0.4801468150832364,0.4551391684643179,0.015660114113565198,0.12357814422193175,7.985576428516875e-06,0.0015229641060096263,0.3125
0.4801468150832364,0.4601406977881016,0.015707398968681244,0.0951462088239082,8.451947046397615e-06,0.001242531376730611,0.3125
0.4801468150832364,0.4651422271118853,0.01575083985823685,0.06902606896399448,8.930572750319192e-06,0.0009547347542471737,0.3125
0.4801468150832364,0.4701437564356691,0.01578861357847952,0.046313911211097125,9.393730748778272e-06,0.0006762453258508178,0.3125
0.4801468150832364,0.4751452857594528,0.015818887746553083,0.02811139017800951,9.802783426445175e-06,0.00043029544482288786,0.3125
0.4801468150832364,0.4801468150832365,0.01584051399567621,0.015108775533539318,1.011939765274347e-05,0.0002399313661602655,0.3125
0.4801468150832364,0.4851483444070202,0.015853865038199053,0.0070817271862934645,1.0326541330683386e-05,0.00011538955767102057,0.3125
0.4801468150832364,0.4901498737308039,0.01586093206751561,0.0028328894642355045,1.0440270239437055e-05,4.7013252976311515e-05,0.3125
0.4801468150832364,0.49515140305458766,0.015864165464162673,0.000888950531376573,1.0493529910670944e-05,1.4993125066878115e-05,0.3125
0.4801468150832364,0.5001529323783713,0.015865365868694813,0.00016728656828277625,1.0513698129695647e-05,2.868298875705065e-06,0.3125
0.9602936301664728,0.005001529323783714,0.11972599507012352,0.5939135368596193,3.2878689269339425e-05,0.003847287232605017,0.3125
0.9602936301664728,0.010003058647567427,0.10692346005170646,0.5930633170354734,2.940665927746628e-05,0.0038470566551273215,0.3125
0.9602936301664728,0.01500458797135114,0.09506815679589004,0.5922759886589365,2.6182175567437434e-05,0.0038468425131632958,0.3125
0.9602936301664728,0.020006117295134854,0.0841954146957869,0.5915539003848735,2.321694819446603e-05,0.0038466455850363237,0.3125
0.9602936301664728,0.025007646618918567,0.07432003423901196,0.5908980375822176,2.0517016134494755e-05,0.0038464662724733666,0.3125
0.9602936301664728,0.03000917594270228,0.06543764550623667,0.5903081124637946,1.8083037757095244e-05,0.003846304619869102,0.3125
0.9602936301664728,0.035010705266485996,0.05752657026235683,0.5897826876688553,1.5910741157929648e-05,0.0038461603441685985,0.3125
0.9602936301664728,0.04001223459026971,0.05055008377344576,0.5893193264040713,1.3991506116765146e-05,0.003846032873494924,0.3125
0.9602936301664728,0.04501376391405342,0.044458959076444905,0.5889147613572195,1.2313043960109362e-05,0.0038459213922826434,0.3125
0.9602936301664728,0.050015293237837134,0.03919416951653223,0.5885650741379006,1.0860138358580104e-05,0.0038458248904626553,0.3125
0.9602936301664728,0.05501682256162084,0.03468962561719049,0.5882658770150127,9.615409328524394e-06,0.0038457422141928996,0.3125
0.9602936301664728,0.06001835188540456,0.03087482980189294,0.588012489214187,8.560064439683132e-06,0.0038456721157429175,0.3125
0.9602936301664728,0.06501988120918828,0.02767734650906294,0.587800100968971,7.67460521280429e-06,0.003845613300405159,0.3125
0.9602936301664728,0.07002141053297199,0.025025004573898182,0.5876239198020002,6.939462466869313e-06,0.0038455644686878863,0.3125
0.9602936301664728,0.07502293985675569,0.02284777165350452,0.5874792950325621,6.33554133923817e-06,0.0038455243525054323,0.3125
0.9602936301664728,0.08002446918053942,0.02107926494327377,0.5873618181306364,5.844664179145506e-06,0.003845491744575323,0.3125
0.9602936301664728,0.08502599850432313,0.01965788645071385,0.5872673981309509,5.449906846468224e-06,0.0038454655207135293,0.3125
0.9602936301664728,0.09002752782810684,0.018527592849448098,0.5871923127621321,5.135830563236086e-06,0.003845444655149941,0.3125
0.9602936301664728,0.09502905715189056,0.017638328020625815,0.5871332371410344,4.888616936624022e-06,0.003845428229332294,0.3125
0.9602936301664728,0.10003058647567427,0.016946159902907276,0.5870872527693766,4.696117840308084e-06,0.003845415434929032,0.3125
0.9602936301664728,0.10503211579945798,0.01641317186161803,0.587051840121971,4.547834418722658e-06,0.003845405571863865,0.3125
0.9602936301664728,0.11003364512324168,0.016007162602593272,0.5870248583366425,4.434840630405763e-06,0.0038453980422058125,0.3125
0.9602936301664728,0.1150351744470254,0.0157012082534211,0.5870045154358388,4.349666654156037e-06,0.0038453923405918993,0.3125
0.9602936301664728,0.12003670377080912,0.015473136447781213,0.5869893321699172,4.28615640282051e-06,0.003845388041556978,0.3125
0.9602936301664728,0.12503823309459283,0.015304956048956138,0.5869781020174878,4.239311615771638e-06,0.003845384783652442,0.3125
0.9602936301664728,0.13003976241837656,0.015182278519028564,0.5869698491467973,4.205132821438841e-06,0.00384538224950136,0.3125
0.9602936301664728,0.13504129174216026,0.015093758773349026,0.5869637852534889,4.180465133957442e-06,0.0038453801398722442,0.3125
0.9602936301664728,0.14004282106594398,0.015030575389940622,0.5869592651390917,4.162854582884886e-06,0.003845378138326455,0.3125
0.9602936301664728,0.14504435038972768,0.014985962812338506,0.586955739651596,4.150418624995292e-06,0.0038453758608389312,0.3125
0.9602936301664728,0.15004587971351138,0.014954802036182302,0.5869527031161667,4.141732748488646e-06,0.003845372781793195,0.3125
0.9602936301664728,0.1550474090372951,0.01493327136910236,0.5869496305670413,4.13573369758117e-06,0.003845368123678322,0.3125
0.9602936301664728,0.16004893836107884,0.014918555216754682,0.5869458978818914,4.1316388229082895e-06,0.0038453606924670554,0.3125
0.9602936301664728,0.16505046768486253,0.014908606383043331,0.5869406752789067,4.128880373595819e-06,0.0038453486339173663,0.3125
0.9602936301664728,0.17005199700864626,0.014901955917644413,0.5869327816160086,4.1270531438011185e-06,0.0038453290780436017,0.3125
0.9602936301664728,0.17505352633242996,0.014897563902083969,0.5869204837312185,4.125873713542323e-06,0.00384529763026462,0.3125
0.9602936301664728,0.1800550556562137,0.014894704533219269,0.5869012221208872,4.125149521698842e-06,0.003845247659388352,0.3125
0.9602936301664728,0.1850565849799974,0.014892879249732314,0.5868712423264838,4.124756121807184e-06,0.003845169326604142,0.3125
0.9602936301664728,0.1900581143037811,0.014891752288688156,0.5868251116305432,4.124621148166616e-06,0.003845048298983056,0.3125
0.9602936301664728,0.19505964362756484,0.014891103822645175,0.5867551045610878,4.124713717790358e-06,0.0038448640995548946,0.3125
0.9602936301664728,0.20006117295134854,0.01489079661342265,0.5866504500193901,4.125038178212129e-06,0.0038445880683484943,0.3125
0.9602936301664728,0.20506270227513224,0.014890752857356374,0.5864964492238119,4.125631256465749e-06,0.0038441809490550394,0.3125
0.9602936301664728,0.21006423159891596,0.014890938546664746,0.5862734980655735,4.126561755352778e-06,0.003843590176580297,0.3125
0.9602936301664728,0.21506576092269966,0.014891353213104152,0.5859560793670435,4.127931976219805e-06,0.0038427470201606146,0.3125
0.9602936301664728,0.22006729024648336,0.014892023352866478,0.5855118269962356,4.129880033994095e-06,0.0038415638272905677,0.3125
0.9602936301664728,0.22506881957026711,0.01489299816999528,0.5849007988421174,4.132582196645541e-06,0.003839931700224223,0.3125
0.9602936301664728,0.2300703488940508,0.014894346544611824,0.5840751202866109,4.136254367520998e-06,0.0038377189969077945,0.3125
0.9602936301664728,0.23507187821783454,0.014896154362746078,0.5829791632317558,4.141151881792674e-06,0.0038347710559577244,0.3125
0.9602936301664728,0.24007340754161824,0.0148985215663916,0.5815503980975156,4.147566948625505e-06,0.00383091147827753,0.3125
0.9602936301664728,0.24507493686540194,0.014901558516580071,0.5797209924319532,4.155823358168441e-06,0.003825945146455951,0.3125
0.9602936301664728,0.25007646618918566,0.014905381513960942,0.5774201334513,4.166268471033469e-06,0.0038196629387482546,0.3125
0.9602936301664728,0.2550779955129694,0.014910107576118195,0.574576937197854,4.179262960515167e-06,0.0038118478330572986,0.3125
0.9602936301664728,0.2600795248367531,0.014915848797231856,0.57112369742716,4.195169195788861e-06,0.003802281852442502,0.3125
0.9602936301664728,0.2650810541605368,0.014922706774872941,0.5669991495873863,4.214339441605358e-06,0.003790753136025424,0.3125
0.9602936301664728,0.2700825834843205,0.014930767648754374,0.5621514011282529,4.237105134461581e-06,0.003777062371794472,0.3125
0.9602936301664728,0.27508411280810424,0.014940098245383539,0.5565402178171044,4.263768354726933e-06,0.003761027914552383,0.3125
0.9602936301664728,0.28008564213188797,0.014950743675755157,0.5501384490764452,4.294596285254072e-06,0.0037424891115021616,0.3125
0.9602936301664728,0.28508717145567164,0.014962726528632692,0.5429325015855536,4.32981901203734e-06,0.0037213076204134945,0.3125
0.9602936301664728,0.29008870077945537,0.014976047588785355,0.5349219005688376,4.369630581740935e-06,0.003697366770861354,0.3125
0.9602936301664728,0.2950902301032391,0.014990687832803282,0.5261180856887329,4.414192871481773e-06,0.0036705692354545463,0.3125
0.9602936301664728,0.30009175942702276,0.015006611343715977,0.5165426561743801,4.463641600476416e-06,0.003640833413886064,0.3125
0.9602936301664728,0.30509328875080655,0.015023768747730773,0.5062253030442555,4.518093732476974e-06,0.0036080889812313546,0.3125
0.9602936301664728,0.3100948180745902,0.01504210080210322,0.4952016510887009,4.577655560368806e-06,0.0035722720264402285,0.3125
0.9602936301664728,0.31509634739837394,0.015061541831847079,0.4835111921240458,4.642430889430684e-06,0.0035333201317574933,0.3125
0.9602936301664728,0.32009787672215767,0.015082022801510726,0.4711954378973544,4.712528899706509e-06,0.003491167645249554,0.3125
0.9602936301664728,0.32509940604594134,0.015103473896937437,0.45829636775270377,4.788071434115352e-06,0.003445741298715694,0.3125
0.9602936301664728,0.33010093536972507,0.015125826567667738,0.4448552006642091,4.869199602855672e-06,0.0033969562367395095,0.3125
0.9602936301664728,0.33510246469350885,0.01514901503713287,0.4309114872997354,4.956079703993519e-06,0.003344712456912902,0.3125
0.9602936301664728,0.3401039940172925,0.01517297732409222,0.4165024959666304,5.048908531853435e-06,0.0032888916181503646,0.3125
0.9602936301664728,0.34510552334107625,0.015197655837310177,0.40166285515185607,5.147918181538956e-06,0.0032293541519512856,0.3125
0.9602936301664728,0.3501070526648599,0.015222997610175464,0.3864244125452496,5.253380464331241e-06,0.003165936607616393,0.3125
0.9602936301664728,0.35510858198864365,0.015248954236920534,0.37081627347302787,5.365611029076257e-06,0.003098449174240926,0.3125
0.9602936301664728,0.3601101113124274,0.015275481560745272,0.35486498849566883,5.484973240781913e-06,0.0030266733487040987,0.3125
0.9602936301664728,0.3651116406362111,0.015302539148991042,0.3385948690431143,5.611881797554351e-06,0.002950359761029398,0.3125
0.9602936301664728,0.3701131699599948,0.015330089573003965,0.3220284204844245,5.746805963664446e-06,0.002869226230636247,0.3125
0.9602936301664728,0.3751146992837785,0.015358097491045672,0.30518689362518286,5.8902721462078455e-06,0.0027829562174093215,0.3125
0.9602936301664728,0.3801162286075622,0.015386528511318436,0.2880909684266145,6.042865322674889e-06,0.0026911979639048693,0.3125
0.9602936301664728,0.3851177579313459,0.01541534778802058,0.270761598264315,6.205228501282431e-06,0.002593564820742558,0.3125
0.9602936301664728,0.3901192872551297,0.015444518274959544,0.2532210601138105,6.378058911859747e-06,0.0024896375383349754,0.3125
0.9602936301664728,0.39512081657891335,0.015473998526929957,0.23549427668725076,6.562098904594318e-06,0.002378969741388764,0.3125
0.9602936301664728,0.4001223459026971,0.015503739897123075,0.21761050176578686,6.75811846701626e-06,0.00226109844422652,0.3125
0.9602936301664728,0.40512387522648075,0.015533682928364248,0.1996054903182461,6.966884708756813e-06,0.0021355624036024584,0.3125
0.9602936301664728,0.41012540455026447,0.015563752678599288,0.18152430949581067,7.189111430228817e-06,0.002001932448718476,0.3125
0.9602936301664728,0.41512693387404825,0.015593852664598801,0.1634249805292268,7.425378816448231e-06,0.0018598597771734683,0.3125
0.9602936301664728,0.4201284631978319,0.015623857073910084,0.14538316194984655,7.676009348786423e-06,0.001709150579730308,0.3125
0.9602936301664728,0.42512999252161565,0.015653600933364785,0.12749806150694507,7.940881633035877e-06,0.0015498779987981079,0.3125
0.9602936301664728,0.4301315218453993,0.015682868136245226,0.10989963554278517,8.219160607389423e-06,0.0013825443695721473,0.3125
0.9602936301664728,0.43513305116918305,0.015711377815579464,0.0927567825025234,8.508924717691892e-06,0.001208305413371083,0.3125
0.9602936301664728,0.4401345804929667,0.015738770840567545,0.07628546170487635,8.806687249285289e-06,0.0010292580653041158,0.3125
0.9602936301664728,0.4451361098167505,0.01576460067210597,0.06075418973629095,9.106856647245075e-06,0.0008487649635598876,0.3125
0.9602936301664728,0.45013763914053423,0.01578833682510517,0.04648195449124911,9.401281951353432e-06,0.0006717277110776856,0.3125
0.9602936301664728,0.4551391684643179,0.015809394265035265,0.033820532800522454,9.679195773179191e-06,0.0005046210240238011,0.3125
0.9602936301664728,0.4601406977881016,0.015827205062856054,0.02311139711039045,9.92804501632097e-06,0.00035499301580254006,0.3125
0.9602936301664728,0.4651422271118853,0.015841341468765622,0.014611707108491965,1.0135681709332215e-05,0.00023014766599677367,0.3125
0.9602936301664728,0.4701437564356691,0.015851670957974278,0.008401086425635643,1.0293811739931297e-05,0.0001350711131821662,0.3125
0.9602936301664728,0.4751452857594528,0.015858474539443692,0.004310503251521564,1.0401349676748912e-05,7.04147627234642e-05,0.3125
0.9602936301664728,0.4801468150832365,0.01586242987690119,0.001932445129083237,1.0465327280930278e-05,3.194956325239719e-05,0.3125
0.9602936301664728,0.4851483444070202,0.01586441967264324,0.0007361491675517117,1.0498031762262483e-05,1.2287094089269985e-05,0.3125
0.9602936301664728,0.4901498737308039,0.01586526563782277,0.00022755273903508587,1.0512100293474728e-05,3.829048804595801e-06,0.3125
0.9602936301664728,0.49515140305458766,0.015865555876443126,5.306484491278687e-05,1.0516976916721249e-05,8.97280742908048e-07,0.3125
0.9602936301664728,0.5001529323783713,0.015865627903601368,9.764263235905104e-06,1.0518200195340475e-05,1.6188178308040505e-07,0.3125
1.4404404452497095,0.005001529323783714,0.014889585500644176,0.5869505332945899,4.123527181920044e-06,0.0038453771615274087,0.3125
1.4404404452497095,0.010003058647567427,0.014889565740446664,0.5869504670656008,4.123521914166971e-06,0.003845376992383172,0.3125
1.4404404452497095,0.01500458797135114,0.014889553187215361,0.5869503592003275,4.123518821589775e-06,0.0038453767135424428,0.3125
1.4404404452497095,0.020006117295134854,0.014889545378103991,0.5869501838159622,4.1235173166866855e-06,0.003845376257665647,0.3125
1.4404404452497095,0.025007646618918567,0.014889540731371378,0.586949900448922,4.123517114945815e-06,0.003845375518984777,0.3125
1.4404404452497095,0.03000917594270228,0.014889538274835532,0.5869494463808099,4.123518189112572e-06,0.0038453743331076894,0.3125
1.4404404452497095,0.035010705266485996,0.014889537471389252,0.5869487253732469,4.123520764710173e-06,0.0038453724472879963,0.3125
1.4404404452497095,0.04001223459026971,0.014889538116006691,0.586947591350408,4.12352535548523e-06,0.0038453694772652316,0.3125
1.4404404452497095,0.04501376391405342,0.014889540287629848,0.5869458250986889,4.1235328418376965e-06,0.0038453648455119616,0.3125
1.4404404452497095,0.050015293237837134,0.014889544346193821,0.5869431014978727,4.1235445994566356e-06,0.003845357694217921,0.3125
1.4404404452497095,0.05501682256162084,0.014889550970348666,0.5869389441710513,4.123562689419687e-06,0.0038453467646275374,0.3125
1.4404404452497095,0.06001835188540456,0.014889561235551553,0.5869326637847153,4.123590124868497e-06,0.0038453302325366276,0.3125
1.4404404452497095,0.06501988120918828,0.014889576735341073,0.5869232756152608,4.123631232840396e-06,0.0038453054880236044,0.3125
1.4404404452497095,0.07002141053297199,0.014889599750838908,0.5869093915386637,4.12369213249375e-06,0.0038452688461396555,0.3125
1.4404404452497095,0.07502293985675569,0.014889633474775137,0.5868890814541577,4.1237813521783414e-06,0.0038452151747220913,0.3125
1.4404404452497095,0.08002446918053942,0.014889682296389718,0.5868596995281925,4.123910606709889e-06,0.003845137426267628,0.3125
1.4404404452497095,0.08502599850432313,0.01488975215212273,0.5868176717880711,4.124095751765009e-06,0.0038450260635522304,0.3125
1.4404404452497095,0.09002752782810684,0.014889850943707242,0.5867582437621459,4.12435792343103e-06,0.0038448683740785064,0.3125
1.4404404452497095,0.09502905715189056,0.01488998901978853,0.5866751902850392,4.124724856646225e-06,0.0038446476770651774,0.3125
1.4404404452497095,0.10003058647567427,0.014890179709338501,0.5865604943905423,4.125232356025198e-06,0.0038443424388886617,0.3125
1.4404404452497095,0.10503211579945798,0.014890439885014584,0.5864040083487305,4.12592586664362e-06,0.0038439253284885196,0.3125
1.4404404452497095,0.11003364512324168,0.01489079052280541,0.5861931170381529,4.126862062216638e-06,0.003843362262381717,0.3125
1.4404404452497095,0.1150351744470254,0.014891257211947647,0.5859124312936737,4.128110336715324e-06,0.003842611507810184,0.3125
1.4404404452497095,0.12003670377080912,0.014891870557984594,0.5855435455652181,4.129754057391449e-06,0.003841622929427473,0.3125
1.4404404452497095,0.12503823309459283,0.01489266641430178,0.5850648987588009,4.131891418300102e-06,0.0038403374762796525,0.3125
1.4404404452497095,0.13003976241837656,0.014893685876123497,0.5844517779463677,4.134635730110179e-06,0.0038386870078128423,0.3125
1.4404404452497095,0.13504129174216026,0.014894974978153615,0.5836765003005716,4.138114999884134e-06,0.003836594546873008,0.3125
1.4404404452497095,0.14004282106594398,0.014896584054267435,0.5827087982509231,4.142470696752921e-06,0.0038339750222522243,0.3125
1.4404404452497095,0.14504435038972768,0.014898566744823413,0.5815164165246555,4.147855665193326e-06,0.0038307365237744686,0.3125
1.4404404452497095,0.15004587971351138,0.014900978672103254,0.5800659087236288,4.154431231110385e-06,0.0038267820427040685,0.3125
1.4404404452497095,0.1550474090372951,0.014903875842854408,0.5783235979615438,4.1623636364735905e-06,0.0038220116158165355,0.3125
1.4404404452497095,0.16004893836107884,0.014907312873049413,0.5762566443559117,4.171820021907219e-06,0.0038163247411789492,0.3125
1.4404404452497095,0.16505046768486253,0.014911341157469137,0.5738341456454449,4.182964238910323e-06,0.0038096228962537,0.3125
1.4404404452497095,0.17005199700864626,0.014916007120175268,0.5710281891154684,4.1959528026576176e-06,0.0038018119713504627,0.3125
1.4404404452497095,0.17505352633242996,0.014921350678324055,0.567814775195119,4.210931286746011e-06,0.003792804437231216,0.3125
1.4404404452497095,0.1800550556562137,0.01492740403121609,0.5641745454561197,4.2280314142587896e-06,0.0037825210939415616,0.3125
1.4404404452497095,0.1850565849799974,0.014934190852355223,0.5600932682637584,4.247369023560701e-06,0.0037708922936229845,0.3125
1.4404404452497095,0.1900581143037811,0.014941725920389002,0.5555620605265534,4.269042995529664e-06,0.0037578585852057794,0.3125
1.4404404452497095,0.19505964362756484,0.014950015181947164,0.5505773497592613,4.293135136334847e-06,0.0037433707845566716,0.3125
1.4404404452497095,0.20006117295134854,0.014959056201868971,0.545140603233073,4.319710929538093e-06,0.0037273895219510906,0.3125
1.4404404452497095,0.20506270227513224,0.014968838928671582,0.5392578676030404,4.348821012346858e-06,0.0037098843541770155,0.3125
1.4404404452497095,0.21006423159891596,0.014979346687515376,0.5329391717759934,4.380503197280036e-06,0.0036908325487513324,0.3125
1.4404404452497095,0.21506576092269966,0.014990557309191153,0.5261978480198791,4.414784851546931e-06,0.0036702176531096045,0.3125
1.4404404452497095,0.22006729024648336,0.015002444309815337,0.5190498226107652,4.4516854577678745e-06,0.0036480279548133467,0.3125
1.4404404452497095,0.22506881957026711,0.01501497804897188,0.5115129194617641,4.491219205124299e-06,0.0036242549235065685,0.3125
1.4404404452497095,0.2300703488940508,0.015028126810776676,0.5036062101139354,4.533397493121772e-06,0.003598891705451875,0.3125
1.4404404452497095,0.23507187821783454,0.015041857769922508,0.49534943289811767,4.578231265241506e-06,0.0035719317203763284,0.3125
1.4404404452497095,0.24007340754161824,0.015056137821056779,0.48676249427839513,4.6257331226271924e-06,0.003543367390593041,0.3125
1.4404404452497095,0.24507493686540194,0.015070934263542375,0.47786505715442706,4.67591919598104e-06,0.003513189015514542,0.3125
1.4404404452497095,0.25007646618918566,0.015086215344160218,0.4686762145806872,4.7288107758280604e-06,0.003481383791456023,0.3125
1.4404404452497095,0.2550779955129694,0.015101950667616954,0.459214242969376,4.784435717128069e-06,0.0034479349671158372,0.3125
1.4404404452497095,0.2600795248367531,0.015118111489162974,0.449496426175643,4.842829644442689e-06,0.0034128211189729395,0.3125
1.4404404452497095,0.2650810541605368,0.01513467090572669,0.43953894059915405,4.904036989453757e-06,0.0033760155274809166,0.3125
1.4404404452497095,0.2700825834843205,0.015151603962318348,0.42935679122829346,4.968111894623692e-06,0.003337485633740412,0.3125
1.4404404452497095,0.27508411280810424,0.015168887689589886,0.41896378907559667,5.035119016180978e-06,0.0032971925566978133,0.3125
1.4404404452497095,0.28008564213188797,0.015186501086809957,0.40837256143061296,5.105134257237075e-06,0.003255090652347505,0.3125
1.4404404452497095,0.28508717145567164,0.015204425062484038,0.39759458757711674,5.178245458324336e-06,0.003211127098529872,0.3125
1.4404404452497095,0.29008870077945537,0.015222642342668046,0.38664025393333773,5.254553068409384e-06,0.0031652414914640917,0.3125
1.4404404452497095,0.2950902301032391,0.015241137354856703,0.37551892387698077,5.334170814716297e-06,0.0031173654429930034,0.3125
1.4404404452497095,0.30009175942702276,0.015259896093266435,0.3642390187559444,5.417226384529263e-06,0.0030674221706229483,0.3125
1.4404404452497095,0.30509328875080655,0.015278905969418756,0.3528081077370158,5.5038621264163785e-06,0.003015326075886031,0.3125
1.4404404452497095,0.3100948180745902,0.015298155650157968,0.34123300520967936,5.594235771730759e-06,0.002960982310512201,0.3125
1.4404404452497095,0.31509634739837394,0.015317634883580475,0.32951987545864375,5.6885211693297735e-06,0.0029042863346586466,0.3125
1.4404404452497095,0.32009787672215767,0.015337334311756172,0.31767434527837524,5.786909016510825e-06,0.0028451234774227595,0.3125
1.4404404452497095,0.32509940604594134,0.015357245267521257,0.3057016261668438,5.889607556224399e-06,0.002783368517645691,0.3125
1.4404404452497095,0.33010093536972507,0.015377359550924449,0.29360664875423614,5.996843193348701e-06,0.0027188853134023417,0.3125
1.4404404452497095,0.33510246469350885,0.015397669179027245,0.28139421325587893,6.1088609593491e-06,0.0026515265226832395,0.3125
1.4404404452497095,0.3401039940172925,0.015418166100563882,0.26906916105710105,6.225924722468835e-06,0.0025811334771235882,0.3125
1.4404404452497095,0.34510552334107625,0.015438841864326683,0.2566365741257347,6.34831699622617e-06,0.002507536297318266,0.3125
1.4404404452497095,0.3501070526648599,0.015459687226889922,0.2441020109041178,6.476338137681251e-06,0.0024305543751332553,0.3125
1.4404404452497095,0.35510858198864365,0.015480691681224523,0.23147178977318025,6.610304642225338e-06,0.0023499973993650444,0.3125
1.4404404452497095,0.3601101113124274,0.015501842882677431,0.21875333423721396,6.750546124883131e-06,0.002265667171317262,0.3125
1.4404404452497095,0.3651116406362111,0.015523125942450826,0.2059555977869596,6.897400417890868e-06,0.002177360553216979,0.3125
1.4404404452497095,0.3701131699599948,0.01554452255093164,0.19308959108216242,7.051205996057876e-06,0.0020848740236428247,0.3125
1.4404404452497095,0.3751146992837785,0.015566009883884735,0.18016903970709477,7.212290647496841e-06,0.001988010490885937,0.3125
1.4404404452497095,0.3801162286075622,0.015587559233836453,0.1672112071804949,7.3809549183678845e-06,0.0018865892490501394,0.3125
1.4404404452497095,0.3851177579313459,0.015609134297720484,0.15423792466612954,7.557448359554524e-06,0.001780460262798086,0.3125
1.4404404452497095,0.3901192872551297,0.01563068904204468,0.14127687473181189,7.74193598670654e-06,0.001669524337347142,0.3125
1.4404404452497095,0.39512081657891335,0.01565216506270205,0.12836317898704813,7.934451663552601e-06,0.0015537611521327746,0.3125
1.4404404452497095,0.4001223459026971,0.015673488366377112,0.11554133351577241,8.134834440184617e-06,0.001433267544296077,0.3125
1.4404404452497095,0.40512387522648075,0.015694565539386272,0.10286751262845284,8.3426434879028e-06,0.0013083086625708396,0.3125
1.4404404452497095,0.41012540455026447,0.015715279363675463,0.09041220498971793,8.557047723701553e-06,0.0011793843403450934,0.3125
1.4404404452497095,0.41512693387404825,0.015735484130006114,0.07826303172147145,8.7766885485844e-06,0.001047311634395123,0.3125
1.4404404452497095,0.4201284631978319,0.01575500124458482,0.06652738786583591,8.999520080157493e-06,0.0009133208933475724,0.3125
1.4404404452497095,0.42512999252161565,0.015773616297601246,0.05533420448242356,9.222643369415593e-06,0.0007791554371909572,0.3125
1.4404404452497095,0.4301315218453993,0.015791079605456303,0.04483362154559676,9.442172099417818e-06,0.0006471522958224038,0.3125
1.4404404452497095,0.43513305116918305,0.01580711327767767,0.03519273695865846,9.65319791197442e-06,0.0005202630253827129,0.3125
1.4404404452497095,0.4401345804929667,0.01582142871053583,0.02658508545565498,9.849957299817377e-06,0.00040195330530258457,0.3125
1.4404404452497095,0.4451361098167505,0.015833758124577494,0.019171672805256525,1.0026316943580334e-05,0.0002959110435390424,0.3125
1.4404404452497095,0.45013763914053423,0.015843900756008958,0.013073199620049174,1.017664790771495e-05,0.00020552067299845983,0.3125
1.4404404452497095,0.4551391684643179,0.01585177709945435,0.00833744639602822,1.029700451205578e-05,0.00013315429681492222,0.3125
1.4404404452497095,0.4601406977881016,0.01585747409899017,0.00491210505388565,1.0386269813813241e-05,7.948299422915136e-05,0.3125
1.4404404452497095,0.4651422271118853,0.015861256715423988,0.0026378313708444122,1.0446721128431144e-05,4.313693021486832e-05,0.3125
1.4404404452497095,0.4701437564356691,0.015863527601256342,0.0012724996149327055,1.0483562236451617e-05,2.098679550409114e-05,0.3125
1.4404404452497095,0.4751452857594528,0.015864741445513045,0.0005427090604529999,1.0503478413836236e-05,9.012725876519287e-06,0.3125
1.4404404452497095,0.4801468150832365,0.015865309648123608,0.0002010988477340498,1.0512883251893196e-05,3.3584199197728937e-06,0.3125
1.4404404452497095,0.4851483444070202,0.01586553774847962,6.396464349241341e-05,1.0516686745067335e-05,1.0717538864122542e-06,0.3125
1.4404404452497095,0.4901498737308039,0.015865613766402772,1.826343956126475e-05,1.0517963187264543e-05,3.043694143029123e-07,0.3125
1.4404404452497095,0.49515140305458766,0.01586563360971826,6.334082225074747e-06,1.051829879445179e-05,1.0260980830619665e-07,0.3125
1.4404404452497095,0.5001529323783713,0.015865637224241044,4.161159958924947e-06,1.0518360403339883e-05,6.557273337056437e-08,0.3125
1.9205872603329457,0.005001529323783714,0.014890403575825712,0.5864257746583702,4.125839807060621e-06,0.003843977114430209,0.3125
1.9205872603329457,0.010003058647567427,0.01489069240348565,0.5862520660842695,4.126613773092672e-06,0.0038435116343085675,0.3125
1.9205872603329457,0.01500458797135114,0.014891063264319458,0.5860290229280362,4.127608940376146e-06,0.003842913123919024,0.3125
1.9205872603329457,0.020006117295134854,0.014891534713922662,0.5857454864555139,4.128875913961165e-06,0.003842151150935657,0.3125
1.9205872603329457,0.025007646618918567,0.01489212802039027,0.5853886668829531,4.130472943535658e-06,0.0038411906861992896,0.3125
1.9205872603329457,0.03000917594270228,0.014892867146249366,0.5849441542875246,4.132465996647627e-06,0.0038399920598023085,0.3125
1.9205872603329457,0.035010705266485996,0.014893778610209529,0.5843960017905488,4.1349285376881055e-06,0.003838511094117514,0.3125
1.9205872603329457,0.04001223459026971,0.014894891214218454,0.5837268897365552,4.137940975737055e-06,0.003836699435949908,0.3125
1.9205872603329457,0.04501376391405342,0.014896235629680437,0.5829183745576767,4.141589765013571e-06,0.0038345050975780587,0.3125
1.9205872603329457,0.050015293237837134,0.014897843847274486,0.5819512196510988,4.145966167492724e-06,0.0038318732009239667,0.3125
1.9205872603329457,0.05501682256162084,0.0148997485066335,0.580805798486338,4.151164715798935e-06,0.003828746901924429,0.3125
1.9205872603329457,0.06001835188540456,0.014901982133878798,0.5794625531057038,4.157281442457193e-06,0.0038250684553593492,0.3125
1.9205872603329457,0.06501988120918828,0.014904576325111213,0.5779024851037233,4.164411965342909e-06,0.00382078036610797,0.3125
1.9205872603329457,0.07002141053297199,0.0149075609209921,0.576107651946126,4.172649535374756e-06,0.003815826563065146,0.3125
1.9205872603329457,0.07502293985675569,0.014910963220378203,0.5740616397868364,4.1820831587104026e-06,0.003810153528215965,0.3125
1.9205872603329457,0.08002446918053942,0.014914807279078679,0.5717499850849147,4.192795900927747e-06,0.003803711316244302,0.3125
1.9205872603329457,0.08502599850432313,0.014919113333329797,0.5691605212155421,4.2048634655188484e-06,0.0037964544091668856,0.3125
1.9205872603329457,0.09002752782810684,0.014923897377380223,0.566283632406101,4.218353115605258e-06,0.0037883423645686024,0.3125
1.9205872603329457,0.09502905715189056,0.014929170912002476,0.5631124048912424,4.233322979309446e-06,0.003779340233136958,0.3125
1.9205872603329457,0.10003058647567427,0.014934940867413428,0.5596426731970929,4.249821749347722e-06,0.003769418739153399,0.3125
1.9205872603329457,0.10503211579945798,0.014941209691590688,0.5558729669786225,4.267888759634447e-06,0.003758554234299321,0.3125
1.9205872603329457,0.11003364512324168,0.014947975584608903,0.5518043700644901,4.287554398770273e-06,0.003746728448912287,0.3125
1.9205872603329457,0.1150351744470254,0.014955232852233193,0.5474403078031812,4.30884080395337e-06,0.003733928074646605,0.3125
1.9205872603329457,0.12003670377080912,0.014962972347926673,0.5427862812569375,4.3317627697025805e-06,0.0037201442179917465,0.3125
1.9205872603329457,0.12503823309459283,0.014971181971508374,0.5378495673434364,4.3563288034190735e-06,0.003705371765520724,0.3125
1.9205872603329457,0.13003976241837656,0.014979847194431387,0.5326389029803676,4.382542263123384e-06,0.003689608699747912,0.3125
1.9205872603329457,0.13504129174216026,0.01498895158534138,0.5271641690698705,4.410402520173348e-06,0.0036728553999840993,0.3125
1.9205872603329457,0.14004282106594398,0.014998477314445978,0.5214360872306407,4.439906099770303e-06,0.0036551139565619006,0.3125
1.9205872603329457,0.14504435038972768,0.015008405620573234,0.5154659389694174,4.471047763135379e-06,0.0036363875201453526,0.3125
1.9205872603329457,0.15004587971351138,0.015018717230042765,0.5092653138306014,4.503821506172273e-06,0.003616679701263136,0.3125
1.9205872603329457,0.1550474090372951,0.015029392721203788,0.502845890217545,4.5382214593896335e-06,0.003595994029218028,0.3125
1.9205872603329457,0.16004893836107884,0.015040412832469147,0.49621925019006835,4.574242682320006e-06,0.0035743334744368156,0.3125
1.9205872603329457,0.16505046768486253,0.015051758714785538,0.48939672767172443,4.611881852415388e-06,0.0035517000342706884,0.3125
1.9205872603329457,0.17005199700864626,0.01506341213173985,0.4823892881420225,4.6511378534265135e-06,0.0035280943792337796,0.3125
1.9205872603329457,0.17505352633242996,0.015075355611988101,0.4752074369954968,4.6920122717287874e-06,0.0035035155545904717,0.3125
1.9205872603329457,0.1800550556562137,0.015087572559526231,0.4678611532487308,4.7345098111674926e-06,0.00347796073093363,0.3125
1.9205872603329457,0.1850565849799974,0.015100047327639794,0.4603598450853107,4.778638638032862e-06,0.00345142499677195,0.3125
1.9205872603329457,0.1900581143037811,0.015112765262301955,0.45271232376948795,4.824410667987062e-06,0.0034239011860180166,0.3125
1.9205872603329457,0.19505964362756484,0.015125712720459997,0.444926792658175,4.87184180640142e-06,0.0033953797334874782,0.3125
1.9205872603329457,0.20006117295134854,0.015138877068150244,0.4370108483403027,4.9209521528087835e-06,0.003365848551972574,0.3125
1.9205872603329457,0.20506270227513224,0.015152246662797672,0.4289714912847129,4.971766179198659e-06,0.003335292925041213,0.3125
1.9205872603329457,0.21006423159891596,0.015165810823439296,0.42081514374850815,5.024312890793977e-06,0.0033036954103675725,0.3125
1.9205872603329457,0.21506576092269966,0.015179559792003595,0.4125476730623352,5.078625976837464e-06,0.003271035749067712,0.3125
1.9205872603329457,0.22006729024648336,0.015193484688208131,0.4041744187525993,5.134743957831539e-06,0.00323729077716616,0.3125
1.9205872603329457,0.22506881957026711,0.015207577460114627,0.3957002222738561,5.1927103346495555e-06,0.0032024343359357325,0.3125
1.9205872603329457,0.2300703488940508,0.01522183083191933,0.38712945840375534,5.252573743982718e-06,0.0031664371784268295,0.3125
1.9205872603329457,0.23507187821783454,0.015236238250145036,0.3784660675981541,5.314388123693871e-06,0.003129266870038805,0.3125
1.9205872603329457,0.24007340754161824,0.015250793829050787,0.3697135888169588,5.378212890810005e-06,0.003090887681491341,0.3125
1.9205872603329457,0.24507493686540194,0.015265492295764658,0.36087519251591343,5.44411313406614e-06,0.00305126047304572,0.3125
1.9205872603329457,0.25007646618918566,0.015280328935379945,0.35195371366059724,5.512159822083058e-06,0.003010342569325664,0.3125
1.9205872603329457,0.2550779955129694,0.01529529953601687,0.3429516847612043,5.582430027372564e-06,0.002968087624621442,0.3125
1.9205872603329457,0.2600795248367531,0.01531040033363703,0.3338713690557316,5.6550071653623265e-06,0.002924445479163344,0.3125
1.9205872603329457,0.2650810541605368,0.015325627956197192,0.32471479409095955,5.729981246443974e-06,0.002879362007565582,0.3125
1.9205872603329457,0.2700825834843205,0.015340979366528217,0.3154837860699271,5.807449137589618e-06,0.002832778961518208,0.3125
1.9205872603329457,0.27508411280810424,0.015356451803120109,0.30618000545873053,5.887514828233877e-06,0.0027846338099165066,0.3125
1.9205872603329457,0.28008564213188797,0.015372042717770469,0.2968049844797129,5.970289692743182e-06,0.0027348595810454965,0.3125
1.9205872603329457,0.28508717145567164,0.015387749708800422,0.28736016727032676,6.055892738700331e-06,0.002683384713297707,0.3125
1.9205872603329457,0.29008870077945537,0.015403570448245198,0.27784695366509865,6.1444508261766304e-06,0.002630132923341383,0.3125
1.9205872603329457,0.2950902301032391,0.015419502601074652,0.2682667477713213,6.236098837831412e-06,0.002575023103863187,0.3125
1.9205872603329457,0.30009175942702276,0.015435543734061896,0.2586210127689078,6.330979772646576e-06,0.002517969267237829,0.3125
1.9205872603329457,0.30509328875080655,0.015451691211393146,0.24891133368438473,6.4292447268297425e-06,0.002458880557055103,0.3125
1.9205872603329457,0.3100948180745902,0.015467942073448803,0.23913949028439507,6.531052713180156e-06,0.002397661356794053,0.3125
1.9205872603329457,0.31509634739837394,0.015484292894373895,0.22930754272474255,6.636570254073574e-06,0.0023342115346397436,0.3125
1.9205872603329457,0.32009787672215767,0.015500739613039638,0.21941793319999062,6.745970661957558e-06,0.0022684268762246844,0.3125
1.9205872603329457,0.32509940604594134,0.015517277330748695,0.20947360759250372,6.859432893291348e-06,0.002200199773890845,0.3125
1.9205872603329457,0.33010093536972507,0.015533900067487238,0.19947816204871655,6.97713982519602e-06,0.0021294202631172805,0.3125
1.9205872603329457,0.33510246469350885,0.015550600466641903,0.18943602054586886,7.099275756195771e-06,0.002055977525555122,0.3125
1.9205872603329457,0.3401039940172925,0.01556736943582007,0.17935265088261576,7.2260228702735765e-06,0.0019797620154897886,0.3125
1.9205872603329457,0.34510552334107625,0.01558419570871373,0.16923482814971763,7.357556323481748e-06,0.0019006684146473615,0.3125
1.9205872603329457,0.3501070526648599,0.01560106530984354,0.15909095660220932,7.4940375107448686e-06,0.0018185996813597114,0.3125
1.9205872603329457,0.35510858198864365,0.015617960900626521,0.14893146289646214,7.635604943854301e-06,0.0017334725362548307,0.3125
1.9205872603329457,0.3601101113124274,0.01563486098180119,0.13876927570385164,7.782362018284183e-06,0.001645224818862498,0.3125
1.9205872603329457,0.3651116406362111,0.015651738924426045,0.12862040840814465,7.93436076905267e-06,0.001553825256200122,0.3125
1.9205872603329457,0.3701131699599948,0.015668561800568054,0.11850466225326446,8.091580526357086e-06,0.001459286298342129,0.3125
1.9205872603329457,0.3751146992837785,0.01568528898744732,0.10844646571370031,8.253900209842632e-06,0.0013616807793043286,0.3125
1.9205872603329457,0.3801162286075622,0.015701870528648333,0.09847585993907763,8.42106290779908e-06,0.0012611632171991498,0.3125
1.9205872603329457,0.3851177579313459,0.01571824525863396,0.08862962651435416,8.592631489927229e-06,0.0011579965060060503,0.3125
1.9205872603329457,0.3901192872551297,0.01573433874083368,0.07895252729533388,8.767934500311458e-06,0.0010525844517383152,0.3125
1.9205872603329457,0.39512081657891335,0.015750061147400286,0.06949857927496358,8.946002793814976e-06,0.000945509874062967,0.3125
1.9205872603329457,0.4001223459026971,0.015765305336337243,0.060332210694607,9.125499787026268e-06,0.0008375765462682995,0.3125
1.9205872603329457,0.40512387522648075,0.015779945575794912,0.05152902789525772,9.304652391743773e-06,0.0007298507225386318,0.3125
1.9205872603329457,0.41012540455026447,0.01579383763431581,0.04317576065377448,9.481196237372289e-06,0.0006236940695973906,0.3125
1.9205872603329457,0.41512693387404825,0.015806821279515867,0.035368759111431426,9.652357703220326e-06,0.0005207744592809006,0.3125
1.9205872603329457,0.4201284631978319,0.015818726520877482,0.028210239140369842,9.814905131089592e-06,0.0004230351566764677,0.3125
1.9205872603329457,0.42512999252161565,0.015829384995591667,0.02180143504259984,9.965308016599646e-06,0.00033259907506900406,0.3125
1.9205872603329457,0.4301315218453993,0.015838647384534645,0.01623212640156696,1.0100037513534393e-05,0.0002515880580823176,0.3125
1.9205872603329457,0.43513305116918305,0.015846406235062054,0.011566914301187472,1.0216012839805188e-05,0.00018185443895674087,0.3125
1.9205872603329457,0.4401345804929667,0.015852620849313243,0.007830256566061268,1.0311138876204804e-05,0.00012465778581284323,0.3125
1.9205872603329457,0.4451361098167505,0.015857337541413004,0.004994289068364185,1.0384801398774921e-05,8.036715174787463e-05,0.3125
1.9205872603329457,0.45013763914053423,0.015860696432789805,0.002974742851895891,1.0438129828112981e-05,4.83031443481726e-05,0.3125
1.9205872603329457,0.4551391684643179,0.015862917745433445,0.0016391893067145098,1.0473864588758085e-05,2.6817749953679057e-05,0.3125
1.9205872603329457,0.4601406977881016,0.01586426765031503,0.0008275774734665167,1.0495807554251499e-05,1.3624824345338813e-05,0.3125
1.9205872603329457,0.4651422271118853,0.015865013461372653,0.0003791754742857128,1.0508031347288136e-05,6.275538600027852e-06,0.3125
1.9205872603329457,0.4701437564356691,0.015865383892317553,0.00015646558029797094,1.051414401041911e-05,2.6004904833960766e-06,0.3125
1.9205872603329457,0.4751452857594528,0.015865547187970116,5.829069029794781e-05,1.0516854569040932e-05,9.70876085856126e-07,0.3125
1.9205872603329457,0.4801468150832365,0.015865610037261366,2.050566694578893e-05,1.0517903537254379e-05,3.402356090081761e-07,0.3125
1.9205872603329457,0.4851483444070202,0.015865630665242964,8.10430425182777e-06,1.0518249684762296e-05,1.3213466404504435e-07,0.3125
1.9205872603329457,0.4901498737308039,0.015865636230162856,4.758776072179465e-06,1.0518343585876123e-05,7.568301223407718e-08,0.3125
1.9205872603329457,0.49515140305458766,0.015865637389946046,4.061547254217136e-06,1.0518363270143482e-05,6.384938516296582e-08,0.3125
1.9205872603329457,0.5001529323783713,0.015865637556038373,3.96169913703492e-06,1.051836610655449e-05,6.214424496655917e-08,0.3125
2.400734075416182,0.005001529323783714,0.014925038438414431,0.5655976988255534,4.221750758853935e-06,0.0037862999629737245,0.3125
2.400734075416182,0.010003058647567427,0.014929674154807726,0.5628100491635377,4.23494123827851e-06,0.003778367947036921,0.3125
2.400734075416182,0.01500458797135114,0.0149346709546013,0.5598052763040925,4.249248959119587e-06,0.0037697641147624306,0.3125
2.400734075416182,0.020006117295134854,0.014940027772553328,0.5565840216896104,4.264691103864313e-06,0.0037604781361757606,0.3125
2.400734075416182,0.025007646618918567,0.014945741215143802,0.5531483266941243,4.281279687071367e-06,0.00375050278865626,0.3125
2.400734075416182,0.03000917594270228,0.014951805790666095,0.5495014942551569,4.299022033762378e-06,0.0037398336692453567,0.3125
2.400734075416182,0.035010705266485996,0.01495821416929839,0.5456479324832523,4.317921334657425e-06,0.003728468860758895,0.3125
2.400734075416182,0.04001223459026971,0.014964957459827703,0.5415929882632394,4.337977248802119e-06,0.0037164085694130445,0.3125
2.400734075416182,0.04501376391405342,0.01497202549098442,0.5373427780865789,4.3591865268036184e-06,0.0037036547500665902,0.3125
2.400734075416182,0.050015293237837134,0.014979407087136763,0.5329040222786539,4.3815436316609354e-06,0.0036902107329171577,0.3125
2.400734075416182,0.05501682256162084,0.014987090330146014,0.5282838875501312,4.405041338535919e-06,0.003676080862866176,0.3125
2.400734075416182,0.06001835188540456,0.014995062801292319,0.5234898415335618,4.42967129931478e-06,0.0036612701600594734,0.3125
2.400734075416182,0.06501988120918828,0.015003311799186831,0.5185295217604582,4.4554245621233954e-06,0.0036457840075169415,0.3125
2.400734075416182,0.07002141053297199,0.015011824531374448,0.5134106204590763,4.482292039832268e-06,0.0036296278694364446,0.3125
2.400734075416182,0.07502293985675569,0.015020588278837796,0.5081407856463435,4.510264924889779e-06,0.003612807041770947,0.3125
2.400734075416182,0.08002446918053942,0.015029590533815555,0.5027275382661985,4.539335050486156e-06,0.0035953264350769613,0.3125
2.400734075416182,0.08502599850432313,0.015038819112244186,0.49717820458608625,4.5694952000899934e-06,0.0035771903884057737,0.3125
2.400734075416182,0.09002752782810684,0.015048262242755113,0.4914998626900123,4.600739368855013e-06,0.003558402512133863,0.3125
2.400734075416182,0.09502905715189056,0.015057908634541818,0.4856993016764229,4.633062981346882e-06,0.0035389655570566892,0.3125
2.400734075416182,0.10003058647567427,0.015067747526598044,0.47978299205697705,4.666463070571249e-06,0.0035188813067505904,0.3125
2.400734075416182,0.10503211579945798,0.015077768720861988,0.4737570658316764,4.700938423485362e-06,0.0034981504900864105,0.3125
2.400734075416182,0.11003364512324168,0.015087962601724202,0.4676273047626534,4.736489698127441e-06,0.0034767727108078643,0.3125
2.400734075416182,0.1150351744470254,0.015098320144202097,0.461399135462673,4.773119517271668e-06,0.0034547463912237564,0.3125
2.400734075416182,0.12003670377080912,0.015108832912877386,0.4550776300365254,4.810832543176454e-06,0.003432068727267306,0.3125
2.400734075416182,0.12503823309459283,0.015119493053467001,0.4486675111516939,4.849635537583195e-06,0.003408735652423187,0.3125
2.400734075416182,0.13003976241837656,0.015130293278659343,0.4421731605569798,4.88953741068523e-06,0.0033847418082858303,0.3125
2.400734075416182,0.13504129174216026,0.015141226849613847,0.4355986302079551,4.9305492623437055e-06,0.0033600805197785974,0.3125
2.400734075416182,0.14004282106594398,0.015152287554303784,0.4289476552905785,4.97268441840079e-06,0.003334743773320198,0.3125
2.400734075416182,0.14504435038972768,0.015163469683678234,0.4222236685556979,5.0159584645450064e-06,0.0033087221964622922,0.3125
2.400734075416182,0.15004587971351138,0.015174768006438064,0.41542981548689895,5.060389279817784e-06,0.0032820050377423107,0.3125
2.400734075416182,0.1550474090372951,0.015186177743059779,0.4085689699202328,5.1059970715291355e-06,0.003254580145688443,0.3125
2.400734075416182,0.16004893836107884,0.0151976945395622,0.4016437498186055,5.152804413061189e-06,0.0032264339460877996,0.3125
2.400734075416182,0.16505046768486253,0.015209314441389697,0.3946565329756468,5.200836285787468e-06,0.0031975514167793258,0.3125
2.400734075416182,0.17005199700864626,0.015221033867685753,0.3876094724854091,5.250120126115987e-06,0.0031679160593657586,0.3125
2.400734075416182,0.17505352633242996,0.01523284958614099,0.3805045118661062,5.3006858784708924e-06,0.003137509867354371,0.3125
2.400734075416182,0.1800550556562137,0.015244758688528948,0.3733433997701224,5.352566054854507e-06,0.0031063132903406954,0.3125
2.400734075416182,0.1850565849799974,0.015256758566982607,0.36612770424928154,5.405795801476868e-06,0.0030743051939427883,0.3125
2.400734075416182,0.1900581143037811,0.015268846891008412,0.35885882657594975,5.460412972788199e-06,0.0030414628152837515,0.3125
2.400734075416182,0.19505964362756484,0.015281021585193946,0.3515380146474943,5.516458213103293e-06,0.0030077617139094535,0.3125
2.400734075416182,0.20006117295134854,0.015293280807523273,0.3441663760251697,5.573975045852512e-06,0.002973175718120369,0.3125
2.400734075416182,0.20506270227513224,0.01530562292817941,0.33674489068028973,5.633009970320064e-06,0.0029376768668014984,0.3125
2.400734075416182,0.21006423159891596,0.015318046508678846,0.32927442354046604,5.69361256553427e-06,0.002901235346951892,0.3125
2.400734075416182,0.21506576092269966,0.015330550281151545,0.3217557369489947,5.755835600734528e-06,0.002863819427260136,0.3125
2.400734075416182,0.22006729024648336,0.015343133127542182,0.31418950317100686,5.819735151546963e-06,0.0028253953882472994,0.3125
2.400734075416182,0.22506881957026711,0.015355794058474696,0.30657631710253247,5.885370720635311e-06,0.0027859274497196826,0.3125
2.400734075416182,0.2300703488940508,0.015368532191477876,0.2989167093637033,5.95280536113111e-06,0.0027453776965508897,0.3125
2.400734075416182,0.23507187821783454,0.01538134672822281,0.2912111599865671,6.022105800559523e-06,0.002703706004166946,0.3125
2.400734075416182,0.24007340754161824,0.015394236930364142,0.28346011294194745,6.093342562232104e-06,0.0026608699655554105,0.3125
2.400734075416182,0.24507493686540194,0.015407202093511863,0.27566399179090534,6.166590080123601e-06,0.0026168248221940553,0.3125
2.400734075416182,0.25007646618918566,0.015420241518776788,0.2678232167955457,6.241926802034829e-06,0.0025715234020250535,0.3125
2.400734075416182,0.2550779955129694,0.015433354481232302,0.25993822388359966,6.319435274291441e-06,0.002524916068533589,0.3125
2.400734075416182,0.2600795248367531,0.01544654019451733,0.25200948593406897,6.39920219924729e-06,0.0024769506861821644,0.3125
2.400734075416182,0.2650810541605368,0.015459797770655167,0.24403753693960267,6.4813184543337356e-06,0.0024275726089707742,0.3125
2.400734075416182,0.2700825834843205,0.01547312617398401,0.23602299970978366,6.5658790581672815e-06,0.0023767247008354194,0.3125
2.400734075416182,0.27508411280810424,0.015486524167875486,0.22796661791142694,6.652983065113489e-06,0.0023243473990715046,0.3125
2.400734075416182,0.28008564213188797,0.0154999902526483,0.21986929340348008,6.742733364454149e-06,0.002270378835126329,0.3125
2.400734075416182,0.28508717145567164,0.015513522592757957,0.21173213002105268,6.835236353613163e-06,0.002214755031129092,0.3125
2.400734075416182,0.29008870077945537,0.015527118930943062,0.20355648520265845,6.9306014463788835e-06,0.0021574101956484274,0.3125
2.400734075416182,0.2950902301032391,0.015540776486526887,0.19534403114596147,7.028940366230606e-06,0.0020982771486811116,0.3125
2.400734075416182,0.30009175942702276,0.015554491834485672,0.18709682752899057,7.130366161140331e-06,0.00203728791413473,0.3125
2.400734075416182,0.30509328875080655,0.01556826076119427,0.1788174082565044,7.234991858854009e-06,0.001974374528512089,0.3125
2.400734075416182,0.3100948180745902,0.015582078091922344,0.17050888519393775,7.342928659802052e-06,0.00190947012764616,0.3125
2.400734075416182,0.31509634739837394,0.015595937484171839,0.1621750724420468,7.454283537463671e-06,0.001842510389766383,0.3125
2.400734075416182,0.32009787672215767,0.015609831179817365,0.15382063538545296,7.5691560821666775e-06,0.0017734354335288212,0.3125
2.400734075416182,0.32509940604594134,0.015623749707743497,0.14545126950869597,7.68763438292932e-06,0.0017021922945217142,0.3125
2.400734075416182,0.33010093536972507,0.01563768152732818,0.1370739147841085,7.809789692336505e-06,0.0016287381335935323,0.3125
2.400734075416182,0.33510246469350885,0.01565161260179464,0.1286970122316431,7.935669561595114e-06,0.0015530443651344502,0.3125
2.400734075416182,0.3401039940172925,0.015665525889368034,0.12033080990518083,8.065289068410108e-06,0.001475101932228187,0.3125
2.400734075416182,0.34510552334107625,0.015679400739688397,0.11198772585018318,8.198619693603088e-06,0.0013949279957082275,0.3125
2.400734075416182,0.3501070526648599,0.015693212183683,0.10368277512586457,8.335575343019728e-06,0.0013125743398496907,0.3125
2.400734075416182,0.35510858198864365,0.015706930108102746,0.09543406617910426,8.475994977345055e-06,0.0012281378178181134,0.3125
2.400734075416182,0.3601101113124274,0.015720518312773987,0.08726336773958256,8.619621335751301e-06,0.00114177314596331,0.3125
2.400734075416182,0.3651116406362111,0.01573393346169796,0.07919673953807169,8.766075372401785e-06,0.0010537082759807706,0.3125
2.400734075416182,0.3701131699599948,0.015747123961866102,0.07126520647741691,8.914826349769768e-06,0.0009642623785273034,0.3125
2.400734075416182,0.3751146992837785,0.0157600288405983,0.06350543366890951,9.065158169310884e-06,0.0008738660890222995,0.3125
2.400734075416182,0.3801162286075622,0.015772576748796625,0.055960325721078605,9.216133628011923e-06,0.000783083000029067,0.3125
2.400734075416182,0.3851177579313459,0.01578468529886201,0.04867942474141724,9.366560051898137e-06,0.0006926303246504724,0.3125
2.400734075416182,0.3901192872551297,0.015796261054100688,0.041718916522620456,9.514962322937465e-06,0.0006033951126968346,0.3125
2.400734075416182,0.39512081657891335,0.015807200614090116,0.035140977633129136,9.659572662032634e-06,0.0005164403892211917,0.3125
2.400734075416182,0.4001223459026971,0.0158173933616219,0.02901212329489937,9.798350217933508e-06,0.0004329933680641431,0.3125
2.400734075416182,0.40512387522648075,0.015826726493450273,0.02340018191668927,9.929046324025962e-06,0.00035440620260744957,0.3125
2.400734075416182,0.41012540455026447,0.015835092848677165,0.018369587376572127,1.0049330894725304e-05,0.0002820799715957301,0.3125
2.400734075416182,0.41512693387404825,0.015842401639995143,0.013974925911936508,1.0156988478210858e-05,0.00021734678147353306,0.3125
2.400734075416182,0.4201284631978319,0.01584859136659591,0.010253171461598135,1.0250175739597118e-05,0.00016131493569520537,0.3125
2.400734075416182,0.42512999252161565,0.01585364296417161,0.007215778947793706,1.0327705419315156e-05,0.00011469819452558872,0.3125
2.400734075416182,0.4301315218453993,0.01585758995317175,0.00484258313860192,1.0389291924645996e-05,7.76681181395153e-05,0.3125
2.400734075416182,0.43513305116918305,0.01586052169685311,0.0030798411248250494,1.0435676433778684e-05,4.977887065253013e-05,0.3125
2.400734075416182,0.4401345804929667,0.015862576754104157,0.0018442309379405495,1.046856397162835e-05,3.0005089404039295e-05,0.3125
2.400734075416182,0.4451361098167505,0.01586392609510183,0.0010329451701152046,1.0490359399421471e-05,1.690065918846044e-05,0.3125
2.400734075416182,0.45013763914053423,0.015864749804544116,0.000537699535874023,1.050376568384797e-05,8.840279640344111e-06,0.3125
2.400734075416182,0.4551391684643179,0.015865213799960524,0.00025873131372722725,1.0511365126378601e-05,4.271258941780992e-06,0.3125
2.400734075416182,0.4601406977881016,0.015865453103396886,0.0001148566146690483,1.0515305774508614e-05,1.902049661508702e-06,0.3125
2.400734075416182,0.4651422271118853,0.015865565137121642,4.750023235288234e-05,1.0517159643991163e-05,7.874745013840911e-07,0.3125
2.400734075416182,0.4701437564356691,0.015865612266134414,1.916590998183148e-05,1.0517943074597223e-05,3.164698300779383e-07,0.3125
2.400734075416182,0.4751452857594528,0.015865629849677706,8.594683454417917e-06,1.0518236669736589e-05,1.399603597889634e-07,0.3125
2.400734075416182,0.4801468150832365,0.015865635565459266,5.158399556562145e-06,1.0518332532932683e-05,8.232812516923853e-08,0.3125
2.400734075416182,0.4851483444070202,0.01586563714331833,4.209815104339903e-06,1.0518359116946898e-05,6.634622570596035e-08,0.3125
2.400734075416182,0.4901498737308039,0.015865637499103642,3.99592507242363e-06,1.0518365139563952e-05,6.27255702282121e-08,0.3125
2.400734075416182,0.49515140305458766,0.015865637560602445,3.958953790326995e-06,1.0518366185711673e-05,6.209665963995033e-08,0.3125
2.400734075416182,0.5001529323783713,0.01586563756784841,3.954598476275146e-06,1.0518366309583557e-05,6.202219319701265e-08,0.3125
2.880880890499419,0.005001529323783714,0.01502936607370624,0.5028629366694044,4.538939182468536e-06,0.0035955659216910223,0.3125
2.880880890499419,0.010003058647567427,0.015037319321648908,0.4980804953802604,4.564915290171863e-06,0.0035799458916693588,0.3125
2.880880890499419,0.01500458797135114,0.015045423858484144,0.493207085201324,4.591667107823297e-06,0.0035638594209491457,0.3125
2.880880890499419,0.020006117295134854,0.015053672174387855,0.48824722174477675,4.619189815560303e-06,0.003547309407451757,0.3125
2.880880890499419,0.025007646618918567,0.015062057125722606,0.4832052004270811,4.64747963004521e-06,0.0035302981258069108,0.3125
2.880880890499419,0.03000917594270228,0.015070571944449617,0.4780850908117749,4.676533860009329e-06,0.0035128271939585216,0.3125
2.880880890499419,0.035010705266485996,0.015079210241711053,0.4728907344571979,4.7063509489589505e-06,0.0034948975474893124,0.3125
2.880880890499419,0.04001223459026971,0.015087966006608939,0.46762574565224696,4.736930507301844e-06,0.0034765094203062564,0.3125
2.880880890499419,0.04501376391405342,0.015096833601098487,0.46229351448818806,4.768273335946917e-06,0.003457662330452613,0.3125
2.880880890499419,0.050015293237837134,0.015105807751806031,0.45689721177953746,4.800381443221646e-06,0.0034383550699374895,0.3125
2.880880890499419,0.05501682256162084,0.015114883539474662,0.4514397954111518,4.833258056740798e-06,0.003418585697600624,0.3125
2.880880890499419,0.06001835188540456,0.015124056386639998,0.4459240177493987,4.866907631657637e-06,0.003398351534152145,0.3125
2.880880890499419,0.06501988120918828,0.015133322044044882,0.44035243381141415,4.901335856538727e-06,0.003377649158640743,0.3125
2.880880890499419,0.07002141053297199,0.015142676576218051,0.43472740993721765,4.936549657931306e-06,0.0033564744057078093,0.3125
2.880880890499419,0.07502293985675569,0.015152116346563263,0.42905113275544365,4.9725572045314156e-06,0.003334822363081304,0.3125
2.880880890499419,0.08002446918053942,0.015161638002243986,0.42332561827275555,5.009367911727326e-06,0.0033126873688437888,0.3125
2.880880890499419,0.08502599850432313,0.015171238459084913,0.4175527209524067,5.046992447166126e-06,0.003290063008085036,0.3125
2.880880890499419,0.09002752782810684,0.015180914886666189,0.41173414267708464,5.08544273788782e-06,0.003266942108611869,0.3125
2.880880890499419,0.09502905715189056,0.015190664693742528,0.40587144151660903,5.124731979480933e-06,0.003243316735442493,0.3125
2.880880890499419,0.10003058647567427,0.015200485514082169,0.39996604024287713,5.164874647633738e-06,0.0032191781838601112,0.3125
2.880880890499419,0.10503211579945798,0.01521037519279222,0.3940192345521526,5.205886512392389e-06,0.003194516970838755,0.3125
2.880880890499419,0.11003364512324168,0.01522033177317234,0.38803220097022756,5.247784655379303e-06,0.0031693228246892128,0.3125
2.880880890499419,0.1150351744470254,0.01523035348411515,0.38200600442827953,5.2905874901780615e-06,0.0031435846728007097,0.3125
2.880880890499419,0.12003670377080912,0.01524043872805773,0.3759416055075857,5.334314786051531e-06,0.0031172906273783502,0.3125
2.880880890499419,0.12503823309459283,0.01525058606947235,0.36983986735993896,5.378987695122743e-06,0.0030904279690983426,0.3125
2.880880890499419,0.13003976241837656,0.015260794223873728,0.36370156231765666,5.42462878311681e-06,0.003062983128622035,0.3125
2.880880890499419,0.13504129174216026,0.01527106204730906,0.35752737821303554,5.471262063731485e-06,0.0030349416659279176,0.3125
2.880880890499419,0.14004282106594398,0.015281388526289966,0.3513179244323167,5.518913036673681e-06,0.003006288247439391,0.3125
2.880880890499419,0.14504435038972768,0.015291772768116337,0.3450737377337033,5.5676087293672376e-06,0.002977006620944893,0.3125
2.880880890499419,0.15004587971351138,0.015302213991537656,0.33879528786298835,5.617377742303643e-06,0.0029470795883277377,0.3125
2.880880890499419,0.1550474090372951,0.01531271151768727,0.33248298300460016,5.668250297963119e-06,0.002916488976148987,0.3125
2.880880890499419,0.16004893836107884,0.01532326476122168,0.32613717510940315,5.720258293189398e-06,0.0028852156041536676,0.3125
2.880880890499419,0.16505046768486253,0.015333873221589326,0.31975816514524646,5.77343535483833e-06,0.0028532392518087145,0.3125
2.880880890499419,0.17005199700864626,0.015344536474342755,0.31334620832050647,5.827816898448688e-06,0.002820538623023493,0.3125
2.880880890499419,0.17505352633242996,0.015355254162404727,0.30690151933626325,5.883440189592923e-06,0.0027870913092592543,0.3125
2.880880890499419,0.1800550556562137,0.015366025987183386,0.3004242777286164,5.940344407451559e-06,0.0027528737513015868,0.3125
2.880880890499419,0.1850565849799974,0.01537685169942367,0.2939146333699908,5.998570710011339e-06,0.0027178612000567045,0.3125
2.880880890499419,0.1900581143037811,0.01538773108966615,0.2873727122063064,6.0581623001136616e-06,0.0026820276768368414,0.3125
2.880880890499419,0.19505964362756484,0.015398663978168985,0.28079862231726177,6.1191644913543425e-06,0.0026453459337353476,0.3125
2.880880890499419,0.20006117295134854,0.015409650204127526,0.2741924603986762,6.181624772562867e-06,0.0026077874148563687,0.3125
2.880880890499419,0.20506270227513224,0.01542068961400392,0.26755431878037056,6.2455928692435485e-06,0.0025693222193719483,0.3125
2.880880890499419,0.21006423159891596,0.015431782048748684,0.2608842931102377,6.3111207999324005e-06,0.002529919067637025,0.3125
2.880880890499419,0.21506576092269966,0.015442927329662525,0.25418249085576655,6.378262924890458e-06,0.0024895452719131852,0.3125
2.880880890499419,0.22006729024648336,0.015454125242606606,0.24744904079921523,6.447075983889775e-06,0.0024481667136523407,0.3125
2.880880890499419,0.22506881957026711,0.015465375520217118,0.24068410373245258,6.517619119020216e-06,0.0024057478297884348,0.3125
2.880880890499419,0.2300703488940508,0.015476677821722995,0.23388788459325763,6.589953877418684e-06,0.0023622516111034904,0.3125
2.880880890499419,0.23507187821783454,0.015488031709893173,0.22706064632806125,6.664144187540623e-06,0.002317639616504737,0.3125
2.880880890499419,0.24007340754161824,0.015499436624552042,0.220202725817737,6.740256301002557e-06,0.0022718720080059976,0.3125
2.880880890499419,0.24507493686540194,0.015510891852002094,0.2133145522654367,6.81835869004299e-06,0.0022249076123991717,0.3125
2.880880890499419,0.25007646618918566,0.015522396489563712,0.20639666851984503,6.898521888187063e-06,0.002176704017080428,0.3125
2.880880890499419,0.2550779955129694,0.01553394940429761,0.1994497558971674,6.980818258636545e-06,0.0021272177093399638,0.3125
2.880880890499419,0.2600795248367531,0.015545549184794354,0.1924746631721578,7.065321671105532e-06,0.002076404270708737,0.3125
2.880880890499419,0.2650810541605368,0.01555719408470222,0.18547244053692938,7.152107063101632e-06,0.0020242186407947657,0.3125
2.880880890499419,0.2700825834843205,0.01556888195641193,0.17844437947906902,7.241249855807571e-06,0.0019706154685564994,0.3125
2.880880890499419,0.27508411280810424,0.015580610173014757,0.17139205971167729,7.33282518749646e-06,0.0019155495733033164,0.3125
2.880880890499419,0.28008564213188797,0.015592375536294188,0.1643174045013113,7.42690691852188e-06,0.0018589765430601186,0.3125
2.880880890499419,0.28508717145567164,0.015604174168100763,0.15722274598889793,7.523566351027928e-06,0.0018008535044859624,0.3125
2.880880890499419,0.29008870077945537,0.015616001381979485,0.1501109023852914,7.62287059326489e-06,0.001741140106509337,0.3125
2.880880890499419,0.2950902301032391,0.015627851531382436,0.14298526924716057,7.724880482407542e-06,0.0016797997694577196,0.3125
2.880880890499419,0.30009175942702276,0.01563971783020614,0.13584992739475452,7.829647960744112e-06,0.0016168012629013079,0.3125
2.880880890499419,0.30509328875080655,0.01565159214077194,0.12870977040740506,7.937212777867275e-06,0.0015521206888027253,0.3125
2.880880890499419,0.3100948180745902,0.015663464723760265,0.12157065499747806,8.047598366208197e-06,0.001485743961771761,0.3125
2.880880890499419,0.31509634739837394,0.015675323944099366,0.11443957786975036,8.160806709642327e-06,0.0014176698948270877,0.3125
2.880880890499419,0.32009787672215767,0.015687155926540384,0.1073248828363034,8.276811996741293e-06,0.0013479140159966805,0.3125
2.880880890499419,0.32509940604594134,0.01569894415484021,0.10023650184036043,8.39555282503023e-06,0.0012765132562468846,0.3125
2.880880890499419,0.33010093536972507,0.0157106690094937,0.09318623293128735,8.516922706590546e-06,0.0012035316588606946,0.3125
2.880880890499419,0.33510246469350885,0.015722307241336695,0.0861880568003797,8.64075862900629e-06,0.0011290672581785316,0.3125
2.880880890499419,0.3401039940172925,0.0157338313828884,0.07925849075222656,8.766827465758953e-06,0.0010532602514879252,0.3125
2.880880890499419,0.34510552334107625,0.015745209107148776,0.07241697426728493,8.894810132318178e-06,0.0009763025264128769,0.3125
2.880880890499419,0.3501070526648599,0.015756402556245597,0.06568627268722374,9.024283585489705e-06,0.0008984484850782349,0.3125
2.880880890499419,0.35510858198864365,0.015767367681755642,0.059092873867839964,9.154701114655422e-06,0.0008200268951866689,0.3125
2.880880890499419,0.3601101113124274,0.0157780536668714,0.05266733559989445,9.285371937318855e-06,0.0007414531590990507,0.3125
2.880880890499419,0.3651116406362111,0.015788402539709832,0.04644451806820866,9.415441954730973e-06,0.0006632408848391385,0.3125
2.880880890499419,0.3701131699599948,0.0157983491374605,0.04046360531373638,9.543878694385308e-06,0.0005860109387590283,0.3125
2.880880890499419,0.3751146992837785,0.01580782163975778,0.034767784372443156,9.669464947234811e-06,0.0005104952690085304,0.3125
2.880880890499419,0.3801162286075622,0.01581674294692974,0.02940341633520406,9.790807235189976e-06,0.00043753181024808635,0.3125
2.880880890499419,0.3851177579313459,0.015825033213853177,0.02441851248847388,9.90636659745699e-06,0.0003680459666473,0.3125
2.880880890499419,0.3901192872551297,0.01583261382742456,0.019860342373976263,1.0014519471490913e-05,0.00030301399785793905,0.3125
2.880880890499419,0.39512081657891335,0.015839412985185847,0.01577207908389577,1.011365448660213e-05,0.00024340481040894694,0.3125
2.880880890499419,0.4001223459026971,0.015845372741885605,0.012188561971946635,1.0202305464434356e-05,0.0001900999791613921,0.3125
2.880880890499419,0.40512387522648075,0.015850456915493118,0.009131542759964445,1.0279311075501718e-05,0.00014379774388253983,0.3125
2.880880890499419,0.41012540455026447,0.015854658639676545,0.006605144506787577,1.0343978438474441e-05,0.00010491464063890959,0.3125
2.880880890499419,0.41512693387404825,0.01585800580204371,0.00459259219363533,1.0396215410365767e-05,7.350596609639063e-05,0.3125
2.880880890499419,0.4201284631978319,0.01586056243270153,0.003055378645689694,1.0436591215932594e-05,4.92293371309328e-05,0.3125
2.880880890499419,0.42512999252161565,0.015862424634611526,0.0019357125387930627,1.0466294389202586e-05,3.1369998558171755e-05,0.3125
2.880880890499419,0.4301315218453993,0.015863710975636994,0.0011622963770269033,1.0486982697579846e-05,1.8931078130419464e-05,0.3125
2.880880890499419,0.43513305116918305,0.015864549033633837,0.0006584171820054795,1.0500554247788015e-05,1.0771226454202152e-05,0.3125
2.880880890499419,0.4401345804929667,0.015865061214389048,0.0003504738722743137,1.0508896668975791e-05,5.755429041458923e-06,0.3125
2.880880890499419,0.4451361098167505,0.01586535325380555,0.00017489019574108523,1.0513677220410642e-05,2.881202800045249e-06,0.3125
2.880880890499419,0.45013763914053423,0.015865507738968825,8.200968175172428e-05,1.0516217344251148e-05,1.3540131774180844e-06,0.3125
2.880880890499419,0.4551391684643179,0.01586558309427532,3.6704604449564185e-05,1.0517461469231921e-05,6.060206655376752e-07,0.3125
2.880880890499419,0.4601406977881016,0.015865616752970397,1.646856382657879e-05,1.0518019352585349e-05,2.7061387604409187e-07,0.3125
2.880880890499419,0.4651422271118853,0.015865630404766833,8.2610179142344e-06,1.0518246490779839e-05,1.3405691436502678e-07,0.3125
2.880880890499419,0.4701437564356691,0.01586563537970225,5.270088336810797e-06,1.0518329577409661e-05,8.410524084819665e-08,0.3125
2.880880890499419,0.4751452857594528,0.015865636986073715,4.304349240460656e-06,1.051835650789985e-05,6.791481248217601e-08,0.3125
2.880880890499419,0.4801468150832365,0.015865637437035198,4.033237711545526e-06,1.0518364097523354e-05,6.335203372913952e-08,0.3125
2.880880890499419,0.4851483444070202,0.015865637544194594,3.968815912356522e-06,1.0518365908172416e-05,6.226350872633927e-08,0.3125
2.880880890499419,0.4901498737308039,0.015865637564906686,3.956365049896283e-06,1.051836625955608e-05,6.205226699610285e-08,0.3125
2.880880890499419,0.49515140305458766,0.015865637567958727,3.954529251461961e-06,1.051836631158351e-05,6.202098920394503e-08,0.3125
2.880880890499419,0.5001529323783713,0.015865637568265,3.954345697643791e-06,1.0518366316808755e-05,6.201784823801524e-08,0.3125
3.361027705582655,0.005001529323783714,0.015143633685659557,0.43415227398412726,4.94056026476418e-06,0.0033540642661497306,0.3125
3.361027705582655,0.010003058647567427,0.015151871305665143,0.429198870659578,4.9720073556583366e-06,0.0033351545424906456,0.3125
3.361027705582655,0.01500458797135114,0.015160167280446836,0.4242103787370068,5.004049931969243e-06,0.0033158867451644845,0.3125
3.361027705582655,0.020006117295134854,0.015168519663527866,0.4191879686036726,5.03669490421302e-06,0.003296256718598144,0.3125
3.361027705582655,0.025007646618918567,0.015176926660890353,0.4141327189748218,5.069949922653917e-06,0.0032762598624026655,0.3125
3.361027705582655,0.03000917594270228,0.015185386622449344,0.4090456220202643,5.103823378440606e-06,0.0032558911306896634,0.3125
3.361027705582655,0.035010705266485996,0.015193898033869254,0.40392758828509456,5.138324406149857e-06,0.0032351450305414284,0.3125
3.361027705582655,0.04001223459026971,0.015202459508736329,0.39877945139636284,5.173462887838606e-06,0.003214015619574045,0.3125
3.361027705582655,0.04501376391405342,0.01521106978109209,0.3936019725525634,5.209249458685547e-06,0.00319249650254464,0.3125
3.361027705582655,0.050015293237837134,0.015219727698327065,0.38839584479671646,5.245695514289159e-06,0.0031705808269626655,0.3125
3.361027705582655,0.05501682256162084,0.015228432214427491,0.38316169707710074,5.282813219675987e-06,0.0031482612776727904,0.3125
3.361027705582655,0.06001835188540456,0.015237182383563789,0.37790009810230424,5.32061552006287e-06,0.0031255300703830137,0.3125
3.361027705582655,0.06501988120918828,0.015245977354006835,0.37261155999943724,5.359116153408122e-06,0.0031023789441171953,0.3125
3.361027705582655,0.07002141053297199,0.01525481636235392,0.36729654178602145,5.398329664778947e-06,0.003078799152575427,0.3125
3.361027705582655,0.07502293985675569,0.015263698728044551,0.3619554526674942,5.438271422555848e-06,0.003054781454389769,0.3125
3.361027705582655,0.08002446918053942,0.015272623848145041,0.3565886551734108,5.478957636488385e-06,0.0030303161022668897,0.3125
3.361027705582655,0.08502599850432313,0.015281591192376986,0.35119646814643324,5.520405377609952e-06,0.0030053928310126436,0.3125
3.361027705582655,0.09002752782810684,0.0152906002983669,0.3457791695990281,5.562632600012953e-06,0.002980000844438295,0.3125
3.361027705582655,0.09502905715189056,0.015299650767089123,0.34033699945363305,5.605658164477045e-06,0.002954128801152293,0.3125
3.361027705582655,0.10003058647567427,0.015308742258474603,0.33487016218284427,5.649501863934102e-06,0.002927764799247639,0.3125
3.361027705582655,0.10503211579945798,0.01531787448715773,0.329378829366973,5.6941844507429705e-06,0.0029008963599011146,0.3125
3.361027705582655,0.11003364512324168,0.015327047218329837,0.32386314218736767,5.739727665731321e-06,0.002873510409909952,0.3125
3.361027705582655,0.1150351744470254,0.015336260263667521,0.31832321387470364,5.786154268947157e-06,0.002845593263200524,0.3125
3.361027705582655,0.12003670377080912,0.015345513477301374,0.31275913213301015,5.833488072038034e-06,0.0028171306013582533,0.3125
3.361027705582655,0.12503823309459283,0.015354806751788627,0.30717096156131835,5.8817539721519235e-06,0.002788107453242677,0.3125
3.361027705582655,0.13003976241837656,0.015364140014050133,0.3015587460968128,5.930977987218824e-06,0.002758508173772318,0.3125
3.361027705582655,0.13504129174216026,0.01537351322122887,0.29592251150519855,5.98118729243249e-06,0.0027283164219879556,0.3125
3.361027705582655,0.14004282106594398,0.015382926356422735,0.29026226794665916,6.0324102577002534e-06,0.0026975151385339137,0.3125
3.361027705582655,0.14504435038972768,0.015392379424239556,0.2845780126485365,6.0846764857678384e-06,0.002666086522733484,0.3125
3.361027705582655,0.15004587971351138,0.015401872446117789,0.27886973271951854,6.138016850649101e-06,0.0026340120094814055,0.3125
3.361027705582655,0.1550474090372951,0.015411405455345776,0.27313740814410115,6.192463535897976e-06,0.0026012722462308993,0.3125
3.361027705582655,0.16004893836107884,0.015420978491710013,0.26738101500117284,6.248050072145812e-06,0.002567847070423153,0.3125
3.361027705582655,0.16505046768486253,0.015430591595687316,0.2616005289562613,6.304811373187993e-06,0.002533715487789026,0.3125
3.361027705582655,0.17005199700864626,0.015440244802088136,0.25579592908406973,6.362783769732627e-06,0.0024988556520570047,0.3125
3.361027705582655,0.17505352633242996,0.015449938133042773,0.24996720208590353,6.4220050397184235e-06,0.002463244846724316,0.3125
3.361027705582655,0.1800550556562137,0.015459671590207714,0.2441143469765599,6.482514433853149e-06,0.0024268594697025745,0.3125
3.361027705582655,0.1850565849799974,0.015469445146047606,0.23823738032648595,6.544352694716649e-06,0.0023896750218333333,0.3125
3.361027705582655,0.1900581143037811,0.015479258734029184,0.23233634215877855,6.607562067395281e-06,0.002351666100496647,0.3125
3.361027705582655,0.19505964362756484,0.01548911223753316,0.2264113026166548,6.672186299153802e-06,0.00231280639981207,0.3125
3.361027705582655,0.20006117295134854,0.015499005477261511,0.22046236953604062,6.738270625092057e-06,0.0022730687192679512,0.3125
3.361027705582655,0.20506270227513224,0.015508938196877542,0.21448969708067786,6.805861736047039e-06,0.0022324249830277523,0.3125
3.361027705582655,0.21006423159891596,0.015518910046573176,0.20849349562375696,6.875007724168592e-06,0.0021908462726625295,0.3125
3.361027705582655,0.21506576092269966,0.01552892056420436,0.20247404309193243,6.945758000577356e-06,0.0021483028766720804,0.3125
3.361027705582655,0.22006729024648336,0.01553896915357319,0.19643169802513039,7.018163178271028e-06,0.0021047643609042057,0.3125
3.361027705582655,0.22506881957026711,0.015549055059361432,0.19036691465010086,7.092274911929345e-06,0.002060199664893307,0.3125
3.361027705582655,0.2300703488940508,0.015559177338131818,0.18428026031822534,7.168145684420364e-06,0.002014577230250146,0.3125
3.361027705582655,0.23507187821783454,0.015569334824712044,0.17817243572029737,7.2458285275605e-06,0.00196786516858858,0.3125
3.361027705582655,0.24007340754161824,0.015579526093152505,0.17204429836417653,7.325376661940696e-06,0.001920031478121979,0.3125
3.361027705582655,0.24507493686540194,0.015589749411307115,0.1658968898870621,7.406843037307896e-06,0.0018710443200607575,0.3125
3.361027705582655,0.25007646618918566,0.015600002687919518,0.1597314678746207,7.490279750961264e-06,0.0018208723683658433,0.3125
3.361027705582655,0.2550779955129694,0.015610283410903404,0.15354954297552695,7.575737316764315e-06,0.0017694852493341144,0.3125
3.361027705582655,0.2600795248367531,0.015620588575282372,0.14735292223393928,7.663263751536827e-06,0.0017168540910021495,0.3125
3.361027705582655,0.2650810541605368,0.015630914599002413,0.14114375971457757,7.752903438626347e-06,0.0016629522065422836,0.3125
3.361027705582655,0.2700825834843205,0.01564125722454897,0.13492461566447228,7.84469572023225e-06,0.0016077559407724773,0.3125
3.361027705582655,0.27508411280810424,0.015651611403990955,0.12869852563997353,7.938673160440224e-06,0.0015512457146822322,0.3125
3.361027705582655,0.28008564213188797,0.01566197116475817,0.12246908121996154,8.034859409902954e-06,0.0014934073095061722,0.3125
3.361027705582655,0.28508717145567164,0.01567232945314176,0.11624052411464031,8.13326659075499e-06,0.001434233439300365,0.3125
3.361027705582655,0.29008870077945537,0.0156826779522381,0.11001785564211171,8.233892107035997e-06,0.0013737256689829286,0.3125
3.361027705582655,0.2950902301032391,0.015693006870887437,0.10380696364688086,8.336714772368319e-06,0.0013118967429346518,0.3125
3.361027705582655,0.30009175942702276,0.01570330470018029,0.09761476892031527,8.441690134297004e-06,0.0012487733966730782,0.3125
3.361027705582655,0.30509328875080655,0.01571355793446449,0.09144939296734564,8.548744865987992e-06,0.0011843997293512648,0.3125
3.361027705582655,0.3100948180745902,0.01572375075468938,0.08532034842006875,8.657770094827493e-06,0.001118841215522746,0.3125
3.361027705582655,0.31509634739837394,0.015733864673678776,0.07923875234346484,8.76861355002908e-06,0.0010521894270561912,0.3125
3.361027705582655,0.32009787672215767,0.01574387814595842,0.07321756085294079,8.881070446852396e-06,0.0009845675147314185,0.3125
3.361027705582655,0.32509940604594134,0.015753766149663274,0.06727182051790637,8.994873096755193e-06,0.0009161364559157155,0.3125
3.361027705582655,0.33010093536972507,0.015763499755560635,0.06141892750834737,9.109679358990115e-06,0.0008471019988274571,0.3125
3.361027705582655,0.33510246469350885,0.015773045709250012,0.055678878810296505,9.225060253405164e-06,0.0007777221110609162,0.3125
3.361027705582655,0.3401039940172925,0.01578236606810384,0.050074490515500156,9.340487364306568e-06,0.0007083145535610156,0.3125
3.361027705582655,0.34510552334107625,0.015791417955255963,0.0446315457142088,9.455321108957099e-06,0.0006392639344028381,0.3125
3.361027705582655,0.3501070526648599,0.015800153519058245,0.039378818818943756,9.568801539537641e-06,0.0005710272387792831,0.3125
3.361027705582655,0.35510858198864365,0.015808520216519347,0.034347905051661874,9.680044083610054e-06,0.000504136388901469,0.3125
3.361027705582655,0.3601101113124274,0.01581646156916475,0.029572765832609475,9.788043435954105e-06,0.00043919590177593005,0.3125
3.361027705582655,0.3651116406362111,0.015823918560957297,0.025088888066691087,9.891689524629967e-06,0.0003768732859742202,0.3125
3.361027705582655,0.3701131699599948,0.01583083184584609,0.020931956574744382,9.98979977374264e-06,0.0003178796384839321,0.3125
3.361027705582655,0.3751146992837785,0.015837144886353096,0.01713596668353726,1.0081171301883039e-05,0.0002629382538243724,0.3125
3.361027705582655,0.3801162286075622,0.01584280803030434,0.013730772732447421,1.0164654654673232e-05,0.00021274028491252497,0.3125
3.361027705582655,0.3851177579313459,0.015847783332240625,0.010739188874373237,1.0239246699110318e-05,0.00016788888310545345,0.3125
3.361027705582655,0.3901192872551297,0.01585204964390833,0.008173928201800037,1.0304194418066278e-05,0.0001288367863074683,0.3125
3.361027705582655,0.39512081657891335,0.01585560718370409,0.00603485534774024,1.0359094521363032e-05,9.582642592371058e-05,0.3125
3.361027705582655,0.4001223459026971,0.015858480555678414,0.0043071715482995215,1.0403968302367526e-05,6.884492240325093e-05,0.3125
3.361027705582655,0.40512387522648075,0.015860719175995443,0.002961158740039476,1.0439290208971622e-05,4.7606915264178966e-05,0.3125
3.361027705582655,0.41012540455026447,0.01586239441111191,0.00195390093149588,1.046595490563785e-05,3.157437932845662e-05,0.3125
3.361027705582655,0.41512693387404825,0.01586359345119314,0.001232968560915238,1.0485181386453602e-05,2.001429025083234e-05,0.3125
3.361027705582655,0.4201284631978319,0.015864410850670797,0.0007415053550363557,1.0498370174878975e-05,1.2084494571606028e-05,0.3125
3.361027705582655,0.42512999252161565,0.015864939411370887,0.0004237101971479435,1.050694386883925e-05,6.929588696124759e-06,0.3125
3.361027705582655,0.4301315218453993,0.01586526230595499,0.00022957294100764636,1.0512205629729141e-05,3.7660035563738446e-06,0.3125
3.361027705582655,0.43513305116918305,0.01586544790398882,0.00011798501243047481,1.0515242468143142e-05,1.9401507059612963e-06,0.3125
3.361027705582655,0.4401345804929667,0.01586554786110236,5.788794388332778e-05,1.051688415869461e-05,9.531190296531397e-07,0.3125
3.361027705582655,0.4451361098167505,0.01586559807504199,2.7698185032670983e-05,1.0517711788726309e-05,4.5552888254231425e-07,0.3125
3.361027705582655,0.45013763914053423,0.01586562148547409,1.3623438724106438e-05,1.051809895657639e-05,2.2275696118340204e-07,0.3125
3.361027705582655,0.4551391684643179,0.015865631555028757,7.569511076920687e-06,1.0518266045645643e-05,1.223011319296846e-07,0.3125
3.361027705582655,0.4601406977881016,0.01586563552278428,5.184075543987143e-06,1.0518332102625568e-05,8.25873152193095e-08,0.3125
3.361027705582655,0.4651422271118853,0.01586563694247792,4.330556681109655e-06,1.051835581666174e-05,6.833044519209456e-08,0.3125
3.361027705582655,0.4701437564356691,0.015865637398623296,4.0563253775575786e-06,1.051836346138789e-05,6.373448347529287e-08,0.3125
3.361027705582655,0.4751452857594528,0.01586563752832086,3.9783532691383955e-06,1.0518365642391925e-05,6.242329059885729e-08,0.3125
3.361027705582655,0.4801468150832365,0.015865637560322464,3.9591155161928684e-06,1.0518366182363965e-05,6.209866975519813e-08,0.3125
3.361027705582655,0.4851483444070202,0.015865637566988323,3.955108136237694e-06,1.0518366295241766e-05,6.203081035092916e-08,0.3125
3.361027705582655,0.4901498737308039,0.0158656375681183,3.954431200916216e-06,1.0518366314380921e-05,6.201930602612586e-08,0.3125
3.361027705582655,0.49515140305458766,0.01586563756826347,3.95434424814017e-06,1.0518366316848733e-05,6.201782282077082e-08,0.3125
3.361027705582655,0.5001529323783713,0.015865637568279113,3.954336698898293e-06,1.051836631706548e-05,6.201769356046188e-08,0.3125
3.8411745206658914,0.005001529323783714,0.015242397458192815,0.3747645141500701,5.343765049809539e-06,0.0031116112441638946,0.3125
3.8411745206658914,0.010003058647567427,0.015250193975311636,0.3700763605432833,5.378146477707341e-06,0.0030909370893795456,0.3125
3.8411745206658914,0.01500458797135114,0.01525802323349515,0.3653685195857205,5.413084522690266e-06,0.0030699282316545362,0.3125
3.8411745206658914,0.020006117295134854,0.015265884853428969,0.3606412193500629,5.4485901301067865e-06,0.0030485780893081582,0.3125
3.8411745206658914,0.025007646618918567,0.015273778501672898,0.3558946603252768,5.484674766395829e-06,0.0030268797673214482,0.3125
3.8411745206658914,0.03000917594270228,0.015281703888021901,0.3511290170033673,5.521350430426266e-06,0.003004826050518422,0.3125
3.8411745206658914,0.035010705266485996,0.015289660762990025,0.3463444393923776,5.558629665831826e-06,0.002982409396148823,0.3125
3.8411745206658914,0.04001223459026971,0.015297648915404504,0.3415410544631641,5.596525574341565e-06,0.002959621925872262,0.3125
3.8411745206658914,0.04501376391405342,0.015305668170096392,0.3367189675378718,5.635051830101266e-06,0.0029364554171463927,0.3125
3.8411745206658914,0.050015293237837134,0.015313718385675102,0.33187826362810663,5.674222694979925e-06,0.0029129012940228255,0.3125
3.8411745206658914,0.05501682256162084,0.015321799452373039,0.3270190087309745,5.714053034851247e-06,0.002888950617356778,0.3125
3.8411745206658914,0.06001835188540456,0.01532991128994632,0.32214125109136277,5.754558336836464e-06,0.002864594074438669,0.3125
3.8411745206658914,0.06501988120918828,0.015338053845617114,0.31724502243932656,5.795754727487179e-06,0.002839821968060522,0.3125
3.8411745206658914,0.07002141053297199,0.015346227092042027,0.3123303392115282,5.8376589918823034e-06,0.0028146242050326423,0.3125
3.8411745206658914,0.07502293985675569,0.015354431025291368,0.3073972037664075,5.880288593602512e-06,0.0027889902841727434,0.3125
3.8411745206658914,0.08002446918053942,0.015362665662822038,0.3024456056031887,5.923661695535262e-06,0.0027629092837956884,0.3125
3.8411745206658914,0.08502599850432313,0.015370931041425779,0.29747552259555016,5.967797181449977e-06,0.002736369848740069,0.3125
3.8411745206658914,0.09002752782810684,0.015379227215133578,0.29248692225160255,6.012714678266688e-06,0.00270936017697784,0.3125
3.8411745206658914,0.09502905715189056,0.015387554253055978,0.28747976301283495,6.058434578921348e-06,0.0026818680058653542,0.3125
3.8411745206658914,0.10003058647567427,0.015395912237134858,0.2824539956057787,6.104978065706825e-06,0.002653880598108222,0.3125
3.8411745206658914,0.10503211579945798,0.015404301259782744,0.27740956446165066,6.152367133938937e-06,0.0026253847275309137,0.3125
3.8411745206658914,0.11003364512324168,0.01541272142138094,0.2723464092207008,6.2006246157622725e-06,0.002596366664762276,0.3125
3.8411745206658914,0.1150351744470254,0.015421172827605972,0.26726446634001616,6.249774203867578e-06,0.0025668121629744273,0.3125
3.8411745206658914,0.12003670377080912,0.01542965558654865,0.2621636708257429,6.299840474840449e-06,0.0025367064438432813,0.3125
3.8411745206658914,0.12503823309459283,0.015438169805587612,0.25704395811331604,6.350848911800479e-06,0.002506034183936015,0.3125
3.8411745206658914,0.13003976241837656,0.015446715587971966,0.25190526612226255,6.402825925915784e-06,0.002474779501774763,0.3125
3.8411745206658914,0.13504129174216026,0.015455293029063554,0.2467475375158615,6.455798876288373e-06,0.0024429259458801362,0.3125
3.8411745206658914,0.14004282106594398,0.015463902212181512,0.24157072220007192,6.509796087599409e-06,0.0024104564841620018,0.3125
3.8411745206658914,0.14504435038972768,0.015472543203983091,0.23637478010096846,6.5648468647755425e-06,0.0023773534951015227,0.3125
3.8411745206658914,0.15004587971351138,0.015481216049307252,0.23115968426577735,6.62098150378377e-06,0.002343598761261713,0.3125
3.8411745206658914,0.1550474090372951,0.015489920765393315,0.22592542433917442,6.678231297477117e-06,0.0023091734657739627,0.3125
3.8411745206658914,0.16004893836107884,0.015498657335376937,0.22067201047437338,6.736628535193547e-06,0.0022740581925812724,0.3125
3.8411745206658914,0.16505046768486253,0.015507425700949101,0.21539947774774826,6.796206494542984e-06,0.0022382329313793917,0.3125
3.8411745206658914,0.17005199700864626,0.015516225754045081,0.21010789115631834,6.856999423499328e-06,0.0022016770883878716,0.3125
3.8411745206658914,0.17505352633242996,0.01552505732741179,0.20479735129012835,6.919042510530382e-06,0.0021643695043148696,0.3125
3.8411745206658914,0.1800550556562137,0.015533920183875059,0.19946800078616428,6.982371840037571e-06,0.0021262884811558145,0.3125
3.8411745206658914,0.1850565849799974,0.015542814004101289,0.1941200316877331,7.0470243298241445e-06,0.002087411819799399,0.3125
3.8411745206658914,0.1900581143037811,0.015551738372613607,0.18875369385343593,7.113037646644404e-06,0.0020477168708145682,0.3125
3.8411745206658914,0.19505964362756484,0.015560692761783915,0.1833693045834267,7.18045009508848e-06,0.002007180601272276,0.3125
3.8411745206658914,0.20006117295134854,0.015569676513475166,0.17796725965852284,7.249300474093969e-06,0.0019657796810347837,0.3125
3.8411745206658914,0.20506270227513224,0.015578688817955568,0.17254804601992935,7.3196278942251565e-06,0.0019234905926374115,0.3125
3.8411745206658914,0.21006423159891596,0.01558772868964277,0.16711225635519678,7.3914715474762634e-06,0.0018802897697199057,0.3125
3.8411745206658914,0.21506576092269966,0.015596794939163265,0.1616606059000233,7.464870419698417e-06,0.0018361537699609844,0.3125
3.8411745206658914,0.22006729024648336,0.015605886141126754,0.1561939518164902,7.539862933769558e-06,0.0017910594896602022,0.3125
3.8411745206658914,0.22506881957026711,0.01561500059691925,0.15071331556727505,7.6164865092658675e-06,0.0017449844285316956,0.3125
3.8411745206658914,0.2300703488940508,0.015624136291703235,0.14521990877289737,7.694777021586975e-06,0.0016979070149607124,0.3125
3.8411745206658914,0.23507187821783454,0.015633290844688005,0.13971516311600754,7.77476814017046e-06,0.0016498070039692382,0.3125
3.8411745206658914,0.24007340754161824,0.015642461451588756,0.13420076494296163,7.856490521536584e-06,0.0016006659624787421,0.3125
3.8411745206658914,0.24507493686540194,0.01565164481803381,0.12867869530850584,7.939970828364476e-06,0.0015504678591875885,0.3125
3.8411745206658914,0.25007646618918566,0.015660837082508355,0.12315127631239466,8.02523054057946e-06,0.0014991997795209147,0.3125
3.8411745206658914,0.2550779955129694,0.015670033727244865,0.11762122468431858,8.112284518512074e-06,0.001446852789670034,0.3125
3.8411745206658914,0.2600795248367531,0.015679229475292922,0.1120917136793815,8.201139271635265e-06,0.001393422977679184,0.3125
3.8411745206658914,0.2650810541605368,0.015688418171844885,0.10656644444102056,8.291790879357886e-06,0.001338912703763935,0.3125
3.8411745206658914,0.2700825834843205,0.015697592647781856,0.10104972805539757,8.384222503197392e-06,0.0012833320963478393,0.3125
3.8411745206658914,0.27508411280810424,0.015706744563378672,0.09554657953661982,8.47840142298509e-06,0.0012267008343140424,0.3125
3.8411745206658914,0.28008564213188797,0.015715864230228808,0.09006282490857744,8.574275524604762e-06,0.0011690502590659256,0.3125
3.8411745206658914,0.28508717145567164,0.01572494040981079,0.08460522233274084,8.671769164766737e-06,0.0011104258611924105,0.3125
3.8411745206658914,0.29008870077945537,0.015733960087842558,0.07918159779441393,8.770778341973646e-06,0.0010508901843336185,0.3125
3.8411745206658914,0.2950902301032391,0.01574290822484451,0.07380099509462038,8.871165115849838e-06,0.000990526181014503,0.3125
3.8411745206658914,0.30009175942702276,0.015751767485392462,0.06847383865481164,8.972751244664292e-06,0.0009294410385788284,0.3125
3.8411745206658914,0.30509328875080655,0.015760517951711947,0.0632121057352408,9.075311060478953e-06,0.0008677704635246924,0.3125
3.8411745206658914,0.3100948180745902,0.01576913683193909,0.05802950185750065,9.178563682493583e-06,0.0008056833637460801,0.3125
3.8411745206658914,0.31509634739837394,0.015777598180006888,0.05294162923215038,9.282164793731053e-06,0.0007433867932689748,0.3125
3.8411745206658914,0.32009787672215767,0.01578587265317585,0.04796613254398975,9.385698387625806e-06,0.0006811309149708896,0.3125
3.8411745206658914,0.32509940604594134,0.015793927345068456,0.0431227993275509,9.488669142086971e-06,0.0006192135858269287,0.3125
3.8411745206658914,0.33010093536972507,0.015801725746704267,0.03843358336336481,9.590496406658991e-06,0.0005579839719547799,0.3125
3.8411745206658914,0.33510246469350885,0.015809227904775233,0.03392250945765519,9.69051118743731e-06,0.0004978443607822793,0.3125
3.8411745206658914,0.3401039940172925,0.015816390863296587,0.029615407810135087,9.78795795199915e-06,0.0004392490745347522,0.3125
3.8411745206658914,0.34510552334107625,0.01582316948788722,0.02553941828685242,9.882003476740556e-06,0.00038269914866516006,0.3125
3.8411745206658914,0.3501070526648599,0.015829517774686316,0.021722203263555926,9.97175518365823e-06,0.00032873130383014395,0.3125
3.8411745206658914,0.35510858198864365,0.015835390728740562,0.018190818035701616,1.0056291252430691e-05,0.00027789983704061425,0.3125
3.8411745206658914,0.3601101113124274,0.0158407468479448,0.014970217113022443,1.013470397891584e-05,0.00023075054766974186,0.3125
3.8411745206658914,0.3651116406362111,0.015845551157564097,0.012081429475274394,1.0206156122342083e-05,0.0001877868537325874,0.3125
3.8411745206658914,0.3701131699599948,0.015849778603327435,0.009539518274023124,1.0269947222131897e-05,0.00014942991440070294,0.3125
3.8411745206658914,0.3751146992837785,0.015853417440299822,0.00735154315794337,1.0325583293335514e-05,0.00011597672258156841,0.3125
3.8411745206658914,0.3801162286075622,0.015856472087077394,0.0055148442067553555,1.0372839680276858e-05,8.756231357657417e-05,0.3125
3.8411745206658914,0.3851177579313459,0.01585896481358354,0.004016027327949579,1.0411804478214695e-05,6.413366036573129e-05,0.3125
3.8411745206658914,0.3901192872551297,0.015860935671753878,0.00283100628011617,1.0442890392438405e-05,4.5442549064042296e-05,0.3125
3.8411745206658914,0.39512081657891335,0.015862440316320083,0.0019263133919186892,1.0466807293443477e-05,3.1062088206649546e-05,0.3125
3.8411745206658914,0.4001223459026971,0.015863545786725088,0.0012616361809433712,1.0484495782600363e-05,2.0426661230435214e-05,0.3125
3.8411745206658914,0.40512387522648075,0.01586432482639574,0.0007932333153457857,1.0497031696064227e-05,1.2889351207791854e-05,0.3125
3.8411745206658914,0.41012540455026447,0.015864849724686218,0.00047763741388870195,1.0505519215010455e-05,7.786213358360755e-06,0.3125
3.8411745206658914,0.41512693387404825,0.01586518680644804,0.00027496826830757093,1.0510992925892004e-05,4.495163024378869e-06,0.3125
3.8411745206658914,0.4201284631978319,0.015865392491368237,0.00015130207154827557,1.0514345594607383e-05,2.479400163526003e-06,0.3125
3.8411745206658914,0.42512999252161565,0.015865511377292293,7.98236150005102e-05,1.0516290144153309e-05,1.3102670682378432e-06,0.3125
3.8411745206658914,0.4301315218453993,0.01586557625896659,4.0814780767141836e-05,1.0517354816022412e-05,6.701537102104601e-07,0.3125
3.8411745206658914,0.43513305116918305,0.01586560957685952,2.0783225407820123e-05,1.0517903238551635e-05,3.4042816348489745e-07,0.3125
3.8411745206658914,0.4401345804929667,0.015865625614254787,1.1141223251752802e-05,1.051816801447886e-05,1.8123953771833507e-07,0.3125
3.8411745206658914,0.4451361098167505,0.015865632818585072,6.809873149614512e-06,1.051828731007078e-05,1.095172420917799e-07,0.3125
3.8411745206658914,0.45013763914053423,0.015865635823551102,5.00325820783725e-06,1.0518337215385627e-05,7.951367771124025e-08,0.3125
3.8411745206658914,0.4551391684643179,0.01586563698026586,4.3078355536730416e-06,1.0518356482126807e-05,6.79304233778669e-08,0.3125
3.8411745206658914,0.4601406977881016,0.01586563738815009,4.0626152223026925e-06,1.0518363296067784e-05,6.383388538407683e-08,0.3125
3.8411745206658914,0.4651422271118853,0.01586563751870283,3.9841272934381146e-06,1.0518365483510594e-05,6.251880708774508e-08,0.3125
3.8411745206658914,0.4701437564356691,0.015865637556195966,3.961587596215843e-06,1.0518366113580428e-05,6.214001641676156e-08,0.3125
3.8411745206658914,0.4751452857594528,0.015865637565713967,3.955866649418401e-06,1.0518366273992401e-05,6.204358020596578e-08,0.3125
3.8411745206658914,0.4801468150832365,0.01586563756780789,3.954608685335142e-06,1.0518366309375151e-05,6.20223094020218e-08,0.3125
3.8411745206658914,0.4851483444070202,0.015865637568193723,3.954375603088655e-06,1.0518366315950233e-05,6.201835579227281e-08,0.3125
3.8411745206658914,0.4901498737308039,0.015865637568257103,3.954340658193208e-06,1.0518366316942925e-05,6.201776113737286e-08,0.3125
3.8411745206658914,0.49515140305458766,0.015865637568270547,3.95433668342515e-06,1.0518366317060263e-05,6.201769327662503e-08,0.3125
3.8411745206658914,0.5001529323783713,0.015865637568279113,3.954336378549386e-06,1.0518366317074249e-05,6.201768805405147e-08,0.3125
4.321321335749128,0.005001529323783714,0.015324881987629851,0.32516568695601966,5.729751115343505e-06,0.002879512351589212,0.3125
4.321321335749128,0.010003058647567427,0.015332153024271366,0.32079351415263285,5.76622055766665e-06,0.0028575826552206304,0.3125
4.321321335749128,0.01500458797135114,0.015339448240493686,0.3164068019652044,5.803245445507026e-06,0.002835318960070584,0.3125
4.321321335749128,0.020006117295134854,0.015346767660031152,0.3120055361188,5.8408380576675335e-06,0.00281271388266564,0.3125
4.321321335749128,0.025007646618918567,0.015354111321650384,0.3075896932997273,5.879011118670345e-06,0.0027897597715149476,0.3125
4.321321335749128,0.03000917594270228,0.015361479278067051,0.30315924180706394,5.917777811651731e-06,0.00276644869935646,0.3125
4.321321335749128,0.035010705266485996,0.015368871594854668,0.2987141422085139,5.957151791741178e-06,0.0027427724551117847,0.3125
4.321321335749128,0.04001223459026971,0.015376288349338676,0.2942543480058268,5.997147199898431e-06,0.0027187225355659785,0.3125
4.321321335749128,0.04501376391405342,0.015383729629463877,0.28977980631546124,6.0377786771725115e-06,0.002694290136793329,0.3125
4.321321335749128,0.050015293237837134,0.01539119553262751,0.28529045857046664,6.079061379341386e-06,0.0026694661453544478,0.3125
4.321321335749128,0.05501682256162084,0.015398686164465486,0.28078624125025775,6.121010991877438e-06,0.0026442411292974155,0.3125
4.321321335749128,0.06001835188540456,0.015406201637580736,0.2762670866453602,6.163643745174093e-06,0.0026186053290019285,0.3125
4.321321335749128,0.06501988120918828,0.015413742070199885,0.27173292366508034,6.206976429952271e-06,0.002592548647915321,0.3125
4.321321335749128,0.07002141053297199,0.015421307584744564,0.2671836786967204,6.251026412749565e-06,0.0025660606432389215,0.3125
4.321321335749128,0.07502293985675569,0.015428898306300752,0.2626192765260461,6.295811651372413e-06,0.0025391305166367244,0.3125
4.321321335749128,0.08002446918053942,0.015436514360968122,0.25803964132965934,6.341350710168381e-06,0.002511747105052124,0.3125
4.321321335749128,0.08502599850432313,0.015444155874070421,0.2534446977513148,6.387662774945688e-06,0.0024838988717370003,0.3125
4.321321335749128,0.09002752782810684,0.015451822968203776,0.2488343720755905,6.434767667332814e-06,0.0024555738976175137,0.3125
4.321321335749128,0.09502905715189056,0.015459515761097166,0.24420859351414784,6.48268585832815e-06,0.0024267598731468245,0.3125
4.321321335749128,0.10003058647567427,0.015467234363258616,0.2395672956215373,6.531438480745066e-06,0.0023974440908224384,0.3125
4.321321335749128,0.10503211579945798,0.015474978875372468,0.23491041786005476,6.581047340194785e-06,0.002367613438582569,0.3125
4.321321335749128,0.11003364512324168,0.015482749385412982,0.23023790733552033,6.631534924185684e-06,0.0023372543943353924,0.3125
4.321321335749128,0.1150351744470254,0.015490545965432026,0.2255497207289863,6.682924408834864e-06,0.0023063530219241874,0.3125
4.321321335749128,0.12003670377080912,0.015498368667973215,0.22084582645287554,6.735239662591759e-06,0.002274894968889219,0.3125
4.321321335749128,0.12503823309459283,0.015506217522059345,0.21612620706403782,6.788505246262046e-06,0.0022428654664546476,0.3125
4.321321335749128,0.13003976241837656,0.01551409252869031,0.2113908619709869,6.842746408483241e-06,0.0022102493322504967,0.3125
4.321321335749128,0.13504129174216026,0.01552199365578099,0.2066398104779035,6.897989075646446e-06,0.002177030976374465,0.3125
4.321321335749128,0.14004282106594398,0.015529920832457675,0.2018730952143616,6.954259835068532e-06,0.0021431944115126137,0.3125
4.321321335749128,0.14504435038972768,0.01553787394261954,0.197090786007026,7.011585909995392e-06,0.0021087232679724704,0.3125
4.321321335749128,0.15004587971351138,0.01554585281765798,0.19229298425807945,7.069995124750816e-06,0.0020736008146422405,0.3125
4.321321335749128,0.1550474090372951,0.015553857228207976,0.1874798279048826,7.12951585803013e-06,0.002037809987078729,0.3125
4.321321335749128,0.16004893836107884,0.015561886874791351,0.1826514970469665,7.190176981963686e-06,0.0020013334241530713,0.3125
4.321321335749128,0.16505046768486253,0.015569941377184274,0.17780822033955812,7.2520077841301784e-06,0.0019641535149492384,0.3125
4.321321335749128,0.17005199700864626,0.015578020262319497,0.1729502822684309,7.315037869171589e-06,0.0019262524579291395,0.3125
4.321321335749128,0.17505352633242996,0.015586122950502674,0.168078031438587,7.3792970360367575e-06,0.0018876123347534278,0.3125
4.321321335749128,0.1800550556562137,0.015594248739687669,0.16319189002999623,7.444815126138291e-06,0.001848215201593358,0.3125
4.321321335749128,0.1850565849799974,0.015602396787516678,0.1582923645976016,7.511621836827728e-06,0.0018080432012984777,0.3125
4.321321335749128,0.1900581143037811,0.015610566090784182,0.15338005842035612,7.579746493553905e-06,0.0017670787004098697,0.3125
4.321321335749128,0.19505964362756484,0.015618755461932074,0.1484556856356312,7.649217772844704e-06,0.001725304455745624,0.3125
4.321321335749128,0.20006117295134854,0.015626963502122008,0.14352008743173214,7.720063366804334e-06,0.0016827038161553933,0.3125
4.321321335749128,0.20506270227513224,0.015635188570363105,0.138574250612376,7.792309578125534e-06,0.0016392609660594484,0.3125
4.321321335749128,0.21006423159891596,0.01564342874809678,0.1336193288934558,7.865980832636148e-06,0.0015949612185779114,0.3125
4.321321335749128,0.21506576092269966,0.015651681798551566,0.12865666734423106,7.941099094101798e-06,0.0015497913674373746,0.3125
4.321321335749128,0.22006729024648336,0.01565994512008898,0.12368783044200461,8.017683163362265e-06,0.001503740108432336,0.3125
4.321321335749128,0.22506881957026711,0.015668215692659283,0.11871463427059878,8.095747840866947e-06,0.0014567985430306418,0.3125
4.321321335749128,0.2300703488940508,0.01567649001637653,0.11373918345680133,8.175302928291974e-06,0.001408960778744869,0.3125
4.321321335749128,0.23507187821783454,0.015684764041121856,0.10876391350264604,8.256352041202323e-06,0.0013602246431300227,0.3125
4.321321335749128,0.24007340754161824,0.015693033085981977,0.10379163922975143,8.33889120074424e-06,0.0013105925306581803,0.3125
4.321321335749128,0.24507493686540194,0.015701291747255992,0.09882561009768003,8.422907168281631e-06,0.0012600724041697845,0.3125
4.321321335749128,0.25007646618918566,0.015709533793729025,0.09386957317948129,8.508375483013037e-06,0.0012086789749326669,0.3125
4.321321335749128,0.2550779955129694,0.015717752047942735,0.08892784455708955,8.59525815938965e-06,0.0011564350872726222,0.3125
4.321321335749128,0.2600795248367531,0.01572593825234034,0.08400538981231095,8.683500999335206e-06,0.0011033733348341152,0.3125
4.321321335749128,0.2650810541605368,0.01573408291947534,0.07910791410029706,8.773030474946472e-06,0.0010495379351205072,0.3125
4.321321335749128,0.2700825834843205,0.015742175166038673,0.07424196195295803,8.863750142145957e-06,0.0009949868860804748,0.3125
4.321321335749128,0.27508411280810424,0.015750202531383668,0.06941502640355597,8.95553655695682e-06,0.0009397944217717492,0.3125
4.321321335749128,0.28008564213188797,0.015758150782657823,0.06463566616393128,9.04823468683223e-06,0.000884053771646754,0.3125
4.321321335749128,0.28508717145567164,0.01576600371076828,0.059913628312272524,9.141652843994535e-06,0.0008278802072420427,0.3125
4.321321335749128,0.29008870077945537,0.015773742924434942,0.05525997212901648,9.235557221370598e-06,0.0007714143278011863,0.3125
4.321321335749128,0.2950902301032391,0.015781347653766563,0.05068718720279576,9.329666190831004e-06,0.0007148254887776277,0.3125
4.321321335749128,0.30009175942702276,0.015788794580382765,0.046209295570939356,9.423644635028493e-06,0.0006583152100615808,0.3125
4.321321335749128,0.30509328875080655,0.015796057718256817,0.041841923354917675,9.517098734503302e-06,0.0006021203103455966,0.3125
4.321321335749128,0.3100948180745902,0.015803108378184924,0.037602322103732475,9.609571824301355e-06,0.0005465153982403655,0.3125
4.321321335749128,0.31509634739837394,0.015809915258711286,0.03350931408926632,9.700542165644482e-06,0.0004918142116692486,0.3125
4.321321335749128,0.32009787672215767,0.015816444716474372,0.029583129704249252,9.789423731883297e-06,0.0004383691445265973,0.3125
4.321321335749128,0.32509940604594134,0.015822661277329723,0.02584510006841718,9.875571346968144e-06,0.0003865681558821672,0.3125
4.321321335749128,0.33010093536972507,0.015828528453007612,0.022317165904488477,9.958291672557946e-06,0.0003368281621068682,0.3125
4.321321335749128,0.33510246469350885,0.015834009921738917,0.019021167550808384,1.0036861515025963e-05,0.00028958402729400116,0.3125
4.321321335749128,0.3401039940172925,0.01583907110925058,0.01597789422929531,1.0110554582678495e-05,0.00024527247243721396,0.3125
4.321321335749128,0.34510552334107625,0.015843681162659128,0.013205897072817809,1.0178677023857144e-05,0.00020431070474896185,0.3125
4.321321335749128,0.3501070526648599,0.01584781524016947,0.010720112283207817,1.0240610717671447e-05,0.0001670703857240737,0.3125
4.321321335749128,0.35510858198864365,0.01585145694622294,0.008530396873683408,1.0295861395189246e-05,0.0001338486954328227,0.3125
4.321321335749128,0.3601101113124274,0.01585460063740317,0.006640142184722886,1.0344106486497627e-05,0.00010483956279863516,0.3125
4.321321335749128,0.3651116406362111,0.015857253235066676,0.005045184076839278,1.03852356505688e-05,8.010929708237659e-05,0.3125
4.321321335749128,0.3701131699599948,0.015859435143948268,0.003733250766211884,1.0419376023069017e-05,5.958140979043632e-05,0.3125
4.321321335749128,0.3751146992837785,0.015861179930870817,0.0026841562519468566,1.0446895103185474e-05,4.3034883139051955e-05,0.3125
4.321321335749128,0.3801162286075622,0.015862532585780166,0.0018708461936027935,1.0468377316535106e-05,3.0118267218443887e-05,0.3125
4.321321335749128,0.3851177579313459,0.01586354645234743,0.0012612437292562697,1.0484575291233606e-05,2.0378981324092682e-05,0.3125
4.321321335749128,0.3901192872551297,0.01586427921385242,0.0008206632621029732,1.0496342510504152e-05,1.3303811955367219e-05,0.3125
4.321321335749128,0.39512081657891335,0.015864788555792417,0.000514418519327092,1.0504558424332286e-05,8.363943173848583e-06,0.3125
4.321321335749128,0.4001223459026971,0.01586512820971859,0.00031020127563843636,1.0510058676560334e-05,5.056909193676907e-06,0.3125
4.321321335749128,0.40512387522648075,0.01586534497474943,0.00017987213262039736,1.0513581208180083e-05,2.938999402227738e-06,0.3125
4.321321335749128,0.41012540455026447,0.015865477050663605,0.00010046262807403473,1.0515734374649813e-05,1.64442600298984e-06,0.3125
4.321321335749128,0.41512693387404825,0.015865553695389157,5.438101350505997e-05,1.0516987609690355e-05,8.909348989339503e-07,0.3125
4.321321335749128,0.4201284631978319,0.015865595948873868,2.897687255930956e-05,1.0517680472461832e-05,4.7436356848888226e-07,0.3125
4.321321335749128,0.42512999252161565,0.015865618017818852,1.570842414943015e-05,1.051804335061878e-05,2.5619129793283925e-07,0.3125
4.321321335749128,0.4301315218453993,0.01586562890555703,9.162471862475286e-06,1.0518222859883625e-05,1.4826626549119856e-07,0.3125
4.321321335749128,0.43513305116918305,0.015865633962256223,6.122294760330192e-06,1.0518306453278386e-05,9.800841673152193e-08,0.3125
4.321321335749128,0.4401345804929667,0.01586563616464798,4.798188358740664e-06,1.051834295788763e-05,7.606136128743014e-08,0.3125
4.321321335749128,0.4451361098167505,0.015865637060163043,4.259797555028612e-06,1.0518357840248698e-05,6.711395784047693e-08,0.3125
4.321321335749128,0.45013763914053423,0.01586563739831127,4.056501962830744e-06,1.0518363474718212e-05,6.37264927349342e-08,0.3125
4.321321335749128,0.4551391684643179,0.01586563751614082,3.9856632757810615e-06,1.0518365443289867e-05,6.254298908700675e-08,0.3125
4.321321335749128,0.4601406977881016,0.015865637553741062,3.963058649816587e-06,1.051836607314644e-05,6.216432296273446e-08,0.3125
4.321321335749128,0.4651422271118853,0.015865637564626323,3.956515233660264e-06,1.0518366255966717e-05,6.205441366311606e-08,0.3125
4.321321335749128,0.4701437564356691,0.01586563756745051,3.954817248119957e-06,1.0518366303537366e-05,6.202581483782589e-08,0.3125
4.321321335749128,0.4751452857594528,0.01586563756809712,3.954428247297949e-06,1.0518366314465548e-05,6.2019244841124e-08,0.3125
4.321321335749128,0.4801468150832365,0.015865637568225562,3.954351145662535e-06,1.0518366316637749e-05,6.201793897999418e-08,0.3125
4.321321335749128,0.4851483444070202,0.015865637568253415,3.954338288126699e-06,1.0518366317005414e-05,6.201772059135817e-08,0.3125
4.321321335749128,0.4901498737308039,0.01586563756826198,3.954336556016524e-06,1.0518366317058082e-05,6.201769108551429e-08,0.3125
4.321321335749128,0.49515140305458766,0.015865637568270547,3.954336379285748e-06,1.0518366317068562e-05,6.201768806606983e-08,0.3125
4.321321335749128,0.5001529323783713,0.015865637568279113,3.95433636714648e-06,1.0518366317074566e-05,6.201768785805131e-08,0.3125
4.801468150832364,0.005001529323783714,0.015394134114268486,0.28352364900006183,6.095805455719029e-06,0.0026593987796295253,0.3125
4.801468150832364,0.010003058647567427,0.015400920705754566,0.2794427802729759,6.133986155206271e-06,0.0026364400863311743,0.3125
4.801468150832364,0.01500458797135114,0.015407727647667962,0.2753496746326306,6.172730360038714e-06,0.002613142547743105,0.3125
4.801468150832364,0.020006117295134854,0.015414555056660185,0.2712442619352564,6.21205078170145e-06,0.0025894985202307907,0.3125
4.801468150832364,0.025007646618918567,0.015421403052686055,0.26712647005114737,6.2519605316875406e-06,0.002565500119629531,0.3125
4.801468150832364,0.03000917594270228,0.01542827175814358,0.2629962253816814,6.292473131982281e-06,0.002541139214940175,0.3125
4.801468150832364,0.035010705266485996,0.015435161296952219,0.2588534534137304,6.3336025255403405e-06,0.002516407422029251,0.3125
4.801468150832364,0.04001223459026971,0.015442071793558797,0.25469807931722466,6.375363086678431e-06,0.0024912960973798018,0.3125
4.801468150832364,0.04501376391405342,0.015449003371861673,0.2505300285923002,6.417769631292215e-06,0.002465796331948055,0.3125
4.801468150832364,0.050015293237837134,0.015455956154040126,0.24634922777326926,6.460837426787419e-06,0.00243989894519199,0.3125
4.801468150832364,0.05501682256162084,0.01546293025927526,0.24215560519741536,6.504582201595662e-06,0.002413594479349431,0.3125
4.801468150832364,0.06001835188540456,0.015469925802349354,0.23794909184768198,6.549020154122147e-06,0.0023868731940581388,0.3125
4.801468150832364,0.06501988120918828,0.015476942892104342,0.23372962227935476,6.594167960943411e-06,0.002359725061426638,0.3125
4.801468150832364,0.07002141053297199,0.015483981629742207,0.2294971356420989,6.64004278404297e-06,0.0023321397616837287,0.3125
4.801468150832364,0.07502293985675569,0.015491042106945683,0.22525157681034927,6.68666227683161e-06,0.0023041066795589926,0.3125
4.801468150832364,0.08002446918053942,0.015498124403793787,0.22099289763638583,6.734044588658217e-06,0.002275614901570763,0.3125
4.801468150832364,0.08502599850432313,0.015505228586446512,0.2167210583427568,6.782208367461256e-06,0.0022466532144324253,0.3125
4.801468150832364,0.09002752782810684,0.015512354704566838,0.2124360290725585,6.831172760152901e-06,0.002217210104822199,0.3125
4.801468150832364,0.09502905715189056,0.015519502788444814,0.2081377916187879,6.8809574102546886e-06,0.0021872737608056585,0.3125
4.801468150832364,0.10003058647567427,0.01552667284578392,0.2038263413568831,6.9315824522195934e-06,0.0021568320752509682,0.3125
4.801468150832364,0.10503211579945798,0.015533864858103414,0.19950168940783194,6.983068501777379e-06,0.002125872651635317,0.3125
4.801468150832364,0.11003364512324168,0.01554107877670627,0.1951638650631573,7.035436641524719e-06,0.0020943828127112695,0.3125
4.801468150832364,0.1150351744470254,0.015548314518151491,0.19081291850746315,7.088708400844511e-06,0.0020623496125829746,0.3125
4.801468150832364,0.12003670377080912,0.015555571959163858,0.18644892387922674,7.142905729082431e-06,0.0020297598528371385,0.3125
4.801468150832364,0.12503823309459283,0.01556285093090393,0.18207198271666752,7.19805096071751e-06,0.0019966001034885557,0.3125
4.801468150832364,0.13003976241837656,0.015570151212508437,0.17768222784195545,7.254166771047207e-06,0.001962856729629458,0.3125
4.801468150832364,0.13504129174216026,0.01557747252380028,0.17327982774498857,7.31127612064836e-06,0.0019285159248286555,0.3125
4.801468150832364,0.14004282106594398,0.015584814517050951,0.16886499153699033,7.3694021865698535e-06,0.001893563752509385,0.3125
4.801468150832364,0.14504435038972768,0.015592176767661678,0.16443797455439188,7.428568277858942e-06,0.00185798619674819,0.3125
4.801468150832364,0.15004587971351138,0.015599558763608691,0.15999908470534452,7.488797732603964e-06,0.0018217692241884055,0.3125
4.801468150832364,0.1550474090372951,0.01560695989347849,0.15554868966506283,7.550113793183788e-06,0.001784898859059546,0.3125
4.801468150832364,0.16004893836107884,0.015614379432887815,0.15108722504155,7.612539455840862e-06,0.0017473612736362814,0.3125
4.801468150832364,0.16505046768486253,0.01562181652905882,0.14661520365148648,7.676097290019705e-06,0.001709142896879445,0.3125
4.801468150832364,0.17005199700864626,0.015629270183280607,0.14213322606623882,7.74080922212591e-06,0.001670230544471847,0.3125
4.801468150832364,0.17505352633242996,0.01563673923095531,0.1376419926113294,7.806696277444519e-06,0.0016306115740151418,0.3125
4.801468150832364,0.1800550556562137,0.015644222318877805,0.13314231702866353,7.873778272892512e-06,0.0015902740697918874,0.3125
4.801468150832364,0.1850565849799974,0.015651717879353745,0.12863514204039084,7.942073452046367e-06,0.001549207062239972,0.3125
4.801468150832364,0.1900581143037811,0.015659224100704104,0.1241215570854823,8.011598052475891e-06,0.0015074007881341004,0.3125
4.801468150832364,0.19505964362756484,0.015666738893646424,0.11960281853590188,8.082365793796525e-06,0.0014648469984423081,0.3125
4.801468150832364,0.20006117295134854,0.01567425985297884,0.11508037273730207,8.15438727303152e-06,0.0014215393219206807,0.3125
4.801468150832364,0.20506270227513224,0.01568178421392692,0.11055588225914174,8.227669251840923e-06,0.0013774736937326268,0.3125
4.801468150832364,0.21006423159891596,0.015689308802446563,0.10603125577928134,8.302213817946716e-06,0.0013326488597186635,0.3125
4.801468150832364,0.21506576092269966,0.015696829978712745,0.10150868206597596,8.378017400703425e-06,0.0012870669683736845,0.3125
4.801468150832364,0.22006729024648336,0.015704343572972148,0.09699066855190387,8.455069618312788e-06,0.0012407342640624952,0.3125
4.801468150832364,0.22506881957026711,0.01571184481290356,0.09248008501459333,8.533351931799396e-06,0.0011936618964361525,0.3125
4.801468150832364,0.2300703488940508,0.015719328241632087,0.0879802128769247,8.612836078777922e-06,0.0011458668622663117,0.3125
4.801468150832364,0.23507187821783454,0.015726787625598385,0.08349480060797725,8.693482258601601e-06,0.0010973730967808425,0.3125
4.801468150832364,0.24007340754161824,0.015734215851622962,0.07902812562145026,8.775237040203927e-06,0.001048212731750973,0.3125
4.801468150832364,0.24507493686540194,0.015741604812762794,0.07458506291255507,8.858030965583619e-06,0.0009984275365937506,0.3125
4.801468150832364,0.25007646618918566,0.01574894528299624,0.07017116041308927,8.941775826501802e-06,0.0009480705559767963,0.3125
4.801468150832364,0.2550779955129694,0.015756226781446545,0.06579272063636991,9.026361601016865e-06,0.0008972079519643654,0.3125
4.801468150832364,0.2600795248367531,0.015763437427867896,0.061456887575472234,9.11165305192902e-06,0.0008459210494544658,0.3125
4.801468150832364,0.2650810541605368,0.015770563792572787,0.05717173694326798,9.197486013567858e-06,0.0007943085690063985,0.3125
4.801468150832364,0.2700825834843205,0.015777590746006008,0.052946366623416764,9.283663429740275e-06,0.000742489009276874,0.3125
4.801468150832364,0.27508411280810424,0.015784501315913427,0.04879098255248441,9.369951257698452e-06,0.0006906031099864768,0.3125
4.801468150832364,0.28008564213188797,0.015791276563644725,0.044716973093927234,9.45607442451464e-06,0.0006388162833247397,0.3125
4.801468150832364,0.28508717145567164,0.015797895495662205,0.04073696223884303,9.541713116637004e-06,0.0005873208449419546,0.3125
4.801468150832364,0.29008870077945537,0.015804335031792634,0.03686482868187947,9.626499802332055e-06,0.0005363378041579324,0.3125
4.801468150832364,0.2950902301032391,0.01581057005795153,0.03311567409723306,9.710017528167369e-06,0.0004861178879615689,0.3125
4.801468150832364,0.30009175942702276,0.015816573597454253,0.029505720101173725,9.791800185941306e-06,0.0004369413800218045,0.3125
4.801468150832364,0.30509328875080655,0.015822317140568094,0.026052110055272033,9.871335596198006e-06,0.00038911626590100245,0.3125
4.801468150832364,0.3100948180745902,0.015827771174957123,0.022772590064773102,9.948072364447835e-06,0.0003429741095453143,0.3125
4.801468150832364,0.31509634739837394,0.015832905957614826,0.01968504476273006,1.0021431483956616e-05,0.000298863075482168,0.3125
4.801468150832364,0.32009787672215767,0.015837692558547896,0.01680686968647991,1.0090823514189865e-05,0.0002571375982513174,0.3125
4.801468150832364,0.32509940604594134,0.015842104184312384,0.01415417538118003,1.0155671776829675e-05,0.0002181444334536845,0.3125
4.801468150832364,0.33010093536972507,0.01584611775264162,0.011740840531765138,1.0215441313124725e-05,0.00018220524466403822,0.3125
4.801468150832364,0.33510246469350885,0.01584971563733583,0.009577462739105097,1.0269672316045397e-05,0.00014959650002007184,0.3125
4.801468150832364,0.3401039940172925,0.015852887439353466,0.007670293574052857,1.0318015462552036e-05,0.00012052822689293426,0.3125
4.801468150832364,0.34510552334107625,0.01585563157638925,0.00602028281882016,1.036026523909853e-05,9.512397405253106e-05,0.3125
4.801468150832364,0.3501070526648599,0.0158579564370792,0.004622384545325055,1.039638634148827e-05,7.340493914595885e-05,0.3125
4.801468150832364,0.35510858198864365,0.015859880839864084,0.0034652813437423442,1.0426527994313603e-05,5.528136095795951e-05,0.3125
4.801468150832364,0.3601101113124274,0.015861433590522497,0.0025316505452360324,1.0451021974996572e-05,4.0553710604417224e-05,0.3125
4.801468150832364,0.3651116406362111,0.01586265205359831,0.0017990233865415029,1.0470362375753693e-05,2.892486371251118e-05,0.3125
4.801468150832364,0.3701131699599948,0.015863579825994935,0.001241184007688741,1.0485168378940365e-05,2.0022486071904222e-05,0.3125
4.801468150832364,0.3751146992837785,0.01586426378557294,0.000829944198807228,1.0496134771613665e-05,1.3428790617239074e-05,0.3125
4.801468150832364,0.3801162286075622,0.015864750928459806,0.0005370451206384941,1.050397754483692e-05,8.713248637823503e-06,0.3125
4.801468150832364,0.3851177579313459,0.015865085456885298,0.0003359083145832592,1.0509382828507932e-05,5.463294106476342e-06,0.3125
4.801468150832364,0.3901192872551297,0.015865306514496275,0.00020299733612229453,1.0512966279400307e-05,3.308741637952377e-06,0.3125
4.801468150832364,0.39512081657891335,0.015865446808230356,0.00011864628295614812,1.051524727133236e-05,1.9373036025865146e-06,0.3125
4.801468150832364,0.4001223459026971,0.015865532157279743,6.733087588308363e-05,1.0516638781618328e-05,1.1006692465046528e-06,0.3125
4.801468150832364,0.40512387522648075,0.01586558183208575,3.7464526816631164e-05,1.0517450799483906e-05,6.124535856338654e-07,0.3125
4.801468150832364,0.41012540455026447,0.01586560943529968,2.0868562515783225e-05,1.0517903165646506e-05,3.4047600870411383e-07,0.3125
4.801468150832364,0.41512693387404825,0.015865624047419348,1.2083335961961512e-05,1.0518143224882771e-05,1.9614544969672936e-07,0.3125
4.801468150832364,0.4201284631978319,0.015865631398492015,7.663690913700044e-06,1.0518264288656308e-05,1.233589250820539e-07,0.3125
4.801468150832364,0.42512999252161565,0.01586563490365562,5.556315362929643e-06,1.0518322154234631e-05,8.856895995187425e-08,0.3125
4.801468150832364,0.4301315218453993,0.01586563648298895,4.6067945215999285e-06,1.0518348289632044e-05,7.285593724688494e-08,0.3125
4.801468150832364,0.43513305116918305,0.01586563715310633,4.203911617478767e-06,1.0518359405607844e-05,6.617288015111823e-08,0.3125
4.801468150832364,0.4401345804929667,0.015865637419801324,4.043572091230793e-06,1.0518363840201806e-05,6.350676800607596e-08,0.3125
4.801468150832364,0.4451361098167505,0.015865637518897614,3.983994697524829e-06,1.051836549194213e-05,6.251373584577775e-08,0.3125
4.801468150832364,0.45013763914053423,0.015865637553089246,3.9634387970531946e-06,1.0518366063221444e-05,6.217028324016187e-08,0.3125
4.801468150832364,0.4551391684643179,0.015865637563973457,3.956895654617751e-06,1.051836624550912e-05,6.20606930619192e-08,0.3125
4.801468150832364,0.4601406977881016,0.015865637567146255,3.954989210102214e-06,1.0518366298752767e-05,6.202868401289302e-08,0.3125
4.801468150832364,0.4651422271118853,0.01586563756798664,3.954485631759403e-06,1.0518366312853241e-05,6.202020804552344e-08,0.3125
4.801468150832364,0.4701437564356691,0.015865637568185466,3.954366485209444e-06,1.0518366316198107e-05,6.201819761341248e-08,0.3125
4.801468150832364,0.4751452857594528,0.015865637568229375,3.954341621592569e-06,1.0518366316899143e-05,6.201777701110744e-08,0.3125
4.801468150832364,0.4801468150832365,0.01586563756824485,3.954337137568951e-06,1.0518366317031011e-05,6.201770096277406e-08,0.3125
4.801468150832364,0.4851483444070202,0.015865637568253415,3.954336458000647e-06,1.0518366317055087e-05,6.201768940735853e-08,0.3125
4.801468150832364,0.4901498737308039,0.01586563756826198,3.954336374906773e-06,1.0518366317063014e-05,6.201768799068359e-08,0.3125
4.801468150832364,0.49515140305458766,0.015865637568270547,3.9543363672243145e-06,1.0518366317068892e-05,6.20176878593425e-08,0.3125
4.801468150832364,0.5001529323783713,0.015865637568279113,3.954336366752977e-06,1.0518366317074574e-05,6.201768785128596e-08,0.3125
5.2816149659156,0.005001529323783714,0.015453008499861616,0.24812185332233808,6.442846740420168e-06,0.002450718064772659,0.3125
5.2816149659156,0.010003058647567427,0.015459369083324079,0.2442971491763824,6.482514876532929e-06,0.0024268649594636096,0.3125
5.2816149659156,0.01500458797135114,0.015465747671075851,0.24046161886757994,6.522755474973485e-06,0.0024026676230010243,0.3125
5.2816149659156,0.020006117295134854,0.015472144372645092,0.23661519653712276,6.563581232274934e-06,0.002378118420755451,0.3125
5.2816149659156,0.025007646618918567,0.015478559293901307,0.23275781852670352,6.605005194683418e-06,0.0023532095078112377,0.3125
5.2816149659156,0.03000917594270228,0.015484992536010897,0.22888942400612522,6.647040763798718e-06,0.0023279328255748784,0.3125
5.2816149659156,0.035010705266485996,0.015491444194289852,0.2250099556636142,6.689701701571417e-06,0.0023022800987705073,0.3125
5.2816149659156,0.04001223459026971,0.015497914356937821,0.22111936046671601,6.733002134500706e-06,0.002276242832915878,0.3125
5.2816149659156,0.04501376391405342,0.015504403103641366,0.21721759050244768,6.776956556855136e-06,0.00224981231238615,0.3125
5.2816149659156,0.050015293237837134,0.015510910504028206,0.21330460390674444,6.821579832704152e-06,0.0022229795991926264,0.3125
5.2816149659156,0.05501682256162084,0.015517436615954667,0.20938036589422312,6.866887196518291e-06,0.0021957355326223385,0.3125
5.2816149659156,0.06001835188540456,0.015523981483605408,0.20544484990088835,6.912894252053171e-06,0.0021680707299095814,0.3125
5.2816149659156,0.06501988120918828,0.015530545135381858,0.20149803885395481,6.959616969187339e-06,0.002139975588138022,0.3125
5.2816149659156,0.07002141053297199,0.015537127581552351,0.19753992658483396,7.007071678329624e-06,0.002111440287604284,0.3125
5.2816149659156,0.07502293985675569,0.015543728811634107,0.19357051940347153,7.055275061948891e-06,0.0020824547969120074,0.3125
5.2816149659156,0.08002446918053942,0.0155503487914727,0.1895898378545658,7.104244142707345e-06,0.0020530088801083953,0.3125
5.2816149659156,0.08502599850432313,0.015556987459980118,0.18559791867910436,7.153996267591421e-06,0.0020230921062275057,0.3125
5.2816149659156,0.09002752782810684,0.015563644725487167,0.18159481700762237,7.204549087339068e-06,0.0019926938616620558,0.3125
5.2816149659156,0.09502905715189056,0.015570320461660922,0.1775806088154676,7.255920530343458e-06,0.001961803365856962,0.3125
5.2816149659156,0.10003058647567427,0.0155770145029288,0.17355539367422032,7.30812877008277e-06,0.0019304096908956724,0.3125
5.2816149659156,0.10503211579945798,0.015583726639345603,0.16951929783840808,7.361192184967696e-06,0.0018985017856462535,0.3125
5.2816149659156,0.11003364512324168,0.015590456610828864,0.1654724777119209,7.415129309318084e-06,0.0018660685052418187,0.3125
5.2816149659156,0.1150351744470254,0.015597204100678823,0.16141512374485456,7.469958773968165e-06,0.0018330986467978401,0.3125
5.2816149659156,0.12003670377080912,0.015603968728286021,0.1573474648185445,7.525699234753894e-06,0.0017995809924162935,0.3125
5.2816149659156,0.12503823309459283,0.015610750040917484,0.15326977318473306,7.582369286849906e-06,0.001765504360699162,0.3125
5.2816149659156,0.13003976241837656,0.01561754750445688,0.1491823700340537,7.639987362590089e-06,0.001730857668193879,0.3125
5.2816149659156,0.13504129174216026,0.015624360492954677,0.1450856317795933,7.698571610018716e-06,0.0016956300024262043,0.3125
5.2816149659156,0.14004282106594398,0.01563118827682761,0.14097999715325527,7.758139748971592e-06,0.0016598107084454224,0.3125
5.2816149659156,0.14504435038972768,0.015638030009520573,0.1368659752262798,7.818708900964816e-06,0.0016233894911199184,0.3125
5.2816149659156,0.15004587971351138,0.015644884712421345,0.13274415448057048,7.880295388570369e-06,0.001586356535781566,0.3125
5.2816149659156,0.1550474090372951,0.01565175125778841,0.12861521307472149,7.94291449926488e-06,0.0015487026502338237,0.3125
5.2816149659156,0.16004893836107884,0.015658628349421114,0.12447993046773172,8.006580207947128e-06,0.0015104194316139462,0.3125
5.2816149659156,0.16505046768486253,0.0156655145007659,0.12033920058460951,8.071304851414568e-06,0.0014714994621441253,0.3125
5.2816149659156,0.17005199700864626,0.015672408010113194,0.11619404673113816,8.137098747065362e-06,0.0014319365384219073,0.3125
5.2816149659156,0.17505352633242996,0.01567930693250015,0.11204563848979575,8.203969746943714e-06,0.0013917259395910806,0.3125
5.2816149659156,0.1800550556562137,0.015686209047889393,0.10789531085485314,8.271922716970072e-06,0.001350864740501708,0.3125
5.2816149659156,0.1850565849799974,0.0156931118251515,0.10374458589101587,8.340958929804416e-06,0.0013093521768056822,0.3125
5.2816149659156,0.1900581143037811,0.01570001238133555,0.09959519722538125,8.411075358302072e-06,0.00126719006982951,0.3125
5.2816149659156,0.19505964362756484,0.015706907435675203,0.09544911770496083,8.482263854976548e-06,0.001224383319994734,0.3125
5.2816149659156,0.20006117295134854,0.015713793257750706,0.09130859056835815,8.554510201359916e-06,0.0011809404784732139,0.3125
5.2816149659156,0.20506270227513224,0.015720665609217945,0.08717616448624381,8.627793009755407e-06,0.0011368744076037057,0.3125
5.2816149659156,0.21006423159891596,0.015727519678530914,0.08305473281453113,8.702082458788648e-06,0.0010922030412497538,0.3125
5.2816149659156,0.21506576092269966,0.01573435000814611,0.07894757736810175,8.777338843640757e-06,0.0010469502565940015,0.3125
5.2816149659156,0.22006729024648336,0.015741150413820123,0.07485841694960776,8.853510922256639e-06,0.0010011468686174254,0.3125
5.2816149659156,0.22506881957026711,0.015747913895819268,0.07079146074118371,8.93053404068586e-06,0.0009548317573898663,0.3125
5.2816149659156,0.2300703488940508,0.01575463254219709,0.0667514664658902,9.008328024745342e-06,0.0009080531358739609,0.3125
5.2816149659156,0.23507187821783454,0.015761297424797198,0.0627438029228849,9.086794832349051e-06,0.0008608699616404921,0.3125
5.2816149659156,0.24007340754161824,0.01576789848937055,0.05877451606174959,9.165815972372487e-06,0.0008133534889641469,0.3125
5.2816149659156,0.24507493686540194,0.015774424442216873,0.05485039714557841,9.245249713375907e-06,0.0007655889472697867,0.3125
5.2816149659156,0.25007646618918566,0.015780862637161976,0.050979050711653574,9.324928130802303e-06,0.0007176773166904918,0.3125
5.2816149659156,0.2550779955129694,0.01578719896853534,0.04716895892222496,9.404654076533202e-06,0.0006697371502891283,0.3125
5.2816149659156,0.2600795248367531,0.015793417778209102,0.04342953745848394,9.484198202162254e-06,0.0006219063639455757,0.3125
5.2816149659156,0.2650810541605368,0.01579950178774067,0.039771176317049586,9.563296228922844e-06,0.0005743438778822627,0.3125
5.2816149659156,0.2700825834843205,0.015805432070225583,0.036205256724741945,9.641646733784742e-06,0.0005272309477509247,0.3125
5.2816149659156,0.27508411280810424,0.015811188080496457,0.032744132966040174,9.718909811612322e-06,0.00048077196885811934,0.3125
5.2816149659156,0.28008564213188797,0.01581674776648682,0.029401065400438086,9.794707072571152e-06,0.000435194477399556,0.3125
5.2816149659156,0.28508717145567164,0.015822087788350758,0.02619008868059953,9.868623531570104e-06,0.00039074801388981357,0.3125
5.2816149659156,0.29008870077945537,0.015827183874333902,0.023125797735844427,9.940212023769821e-06,0.00034770146753414466,0.3125
5.2816149659156,0.2950902301032391,0.01583201134204562,0.020223034294611756,1.0009000808463212e-05,0.0003063385033017867,0.3125
5.2816149659156,0.30009175942702276,0.015836545808853804,0.017496459683313204,1.0074504964022421e-05,0.00026695070932615924,0.3125
5.2816149659156,0.30509328875080655,0.015840764103518555,0.014960006619325087,1.0136241983039413e-05,0.00022982821868080286,0.3125
5.2816149659156,0.3100948180745902,0.01584464537096069,0.012626214877510266,1.0193751604927698e-05,0.00019524778321626282,0.3125
5.2816149659156,0.31509634739837394,0.01584817233221994,0.010505473650299725,1.0246619347037335e-05,0.00016345862365647665,0.3125
5.2816149659156,0.32009787672215767,0.015851332623288198,0.008605216500191899,1.0294502430788892e-05,0.00013466683990253804,0.3125
5.2816149659156,0.32509940604594134,0.015854120093923757,0.006929140401193687,1.0337155930623473e-05,0.00010901968784368869,0.3125
5.2816149659156,0.33010093536972507,0.015856535909259378,0.005476543391860417,1.0374456169899781e-05,8.659151218024289e-05,0.3125
5.2816149659156,0.33510246469350885,0.01585858927516631,0.004241888496245753,1.0406417893982397e-05,6.737342164919225e-05,0.3125
5.2816149659156,0.3401039940172925,0.015860297616391912,0.0032146967181511197,1.0433201835299765e-05,5.126874208502772e-05,0.3125
5.2816149659156,0.34510552334107625,0.015861686084521064,0.002379843026247757,1.0455110144790907e-05,3.8095765708325223e-05,0.3125
5.2816149659156,0.3501070526648599,0.01586278636162625,0.0017182758357759521,1.0472568808677706e-05,2.7598326077038898e-05,0.3125
5.2816149659156,0.35510858198864365,0.015863634842174817,0.0012081103188206893,1.0486098341746771e-05,1.946342193305583e-05,0.3125
5.2816149659156,0.3601101113124274,0.015864270393922637,0.0008259748271032455,1.049627624093866e-05,1.3343794826867586e-05,0.3125
5.2816149659156,0.3651116406362111,0.015864731985045764,0.0005484376952514718,1.0503696280759702e-05,8.882404857274844e-06,0.3125
5.2816149659156,0.3701131699599948,0.015865056491833434,0.0003533254253351685,1.0508930239674834e-05,5.7354438210630665e-06,0.3125
5.2816149659156,0.3751146992837785,0.01586527695833508,0.0002207690771907962,1.051249689884066e-05,3.590974898588036e-06,0.3125
5.2816149659156,0.3801162286075622,0.015865421478626712,0.0001338762630413134,1.0514841394505018e-05,2.1813464102224048e-06,0.3125
5.2816149659156,0.3851177579313459,0.01586551274435832,7.900311395698624e-05,1.051632578511932e-05,1.2888622321300052e-06,0.3125
5.2816149659156,0.3901192872551297,0.01586556818147364,4.567199546594713e-05,1.0517229648220724e-05,7.454216261432362e-07,0.3125
5.2816149659156,0.39512081657891335,0.015865600519152475,2.622935535496557e-05,1.0517758132668475e-05,4.2767660368411404e-07,0.3125
5.2816149659156,0.4001223459026971,0.015865618603266404,1.5356571035099062e-05,1.0518054353077628e-05,2.495787632230634e-07,0.3125
5.2816149659156,0.40512387522648075,0.015865628281079486,9.537978744371725e-06,1.0518213234012746e-05,1.540547390767982e-07,0.3125
5.2816149659156,0.41012540455026447,0.015865633227484126,6.564070857142643e-06,1.0518294620051081e-05,1.051233109071673e-07,0.3125
5.2816149659156,0.41512693387404825,0.015865635636760543,5.11556020211674e-06,1.0518334348889786e-05,8.123744297626765e-08,0.3125
5.2816149659156,0.4201284631978319,0.015865636752369273,4.44483554550265e-06,1.0518352785728153e-05,7.015287447350935e-08,0.3125
5.2816149659156,0.42512999252161565,0.015865637242123573,4.150387904822189e-06,1.0518360897329584e-05,6.527606099244857e-08,0.3125
5.2816149659156,0.4301315218453993,0.015865637445331298,4.0282169524552865e-06,1.0518364270379895e-05,6.324814675834698e-08,0.3125
5.2816149659156,0.43513305116918305,0.015865637524739008,3.980476404970795e-06,1.0518365591371378e-05,6.245395750773742e-08,0.3125
5.2816149659156,0.4401345804929667,0.01586563755384418,3.962978088364781e-06,1.0518366076625678e-05,6.216222110492059e-08,0.3125
5.2816149659156,0.4451361098167505,0.015865637563801546,3.9569907146837635e-06,1.0518366243032661e-05,6.206217676139191e-08,0.3125
5.2816149659156,0.45013763914053423,0.01586563756696395,3.955088805816679e-06,1.0518366296009981e-05,6.203032649200409e-08,0.3125
5.2816149659156,0.4551391684643179,0.015865637567893432,3.954531642536494e-06,1.0518366311566754e-05,6.202097502211452e-08,0.3125
5.2816149659156,0.4601406977881016,0.015865637568145366,3.9543823104307275e-06,1.0518366315747421e-05,6.201846294680847e-08,0.3125
5.2816149659156,0.4651422271118853,0.015865637568210474,3.954346047222939e-06,1.0518366316767811e-05,6.201785153035541e-08,0.3125
5.2816149659156,0.4701437564356691,0.015865637568227717,3.954338165173579e-06,1.051836631699201e-05,6.201771832795493e-08,0.3125
5.2816149659156,0.4751452857594528,0.015865637568236283,3.954336655353138e-06,1.0518366317038418e-05,6.201769275317663e-08,0.3125
5.2816149659156,0.4801468150832365,0.01586563756824485,3.954336405642991e-06,1.051836631705084e-05,6.201768851333628e-08,0.3125
5.2816149659156,0.4851483444070202,0.015865637568253415,3.954336370974414e-06,1.0518366317057449e-05,6.201768792328037e-08,0.3125
5.2816149659156,0.4901498737308039,0.01586563756826198,3.9543363670998464e-06,1.0518366317063226e-05,6.201768785716171e-08,0.3125
5.2816149659156,0.49515140305458766,0.015865637568270547,3.954336366781977e-06,1.0518366317068902e-05,6.201768785174083e-08,0.3125
5.2816149659156,0.5001529323783713,0.015865637568279113,3.954336366752977e-06,1.0518366317074574e-05,6.201768785128596e-08,0.3125
5.761761780998838,0.005001529323783714,0.01550370290111575,0.21763876496233883,6.772504586465821e-06,0.0022524902763543094,0.3125
5.761761780998838,0.010003058647567427,0.015509690504465256,0.21403833888316173,6.813493722071243e-06,0.0022278428396672275,0.3125
5.761761780998838,0.01500458797135114,0.015515694228263238,0.210428219420404,6.855062059275656e-06,0.002202847119571922,0.3125
5.761761780998838,0.020006117295134854,0.01552171413225946,0.20680837064884644,6.897221930489547e-06,0.002177495700406874,0.3125
5.761761780998838,0.025007646618918567,0.015527750266374603,0.20317876255428588,6.9399859494669085e-06,0.0021517809973372326,0.3125
5.761761780998838,0.03000917594270228,0.01553380266927042,0.19953937189251716,6.983367009600443e-06,0.0021256952573801362,0.3125
5.761761780998838,0.035010705266485996,0.015539871366769889,0.1958901831402161,7.0273782806834936e-06,0.0020992305613524815,0.3125
5.761761780998838,0.04001223459026971,0.015545956370104263,0.19223118954850016,7.072033203873125e-06,0.0020723788268999874,0.3125
5.761761780998838,0.04501376391405342,0.015552057673969935,0.188562394311664,7.117345484546454e-06,0.002045131812793477,0.3125
5.761761780998838,0.050015293237837134,0.015558175254369972,0.18488381186488553,7.163329082696326e-06,0.0020174811247045702,0.3125
5.761761780998838,0.05501682256162084,0.015564309066215865,0.18119546932668118,7.209998200457392e-06,0.0019894182227073415,0.3125
5.761761780998838,0.06001835188540456,0.015570459040658189,0.17749740810373427,7.257367266291015e-06,0.0019609344307887707,0.3125
5.761761780998838,0.06501988120918828,0.015576625082114963,0.17378968567819775,7.3054509152848315e-06,0.0019320209486960243,0.3125
5.761761780998838,0.07002141053297199,0.015582807064957894,0.17007237760005708,7.354263964938457e-06,0.0019026688664977446,0.3125
5.761761780998838,0.07502293985675569,0.015589004829815803,0.16634557971023045,7.40382138571029e-06,0.0018728691822959957,0.3125
5.761761780998838,0.08002446918053942,0.015595218179445274,0.16260941062340867,7.454138265487583e-06,0.001842612823592155,0.3125
5.761761780998838,0.08502599850432313,0.015601446874115773,0.15886401450351578,7.505229767013782e-06,0.0018118906728881803,0.3125
5.761761780998838,0.09002752782810684,0.015607690626444874,0.1551095641691304,7.557111077154418e-06,0.001780693598195383,0.3125
5.761761780998838,0.09502905715189056,0.015613949095615363,0.15134626457115494,7.609797346712516e-06,0.0017490124892264047,0.3125
5.761761780998838,0.10003058647567427,0.015620221880892913,0.14757435669066837,7.663303619303054e-06,0.0017168383001662365,0.3125
5.761761780998838,0.10503211579945798,0.01562650851435495,0.14379412191145413,7.717644747565002e-06,0.0016841621000578167,0.3125
5.761761780998838,0.11003364512324168,0.01563280845272717,0.1400058869288984,7.772835294723398e-06,0.0016509751319971307,0.3125
5.761761780998838,0.1150351744470254,0.015639121068211928,0.13621002926521764,7.828889419208044e-06,0.0016172688825170627,0.3125
5.761761780998838,0.12003670377080912,0.015645445638176436,0.132406983470301,7.885820739682007e-06,0.0015830351627516288,0.3125
5.761761780998838,0.12503823309459283,0.015651781333551617,0.12859724809783632,7.943642177429804e-06,0.001548266203214611,0.3125
5.761761780998838,0.13003976241837656,0.01565812720577334,0.12478139355803733,8.002365772593595e-06,0.001512954764304523,0.3125
5.761761780998838,0.13504129174216026,0.015664482172075656,0.12096007096120702,8.062002470218928e-06,0.0014770942649640698,0.3125
5.761761780998838,0.14004282106594398,0.01567084499892289,0.11713402208059252,8.122561871476305e-06,0.0014406789322808098,0.3125
5.761761780998838,0.14504435038972768,0.01567721428334146,0.11330409057840073,8.18405194475416e-06,0.001403703975218703,0.3125
5.761761780998838,0.15004587971351138,0.015683588431883323,0.1094712346555,8.24647869056743e-06,0.0013661657861217737,0.3125
5.761761780998838,0.1550474090372951,0.015689965636926477,0.10563654130276552,8.30984575339916e-06,0.0013280621741290073,0.3125
5.761761780998838,0.16004893836107884,0.015696343849986277,0.10180124234990066,8.374153972687578e-06,0.0012893926351831972,0.3125
5.761761780998838,0.16505046768486253,0.015702720751682723,0.09796673252513688,8.439400864204347e-06,0.0012501586638980042,0.3125
5.761761780998838,0.17005199700864626,0.015709093717981744,0.09413458975531577,8.505580022061238e-06,0.001210364113153628,0.3125
5.761761780998838,0.17505352633242996,0.015715459782307626,0.09030659794891611,8.572680430571134e-06,0.001170015607900104,0.3125
5.761761780998838,0.1800550556562137,0.015721815593110044,0.08648477251213278,8.640685674234026e-06,0.00112912302022099,0.3125
5.761761780998838,0.1850565849799974,0.01572815736647244,0.08267138884696114,8.709573033310797e-06,0.0010877000131963926,0.3125
5.761761780998838,0.1900581143037811,0.015734480833372148,0.07886901406553941,8.779312451923501e-06,0.0010457646614198313,0.3125
5.761761780998838,0.19505964362756484,0.015740781181257445,0.0750805421207364,8.849865365560412e-06,0.0010033401560571272,0.3125
5.761761780998838,0.20006117295134854,0.01574705298971691,0.07130923249036945,8.921183375556525e-06,0.0009604556019230587,0.3125
5.761761780998838,0.20506270227513224,0.015753290160178204,0.06755875245076526,8.993206759898124e-06,0.000917146912978612,0.3125
5.761761780998838,0.21006423159891596,0.015759485839837425,0.06383322281969817,9.065862813084365e-06,0.0008734578106177286,0.3125
5.761761780998838,0.21506576092269966,0.015765632340395703,0.06013726682144922,9.1390640133855e-06,0.0008294409257406308,0.3125
5.761761780998838,0.22006729024648336,0.01577172105271609,0.05647606140479782,9.21270602449626e-06,0.0007851590004030177,0.3125
5.761761780998838,0.22506881957026711,0.015777742359249607,0.05285538990190353,9.2866655512949e-06,0.0007406861771860889,0.3125
5.761761780998838,0.2300703488940508,0.015783685547067817,0.049281694321837544,9.360798087379392e-06,0.0006961093536307677,0.3125
5.761761780998838,0.23507187821783454,0.015789538725630485,0.045762124795543445,9.434935616588258e-06,0.0006515295643245545,0.3125
5.761761780998838,0.24007340754161824,0.015795288755062937,0.042304582700263695,9.508884363172114e-06,0.0006070633337108051,0.3125
5.761761780998838,0.24507493686540194,0.01580092119274305,0.038917752772354756,9.582422726783617e-06,0.0005628439177325542,0.3125
5.761761780998838,0.25007646618918566,0.015806420268403593,0.0356111180711978,9.655299589513043e-06,0.0005190223217194155,0.3125
5.761761780998838,0.2550779955129694,0.015811768900667274,0.032394950026711014,9.727233242086313e-06,0.00047576794591317633,0.3125
5.761761780998838,0.2600795248367531,0.01581694877077003,0.029280264095958658,9.79791124222055e-06,0.00043326867041398,0.3125
5.761761780998838,0.2650810541605368,0.015821940471859086,0.026278729972483723,9.866991583904376e-06,0.00039173015178212026,0.3125
5.761761780998838,0.2700825834843205,0.01582672375412691,0.02340252416502762,9.934105611388826e-06,0.0003513740704507522,0.3125
5.761761780998838,0.27508411280810424,0.01583127788635446,0.020664112575381675,9.998863139609484e-06,0.0003124350513165889,0.3125
5.761761780998838,0.28008564213188797,0.015835582152109832,0.018075952104482904,1.0060860221142884e-05,0.0002751559928862159,0.3125
5.761761780998838,0.28508717145567164,0.015839616492610467,0.015650104068117007,1.0119689901233936e-05,0.00023978159964209656,0.3125
5.761761780998838,0.29008870077945537,0.01584336229682771,0.013397759077097664,1.0174956098535202e-05,0.00020655003491771407,0.3125
5.761761780998838,0.2950902301032391,0.01584680332188899,0.01132868357470663,1.0226290418471557e-05,0.00017568281046209227,0.3125
5.761761780998838,0.30009175942702276,0.015849926703260058,0.00945061239982509,1.0273371246025778e-05,0.00014737330556403738,0.3125
5.761761780998838,0.30509328875080655,0.015852723986257818,0.007768628539324793,1.0315943906371652e-05,0.00012177464436324786,0.3125
5.761761780998838,0.3100948180745902,0.015855192082123288,0.006284588263131017,1.035384010294418e-05,9.898800801986259e-05,0.3125
5.761761780998838,0.31509634739837394,0.01585733402958663,0.004996663239727781,1.0386994371000406e-05,7.905274190997288e-05,0.3125
5.761761780998838,0.32009787672215767,0.015859159434748384,0.0038990761029456845,1.0415455082785882e-05,6.193973937422045e-05,0.3125
5.761761780998838,0.32509940604594134,0.01586068447612859,0.0029820974992703178,1.0439387764613733e-05,4.754944865074434e-05,0.3125
5.761761780998838,0.33010093536972507,0.015861931402623805,0.002232348057914774,1.0459069226344586e-05,3.571540446820721e-05,0.3125
5.761761780998838,0.33510246469350885,0.015862927518021486,0.0016334090869264562,1.0474872220546492e-05,2.6213454053728384e-05,0.3125
5.761761780998838,0.3401039940172925,0.01586370372638852,0.0011666972959070488,1.0487241840839704e-05,1.8775950028085096e-05,0.3125
5.761761780998838,0.34510552334107625,0.015864292790324027,0.0008125121428555733,1.0496666300570908e-05,1.3109321869018476e-05,0.3125
5.761761780998838,0.3501070526648599,0.01586472750824352,0.0005511318312168139,1.0503645727282404e-05,8.912839845478656e-06,0.3125
5.761761780998838,0.35510858198864365,0.01586503903134174,0.00036382528517855023,1.050866288021895e-05,5.89622203862457e-06,0.3125
5.761761780998838,0.3601101113124274,0.015865255510279692,0.00023366583660219646,1.0512159166227763e-05,3.7940550033969338e-06,0.3125
5.761761780998838,0.3651116406362111,0.015865401194094773,0.0001460729792470187,1.0514518153184103e-05,2.3757059561156323e-06,0.3125
5.761761780998838,0.3701131699599948,0.015865496018161573,8.906005747140142e-05,1.0516057298625189e-05,1.450295171735396e-06,0.3125
5.761761780998838,0.3751146992837785,0.01586555563678701,5.321460913351406e-05,1.0517027215424802e-05,8.671365525286339e-07,0.3125
5.761761780998838,0.3801162286075622,0.015865591797533125,3.14732451843823e-05,1.0517616794644228e-05,5.126565689808909e-07,0.3125
5.761761780998838,0.3851177579313459,0.01586561292756346,1.8769058119369055e-05,1.0517962041890281e-05,3.0508057986184217e-07,0.3125
5.761761780998838,0.3901192872551297,0.015865624805820627,1.162743620707631e-05,1.05181565286673e-05,1.881483237026477e-07,0.3125
5.761761780998838,0.39512081657891335,0.015865631219882565,7.77110194007182e-06,1.0518261765055132e-05,1.2487690794395762e-07,0.3125
5.761761780998838,0.4001223459026971,0.015865634541295973,5.774176499102037e-06,1.0518316371458907e-05,9.204602398247101e-08,0.3125
5.761761780998838,0.40512387522648075,0.015865636187694453,4.784322263933356e-06,1.0518343494524142e-05,7.573898317156576e-08,0.3125
5.761761780998838,0.41012540455026447,0.015865636967345585,4.315580252961578e-06,1.0518356364701601e-05,6.800116860204569e-08,0.3125
5.761761780998838,0.41512693387404825,0.015865637319273318,4.1039956476933e-06,1.0518362185956895e-05,6.450133161624777e-08,0.3125
5.761761780998838,0.4201284631978319,0.015865637470321405,4.013183914946213e-06,1.0518364689507739e-05,6.299616373633524e-08,0.3125
5.761761780998838,0.42512999252161565,0.015865637531792865,3.97622727640098e-06,1.051836571042337e-05,6.238237973446975e-08,0.3125
5.761761780998838,0.4301315218453993,0.015865637555439002,3.962011875155699e-06,1.0518366103920454e-05,6.214580728942968e-08,0.3125
5.761761780998838,0.43513305116918305,0.015865637564003273,3.956862299765278e-06,1.0518366246756674e-05,6.205993340419904e-08,0.3125
5.761761780998838,0.4401345804929667,0.015865637566912828,3.9551127631653276e-06,1.0518366295383903e-05,6.203069854337403e-08,0.3125
5.761761780998838,0.4451361098167505,0.01586563756783777,3.9545579868933894e-06,1.0518366310836934e-05,6.202140911939148e-08,0.3125
5.761761780998838,0.45013763914053423,0.015865637568111227,3.9543947196104785e-06,1.0518366315394779e-05,6.201866963677128e-08,0.3125
5.761761780998838,0.4551391684643179,0.015865637568187877,3.95435042466349e-06,1.0518366316635667e-05,6.201792485578711e-08,0.3125
5.761761780998838,0.4601406977881016,0.015865637568210585,3.9543394350248625e-06,1.0518366316946648e-05,6.201773968592954e-08,0.3125
5.761761780998838,0.4651422271118853,0.01586563756821915,3.954336966059906e-06,1.0518366317018724e-05,6.201769799681133e-08,0.3125
5.761761780998838,0.4701437564356691,0.015865637568227717,3.954336469890184e-06,1.0518366317037769e-05,6.201768960088741e-08,0.3125
5.761761780998838,0.4751452857594528,0.015865637568236283,3.954336382083171e-06,1.0518366317045809e-05,6.201768811183348e-08,0.3125
5.761761780998838,0.4801468150832365,0.01586563756824485,3.954336368683208e-06,1.0518366317051841e-05,6.201768788408464e-08,0.3125
5.761761780998838,0.4851483444070202,0.015865637568253415,3.954336366976171e-06,1.0518366317057557e-05,6.201768785499135e-08,0.3125
5.761761780998838,0.4901498737308039,0.01586563756826198,3.954336366810977e-06,1.0518366317063234e-05,6.20176878521957e-08,0.3125
5.761761780998838,0.49515140305458766,0.015865637568270547,3.954336366781977e-06,1.0518366317068902e-05,6.201768785174083e-08,0.3125
5.761761780998838,0.5001529323783713,0.015865637568279113,3.954336366752977e-06,1.0518366317074574e-05,6.201768785128596e-08,0.3125
6.241908596082074,0.005001529323783714,0.015547854779466484,0.19108976207739853,7.0863750457483956e-06,0.0020637556792321055,0.3125
6.241908596082074,0.010003058647567427,0.015553513129508182,0.18768732054545453,7.128540656907442e-06,0.002038400815626177,0.3125
6.241908596082074,0.01500458797135114,0.015559185790679475,0.18427627360555765,7.171288330357228e-06,0.002012695948661693,0.3125
6.241908596082074,0.020006117295134854,0.015564872746368325,0.180856631251095,7.214629669913708e-06,0.001986634100810876,0.3125
6.241908596082074,0.025007646618918567,0.015570573963277027,0.1774284135093327,7.258576464633583e-06,0.001960208183162364,0.3125
6.241908596082074,0.03000917594270228,0.015576289389433284,0.17399165163706096,7.303140676595117e-06,0.0019334110027692496,0.3125
6.241908596082074,0.035010705266485996,0.015582018951986722,0.1705463894459777,7.348334425896373e-06,0.0019062352716706296,0.3125
6.241908596082074,0.04001223459026971,0.015587762554763027,0.1670926847730955,7.394169972446365e-06,0.0018786736178414323,0.3125
6.241908596082074,0.04501376391405342,0.015593520075549372,0.1636306111134776,7.440659694062449e-06,0.0018507185983637842,0.3125
6.241908596082074,0.050015293237837134,0.015599291363076638,0.1601602594346806,7.487816060316098e-06,0.0018223627151547313,0.3125
6.241908596082074,0.05501682256162084,0.015605076233663365,0.1566817401948775,7.535651601486848e-06,0.0017935984336357798,0.3125
6.241908596082074,0.06001835188540456,0.015610874467480383,0.15319518558936712,7.584178871890545e-06,0.0017644182047855236,0.3125
6.241908596082074,0.06501988120918828,0.015616685804387706,0.14970075205336378,7.633410406738473e-06,0.0017348144910818376,0.3125
6.241908596082074,0.07002141053297199,0.015622509939294931,0.14619862305257011,7.683358671563062e-06,0.001704779796914992,0.3125
6.241908596082074,0.07502293985675569,0.01562834651698239,0.14268901219704008,7.734036003098932e-06,0.001674306704138085,0.3125
6.241908596082074,0.08002446918053942,0.01563419512631868,0.13917216671846896,7.785454540349462e-06,0.0016433879135199685,0.3125
6.241908596082074,0.08502599850432313,0.015640055293798194,0.1356483713562196,7.837626144377342e-06,0.0016120162929784154,0.3125
6.241908596082074,0.09002752782810684,0.015645926476314406,0.13211795270308974,7.890562305148344e-06,0.0015801849335990304,0.3125
6.241908596082074,0.09502905715189056,0.01565180805307251,0.12858128406844158,7.944274033509193e-06,0.001547887214593356,0.3125
6.241908596082074,0.10003058647567427,0.015657699316534084,0.12503879092349948,7.99877173610464e-06,0.0015151168785163527,0.3125
6.241908596082074,0.10503211579945798,0.01566359946227229,0.12149095700174344,8.054065070721112e-06,0.001481868118254152,0.3125
6.241908596082074,0.11003364512324168,0.015669507577601532,0.11793833113620257,8.110162779186894e-06,0.0014481356775077545,0.3125
6.241908596082074,0.1150351744470254,0.01567542262882957,0.11438153492530471,8.167072494554911e-06,0.0014139149667417136,0.3125
6.241908596082074,0.12003670377080912,0.01568134344696132,0.11082127132954447,8.224800518841458e-06,0.0013792021968384535,0.3125
6.241908596082074,0.12503823309459283,0.015687268711665762,0.10725833431267728,8.283351567091474e-06,0.0013439945330016437,0.3125
6.241908596082074,0.13003976241837656,0.015693196933297,0.10369361965323054,8.342728472985643e-06,0.0013082902717859728,0.3125
6.241908596082074,0.13504129174216026,0.015699126432738554,0.10012813706453326,8.402931850600062e-06,0.0012720890444936554,0.3125
6.241908596082074,0.14004282106594398,0.015705055318821482,0.09656302377390447,8.463959706282214e-06,0.001235392050567735,0.3125
6.241908596082074,0.14504435038972768,0.01571098146304646,0.09299955972337484,8.525806993928068e-06,0.0011982023250204248,0.3125
6.241908596082074,0.15004587971351138,0.01571690247132127,0.0894391845644674,8.588465106254383e-06,0.0011605250443491308,0.3125
6.241908596082074,0.1550474090372951,0.015722815652416615,0.08588351662683702,8.651921293994353e-06,0.0011223678757946707,0.3125
6.241908596082074,0.16004893836107884,0.015728717982835896,0.08233437404307152,8.716158004346078e-06,0.0010837413751549848,0.3125
6.241908596082074,0.16505046768486253,0.015734606067804153,0.07879379820713109,8.781152129550518e-06,0.0010446594386404567,0.3125
6.241908596082074,0.17005199700864626,0.01574047609810687,0.07526407972843072,8.846874156264074e-06,0.0010051398143839441,0.3125
6.241908596082074,0.17505352633242996,0.015746323802560365,0.07174778701256897,8.913287206568768e-06,0.0009652046791114338,0.3125
6.241908596082074,0.1800550556562137,0.015752144395983398,0.06824779754733638,8.980345962220723e-06,0.0009248812850237798,0.3125
6.241908596082074,0.1850565849799974,0.015757932522674684,0.06476733189098294,9.047995465332664e-06,0.0008842026809803276,0.3125
6.241908596082074,0.1900581143037811,0.015763682195602632,0.061309990238549474,9.116169791466496e-06,0.0008432085104033019,0.3125
6.241908596082074,0.19505964362756484,0.015769386731801987,0.05787979126915948,9.184790595509156e-06,0.0008019458856775308,0.3125
6.241908596082074,0.20006117295134854,0.015775038684869392,0.05448121273721575,9.25376553726941e-06,0.0007604703348718521,0.3125
6.241908596082074,0.20506270227513224,0.015780629775991345,0.051119232945791626,9.322986603133785e-06,0.0007188468109559337,0.3125
6.241908596082074,0.21006423159891596,0.01578615082565069,0.04779937181143604,9.392328353125477e-06,0.0006771507458645221,0.3125
6.241908596082074,0.21506576092269966,0.01579159168907936,0.044527729675755474,9.46164614017511e-06,0.000635469121258872,0.3125
6.241908596082074,0.22006729024648336,0.015796941199683154,0.04131102132223867,9.530774371175532e-06,0.0005939015141457953,0.3125
6.241908596082074,0.22506881957026711,0.015802187126081023,0.0381566018051459,9.59952490815614e-06,0.0005525610582183151,0.3125
6.241908596082074,0.2300703488940508,0.01580731615007196,0.035072479693137315,9.667685742979123e-06,0.0005115752406952255,0.3125
6.241908596082074,0.23507187821783454,0.015812313874720707,0.03206731220007852,9.735020119888493e-06,0.00047108642982481404,0.3125
6.241908596082074,0.24007340754161824,0.015817164873735346,0.02915037548456962,9.80126632532269e-06,0.0004312520011115881,0.3125
6.241908596082074,0.24507493686540194,0.015821852795187694,0.026331502269960838,9.86613841000018e-06,0.0003922439029064077,0.3125
6.241908596082074,0.25007646618918566,0.015826360534076187,0.02362097806650418,9.92932814809272e-06,0.00035424747806837105,0.3125
6.241908596082074,0.2550779955129694,0.015830670488758344,0.021029386959009057,9.990508562618158e-06,0.0003174593437883536,0.3125
6.241908596082074,0.2600795248367531,0.01583476491524176,0.018567398550060614,1.0049339341576524e-05,0.0002820841344436337,0.3125
6.241908596082074,0.2650810541605368,0.015838626389911018,0.016245489698355632,1.0105474419042336e-05,0.0002483299426154337,0.3125
6.241908596082074,0.2700825834843205,0.01584223838465531,0.01407359867072684,1.0158571881133144e-05,0.0002164023621393288,0.3125
6.241908596082074,0.27508411280810424,0.0158455859478325,0.012060715657178485,1.0208306162565699e-05,0.00018649715385342356,0.3125
6.241908596082074,0.28008564213188797,0.015848656469806075,0.010214422437181521,1.0254382218059627e-05,0.00015879172396068782,0.3125
6.241908596082074,0.28508717145567164,0.015851440493504333,0.008540404984366697,1.0296550993741158e-05,0.0001334358208655,0.3125
6.241908596082074,0.29008870077945537,0.0158539325103926,0.007041974854657551,1.033462512195751e-05,0.00011054209791135745,0.3125
6.241908596082074,0.2950902301032391,0.01585613166378544,0.005719646307128005,1.036849338434086e-05,9.017741706845518e-05,0.3125
6.241908596082074,0.30009175942702276,0.01585804226928183,0.004570823405825586,1.0398132226294612e-05,7.235592592609741e-05,0.3125
6.241908596082074,0.30509328875080655,0.01585967406168626,0.003589651600795356,1.0423612567441917e-05,5.7034963523778284e-05,0.3125
6.241908596082074,0.3100948180745902,0.015861042093669328,0.0027670787296822314,1.0445100425894821e-05,4.411468614947019e-05,0.3125
6.241908596082074,0.31509634739837394,0.015862166245442982,0.0020911499190845815,1.0462850492976781e-05,3.3441932107173896e-05,0.3125
6.241908596082074,0.32009787672215767,0.015863070354155347,0.0015475311420019046,1.0477192704059764e-05,2.4818297823456975e-05,0.3125
6.241908596082074,0.32509940604594134,0.01586378102852623,0.0011202220247431855,1.0488512896153334e-05,1.8011769320376942e-05,0.3125
6.241908596082074,0.33010093536972507,0.015864326266324863,0.0007923871815828508,1.049722959695925e-05,1.2770679437432465e-05,0.3125
6.241908596082074,0.33510246469350885,0.015864734026620215,0.0005472147189580195,1.0503769616717507e-05,8.838384478468513e-06,0.3125
6.241908596082074,0.3401039940172925,0.01586503091567864,0.0003687063786821287,1.0508545245977074e-05,5.966974790785783e-06,0.3125
6.241908596082074,0.34510552334107625,0.015865241122384844,0.00024231762565215167,1.0511935463290734e-05,3.928573860382424e-06,0.3125
6.241908596082074,0.3501070526648599,0.015865385691844064,0.00015539437725798274,1.051427273741754e-05,2.523273265341632e-06,0.3125
6.241908596082074,0.35510858198864365,0.01586548216658899,9.738869297250402e-05,1.0515835987123399e-05,1.5833650599350748e-06,0.3125
6.241908596082074,0.3601101113124274,0.015865544567960115,5.986992463914582e-05,1.0516849287501774e-05,9.741188986137555e-07,0.3125
6.241908596082074,0.3651116406362111,0.01586558364775213,3.637336840674457e-05,1.0517485186258093e-05,5.91787389107911e-07,0.3125
6.241908596082074,0.3701131699599948,0.015865607318439265,2.214155061246551e-05,1.0517871119122692e-05,3.597481632338e-07,0.3125
6.241908596082074,0.3751146992837785,0.015865621169164113,1.381395617658254e-05,1.0518097385689583e-05,2.2370786598284435e-07,0.3125
6.241908596082074,0.3801162286075622,0.015865628989232432,9.112253355009103e-06,1.0518225380747529e-05,1.4675267211277976e-07,0.3125
6.241908596082074,0.3851177579313459,0.015865633243852765,6.554238685077528e-06,1.0518295150985055e-05,1.0480455244280063e-07,0.3125
6.241908596082074,0.3901192872551297,0.015865635471329947,5.215015066177853e-06,1.0518331747878154e-05,8.280144165501078e-08,0.3125
6.241908596082074,0.39512081657891335,0.015865636591808324,4.541354689351007e-06,1.051835019178101e-05,7.171249546091833e-08,0.3125
6.241908596082074,0.4001223459026971,0.015865637132442656,4.216313092791843e-06,1.0518359107771443e-05,6.635200364729308e-08,0.3125
6.241908596082074,0.40512387522648075,0.015865637382196505,4.06615610093784e-06,1.051836323438848e-05,6.387100335948831e-08,0.3125
6.241908596082074,0.41012540455026447,0.0158656374924375,3.999877367271383e-06,1.0518365059295327e-05,6.277384086588915e-08,0.3125
6.241908596082074,0.41512693387404825,0.015865637538826322,3.971987980697371e-06,1.051836582864568e-05,6.231129816196496e-08,0.3125
6.241908596082074,0.4201284631978319,0.015865637557388106,3.960828660123339e-06,1.0518366137065805e-05,6.212587327370284e-08,0.3125
6.241908596082074,0.42512999252161565,0.015865637564430723,3.9565948486116005e-06,1.0518366254301379e-05,6.205539080375092e-08,0.3125
6.241908596082074,0.4301315218453993,0.01586563756695601,3.955076685732175e-06,1.0518366296419332e-05,6.203006927796792e-08,0.3125
6.241908596082074,0.43513305116918305,0.015865637567810058,3.954564059242234e-06,1.0518366310669252e-05,6.202150289037617e-08,0.3125
6.241908596082074,0.4401345804929667,0.015865637568082683,3.954401749164916e-06,1.0518366315191135e-05,6.201878537944078e-08,0.3125
6.241908596082074,0.4451361098167505,0.015865637568164854,3.954353794899612e-06,1.051836631653066e-05,6.201798095199563e-08,0.3125
6.241908596082074,0.45013763914053423,0.015865637568193428,3.954340649887863e-06,1.0518366316902906e-05,6.201776001937544e-08,0.3125
6.241908596082074,0.4551391684643179,0.01586563756820202,3.954337329371915e-06,1.051836631699766e-05,6.201770410160972e-08,0.3125
6.241908596082074,0.4601406977881016,0.015865637568210585,3.954336562660109e-06,1.0518366317023938e-05,6.201769116475164e-08,0.3125
6.241908596082074,0.4651422271118853,0.01586563756821915,3.954336402435669e-06,1.0518366317033922e-05,6.201768845588999e-08,0.3125
6.241908596082074,0.4701437564356691,0.015865637568227717,3.954336372508957e-06,1.05183663170404e-05,6.20176879489037e-08,0.3125
6.241908596082074,0.4751452857594528,0.015865637568236283,3.954336367598001e-06,1.0518366317046202e-05,6.201768786552215e-08,0.3125
6.241908596082074,0.4801468150832365,0.01586563756824485,3.954336366913992e-06,1.051836631705189e-05,6.201768785387909e-08,0.3125
6.241908596082074,0.4851483444070202,0.015865637568253415,3.9543363668399776e-06,1.0518366317057562e-05,6.201768785265057e-08,0.3125
6.241908596082074,0.4901498737308039,0.01586563756826198,3.954336366810977e-06,1.0518366317063234e-05,6.20176878521957e-08,0.3125
6.241908596082074,0.49515140305458766,0.015865637568270547,3.954336366781977e-06,1.0518366317068902e-05,6.201768785174083e-08,0.3125
6.241908596082074,0.5001529323783713,0.015865637568279113,3.954336366752977e-06,1.0518366317074574e-05,6.201768785128596e-08,0.3125
6.72205541116531,0.005001529323783714,0.01558668703945116,0.16773950043146293,7.385832325233832e-06,0.0018836879418136932,0.3125
6.72205541116531,0.010003058647567427,0.015592051005301326,0.16451407621913178,7.4290352769406835e-06,0.0018577093156497727,0.3125
6.72205541116531,0.01500458797135114,0.015597427359549451,0.1612812027767305,7.472817943420317e-06,0.0018313820980141399,0.3125
6.72205541116531,0.020006117295134854,0.015602815985131866,0.15804095050178465,7.5171907652138064e-06,0.0018047000108977068,0.3125
6.72205541116531,0.025007646618918567,0.015608216739896779,0.1547934048784985,7.562164233720716e-06,0.001777656745716313,0.3125
6.72205541116531,0.03000917594270228,0.015613629453850215,0.15153866813339034,7.607748864246631e-06,0.0017502459795182594,0.3125
6.72205541116531,0.035010705266485996,0.015619053926103084,0.148276861071237,7.653955164527709e-06,0.0017224613939119512,0.3125
6.72205541116531,0.04001223459026971,0.015624489921482937,0.14500812511243835,7.700793598089903e-06,0.001694296697099557,0.3125
6.72205541116531,0.04501376391405342,0.015629937166771732,0.14173262455566493,7.748274541709104e-06,0.0016657456494582046,0.3125
6.72205541116531,0.050015293237837134,0.015635395346523567,0.1384505490924692,7.796408236135922e-06,0.0016368020931710964,0.3125
6.72205541116531,0.05501682256162084,0.015640864098414312,0.13516211660391347,7.84520472913229e-06,0.001607459986482033,0.3125
6.72205541116531,0.06001835188540456,0.015646343008065434,0.13186757627301024,7.894673809731095e-06,0.0015777134432277701,0.3125
6.72205541116531,0.06501988120918828,0.015651831603280382,0.12856721205086383,7.944824932479923e-06,0.0015475567783934086,0.3125
6.72205541116531,0.07002141053297199,0.0156573293476204,0.12526134651908025,7.995667130255055e-06,0.0015169845605405147,0.3125
6.72205541116531,0.07502293985675569,0.015662835633244443,0.12195034519617994,8.047208914038908e-06,0.001485991672075299,0.3125
6.72205541116531,0.08002446918053942,0.015668349772919653,0.11863462134144434,8.099458157828656e-06,0.0014545733784572953,0.3125
6.72205541116531,0.08502599850432313,0.015673870991106342,0.11531464131598426,8.15242196659775e-06,0.0014227254075993053,0.3125
6.72205541116531,0.09002752782810684,0.015679398414004998,0.11199093056768725,8.206106524949996e-06,0.0013904440408773978,0.3125
6.72205541116531,0.09502905715189056,0.015684931058442694,0.10866408031421679,8.260516923794765e-06,0.0013577262173577105,0.3125
6.72205541116531,0.10003058647567427,0.01569046781946197,0.10533475500632235,8.315656962024089e-06,0.0013245696530554787,0.3125
6.72205541116531,0.10503211579945798,0.015696007456460524,0.10200370066221036,8.371528919791896e-06,0.001290972977270461,0.3125
6.72205541116531,0.11003364512324168,0.015701548577717758,0.09867175417262035,8.428133299581593e-06,0.0012569358882927473,0.3125
6.72205541116531,0.1150351744470254,0.015707089623125177,0.09533985368517921,8.485468530800594e-06,0.0012224593310404936,0.3125
6.72205541116531,0.12003670377080912,0.01571262884492801,0.09200905018525403,8.543530633175203e-06,0.0011875456994727255,0.3125
6.72205541116531,0.12503823309459283,0.015718164286268675,0.08868052039844436,8.602312833734472e-06,0.001152199066910434,0.3125
6.72205541116531,0.13003976241837656,0.015723693757313684,0.08535558114608155,8.66180513169881e-06,0.0011164254476840583,0.3125
6.72205541116531,0.13504129174216026,0.015729214808739768,0.08203570528886946,8.72199380514541e-06,0.0010802330937923483,0.3125
6.72205541116531,0.14004282106594398,0.015734724702354805,0.07872253939337787,8.782860852953671e-06,0.00104363283047918,0.3125
6.72205541116531,0.14504435038972768,0.01574022037864006,0.07541792324975269,8.844383365292411e-06,0.0010066384347799423,0.3125
6.72205541116531,0.15004587971351138,0.01574569842102553,0.07212391135396043,8.906532815878612e-06,0.000969267061108641,0.3125
6.72205541116531,0.1550474090372951,0.015751155016754476,0.06884279644088269,8.969274269516295e-06,0.0009315397177887759,0.3125
6.72205541116531,0.16004893836107884,0.015756585914266576,0.0655771351109425,9.032565499162857e-06,0.0008934817979869569,0.3125
6.72205541116531,0.16505046768486253,0.015761986377137254,0.062329775527283644,9.096356008149453e-06,0.0008551236676784807,0.3125
6.72205541116531,0.17005199700864626,0.01576735113477028,0.05910388706545027,9.160585955450946e-06,0.0008165013119099767,0.3125
6.72205541116531,0.17505352633242996,0.01577267433025997,0.05590299166451495,9.225184985357906e-06,0.0007776570385444391,0.3125
6.72205541116531,0.1800550556562137,0.015777949466143547,0.052730996447022525,9.290070967935803e-06,0.0007386402356487112,0.3125
6.72205541116531,0.1850565849799974,0.01578316934916442,0.04959222693318235,9.355148663700776e-06,0.0006995081744457367,0.3125
6.72205541116531,0.1900581143037811,0.01578832603569384,0.04649145985884701,9.420308335532116e-06,0.0006603268439877518,0.3125
6.72205541116531,0.19505964362756484,0.01579341078012782,0.04343395420380665,9.48542434352063e-06,0.0006211717960810036,0.3125
6.72205541116531,0.20006117295134854,0.015798413989412122,0.04042547853460472,9.550353774779276e-06,0.0005821289691747581,0.3125
6.72205541116531,0.20506270227513224,0.015803325187860717,0.03747233215688227,9.614935180660392e-06,0.0005432954476488326,0.3125
6.72205541116531,0.21006423159891596,0.01580813299762136,0.03458135685763214,9.678987518528323e-06,0.0005047800980781747,0.3125
6.72205541116531,0.21506576092269966,0.015812825141478686,0.03175993521425669,9.742309423955096e-06,0.0004667040067837412,0.3125
6.72205541116531,0.22006729024648336,0.015817388476101632,0.02901597059594943,9.80467897088065e-06,0.00042920062393333287,0.3125
6.72205541116531,0.22506881957026711,0.015821809065209514,0.02635784315961235,9.865854109671472e-06,0.00039241549997800606,0.3125
6.72205541116531,0.2300703488940508,0.015826072303249526,0.02379433547043787,9.925574002259134e-06,0.00035650548262448857,0.3125
6.72205541116531,0.23507187821783454,0.0158301631007446,0.02133452103827846,9.983561493695547e-06,0.0003216372304281671,0.3125
6.72205541116531,0.24007340754161824,0.01583406614206799,0.018987609301211496,1.0039526962222181e-05,0.0002879848974347238,0.3125
6.72205541116531,0.24507493686540194,0.015837766224533225,0.016762741712503592,1.0093173764780847e-05,0.00025572685844026284,0.3125
6.72205541116531,0.25007646618918566,0.015841248683786772,0.014668735933473603,1.014420542986491e-05,0.00022504138355182373,0.3125
6.72205541116531,0.2550779955129694,0.015844499904039074,0.012713779013191984,1.0192334633346145e-05,0.0001961012406473529,0.3125
6.72205541116531,0.2600795248367531,0.015847507902365922,0.010905076033269291,1.0237293817956019e-05,0.000169067309550849,0.3125
6.72205541116531,0.2650810541605368,0.015850262964264273,0.009248467938503476,1.0278847084532268e-05,0.0001440814315878962,0.3125
6.72205541116531,0.2700825834843205,0.015852758293683905,0.007748040671578892,1.0316802708027266e-05,0.00012125888361947819,0.3125
6.72205541116531,0.27508411280810424,0.01585499062659782,0.006405756242753434,1.0351025347069332e-05,0.00010068103654034586,0.3125
6.72205541116531,0.28008564213188797,0.015856960745525995,0.00522114336851104,1.0381446775548802e-05,8.238890271698379e-05,0.3125
6.72205541116531,0.28508717145567164,0.01585867382672229,0.004191088742692754,1.0408073835555148e-05,6.637835446781488e-05,0.3125
6.72205541116531,0.29008870077945537,0.015860139555473208,0.0033097677528184585,1.04309923611616e-05,5.2597765482786714e-05,0.3125
6.72205541116531,0.2950902301032391,0.015861371960661945,0.0025687440088658013,1.0450366100050272e-05,4.0948660179003426e-05,0.3125
6.72205541116531,0.30009175942702276,0.015862388947724782,0.0019572502299058845,1.0466430169138435e-05,3.128964979128808e-05,0.3125
6.72205541116531,0.30509328875080655,0.01586321154649775,0.0014626405610193224,1.0479479264880998e-05,2.3443522378878204e-05,0.3125
6.72205541116531,0.3100948180745902,0.015863862931052675,0.0010709799802763144,1.0489851591584983e-05,1.7206907374389568e-05,0.3125
6.72205541116531,0.31509634739837394,0.01586436730405095,0.0007677151541035047,1.0497910116449404e-05,1.2361547268892055e-05,0.3125
6.72205541116531,0.32009787672215767,0.01586474875997611,0.0005383579729913163,1.0504023156799505e-05,8.68597051025196e-06,0.3125
6.72205541116531,0.32509940604594134,0.01586503024407543,0.0003691115199327021,1.0508546354034556e-05,5.966330259120376e-06,0.3125
6.72205541116531,0.33010093536972507,0.01586523270588862,0.00024737902010736135,1.0511807777908185e-05,4.005360641895462e-06,0.3125
6.72205541116531,0.33510246469350885,0.015865374512102178,0.0001621168512069867,1.0514097314039117e-05,2.6287573716782165e-06,0.3125
6.72205541116531,0.3401039940172925,0.015865471141323497,0.00010401803471001105,1.0515660762865417e-05,1.6887253649950324e-06,0.3125
6.72205541116531,0.34510552334107625,0.015865535142745395,6.553705518319712e-05,1.0516698383805014e-05,1.0648535366604504e-06,0.3125
6.72205541116531,0.3501070526648599,0.015865576309547474,4.0785566686726885e-05,1.0517367088209129e-05,6.627957157428805e-07,0.3125
6.72205541116531,0.35510858198864365,0.015865602000714005,2.5338866651507622e-05,1.051778519100603e-05,4.1141318443569354e-07,0.3125
6.72205541116531,0.3601101113124274,0.0158656175421022,1.5994725172991144e-05,1.0518038577364591e-05,2.5906651900838857e-07,0.3125
6.72205541116531,0.3651116406362111,0.015865626646175756,1.052099895314275e-05,1.0518187277370615e-05,1.696622167699046e-07,0.3125
6.72205541116531,0.3701131699599948,0.015865631805187904,7.419214656028843e-06,1.051827169152109e-05,1.1890937029484768e-07,0.3125
6.72205541116531,0.3751146992837785,0.015865634630036877,5.7208223366126895e-06,1.0518317994815735e-05,9.107029719902528e-08,0.3125
6.72205541116531,0.3801162286075622,0.01586563612282123,4.823315755095289e-06,1.0518342506781409e-05,7.633296906721097e-08,0.3125
6.72205541116531,0.3851177579313459,0.01586563688315366,4.366183366653237e-06,1.0518355013600118e-05,6.881353396193022e-08,0.3125
6.72205541116531,0.3901192872551297,0.015865637255884836,4.142088243629944e-06,1.0518361155465856e-05,6.512089843073374e-08,0.3125
6.72205541116531,0.39512081657891335,0.015865637431473963,4.036520095283855e-06,1.0518364053898833e-05,6.337830057612249e-08,0.3125
6.72205541116531,0.4001223459026971,0.01586563751082796,3.988810905720487e-06,1.0518365366083239e-05,6.258939226613974e-08,0.3125
6.72205541116531,0.40512387522648075,0.01586563754516823,3.968165505822465e-06,1.0518365934909246e-05,6.224740612772068e-08,0.3125
6.72205541116531,0.41012540455026447,0.015865637559367998,3.959628733949528e-06,1.0518366170530386e-05,6.210574830637796e-08,0.3125
6.72205541116531,0.41512693387404825,0.015865637564965233,3.956263541939751e-06,1.0518366263575738e-05,6.204980864330769e-08,0.3125
6.72205541116531,0.4201284631978319,0.015865637567061667,3.955002146245436e-06,1.0518366298513053e-05,6.20288034649481e-08,0.3125
6.72205541116531,0.42512999252161565,0.01586563756780709,3.9545538554711835e-06,1.051836631095171e-05,6.202132517539086e-08,0.3125
6.72205541116531,0.4301315218453993,0.01586563756806124,3.9544032942219075e-06,1.051836631513922e-05,6.201880908603445e-08,0.3125
6.72205541116531,0.43513305116918305,0.015865637568142812,3.954355684732803e-06,1.0518366316466459e-05,6.201801204586838e-08,0.3125
6.72205541116531,0.4401345804929667,0.01586563756817258,3.9543415708865905e-06,1.0518366316864437e-05,6.201777533951654e-08,0.3125
6.72205541116531,0.4451361098167505,0.015865637568184886,3.954337667670575e-06,1.051836631697731e-05,6.201770975979776e-08,0.3125
6.72205541116531,0.45013763914053423,0.015865637568193453,3.954336666480253e-06,1.051836631700982e-05,6.201769290780204e-08,0.3125
6.72205541116531,0.4551391684643179,0.01586563756820202,3.954336429912629e-06,1.0518366317021845e-05,6.201768891861466e-08,0.3125
6.72205541116531,0.4601406977881016,0.015865637568210585,3.95433637884639e-06,1.051836631702889e-05,6.20176880558971e-08,0.3125
6.72205541116531,0.4651422271118853,0.01586563756821915,3.954336368882629e-06,1.0518366317034828e-05,6.201768788724146e-08,0.3125
6.72205541116531,0.4701437564356691,0.015865637568227717,3.954336367153572e-06,1.0518366317040544e-05,6.201768785790968e-08,0.3125
6.72205541116531,0.4751452857594528,0.015865637568236283,3.954336366897979e-06,1.0518366317046222e-05,6.201768785356034e-08,0.3125
6.72205541116531,0.4801468150832365,0.01586563756824485,3.954336366868978e-06,1.051836631705189e-05,6.201768785310545e-08,0.3125
6.72205541116531,0.4851483444070202,0.015865637568253415,3.9543363668399776e-06,1.0518366317057562e-05,6.201768785265057e-08,0.3125
6.72205541116531,0.4901498737308039,0.01586563756826198,3.954336366810977e-06,1.0518366317063234e-05,6.20176878521957e-08,0.3125
6.72205541116531,0.49515140305458766,0.015865637568270547,3.954336366781977e-06,1.0518366317068902e-05,6.201768785174083e-08,0.3125
6.72205541116531,0.5001529323783713,0.015865637568279113,3.954336366752977e-06,1.0518366317074574e-05,6.201768785128596e-08,0.3125
7.202202226248547,0.005001529323783714,0.015621123394149315,0.1470325426250276,7.671994688892149e-06,0.0017116146371680908,0.3125
7.202202226248547,0.010003058647567427,0.015626220215510234,0.14396775619658425,7.716091234010442e-06,0.0016850986864445736,0.3125
7.202202226248547,0.01500458797135114,0.015631327263620827,0.1408968203849205,7.760758514821503e-06,0.0016582395438714107,0.3125
7.202202226248547,0.020006117295134854,0.015636444293572548,0.13781988246438467,7.806005260918677e-06,0.0016310319602895714,0.3125
7.202202226248547,0.025007646618918567,0.01564157102465386,0.13473711123864038,7.851840066838937e-06,0.0016034707677612067,0.3125
7.202202226248547,0.03000917594270228,0.015646707136572728,0.13164869931261697,7.898271344758352e-06,0.0015755509080159946,0.3125
7.202202226248547,0.035010705266485996,0.015651852265267056,0.12855486561147994,7.945307270283608e-06,0.0015472674650486484,0.3125
7.202202226248547,0.04001223459026971,0.01565700599825749,0.12545585817527574,7.992955720407346e-06,0.0015186157024288682,0.3125
7.202202226248547,0.04501376391405342,0.015662167869488302,0.12235195726114716,8.041224202571101e-06,0.001489591105958463,0.3125
7.202202226248547,0.050015293237837134,0.015667337353597818,0.11924347878885141,8.090119773638651e-06,0.001460189432395849,0.3125
7.202202226248547,0.05501682256162084,0.015672513859551478,0.11613077816940995,8.1396489474243e-06,0.001430406765062797,0.3125
7.202202226248547,0.06001835188540456,0.01567769672356373,0.11301425456127655,8.18981758924366e-06,0.0014002395772549363,0.3125
7.202202226248547,0.06501988120918828,0.01568288520122725,0.10989435560339307,8.240630795756274e-06,0.0013696848044968933,0.3125
7.202202226248547,0.07002141053297199,0.015688078458757672,0.10677158267988537,8.292092758148611e-06,0.0013387399268153456,0.3125
7.202202226248547,0.07502293985675569,0.01569327556325389,0.1036464967769564,8.344206606462688e-06,0.001307403062349942,0.3125
7.202202226248547,0.08002446918053942,0.0156984754718625,0.10051972499869256,8.396974232607336e-06,0.0012756730737830306,0.3125
7.202202226248547,0.08502599850432313,0.01570367701972465,0.09739196781492641,8.450396089298029e-06,0.0012435496892443357,0.3125
7.202202226248547,0.09002752782810684,0.015708878906572535,0.09426400712084,8.5044709618583e-06,0.0012110336395346082,0.3125
7.202202226248547,0.09502905715189056,0.01571407968183453,0.09113671519448213,8.559195709486298e-06,0.0011781268137115598,0.3125
7.202202226248547,0.10003058647567427,0.015719277728091098,0.08801106464443843,8.614564972243621e-06,0.0011448324352871333,0.3125
7.202202226248547,0.10503211579945798,0.015724471242724202,0.08488813944513832,8.670570839685305e-06,0.0011111552614919008,0.3125
7.202202226248547,0.11003364512324168,0.015729658217588,0.08176914716110013,8.727202476714633e-06,0.0010771018082608615,0.3125
7.202202226248547,0.1150351744470254,0.015734836416532567,0.07865543246285121,8.784445701958316e-06,0.0010426806037705577,0.3125
7.202202226248547,0.12003670377080912,0.01574000335061091,0.07554849203539662,8.842282513729917e-06,0.0010079024734922872,0.3125
7.202202226248547,0.12503823309459283,0.01574515625081463,0.0724499909731779,8.900690558540781e-06,0.000972780859793327,0.3125
7.202202226248547,0.13003976241837656,0.015750292038203783,0.06936178074165157,8.95964253717882e-06,0.0009373321790797447,0.3125
7.202202226248547,0.13504129174216026,0.01575540729133711,0.06628591876232882,9.019105543692e-06,0.0009015762192850493,0.3125
7.202202226248547,0.14004282106594398,0.015760498210968615,0.06322468964195067,9.079040333290363e-06,0.0008655365801014249,0.3125
7.202202226248547,0.14504435038972768,0.015765560582061404,0.06018062801343021,9.139400516352114e-06,0.0008292411576447789,0.3125
7.202202226248547,0.15004587971351138,0.015770589733303073,0.05715654288100443,9.200131677570012e-06,0.0007927226741341692,0.3125
7.202202226248547,0.1550474090372951,0.01577558049446782,0.05415554325860504,9.261170422004198e-06,0.0007560192515213721,0.3125
7.202202226248547,0.16004893836107884,0.015780527152210986,0.051181064751283666,9.322443353703071e-06,0.0007191750256661531,0.3125
7.202202226248547,0.16505046768486253,0.0157854234051817,0.048236896546339836,9.383865997909145e-06,0.0006822407944312,0.3125
7.202202226248547,0.17005199700864626,0.015790262319733284,0.04532720804445027,9.445341685043783e-06,0.0006452746887546497,0.3125
7.202202226248547,0.17505352633242996,0.01579503628800951,0.04245657406234055,9.506760424041698e-06,0.0006083428501201592,0.3125
7.202202226248547,0.1800550556562137,0.01579973699079519,0.039629997169324124,9.567997804543468e-06,0.000571520090664387,0.3125
7.202202226248547,0.1850565849799974,0.015804355368263984,0.036852925275225226,9.628913982258841e-06,0.0005348905032609977,0.3125
7.202202226248547,0.1900581143037811,0.01580888160261562,0.03413126206758449,9.689352819604761e-06,0.0004985479782199893,0.3125
7.202202226248547,0.19505964362756484,0.015813305117569575,0.03147136731227503,9.74914127434109e-06,0.000462596570843925,0.3125
7.202202226248547,0.20006117295134854,0.015817614600713504,0.028880043410085154,9.808089151691956e-06,0.0004271506503927698,0.3125
7.202202226248547,0.20506270227513224,0.015821798055720926,0.026364503990948973,9.865989358947797e-06,0.00039233474687433597,0.3125
7.202202226248547,0.21006423159891596,0.015825842892321817,0.023932319806009867,9.922618823352545e-06,0.00035828299896476185,0.3125
7.202202226248547,0.21506576092269966,0.015829736062432796,0.021591336861799752,9.97774025043578e-06,0.0003251380965295876,0.3125
7.202202226248547,0.22006729024648336,0.015833464250775368,0.019349561788896998,1.003110490558925e-05,0.00029304960782841106,0.3125
7.202202226248547,0.22506881957026711,0.01583701412729435,0.01721501004873926,1.0082456589822726e-05,0.00026217158862425015,0.3125
7.202202226248547,0.2300703488940508,0.015840372666357745,0.015195513983687617,1.0131536943368738e-05,0.000232659392832419,0.3125
7.202202226248547,0.23507187821783454,0.015843527533703917,0.013298490130952866,1.0178092140128518e-05,0.00020466564684922973,0.3125
7.202202226248547,0.24007340754161824,0.01584646753611985,0.01153066881783297,1.0221880925556926e-05,0.00017833541608933294,0.3125
7.202202226248547,0.24507493686540194,0.01584918312083506,0.009897793865724203,1.0262683798546241e-05,0.00015380068368774568,0.3125
7.202202226248547,0.25007646618918566,0.015851666901934697,0.008404306052907477,1.030031294995922e-05,0.00013117437431920526,0.3125
7.202202226248547,0.2550779955129694,0.015853914180607262,0.007053030292292695,1.0334622363369031e-05,0.00011054428061254698,0.3125
7.202202226248547,0.2600795248367531,0.015855923416268822,0.005844892354833214,1.0365517286819414e-05,9.196736793305961e-05,0.3125
7.202202226248547,0.2650810541605368,0.015857696598675263,0.004778695139524786,1.0392962139294578e-05,7.546502055655862e-05,0.3125
7.202202226248547,0.2700825834843205,0.015859239469462303,0.003850985491722205,1.0416985869412067e-05,6.101982000004465e-05,0.3125
7.202202226248547,0.27508411280810424,0.015860561547374898,0.0030560390697948994,1.0437683879234677e-05,4.8574388891866456e-05,0.3125
7.202202226248547,0.28008564213188797,0.01586167592601445,0.002385982002317945,1.0455215886408748e-05,3.8032677212017933e-05,0.3125
7.202202226248547,0.28508717145567164,0.015862598835758385,0.0018310543466973886,1.0469799513033065e-05,2.926381804968984e-05,0.3125
7.202202226248547,0.29008870077945537,0.015863348989957296,0.0013800032569404042,1.0481699908430465e-05,2.210836808356115e-05,0.3125
7.202202226248547,0.2950902301032391,0.015863946764838033,0.0010205761332447542,1.0491216246710505e-05,1.638642707323429e-05,0.3125
7.202202226248547,0.30009175942702276,0.015864413286877155,0.0007400693964640138,1.0498666380999667e-05,1.190686551157622e-05,0.3125
7.202202226248547,0.30509328875080655,0.01586476951522634,0.0005258802231341297,1.0504371186389596e-05,8.476739195856331e-06,0.3125
7.202202226248547,0.3100948180745902,0.015865035406608552,0.0003660086772262479,1.0508640124386167e-05,5.909969077658107e-06,0.3125
7.202202226248547,0.31509634739837394,0.01586522923573039,0.0002494663202564736,1.0511759313137748e-05,4.034514213117693e-06,0.3125
7.202202226248547,0.32009787672215767,0.01586536711886601,0.0001665626488798945,1.0513982949717183e-05,2.697529027131846e-06,0.3125
7.202202226248547,0.32509940604594134,0.015865462757548094,0.00010905918156242403,1.0515528403864036e-05,1.7683129142657417e-06,0.3125
7.202202226248547,0.33010093536972507,0.015865527389708145,7.019880942990893e-05,1.0516574797899618e-05,1.1391636587638218e-06,0.3125
7.202202226248547,0.33510246469350885,0.01586556991256902,4.463187855733525e-05,1.0517264495942824e-05,7.244815928207991e-07,0.3125
7.202202226248547,0.3401039940172925,0.015865597128234467,2.8268502136468986e-05,1.0517706697837144e-05,4.58608313056738e-07,0.3125
7.202202226248547,0.34510552334107625,0.01586561405969022,1.8088541196471942e-05,1.0517982275109636e-05,2.929186808955652e-07,0.3125
7.202202226248547,0.3501070526648599,0.015865624290065144,1.193760507030645e-05,1.0518149067319815e-05,1.9263608904801733e-07,0.3125
7.202202226248547,0.35510858198864365,0.015865630288468057,8.331128063002262e-06,1.0518247026804685e-05,1.3373895843494373e-07,0.3125
7.202202226248547,0.3601101113124274,0.015865633698266653,6.281032304429544e-06,1.0518302804492895e-05,1.0020336307995489e-07,0.3125
7.202202226248547,0.3651116406362111,0.015865635575619323,5.1523045246019e-06,1.0518333565091897e-05,8.170905136764868e-08,0.3125
7.202202226248547,0.3701131699599948,0.015865636575689884,4.551031083205126e-06,1.0518349978331383e-05,7.184090515751401e-08,0.3125
7.202202226248547,0.3751146992837785,0.015865637090551846,4.241481335867159e-06,1.051835844217977e-05,6.675220287238928e-08,0.3125
7.202202226248547,0.3801162286075622,0.01586563734640663,4.0876545439146954e-06,1.0518362655103806e-05,6.421928726401192e-08,0.3125
7.202202226248547,0.3851177579313459,0.015865637468969906,4.01396624497356e-06,1.0518364676558358e-05,6.30039437622107e-08,0.3125
7.202202226248547,0.3901192872551297,0.015865637525484574,3.979988024590931e-06,1.0518365610199335e-05,6.244262059793476e-08,0.3125
7.202202226248547,0.39512081657891335,0.01586563755052892,3.964930602473e-06,1.0518366024622512e-05,6.219346238433989e-08,0.3125
7.202202226248547,0.4001223459026971,0.01586563756117633,3.958528911710117e-06,1.0518366201105216e-05,6.208735825188681e-08,0.3125
7.202202226248547,0.40512387522648075,0.015865637565512184,3.955922738369427e-06,1.0518366273072097e-05,6.204409142379927e-08,0.3125
7.202202226248547,0.41012540455026447,0.01586563756719896,3.954908920845185e-06,1.0518366301114036e-05,6.202723260305203e-08,0.3125
7.202202226248547,0.41512693387404825,0.01586563756782557,3.954532956556159e-06,1.0518366311531121e-05,6.202097033736263e-08,0.3125
7.202202226248547,0.4201284631978319,0.01586563756804651,3.9544003917146595e-06,1.0518366315210194e-05,6.201875860289538e-08,0.3125
7.202202226248547,0.42512999252161565,0.015865637568123776,3.9543560787020225e-06,1.05183663164443e-05,6.201801804625596e-08,0.3125
7.202202226248547,0.4301315218453993,0.01586563756815354,3.9543420822689384e-06,1.051836631683831e-05,6.201778374759525e-08,0.3125
7.202202226248547,0.43513305116918305,0.015865637568167754,3.954337920749114e-06,1.0518366316959266e-05,6.201771396721365e-08,0.3125
7.202202226248547,0.4401345804929667,0.01586563756817632,3.9543367610067045e-06,1.0518366316995964e-05,6.201769448779765e-08,0.3125
7.202202226248547,0.4451361098167505,0.015865637568184886,3.954336459584545e-06,1.051836631700971e-05,6.201768941639893e-08,0.3125
7.202202226248547,0.45013763914053423,0.015865637568193453,3.954336386952423e-06,1.0518366317017332e-05,6.201768819226741e-08,0.3125
7.202202226248547,0.4551391684643179,0.01586563756820202,3.954336370844539e-06,1.0518366317023434e-05,6.201768792030357e-08,0.3125
7.202202226248547,0.4601406977881016,0.015865637568210585,3.9543363675918176e-06,1.0518366317029192e-05,6.201768786527634e-08,0.3125
7.202202226248547,0.4651422271118853,0.01586563756821915,3.954336367008583e-06,1.0518366317034879e-05,6.201768785537472e-08,0.3125
7.202202226248547,0.4701437564356691,0.015865637568227717,3.954336366926979e-06,1.051836631704055e-05,6.201768785401521e-08,0.3125
7.202202226248547,0.4751452857594528,0.015865637568236283,3.954336366897979e-06,1.0518366317046222e-05,6.201768785356034e-08,0.3125
7.202202226248547,0.4801468150832365,0.01586563756824485,3.954336366868978e-06,1.051836631705189e-05,6.201768785310545e-08,0.3125
7.202202226248547,0.4851483444070202,0.015865637568253415,3.9543363668399776e-06,1.0518366317057562e-05,6.201768785265057e-08,0.3125
7.202202226248547,0.4901498737308039,0.01586563756826198,3.954336366810977e-06,1.0518366317063234e-05,6.20176878521957e-08,0.3125
7.202202226248547,0.49515140305458766,0.015865637568270547,3.954336366781977e-06,1.0518366317068902e-05,6.201768785174083e-08,0.3125
7.202202226248547,0.5001529323783713,0.015865637568279113,3.954336366752977e-06,1.0518366317074574e-05,6.201768785128596e-08,0.3125
7.682349041331783,0.005001529323783714,0.01565187034413957,0.12854406326183082,7.945731326019194e-06,0.0015470131120932787,0.3125
7.682349041331783,0.010003058647567427,0.015656720753106163,0.12562744821044303,7.990565176501809e-06,0.0015200538161550916,0.3125
7.682349041331783,0.01500458797135114,0.0156615788740762,0.12270619595144941,8.03595241102124e-06,0.0014927617626449938,0.3125
7.682349041331783,0.020006117295134854,0.015666444300110778,0.11978055119246438,8.08189934281826e-06,0.0014651331554341007,0.3125
7.682349041331783,0.025007646618918567,0.015671316574609632,0.11685078850397722,8.128411895736981e-06,0.001437164432557579,0.3125
7.682349041331783,0.03000917594270228,0.01567619518618205,0.11391721540371491,8.175495529252714e-06,0.0014088523112981833,0.3125
7.682349041331783,0.035010705266485996,0.01568107956296492,0.11098017577330782,8.223155153436728e-06,0.001380193839321043,0.3125
7.682349041331783,0.04001223459026971,0.01568596906632661,0.10804005364437928,8.271395032568322e-06,0.0013511864526352013,0.3125
7.682349041331783,0.04501376391405342,0.015690862983888314,0.1050972773950904,8.320218675946722e-06,0.0013218280412523873,0.3125
7.682349041331783,0.050015293237837134,0.015695760521787106,0.10215232440248538,8.36962871427901e-06,0.0012921170235192874,0.3125
7.682349041331783,0.05501682256162084,0.015700660796098605,0.0992057262004134,8.419626759830644e-06,0.0012620524302140378,0.3125
7.682349041331783,0.06001835188540456,0.015705562823327725,0.09625807419761571,8.470213248314752e-06,0.0012316339996236718,0.3125
7.682349041331783,0.06501988120918828,0.015710465509869424,0.09331002601542362,8.52138726027295e-06,0.0012008622849540619,0.3125
7.682349041331783,0.07002141053297199,0.015715367640331823,0.09036231250935306,8.573146319462894e-06,0.0011697387755663993,0.3125
7.682349041331783,0.07502293985675569,0.015720267864607257,0.08741574554364878,8.62548616551877e-06,0.0011382660336841347,0.3125
7.682349041331783,0.08002446918053942,0.015725164683569385,0.08447122659207502,8.6784004978993e-06,0.0011064478483656405,0.3125
7.682349041331783,0.08502599850432313,0.01573005643326858,0.08152975624170071,8.731880687890553e-06,0.0010742894086864586,0.3125
7.682349041331783,0.09002752782810684,0.015734941267494296,0.07859244467858682,8.785915455201226e-06,0.0010417974982130358,0.3125
7.682349041331783,0.09502905715189056,0.015739817138573142,0.07566052323445809,8.840490505495458e-06,0.0010089807129658299,0.3125
7.682349041331783,0.10003058647567427,0.01574468177627573,0.07273535707066461,8.895588125078415e-06,0.0009758497051475701,0.3125
7.682349041331783,0.10503211579945798,0.015749532664716306,0.06981845906900641,8.951186728915587e-06,0.0009424174549330273,0.3125
7.682349041331783,0.11003364512324168,0.015754367017150297,0.06691150498654808,9.007260358278738e-06,0.000908699572549288,0.3125
7.682349041331783,0.1150351744470254,0.015759181748608235,0.06401634991165643,9.063778124627408e-06,0.000874714632685757,0.3125
7.682349041331783,0.12003670377080912,0.015763973446353104,0.061135046028482555,9.120703596936843e-06,0.0008404845429104527,0.3125
7.682349041331783,0.12503823309459283,0.015768738338221767,0.05826986165410098,9.177994130672877e-06,0.0008060349471748198,0.3125
7.682349041331783,0.13003976241837656,0.015773472259008676,0.05542330145255655,9.235600138118189e-06,0.0007713956645839092,0.3125
7.682349041331783,0.13504129174216026,0.01577817061518665,0.05259812764879561,9.293464301932753e-06,0.0007366011622996659,0.3125
7.682349041331783,0.14004282106594398,0.01578282834843866,0.04979738195748592,9.351520736870014e-06,0.00070169105961695,0.3125
7.682349041331783,0.14504435038972768,0.015787439898708067,0.047024407801180466,9.409694108692217e-06,0.0006667106577735666,0.3125
7.682349041331783,0.15004587971351138,0.015791999167773695,0.04428287221268385,9.467898724779478e-06,0.0006317114867773058,0.3125
7.682349041331783,0.1550474090372951,0.01579649948473017,0.041576786591446147,9.526037617968897e-06,0.0005967518562984608,0.3125
7.682349041331783,0.16004893836107884,0.015800933575212662,0.038910525207710045,9.584001654044298e-06,0.0005618973923336335,0.3125
7.682349041331783,0.16505046768486253,0.015805293536757248,0.03628884001738986,9.641668704228324e-06,0.000527221534773771,0.3125
7.682349041331783,0.17005199700864626,0.015809570823324327,0.03371686996567885,9.698902937094949e-06,0.0004928059631511292,0.3125
7.682349041331783,0.17505352633242996,0.015813756242736086,0.031200142525156554,9.755554299419472e-06,0.0004587409087615999,0.3125
7.682349041331783,0.1800550556562137,0.015817839971543696,0.028744564751887067,9.811458272175517e-06,0.0004251253013203288,0.3125
7.682349041331783,0.1850565849799974,0.01582181159260886,0.026356400682451677,9.866436005268666e-06,0.0003920666878587277,0.3125
7.682349041331783,0.1900581143037811,0.01582566016135953,0.024042231487543912,9.920294951080566e-06,0.0003596808516586691,0.3125
7.682349041331783,0.19505964362756484,0.015829374307143946,0.021808894519639497,9.972830130066123e-06,0.0003280910511028521,0.3125
7.682349041331783,0.20006117295134854,0.015832942376180357,0.01966339734772938,1.0023826168067471e-05,0.0002974267944608554,0.3125
7.682349041331783,0.20506270227513224,0.015836352622064946,0.017612803193824494,1.007306024022408e-05,0.00026782206950973453,0.3125
7.682349041331783,0.21006423159891596,0.015839593448400257,0.01566408502874336,1.0120306035057045e-05,0.00023941295970116597,0.3125
7.682349041331783,0.21506576092269966,0.015842653705570104,0.01382394710914493,1.0165338808845063e-05,0.00021233460472398134,0.3125
7.682349041331783,0.22006729024648336,0.01584552303979355,0.012098615079881346,1.0207941529841605e-05,0.00018671750574987043,0.3125
7.682349041331783,0.22506881957026711,0.015848192287226642,0.010493598991031344,1.0247912011483044e-05,0.00016268323602603636,0.3125
7.682349041331783,0.2300703488940508,0.015850653899155957,0.009013437622259786,1.0285070805056448e-05,0.00014033969485883834,0.3125
7.682349041331783,0.23507187821783454,0.015852902376680484,0.007661437107129865,1.0319269473362314e-05,0.00011977613258972171,0.3125
7.682349041331783,0.24007340754161824,0.015854934685547308,0.006439421496645407,1.035039871396274e-05,0.00010105826612752358,0.3125
7.682349041331783,0.24507493686540194,0.015856750615286647,0.005347516823285772,1.0378395668489608e-05,8.422388403681814e-05,0.3125
7.682349041331783,0.25007646618918566,0.015858353043088105,0.004383992451241481,1.040324967452695e-05,6.927938824812173e-05,0.3125
7.682349041331783,0.2550779955129694,0.01585974806367831,0.0035451830074522744,1.0425005721366634e-05,5.6197716561367104e-05,0.3125
7.682349041331783,0.2600795248367531,0.01586094495313479,0.00282551017155741,1.044376498599717e-05,4.4918020905841856e-05,0.3125
7.682349041331783,0.2650810541605368,0.015861955947602993,0.002217615767260565,1.0459682059746977e-05,3.534733555935964e-05,0.3125
7.682349041331783,0.2700825834843205,0.01586279583643913,0.0017126064380810417,1.047295881272926e-05,2.7364267041796937e-05,0.3125
7.682349041331783,0.27508411280810424,0.015863481391057612,0.0013003971087515778,1.048383523834111e-05,2.082449981671337e-05,0.3125
7.682349041331783,0.28008564213188797,0.01586403067211366,0.00097012759528039,1.0492578006737444e-05,1.5567679441488652e-05,0.3125
7.682349041331783,0.28508717145567164,0.015864462274448314,0.000710616628035795,1.0499467759201693e-05,1.1425052631685614e-05,0.3125
7.682349041331783,0.29008870077945537,0.015864794577821667,0.0005108123827211715,1.0504786330616368e-05,8.22715036313834e-06,0.3125
7.682349041331783,0.2950902301032391,0.015865045069802165,0.0003601996141117681,1.0508805060563983e-05,5.810816204842809e-06,0.3125
7.682349041331783,0.30009175942702276,0.01586522979545439,0.0002491305380210149,1.0511775151324476e-05,4.025003720617353e-06,0.3125
7.682349041331783,0.30509328875080655,0.01586536296915098,0.00016905822415783458,1.0513920698680589e-05,2.7349666380816586e-06,0.3125
7.682349041331783,0.3100948180745902,0.015865456760965135,0.00011266501284549322,1.0515434630248616e-05,1.8247007095104168e-06,0.3125
7.682349041331783,0.31509634739837394,0.01586552124817161,7.389165450070912e-05,1.051647741287711e-05,1.1977205708667439e-06,0.3125
7.682349041331783,0.32009787672215767,0.01586556450514467,4.788323589706107e-05,1.051717809826068e-05,7.764307065910718e-07,0.3125
7.682349041331783,0.32509940604594134,0.01586559279459501,3.087417643356498e-05,1.0517637100071722e-05,5.00455343386003e-07,0.3125
7.682349041331783,0.33010093536972507,0.01586561082004251,2.003640911184143e-05,1.051793004213663e-05,3.243244161685026e-07,0.3125
7.682349041331783,0.33510246469350885,0.01586562200254983,1.3312978207041015e-05,1.0518112066068168e-05,2.1488334157447916e-07,0.3125
7.682349041331783,0.3401039940172925,0.01586562875201574,9.254911702712943e-06,1.0518222104355754e-05,1.4872362074023115e-07,0.3125
7.682349041331783,0.34510552334107625,0.01586563271247515,6.873725605536131e-06,1.051828677381984e-05,1.0984175533249722e-07,0.3125
7.682349041331783,0.3501070526648599,0.015865634969916637,5.516467815803524e-06,1.0518323692447247e-05,8.764490393384706e-08,0.3125
7.682349041331783,0.35510858198864365,0.015865636218759603,4.76562018185093e-06,1.0518344147925276e-05,7.534636648117228e-08,0.3125
7.682349041331783,0.3601101113124274,0.01586563688867325,4.362846546565772e-06,1.0518355137774147e-05,6.873892127058016e-08,0.3125
7.682349041331783,0.3651116406362111,0.01586563723678526,4.1535511455228925e-06,1.0518360857327928e-05,6.530015999692566e-08,0.3125
7.682349041331783,0.3701131699599948,0.015865637411828466,4.04831027431549e-06,1.051836373776294e-05,6.356836695993885e-08,0.3125
7.682349041331783,0.3751146992837785,0.015865637496903073,3.9971615109580484e-06,1.0518365139865697e-05,6.27253900258304e-08,0.3125
7.682349041331783,0.3801162286075622,0.015865637536819143,3.973163759319657e-06,1.0518365798716026e-05,6.232927600960509e-08,0.3125
7.682349041331783,0.3851177579313459,0.01586563755487386,3.962309419677695e-06,1.0518366097179481e-05,6.214983464942367e-08,0.3125
7.682349041331783,0.3901192872551297,0.015865637562734246,3.95758340976308e-06,1.051836622733221e-05,6.207158472576799e-08,0.3125
7.682349041331783,0.39512081657891335,0.01586563756602363,3.95560577269834e-06,1.0518366281880167e-05,6.203878977663148e-08,0.3125
7.682349041331783,0.4001223459026971,0.0158656375673456,3.9548118191292365e-06,1.0518366303814385e-05,6.20256033310489e-08,0.3125
7.682349041331783,0.40512387522648075,0.015865637567853905,3.954506608357287e-06,1.0518366312259365e-05,6.202052634171874e-08,0.3125
7.682349041331783,0.41012540455026447,0.015865637568038195,3.954394501291464e-06,1.0518366315364535e-05,6.201865860824767e-08,0.3125
7.682349041331783,0.41512693387404825,0.015865637568107396,3.954355248978749e-06,1.0518366316456454e-05,6.201800363318813e-08,0.3125
7.682349041331783,0.4201284631978319,0.015865637568136692,3.9543421827826605e-06,1.051836631682476e-05,6.201778526534809e-08,0.3125
7.682349041331783,0.42512999252161565,0.01586563756815062,3.95433805992697e-06,1.0518366316944284e-05,6.20177162540195e-08,0.3125
7.682349041331783,0.4301315218453993,0.015865637568159185,3.9543368309047315e-06,1.0518366316982774e-05,6.201769564924035e-08,0.3125
7.682349041331783,0.43513305116918305,0.015865637568167754,3.954336486095329e-06,1.0518366316997667e-05,6.201768985925542e-08,0.3125
7.682349041331783,0.4401345804929667,0.01586563756817632,3.954336395451641e-06,1.0518366317005765e-05,6.20176883347361e-08,0.3125
7.682349041331783,0.4451361098167505,0.015865637568184886,3.954336373243776e-06,1.0518366317012031e-05,6.201768796061072e-08,0.3125
7.682349041331783,0.45013763914053423,0.015865637568193453,3.9543363682101414e-06,1.0518366317017836e-05,6.201768787566043e-08,0.3125
7.682349041331783,0.4551391684643179,0.01586563756820202,3.9543363671703424e-06,1.0518366317023534e-05,6.201768785806871e-08,0.3125
7.682349041331783,0.4601406977881016,0.015865637568210585,3.9543363669849794e-06,1.0518366317029209e-05,6.201768785492496e-08,0.3125
7.682349041331783,0.4651422271118853,0.01586563756821915,3.954336366955979e-06,1.051836631703488e-05,6.201768785447009e-08,0.3125
7.682349041331783,0.4701437564356691,0.015865637568227717,3.954336366926979e-06,1.051836631704055e-05,6.201768785401521e-08,0.3125
7.682349041331783,0.4751452857594528,0.015865637568236283,3.954336366897979e-06,1.0518366317046222e-05,6.201768785356034e-08,0.3125
7.682349041331783,0.4801468150832365,0.01586563756824485,3.954336366868978e-06,1.051836631705189e-05,6.201768785310545e-08,0.3125
7.682349041331783,0.4851483444070202,0.015865637568253415,3.9543363668399776e-06,1.0518366317057562e-05,6.201768785265057e-08,0.3125
7.682349041331783,0.4901498737308039,0.01586563756826198,3.954336366810977e-06,1.0518366317063234e-05,6.20176878521957e-08,0.3125
7.682349041331783,0.49515140305458766,0.015865637568270547,3.954336366781977e-06,1.0518366317068902e-05,6.201768785174083e-08,0.3125
7.682349041331783,0.5001529323783713,0.015865637568279113,3.954336366752977e-06,1.0518366317074574e-05,6.201768785128596e-08,0.3125
8.16249585641502,0.005001529323783714,0.015679474048464762,0.11194565188887652,8.207675409439609e-06,0.0013895026347673517,0.3125
8.16249585641502,0.010003058647567427,0.015684093089022154,0.10916816216278517,8.253069962183815e-06,0.0013622061890693315,0.3125
8.16249585641502,0.01500458797135114,0.015688716847947787,0.10638783537459819,8.298989949475336e-06,0.001334593792843579,0.3125
8.16249585641502,0.020006117295134854,0.01569334471248711,0.10360503999464224,8.345438354256699e-06,0.0013066636525732717,0.3125
8.16249585641502,0.025007646618918567,0.015697976002289334,0.10082018514072845,8.39241742659317e-06,0.0012784144154510146,0.3125
8.16249585641502,0.03000917594270228,0.01570260996254179,0.09803372470686833,8.43992857195947e-06,0.0012498452365559691,0.3125
8.16249585641502,0.035010705266485996,0.015707245756381966,0.09524616192620756,8.487972225485669e-06,0.0012209558544741775,0.3125
8.16249585641502,0.04001223459026971,0.015711882456512484,0.09245805441313341,8.536547710489414e-06,0.0011917466763678823,0.3125
8.16249585641502,0.04501376391405342,0.015716519035938365,0.08967001973320747,8.585653079448749e-06,0.0011622188736039561,0.3125
8.16249585641502,0.050015293237837134,0.015721154357739513,0.08688274155331979,8.635284935385173e-06,0.0011323744891621975,0.3125
8.16249585641502,0.05501682256162084,0.015725787163785483,0.08409697642778939,8.685438231441796e-06,0.0011022165581556476,0.3125
8.16249585641502,0.06001835188540456,0.01573041606229508,0.08131356127921312,8.73610604625253e-06,0.001071749242908412,0.3125
8.16249585641502,0.06501988120918828,0.01573503951413883,0.07853342163510135,8.787279332519552e-06,0.0010409779841441228,0.3125
8.16249585641502,0.07002141053297199,0.015739655817781584,0.07575758068232796,8.838946636058453e-06,0.0010099096699329485,0.3125
8.16249585641502,0.07502293985675569,0.015744263092762723,0.07298716920091096,8.891093782442849e-06,0.000978552824121948,0.3125
8.16249585641502,0.08002446918053942,0.015748859261617343,0.07022343643547223,8.943703528312439e-06,0.0009469178160142546,0.3125
8.16249585641502,0.08502599850432313,0.01575344203015078,0.06746776195639681,8.996755174418822e-06,0.0009150170930559212,0.3125
8.16249585641502,0.09002752782810684,0.01575800886599989,0.06472166855169979,9.050224137618818e-06,0.0008828654382088113,0.3125
8.16249585641502,0.09502905715189056,0.015762556975439646,0.06198683617367383,9.104081479321031e-06,0.0008504802535087168,0.3125
8.16249585641502,0.10003058647567427,0.015767083278437153,0.05926511693947309,9.158293388419707e-06,0.0008178818709909311,0.3125
8.16249585641502,0.10503211579945798,0.01577158438201262,0.05655855114967185,9.212820617580149e-06,0.0007850938916659715,0.3125
8.16249585641502,0.11003364512324168,0.01577605655204736,0.053869384240690654,9.267617872969735e-06,0.0007521435524885807,0.3125
8.16249585641502,0.1150351744470254,0.01578049568378603,0.051200084522506364,9.322633159273083e-06,0.0007190621202142042,0.3125
8.16249585641502,0.12003670377080912,0.015784897271419403,0.04855336146836982,9.377807084224937e-06,0.0006858853095960005,0.3125
8.16249585641502,0.12503823309459283,0.015789256377320034,0.045932184214050466,9.43307213010495e-06,0.0006526537214465139,0.3125
8.16249585641502,0.13003976241837656,0.015793567601727808,0.04333979978584384,9.488351903828512e-06,0.0006194132935664097,0.3125
8.16249585641502,0.13504129174216026,0.01579782505397178,0.040779750404603285,9.543560382635072e-06,0.0005862157543163586,0.3125
8.16249585641502,0.14004282106594398,0.01580202232666257,0.0382558890033548,9.598601179089375e-06,0.0005531190645703083,0.3125
8.16249585641502,0.14504435038972768,0.015806152474704543,0.0357723918462118,9.653366857314411e-06,0.0005201878288553307,0.3125
8.16249585641502,0.15004587971351138,0.01581020800146004,0.03333376684626026,9.70773834213884e-06,0.0004874936506118412,0.3125
8.16249585641502,0.1550474090372951,0.01581418085493831,0.030944855854673384,9.761584474092502e-06,0.0004551153997424222,0.3125
8.16249585641502,0.16004893836107884,0.01581806243746438,0.028610828843874003,9.814761775642015e-06,0.00042313935312654255,0.3125
8.16249585641502,0.16505046768486253,0.015821843632866803,0.026337167555370848,9.867114507117581e-06,0.00039165916092506167,0.3125
8.16249585641502,0.17005199700864626,0.015825514855758303,0.024129635862336428,9.918475103405826e-06,0.0003607755839089655,0.3125
8.16249585641502,0.17505352633242996,0.01582906612787686,0.021994233858869765,9.968665093061756e-06,0.0003305959406855171,0.3125
8.16249585641502,0.1800550556562137,0.015832487186601487,0.01993713260233532,1.0017496607755978e-05,0.00030123319993156407,0.3125
8.16249585641502,0.1850565849799974,0.015835767630490983,0.017964586592214567,1.0064774588922812e-05,0.00027280465337642905,0.3125
8.16249585641502,0.1900581143037811,0.015838897105854757,0.01608282157563463,1.011029978648724e-05,0.00024543011248721793,0.3125
8.16249585641502,0.19505964362756484,0.01584186553674793,0.014297896241418438,1.015387261764058e-05,0.00021922958799358366,0.3125
8.16249585641502,0.20006117295134854,0.015844663398217492,0.012615537907220043,1.0195297908028908e-05,0.00019432043881502161,0.3125
8.16249585641502,0.20506270227513224,0.01584728202899648,0.01104095448781598,1.0234390470768734e-05,0.00017081401721555158,0.3125
8.16249585641502,0.21006423159891596,0.015849713975152262,0.009578627852705149,1.0270981390138439e-05,0.00014881189026877604,0.3125
8.16249585641502,0.21506576092269966,0.01585195335064848,0.008232097016285658,1.0304924770186443e-05,0.0001284017818222501,0.3125
8.16249585641502,0.22006729024648336,0.015853996194844885,0.007003743173882216,1.0336104592632026e-05,0.000109653448821114,0.3125
8.16249585641502,0.22506881957026711,0.01585584080139753,0.005894591939910989,1.0364441218047506e-05,9.261477222251768e-05,0.3125
8.16249585641502,0.2300703488940508,0.015857487988887267,0.004904150630671381,1.0389896979597794e-05,7.730839366460996e-05,0.3125
8.16249585641502,0.23507187821783454,0.01585894128200355,0.0040302993362687466,1.041248028281816e-05,6.372925056499184e-05,0.3125
8.16249585641502,0.24007340754161824,0.015860206974388308,0.0032692531552353946,1.0432247659863965e-05,5.1843341292510886e-05,0.3125
8.16249585641502,0.24507493686540194,0.01586129405106798,0.0026156088626835107,1.0449303346601608e-05,4.158797992340347e-05,0.3125
8.16249585641502,0.25007646618918566,0.015862213959801835,0.002062482425805715,1.0463796156063536e-05,3.287367671945014e-05,0.3125
8.16249585641502,0.2550779955129694,0.015862980235714703,0.0016017347379891247,1.0475913693892516e-05,2.5587616842827773e-05,0.3125
8.16249585641502,0.2600795248367531,0.015863608000280516,0.0012242729012746601,1.0485874263416101e-05,1.959852821952471e-05,0.3125
8.16249585641502,0.2650810541605368,0.015864113371344826,0.0009204049939302707,1.0493917089606099e-05,1.476256013668303e-05,0.3125
8.16249585641502,0.2700825834843205,0.01586451283247521,0.000680219285730415,1.0500291699566819e-05,1.0929668872538341e-05,0.3125
8.16249585641502,0.27508411280810424,0.015864822615094882,0.0004939557578640195,1.0505247390404429e-05,7.949950632082918e-06,0.3125
8.16249585641502,0.28008564213188797,0.015865058144393793,0.0003523392658429998,1.0509023674009072e-05,5.6793869302635255e-06,0.3125
8.16249585641502,0.28508717145567164,0.015865233590323574,0.00024684950940069935,1.0511842421506525e-05,3.984567862844232e-06,0.3125
8.16249585641502,0.29008870077945537,0.015865361550003874,0.00016991198168173633,1.0513902173101217e-05,2.746113271196262e-06,0.3125
8.16249585641502,0.2950902301032391,0.015865452870537106,0.00011500449047944521,1.0515374783290035e-05,1.8606896381256376e-06,0.3125
8.16249585641502,0.30009175942702276,0.015865516604727598,7.668376561065395e-05,1.0516404291235464e-05,1.2416890235153029e-06,0.3125
8.16249585641502,0.30509328875080655,0.015865560079168315,5.054450340228872e-05,1.051710768544434e-05,8.187690101003173e-07,0.3125
8.16249585641502,0.3100948180745902,0.01586558904615033,3.312801256798261e-05,1.0517577096124791e-05,5.365342558721956e-07,0.3125
8.16249585641502,0.31509634739837394,0.015865607888195493,2.1799222335677747e-05,1.0517882902208776e-05,3.526681292346611e-07,0.3125
8.16249585641502,0.32009787672215767,0.01586561984596481,1.460963824314625e-05,1.0518077270179709e-05,2.358047624042144e-07,0.3125
8.16249585641502,0.32509940604594134,0.015865627245460052,1.0160726317021876e-05,1.0518197725125994e-05,1.6338177663025557e-07,0.3125
8.16249585641502,0.33010093536972507,0.015865631707196487,7.478139664778457e-06,1.051827046433628e-05,1.1964785026464313e-07,0.3125
8.16249585641502,0.33510246469350885,0.015865634326951296,5.9030377896296375e-06,1.0518313236713435e-05,9.39313786215184e-08,0.3125
8.16249585641502,0.3401039940172925,0.015865635823737363,5.00311361181565e-06,1.0518337710310002e-05,7.921693299629664e-08,0.3125
8.16249585641502,0.34510552334107625,0.015865636655249604,4.503179174607205e-06,1.0518351326017206e-05,7.103069379182854e-08,0.3125
8.16249585641502,0.3501070526648599,0.015865637104028694,4.233358506154296e-06,1.0518358685315832e-05,6.660604529491006e-08,0.3125
8.16249585641502,0.35510858198864365,0.01586563733913925,4.092002967363456e-06,1.0518362546383092e-05,6.428465674104512e-08,0.3125
8.16249585641502,0.3601101113124274,0.01586563745858767,4.020187331815667e-06,1.0518364510858082e-05,6.31035610542154e-08,0.3125
8.16249585641502,0.3651116406362111,0.015865637517380335,3.984839996742709e-06,1.0518365479174148e-05,6.252138582333624e-08,0.3125
8.16249585641502,0.3701131699599948,0.015865637545385135,3.968003358706237e-06,1.051836594107533e-05,6.224368092321888e-08,0.3125
8.16249585641502,0.3751146992837785,0.01586563755827915,3.960251469119286e-06,1.0518366154053465e-05,6.211563456372935e-08,0.3125
8.16249585641502,0.3801162286075622,0.015865637564011385,3.956805872358969e-06,1.0518366248857856e-05,6.20586370152153e-08,0.3125
8.16249585641502,0.3851177579313459,0.01586563756646977,3.955329381008152e-06,1.051836628954366e-05,6.203417706936748e-08,0.3125
8.16249585641502,0.3901192872551297,0.015865637567483173,3.954720321348884e-06,1.0518366306350873e-05,6.202407248914787e-08,0.3125
8.16249585641502,0.39512081657891335,0.015865637567883593,3.954478861295689e-06,1.0518366313022836e-05,6.202006069346786e-08,0.3125
8.16249585641502,0.4001223459026971,0.015865637568038177,3.954387024977534e-06,1.051836631556579e-05,6.201853261908926e-08,0.3125
8.16249585641502,0.40512387522648075,0.015865637568099188,3.9543535809874765e-06,1.051836631649658e-05,6.201797532259755e-08,0.3125
8.16249585641502,0.41012540455026447,0.015865637568121916,3.954341944579824e-06,1.0518366316821733e-05,6.201778113241293e-08,0.3125
8.16249585641502,0.41512693387404825,0.015865637568133487,3.954338085553678e-06,1.0518366316932332e-05,6.201771663706204e-08,0.3125
8.16249585641502,0.4201284631978319,0.015865637568142053,3.954336868988617e-06,1.0518366316970438e-05,6.201769627456708e-08,0.3125
8.16249585641502,0.42512999252161565,0.01586563756815062,3.954336505502365e-06,1.0518366316985812e-05,6.201769018155519e-08,0.3125
8.16249585641502,0.4301315218453993,0.015865637568159185,3.954336402926638e-06,1.0518366316994225e-05,6.201768845951663e-08,0.3125
8.16249585641502,0.43513305116918305,0.015865637568167754,3.954336375698211e-06,1.0518366317000626e-05,6.201768800170226e-08,0.3125
8.16249585641502,0.4401345804929667,0.01586563756817632,3.954336368937394e-06,1.0518366317006476e-05,6.201768788783662e-08,0.3125
8.16249585641502,0.4451361098167505,0.015865637568184886,3.9543363673839955e-06,1.051836631701219e-05,6.201768786161841e-08,0.3125
8.16249585641502,0.45013763914053423,0.015865637568193453,3.9543363670662565e-06,1.0518366317017865e-05,6.201768785623318e-08,0.3125
8.16249585641502,0.4551391684643179,0.01586563756820202,3.954336367013979e-06,1.0518366317023537e-05,6.201768785537983e-08,0.3125
8.16249585641502,0.4601406977881016,0.015865637568210585,3.9543363669849794e-06,1.0518366317029209e-05,6.201768785492496e-08,0.3125
8.16249585641502,0.4651422271118853,0.01586563756821915,3.954336366955979e-06,1.051836631703488e-05,6.201768785447009e-08,0.3125
8.16249585641502,0.4701437564356691,0.015865637568227717,3.954336366926979e-06,1.051836631704055e-05,6.201768785401521e-08,0.3125
8.16249585641502,0.4751452857594528,0.015865637568236283,3.954336366897979e-06,1.0518366317046222e-05,6.201768785356034e-08,0.3125
8.16249585641502,0.4801468150832365,0.01586563756824485,3.954336366868978e-06,1.051836631705189e-05,6.201768785310545e-08,0.3125
8.16249585641502,0.4851483444070202,0.015865637568253415,3.9543363668399776e-06,1.0518366317057562e-05,6.201768785265057e-08,0.3125
8.16249585641502,0.4901498737308039,0.01586563756826198,3.954336366810977e-06,1.0518366317063234e-05,6.20176878521957e-08,0.3125
8.16249585641502,0.49515140305458766,0.015865637568270547,3.954336366781977e-06,1.0518366317068902e-05,6.201768785174083e-08,0.3125
8.16249585641502,0.5001529323783713,0.015865637568279113,3.954336366752977e-06,1.0518366317074574e-05,6.201768785128596e-08,0.3125
8.642642671498256,0.005001529323783714,0.015704359736278393,0.09698161441159732,8.458232211956999e-06,0.0012388395142356994,0.3125
8.642642671498256,0.010003058647567427,0.015708757269744574,0.09433732038841072,8.503981921503383e-06,0.0012113295181486068,0.3125
8.642642671498256,0.01500458797135114,0.01571315589917233,0.09169236754692803,8.550215660121906e-06,0.0011835284700317473,0.3125
8.642642671498256,0.020006117295134854,0.01571755475013692,0.0890472817067779,8.596931902911054e-06,0.0011554372870718713,0.3125
8.642642671498256,0.025007646618918567,0.01572195285766427,0.08640264313759807,8.644127936281366e-06,0.001127057601257774,0.3125
8.642642671498256,0.03000917594270228,0.015726349157228425,0.08375909197258048,8.691799699253319e-06,0.001098391854813079,0.3125
8.642642671498256,0.035010705266485996,0.015730742474849468,0.08111733416279171,8.739941606167597e-06,0.0010694434068062033,0.3125
8.642642671498256,0.04001223459026971,0.015735131516213578,0.07847814801976483,8.788546348858732e-06,0.0010402166521097636,0.3125
8.642642671498256,0.04501376391405342,0.015739514854732576,0.0758423913953496,8.83760467621005e-06,0.0010107171539609247,0.3125
8.642642671498256,0.050015293237837134,0.015743890918462646,0.07321100954807827,8.887105148901137e-06,0.0009809517914394685,0.3125
8.642642671498256,0.05501682256162084,0.01574825797580069,0.07058504374427141,8.93703386707673e-06,0.0009509289232287146,0.3125
8.642642671498256,0.06001835188540456,0.015752614119883844,0.06796564063902125,8.987374168635017e-06,0.000920658569043738,0.3125
8.642642671498256,0.06501988120918828,0.015756957251626725,0.06535406247622116,9.038106295873466e-06,0.0008901526100868005,0.3125
8.642642671498256,0.07002141053297199,0.015761285061347885,0.06275169813728729,9.089207028367715e-06,0.0008594250098077598,0.3125
8.642642671498256,0.07502293985675569,0.015765595008958726,0.060160075053751184,9.14064928023162e-06,0.0008284920560823549,0.3125
8.642642671498256,0.08002446918053942,0.015769884302725776,0.05758087197815575,9.192401660364937e-06,0.0007973726256467815,0.3125
8.642642671498256,0.08502599850432313,0.015774149876662168,0.055015932578890585,9.244427994989845e-06,0.0007660884712080882,0.3125
8.642642671498256,0.09002752782810684,0.01577838836667118,0.05246727978564759,9.296686812787673e-06,0.0007346645310433295,0.3125
8.642642671498256,0.09502905715189056,0.015782596085648706,0.04993713076055529,9.349130794352935e-06,0.0007031292600542205,0.3125
8.642642671498256,0.10003058647567427,0.015786768997864804,0.047427912302953776,9.401706189588967e-06,0.000671514980097855,0.3125
8.642642671498256,0.10503211579945798,0.015790902693085952,0.04494227640997181,9.454352209190896e-06,0.0006398582458973377,0.3125
8.642642671498256,0.11003364512324168,0.015794992361078664,0.04248311560730161,9.507000399625161e-06,0.0006082002208734337,0.3125
8.642642671498256,0.1150351744470254,0.015799032767358483,0.04005357753137059,9.559574015158145e-06,0.0005765870547476517,0.3125
8.642642671498256,0.12003670377080912,0.015803018231314223,0.03765707808274369,9.611987405627605e-06,0.0005450702516744668,0.3125
8.642642671498256,0.12503823309459283,0.01580694260815772,0.03529731227899693,9.664145444902784e-06,0.0005137070139014238,0.3125
8.642642671498256,0.13003976241837656,0.015810799276516803,0.03297826171367673,9.715943032382384e-06,0.00048256054150359076,0.3125
8.642642671498256,0.13504129174216026,0.01581458113390411,0.030704197279212912,9.767264708398867e-06,0.00045170026361638076,0.3125
8.642642671498256,0.14004282106594398,0.015818280602738766,0.028479675543691487,9.817984433837681e-06,0.0004212019709137645,0.3125
8.642642671498256,0.14504435038972768,0.01582188965005192,0.02630952689859412,9.867965594240008e-06,0.0003911478130900069,0.3125
8.642642671498256,0.15004587971351138,0.015825399824430802,0.02419883334035839,9.91706129843634e-06,0.0003616261192235044,0.3125
8.642642671498256,0.1550474090372951,0.015828802314089438,0.022152893547562613,9.965115050271963e-06,0.00033273099378205095,0.3125
8.642642671498256,0.16004893836107884,0.01583208803012017,0.02017717281564863,1.0011961877694654e-05,0.0003045616375964753,0.3125
8.642642671498256,0.16505046768486253,0.0158352477188763,0.018277235474519996,1.005743000433852e-05,0.000277221342612255,0.3125
8.642642671498256,0.17005199700864626,0.015838272106933542,0.016458657716108258,1.0101343142240383e-05,0.00025081611313689266,0.3125
8.642642671498256,0.17505352633242996,0.01584115208103875,0.01472691938230117,1.0143523467629595e-05,0.00022545287634130438,0.3125
8.642642671498256,0.1800550556562137,0.015843878903755302,0.013087274289570738,1.0183795312013938e-05,0.00020123726264838752,0.3125
8.642642671498256,0.1850565849799974,0.015846444463027156,0.011544600158230731,1.0221989555735441e-05,0.0001782709637304384,0.3125
8.642642671498256,0.1900581143037811,0.015848841550598187,0.010103231192450308,1.025794864984508e-05,0.00015664871271649084,0.3125
8.642642671498256,0.19505964362756484,0.015851064160204747,0.008766778772538402,1.0291532115854585e-05,0.00013645497708621287,0.3125
8.642642671498256,0.20006117295134854,0.015853107791965106,0.007537948423459984,1.0322622286279415e-05,0.00011776050682720887,0.3125
8.642642671498256,0.20506270227513224,0.01585496974487614,0.0064183639394816,1.0351129960531477e-05,0.00010061893356191423,0.3125
8.642642671498256,0.21006423159891596,0.015856649375448385,0.005408411873058361,1.0376999573422779e-05,8.506366282231796e-05,0.3125
8.642642671498256,0.21506576092269966,0.015858148298123775,0.004507121035320809,1.0400213423298869e-05,7.110533185823866e-05,0.3125
8.642642671498256,0.22006729024648336,0.015859470503083475,0.0037120916743598117,1.0420794500464952e-05,5.873010917507425e-05,0.3125
8.642642671498256,0.22506881957026711,0.015860622370130615,0.003019487146791802,1.0438807508185889e-05,4.789908094773446e-05,0.3125
8.642642671498256,0.2300703488940508,0.015861612563899383,0.0024240969513770983,1.0454357784989405e-05,3.854889942706623e-05,0.3125
8.642642671498256,0.23507187821783454,0.01586245180546573,0.0019194740811894157,1.0467588013834762e-05,3.059376211340687e-05,0.3125
8.642642671498256,0.24007340754161824,0.015863152527601045,0.0014981423405713715,1.0478672823007649e-05,2.3928658605657612e-05,0.3125
8.642642671498256,0.24507493686540194,0.015863728433749464,0.001151861548291204,1.0487811614987307e-05,1.843368290119445e-05,0.3125
8.642642671498256,0.25007646618918566,0.015864193992270684,0.0008719316598607612,1.0495220165183031e-05,1.3979085273204472e-05,0.3125
8.642642671498256,0.2550779955129694,0.015864563905462092,0.0006495120483976808,1.0501121675145945e-05,1.0430652054182438e-05,0.3125
8.642642671498256,0.2600795248367531,0.0158648525957702,0.0004759304424039857,1.0505738017240526e-05,7.654970175168856e-06,0.3125
8.642642671498256,0.2650810541605368,0.015865073748766924,0.00034295772494324304,1.050928185957868e-05,5.524162298482929e-06,0.3125
8.642642671498256,0.2700825834843205,0.01586523994438383,0.00024302965869838131,1.0511950221187564e-05,3.919761873321649e-06,0.3125
8.642642671498256,0.27508411280810424,0.015865362396099404,0.00016940369664733947,1.0513919805445554e-05,2.73551887565076e-06,0.3125
8.642642671498256,0.28008564213188797,0.015865450804436392,0.00011624705739388695,1.0515344232751223e-05,1.8790635307263722e-06,0.3125
8.642642671498256,0.28508717145567164,0.015865513318545233,7.865981004804852e-05,1.0516353080155034e-05,1.2724835307100553e-06,0.3125
8.642642671498256,0.29008870077945537,0.015865556589696267,5.264269668594394e-05,1.051705246753695e-05,8.519713569625784e-07,0.3125
8.642642671498256,0.2950902301032391,0.01586558589429941,3.502315155224178e-05,1.0517526824879751e-05,5.667614638090302e-07,0.3125
8.642642671498256,0.30009175942702276,0.01586560530184833,2.3354310375229085e-05,1.0517841436677395e-05,3.776002269202505e-07,0.3125
8.642642671498256,0.30509328875080655,0.015865617864445233,1.5801046450423762e-05,1.0518045378680892e-05,2.5498002973342536e-07,0.3125
8.642642671498256,0.3100948180745902,0.015865625808307117,1.1024817653293498e-05,1.0518174522483187e-05,1.7733259881926712e-07,0.3125
8.642642671498256,0.31509634739837394,0.015865630712728663,8.07605754347199e-06,1.0518254365772596e-05,1.293271933793122e-07,0.3125
8.642642671498256,0.32009787672215767,0.015865633667313816,6.299634516539728e-06,1.0518302533014545e-05,1.0036698347212349e-07,0.3125
8.642642671498256,0.32509940604594134,0.015865635403087355,5.256017447813835e-06,1.051833086976936e-05,8.332978245177999e-08,0.3125
8.642642671498256,0.33010093536972507,0.015865636396883185,4.658509715147774e-06,1.0518347116054506e-05,7.356190007241618e-08,0.3125
8.642642671498256,0.33510246469350885,0.015865636951012736,4.3253473214205755e-06,1.0518356187297704e-05,6.810794720628164e-08,0.3125
8.642642671498256,0.3401039940172925,0.01586563725170281,4.1445624888010225e-06,1.0518361116450538e-05,6.514437798135144e-08,0.3125
8.642642671498256,0.34510552334107625,0.015865637410368467,4.049167799676775e-06,1.0518363721005042e-05,6.357844032581097e-08,0.3125
8.642642671498256,0.3501070526648599,0.01586563749171608,4.00025952463815e-06,1.0518365058186673e-05,6.277448933083677e-08,0.3125
8.642642671498256,0.35510858198864365,0.015865637532203717,3.975917811095851e-06,1.0518365724622331e-05,6.237381148245532e-08,0.3125
8.642642671498256,0.3601101113124274,0.015865637551747247,3.964168353729044e-06,1.0518366046747067e-05,6.218014291778655e-08,0.3125
8.642642671498256,0.3651116406362111,0.015865637560887692,3.9586737136428215e-06,1.0518366197597545e-05,6.208944901917808e-08,0.3125
8.642642671498256,0.3701131699599948,0.015865637565026226,3.956186924881542e-06,1.0518366265965704e-05,6.204834580927875e-08,0.3125
8.642642671498256,0.3751146992837785,0.015865637566837388,3.955098989761024e-06,1.051836629591755e-05,6.203033892588677e-08,0.3125
8.642642671498256,0.3801162286075622,0.01586563756760161,3.954639499455556e-06,1.0518366308584812e-05,6.202272319694562e-08,0.3125
8.642642671498256,0.3851177579313459,0.01586563756791294,3.954452406540658e-06,1.0518366313749814e-05,6.201961797200786e-08,0.3125
8.642642671498256,0.3901192872551297,0.015865637568034212,3.95437907478215e-06,1.0518366315776432e-05,6.201839917991476e-08,0.3125
8.642642671498256,0.39512081657891335,0.01586563756808507,3.954351451983375e-06,1.0518366316544386e-05,6.201793944402899e-08,0.3125
8.642642671498256,0.4001223459026971,0.015865637568107778,3.954341470297296e-06,1.0518366316825402e-05,6.201777308383265e-08,0.3125
8.642642671498256,0.40512387522648075,0.015865637568116354,3.9543380169242606e-06,1.0518366316922889e-05,6.201771544759352e-08,0.3125
8.642642671498256,0.41012540455026447,0.01586563756812492,3.9543368755198584e-06,1.0518366316958944e-05,6.201769637101437e-08,0.3125
8.642642671498256,0.41512693387404825,0.015865637568133487,3.9543365159878556e-06,1.0518366316974199e-05,6.20176903535953e-08,0.3125
8.642642671498256,0.4201284631978319,0.015865637568142053,3.95433640835541e-06,1.0518366316982742e-05,6.201768854961095e-08,0.3125
8.642642671498256,0.42512999252161565,0.01586563756815062,3.954336377831506e-06,1.0518366316989229e-05,6.201768803726967e-08,0.3125
8.642642671498256,0.4301315218453993,0.015865637568159185,3.954336369667119e-06,1.0518366316995117e-05,6.201768790001978e-08,0.3125
8.642642671498256,0.43513305116918305,0.015865637568167754,3.954336367624015e-06,1.0518366317000843e-05,6.201768786560646e-08,0.3125
8.642642671498256,0.4401345804929667,0.01586563756817632,3.9543363671560555e-06,1.0518366317006525e-05,6.201768785769173e-08,0.3125
8.642642671498256,0.4451361098167505,0.015865637568184886,3.954336367071981e-06,1.0518366317012197e-05,6.201768785628958e-08,0.3125
8.642642671498256,0.45013763914053423,0.015865637568193453,3.95433636704298e-06,1.0518366317017867e-05,6.201768785583471e-08,0.3125
8.642642671498256,0.4551391684643179,0.01586563756820202,3.954336367013979e-06,1.0518366317023537e-05,6.201768785537983e-08,0.3125
8.642642671498256,0.4601406977881016,0.015865637568210585,3.9543363669849794e-06,1.0518366317029209e-05,6.201768785492496e-08,0.3125
8.642642671498256,0.4651422271118853,0.01586563756821915,3.954336366955979e-06,1.051836631703488e-05,6.201768785447009e-08,0.3125
8.642642671498256,0.4701437564356691,0.015865637568227717,3.954336366926979e-06,1.051836631704055e-05,6.201768785401521e-08,0.3125
8.642642671498256,0.4751452857594528,0.015865637568236283,3.954336366897979e-06,1.0518366317046222e-05,6.201768785356034e-08,0.3125
8.642642671498256,0.4801468150832365,0.01586563756824485,3.954336366868978e-06,1.051836631705189e-05,6.201768785310545e-08,0.3125
8.642642671498256,0.4851483444070202,0.015865637568253415,3.9543363668399776e-06,1.0518366317057562e-05,6.201768785265057e-08,0.3125
8.642642671498256,0.4901498737308039,0.01586563756826198,3.954336366810977e-06,1.0518366317063234e-05,6.20176878521957e-08,0.3125
8.642642671498256,0.49515140305458766,0.015865637568270547,3.954336366781977e-06,1.0518366317068902e-05,6.201768785174083e-08,0.3125
8.642642671498256,0.5001529323783713,0.015865637568279113,3.954336366752977e-06,1.0518366317074574e-05,6.201768785128596e-08,0.3125
9.122789486581492,0.005001529323783714,0.0157268591529351,0.08345246952667172,8.697578852121404e-06,0.0010949172534589718,0.3125
9.122789486581492,0.010003058647567427,0.015731040082588275,0.08093842294733422,8.743439149237615e-06,0.0010673407724752194,0.3125
9.122789486581492,0.01500458797135114,0.015735217676135598,0.0784263826647177,8.789724999287967e-06,0.0010395084030161822,0.3125
9.122789486581492,0.020006117295134854,0.015739390727856652,0.07591707371556804,8.83642887904572e-06,0.0010114246692391107,0.3125
9.122789486581492,0.025007646618918567,0.015743557912830004,0.07341129281559834,8.883541487399229e-06,0.0009830951644040364,0.3125
9.122789486581492,0.03000917594270228,0.015747717775504457,0.07090991523203488,8.931051530284508e-06,0.0009545266802004143,0.3125
9.122789486581492,0.035010705266485996,0.015751868717241282,0.06841390227475362,8.978945482826935e-06,0.0009257273497783371,0.3125
9.122789486581492,0.04001223459026971,0.015756008982769236,0.0659243094412062,9.02720732687109e-06,0.0008967068055794495,0.3125
9.122789486581492,0.04501376391405342,0.015760136645502847,0.06344229524491994,9.075818262132006e-06,0.0008674763530299014,0.3125
9.122789486581492,0.050015293237837134,0.015764249591687967,0.06096913074904742,9.12475638933506e-06,0.0008380491610769583,0.3125
9.122789486581492,0.05501682256162084,0.015768345503360225,0.058506209814141945,9.173996363958622e-06,0.0008084404704029106,0.3125
9.122789486581492,0.06001835188540456,0.01577242184012823,0.0560550600519996,9.223509019584798e-06,0.0007786678199136598,0.3125
9.122789486581492,0.06501988120918828,0.015776475819836298,0.053617354453652066,9.273260960450996e-06,0.0007487512917472621,0.3125
9.122789486581492,0.07002141053297199,0.015780504398211846,0.051194923627850476,9.323214123624398e-06,0.0007187137745483788,0.3125
9.122789486581492,0.07502293985675569,0.015784504247672266,0.048789768544727545,9.373325312363254e-06,0.00068858124406743,0.3125
9.122789486581492,0.08002446918053942,0.015788471735556298,0.046404073625650154,9.423545703759876e-06,0.0006583830592240018,0.3125
9.122789486581492,0.08502599850432313,0.01579240290215616,0.044040219952204696,9.473820335758702e-06,0.0006281522705702436,0.3125
9.122789486581492,0.09002752782810684,0.015796293439072455,0.041700798282285664,9.52408758121605e-06,0.0005979259365451523,0.3125
9.122789486581492,0.09502905715189056,0.01580013866857935,0.03938862145695656,9.57427861989611e-06,0.0005677454409663217,0.3125
9.122789486581492,0.10003058647567427,0.01580393352490606,0.037106735655950865,9.62431692329376e-06,0.0005376568028059077,0.3125
9.122789486581492,0.10503211579945798,0.01580767253858075,0.034858429810963654,9.674117771994569e-06,0.0005077109663969572,0.3125
9.122789486581492,0.11003364512324168,0.015811349825272037,0.0326472423141798,9.723587830978331e-06,0.0004779640567920748,0.3125
9.122789486581492,0.1150351744470254,0.015814959080883314,0.030476963966879444,9.772624814810956e-06,0.0004484775810647282,0.3125
9.122789486581492,0.12003670377080912,0.015818493584999024,0.02835163590478824,9.82111728192248e-06,0.0004193185519810108,0.3125
9.122789486581492,0.12503823309459283,0.015821946215142556,0.02627554102304974,9.868944604869067e-06,0.0003905595058418851,0.3125
9.122789486581492,0.13003976241837656,0.015825309474635833,0.024253187220526152,9.915977171126939e-06,0.0003622783816925635,0.3125
9.122789486581492,0.13504129174216026,0.015828575537138543,0.02228928061447774,9.962076875848212e-06,0.00033455822496104436,0.3125
9.122789486581492,0.14004282106594398,0.015831736311108593,0.020388686776006675,1.0007097973038483e-05,0.00030748667556216403,0.3125
9.122789486581492,0.14504435038972768,0.01583478352740722,0.018556378047452464,1.0050888353390365e-05,0.00028115519943731974,0.3125
9.122789486581492,0.15004587971351138,0.015837708852982534,0.01679736517848098,1.0093291313759577e-05,0.0002556580244548541,0.3125
9.122789486581492,0.1550474090372951,0.015840504032897027,0.01511661191829851,1.0134147872961626e-05,0.00023109074779573526,0.3125
9.122789486581492,0.16004893836107884,0.015843161061822222,0.01351893188891401,1.0173299669080582e-05,0.00020754859366833612,0.3125
9.122789486581492,0.16505046768486253,0.01584567238441595,0.012008868091517947,1.0210592442943554e-05,0.00018512431856144198,0.3125
9.122789486581492,0.17005199700864626,0.015848031121675796,0.01059055679426496,1.0245880069678965e-05,0.00016390578694382488,0.3125
9.122789486581492,0.17505352633242996,0.015850231317447668,0.009267579301839551,1.0279029045565968e-05,0.00014397327321804914,0.3125
9.122789486581492,0.1800550556562137,0.015852268195891764,0.00804280713820897,1.0309923272986893e-05,0.0001253965844592778,0.3125
9.122789486581492,0.1850565849799974,0.01585413841713338,0.006918248324141559,1.033846891719244e-05,0.00010823214002153585,0.3125
9.122789486581492,0.1900581143037811,0.01585584031496833,0.005894904447788066,1.0364599042766527e-05,9.252018367038913e-05,0.3125
9.122789486581492,0.19505964362756484,0.015857374097927358,0.004972649772060527,1.0388277685865163e-05,7.828233505405727e-05,0.3125
9.122789486581492,0.20006117295134854,0.015858741993860028,0.004150144307026901,1.040950299283079e-05,6.551970263392559e-05,0.3125
9.122789486581492,0.20506270227513224,0.015859948319123813,0.003424792221016263,1.0428309068546583e-05,5.4211772514496335e-05,0.3125
9.122789486581492,0.21006423159891596,0.01586099945690473,0.0027927548937046703,1.0444766237450997e-05,4.431625179236017e-05,0.3125
9.122789486581492,0.21506576092269966,0.01586190373528438,0.002249024252612515,1.0458979528619846e-05,3.5769979801648245e-05,0.3125
9.122789486581492,0.22006729024648336,0.015862671204058997,0.0017875569906612115,1.0471085346975718e-05,2.849093004124931e-05,0.3125
9.122789486581492,0.22506881957026711,0.01586331331911849,0.0014014643650763358,1.048124646901055e-05,2.2381219539734236e-05,0.3125
9.122789486581492,0.2300703488940508,0.015863842553089796,0.0010832463303876506,1.048964567885972e-05,1.7330935715464058e-05,0.3125
9.122789486581492,0.23507187821783454,0.015864271959345536,0.0008250537082200571,1.0496478510734968e-05,1.3222500499475555e-05,0.3125
9.122789486581492,0.24007340754161824,0.01586461472189632,0.0006189588386533518,1.0501945660416193e-05,9.935233357013377e-06,0.3125
9.122789486581492,0.24507493686540194,0.015864883725086903,0.0004572143194173611,1.0506245654015839e-05,7.349759517018134e-06,0.3125
9.122789486581492,0.25007646618918566,0.015865091174058793,0.00033248121339180144,1.0509568311900504e-05,5.351939991197187e-06,0.3125
9.122789486581492,0.2550779955129694,0.015865248290157636,0.00023801218890136543,1.0512089429248028e-05,3.836069970272961e-06,0.3125
9.122789486581492,0.2600795248367531,0.015865365096044883,0.00016778071868481337,1.0513966933980308e-05,2.7071888409845478e-06,0.3125
9.122789486581492,0.2650810541605368,0.015865450294875495,0.00011655371679405779,1.0515338606138015e-05,1.882451301855849e-06,0.3125
9.122789486581492,0.2700825834843205,0.01586551123819304,7.991083071000031e-05,1.051632127854174e-05,1.2916077983641104e-06,0.3125
9.122789486581492,0.27508411280810424,0.01586555396952911,5.421821455346935e-05,1.05170113092895e-05,8.767202364764278e-07,0.3125
9.122789486581492,0.28008564213188797,0.01586558332587088,3.656750902275195e-05,1.0517486035153598e-05,5.912879243377775e-07,0.3125
9.122789486581492,0.28508717145567164,0.015865603077351038,2.4691840577047462e-05,1.0517805883702847e-05,3.9897746675393774e-07,0.3125
9.122789486581492,0.29008870077945537,0.015865616086358957,1.68701455159828e-05,1.0518016834654821e-05,2.7214270883242425e-07,0.3125
9.122789486581492,0.2950902301032391,0.01586562447004719,1.1829454092043985e-05,1.0518152965603092e-05,1.9029397826175507e-07,0.3125
9.122789486581492,0.30009175942702276,0.015865629754073424,8.652446478610927e-06,1.051823887987766e-05,1.3863822553771623e-07,0.3125
9.122789486581492,0.30509328875080655,0.01586563300956998,6.695094953014307e-06,1.051829188185602e-05,1.0677103766921439e-07,0.3125
9.122789486581492,0.3100948180745902,0.01586563496915809,5.516906682263254e-06,1.051832382746906e-05,8.756396474962723e-08,0.3125
9.122789486581492,0.31509634739837394,0.01586563612093482,4.824411833431868e-06,1.0518342628616158e-05,7.625995277278177e-08,0.3125
9.122789486581492,0.32009787672215767,0.01586563678159002,4.427200624250795e-06,1.0518353427010605e-05,6.976754545129297e-08,0.3125
9.122789486581492,0.32509940604594134,0.015865637151176885,4.204991595589857e-06,1.0518359475798627e-05,6.613079706239822e-08,0.3125
9.122789486581492,0.33010093536972507,0.015865637352692655,4.083833343461148e-06,1.0518362778186296e-05,6.41452907496042e-08,0.3125
9.122789486581492,0.33510246469350885,0.015865637459709276,4.01949150500626e-06,1.0518364534235187e-05,6.308949929663691e-08,0.3125
9.122789486581492,0.3401039940172925,0.015865637515022023,3.986236128732942e-06,1.051836544304534e-05,6.254309660012798e-08,0.3125
9.122789486581492,0.34510552334107625,0.015865637542824763,3.969520760398073e-06,1.0518365900444705e-05,6.226809623495381e-08,0.3125
9.122789486581492,0.3501070526648599,0.01586563755640478,3.961356994364935e-06,1.051836612413115e-05,6.213361105394375e-08,0.3125
9.122789486581492,0.35510858198864365,0.015865637562843704,3.957486241781016e-06,1.0518366230328514e-05,6.206976321414363e-08,0.3125
9.122789486581492,0.3601101113124274,0.01586563756580347,3.955706271480838e-06,1.0518366279226538e-05,6.204036432295418e-08,0.3125
9.122789486581492,0.3651116406362111,0.015865637567124256,3.95491323264521e-06,1.0518366301042592e-05,6.202724894929358e-08,0.3125
9.122789486581492,0.3701131699599948,0.015865637567691087,3.954571285628074e-06,1.0518366310459645e-05,6.202158637643452e-08,0.3125
9.122789486581492,0.3751146992837785,0.015865637567929747,3.9544287620001395e-06,1.0518366314391563e-05,6.20192231163886e-08,0.3125
9.122789486581492,0.3801162286075622,0.015865637568027308,3.954371414033187e-06,1.0518366315976614e-05,6.201827094886871e-08,0.3125
9.122789486581492,0.3851177579313459,0.01586563756807119,3.954349168383623e-06,1.051836631659649e-05,6.201790111021233e-08,0.3125
9.122789486581492,0.3901192872551297,0.01586563756809064,3.9543408620704585e-06,1.0518366316830388e-05,6.201776283359889e-08,0.3125
9.122789486581492,0.39512081657891335,0.015865637568099222,3.954337881577231e-06,1.0518366316915207e-05,6.201771315110925e-08,0.3125
9.122789486581492,0.4001223459026971,0.01586563756810779,3.954336855698416e-06,1.0518366316948151e-05,6.20176960277909e-08,0.3125
9.122789486581492,0.40512387522648075,0.015865637568116354,3.954336517664133e-06,1.051836631696282e-05,6.201769037800626e-08,0.3125
9.122789486581492,0.41012540455026447,0.01586563756812492,3.954336411274015e-06,1.0518366316971326e-05,6.201768859744673e-08,0.3125
9.122789486581492,0.41512693387404825,0.015865637568133487,3.954336379376449e-06,1.0518366316977846e-05,6.201768806287232e-08,0.3125
9.122789486581492,0.4201284631978319,0.015865637568142053,3.954336370298796e-06,1.051836631698376e-05,6.201768791051666e-08,0.3125
9.122789486581492,0.42512999252161565,0.01586563756815062,3.954336367862456e-06,1.0518366316989495e-05,6.2017687869555e-08,0.3125
9.122789486581492,0.4301315218453993,0.015865637568159185,3.9543363672577715e-06,1.0518366316995182e-05,6.20176878593527e-08,0.3125
9.122789486581492,0.43513305116918305,0.015865637568167754,3.954336367129981e-06,1.0518366317000855e-05,6.201768785719934e-08,0.3125
9.122789486581492,0.4401345804929667,0.01586563756817632,3.954336367100981e-06,1.0518366317006527e-05,6.201768785674447e-08,0.3125
9.122789486581492,0.4451361098167505,0.015865637568184886,3.954336367071981e-06,1.0518366317012197e-05,6.201768785628958e-08,0.3125
9.122789486581492,0.45013763914053423,0.015865637568193453,3.95433636704298e-06,1.0518366317017867e-05,6.201768785583471e-08,0.3125
9.122789486581492,0.4551391684643179,0.01586563756820202,3.954336367013979e-06,1.0518366317023537e-05,6.201768785537983e-08,0.3125
9.122789486581492,0.4601406977881016,0.015865637568210585,3.9543363669849794e-06,1.0518366317029209e-05,6.201768785492496e-08,0.3125
9.122789486581492,0.4651422271118853,0.01586563756821915,3.954336366955979e-06,1.051836631703488e-05,6.201768785447009e-08,0.3125
9.122789486581492,0.4701437564356691,0.015865637568227717,3.954336366926979e-06,1.051836631704055e-05,6.201768785401521e-08,0.3125
9.122789486581492,0.4751452857594528,0.015865637568236283,3.954336366897979e-06,1.0518366317046222e-05,6.201768785356034e-08,0.3125
9.122789486581492,0.4801468150832365,0.01586563756824485,3.954336366868978e-06,1.051836631705189e-05,6.201768785310545e-08,0.3125
9.122789486581492,0.4851483444070202,0.015865637568253415,3.9543363668399776e-06,1.0518366317057562e-05,6.201768785265057e-08,0.3125
9.122789486581492,0.4901498737308039,0.01586563756826198,3.954336366810977e-06,1.0518366317063234e-05,6.20176878521957e-08,0.3125
9.122789486581492,0.49515140305458766,0.015865637568270547,3.954336366781977e-06,1.0518366317068902e-05,6.201768785174083e-08,0.3125
9.122789486581492,0.5001529323783713,0.015865637568279113,3.954336366752977e-06,1.0518366317074574e-05,6.201768785128596e-08,0.3125
9.602936301664728,0.005001529323783714,0.015747229768034183,0.0712033987628898,8.925655104784954e-06,0.0009577720752844404,0.3125
9.602936301664728,0.010003058647567427,0.015751194028876984,0.06881963889153915,8.971330584815257e-06,0.0009303067436422838,0.3125
9.602936301664728,0.01500458797135114,0.015755149499408774,0.06644116507047262,9.017351650581887e-06,0.0009026336102303277,0.3125
9.602936301664728,0.020006117295134854,0.015759094559569878,0.06406895148958303,9.063702957959757e-06,0.0008747619021350047,0.3125
9.602936301664728,0.025007646618918567,0.015763027435938545,0.0617040645595845,9.11036665437237e-06,0.0008467023548539405,0.3125
9.602936301664728,0.03000917594270228,0.015766946187965692,0.05934767118944229,9.15732210373282e-06,0.000818467377696398,0.3125
9.602936301664728,0.035010705266485996,0.015770848693219066,0.05700104765947029,9.204545586917865e-06,0.0007900712338960169,0.3125
9.602936301664728,0.04001223459026971,0.015774732631652053,0.05466558908064348,9.252009977066235e-06,0.0007615302358619201,0.3125
9.602936301664728,0.04501376391405342,0.015778595468946673,0.05234281941103891,9.299684389483762e-06,0.0007328629556991536,0.3125
9.602936301664728,0.050015293237837134,0.015782434439020984,0.05003440197422318,9.347533806625178e-06,0.0007040904507152607,0.3125
9.602936301664728,0.05501682256162084,0.01578624652585032,0.04774215039055844,9.39551867955667e-06,0.0006752365030689374,0.3125
9.602936301664728,0.06001835188540456,0.015790028444820973,0.04546803978910083,9.443594508537429e-06,0.0006463278719736064,0.3125
9.602936301664728,0.06501988120918828,0.0157937766239298,0.04321421811322059,9.49171140696438e-06,0.0006173945559044227,0.3125
9.602936301664728,0.07002141053297199,0.015797487185248482,0.04098301726544272,9.539813654961281e-06,0.0005884700610298145,0.3125
9.602936301664728,0.07502293985675569,0.015801155927217234,0.03877696375442765,9.587839251449713e-06,0.0005595916705542762,0.3125
9.602936301664728,0.08002446918053942,0.015804778308491346,0.03659878840785278,9.635719476667732e-06,0.0005308007077760657,0.3125
9.602936301664728,0.08502599850432313,0.01580834943426029,0.034451434598152406,9.683378480869895e-06,0.0005021427833980989,0.3125
9.602936301664728,0.09002752782810684,0.015811864046183424,0.03233806429349277,9.73073291937545e-06,0.00047366801496489196,0.3125
9.602936301664728,0.09502905715189056,0.015815316517336194,0.030262061095401388,9.777691659213095e-06,0.00044543120324224393,0.3125
9.602936301664728,0.10003058647567427,0.01581870085383423,0.028227029260861222,9.824155588256342e-06,0.0004174919469620014,0.3125
9.602936301664728,0.10503211579945798,0.015822010705082133,0.02623678753739501,9.870017563758728e-06,0.0003899146737364189,0.3125
9.602936301664728,0.11003364512324168,0.01582523938486923,0.024295356476047948,9.915162543255616e-06,0.00036276856130562185,0.3125
9.602936301664728,0.1150351744470254,0.015828379905764935,0.022406937746115043,9.959467946373545e-06,0.0003361273199282928,0.3125
9.602936301664728,0.12003670377080912,0.01583142502942755,0.02057588388051044,1.0002804300446557e-05,0.00031006880410669533,0.3125
9.602936301664728,0.12503823309459283,0.015834367335470185,0.018806656862770547,1.0045036224977992e-05,0.0002846744205513531,0.3125
9.602936301664728,0.13003976241837656,0.015837199311361964,0.01710377406409115,1.0086023808650406e-05,0.0002600283000934423,0.3125
9.602936301664728,0.13504129174216026,0.01583991346542054,0.015471740295710539,1.0125624426310025e-05,0.00023621620502999852,0.3125
9.602936301664728,0.14004282106594398,0.015842502464177496,0.013914965205033778,1.0163695030539453e-05,0.00021332415109100695,0.3125
9.602936301664728,0.14504435038972768,0.015844959294217524,0.012437665956192206,1.0200094931599352e-05,0.00019143673574761308,0.3125
9.602936301664728,0.15004587971351138,0.015847277446940318,0.011043756127122573,1.0234689049560035e-05,0.00017063518259603227,0.3125
9.602936301664728,0.1550474090372951,0.015849451122576852,0.009736723030087201,1.026735158307963e-05,0.0001509951352245407,0.3125
9.602936301664728,0.16004893836107884,0.01585147544725855,0.008519497184587818,1.0297969991526853e-05,0.00013258426268871772,0.3125
9.602936301664728,0.16505046768486253,0.015853346694149034,0.007394319349496159,1.0326449133799885e-05,0.00011545977079892648,0.3125
9.602936301664728,0.17005199700864626,0.015855062496859248,0.006362612197650588,1.0352715353182914e-05,9.966594589931444e-05,0.3125
9.602936301664728,0.17505352633242996,0.015856622040954213,0.005424865166828445,1.037672024999486e-05,8.52318864300856e-05,0.3125
9.602936301664728,0.1800550556562137,0.015858026217783396,0.004580541968736131,1.0398443851373332e-05,7.216959704986068e-05,0.3125
9.602936301664728,0.1850565849799974,0.015859277724618256,0.0038280203865959928,1.0417896879607784e-05,6.047262485780294e-05,0.3125
9.602936301664728,0.1900581143037811,0.0158603810965927,0.0031645730821793228,1.043512184507867e-05,5.011540243033729e-05,0.3125
9.602936301664728,0.19505964362756484,0.015861342659473428,0.0025863960099355696,1.0450192751784103e-05,4.1053425145763336e-05,0.3125
9.602936301664728,0.20006117295134854,0.01586217039780207,0.00208868771879118,1.0463213301846205e-05,3.322433108897814e-05,0.3125
9.602936301664728,0.20506270227513224,0.015862873740049264,0.0016657785541198892,1.0474313612608559e-05,2.654987532792698e-05,0.3125
9.602936301664728,0.21006423159891596,0.015863463270315136,0.0013113040254598193,1.0483645601391567e-05,2.09387052951083e-05,0.3125
9.602936301664728,0.21506576092269966,0.01586395038372107,0.0010184120290443425,1.04913773289996e-05,1.62897622167402e-05,0.3125
9.602936301664728,0.22006729024648336,0.015864346908777846,0.0007799899240312205,1.0497686702408849e-05,1.2496067796562205e-05,0.3125
9.602936301664728,0.22506881957026711,0.015864664723620466,0.0005888952916239024,1.0502755001309282e-05,9.44861673755067e-06,0.3125
9.602936301664728,0.2300703488940508,0.015864915393411862,0.0004381739610211264,1.050676070110896e-05,7.040090925154317e-06,0.3125
9.602936301664728,0.23507187821783454,0.01586510985330961,0.000321250634661894,1.0509874015348143e-05,5.168140964878314e-06,0.3125
9.602936301664728,0.24007340754161824,0.0158652581556505,0.00023208089656547829,1.0512252482311063e-05,3.738039796941708e-06,0.3125
9.602936301664728,0.24507493686540194,0.015865369292413913,0.0001652579539841437,1.0514037791277006e-05,2.664590890291275e-06,0.3125
9.602936301664728,0.25007646618918566,0.015865451095823154,0.00011607239448469859,1.051535390480771e-05,1.8732571255502255e-06,0.3125
9.602936301664728,0.2550779955129694,0.015865510212374236,8.052779212608922e-05,1.0516306405670761e-05,1.3005533181505471e-06,0.3125
9.602936301664728,0.2600795248367531,0.015865552139629684,5.531857468676174e-05,1.0516982896770287e-05,8.938055949987864e-07,0.3125
9.602936301664728,0.2650810541605368,0.01586558131135558,3.777882410191411e-05,1.0517454219038619e-05,6.10418965278477e-07,0.3125
9.602936301664728,0.2700825834843205,0.015865601215132055,2.5811552686442372e-05,1.051777622729971e-05,4.1680941865640373e-07,0.3125
9.602936301664728,0.27508411280810424,0.015865614527161148,1.7807641098765513e-05,1.0517991872945754e-05,2.871515704825689e-07,0.3125
9.602936301664728,0.28008564213188797,0.015865623251098415,1.2562357963693558e-05,1.0518133376050162e-05,2.0207255622873224e-07,0.3125
9.602936301664728,0.28508717145567164,0.015865628850723325,9.195585719495635e-06,1.0518224317872306e-05,1.4739381547024053e-07,0.3125
9.602936301664728,0.29008870077945537,0.015865632369527056,7.079914084695022e-06,1.051828153775261e-05,1.1299050983741916e-07,0.3125
9.602936301664728,0.2950902301032391,0.015865634533361032,5.778919139751159e-06,1.051831676836067e-05,9.180827644066049e-08,0.3125
9.602936301664728,0.30009175942702276,0.01586563583484545,4.9964105062813826e-06,1.0518337985042507e-05,7.905189606642717e-08,0.3125
9.602936301664728,0.30509328875080655,0.01586563660012944,4.53629027324003e-06,1.0518350476181144e-05,7.154171483400608e-08,0.3125
9.602936301664728,0.3100948180745902,0.01586563703981827,4.271932120155008e-06,1.0518357661810436e-05,6.722143782931859e-08,0.3125
9.602936301664728,0.31509634739837394,0.015865637286515934,4.123608344090152e-06,1.051836169848412e-05,6.479444315058839e-08,0.3125
9.602936301664728,0.32009787672215767,0.01586563742160659,4.042387232219664e-06,1.0518363911691981e-05,6.346378724374648e-08,0.3125
9.602936301664728,0.32509940604594134,0.01586563749375982,3.999006651772864e-06,1.0518365095248382e-05,6.275219567615282e-08,0.3125
9.602936301664728,0.33010093536972507,0.01586563753132376,3.9764226040169745e-06,1.0518365712178375e-05,6.23812794870918e-08,0.3125
9.602936301664728,0.33510246469350885,0.015865637550371996,3.964970583221033e-06,1.0518366025403392e-05,6.219296019476352e-08,0.3125
9.602936301664728,0.3401039940172925,0.015865637559774846,3.959318467975021e-06,1.0518366180188124e-05,6.209990028976654e-08,0.3125
9.602936301664728,0.34510552334107625,0.015865637564289367,3.956605516403692e-06,1.051836625457671e-05,6.205517708738056e-08,0.3125
9.602936301664728,0.3501070526648599,0.015865637566394405,3.955340180219795e-06,1.0518366289314938e-05,6.203429199067687e-08,0.3125
9.602936301664728,0.35510858198864365,0.015865637567348656,3.954767241363166e-06,1.0518366305064533e-05,6.202482353577756e-08,0.3125
9.602936301664728,0.3601101113124274,0.01586563756776996,3.9545156318087535e-06,1.0518366311991136e-05,6.202066022419788e-08,0.3125
9.602936301664728,0.3651116406362111,0.01586563756794601,3.954408576031002e-06,1.0518366314939831e-05,6.201888659173264e-08,0.3125
9.602936301664728,0.3701131699599948,0.015865637568022933,3.954364493027429e-06,1.05183663161585e-05,6.201815533929042e-08,0.3125
9.602936301664728,0.3751146992837785,0.0158656375680579,3.954346946675795e-06,1.051836631664721e-05,6.201786391440208e-08,0.3125
9.602936301664728,0.3801162286075622,0.015865637568073524,3.954340204630733e-06,1.0518366316836641e-05,6.201775179615897e-08,0.3125
9.602936301664728,0.3851177579313459,0.01586563756808209,3.954337707318253e-06,1.0518366316908544e-05,6.201771021432001e-08,0.3125
9.602936301664728,0.3901192872551297,0.015865637568090656,3.9543368169631156e-06,1.051836631693786e-05,6.201769537062861e-08,0.3125
9.602936301664728,0.39512081657891335,0.015865637568099222,3.954336511942257e-06,1.0518366316951639e-05,6.201769027897961e-08,0.3125
9.602936301664728,0.4001223459026971,0.01586563756810779,3.954336411723517e-06,1.0518366316959976e-05,6.201768860391032e-08,0.3125
9.602936301664728,0.40512387522648075,0.015865637568116354,3.95433638021379e-06,1.0518366316966486e-05,6.201768807656523e-08,0.3125
9.602936301664728,0.41012540455026447,0.01586563756812492,3.954336370762737e-06,1.051836631697241e-05,6.201768791817269e-08,0.3125
9.602936301664728,0.41512693387404825,0.015865637568133487,3.95433636807334e-06,1.051836631697815e-05,6.201768787302692e-08,0.3125
9.602936301664728,0.4201284631978319,0.015865637568142053,3.954336367358084e-06,1.051836631698384e-05,6.201768786098945e-08,0.3125
9.602936301664728,0.42512999252161565,0.01586563756815062,3.954336367187982e-06,1.0518366316989515e-05,6.201768785810909e-08,0.3125
9.602936301664728,0.4301315218453993,0.015865637568159185,3.954336367158981e-06,1.0518366316995185e-05,6.201768785765421e-08,0.3125
9.602936301664728,0.43513305116918305,0.015865637568167754,3.954336367129981e-06,1.0518366317000855e-05,6.201768785719934e-08,0.3125
9.602936301664728,0.4401345804929667,0.01586563756817632,3.954336367100981e-06,1.0518366317006527e-05,6.201768785674447e-08,0.3125
9.602936301664728,0.4451361098167505,0.015865637568184886,3.954336367071981e-06,1.0518366317012197e-05,6.201768785628958e-08,0.3125
9.602936301664728,0.45013763914053423,0.015865637568193453,3.95433636704298e-06,1.0518366317017867e-05,6.201768785583471e-08,0.3125
9.602936301664728,0.4551391684643179,0.01586563756820202,3.954336367013979e-06,1.0518366317023537e-05,6.201768785537983e-08,0.3125
9.602936301664728,0.4601406977881016,0.015865637568210585,3.9543363669849794e-06,1.0518366317029209e-05,6.201768785492496e-08,0.3125
9.602936301664728,0.4651422271118853,0.01586563756821915,3.954336366955979e-06,1.051836631703488e-05,6.201768785447009e-08,0.3125
9.602936301664728,0.4701437564356691,0.015865637568227717,3.954336366926979e-06,1.051836631704055e-05,6.201768785401521e-08,0.3125
9.602936301664728,0.4751452857594528,0.015865637568236283,3.954336366897979e-06,1.0518366317046222e-05,6.201768785356034e-08,0.3125
9.602936301664728,0.4801468150832365,0.01586563756824485,3.954336366868978e-06,1.051836631705189e-05,6.201768785310545e-08,0.3125
9.602936301664728,0.4851483444070202,0.015865637568253415,3.9543363668399776e-06,1.0518366317057562e-05,6.201768785265057e-08,0.3125
9.602936301664728,0.4901498737308039,0.01586563756826198,3.954336366810977e-06,1.0518366317063234e-05,6.20176878521957e-08,0.3125
9.602936301664728,0.49515140305458766,0.015865637568270547,3.954336366781977e-06,1.0518366317068902e-05,6.201768785174083e-08,0.3125
9.602936301664728,0.5001529323783713,0.015865637568279113,3.954336366752977e-06,1.0518366317074574e-05,6.201768785128596e-08,0.3125
10.083083116747966,0.005001529323783714,0.01576566828796818,0.06011612127751243,9.142146436398553e-06,0.0008275931237528048,0.3125
10.083083116747966,0.010003058647567427,0.015769410664604123,0.05786578441763278,9.187277536373829e-06,0.0008004551557621841,0.3125
10.083083116747966,0.01500458797135114,0.01577313754128526,0.05562476828830371,9.23264767218034e-06,0.0007731734575723204,0.3125
10.083083116747966,0.020006117295134854,0.015776846792126348,0.05339435124488892,9.27823158423402e-06,0.0007457632187017768,0.3125
10.083083116747966,0.025007646618918567,0.01578053610040081,0.051175926400362115,9.324000659327474e-06,0.0007182416452999572,0.3125
10.083083116747966,0.03000917594270228,0.015784202943406225,0.048971010726496796,9.369922607272643e-06,0.0006906281545892504,0.3125
10.083083116747966,0.035010705266485996,0.01578784457676029,0.04678125449641023,9.415961118150413e-06,0.0006629445809672795,0.3125
10.083083116747966,0.04001223459026971,0.015791458018314324,0.04460845095776845,9.462075502421533e-06,0.000635215392414678,0.3125
10.083083116747966,0.04501376391405342,0.015795040031940353,0.04245454608185192,9.508220317446308e-06,0.0006074679150744345,0.3125
10.083083116747966,0.050015293237837134,0.01579858711153917,0.04032164817937779,9.554344985596807e-06,0.0005797325628852634,0.3125
10.083083116747966,0.05501682256162084,0.015802095465727934,0.03821203710794333,9.60039341117999e-06,0.0005520430679284949,0.3125
10.083083116747966,0.06001835188540456,0.015805561003795102,0.036128172716993284,9.646303605871542e-06,0.0005244367056550098,0.3125
10.083083116747966,0.06501988120918828,0.015808979323666497,0.03407270208353264,9.692007335334413e-06,0.0004969545073707922,0.3125
10.083083116747966,0.07002141053297199,0.01581234570280225,0.03204846498516039,9.737429803185318e-06,0.0004696414502612918,0.3125
10.083083116747966,0.07502293985675569,0.015815655093144077,0.030058496937404665,9.782489392467647e-06,0.0004425466128321547,0.3125
10.083083116747966,0.08002446918053942,0.01581890212144795,0.028106028992417965,9.827097489230973e-06,0.0004157232809733723,0.3125
10.083083116747966,0.08502599850432313,0.015822081096562926,0.02619448336073506,9.871158417571219e-06,0.00038922898699493466,0.3125
10.083083116747966,0.09002752782810684,0.015825186025436526,0.02432746378508679,9.914569520319514e-06,0.0003631254610756411,0.3125
10.083083116747966,0.09502905715189056,0.015828210639824567,0.022508739477328246,9.957221424112201e-06,0.00033747847183418506,0.3125
10.083083116747966,0.10003058647567427,0.015831148435825993,0.02074222134306682,9.998998531308253e-06,0.0003123575304866614,0.3125
10.083083116747966,0.10503211579945798,0.01583399272841821,0.019031929185978062,1.0039779783428734e-05,0.0002878354317271256,0.3125
10.083083116747966,0.11003364512324168,0.015836736723087025,0.01738194863279385,1.0079439740574833e-05,0.0002639876045998899,0.3125
10.083083116747966,0.1150351744470254,0.01583937360637292,0.01579637668313917,1.0117850017557553e-05,0.00024089124887114832,0.3125
10.083083116747966,0.12003670377080912,0.015841896656637013,0.014279255101195118,1.015488110906045e-05,0.00021862423746769503,0.3125
10.083083116747966,0.12503823309459283,0.01584429937552276,0.012834491362907501,1.0190404621874928e-05,0.00019726377413856736,0.3125
10.083083116747966,0.13003976241837656,0.015846575639412174,0.011465767580386992,1.022429591113445e-05,0.00017688480819262527,0.3125
10.083083116747966,0.13504129174216026,0.015848719868628364,0.010176438756162328,1.0256437089039595e-05,0.0001575582252642064,0.3125
10.083083116747966,0.14004282106594398,0.015850727210238936,0.008969422860170446,1.0286720339145277e-05,0.00013934885435891534,0.3125
10.083083116747966,0.14504435038972768,0.015852593728154674,0.007847086521270826,1.0315051428385361e-05,0.0001223133560227526,0.3125
10.083083116747966,0.15004587971351138,0.01585431659195497,0.006811131486040417,1.0341353265636909e-05,0.00010649808255871886,0.3125
10.083083116747966,0.1550474090372951,0.01585589425375046,0.00586248827339406,1.0365569314393293e-05,9.193702600765546e-05,0.3125
10.083083116747966,0.16004893836107884,0.015857326600732805,0.0050012244509068495,1.0387666634105572e-05,7.86499894563698e-05,0.3125
10.083083116747966,0.16505046768486253,0.015858615070235907,0.004226475455499473,1.040763830694245e-05,6.664112794129276e-05,0.3125
10.083083116747966,0.17005199700864626,0.01585976271450256,0.003536405658629506,1.0425505010938135e-05,5.589800267470089e-05,0.3125
10.083083116747966,0.17505352633242996,0.015860774204200217,0.0029282062641115165,1.0441315531986712e-05,4.639127338090399e-05,0.3125
10.083083116747966,0.1800550556562137,0.015861655763171233,0.002398134555347278,1.0455146067952327e-05,3.8075116958093476e-05,0.3125
10.083083116747966,0.1850565849799974,0.015862415031818837,0.0019415960548247965,1.0467098265789663e-05,3.0888407989510096e-05,0.3125
10.083083116747966,0.1900581143037811,0.015863060862493106,0.0015532675709054836,1.0477296039247688e-05,2.4756632478141856e-05,0.3125
10.083083116747966,0.19505964362756484,0.015863603056581327,0.00122725529586789,1.0485881327916412e-05,1.9594438120389203e-05,0.3125
10.083083116747966,0.20006117295134854,0.015864052058851354,0.0009572786050645852,1.0493009062450757e-05,1.5308661857530533e-05,0.3125
10.083083116747966,0.20506270227513224,0.015864418629050595,0.0007368675286723597,1.0498841679897352e-05,1.180162789044055e-05,0.3125
10.083083116747966,0.21006423159891596,0.015864713513085903,0.0005595604716478763,1.050354357433708e-05,8.974484524785728e-06,0.3125
10.083083116747966,0.21506576092269966,0.015864947135879055,0.0004190888966628178,1.0507275864649947e-05,6.730350269492828e-06,0.3125
10.083083116747966,0.22006729024648336,0.015865129335218185,0.0003095373534507622,1.05101918138272e-05,4.977068108713306e-06,0.3125
10.083083116747966,0.22506881957026711,0.01586526915105161,0.0002254701677169724,1.0512433151111918e-05,3.6294168659655655e-06,0.3125
10.083083116747966,0.2300703488940508,0.01586537467849433,0.00016201981954692466,1.0514127443206809e-05,2.610691745050006e-06,0.3125
10.083083116747966,0.23507187821783454,0.015865452986279244,0.0001149359690221875,1.0515386550273614e-05,1.8536325825707526e-06,0.3125
10.083083116747966,0.24007340754161824,0.0158655100964346,8.059766747255589e-05,1.0516306102088046e-05,1.3007386923480423e-06,0.3125
10.083083116747966,0.24507493686540194,0.015865551016313536,5.5994090882539456e-05,1.0516965851457272e-05,9.040562337538612e-07,0.3125
10.083083116747966,0.25007646618918566,0.0158655798111625,3.86808986988071e-05,1.0517430712501392e-05,6.245537987452002e-07,0.3125
10.083083116747966,0.2550779955129694,0.015865599704272367,2.6720009481046897e-05,1.0517752271715965e-05,4.31213745184593e-07,0.3125
10.083083116747966,0.2600795248367531,0.015865613192193494,1.8610319400620762e-05,1.0517970566264381e-05,2.9996287173546233e-07,0.3125
10.083083116747966,0.2650810541605368,0.015865622164130663,1.3215909758414966e-05,1.0518115950068908e-05,2.125503230911748e-07,0.3125
10.083083116747966,0.2700825834843205,0.015865628016968128,9.69688245010782e-06,1.0518210906111143e-05,1.5545785685775876e-07,0.3125
10.083083116747966,0.27508411280810424,0.015865631759972135,7.44640348815983e-06,1.0518271705430995e-05,1.1890230288128582e-07,0.3125
10.083083116747966,0.28008564213188797,0.01586563410568819,6.036047923254866e-06,1.0518309853561449e-05,9.596584433128166e-08,0.3125
10.083083116747966,0.28508717145567164,0.015865635545652644,5.170276078764683e-06,1.0518333299461406e-05,8.186911149185673e-08,0.3125
10.083083116747966,0.29008870077945537,0.015865636411139146,4.6499081942594835e-06,1.0518347408300649e-05,7.338627087379722e-08,0.3125
10.083083116747966,0.2950902301032391,0.015865636920238402,4.343816895692939e-06,1.0518355717288622e-05,6.839056788292235e-08,0.3125
10.083083116747966,0.30009175942702276,0.015865637213171944,4.167694053855945e-06,1.0518360503903788e-05,6.551266961046218e-08,0.3125
10.083083116747966,0.30509328875080655,0.015865637377965664,4.06861452499222e-06,1.051836319985517e-05,6.389176527824554e-08,0.3125
10.083083116747966,0.3100948180745902,0.0158656374685571,4.014148857006823e-06,1.0518364683623713e-05,6.299967308590729e-08,0.3125
10.083083116747966,0.31509634739837394,0.01586563751719358,3.984908252422113e-06,1.0518365481150139e-05,6.252017529064052e-08,0.3125
10.083083116747966,0.32009787672215767,0.015865637542680448,3.969586293152594e-06,1.0518365899547304e-05,6.226862317882096e-08,0.3125
10.083083116747966,0.32509940604594134,0.015865637555708068,3.9617550389702615e-06,1.0518366113649962e-05,6.213989947519262e-08,0.3125
10.083083116747966,0.33010093536972507,0.015865637562198706,3.9578534132696505e-06,1.0518366220445477e-05,6.207569185148153e-08,0.3125
10.083083116747966,0.33510246469350885,0.015865637565347732,3.955959990497187e-06,1.05183662723332e-05,6.204449557816245e-08,0.3125
10.083083116747966,0.3401039940172925,0.015865637566831854,3.9550656385359335e-06,1.0518366296869015e-05,6.20297426529314e-08,0.3125
10.083083116747966,0.34510552334107625,0.01586563756751629,3.954654793181092e-06,1.051836630815558e-05,6.202295744538462e-08,0.3125
10.083083116747966,0.3501070526648599,0.015865637567822572,3.954471399404431e-06,1.0518366313200195e-05,6.201992505550689e-08,0.3125
10.083083116747966,0.35510858198864365,0.015865637567953245,3.954391924646359e-06,1.05183663153875e-05,6.201860938829734e-08,0.3125
10.083083116747966,0.3601101113124274,0.015865637568011296,3.954358521552065e-06,1.0518366316309803e-05,6.201805575687992e-08,0.3125
10.083083116747966,0.3651116406362111,0.01586563756804077,3.954344919609289e-06,1.0518366316689821e-05,6.201783004570238e-08,0.3125
10.083083116747966,0.3701131699599948,0.015865637568056392,3.954339559398838e-06,1.051836631684251e-05,6.201774099177301e-08,0.3125
10.083083116747966,0.3751146992837785,0.015865637568064958,3.954337517656118e-06,1.0518366316902277e-05,6.201770702982551e-08,0.3125
10.083083116747966,0.3801162286075622,0.015865637568073524,3.954336766922406e-06,1.0518366316927861e-05,6.201769452725405e-08,0.3125
10.083083116747966,0.3851177579313459,0.01586563756808209,3.95433650084393e-06,1.0518366316940599e-05,6.201769009068367e-08,0.3125
10.083083116747966,0.3901192872551297,0.015865637568090656,3.954336410089294e-06,1.0518366316948681e-05,6.201768857560435e-08,0.3125
10.083083116747966,0.39512081657891335,0.015865637568099222,3.954336380357572e-06,1.0518366316955142e-05,6.201768807863777e-08,0.3125
10.083083116747966,0.4001223459026971,0.01586563756810779,3.954336371027406e-06,1.0518366316961063e-05,6.201768792247663e-08,0.3125
10.083083116747966,0.40512387522648075,0.015865637568116354,3.954336368236791e-06,1.0518366316966808e-05,6.201768787569692e-08,0.3125
10.083083116747966,0.41012540455026447,0.01586563756812492,3.954336367451549e-06,1.05183663169725e-05,6.201768786250331e-08,0.3125
10.083083116747966,0.41512693387404825,0.015865637568133487,3.954336367251034e-06,1.0518366316978172e-05,6.201768785910278e-08,0.3125
10.083083116747966,0.4201284631978319,0.015865637568142053,3.954336367216983e-06,1.0518366316983843e-05,6.201768785856397e-08,0.3125
10.083083116747966,0.42512999252161565,0.01586563756815062,3.954336367187982e-06,1.0518366316989515e-05,6.201768785810909e-08,0.3125
10.083083116747966,0.4301315218453993,0.015865637568159185,3.954336367158981e-06,1.0518366316995185e-05,6.201768785765421e-08,0.3125
10.083083116747966,0.43513305116918305,0.015865637568167754,3.954336367129981e-06,1.0518366317000855e-05,6.201768785719934e-08,0.3125
10.083083116747966,0.4401345804929667,0.01586563756817632,3.954336367100981e-06,1.0518366317006527e-05,6.201768785674447e-08,0.3125
10.083083116747966,0.4451361098167505,0.015865637568184886,3.954336367071981e-06,1.0518366317012197e-05,6.201768785628958e-08,0.3125
10.083083116747966,0.45013763914053423,0.015865637568193453,3.95433636704298e-06,1.0518366317017867e-05,6.201768785583471e-08,0.3125
10.083083116747966,0.4551391684643179,0.01586563756820202,3.954336367013979e-06,1.0518366317023537e-05,6.201768785537983e-08,0.3125
10.083083116747966,0.4601406977881016,0.015865637568210585,3.9543363669849794e-06,1.0518366317029209e-05,6.201768785492496e-08,0.3125
10.083083116747966,0.4651422271118853,0.01586563756821915,3.954336366955979e-06,1.051836631703488e-05,6.201768785447009e-08,0.3125
10.083083116747966,0.4701437564356691,0.015865637568227717,3.954336366926979e-06,1.051836631704055e-05,6.201768785401521e-08,0.3125
10.083083116747966,0.4751452857594528,0.015865637568236283,3.954336366897979e-06,1.0518366317046222e-05,6.201768785356034e-08,0.3125
10.083083116747966,0.4801468150832365,0.01586563756824485,3.954336366868978e-06,1.051836631705189e-05,6.201768785310545e-08,0.3125
10.083083116747966,0.4851483444070202,0.015865637568253415,3.9543363668399776e-06,1.0518366317057562e-05,6.201768785265057e-08,0.3125
10.083083116747966,0.4901498737308039,0.01586563756826198,3.954336366810977e-06,1.0518366317063234e-05,6.20176878521957e-08,0.3125
10.083083116747966,0.49515140305458766,0.015865637568270547,3.954336366781977e-06,1.0518366317068902e-05,6.201768785174083e-08,0.3125
10.083083116747966,0.5001529323783713,0.015865637568279113,3.954336366752977e-06,1.0518366317074574e-05,6.201768785128596e-08,0.3125
10.5632299318312,0.005001529323783714,0.015782320307529372,0.05010309025584955,9.346462619761509e-06,0.0007047353233405432,0.3125
10.5632299318312,0.010003058647567427,0.01578583018297963,0.04799256078819364,9.390611917727093e-06,0.0006781877517835722,0.3125
10.5632299318312,0.01500458797135114,0.015789316371058668,0.04589627534883904,9.434861870166705e-06,0.0006515796626016193,0.3125
10.5632299318312,0.020006117295134854,0.015792776154007104,0.04381586820010053,9.479175159874119e-06,0.0006249334958548743,0.3125
10.5632299318312,0.025007646618918567,0.015796206588447863,0.04175310927336257,9.523510254332368e-06,0.0005982742263777773,0.3125
10.5632299318312,0.03000917594270228,0.015799604491492404,0.03970991252333457,9.567821076682815e-06,0.0005716295616289499,0.3125
10.5632299318312,0.035010705266485996,0.015802966427406293,0.03768834394619302,9.612056675702924e-06,0.0005450301401361199,0.3125
10.5632299318312,0.04001223459026971,0.015806288695314565,0.035690628971920324,9.656160902715848e-06,0.000518509725770763,0.3125
10.5632299318312,0.04501376391405342,0.01580956731855379,0.03371915886685937,9.700072105727634e-06,0.0004921053916615837,0.3125
10.5632299318312,0.050015293237837134,0.015812798036416408,0.031776495697199515,9.743722853860409e-06,0.0004658576858876177,0.3125
10.5632299318312,0.05501682256162084,0.015815976299194737,0.02986537530842287,9.787039708324893e-06,0.00043981076918345966,0.3125
10.5632299318312,0.06001835188540456,0.015819097267603385,0.027988707671560687,9.829943059704765e-06,0.0004140125127662257,0.3125
10.5632299318312,0.06501988120918828,0.015822155817841493,0.026149573837935664,9.872347055119972e-06,0.0003885145421125042,0.3125
10.5632299318312,0.07002141053297199,0.015825146553736347,0.024351218635750703,9.914159642725736e-06,0.00036337221017494634,0.3125
10.5632299318312,0.07502293985675569,0.01582806382757332,0.022597038143035614,9.955282764728196e-06,0.00033864448128798704,0.3125
10.5632299318312,0.08002446918053942,0.015830901771344216,0.020890560894425446,9.995612733277785e-06,0.00031439370510004275,0.3125
10.5632299318312,0.08502599850432313,0.015833654340220348,0.01923542174004395,1.0035040825734205e-05,0.000290685258591091,0.3125
10.5632299318312,0.09002752782810684,0.015836315370005443,0.01763532729397094,1.0073454136194275e-05,0.0002675870339876909,0.3125
10.5632299318312,0.09502905715189056,0.01583887865017679,0.016094012011491948,1.0110736718096011e-05,0.00024516875164718864,0.3125
10.5632299318312,0.10003058647567427,0.015841338013756052,0.014615184145581599,1.0146771047205173e-05,0.00022350108028831837,0.3125
10.5632299318312,0.10503211579945798,0.01584368744467998,0.013202461180914882,1.0181439824482949e-05,0.0002026545528467374,0.3125
10.5632299318312,0.11003364512324168,0.015845921202492723,0.011859294851769314,1.0214628123381867e-05,0.00018269827522406483,0.3125
10.5632299318312,0.1150351744470254,0.015848033963050415,0.010588886532757132,1.0246225865501576e-05,0.00016369843759786437,0.3125
10.5632299318312,0.12003670377080912,0.015850020972502286,0.009394094646474619,1.0276130582225591e-05,0.00014571665377985827,0.3125
10.5632299318312,0.12503823309459283,0.015851878210150314,0.008277336733577797,1.0304250388723137e-05,0.00012880817289478072,0.3125
10.5632299318312,0.13003976241837656,0.015853602553976488,0.007240489920155113,1.0330507062311658e-05,0.00011302002832990591,0.3125
10.5632299318312,0.13504129174216026,0.01585519194082771,0.006284794598994045,1.03548390826161e-05,9.838920968569263e-05,0.3125
10.5632299318312,0.14004282106594398,0.015856645511683577,0.005410767082563287,1.0377204460392624e-05,8.494096183796612e-05,0.3125
10.5632299318312,0.14504435038972768,0.01585796373137046,0.004618127623832496,1.0397583160396014e-05,7.268732814080445e-05,0.3125
10.5632299318312,0.15004587971351138,0.015859148471814893,0.003905750362720505,1.0415978916684605e-05,6.162605899606625e-05,0.3125
10.5632299318312,0.1550474090372951,0.015860203048714792,0.0032716412843561134,1.0432420251124735e-05,5.1739999575098176e-05,0.3125
10.5632299318312,0.16004893836107884,0.015861132203515645,0.002712949067287541,1.0446960540710659e-05,4.299704951631547e-05,0.3125
10.5632299318312,0.16505046768486253,0.015861942025830772,0.0022260117432284007,1.0459677036928974e-05,3.5350752774951943e-05,0.3125
10.5632299318312,0.17005199700864626,0.015862639815764808,0.0018064394930891372,1.0470668817342039e-05,2.8741529531508785e-05,0.3125
10.5632299318312,0.17505352633242996,0.01586323389058588,0.001449230905357384,1.0480053738487875e-05,2.3098508594480016e-05,0.3125
10.5632299318312,0.1800550556562137,0.015863733345263836,0.001148916972784009,1.048796454948042e-05,1.834186444410247e-05,0.3125
10.5632299318312,0.1850565849799974,0.015864147780863955,0.0008997244153280095,1.0494544405031195e-05,1.4385515361659676e-05,0.3125
10.5632299318312,0.1900581143037811,0.015864487017982005,0.0006957479948864776,1.0499942073217913e-05,1.1140005057037539e-05,0.3125
10.5632299318312,0.19505964362756484,0.015864760813812114,0.00053112064200645,1.0504307158349541e-05,8.515375165328968e-06,0.3125
10.5632299318312,0.20006117295134854,0.015864978600807357,0.00040017059645688604,1.0507785648753619e-05,6.423842318522873e-06,0.3125
10.5632299318312,0.20506270227513224,0.015865149262297373,0.0002975563230964823,1.0510516055068025e-05,4.782120105843598e-06,0.3125
10.5632299318312,0.21006423159891596,0.015865280956277338,0.0002183724604026666,1.0512626333940215e-05,3.5132687396305657e-06,0.3125
10.5632299318312,0.21506576092269966,0.01586538099351412,0.00015822310746063472,1.0514231706066385e-05,2.5480069397369986e-06,0.3125
10.5632299318312,0.22006729024648336,0.01586545577086794,0.00011326190964799434,1.0515433388920478e-05,1.825473813150665e-06,0.3125
10.5632299318312,0.22506881957026711,0.01586551075600695,8.020124243865922e-05,1.0516318185078102e-05,1.2934762740781808e-06,0.3125
10.5632299318312,0.2300703488940508,0.01586555051603004,5.6294994403613e-05,1.0516958805551612e-05,9.082945197728898e-07,0.3125
10.5632299318312,0.23507187821783454,0.015865578780209857,3.93008349500367e-05,1.0517414768804183e-05,6.341413731003112e-07,0.3125
10.5632299318312,0.24007340754161824,0.01586559852617335,2.7428390590450966e-05,1.0517733700728122e-05,4.4238054925271863e-07,0.3125
10.5632299318312,0.24507493686540194,0.015865612079184896,1.9279544127562235e-05,1.051795286602473e-05,3.1060580346480665e-07,0.3125
10.5632299318312,0.25007646618918566,0.015865621215482816,1.3786297549047712e-05,1.0518100782024654e-05,2.2167052644944336e-07,0.3125
10.5632299318312,0.2550779955129694,0.015865627262480368,1.0150521303782015e-05,1.0518198796033144e-05,1.627392874759569e-07,0.3125
10.5632299318312,0.2600795248367531,0.015865631190720833,7.788662561723011e-06,1.0518262540995857e-05,1.244125539075384e-07,0.3125
10.5632299318312,0.2650810541605368,0.015865633694483367,6.283277925321682e-06,1.0518303216925308e-05,9.995618706697351e-08,0.3125
10.5632299318312,0.2700825834843205,0.01586563525967164,5.342213339762055e-06,1.051832867381914e-05,8.465030410311297e-08,0.3125
10.5632299318312,0.27508411280810424,0.015865636218968127,4.765441425483453e-06,1.0518344293947054e-05,7.52587798633357e-08,0.3125
10.5632299318312,0.28008564213188797,0.01586563679517459,4.419001580773165e-06,1.0518353686891984e-05,6.961133759508175e-08,0.3125
10.5632299318312,0.28508717145567164,0.015865637134221733,4.21515272499769e-06,1.0518359220074078e-05,6.628456192904656e-08,0.3125
10.5632299318312,0.29008870077945537,0.01586563732956885,4.097702527409744e-06,1.0518362411705292e-05,6.43656290103553e-08,0.3125
10.5632299318312,0.2950902301032391,0.01586563743972727,4.03147133460383e-06,1.0518364213534062e-05,6.32823030864356e-08,0.3125
10.5632299318312,0.30009175942702276,0.01586563750049613,3.994935217878607e-06,1.051836520863068e-05,6.268401642105686e-08,0.3125
10.5632299318312,0.30509328875080655,0.015865637533272987,3.975228722675168e-06,1.0518365745964461e-05,6.236095381906001e-08,0.3125
10.5632299318312,0.3100948180745902,0.015865637550549056,3.96484178353768e-06,1.0518366029504027e-05,6.219048093054648e-08,0.3125
10.5632299318312,0.31509634739837394,0.015865637559441294,3.959494812076131e-06,1.0518366175629145e-05,6.210262598598096e-08,0.3125
10.5632299318312,0.32009787672215767,0.015865637563907947,3.956808187063224e-06,1.0518366249132898e-05,6.205843270341008e-08,0.3125
10.5632299318312,0.32509940604594134,0.015865637566101105,3.95549142648503e-06,1.051836628520182e-05,6.203674831283522e-08,0.3125
10.5632299318312,0.33010093536972507,0.015865637567146106,3.954862336973211e-06,1.0518366302451855e-05,6.202637674391773e-08,0.3125
10.5632299318312,0.33510246469350885,0.0158656375676354,3.954569577139422e-06,1.051836631049053e-05,6.202154464742968e-08,0.3125
10.5632299318312,0.3401039940172925,0.015865637567858967,3.954436968374097e-06,1.0518366314137037e-05,6.201935341225106e-08,0.3125
10.5632299318312,0.34510552334107625,0.01586563756795848,3.954378551015271e-06,1.0518366315746164e-05,6.201838702326754e-08,0.3125
10.5632299318312,0.3501070526648599,0.01586563756800241,3.954353544981856e-06,1.0518366316436411e-05,6.201797288165244e-08,0.3125
10.5632299318312,0.35510858198864365,0.01586563756802512,3.954343153443105e-06,1.0518366316726496e-05,6.201780058424194e-08,0.3125
10.5632299318312,0.3601101113124274,0.01586563756803926,3.954338965333691e-06,1.0518366316846983e-05,6.201773106377892e-08,0.3125
10.5632299318312,0.3651116406362111,0.015865637568047826,3.9543373300289025e-06,1.0518366316895942e-05,6.201770388748745e-08,0.3125
10.5632299318312,0.3701131699599948,0.015865637568056392,3.954336712119711e-06,1.0518366316917988e-05,6.201769360698249e-08,0.3125
10.5632299318312,0.3751146992837785,0.015865637568064958,3.954336486460916e-06,1.0518366316929645e-05,6.201768984823864e-08,0.3125
10.5632299318312,0.3801162286075622,0.015865637568073524,3.9543364069240085e-06,1.0518366316937428e-05,6.201768852186818e-08,0.3125
10.5632299318312,0.3851177579313459,0.01586563756808209,3.954336379913835e-06,1.0518366316943814e-05,6.201768807090326e-08,0.3125
10.5632299318312,0.3901192872551297,0.015865637568090656,3.954336371098175e-06,1.051836631694972e-05,6.201768792352866e-08,0.3125
10.5632299318312,0.39512081657891335,0.015865637568099222,3.954336368346411e-06,1.0518366316955463e-05,6.201768787745162e-08,0.3125
10.5632299318312,0.4001223459026971,0.01586563756810779,3.954336367534948e-06,1.0518366316961155e-05,6.201768786383041e-08,0.3125
10.5632299318312,0.40512387522648075,0.015865637568116354,3.954336367318229e-06,1.0518366316966832e-05,6.201768786017122e-08,0.3125
10.5632299318312,0.41012540455026447,0.01586563756812492,3.954336367274983e-06,1.0518366316972502e-05,6.201768785947373e-08,0.3125
10.5632299318312,0.41512693387404825,0.015865637568133487,3.954336367245983e-06,1.0518366316978172e-05,6.201768785901884e-08,0.3125
10.5632299318312,0.4201284631978319,0.015865637568142053,3.954336367216983e-06,1.0518366316983843e-05,6.201768785856397e-08,0.3125
10.5632299318312,0.42512999252161565,0.01586563756815062,3.954336367187982e-06,1.0518366316989515e-05,6.201768785810909e-08,0.3125
10.5632299318312,0.4301315218453993,0.015865637568159185,3.954336367158981e-06,1.0518366316995185e-05,6.201768785765421e-08,0.3125
10.5632299318312,0.43513305116918305,0.015865637568167754,3.954336367129981e-06,1.0518366317000855e-05,6.201768785719934e-08,0.3125
10.5632299318312,0.4401345804929667,0.01586563756817632,3.954336367100981e-06,1.0518366317006527e-05,6.201768785674447e-08,0.3125
10.5632299318312,0.4451361098167505,0.015865637568184886,3.954336367071981e-06,1.0518366317012197e-05,6.201768785628958e-08,0.3125
10.5632299318312,0.45013763914053423,0.015865637568193453,3.95433636704298e-06,1.0518366317017867e-05,6.201768785583471e-08,0.3125
10.5632299318312,0.4551391684643179,0.01586563756820202,3.954336367013979e-06,1.0518366317023537e-05,6.201768785537983e-08,0.3125
10.5632299318312,0.4601406977881016,0.015865637568210585,3.9543363669849794e-06,1.0518366317029209e-05,6.201768785492496e-08,0.3125
10.5632299318312,0.4651422271118853,0.01586563756821915,3.954336366955979e-06,1.051836631703488e-05,6.201768785447009e-08,0.3125
10.5632299318312,0.4701437564356691,0.015865637568227717,3.954336366926979e-06,1.051836631704055e-05,6.201768785401521e-08,0.3125
10.5632299318312,0.4751452857594528,0.015865637568236283,3.954336366897979e-06,1.0518366317046222e-05,6.201768785356034e-08,0.3125
10.5632299318312,0.4801468150832365,0.01586563756824485,3.954336366868978e-06,1.051836631705189e-05,6.201768785310545e-08,0.3125
10.5632299318312,0.4851483444070202,0.015865637568253415,3.9543363668399776e-06,1.0518366317057562e-05,6.201768785265057e-08,0.3125
10.5632299318312,0.4901498737308039,0.01586563756826198,3.954336366810977e-06,1.0518366317063234e-05,6.20176878521957e-08,0.3125
10.5632299318312,0.49515140305458766,0.015865637568270547,3.954336366781977e-06,1.0518366317068902e-05,6.201768785174083e-08,0.3125
10.5632299318312,0.5001529323783713,0.015865637568279113,3.954336366752977e-06,1.0518366317074574e-05,6.201768785128596e-08,0.3125
11.043376746914438,0.005001529323783714,0.015797287597278185,0.041103110918652534,9.537718991008216e-06,0.0005897306489203405,0.3125
11.043376746914438,0.010003058647567427,0.01580054881238603,0.03914210582848172,9.58035987344199e-06,0.0005640901392829128,0.3125
11.043376746914438,0.01500458797135114,0.015803776530809548,0.03720124333956886,9.622926983169348e-06,0.0005384939996672542,0.3125
11.043376746914438,0.020006117295134854,0.015806967390990873,0.03528254484135544,9.665369266987134e-06,0.000512972929865452,0.3125
11.043376746914438,0.025007646618918567,0.01581011778586319,0.03338817935200781,9.707630797130752e-06,0.0004875605608432176,0.3125
11.043376746914438,0.03000917594270228,0.015813223855345056,0.03152046803127671,9.74965052949399e-06,0.0004622936001184025,0.3125
11.043376746914438,0.035010705266485996,0.01581628148154066,0.02968188706583449,9.79136209977001e-06,0.0004372119543341185,0.3125
11.043376746914438,0.04001223459026971,0.015819286287527025,0.027875068397936072,9.832693673543992e-06,0.00041235881938706757,0.3125
11.043376746914438,0.04501376391405342,0.015822233640754364,0.026102797679487904,9.873567869420344e-06,0.00038778072663519337,0.3125
11.043376746914438,0.050015293237837134,0.0158251186622369,0.02436800874459553,9.913901777424768e-06,0.0003635275318115231,0.3125
11.043376746914438,0.05501682256162084,0.01582793624284566,0.022673773810706614,9.9536070979865e-06,0.0003396523314264649,0.3125
11.043376746914438,0.06001835188540456,0.015830681068131815,0.021023288550552556,9.992590429514186e-06,0.00031621128981430737,0.3125
11.043376746914438,0.06501988120918828,0.015833347653173648,0.019419851136105275,1.0030753734544872e-05,0.00029326335879608956,0.3125
11.043376746914438,0.07002141053297199,0.015835930388941363,0.017866834356835015,1.0067995015196595e-05,0.0002708698714809561,0.3125
11.043376746914438,0.07502293985675569,0.01583842360156977,0.016367649975857577,1.0104209227592923e-05,0.0002490939923662358,0.3125
11.043376746914438,0.08002446918053942,0.015840821625694057,0.01492570462962981,1.0139289461382739e-05,0.0002280000080293072,0.3125
11.043376746914438,0.08502599850432313,0.015843118892597718,0.01354434682108341,1.0173128403732355e-05,0.0002076524467615253,0.3125
11.043376746914438,0.09002752782810684,0.015845310033312025,0.012226804922216339,1.0205620096545975e-05,0.00018811502188139517,0.3125
11.043376746914438,0.09502905715189056,0.015847389995971895,0.010976116604517723,1.0236661980665869e-05,0.00016944940248783487,0.3125
11.043376746914438,0.10003058647567427,0.015849354175663855,0.00979505075820137,1.02661572012237e-05,0.00015171382718838985,0.3125
11.043376746914438,0.10503211579945798,0.01585119855372048,0.00868602373194764,1.0294017124484253e-05,0.00013496159066754085,0.3125
11.043376746914438,0.11003364512324168,0.015852919841977363,0.0076510125894192794,1.0320163989468868e-05,0.00011923944922782759,0.3125
11.043376746914438,0.1150351744470254,0.015854515626017775,0.006691468975995347,1.0344533589261147e-05,0.00010458600850516057,0.3125
11.043376746914438,0.12003670377080912,0.015855984500032866,0.005808238028559145,1.0367077849993502e-05,9.103017273575604e-05,0.3125
11.043376746914438,0.12503823309459283,0.015857326184819692,0.005001487426246515,1.0387767153735486e-05,7.858974804625663e-05,0.3125
11.043376746914438,0.13003976241837656,0.01585854161984402,0.004270652037563894,1.0406592239004288e-05,6.72702997524538e-05,0.3125
11.043376746914438,0.13504129174216026,0.015859633020433896,0.0036143995367542165,1.0423565513507704e-05,5.7064363115742506e-05,0.3125
11.043376746914438,0.14004282106594398,0.01586060389221387,0.0030306217323901345,1.043872163129065e-05,4.7951096441264936e-05,0.3125
11.043376746914438,0.14504435038972768,0.01586145899693989,0.0025164551199262134,1.0452117222307145e-05,3.989644384366685e-05,0.3125
11.043376746914438,0.15004587971351138,0.01586220426689843,0.002068332363218207,1.0463829715690467e-05,3.2853842982395794e-05,0.3125
11.043376746914438,0.1550474090372951,0.01586284666879072,0.0016820641504406296,1.0473955264831504e-05,2.6765472877376693e-05,0.3125
11.043376746914438,0.16004893836107884,0.015863394022168624,0.001352948376924595,1.0482605856092673e-05,2.1563992588948236e-05,0.3125
11.043376746914438,0.16505046768486253,0.015863854781533914,0.001075901175798486,1.0489905754732858e-05,1.717467840524e-05,0.3125
11.043376746914438,0.17005199700864626,0.01586423779461072,0.0008456022733074394,1.049598750175423e-05,1.3517831022717254e-05,0.3125
11.043376746914438,0.17505352633242996,0.01586455205155834,0.0006566457894313409,1.050098771522065e-05,1.0511300255182376e-05,0.3125
11.043376746914438,0.1800550556562137,0.015864806440646504,0.000503687149691899,1.0505042963136284e-05,8.072966669346706e-06,0.3125
11.043376746914438,0.1850565849799974,0.01586500952504068,0.0003815773015319687,1.0508285960187743e-05,6.123028441220071e-06,0.3125
11.043376746914438,0.1900581143037811,0.01586516935295296,0.00028547686558414326,1.0510842299944029e-05,4.585966208506518e-06,0.3125
11.043376746914438,0.19505964362756484,0.015865293309870323,0.00021094498481539746,1.0512827873844927e-05,3.3920949346671644e-06,0.3125
11.043376746914438,0.20006117295134854,0.015865388017385518,0.00015400015099508715,1.051434705748428e-05,2.478654387137934e-06,0.3125
11.043376746914438,0.20506270227513224,0.01586545927891151,0.00011115283965774213,1.0515491673169985e-05,1.7904328393828952e-06,0.3125
11.043376746914438,0.21006423159891596,0.015865512068792505,7.941205135610717e-05,1.0516340674419971e-05,1.2799566812235488e-06,0.3125
11.043376746914438,0.21506576092269966,0.01586555055842744,5.6269598699952786e-05,1.0516960449474539e-05,9.073078298810825e-07,0.3125
11.043376746914438,0.22006729024648336,0.015865578171211314,3.966706575689597e-05,1.0517405610509074e-05,6.396491076146051e-07,0.3125
11.043376746914438,0.22506881957026711,0.015865597657409605,2.7950782979856022e-05,1.0517720123327869e-05,4.505449080018886e-07,0.3125
11.043376746914438,0.2300703488940508,0.015865611180370432,1.9819986512948894e-05,1.0517938636626231e-05,3.1916188095848607e-07,0.3125
11.043376746914438,0.23507187821783454,0.01586562040651073,1.4272708508855148e-05,1.0518087886468153e-05,2.2942440650410903e-07,0.3125
11.043376746914438,0.24007340754161824,0.015865626593012792,1.0553045219137463e-05,1.0518188075791562e-05,1.6918509740764111e-07,0.3125
11.043376746914438,0.24507493686540194,0.015865630668848992,8.102437509195144e-06,1.0518254156024881e-05,1.2945417154448871e-07,0.3125
11.043376746914438,0.25007646618918566,0.015865633306393352,6.516611690025569e-06,1.0518296964558809e-05,1.037155042273638e-07,0.3125
11.043376746914438,0.2550779955129694,0.015865634982316232,5.508964742421306e-06,1.0518324195226406e-05,8.734309548292807e-08,0.3125
11.043376746914438,0.2600795248367531,0.0158656360275971,4.880492390927762e-06,1.0518341197601819e-05,7.712046913112249e-08,0.3125
11.043376746914438,0.2650810541605368,0.015865636667307968,4.4958688816431704e-06,1.0518351614339195e-05,7.085745767782127e-08,0.3125
11.043376746914438,0.2700825834843205,0.01586563705132099,4.264983140421974e-06,1.0518357874200663e-05,6.7093759196433e-08,0.3125
11.043376746914438,0.27508411280810424,0.015865637277343407,4.129088586582584e-06,1.0518361562624888e-05,6.487612661637828e-08,0.3125
11.043376746914438,0.28008564213188797,0.01586563740772767,4.050696111552775e-06,1.0518363692646898e-05,6.359547374160637e-08,0.3125
11.043376746914438,0.28508717145567164,0.015865637481413387,4.006393533234922e-06,1.0518364897709276e-05,6.28709453848769e-08,0.3125
11.043376746914438,0.29008870077945537,0.01586563752219252,3.981876299530483e-06,1.0518365565319632e-05,6.246955485480244e-08,0.3125
11.043376746914438,0.2950902301032391,0.01586563754428164,3.968596322372866e-06,1.051836592732935e-05,6.225190304399115e-08,0.3125
11.043376746914438,0.30009175942702276,0.015865637555988202,3.9615592582839616e-06,1.0518366119367469e-05,6.213644455223314e-08,0.3125
11.043376746914438,0.30509328875080655,0.01586563756205464,3.957913166760864e-06,1.0518366218976241e-05,6.207655769160244e-08,0.3125
11.043376746914438,0.3100948180745902,0.015865637565127755,3.956067017046309e-06,1.0518366269467333e-05,6.204620195562423e-08,0.3125
11.043376746914438,0.31509634739837394,0.015865637566649226,3.955154044051613e-06,1.0518366294465078e-05,6.20311739282951e-08,0.3125
11.043376746914438,0.32009787672215767,0.01586563756738398,3.954713352269617e-06,1.0518366306544659e-05,6.202391203967187e-08,0.3125
11.043376746914438,0.32509940604594134,0.015865637567730007,3.954505852704197e-06,1.0518366312238661e-05,6.2020489071456e-08,0.3125
11.043376746914438,0.33010093536972507,0.015865637567888204,3.954410615311665e-06,1.0518366314854528e-05,6.201891630320006e-08,0.3125
11.043376746914438,0.33510246469350885,0.0158656375679611,3.95436803675365e-06,1.051836631602657e-05,6.201821238800952e-08,0.3125
11.043376746914438,0.3401039940172925,0.0158656375679979,3.9543495085512685e-06,1.0518366316540869e-05,6.201790574329704e-08,0.3125
11.043376746914438,0.34510552334107625,0.015865637568013544,3.954341667414269e-06,1.0518366316758658e-05,6.201777582964804e-08,0.3125
11.043376746914438,0.3501070526648599,0.015865637568022128,3.954338443011287e-06,1.0518366316849528e-05,6.201772234865684e-08,0.3125
11.043376746914438,0.35510858198864365,0.015865637568030694,3.954337155832985e-06,1.051836631688924e-05,6.201770097571663e-08,0.3125
11.043376746914438,0.3601101113124274,0.01586563756803926,3.9543366575103686e-06,1.0518366316908105e-05,6.201769269223273e-08,0.3125
11.043376746914438,0.3651116406362111,0.015865637568047826,3.954336470619899e-06,1.0518366316918729e-05,6.201768958217128e-08,0.3125
11.043376746914438,0.3701131699599948,0.015865637568056392,3.95433640280498e-06,1.0518366316926198e-05,6.201768845239615e-08,0.3125
11.043376746914438,0.3751146992837785,0.015865637568064958,3.954336379033941e-06,1.05183663169325e-05,6.201768805592387e-08,0.3125
11.043376746914438,0.3801162286075622,0.015865637568073524,3.954336371003389e-06,1.0518366316938383e-05,6.201768792181653e-08,0.3125
11.043376746914438,0.3851177579313459,0.01586563756808209,3.954336368401144e-06,1.0518366316944123e-05,6.201768787828871e-08,0.3125
11.043376746914438,0.3901192872551297,0.015865637568090656,3.954336367603262e-06,1.0518366316949813e-05,6.201768786491073e-08,0.3125
11.043376746914438,0.39512081657891335,0.015865637568099222,3.95433636738095e-06,1.051836631695549e-05,6.201768786116243e-08,0.3125
11.043376746914438,0.4001223459026971,0.01586563756810779,3.954336367332985e-06,1.0518366316961161e-05,6.201768786038348e-08,0.3125
11.043376746914438,0.40512387522648075,0.015865637568116354,3.954336367303984e-06,1.0518366316966832e-05,6.20176878599286e-08,0.3125
11.043376746914438,0.41012540455026447,0.01586563756812492,3.954336367274983e-06,1.0518366316972502e-05,6.201768785947373e-08,0.3125
11.043376746914438,0.41512693387404825,0.015865637568133487,3.954336367245983e-06,1.0518366316978172e-05,6.201768785901884e-08,0.3125
11.043376746914438,0.4201284631978319,0.015865637568142053,3.954336367216983e-06,1.0518366316983843e-05,6.201768785856397e-08,0.3125
11.043376746914438,0.42512999252161565,0.01586563756815062,3.954336367187982e-06,1.0518366316989515e-05,6.201768785810909e-08,0.3125
11.043376746914438,0.4301315218453993,0.015865637568159185,3.954336367158981e-06,1.0518366316995185e-05,6.201768785765421e-08,0.3125
11.043376746914438,0.43513305116918305,0.015865637568167754,3.954336367129981e-06,1.0518366317000855e-05,6.201768785719934e-08,0.3125
11.043376746914438,0.4401345804929667,0.01586563756817632,3.954336367100981e-06,1.0518366317006527e-05,6.201768785674447e-08,0.3125
11.043376746914438,0.4451361098167505,0.015865637568184886,3.954336367071981e-06,1.0518366317012197e-05,6.201768785628958e-08,0.3125
11.043376746914438,0.45013763914053423,0.015865637568193453,3.95433636704298e-06,1.0518366317017867e-05,6.201768785583471e-08,0.3125
11.043376746914438,0.4551391684643179,0.01586563756820202,3.954336367013979e-06,1.0518366317023537e-05,6.201768785537983e-08,0.3125
11.043376746914438,0.4601406977881016,0.015865637568210585,3.9543363669849794e-06,1.0518366317029209e-05,6.201768785492496e-08,0.3125
11.043376746914438,0.4651422271118853,0.01586563756821915,3.954336366955979e-06,1.051836631703488e-05,6.201768785447009e-08,0.3125
11.043376746914438,0.4701437564356691,0.015865637568227717,3.954336366926979e-06,1.051836631704055e-05,6.201768785401521e-08,0.3125
11.043376746914438,0.4751452857594528,0.015865637568236283,3.954336366897979e-06,1.0518366317046222e-05,6.201768785356034e-08,0.3125
11.043376746914438,0.4801468150832365,0.01586563756824485,3.954336366868978e-06,1.051836631705189e-05,6.201768785310545e-08,0.3125
11.043376746914438,0.4851483444070202,0.015865637568253415,3.9543363668399776e-06,1.0518366317057562e-05,6.201768785265057e-08,0.3125
11.043376746914438,0.4901498737308039,0.01586563756826198,3.954336366810977e-06,1.0518366317063234e-05,6.20176878521957e-08,0.3125
11.043376746914438,0.49515140305458766,0.015865637568270547,3.954336366781977e-06,1.0518366317068902e-05,6.201768785174083e-08,0.3125
11.043376746914438,0.5001529323783713,0.015865637568279113,3.954336366752977e-06,1.0518366317074574e-05,6.201768785128596e-08,0.3125
11.523523561997676,0.005001529323783714,0.01581063448177369,0.03307750515428383,9.714733390726418e-06,0.0004832899637631969,0.3125
11.523523561997676,0.010003058647567427,0.015813625606355155,0.03127891095139038,9.755246350352602e-06,0.00045892903983755476,0.3125
11.523523561997676,0.01500458797135114,0.015816571855630707,0.02950730156156168,9.795474100204337e-06,0.00043473962811475575,0.3125
11.523523561997676,0.020006117295134854,0.015819469255418436,0.027765066749737187,9.835351560211906e-06,0.00041076086292025053,0.3125
11.523523561997676,0.025007646618918567,0.01582231360102894,0.02605473488656712,9.874808699832103e-06,0.0003870348553578066,0.3125
11.523523561997676,0.03000917594270228,0.015825100464183037,0.024378968787609107,9.913770537678993e-06,0.00036360669351417473,0.3125
11.523523561997676,0.035010705266485996,0.015827825205778655,0.022740558035329636,9.952157239768016e-06,0.00034052438336273927,0.3125
11.523523561997676,0.04001223459026971,0.01583048299568735,0.02114240707376755,9.989884339365482e-06,0.00031783871653999756,0.3125
11.523523561997676,0.04501376391405342,0.015833068840828322,0.019587518325561958,1.0026863103219131e-05,0.00029560305009697607,0.3125
11.523523561997676,0.050015293237837134,0.015835577622784116,0.018078969571417212,1.006300106985419e-05,0.0002738729827814214,0.3125
11.523523561997676,0.05501682256162084,0.015838004146163844,0.016619884866773016,1.009820278521007e-05,0.0002527059126528051,0.3125
11.523523561997676,0.06001835188540456,0.015840343198762083,0.015213398365142997,1.0132370758654124e-05,0.00023216046217866716,0.3125
11.523523561997676,0.06501988120918828,0.01584258962427819,0.013862610589165882,1.0165406657783199e-05,0.00021229575974341522,0.3125
11.523523561997676,0.07002141053297199,0.01584473840791777,0.012570536955108597,1.0197212752860525e-05,0.00019317057104824444,0.3125
11.523523561997676,0.07502293985675569,0.015846784774583608,0.011340048727580297,1.0227693610781151e-05,0.0001748422804690728,0.3125
11.523523561997676,0.08002446918053942,0.015848724298557,0.010173807065223308,1.0256758023852675e-05,0.00015736573122277067,0.3125
11.523523561997676,0.08502599850432313,0.01585055302258463,0.0090741914111449,1.028432114049996e-05,0.0001407919441230692,0.3125
11.523523561997676,0.09002752782810684,0.015852267583151478,0.008043224164618034,1.0310306743814591e-05,0.0001251667474488018,0.3125
11.523523561997676,0.09502905715189056,0.015853865337498434,0.0070824943043973345,1.0334649600850612e-05,0.00011052936428825887,0.3125
11.523523561997676,0.10003058647567427,0.015855344486740402,0.006193083358140432,1.0357297782601247e-05,9.691101753391987e-05,0.3125
11.523523561997676,0.10503211579945798,0.015856704188388568,0.005375497744291494,1.0378214834242685e-05,8.433362493607234e-05,0.3125
11.523523561997676,0.11003364512324168,0.01585794465085035,0.004629611952612781,1.0397381660609923e-05,7.280866541499387e-05,0.3125
11.523523561997676,0.1150351744470254,0.01585906720224399,0.003954627170585284,1.041479798628128e-05,6.233630118874114e-05,0.3125
11.523523561997676,0.12003670377080912,0.015860074326290868,0.0033490497072109957,1.0430483256112453e-05,5.290483638483642e-05,0.3125
11.523523561997676,0.12503823309459283,0.015860969659249935,0.0028106928443922758,1.0444476862664941e-05,4.449058041288664e-05,0.3125
11.523523561997676,0.13003976241837656,0.015861757943857205,0.002336704540454187,1.0456837622227319e-05,3.70581631720385e-05,0.3125
11.523523561997676,0.13504129174216026,0.015862444938969815,0.0019236217699936395,1.0467642469470321e-05,3.05613201000821e-05,0.3125
11.523523561997676,0.14004282106594398,0.015863037286848014,0.0015674503349945932,1.0476984398309418e-05,2.4944130472332195e-05,0.3125
11.523523561997676,0.14504435038972768,0.015863542343441596,0.0012637669205865047,1.04849697373394e-05,2.0142655806381637e-05,0.3125
11.523523561997676,0.15004587971351138,0.0158639679802541,0.0010078382396126794,1.049171490495035e-05,1.608689110882401e-05,0.3125
11.523523561997676,0.1550474090372951,0.01586432236892164,0.0007947505689988523,1.0497342834443925e-05,1.2702914518060865e-05,0.3125
11.523523561997676,0.16004893836107884,0.015864613761193126,0.0006195420489866984,1.0501979286794508e-05,9.915104469458975e-06,0.3125
11.523523561997676,0.16505046768486253,0.015864850277297952,0.00047732993683550216,1.05057492741833e-05,7.648290216175883e-06,0.3125
11.523523561997676,0.17005199700864626,0.015865039714677415,0.0003634256140277384,1.0508773800321565e-05,5.829711831689475e-06,0.3125
11.523523561997676,0.17505352633242996,0.015865189386876036,0.0002734314565819829,1.0511167086511619e-05,4.3906881116722264e-06,0.3125
11.523523561997676,0.1800550556562137,0.015865305999352354,0.00020331550482349244,1.0513034400879808e-05,3.267921770738253e-06,0.3125
11.523523561997676,0.1850565849799974,0.01586539556549397,0.00014946195768170167,1.0514470549546206e-05,2.4044066078217682e-06,0.3125
11.523523561997676,0.1900581143037811,0.015865463362668242,0.00010869759361732041,1.0515559030379695e-05,1.7499362589854275e-06,0.3125
11.523523561997676,0.19505964362756484,0.015865513925113355,7.829604049244525e-05,1.0516371799211941e-05,1.2612446863271305e-06,0.3125
11.523523561997676,0.20006117295134854,0.015865551068167918,5.596320085217938e-05,1.0516969559822133e-05,9.018317352918305e-07,0.3125
11.523523561997676,0.20506270227513224,0.015865577936924318,3.980799381887345e-05,1.0517402465130673e-05,6.415414484699807e-07,0.3125
11.523523561997676,0.21006423159891596,0.015865597071851298,2.8302893584413456e-05,1.0517711107916786e-05,4.5596630485280083e-07,0.3125
11.523523561997676,0.21506576092269966,0.01586561048418895,2.0238592813326746e-05,1.0517927683153558e-05,3.2574828125263396e-07,0.3125
11.523523561997676,0.22006729024648336,0.01586561973476413,1.4676610205820914e-05,1.0518077217598938e-05,2.358394864325011e-07,0.3125
11.523523561997676,0.22506881957026711,0.015865626011093367,1.0902928514508246e-05,1.0518178781950068e-05,1.7477329092363812e-07,0.3125
11.523523561997676,0.2300703488940508,0.015865630199015282,8.384922343281662e-06,1.0518246623135821e-05,1.3398348558931203e-07,0.3125
11.523523561997676,0.23507187821783454,0.015865632946445645,6.7330229962265844e-06,1.051829117624521e-05,1.0719582040786439e-07,0.3125
11.523523561997676,0.24007340754161824,0.01586563471804287,5.667849028179685e-06,1.0518319935042878e-05,8.990457753368298e-08,0.3125
11.523523561997676,0.24507493686540194,0.01586563584053503,4.992952010634579e-06,1.0518338175761491e-05,7.893736969819412e-08,0.3125
11.523523561997676,0.25007646618918566,0.015865636539162946,4.572904219143541e-06,1.0518349540418279e-05,7.210440622961628e-08,0.3125
11.523523561997676,0.2550779955129694,0.015865636966146415,4.316182691701729e-06,1.0518356493419979e-05,6.792394931215719e-08,0.3125
11.523523561997676,0.2600795248367531,0.015865637222317795,4.1621617078038815e-06,1.051836066924086e-05,6.541326618318163e-08,0.3125
11.523523561997676,0.2650810541605368,0.015865637373134556,4.0714849012748225e-06,1.051836313023048e-05,6.393361812647373e-08,0.3125
11.523523561997676,0.2700825834843205,0.01586563746023237,4.019118999621437e-06,1.0518364552931567e-05,6.307823478256371e-08,0.3125
11.523523561997676,0.27508411280810424,0.015865637509553793,3.98946614403846e-06,1.0518365359392254e-05,6.259336109137447e-08,0.3125
11.523523561997676,0.28008564213188797,0.01586563753692916,3.973008363046827e-06,1.0518365807456034e-05,6.232396997863732e-08,0.3125
11.523523561997676,0.28508717145567164,0.015865637551814644,3.964059345956656e-06,1.0518366051346815e-05,6.21773351007006e-08,0.3125
11.523523561997676,0.29008870077945537,0.01586563755974016,3.959294137888518e-06,1.05183661813491e-05,6.209917341575496e-08,0.3125
11.523523561997676,0.2950902301032391,0.015865637563873637,3.9568105237055455e-06,1.0518366249178275e-05,6.20583934853651e-08,0.3125
11.523523561997676,0.30009175942702276,0.015865637565979543,3.955544141450915e-06,1.0518366283798997e-05,6.203757842220084e-08,0.3125
11.523523561997676,0.30509328875080655,0.015865637567026445,3.954912754917414e-06,1.0518366301075995e-05,6.202718977207302e-08,0.3125
11.523523561997676,0.3100948180745902,0.015865637567538657,3.954605120509152e-06,1.0518366309504182e-05,6.202212278287288e-08,0.3125
11.523523561997676,0.31509634739837394,0.01586563756778165,3.954458724287001e-06,1.0518366313518384e-05,6.201970900870715e-08,0.3125
11.523523561997676,0.32009787672215767,0.01586563756789621,3.95439072373342e-06,1.0518366315386177e-05,6.201858665073747e-08,0.3125
11.523523561997676,0.32509940604594134,0.01586563756795134,3.954359913162627e-06,1.0518366316235347e-05,6.201807758787426e-08,0.3125
11.523523561997676,0.33010093536972507,0.015865637567980803,3.954346305222046e-06,1.0518366316614334e-05,6.20178525179803e-08,0.3125
11.523523561997676,0.33510246469350885,0.01586563756799643,3.9543404509473695e-06,1.0518366316779568e-05,6.20177555893418e-08,0.3125
11.523523561997676,0.3401039940172925,0.015865637568004996,3.954337999601528e-06,1.0518366316849955e-05,6.201771496012838e-08,0.3125
11.523523561997676,0.34510552334107625,0.01586563756801356,3.954337001379953e-06,1.0518366316882006e-05,6.201769839798287e-08,0.3125
11.523523561997676,0.3501070526648599,0.015865637568022128,3.954336606420257e-06,1.0518366316898125e-05,6.201769183804489e-08,0.3125
11.523523561997676,0.35510858198864365,0.015865637568030694,3.9543364547304015e-06,1.0518366316907812e-05,6.20176893159376e-08,0.3125
11.523523561997676,0.3601101113124274,0.01586563756803926,3.954336398243512e-06,1.051836631691498e-05,6.201768837573611e-08,0.3125
11.523523561997676,0.3651116406362111,0.015865637568047826,3.954336377878016e-06,1.0518366316921192e-05,6.201768803638434e-08,0.3125
11.523523561997676,0.3701131699599948,0.015865637568056392,3.9543363707852216e-06,1.051836631692705e-05,6.201768791805058e-08,0.3125
11.523523561997676,0.3751146992837785,0.015865637568064958,3.9543363684109365e-06,1.0518366316932782e-05,6.201768787838007e-08,0.3125
11.523523561997676,0.3801162286075622,0.015865637568073524,3.954336367656746e-06,1.0518366316938471e-05,6.201768786574125e-08,0.3125
11.523523561997676,0.3851177579313459,0.01586563756808209,3.954336367439755e-06,1.0518366316944148e-05,6.201768786208604e-08,0.3125
11.523523561997676,0.3901192872551297,0.015865637568090656,3.954336367390985e-06,1.0518366316949818e-05,6.201768786129323e-08,0.3125
11.523523561997676,0.39512081657891335,0.015865637568099222,3.954336367361985e-06,1.051836631695549e-05,6.201768786083835e-08,0.3125
11.523523561997676,0.4001223459026971,0.01586563756810779,3.954336367332985e-06,1.0518366316961161e-05,6.201768786038348e-08,0.3125
11.523523561997676,0.40512387522648075,0.015865637568116354,3.954336367303984e-06,1.0518366316966832e-05,6.20176878599286e-08,0.3125
11.523523561997676,0.41012540455026447,0.01586563756812492,3.954336367274983e-06,1.0518366316972502e-05,6.201768785947373e-08,0.3125
11.523523561997676,0.41512693387404825,0.015865637568133487,3.954336367245983e-06,1.0518366316978172e-05,6.201768785901884e-08,0.3125
11.523523561997676,0.4201284631978319,0.015865637568142053,3.954336367216983e-06,1.0518366316983843e-05,6.201768785856397e-08,0.3125
11.523523561997676,0.42512999252161565,0.01586563756815062,3.954336367187982e-06,1.0518366316989515e-05,6.201768785810909e-08,0.3125
11.523523561997676,0.4301315218453993,0.015865637568159185,3.954336367158981e-06,1.0518366316995185e-05,6.201768785765421e-08,0.3125
11.523523561997676,0.43513305116918305,0.015865637568167754,3.954336367129981e-06,1.0518366317000855e-05,6.201768785719934e-08,0.3125
11.523523561997676,0.4401345804929667,0.01586563756817632,3.954336367100981e-06,1.0518366317006527e-05,6.201768785674447e-08,0.3125
11.523523561997676,0.4451361098167505,0.015865637568184886,3.954336367071981e-06,1.0518366317012197e-05,6.201768785628958e-08,0.3125
11.523523561997676,0.45013763914053423,0.015865637568193453,3.95433636704298e-06,1.0518366317017867e-05,6.201768785583471e-08,0.3125
11.523523561997676,0.4551391684643179,0.01586563756820202,3.954336367013979e-06,1.0518366317023537e-05,6.201768785537983e-08,0.3125
11.523523561997676,0.4601406977881016,0.015865637568210585,3.9543363669849794e-06,1.0518366317029209e-05,6.201768785492496e-08,0.3125
11.523523561997676,0.4651422271118853,0.01586563756821915,3.954336366955979e-06,1.051836631703488e-05,6.201768785447009e-08,0.3125
11.523523561997676,0.4701437564356691,0.015865637568227717,3.954336366926979e-06,1.051836631704055e-05,6.201768785401521e-08,0.3125
11.523523561997676,0.4751452857594528,0.015865637568236283,3.954336366897979e-06,1.0518366317046222e-05,6.201768785356034e-08,0.3125
11.523523561997676,0.4801468150832365,0.01586563756824485,3.954336366868978e-06,1.051836631705189e-05,6.201768785310545e-08,0.3125
11.523523561997676,0.4851483444070202,0.015865637568253415,3.9543363668399776e-06,1.0518366317057562e-05,6.201768785265057e-08,0.3125
11.523523561997676,0.4901498737308039,0.01586563756826198,3.954336366810977e-06,1.0518366317063234e-05,6.20176878521957e-08,0.3125
11.523523561997676,0.49515140305458766,0.015865637568270547,3.954336366781977e-06,1.0518366317068902e-05,6.201768785174083e-08,0.3125
11.523523561997676,0.5001529323783713,0.015865637568279113,3.954336366752977e-06,1.0518366317074574e-05,6.201768785128596e-08,0.3125
12.003670377080912,0.005001529323783714,0.015822394938791708,0.026005842527572744,9.87606004476075e-06,0.00038628264380990973,0.3125
12.003670377080912,0.010003058647567427,0.01582509040668767,0.02438503266158826,9.91374508489643e-06,0.0003636222276620731,0.3125
12.003670377080912,0.01500458797135114,0.01582772847556157,0.02279873834834904,9.95090216663565e-06,0.00034127929348500284,0.3125
12.003670377080912,0.020006117295134854,0.015830304741027066,0.02124960802668647,9.987454625331326e-06,0.0003192999413700729,0.3125
12.003670377080912,0.025007646618918567,0.015832814643852645,0.019740383240542562,1.002332186934867e-05,0.00029773263267834254,0.3125
12.003670377080912,0.03000917594270228,0.015835253500624782,0.018273880199144263,1.0058419810730276e-05,0.00027662793104811306,0.3125
12.003670377080912,0.035010705266485996,0.015837616543403852,0.016852965929378596,1.009266145972135e-05,0.0002560381448678033,0.3125
12.003670377080912,0.04001223459026971,0.01583989896931529,0.015480528454889248,1.0125957703340416e-05,0.00023601685907793162,0.3125
12.003670377080912,0.04501376391405342,0.01584209600081257,0.014159440556737207,1.0158218285022805e-05,0.0002166183460627124,0.3125
12.003670377080912,0.050015293237837134,0.015844202957037017,0.012892516862232604,1.0189352996981795e-05,0.0001978968486319621,0.3125
12.003670377080912,0.05501682256162084,0.01584621533623716,0.011682464283399821,1.021927308890929e-05,0.00017990573291645092,0.3125
12.003670377080912,0.06001835188540456,0.015848128908604747,0.010531826191965707,1.0247892885718889e-05,0.00016269651556710297,0.3125
12.003670377080912,0.06501988120918828,0.015849939818125016,0.009442921174330987,1.0275131593156618e-05,0.00014631777799342348,0.3125
12.003670377080912,0.07002141053297199,0.015851644691145,0.00841777774764336,1.030091525355119e-05,0.00013081399033080493,0.3125
12.003670377080912,0.07502293985675569,0.015853240748373278,0.007458067013029849,1.0325178795460468e-05,0.00011622427895954323,0.3125
12.003670377080912,0.08002446918053942,0.01585472591600831,0.0065650358338226675,1.0347868101738085e-05,0.0001025811829634421,0.3125
12.003670377080912,0.08502599850432313,0.015856098930742475,0.005739443697394547,1.0368942002382925e-05,8.990945583580732e-05,0.3125
12.003670377080912,0.09002752782810684,0.01585735943263006,0.004981506875527164,1.0388374083725291e-05,7.822497764419147e-05,0.3125
12.003670377080912,0.09502905715189056,0.015858508039378234,0.004290853756672105,1.0406154196632283e-05,6.753384819879098e-05,0.3125
12.003670377080912,0.10003058647567427,0.015859546395656524,0.0036664952005946226,1.0422289546049444e-05,5.783173198661622e-05,0.3125
12.003670377080912,0.10503211579945798,0.015860477191643508,0.003106813392161723,1.0436805254464205e-05,4.910351945790404e-05,0.3125
12.003670377080912,0.11003364512324168,0.015861304146298126,0.002609571906929587,1.0449744313950812e-05,4.1323355974921216e-05,0.3125
12.003670377080912,0.1150351744470254,0.015862031952753562,0.002171948552846565,1.0461166875106414e-05,3.4455069498077786e-05,0.3125
12.003670377080912,0.12003670377080912,0.015862666185675858,0.0017905910827200318,1.0471148864448888e-05,2.8453002069752918e-05,0.3125
12.003670377080912,0.12503823309459283,0.01586321317320436,0.0014616942032893493,1.0479779970993341e-05,2.326322060390994e-05,0.3125
12.003670377080912,0.13003976241837656,0.015863679838910374,0.0011810946111429058,1.048716109257825e-05,1.88250525120688e-05,0.3125
12.003670377080912,0.13504129174216026,0.015864073521741812,0.0009443792644120041,1.0493401377127669e-05,1.5072864870820262e-05,0.3125
12.003670377080912,0.14004282106594398,0.015864401783830827,0.000747000950829965,1.0498615027632052e-05,1.1937985636618148e-05,0.3125
12.003670377080912,0.14504435038972768,0.01586467221706293,0.0005843945984961147,1.0502918057629293e-05,9.350654593403643e-06,0.3125
12.003670377080912,0.15004587971351138,0.01586489225928674,0.0004520877879020864,1.0506425183864791e-05,7.2418917838293465e-06,0.3125
12.003670377080912,0.1550474090372951,0.015865069029975077,0.00034579956651122984,1.0509247024679018e-05,5.545182079629881e-06,0.3125
12.003670377080912,0.16004893836107884,0.015865209193174086,0.000261522853602428,1.0511487739171918e-05,4.197894691310708e-06,0.3125
12.003670377080912,0.16505046768486253,0.01586531885297088,0.00019558729099176212,1.051324319806758e-05,3.14238295248162e-06,0.3125
12.003670377080912,0.17005199700864626,0.015865403483813004,0.00014470113699723095,1.0514599728370731e-05,2.3267390765288247e-06,0.3125
12.003670377080912,0.17505352633242996,0.015865467895185895,0.00010597250069770378,1.0515633426428356e-05,1.7052071316943662e-06,0.3125
12.003670377080912,0.1800550556562137,0.015865516227713237,7.691168265222038e-05,1.0516409993087488e-05,1.238282086574329e-06,0.3125
12.003670377080912,0.1850565849799974,0.0158655519759048,5.541749244197821e-05,1.0516985013912333e-05,8.925412517036634e-07,0.3125
12.003670377080912,0.1900581143037811,0.015865578031662123,3.97510858400484e-05,1.051740458865305e-05,6.402657295730074e-07,0.3125
12.003670377080912,0.19505964362756484,0.015865596742248623,2.850110508199676e-05,1.0517706207258617e-05,4.5891363141452904e-07,0.3125
12.003670377080912,0.20006117295134854,0.01586560997665967,2.0543769303887893e-05,1.0517919773154283e-05,3.3050475716971427e-07,0.3125
12.003670377080912,0.20506270227513224,0.015865619195029598,1.5001139281481287e-05,1.0518068685755556e-05,2.409696679753994e-07,0.3125
12.003670377080912,0.21006423159891596,0.015865625516718416,1.1200176937772594e-05,1.0518170910382684e-05,1.795063442382813e-07,0.3125
12.003670377080912,0.21506576092269966,0.01586562978385255,8.634538537105407e-06,1.0518239982079366e-05,1.3797659391445433e-07,0.3125
12.003670377080912,0.22006729024648336,0.015865632618214078,6.93036779339548e-06,1.0518285907986383e-05,1.103634643622786e-07,0.3125
12.003670377080912,0.22506881957026711,0.015865634470371003,5.81675465262411e-06,1.0518315949161463e-05,9.230114571700873e-08,0.3125
12.003670377080912,0.2300703488940508,0.015865635660755818,5.101035429662104e-06,1.051833527603914e-05,8.068085536383655e-08,0.3125
12.003670377080912,0.23507187821783454,0.015865636413006867,4.6487455552517876e-06,1.0518347501669174e-05,7.333021401304824e-08,0.3125
12.003670377080912,0.24007340754161824,0.015865636880287276,4.367794612820476e-06,1.0518355103522216e-05,6.875962511132389e-08,0.3125
12.003670377080912,0.24507493686540194,0.015865637165520252,4.196299545922929e-06,1.0518359748403837e-05,6.596691371849538e-08,0.3125
12.003670377080912,0.25007646618918566,0.015865637336557784,4.093464187472015e-06,1.0518362536444843e-05,6.429062323148701e-08,0.3125
12.003670377080912,0.2550779955129694,0.015865637437276633,4.032907939891071e-06,1.0518364179866934e-05,6.330252999496281e-08,0.3125
12.003670377080912,0.2600795248367531,0.01586563749550112,3.99790129518535e-06,1.0518365130853004e-05,6.273075983240467e-08,0.3125
12.003670377080912,0.2650810541605368,0.015865637528532785,3.978042197751423e-06,1.0518365670881661e-05,6.240607462632361e-08,0.3125
12.003670377080912,0.2700825834843205,0.015865637546914967,3.966990700050798e-06,1.0518365971705584e-05,6.222520894809502e-08,0.3125
12.003670377080912,0.27508411280810424,0.015865637556947483,3.960960069006682e-06,1.0518366136025153e-05,6.212641509742976e-08,0.3125
12.003670377080912,0.28008564213188797,0.01586563756231332,3.957734520698926e-06,1.051836622400114e-05,6.207352151346865e-08,0.3125
12.003670377080912,0.28508717145567164,0.015865637565128654,3.956044258832437e-06,1.0518366270151044e-05,6.204577643599092e-08,0.3125
12.003670377080912,0.29008870077945537,0.015865637566569925,3.955176867014916e-06,1.0518366293855231e-05,6.203152429736748e-08,0.3125
12.003670377080912,0.2950902301032391,0.01586563756729376,3.9547411756925515e-06,1.0518366305773633e-05,6.202435829892649e-08,0.3125
12.003670377080912,0.30009175942702276,0.01586563756764667,3.954527071282963e-06,1.0518366311634261e-05,6.202083331732353e-08,0.3125
12.003670377080912,0.30509328875080655,0.015865637567816546,3.954424192692669e-06,1.0518366314453536e-05,6.201913784736086e-08,0.3125
12.003670377080912,0.3100948180745902,0.015865637567899007,3.954375882967968e-06,1.0518366315780365e-05,6.201834089205182e-08,0.3125
12.003670377080912,0.31509634739837394,0.015865637567941716,3.954353726592549e-06,1.0518366316392838e-05,6.201797501688055e-08,0.3125
12.003670377080912,0.32009787672215767,0.015865637567964424,3.954343808051967e-06,1.0518366316669574e-05,6.201781106463009e-08,0.3125
12.003670377080912,0.32509940604594134,0.015865637567979294,3.954339476967897e-06,1.0518366316794015e-05,6.201773940043148e-08,0.3125
12.003670377080912,0.33010093536972507,0.01586563756798786,3.954337633468775e-06,1.0518366316848323e-05,6.20177088663147e-08,0.3125
12.003670377080912,0.33510246469350885,0.01586563756799643,3.954336869167551e-06,1.0518366316874176e-05,6.201769619432567e-08,0.3125
12.003670377080912,0.3401039940172925,0.015865637568004996,3.954336560767653e-06,1.0518366316887998e-05,6.201769107592983e-08,0.3125
12.003670377080912,0.34510552334107625,0.01586563756801356,3.954336439761444e-06,1.0518366316896872e-05,6.201768906558821e-08,0.3125
12.003670377080912,0.3501070526648599,0.015865637568022128,3.954336393641121e-06,1.0518366316903765e-05,6.201768829857227e-08,0.3125
12.003670377080912,0.35510858198864365,0.015865637568030694,3.954336376589605e-06,1.0518366316909885e-05,6.201768801468676e-08,0.3125
12.003670377080912,0.3601101113124274,0.01586563756803926,3.954336370488392e-06,1.0518366316915718e-05,6.201768791298747e-08,0.3125
12.003670377080912,0.3651116406362111,0.015865637568047826,3.954336368386382e-06,1.0518366316921442e-05,6.20176878778947e-08,0.3125
12.003670377080912,0.3701131699599948,0.015865637568056392,3.954336367697975e-06,1.0518366316927131e-05,6.201768786637067e-08,0.3125
12.003670377080912,0.3751146992837785,0.015865637568064958,3.954336367495133e-06,1.0518366316932808e-05,6.201768786295053e-08,0.3125
12.003670377080912,0.3801162286075622,0.015865637568073524,3.954336367448987e-06,1.0518366316938478e-05,6.2017687862203e-08,0.3125
12.003670377080912,0.3851177579313459,0.01586563756808209,3.954336367419986e-06,1.051836631694415e-05,6.201768786174812e-08,0.3125
12.003670377080912,0.3901192872551297,0.015865637568090656,3.954336367390985e-06,1.0518366316949818e-05,6.201768786129323e-08,0.3125
12.003670377080912,0.39512081657891335,0.015865637568099222,3.954336367361985e-06,1.051836631695549e-05,6.201768786083835e-08,0.3125
12.003670377080912,0.4001223459026971,0.01586563756810779,3.954336367332985e-06,1.0518366316961161e-05,6.201768786038348e-08,0.3125
12.003670377080912,0.40512387522648075,0.015865637568116354,3.954336367303984e-06,1.0518366316966832e-05,6.20176878599286e-08,0.3125
12.003670377080912,0.41012540455026447,0.01586563756812492,3.954336367274983e-06,1.0518366316972502e-05,6.201768785947373e-08,0.3125
12.003670377080912,0.41512693387404825,0.015865637568133487,3.954336367245983e-06,1.0518366316978172e-05,6.201768785901884e-08,0.3125
12.003670377080912,0.4201284631978319,0.015865637568142053,3.954336367216983e-06,1.0518366316983843e-05,6.201768785856397e-08,0.3125
12.003670377080912,0.42512999252161565,0.01586563756815062,3.954336367187982e-06,1.0518366316989515e-05,6.201768785810909e-08,0.3125
12.003670377080912,0.4301315218453993,0.015865637568159185,3.954336367158981e-06,1.0518366316995185e-05,6.201768785765421e-08,0.3125
12.003670377080912,0.43513305116918305,0.015865637568167754,3.954336367129981e-06,1.0518366317000855e-05,6.201768785719934e-08,0.3125
12.003670377080912,0.4401345804929667,0.01586563756817632,3.954336367100981e-06,1.0518366317006527e-05,6.201768785674447e-08,0.3125
12.003670377080912,0.4451361098167505,0.015865637568184886,3.954336367071981e-06,1.0518366317012197e-05,6.201768785628958e-08,0.3125
12.003670377080912,0.45013763914053423,0.015865637568193453,3.95433636704298e-06,1.0518366317017867e-05,6.201768785583471e-08,0.3125
12.003670377080912,0.4551391684643179,0.01586563756820202,3.954336367013979e-06,1.0518366317023537e-05,6.201768785537983e-08,0.3125
12.003670377080912,0.4601406977881016,0.015865637568210585,3.9543363669849794e-06,1.0518366317029209e-05,6.201768785492496e-08,0.3125
12.003670377080912,0.4651422271118853,0.01586563756821915,3.954336366955979e-06,1.051836631703488e-05,6.201768785447009e-08,0.3125
12.003670377080912,0.4701437564356691,0.015865637568227717,3.954336366926979e-06,1.051836631704055e-05,6.201768785401521e-08,0.3125
12.003670377080912,0.4751452857594528,0.015865637568236283,3.954336366897979e-06,1.0518366317046222e-05,6.201768785356034e-08,0.3125
12.003670377080912,0.4801468150832365,0.01586563756824485,3.954336366868978e-06,1.051836631705189e-05,6.201768785310545e-08,0.3125
12.003670377080912,0.4851483444070202,0.015865637568253415,3.9543363668399776e-06,1.0518366317057562e-05,6.201768785265057e-08,0.3125
12.003670377080912,0.4901498737308039,0.01586563756826198,3.954336366810977e-06,1.0518366317063234e-05,6.20176878521957e-08,0.3125
12.003670377080912,0.49515140305458766,0.015865637568270547,3.954336366781977e-06,1.0518366317068902e-05,6.201768785174083e-08,0.3125
12.003670377080912,0.5001529323783713,0.015865637568279113,3.954336366752977e-06,1.0518366317074574e-05,6.201768785128596e-08,0.3125
12.307664129625177,0.005001529323783714,0.015829027143033116,0.022017847591116673,9.96936131568734e-06,0.00033017975491273735,0.3125
12.307664129625177,0.010003058647567427,0.01583152132829676,0.020518072959169197,1.0004872751023987e-05,0.00030882638418676595,0.3125
12.307664129625177,0.01500458797135114,0.01583395001641226,0.019057683397481283,1.003969325733789e-05,0.0002878884924226025,0.3125
12.307664129625177,0.020006117295134854,0.015836308722583695,0.01763937568046203,1.0073741943539435e-05,0.0002674147208727379,0.3125
12.307664129625177,0.025007646618918567,0.015838592896741124,0.01626588582454133,1.0106935429993201e-05,0.00024745520704709013,0.3125
12.307664129625177,0.03000917594270228,0.015840797972581377,0.014939959597044757,1.0139188628147206e-05,0.00022806111587993615,0.3125
12.307664129625177,0.035010705266485996,0.015842919426533687,0.0136643170579662,1.0170415707725045e-05,0.00020928405811202668,0.3125
12.307664129625177,0.04001223459026971,0.015844952846916272,0.012441610973222536,1.0200531259988379e-05,0.0001911753907728294,0.3125
12.307664129625177,0.04501376391405342,0.015846894013107862,0.0112743792067832,1.022945165768146e-05,0.00017378539939742987,0.3125
12.307664129625177,0.050015293237837134,0.015848738983970823,0.010164991548573374,1.025709660178141e-05,0.0001571623679183308,0.3125
12.307664129625177,0.05501682256162084,0.015850484194059832,0.009115591863374961,1.0283390832134329e-05,0.00014135155001792564,0.3125
12.307664129625177,0.06001835188540456,0.01585212655531252,0.008128036941361596,1.0308265963782766e-05,0.00012639406490942126,0.3125
12.307664129625177,0.06501988120918828,0.015853663561038452,0.007203833969130821,1.0331662394038019e-05,0.00011232575059104466,0.3125
12.307664129625177,0.07002141053297199,0.015855093388109868,0.006344079082176255,1.0353531208296347e-05,9.917601787002823e-05,0.3125
12.307664129625177,0.07502293985675569,0.015856414992444452,0.005549399951960055,1.0373835996922703e-05,8.696675787978835e-05,0.3125
12.307664129625177,0.08002446918053942,0.015857628192243678,0.004819905736749173,1.0392554483272422e-05,7.571136318025733e-05,0.3125
12.307664129625177,0.08502599850432313,0.015858733733139896,0.00415514791179496,1.0409679856361898e-05,6.54139264742348e-05,0.3125
12.307664129625177,0.09002752782810684,0.015859733329529606,0.0035540954201490863,1.0425221703018178e-05,5.6068680178318724e-05,0.3125
12.307664129625177,0.09502905715189056,0.015860629677020257,0.003015127193673565,1.0439206445256706e-05,4.765973351861675e-05,0.3125
12.307664129625177,0.10003058647567427,0.015861426432145928,0.0025360443562925665,1.0451677209995011e-05,4.016115097739687e-05,0.3125
12.307664129625177,0.10503211579945798,0.015862128157285826,0.00211410335098745,1.0462693089572685e-05,3.3537397055958805e-05,0.3125
12.307664129625177,0.11003364512324168,0.015862740230951036,0.0017460698908308959,1.047232779098681e-05,2.7744148603717243e-05,0.3125
12.307664129625177,0.1150351744470254,0.015863268726098896,0.001428292135266927,1.048066771583743e-05,2.2729449454455453e-05,0.3125
12.307664129625177,0.12003670377080912,0.015863720261629178,0.0011567899898636018,1.0487809557097862e-05,1.843515557994989e-05,0.3125
12.307664129625177,0.12503823309459283,0.015864101834437996,0.0009273560967984539,1.0493857537801959e-05,1.4798595538206748e-05,0.3125
12.307664129625177,0.13003976241837656,0.0158644206410409,0.0007356630951111954,1.0498920445607522e-05,1.1754353634719247e-05,0.3125
12.307664129625177,0.13504129174216026,0.015864683898629384,0.0005773712201119428,1.0503108632122602e-05,9.236074243657652e-06,0.3125
12.307664129625177,0.14004282106594398,0.015864898675350736,0.0004482303553670624,1.050653114483355e-05,7.178186368163617e-06,0.3125
12.307664129625177,0.14504435038972768,0.015865071738608672,0.00034417124713464044,1.0509293142656156e-05,5.517457633521045e-06,0.3125
12.307664129625177,0.15004587971351138,0.01586520942840383,0.00026138166113568703,1.0511493715947252e-05,4.1943050589781724e-06,0.3125
12.307664129625177,0.1550474090372951,0.01586531756040398,0.000196364662495684,1.0513224192419572e-05,3.1538136432673327e-06,0.3125
12.307664129625177,0.16004893836107884,0.015865401360852002,0.00014597775086162653,1.0514566966947616e-05,2.3464399281706412e-06,0.3125
12.307664129625177,0.16505046768486253,0.015865465432904065,0.00010745309678098644,1.0515594850988733e-05,1.7284031177195778e-06,0.3125
12.307664129625177,0.17005199700864626,0.01586551375180481,7.840043867664034e-05,1.051637090078576e-05,1.2617883116467418e-06,0.3125
12.307664129625177,0.17505352633242996,0.015865549684652442,5.679519464371923e-05,1.0516948655852883e-05,9.144030449950984e-07,0.3125
12.307664129625177,0.1800550556562137,0.015865576029479696,4.095496001424396e-05,1.0517372702047041e-05,6.594386659388337e-07,0.3125
12.307664129625177,0.1850565849799974,0.01586559506798568,2.9507797798245548e-05,1.0517679466793491e-05,4.7499213201862466e-07,0.3125
12.307664129625177,0.1900581143037811,0.015865608626416405,2.135562985726843e-05,1.0517898156479568e-05,3.435023325882946e-07,0.3125
12.307664129625177,0.19505964362756484,0.015865618139687832,1.563567891072605e-05,1.0518051755535159e-05,2.5114932951905435e-07,0.3125
12.307664129625177,0.20006117295134854,0.01586562471471875,1.1682386459435943e-05,1.0518158020790319e-05,1.8725644670585058e-07,0.3125
12.307664129625177,0.20506270227513224,0.0158656291899411,8.991629377377664e-06,1.0518230420897953e-05,1.4372539831518132e-07,0.3125
12.307664129625177,0.21006423159891596,0.01586563218895883,7.188455346073453e-06,1.051827898685474e-05,1.1452487818009696e-07,0.3125
12.307664129625177,0.21506576092269966,0.01586563416723269,5.999012028619125e-06,1.0518311054389402e-05,9.524417198858541e-08,0.3125
12.307664129625177,0.22006729024648336,0.015865635451419634,5.22689287529479e-06,1.0518331891243053e-05,8.271598480166337e-08,0.3125
12.307664129625177,0.22506881957026711,0.015865636271566758,4.7337796841238564e-06,1.0518345211705868e-05,7.4707061414083e-08,0.3125
12.307664129625177,0.2300703488940508,0.015865636786747538,4.424028305465798e-06,1.0518353587191883e-05,6.967131821522022e-08,0.3125
12.307664129625177,0.23507187821783454,0.015865637104954453,4.232707655771222e-06,1.0518358765431229e-05,6.655792187302017e-08,0.3125
12.307664129625177,0.24007340754161824,0.015865637298157473,4.116545472503707e-06,1.0518361912513896e-05,6.466575614320785e-08,0.3125
12.307664129625177,0.24507493686540194,0.015865637413433657,4.047236611795558e-06,1.0518363792068833e-05,6.353568769089329e-08,0.3125
12.307664129625177,0.25007646618918566,0.015865637481003197,4.006611489049459e-06,1.0518364894835933e-05,6.287265932089669e-08,0.3125
12.307664129625177,0.2550779955129694,0.015865637519898543,3.9832264989560635e-06,1.0518365530238696e-05,6.249063062366957e-08,0.3125
12.307664129625177,0.2600795248367531,0.01586563754187852,3.970011583888968e-06,1.0518365889655932e-05,6.227453570445406e-08,0.3125
12.307664129625177,0.2650810541605368,0.015865637554068824,3.962683044066968e-06,1.0518366089171068e-05,6.215458050189055e-08,0.3125
12.307664129625177,0.2700825834843205,0.015865637560700134,3.958696189939579e-06,1.0518366197816367e-05,6.208925938987229e-08,0.3125
12.307664129625177,0.27508411280810424,0.015865637564238207,3.9565693770356784e-06,1.0518366255830709e-05,6.205437956627216e-08,0.3125
12.307664129625177,0.28008564213188797,0.015865637566086704,3.955457306471394e-06,1.0518366286193889e-05,6.20361238306054e-08,0.3125
12.307664129625177,0.28508717145567164,0.01586563756703472,3.954887602916091e-06,1.0518366301764369e-05,6.202676248671183e-08,0.3125
12.307664129625177,0.29008870077945537,0.015865637567512848,3.954601791727165e-06,1.0518366309585305e-05,6.202206147759215e-08,0.3125
12.307664129625177,0.2950902301032391,0.01586563756774702,3.954461441349139e-06,1.0518366313429115e-05,6.201975075177971e-08,0.3125
12.307664129625177,0.30009175942702276,0.015865637567859584,3.954394014658852e-06,1.0518366315277514e-05,6.201863955738603e-08,0.3125
12.307664129625177,0.30509328875080655,0.015865637567916785,3.954362340686159e-06,1.051836631614958e-05,6.201811705947212e-08,0.3125
12.307664129625177,0.3100948180745902,0.01586563756794654,3.954347800094905e-06,1.0518366316552719e-05,6.201787696154194e-08,0.3125
12.307664129625177,0.31509634739837394,0.015865637567962162,3.954341280604865e-06,1.0518366316735202e-05,6.201776920469728e-08,0.3125
12.307664129625177,0.32009787672215767,0.015865637567970728,3.954338427445972e-06,1.0518366316816061e-05,6.201772200026915e-08,0.3125
12.307664129625177,0.32509940604594134,0.015865637567979294,3.9543372094905856e-06,1.051836631685386e-05,6.201770182986888e-08,0.3125
12.307664129625177,0.33010093536972507,0.01586563756798786,3.954336702706906e-06,1.051836631687291e-05,6.201769342882457e-08,0.3125
12.307664129625177,0.33510246469350885,0.01586563756799643,3.954336497323288e-06,1.051836631688401e-05,6.201769002077415e-08,0.3125
12.307664129625177,0.3401039940172925,0.015865637568004996,3.954336416323555e-06,1.0518366316891823e-05,6.201768867535501e-08,0.3125
12.307664129625177,0.34510552334107625,0.01586563756801356,3.9543363852701185e-06,1.0518366316898315e-05,6.201768815902422e-08,0.3125
12.307664129625177,0.3501070526648599,0.015865637568022128,3.954336373715159e-06,1.0518366316904292e-05,6.201768796668887e-08,0.3125
12.307664129625177,0.35510858198864365,0.015865637568030694,3.954336369553762e-06,1.0518366316910072e-05,6.201768789733202e-08,0.3125
12.307664129625177,0.3601101113124274,0.01586563756803926,3.954336368113745e-06,1.051836631691578e-05,6.201768787329224e-08,0.3125
12.307664129625177,0.3651116406362111,0.015865637568047826,3.954336367643001e-06,1.0518366316921463e-05,6.201768786540804e-08,0.3125
12.307664129625177,0.3701131699599948,0.015865637568056392,3.954336367506987e-06,1.0518366316927136e-05,6.201768786311275e-08,0.3125
12.307664129625177,0.3751146992837785,0.015865637568064958,3.9543363674779865e-06,1.0518366316932808e-05,6.201768786265787e-08,0.3125
12.307664129625177,0.3801162286075622,0.015865637568073524,3.954336367448987e-06,1.0518366316938478e-05,6.2017687862203e-08,0.3125
12.307664129625177,0.3851177579313459,0.01586563756808209,3.954336367419986e-06,1.051836631694415e-05,6.201768786174812e-08,0.3125
12.307664129625177,0.3901192872551297,0.015865637568090656,3.954336367390985e-06,1.0518366316949818e-05,6.201768786129323e-08,0.3125
12.307664129625177,0.39512081657891335,0.015865637568099222,3.954336367361985e-06,1.051836631695549e-05,6.201768786083835e-08,0.3125
12.307664129625177,0.4001223459026971,0.01586563756810779,3.954336367332985e-06,1.0518366316961161e-05,6.201768786038348e-08,0.3125
12.307664129625177,0.40512387522648075,0.015865637568116354,3.954336367303984e-06,1.0518366316966832e-05,6.20176878599286e-08,0.3125
12.307664129625177,0.41012540455026447,0.01586563756812492,3.954336367274983e-06,1.0518366316972502e-05,6.201768785947373e-08,0.3125
12.307664129625177,0.41512693387404825,0.015865637568133487,3.954336367245983e-06,1.0518366316978172e-05,6.201768785901884e-08,0.3125
12.307664129625177,0.4201284631978319,0.015865637568142053,3.954336367216983e-06,1.0518366316983843e-05,6.201768785856397e-08,0.3125
12.307664129625177,0.42512999252161565,0.01586563756815062,3.954336367187982e-06,1.0518366316989515e-05,6.201768785810909e-08,0.3125
12.307664129625177,0.4301315218453993,0.015865637568159185,3.954336367158981e-06,1.0518366316995185e-05,6.201768785765421e-08,0.3125
12.307664129625177,0.43513305116918305,0.015865637568167754,3.954336367129981e-06,1.0518366317000855e-05,6.201768785719934e-08,0.3125
12.307664129625177,0.4401345804929667,0.01586563756817632,3.954336367100981e-06,1.0518366317006527e-05,6.201768785674447e-08,0.3125
12.307664129625177,0.4451361098167505,0.015865637568184886,3.954336367071981e-06,1.0518366317012197e-05,6.201768785628958e-08,0.3125
12.307664129625177,0.45013763914053423,0.015865637568193453,3.95433636704298e-06,1.0518366317017867e-05,6.201768785583471e-08,0.3125
12.307664129625177,0.4551391684643179,0.01586563756820202,3.954336367013979e-06,1.0518366317023537e-05,6.201768785537983e-08,0.3125
12.307664129625177,0.4601406977881016,0.015865637568210585,3.9543363669849794e-06,1.0518366317029209e-05,6.201768785492496e-08,0.3125
12.307664129625177,0.4651422271118853,0.01586563756821915,3.954336366955979e-06,1.051836631703488e-05,6.201768785447009e-08,0.3125
12.307664129625177,0.4701437564356691,0.015865637568227717,3.954336366926979e-06,1.051836631704055e-05,6.201768785401521e-08,0.3125
12.307664129625177,0.4751452857594528,0.015865637568236283,3.954336366897979e-06,1.0518366317046222e-05,6.201768785356034e-08,0.3125
12.307664129625177,0.4801468150832365,0.01586563756824485,3.954336366868978e-06,1.051836631705189e-05,6.201768785310545e-08,0.3125
12.307664129625177,0.4851483444070202,0.015865637568253415,3.9543363668399776e-06,1.0518366317057562e-05,6.201768785265057e-08,0.3125
12.307664129625177,0.4901498737308039,0.01586563756826198,3.954336366810977e-06,1.0518366317063234e-05,6.20176878521957e-08,0.3125
12.307664129625177,0.49515140305458766,0.015865637568270547,3.954336366781977e-06,1.0518366317068902e-05,6.201768785174083e-08,0.3125
12.307664129625177,0.5001529323783713,0.015865637568279113,3.954336366752977e-06,1.0518366317074574e-05,6.201768785128596e-08,0.3125
