time_s,C_H2_out_kmol_per_m3,C_CH4_out_kmol_per_m3,y_CH4_out,u_out_m_per_s,is_product_cut
5.591879779719468e-06,0.29176377509863693,0.48814289108307124,0.6258991136374519,0.1,False
0.005586287899939749,0.29176377509868073,0.48814289108287207,0.6258991136373212,0.1,False
0.011178167679659217,0.29176377509871915,0.48814289108287207,0.6258991136372904,0.1,False
0.016770047459378684,0.2917637750987576,0.48814289108287207,0.6258991136372596,0.1,False
0.02236192723909815,0.2917637750987961,0.48814289108287207,0.6258991136372286,0.1,False
0.02795380701881762,0.29176377509883444,0.48814289108287207,0.6258991136371979,0.1,False
0.03354568679853708,0.29176377509887286,0.48814289108287207,0.6258991136371671,0.1,False
0.03913756657825655,0.2917637750989113,0.48814289108287207,0.6258991136371361,0.1,False
0.04472944635797602,0.29176377509894974,0.4881428910828736,0.625899113637106,0.1,False
0.050321326137695487,0.29176377509898815,0.4881428910828755,0.6258991136370762,0.1,False
0.055913205917414964,0.29176377509902657,0.48814289108287723,0.6258991136370461,0.1,False
0.06150508569713443,0.291763775099065,0.4881428910828791,0.6258991136370163,0.1,False
0.0670969654768539,0.29176377509910345,0.48814289108288106,0.6258991136369864,0.1,False
0.07268884525657336,0.2917637750991418,0.48814289108288283,0.6258991136369564,0.1,False
0.07828072503629283,0.2917637750991802,0.4881428910828847,0.6258991136369264,0.1,False
0.08387260481601232,0.29176377509921875,0.48814289108288667,0.6258991136368964,0.1,False
0.08946448459573177,0.2917637750992571,0.4881428910828884,0.6258991136368666,0.1,False
0.09505636437545124,0.2917637750992956,0.4881428910828903,0.6258991136368365,0.1,False
0.10064824415517071,0.291763775099334,0.4881428910828921,0.6258991136368066,0.1,False
0.10624012393489017,0.2917637750993724,0.488142891082894,0.6258991136367766,0.1,False
0.11183200371460963,0.29176377509941087,0.4881428910828959,0.6258991136367467,0.1,False
0.11742388349432913,0.29176377509944923,0.48814289108289766,0.6258991136367168,0.1,False
0.12301576327404858,0.29176377509948764,0.48814289108289954,0.6258991136366868,0.1,False
0.12860764305376804,0.2917637750995261,0.48814289108290143,0.6258991136366568,0.1,False
0.13419952283348752,0.29176377509956447,0.48814289108290326,0.625899113636627,0.1,False
0.13979140261320697,0.29176377509960294,0.48814289108290515,0.625899113636597,0.1,False
0.14538328239292644,0.2917637750996413,0.4881428910829069,0.625899113636567,0.1,False
0.1509751621726459,0.2917637750996798,0.4881428910829088,0.625899113636537,0.1,False
0.1565670419523654,0.2917637750997183,0.4881428910829107,0.6258991136365071,0.1,False
0.16215892173208485,0.29176377509975665,0.48814289108291253,0.6258991136364771,0.1,False
0.16775080151180433,0.29176377509979506,0.4881428910829144,0.6258991136364473,0.1,False
0.17334268129152378,0.29176377509983353,0.4881428910829163,0.6258991136364173,0.1,False
0.17893456107124325,0.2917637750998719,0.4881428910829181,0.6258991136363873,0.1,False
0.18452644085096273,0.29176377509991036,0.48814289108291997,0.6258991136363574,0.1,False
0.19011832063068218,0.2917637750999487,0.4881428910829218,0.6258991136363274,0.1,False
0.19571020041040163,0.2917637750999872,0.4881428910829237,0.6258991136362976,0.1,False
0.20130208019012114,0.2917637751000256,0.4881428910829256,0.6258991136362676,0.1,False
0.20689395996984059,0.291763775100064,0.48814289108292735,0.6258991136362376,0.1,False
0.21248583974956003,0.29176377510010243,0.48814289108292924,0.6258991136362078,0.1,False
0.21807771952927957,0.29176377510014095,0.48814289108293113,0.6258991136361778,0.1,False
0.22366959930899902,0.2917637751001793,0.48814289108293296,0.6258991136361478,0.1,False
0.22926147908871847,0.2917637751002177,0.48814289108293485,0.6258991136361178,0.1,False
0.23485335886843794,0.29176377510025614,0.4881428910829366,0.6258991136360879,0.1,False
0.24044523864815742,0.2917637751002946,0.4881428910829385,0.6258991136360579,0.1,False
0.24603711842787687,0.291763775100333,0.4881428910829404,0.625899113636028,0.1,False
0.2516289982075964,0.29176377510037144,0.48814289108294223,0.625899113635998,0.1,False
0.2572208779873158,0.29176377510040985,0.4881428910829441,0.6258991136359681,0.1,False
0.2628127577670353,0.2917637751004483,0.488142891082946,0.6258991136359382,0.1,False
0.26840463754675475,0.2917637751004867,0.4881428910829478,0.6258991136359082,0.1,False
0.27399651732647423,0.2917637751005251,0.48814289108294967,0.6258991136358782,0.1,False
0.2795883971061937,0.2917637751005635,0.4881428910829515,0.6258991136358484,0.1,False
0.28518027688591313,0.2917637751006019,0.4881428910829534,0.6258991136358184,0.1,False
0.2907721566656326,0.29176377510064044,0.4881428910829553,0.6258991136357884,0.1,False
0.2963640364453521,0.29176377510067886,0.48814289108295705,0.6258991136357585,0.1,False
0.30195591622507156,0.29176377510071727,0.48814289108295894,0.6258991136357285,0.1,False
0.30754779600479104,0.29176377510075574,0.48814289108296083,0.6258991136356985,0.1,False
0.31313967578451046,0.2917637751007941,0.48814289108296266,0.6258991136356686,0.1,False
0.31873155556422994,0.2917637751008325,0.48814289108296455,0.6258991136356388,0.1,False
0.3243234353439494,0.2917637751008709,0.4881428910829663,0.6258991136356088,0.1,False
0.32991531512366884,0.29176377510090934,0.4881428910829682,0.6258991136355788,0.1,False
0.3355071949033883,0.2917637751009478,0.4881428910829701,0.6258991136355488,0.1,False
0.3410990746831078,0.29176377510098617,0.48814289108297193,0.625899113635519,0.1,False
0.3466909544628273,0.29176377510102464,0.4881428910829738,0.625899113635489,0.1,False
0.3522828342425468,0.29176377510106316,0.4881428910829757,0.625899113635459,0.1,False
0.3578747140222663,0.2917637751011015,0.4881428910829775,0.625899113635429,0.1,False
0.3634665938019857,0.29176377510114,0.48814289108297937,0.6258991136353991,0.1,False
0.3690584735817052,0.29176377510117835,0.48814289108298115,0.6258991136353691,0.1,False
0.3746503533614246,0.29176377510121676,0.4881428910829831,0.6258991136353392,0.1,False
0.38024223314114414,0.29176377510125523,0.488142891082985,0.6258991136353093,0.1,False
0.3858341129208636,0.2917637751012936,0.4881428910829867,0.6258991136352793,0.1,False
0.39142599270058304,0.29176377510133206,0.48814289108298864,0.6258991136352494,0.1,False
0.3970178724803025,0.29176377510137047,0.4881428910829905,0.6258991136352194,0.1,False
0.40260975226002194,0.2917637751014089,0.4881428910829923,0.6258991136351895,0.1,False
0.4082016320397414,0.2917637751014473,0.4881428910829942,0.6258991136351596,0.1,False
0.41379351181946095,0.2917637751014857,0.48814289108299597,0.6258991136351296,0.1,False
0.41938539159918037,0.2917637751015241,0.48814289108299785,0.6258991136350996,0.1,False
0.42497727137889985,0.29176377510156265,0.48814289108299974,0.6258991136350697,0.1,False
0.4305691511586193,0.291763775101601,0.4881428910830016,0.6258991136350397,0.1,False
0.43616103093833875,0.2917637751016394,0.48814289108300346,0.6258991136350098,0.1,False
0.4417529107180582,0.2917637751016779,0.48814289108300535,0.6258991136349799,0.1,False
0.44734479049777776,0.2917637751017163,0.4881428910830071,0.6258991136349499,0.1,False
0.4529366702774972,0.2917637751017547,0.488142891083009,0.6258991136349199,0.1,False
0.45852855005721666,0.29176377510179313,0.48814289108301084,0.62589911363489,0.1,False
0.4641204298369361,0.29176377510183155,0.48814289108301273,0.6258991136348601,0.1,False
0.46971230961665555,0.29176377510187,0.4881428910830146,0.6258991136348302,0.1,False
0.47530418939637503,0.2917637751019084,0.4881428910830164,0.6258991136348002,0.1,False
0.48089606917609456,0.2917637751019468,0.4881428910830183,0.6258991136347702,0.1,False
0.48648794895581404,0.2917637751019853,0.4881428910830202,0.6258991136347403,0.1,False
0.4920798287355335,0.2917637751020236,0.488142891083022,0.6258991136347104,0.1,False
0.49767170851525294,0.29176377510206214,0.4881428910830239,0.6258991136346804,0.1,False
0.5032635882949724,0.29176377510210055,0.48814289108302567,0.6258991136346505,0.1,False
0.5088554680746918,0.29176377510213897,0.48814289108302755,0.6258991136346205,0.1,False
0.5144473478544114,0.29176377510217744,0.48814289108302944,0.6258991136345905,0.1,False
0.5200392276341308,0.2917637751022158,0.48814289108303127,0.6258991136345606,0.1,False
0.5256311074138502,0.2917637751022542,0.48814289108303316,0.6258991136345307,0.1,False
0.5312229871935698,0.2917637751022927,0.48814289108303505,0.6258991136345007,0.1,False
0.5368148669732892,0.29176377510233104,0.4881428910830368,0.6258991136344708,0.1,False
0.5424067467530087,0.2917637751023695,0.4881428910830387,0.6258991136344408,0.1,False
0.5479986265327281,0.29176377510240786,0.48814289108304054,0.625899113634411,0.1,False
0.5535905063124476,0.29176377510244633,0.48814289108304243,0.6258991136343809,0.1,False
0.5591823860921671,0.29176377510248486,0.4881428910830443,0.6258991136343509,0.1,False
0.5647742658718865,0.2917637751025232,0.4881428910830461,0.6258991136343209,0.1,False
0.570366145651606,0.29176377510256163,0.488142891083048,0.6258991136342911,0.1,False
0.5759580254313253,0.2917637751026001,0.4881428910830499,0.6258991136342612,0.1,False
0.581549905211045,0.29176377510263846,0.4881428910830517,0.6258991136342312,0.1,False
0.5871417849907644,0.2917637751026769,0.4881428910830536,0.6258991136342011,0.1,False
0.592733664770484,0.2917637751027153,0.48814289108305536,0.6258991136341713,0.1,False
0.5983255445502034,0.29176377510275375,0.48814289108305725,0.6258991136341414,0.1,False
0.6039174243299229,0.29176377510279217,0.48814289108305914,0.6258991136341113,0.1,False
0.6095093041096422,0.2917637751028306,0.48814289108306097,0.6258991136340815,0.1,False
0.6151011838893617,0.291763775102869,0.48814289108306286,0.6258991136340515,0.1,False
0.6206930636690813,0.2917637751029075,0.48814289108306474,0.6258991136340215,0.1,False
0.6262849434488007,0.2917637751029458,0.4881428910830665,0.6258991136339916,0.1,False
0.6318768232285202,0.29176377510298435,0.4881428910830684,0.6258991136339617,0.1,False
0.6374687030082395,0.2917637751030227,0.48814289108307024,0.6258991136339317,0.1,False
0.6430605827879591,0.2917637751030612,0.48814289108307213,0.6258991136339017,0.1,False
0.6486524625676786,0.2917637751030996,0.488142891083074,0.6258991136338719,0.1,False
0.654244342347398,0.291763775103138,0.4881428910830758,0.6258991136338419,0.1,False
0.6598362221271175,0.2917637751031764,0.4881428910830777,0.6258991136338119,0.1,False
0.6654281019068371,0.2917637751032149,0.4881428910830796,0.6258991136337819,0.1,False
0.6710199816865564,0.29176377510325324,0.4881428910830814,0.6258991136337521,0.1,False
0.6766118614662759,0.2917637751032917,0.4881428910830833,0.6258991136337221,0.1,False
0.6822037412459954,0.29176377510333007,0.48814289108308506,0.6258991136336921,0.1,False
0.6877956210257149,0.2917637751033685,0.48814289108308695,0.6258991136336622,0.1,False
0.6933875008054343,0.291763775103407,0.48814289108308884,0.6258991136336323,0.1,False
0.6989793805851537,0.2917637751034454,0.48814289108309067,0.6258991136336022,0.1,False
0.7045712603648732,0.29176377510348384,0.48814289108309256,0.6258991136335724,0.1,False
0.7101631401445927,0.2917637751035223,0.48814289108309444,0.6258991136335423,0.1,False
0.7157550199243121,0.29176377510356066,0.4881428910830962,0.6258991136335124,0.1,False
0.7213468997040317,0.29176377510359913,0.4881428910830981,0.6258991136334825,0.1,False
0.726938779483751,0.2917637751036375,0.4881428910830999,0.6258991136334526,0.1,False
0.7325306592634706,0.2917637751036759,0.48814289108310177,0.6258991136334225,0.1,False
0.7381225390431901,0.2917637751037144,0.4881428910831037,0.6258991136333927,0.1,False
0.7437144188229096,0.29176377510375273,0.48814289108310543,0.6258991136333628,0.1,False
0.7493062986026291,0.2917637751037912,0.4881428910831073,0.6258991136333327,0.1,False
0.7548981783823485,0.2917637751038297,0.4881428910831093,0.6258991136333028,0.1,False
0.7604900581620679,0.2917637751038681,0.48814289108311104,0.6258991136332729,0.1,False
0.7660819379417874,0.29176377510390655,0.48814289108311293,0.6258991136332428,0.1,False
0.7716738177215069,0.2917637751039449,0.4881428910831147,0.6258991136332129,0.1,False
0.7772656975012263,0.2917637751039833,0.4881428910831166,0.6258991136331831,0.1,False
0.7828575772809458,0.2917637751040218,0.48814289108311854,0.6258991136331531,0.1,False
0.7884494570606652,0.29176377510406015,0.4881428910831203,0.6258991136331231,0.1,False
0.7940413368403847,0.2917637751040986,0.4881428910831222,0.6258991136330931,0.1,False
0.7996332166201042,0.29176377510413704,0.4881428910831241,0.6258991136330633,0.1,False
0.8052250963998238,0.29176377510417545,0.48814289108312586,0.6258991136330333,0.1,False
0.8108169761795432,0.29176377510421386,0.48814289108312775,0.6258991136330033,0.1,False
0.8164088559592627,0.2917637751042523,0.4881428910831296,0.6258991136329733,0.1,False
0.822000735738982,0.2917637751042908,0.48814289108313147,0.6258991136329434,0.1,False
0.8275926155187016,0.2917637751043294,0.48814289108313336,0.6258991136329134,0.1,False
0.833184495298421,0.29176377510436874,0.4881428910831352,0.6258991136328826,0.1,False
0.8387763750781405,0.2917637751044089,0.48814289108313713,0.6258991136328513,0.1,False
0.8443682548578599,0.2917637751044633,0.4881428910831398,0.625899113632809,0.1,False
0.8499601346375794,0.29176377510452806,0.4881428910831429,0.6258991136327584,0.1,False
0.8555520144172988,0.2917637751045929,0.48814289108314596,0.6258991136327079,0.1,False
0.8611438941970183,0.2917637751046577,0.4881428910831492,0.6258991136326574,0.1,False
0.866735773976738,0.29176377510472246,0.4881428910831523,0.625899113632607,0.1,False
0.8723276537564574,0.29176377510478724,0.4881428910831554,0.6258991136325566,0.1,False
0.8779195335361769,0.291763775104852,0.48814289108315856,0.625899113632506,0.1,False
0.8835114133158962,0.2917637751049168,0.4881428910831617,0.6258991136324555,0.1,False
0.8891032930956158,0.2917637751049816,0.4881428910831648,0.6258991136324049,0.1,False
0.8946951728753352,0.29176377510504636,0.48814289108316794,0.6258991136323545,0.1,False
0.9002870526550547,0.29176377510511114,0.4881428910831711,0.625899113632304,0.1,False
0.9058789324347741,0.2917637751051759,0.4881428910831742,0.6258991136322536,0.1,False
0.9114708122144936,0.2917637751052407,0.4881428910831773,0.6258991136322031,0.1,False
0.917062691994213,0.2917637751053055,0.48814289108318043,0.6258991136321526,0.1,False
0.9226545717739325,0.29176377510537027,0.48814289108318365,0.6258991136321022,0.1,False
0.9282464515536519,0.29176377510543505,0.48814289108318676,0.6258991136320516,0.1,False
0.9338383313333716,0.29176377510549983,0.4881428910831898,0.6258991136320011,0.1,False
0.9394302111130909,0.2917637751055646,0.48814289108319303,0.6258991136319506,0.1,False
0.9450220908928104,0.2917637751056294,0.48814289108319614,0.6258991136319002,0.1,False
0.9506139706725298,0.2917637751056942,0.4881428910831992,0.6258991136318496,0.1,False
0.9562058504522494,0.291763775105759,0.4881428910832024,0.6258991136317992,0.1,False
0.9617977302319688,0.2917637751058238,0.48814289108320547,0.6258991136317487,0.1,False
0.9673896100116883,0.2917637751058886,0.4881428910832086,0.625899113631698,0.1,False
0.9729814897914076,0.29176377510595336,0.4881428910832118,0.6258991136316476,0.1,False
0.9785733695711272,0.29176377510601814,0.48814289108321485,0.6258991136315971,0.1,False
0.9841652493508466,0.2917637751060829,0.48814289108321796,0.6258991136315467,0.1,False
0.9897571291305661,0.2917637751061477,0.4881428910832212,0.6258991136314962,0.1,False
0.9953490089102855,0.2917637751062125,0.4881428910832243,0.6258991136314458,0.1,False
1.000940888690005,0.29176377510627727,0.48814289108322734,0.6258991136313952,0.1,False
1.0065327684697247,0.29176377510634205,0.4881428910832305,0.6258991136313447,0.1,False
1.0121246482494441,0.29176377510640683,0.4881428910832336,0.6258991136312942,0.1,False
1.0177165280291636,0.2917637751064716,0.4881428910832368,0.6258991136312437,0.1,False
1.023308407808883,0.2917637751065364,0.4881428910832385,0.6258991136311925,0.1,False
1.0289002875886024,0.2917637751066012,0.4881428910832385,0.6258991136311406,0.1,False
1.0344921673683218,0.29176377510666596,0.48814289108324044,0.6258991136310896,0.1,False
1.0400840471480415,0.29176377510673074,0.4881428910832437,0.6258991136310391,0.1,False
1.0456759269277607,0.2917637751067955,0.4881428910832467,0.6258991136309886,0.1,False
1.05126780670748,0.2917637751068603,0.48814289108325,0.6258991136309382,0.1,False
1.0568596864871997,0.29176377510692514,0.48814289108325304,0.6258991136308876,0.1,False
1.0624515662669192,0.2917637751069899,0.48814289108325615,0.6258991136308371,0.1,False
1.0680434460466386,0.2917637751070547,0.4881428910832593,0.6258991136307867,0.1,False
1.0736353258263582,0.2917637751071195,0.4881428910832625,0.6258991136307361,0.1,False
1.0792272056060777,0.29176377510718426,0.4881428910832655,0.6258991136306856,0.1,False
1.084819085385797,0.29176377510724905,0.48814289108326875,0.6258991136306351,0.1,False
1.0904109651655165,0.2917637751073138,0.48814289108327175,0.6258991136305846,0.1,False
1.0960028449452361,0.2917637751073786,0.4881428910832749,0.6258991136305342,0.1,False
1.1015947247249556,0.2917637751074434,0.4881428910832781,0.6258991136304837,0.1,False
1.1071866045046748,0.29176377510750817,0.4881428910832812,0.6258991136304332,0.1,False
1.1127784842843944,0.29176377510757295,0.48814289108328424,0.6258991136303826,0.1,False
1.1183703640641138,0.29176377510763774,0.4881428910832875,0.6258991136303322,0.1,False
1.1239622438438335,0.2917637751077025,0.4881428910832905,0.6258991136302817,0.1,False
1.1295541236235527,0.2917637751077673,0.4881428910832937,0.6258991136302312,0.1,False
1.135146003403272,0.2917637751078321,0.4881428910832968,0.6258991136301807,0.1,False
1.1407378831829917,0.29176377510789686,0.48814289108329995,0.6258991136301302,0.1,False
1.1463297629627112,0.29176377510796164,0.488142891083303,0.6258991136300798,0.1,False
1.1519216427424308,0.2917637751080264,0.4881428910833062,0.6258991136300293,0.1,False
1.1575135225221502,0.29176377510809126,0.4881428910833094,0.6258991136299787,0.1,False
1.1631054023018694,0.29176377510815604,0.48814289108331244,0.6258991136299282,0.1,False
1.168697282081589,0.2917637751082208,0.48814289108331566,0.6258991136298778,0.1,False
1.1742891618613085,0.2917637751082856,0.4881428910833187,0.6258991136298273,0.1,False
1.1798810416410281,0.2917637751083504,0.4881428910833219,0.6258991136297768,0.1,False
1.1854729214207473,0.29176377510841517,0.488142891083325,0.6258991136297263,0.1,False
1.191064801200467,0.29176377510847995,0.48814289108332815,0.6258991136296758,0.1,False
1.1966566809801864,0.29176377510854473,0.48814289108333114,0.6258991136296252,0.1,False
1.2022485607599058,0.2917637751086095,0.4881428910833344,0.6258991136295748,0.1,False
1.2078404405396255,0.2917637751086743,0.48814289108333747,0.6258991136295243,0.1,False
1.213432320319345,0.2917637751087391,0.4881428910833406,0.6258991136294738,0.1,False
1.2190242000990645,0.29176377510880386,0.48814289108334374,0.6258991136294233,0.1,False
1.2246160798787837,0.29176377510886864,0.4881428910833469,0.6258991136293729,0.1,False
1.2302079596585032,0.2917637751089334,0.48814289108335,0.6258991136293224,0.1,False
1.2357998394382228,0.2917637751089982,0.4881428910833532,0.6258991136292719,0.1,False
1.2413917192179422,0.291763775109063,0.4881428910833562,0.6258991136292213,0.1,False
1.2469835989976616,0.29176377510912777,0.48814289108335945,0.625899113629171,0.1,False
1.252575478777381,0.29176377510919255,0.48814289108336273,0.6258991136291204,0.1,False
1.2581673585571005,0.29176377510925733,0.48814289108336595,0.6258991136290701,0.1,False
1.2637592383368201,0.29176377510932217,0.48814289108336945,0.6258991136290197,0.1,False
1.2693511181165393,0.29176377510942003,0.4881428910833742,0.6258991136289435,0.1,False
1.2749429978962592,0.29176377510954893,0.4881428910833804,0.625899113628843,0.1,False
1.2805348776759784,0.29176377510968854,0.48814289108338754,0.6258991136287344,0.1,False
1.2861267574556978,0.291763775109882,0.4881428910833972,0.6258991136285837,0.1,False
1.2917186372354175,0.2917637751101138,0.48814289108340886,0.6258991136284033,0.1,False
1.2973105170151369,0.2917637751104013,0.4881428910834233,0.6258991136281795,0.1,False
1.3029023967948563,0.2917637751107558,0.4881428910834414,0.6258991136279037,0.1,False
1.3084942765745757,0.29176377511119045,0.4881428910834633,0.6258991136275655,0.1,False
1.3140861563542952,0.2917637751117336,0.4881428910834906,0.6258991136271426,0.1,False
1.3196780361340148,0.2917637751123979,0.488142891083524,0.6258991136266254,0.1,False
1.325269915913734,0.29176377511321766,0.48814289108356507,0.6258991136259873,0.1,False
1.3308617956934536,0.29176377511422175,0.4881428910836156,0.6258991136252058,0.1,False
1.336453675473173,0.29176377511545365,0.4881428910836765,0.6258991136242463,0.1,False
1.3420455552528927,0.2917637751169632,0.48814289108375236,0.6258991136230713,0.1,False
1.347637435032612,0.29176377511881063,0.48814289108384534,0.6258991136216333,0.1,False
1.3532293148123313,0.29176377512107093,0.48814289108395276,0.6258991136198708,0.1,False
1.358821194592051,0.29176377512383245,0.48814289108407394,0.6258991136177127,0.1,False
1.3644130743717704,0.291763775127199,0.48814289108424186,0.6258991136150914,0.1,False
1.3700049541514898,0.2917637751312995,0.4881428910844467,0.625899113611899,0.1,False
1.3755968339312095,0.29176377513628626,0.48814289108467457,0.6258991136080062,0.1,False
1.3811887137109289,0.2917637751423423,0.48814289108497694,0.6258991136032911,0.1,False
1.3867805934906485,0.2917637751496856,0.48814289108532216,0.6258991135975635,0.1,False
1.392372473270368,0.29176377515857727,0.48814289108575043,0.6258991135906331,0.1,False
1.3979643530500874,0.29176377516932733,0.488142891086272,0.625899113582256,0.1,False
1.4035562328298068,0.2917637751823059,0.48814289108689923,0.6258991135721412,0.1,False
1.4091481126095262,0.291763775197952,0.48814289108766556,0.6258991135599523,0.1,False
1.4147399923892459,0.2917637752167853,0.48814289108858294,0.625899113545278,0.1,False
1.420331872168965,0.29176377523942687,0.4881428910897476,0.6258991135276661,0.1,False
1.4259237519486847,0.291763775266606,0.48814289109123105,0.6258991135065656,0.1,False
1.4315156317284041,0.29176377529917685,0.48814289109301384,0.6258991134812816,0.1,False
1.4371075115081235,0.2917637753381527,0.4881428910951115,0.6258991134510086,0.1,False
1.442699391287843,0.2917637753847312,0.4881428910975781,0.625899113414811,0.1,False
1.4482912710675624,0.2917637754403188,0.48814289110048154,0.625899113371593,0.1,False
1.453883150847282,0.29176377550657057,0.48814289110390835,0.6258991133200676,0.1,False
1.4594750306270015,0.29176377558543926,0.4881428911081075,0.6258991132587872,0.1,False
1.4650669104067207,0.2917637756791808,0.4881428911130673,0.6258991131859359,0.1,False
1.4706587901864403,0.2917637757904528,0.48814289111888387,0.6258991130994268,0.1,False
1.4762506699661597,0.2917637759223752,0.48814289112587417,0.6258991129969081,0.1,False
1.4818425497458794,0.2917637760785544,0.4881428911340743,0.6258991128755028,0.1,False
1.4874344295255986,0.2917637762632273,0.4881428911438316,0.6258991127319774,0.1,False
1.493026309305318,0.29176377648129576,0.4881428911553151,0.6258991125624791,0.1,False
1.4986181890850376,0.29176377673847215,0.4881428911688583,0.6258991123625834,0.1,False
1.504210068864757,0.29176377704138384,0.48814289118481635,0.6258991121271422,0.1,False
1.509801948644477,0.29176377739771076,0.48814289120358983,0.6258991118501841,0.1,False
1.5153938284241961,0.2917637778163451,0.48814289122563864,0.6258991115247933,0.1,False
1.5209857082039158,0.2917637783075648,0.48814289125151145,0.6258991111429849,0.1,False
1.5265775879836352,0.29176377888323934,0.4881428912818307,0.6258991106955316,0.1,False
1.5321694677633546,0.29176377955705834,0.48814289131732186,0.6258991101717953,0.1,False
1.537761347543074,0.2917637803447871,0.4881428913588099,0.6258991095595196,0.1,False
1.5433532273227935,0.291763781264564,0.48814289140725653,0.6258991088446089,0.1,False
1.548945107102513,0.2917637823372249,0.48814289146375833,0.6258991080108679,0.1,False
1.5545369868822325,0.29176378358668037,0.4881428915295741,0.6258991070397115,0.1,False
1.5601288666619517,0.29176378504033584,0.4881428916061481,0.6258991059098389,0.1,False
1.5657207464416714,0.2917637867295609,0.48814289169513525,0.6258991045968686,0.1,False
1.5713126262213908,0.29176378869022396,0.4881428917984251,0.6258991030729216,0.1,False
1.5769045060011104,0.2917637909632814,0.4881428919181769,0.6258991013061649,0.1,False
1.5824963857808296,0.2917637935954528,0.4881428920568533,0.6258990992602859,0.1,False
1.588088265560549,0.29176379663995716,0.48814289221725893,0.6258990968939199,0.1,False
1.5936801453402687,0.2917638001573576,0.4881428924025872,0.6258990941599951,0.1,False
1.5992720251199881,0.291763804216486,0.4881428926164656,0.6258990910050117,0.1,False
1.6048639048997075,0.29176380889548326,0.4881428928630148,0.6258990873682359,0.1,False
1.610455784679427,0.2917638142829551,0.4881428931469048,0.6258990831807988,0.1,False
1.6160476644591464,0.29176382047925603,0.48814289347342693,0.6258990783647013,0.1,False
1.621639544238866,0.29176382759792124,0.48814289384856646,0.6258990728316987,0.1,False
1.6272314240185852,0.29176383576724846,0.48814289427908736,0.6258990664820726,0.1,False
1.6328233037983049,0.2917638451320516,0.4881428947726254,0.6258990592032683,0.1,False
1.6384151835780243,0.2917638558556066,0.4881428953377896,0.6258990508683815,0.1,False
1.6440070633577442,0.29176386812179317,0.4881428959842758,0.6258990413344938,0.1,False
1.6495989431374636,0.29176388213746685,0.48814289672299066,0.6258990304408294,0.1,False
1.6551908229171828,0.2917638981350754,0.48814289756619145,0.6258990180067212,0.1,False
1.6607827026969024,0.2917639163755265,0.4881428985276367,0.6258990038293829,0.1,False
1.6663745824766218,0.29176393715136206,0.48814289962275353,0.6258989876814407,0.1,False
1.6719664622563415,0.29176396079022654,0.4881429008688198,0.6258989693082382,0.1,False
1.6775583420360607,0.29176398765868194,0.4881429022851673,0.6258989484248716,0.1,False
1.6831502218157801,0.29176401816638986,0.4881429038934007,0.6258989247129388,0.1,False
1.6887421015954998,0.2917640527706822,0.48814290571764174,0.6258988978169885,0.1,False
1.6943339813752192,0.2917640919815616,0.48814290778478614,0.6258988673406302,0.1,False
1.6999258611549386,0.2917641363671643,0.4881429101247997,0.6258988328422924,0.1,False
1.705517740934658,0.2917641865597096,0.48814291277103006,0.6258987938305977,0.1,False
1.7111096207143774,0.29176424326198513,0.48814291576054697,0.6258987497593211,0.1,False
1.716701500494097,0.29176430725440844,0.48814291913451385,0.6258987000219022,0.1,False
1.7222933802738163,0.29176437940268524,0.48814292293859535,0.6258986439454933,0.1,False
1.727885260053536,0.29176446066613526,0.4881429272233973,0.6258985807844901,0.1,False
1.7334771398332554,0.29176455210670776,0.4881429320449404,0.6258985097135239,0.1,False
1.7390690196129748,0.2917646548987527,0.48814293746517673,0.6258984298198675,0.1,False
1.7446608993926942,0.29176477033957227,0.488142943552545,0.6258983400952342,0.1,False
1.7502527791724136,0.29176489986083143,0.488142950382573,0.6258982394269099,0.1,False
1.7558446589521333,0.2917650450408582,0.4881429580385319,0.6258981265881968,0.1,False
1.7614365387318527,0.29176520761790004,0.488142966612132,0.6258980002281082,0.1,False
1.7670284185115719,0.2917653895043912,0.4881429762042719,0.6258978588602793,0.1,False
1.7726202982912915,0.2917655928022803,0.48814298692585595,0.6258977008510599,0.1,False
1.778212178071011,0.29176581981949484,0.48814299889865925,0.6258975244067164,0.1,False
1.7838040578507308,0.2917660730875864,0.4881430122562624,0.6258973275597223,0.1,False
1.7893959376304502,0.29176635538062695,0.48814302714504376,0.6258971081540702,0.1,False
1.7949878174101697,0.29176666973542187,0.48814304372524886,0.6258968638295654,0.1,False
1.800579697189889,0.29176701947310335,0.48814306217213044,0.6258965920050479,0.1,False
1.8061715769696085,0.29176740822216063,0.4881430826771662,0.6258962898604953,0.1,False
1.8117634567493281,0.29176783994298966,0.48814310544935663,0.6258959543179493,0.1,False
1.8173553365290473,0.2917683189540074,0.48814313071659815,0.6258955820212213,0.1,False
1.822947216308767,0.2917688499594165,0.48814315872716063,0.6258951693143251,0.1,False
1.8285390960884864,0.29176943807867206,0.48814318975122933,0.6258947122185758,0.1,False
1.8341309758682058,0.2917700888777226,0.48814322408256083,0.6258942064083207,0.1,False
1.8397228556479253,0.2917708084020825,0.48814326204023784,0.6258936471852499,0.1,False
1.8453147354276447,0.29177160321180273,0.4881433039704956,0.6258930294512197,0.1,False
1.8509066152073643,0.2917724804184014,0.4881433502486989,0.625892347679577,0.1,False
1.8564984949870837,0.29177344772380387,0.4881434012813785,0.625891595884903,0.1,False
1.862090374766803,0.2917745134613523,0.4881434575084124,0.6258907675911681,0.1,False
1.8676822545465226,0.2917756866389373,0.4881435194052882,0.6258898557982273,0.1,False
1.873274134326242,0.29177697698428967,0.4881435874855126,0.6258888529466555,0.1,False
1.8788660141059617,0.2917783949924882,0.48814366230310247,0.6258877508808497,0.1,False
1.8844578938856809,0.2917799519757088,0.48814374445523484,0.6258865408104142,0.1,False
1.8900497736654003,0.2917816601152443,0.48814383458497573,0.625885213269767,0.1,False
1.89564165344512,0.29178353251583994,0.4881439333841604,0.6258837580759703,0.1,False
1.9012335332248393,0.29178558326232495,0.4881440415963912,0.6258821642847817,0.1,False
1.9068254130045588,0.2917878274785931,0.4881441600201433,0.6258804201448837,0.1,False
1.9124172927842782,0.29179028138889307,0.48814428951200617,0.6258785130503354,0.1,False
1.9180091725639978,0.29179296238144553,0.4881444309900472,0.6258764294912306,0.1,False
1.9236010523437175,0.29179588907436194,0.4881445854373011,0.6258741550025835,0.1,False
1.929192932123437,0.29179908138381844,0.48814475390535855,0.6258716741114709,0.1,False
1.9347848119031563,0.291802560594476,0.4881449375180969,0.62586897028246,0.1,False
1.9403766916828757,0.2918063494320609,0.48814513747552285,0.6258660258613791,0.1,False
1.9459685714625954,0.29181047213804934,0.4881453550577095,0.6258628220174722,0.1,False
1.9515604512423148,0.29181495454638423,0.4881455916288529,0.6258593386840097,0.1,False
1.957152331022034,0.2918198241621124,0.48814584864143246,0.6258555544974413,0.1,False
1.9627442108017537,0.29182511024183994,0.488146127640462,0.6258514467351725,0.1,False
1.968336090581473,0.2918308438758748,0.48814643026783844,0.6258469912520759,0.1,False
1.9739279703611927,0.29183705807190885,0.4881467582667572,0.625842162415849,0.1,False
1.979519850140912,0.2918437878400833,0.48814711348620915,0.6258369330413551,0.1,False
1.9851117299206313,0.2918510702792521,0.4881474978855587,0.6258312743241022,0.1,False
1.990703609700351,0.29185894466423834,0.4881479135391407,0.6258251557730035,0.1,False
1.9962954894800704,0.2918674525338793,0.48814836264091616,0.6258185451426083,0.1,False
2.00188736925979,0.2918766377796034,0.4881488475091745,0.6258114083650151,0.1,False
2.007479249039509,0.29188654673429665,0.4881493705912178,0.6258037094816362,0.1,False
2.0130711288192287,0.29189722826116454,0.48814993446806837,0.6257954105750824,0.1,False
2.0186630085989483,0.29190873384229693,0.48815054185915596,0.6257864717013926,0.1,False
2.0242548883786675,0.2919211176666098,0.4881511956269548,0.6257768508228658,0.1,False
2.029846768158387,0.2919344367168265,0.4881518987816127,0.625766503741802,0.1,False
2.035438647938107,0.2919487508551204,0.48815265448546524,0.6257553840354151,0.1,False
2.041030527717826,0.29196412290705126,0.4881534660574771,0.6257434429922503,0.1,False
2.046622407497545,0.29198061874337355,0.488154336977594,0.6257306295504507,0.1,False
2.0522142872772653,0.2919983073592942,0.48815527089090344,0.6257168902381816,0.1,False
2.0578061670569845,0.29201726095073016,0.488156271611711,0.62570216911664,0.1,False
2.063398046836704,0.2920375549871002,0.4881573431273734,0.6256864077259691,0.1,False
2.068989926616424,0.29205926828015294,0.4881584896019465,0.6256695450345201,0.1,False
2.074581806396143,0.2920824830483406,0.4881597153796016,0.6256515173918585,0.1,False
2.0801736861758626,0.2921072849761965,0.4881610249877771,0.6256322584859513,0.1,False
2.085765565955582,0.29213376326818746,0.4881624231400357,0.6256116993049694,0.1,False
2.0913574457353015,0.292162010696473,0.48816391473859,0.6255897681041663,0.1,False
2.0969493255150207,0.2921921236420116,0.48816550487649213,0.6255663903783019,0.1,False
2.1025412052947403,0.29222420212841743,0.48816719883944204,0.6255414888400946,0.1,False
2.1081330850744595,0.29225834984797805,0.48816900210716924,0.6255149834051759,0.1,False
2.113724964854179,0.2922946741792226,0.4881709203543708,0.625486791184052,0.1,False
2.119316844633899,0.2923332861954328,0.4881729594511855,0.6254568264815789,0.1,False
2.124908724413618,0.29237430066346254,0.4881751254631356,0.6254250008044435,0.1,False
2.1305006041933376,0.2924178360322584,0.48817742465054403,0.6253912228771737,0.1,False
2.136092483973057,0.2924640144104436,0.48817986346735315,0.6253553986671674,0.1,False
2.1416843637527765,0.29251296153233713,0.4881824485593561,0.6253174314192762,0.1,False
2.147276243532496,0.2925648067117961,0.4881851867617704,0.6252772217004171,0.1,False
2.1528681233122153,0.29261968278325634,0.4881880850961293,0.6252346674547192,0.1,False
2.158460003091935,0.29267772602936243,0.48819115076648806,0.6251896640697081,0.1,False
2.164051882871654,0.29273907609459243,0.4881943911548602,0.6251421044539724,0.1,False
2.1696437626513734,0.2928038758842908,0.4881978138159096,0.625091879126807,0.1,False
2.1752356424310935,0.29287227144854067,0.4882014264708225,0.6250388763202518,0.1,False
2.1808275222108127,0.2929444118503431,0.48820523700036705,0.6249829820939606,0.1,False
2.1864194019905323,0.2930204490175578,0.48820925343707205,0.6249240804632936,0.1,False
2.192011281770252,0.29310053757812615,0.4882134839565449,0.624862053541017,0.1,False
2.197603161549971,0.29318483467810263,0.4882179368678724,0.6247967816929446,0.1,False
2.203195041329691,0.29327349978206385,0.4882226206030802,0.6247281437078278,0.1,False
2.2087869211094104,0.2933666944554964,0.48822754370565297,0.6246560169817809,0.1,False
2.2143788008891296,0.2934645821288043,0.48823271481807745,0.624580277717468,0.1,False
2.219970680668849,0.29356732784262607,0.488238142668393,0.6245008011382437,0.1,False
2.2255625604485685,0.2936750979741989,0.48824383605575605,0.6244174617173954,0.1,False
2.231154440228288,0.29378805994452956,0.4882498038349678,0.6243301334225861,0.1,False
2.2367463200080078,0.2939063819062379,0.48825605489999063,0.6242386899755329,0.1,False
2.242338199787727,0.2940302324119406,0.48826259816643913,0.624143005126926,0.1,False
2.247930079567446,0.29415978006313653,0.48826944255303384,0.6240429529465057,0.1,False
2.253521959347166,0.2942951931396031,0.4882765969620228,0.6239384081281725,0.1,False
2.2591138391268855,0.29443663920938323,0.4882840702585838,0.6238292463099405,0.1,False
2.2647057189066047,0.29458428471949927,0.4882918712491934,0.6237153444084715,0.1,False
2.2702975986863243,0.29473829456762274,0.48830000865900147,0.6235965809678654,0.1,False
2.2758894784660435,0.2948988316549816,0.488308491108216,0.623472836522311,0.1,False
2.281481358245763,0.29506605642085754,0.48831732708749137,0.6233439939721253,0.1,False
2.287073238025483,0.2952401263591317,0.48832652493239,0.6232099389726462,0.1,False
2.292665117805202,0.29542119551737456,0.48833609279690526,0.6230705603353659,0.1,False
2.2982569975849216,0.2956094139790979,0.48834603862610004,0.6229257504406088,0.1,False
2.303848877364641,0.2958049273298285,0.4883563701278851,0.6227754056610018,0.1,False
2.30944075714436,0.2960078761077776,0.4883670947439835,0.6226194267948918,0.1,False
2.31503263692408,0.2962183952399394,0.48837821962012057,0.6224577195088042,0.1,False
2.3206245167037998,0.2964366134645455,0.4883897515754961,0.6222901947879625,0.1,False
2.326216396483519,0.29666265274088666,0.4884016970715761,0.6221167693938034,0.1,False
2.3318082762632386,0.29689662764759117,0.48841406218027994,0.6219373663273746,0.1,False
2.3374001560429583,0.29713864477052554,0.4884268525516257,0.62175191529743,0.1,False
2.3429920358226775,0.2973888020815795,0.48844007338087,0.6215603531919462,0.1,False
2.348583915602397,0.2976471883096612,0.4884537293752436,0.6213626245517653,0.1,False
2.3541757953821163,0.2979138823053143,0.4884678247203621,0.6211586820449944,0.1,False
2.3597676751618355,0.29818895240044363,0.48848236304635284,0.6209484869407184,0.1,False
2.3653595549415556,0.29847245576469755,0.4884973473938154,0.6207320095805777,0.1,False
2.370951434721275,0.2987644377601462,0.4885127801796876,0.6205092298466857,0.1,False
2.3765433145009944,0.2990649312959413,0.48852866316310034,0.6202801376243366,0.1,False
2.3821351942807136,0.29937395618471796,0.48854499741134055,0.6200447332579365,0.1,False
2.387727074060433,0.29969151850254444,0.48856178326597643,0.6198030279985404,0.1,False
2.393318953840153,0.3000176099543029,0.48857902030927985,0.6195550444413842,0.1,False
2.398910833619872,0.3003522072464036,0.48859670733104704,0.619300816951795,0.1,False
2.4045027133995913,0.30069527146880104,0.48861484229586594,0.6190403920778171,0.1,False
2.410094593179311,0.3010467474883176,0.48863342231103263,0.6187738289479771,0.1,False
2.41568647295903,0.3014065633552929,0.4886524435951279,0.6185011996525377,0.1,False
2.4212783527387503,0.30177462972563296,0.48867190144742434,0.6182225896066794,0.1,False
2.4268702325184695,0.30215083930032083,0.4886917902182167,0.6179380978940534,0.1,False
2.4324621122981887,0.3025350662844936,0.48871210328017467,0.6176478375891775,0.1,False
2.4380539920779083,0.3029271658681701,0.48873283300083054,0.6173519360572155,0.1,False
2.4436458718576275,0.30332697373073403,0.4887539707163538,0.6170505352297404,0.1,False
2.449237751637347,0.30373430557125014,0.48877550670664605,0.6167437918551036,0.1,False
2.454829631417067,0.30414895666668,0.48879743017193955,0.6164318777221689,0.1,False
2.4604215111967864,0.3045707014600474,0.48881972921097455,0.6161149798561949,0.1,False
2.4660133909765056,0.30499929318055913,0.4888423908008451,0.6157933006857527,0.1,False
2.4716052707562253,0.3054344634976418,0.48886540077864815,0.6154670581796811,0.1,False
2.477197150535945,0.30587592221083043,0.48888874382503267,0.6151364859531537,0.1,False
2.482789030315664,0.30632335697735574,0.48891240344973114,0.6148018333420486,0.1,False
2.4883809100953838,0.3067764330792254,0.4889363619791855,0.6144633654449332,0.1,False
2.493972789875103,0.3072347932315354,0.48896060054633855,0.6141213631320641,0.1,False
2.499564669654822,0.3076980574336338,0.4889850990827063,0.6137761230209681,0.1,False
2.5051565494345422,0.30816582286469707,0.4890098363127846,0.6134279574182437,0.1,False
2.5107484292142614,0.30863766382516483,0.4890347897508852,0.6130771942273932,0.1,False
2.516340308993981,0.3091131317253879,0.4890599357004727,0.6127241768225908,0.1,False
2.5219321887737003,0.3095917551227098,0.48908524925604374,0.6123692638884426,0.1,False
2.5275240685534195,0.3100730398081162,0.48911070430765785,0.612012829225919,0.1,False
2.5331159483331396,0.3105564689434204,0.48913627354811046,0.6116552615247607,0.1,False
2.5387078281128588,0.3110415032498607,0.48916192848283135,0.6112969641027932,0.1,False
2.544299707892578,0.31152758124880925,0.4891876394425506,0.6109383546127327,0.1,False
2.5498915876722976,0.31201411955518904,0.48921337559874745,0.610579864717145,0.1,False
2.555483467452017,0.3125005132240095,0.4892391049819054,0.6102219397323728,0.1,False
2.561075347231737,0.3129861361502969,0.4892647945025833,0.6098650382423545,0.1,False
2.566667227011456,0.3134703415225482,0.489290409975337,0.6095096316833647,0.1,False
2.5722591067911753,0.31395246232965346,0.48931591614546405,0.6091562039008129,0.1,False
2.577850986570895,0.31443181192109065,0.4893412767185417,0.6088052506793188,0.1,False
2.583442866350614,0.3149076846200234,0.4893664543928003,0.6084572792474156,0.1,False
2.589034746130334,0.31537935638876335,0.48939141089425925,0.6081128077582738,0.1,False
2.5946266259100534,0.3158460855459028,0.48941610701457716,0.6077723647479192,0.1,False
2.600218505689773,0.31630711353424246,0.48944050265159683,0.6074364885725102,0.1,False
2.6058103854694923,0.3167616657384954,0.48946455685255924,0.6071057268262935,0.1,False
2.6114022652492124,0.31720895235155167,0.48948822785983864,0.6067806357418668,0.1,False
2.6169941450289316,0.3176481692879664,0.4895114731592049,0.6064617795744706,0.1,False
2.6225860248086508,0.31807849914313563,0.48953424953050384,0.6061497299720403,0.1,False
2.6281779045883704,0.31849911219649407,0.4895565131006598,0.6058450653327617,0.1,False
2.633769784368089,0.3189091674569085,0.48957821939892315,0.605548370151907,0.1,False
2.639361664147809,0.31930781374830236,0.48959932341424034,0.6052602343597071,0.1,False
2.6449535439275285,0.3196941908333773,0.4896197796546478,0.6049812526520477,0.1,False
2.650545423707248,0.32006743057320675,0.489639542208567,0.6047120238157206,0.1,False
2.6561373034869673,0.32042665812031096,0.4896585648078673,0.6044531500499672,0.1,False
2.661729183266687,0.32077099314272234,0.4896768008925777,0.6042052362860145,0.1,False
2.667321063046407,0.3210995510764261,0.4896942036771018,0.6039688895062632,0.1,False
2.6729129428261262,0.3214114444034601,0.48971072621779904,0.6037447180647486,0.1,False
2.678504822605846,0.32170578395287563,0.4897263214817623,0.6035333310104163,0.1,False
2.6840967023855646,0.32198168022163953,0.48974094241667915,0.6033353374147541,0.1,False
2.6896885821652843,0.32223824471251994,0.48975454202157714,0.603151345705189,0.1,False
2.695280461945004,0.32247459128591416,0.4897670734183148,0.6029819630056277,0.1,False
2.7008723417247236,0.32268983752251096,0.48977848992365075,0.6028277944854484,0.1,False
2.7064642215044428,0.3228831060936542,0.48978874512173176,0.6026894427181543,0.1,False
2.7120561012841624,0.3230535261362248,0.48979779293681175,0.6025675070508218,0.1,False
2.7176479810638816,0.32320023462883873,0.4898055877060474,0.6024625829854032,0.1,False
2.7232398608436017,0.3233223777661513,0.4898120842522151,0.6023752615728536,0.1,False
2.7288317406233205,0.3234191123280409,0.48981723795612925,0.6023061288209409,0.1,False
2.73442362040304,0.3234896070404742,0.48982100482865604,0.6022557651165544,0.1,False
2.7400155001827593,0.3235330439248566,0.48982334158209956,0.6022247446631873,0.1,False
2.745607379962479,0.3235486196327216,0.48982420570083657,0.6022136349342176,0.1,False
2.7511992597421986,0.32353554676262425,0.4898235555109986,0.6022229961425042,0.1,False
2.7567911395219182,0.32349305515619575,0.4898213502490548,0.6022533807267206,0.1,False
2.7623830193016374,0.32342039317034693,0.4898175501291485,0.6023053328547914,0.1,False
2.767974899081357,0.32331682892268726,0.4898121164090154,0.6023793879446815,0.1,False
2.773566778861076,0.3231816515073252,0.4898050114543367,0.6024760722027177,0.1,False
2.779158658640796,0.32301417217827116,0.48979619880138014,0.6025959021795531,0.1,False
2.784750538420515,0.32281372549780246,0.4897856432178051,0.6027393843437991,0.1,False
2.7903424182002348,0.3225796704472318,0.4897733107614554,0.6029070146732637,0.1,False
2.7959342979799544,0.32231139149763793,0.4897591688370644,0.6030992782637086,0.1,False
2.8015261777596736,0.3220082996382481,0.48974318625070823,0.6033166489549275,0.1,False
2.8071180575393937,0.32166983336028654,0.4897253332619065,0.603559588973908,0.1,False
2.812709937319113,0.32129545959423317,0.4897055816332774,0.6038285485947976,0.1,False
2.8183018170988325,0.3208846745985781,0.4896839046775936,0.6041239658152993,0.1,False
2.8238936968785513,0.320437004798306,0.48966027730221984,0.6044462660491402,0.1,False
2.829485576658271,0.3199520075714949,0.4896346760507911,0.6047958618341491,0.1,False
2.8350774564379906,0.31942927198254695,0.4896070791420552,0.6051731525554769,0.1,False
2.8406693362177102,0.3188684194607451,0.4895774665058549,0.6055785241834742,0.1,False
2.8462612159974294,0.31826910442298184,0.4895458198161369,0.6060123490256637,0.1,False
2.851853095777149,0.31763101483964556,0.4895121225209623,0.6064749854922729,0.1,False
2.8574449755568683,0.3169538727428389,0.4894763598694627,0.6069667778747362,0.1,False
2.8630368553365884,0.3162374346762355,0.48943851893571666,0.607488056136588,0.1,False
2.868628735116307,0.31548149208605586,0.4893985886395134,0.6080391357161415,0.1,False
2.8742206148960268,0.31468587165278505,0.4893565597639592,0.6086203173403422,0.1,False
2.879812494675746,0.31385043556344994,0.48931242496998517,0.6092318868491995,0.1,False
2.8854043744554656,0.312975081724358,0.48926617880765516,0.609874115030177,0.1,False
2.8909962542351852,0.31205974391442426,0.48921781772436596,0.610547257461955,0.1,False
2.896588134014905,0.31110439187931244,0.4891673400699044,0.6112515543669681,0.1,False
2.902180013794624,0.3101090313667851,0.4891147460983955,0.6119872304721371,0.1,False
2.9077718935743437,0.30907370410377166,0.48906003796714714,0.6127544948772399,0.1,False
2.9133637733540625,0.30799848771584515,0.4890032197324967,0.6135535409303897,0.1,False
2.9189556531337826,0.3068834955898696,0.4889442973426011,0.614384546110078,0.1,False
2.924547532913502,0.30572887668075305,0.4888832786272821,0.6152476719133049,0.1,False
2.9301394126932214,0.30453481526334286,0.48882017328498906,0.6161430637493365,0.1,False
2.935731292472941,0.3033015306306103,0.48875499286689744,0.6170708508386338,0.1,False
2.9413231722526603,0.3020292767393885,0.4886877507582385,0.6180311461165608,0.1,False
2.9469150520323804,0.30071834180501866,0.4886184621569262,0.619024046141504,0.1,False
2.9525069318120996,0.2993690478463705,0.48854714404954996,0.6200496310070557,0.1,False
2.958098811591819,0.29798175018277656,0.4884738151848321,0.6211079642579774,0.1,False
2.963690691371538,0.2965568368845143,0.48839849604462204,0.6221990928096712,0.1,False
2.969282571151258,0.29509472817852694,0.4883212088125144,0.6233230468709479,0.1,False
2.9748744509309772,0.2935958758111681,0.4882419773402043,0.6244798398699114,0.1,False
2.980466330710697,0.2920607623697918,0.48816082711165437,0.6256694683828189,0.1,False
2.986058210490416,0.2904899005650843,0.4880777852051825,0.6268919120658193,0.1,False
2.9916500902701357,0.2888838324760711,0.4879928802535758,0.6281471335895189,0.1,False
2.9972419700498554,0.2872431287597711,0.48790614240233143,0.6294350785763667,0.1,False
3.002833849829575,0.28556838782751276,0.48781760326613716,0.6307556755408916,0.1,False
3.0084257296092938,0.28386023498996127,0.4877272958836777,0.6321088358328482,0.1,False
3.0140176093890134,0.2821193215728994,0.48763525467091123,0.6334944535834218,0.1,False
3.0196094891687326,0.2803463240058585,0.48754151537289747,0.6349124056546239,0.1,False
3.0252013689484527,0.27854194288567785,0.48744611501429846,0.63636255159209,0.1,False
3.030793248728172,0.27670690201708364,0.4873490918486545,0.637844733581519,0.1,False
3.0363851285078916,0.2748419474323822,0.4872504853065692,0.639358776409046,0.1,False
3.0419770082876108,0.27294784639234404,0.4871503359428776,0.6409044874258528,0.1,False
3.0475688880673304,0.271025386370356,0.4870486853829431,0.642481656517391,0.1,False
3.0531607678470496,0.2690753740218908,0.48694557626816487,0.6440900560776033,0.1,False
3.0587526476267692,0.2670986341413256,0.48684105220081814,0.6457294409885804,0.1,False
3.0643445274064884,0.2650960086081223,0.48673515768832987,0.647399548606112,0.1,False
3.069936407186208,0.26306835532433476,0.48662793808708144,0.6491000987516303,0.1,False
3.0755282869659277,0.26101654714539657,0.4865194395458788,0.6508307937110809,0.1,False
3.0811201667456474,0.25894147080608254,0.48640970894913726,0.65259131824126,0.1,False
3.086712046525367,0.2568440258435209,0.48629879385992925,0.654381339584208,0.1,False
3.092303926305086,0.2547251235190585,0.48618674246295085,0.6562005074902612,0.1,False
3.097895806084806,0.252585685740771,0.48607360350753187,0.6580484542503825,0.1,False
3.1034876858645246,0.25042664398832726,0.48595942625077665,0.6599247947384258,0.1,False
3.1090795656442447,0.24824893824188554,0.4858442604008878,0.6618291264639693,0.1,False
3.114671445423964,0.24605351591664332,0.485728156060818,0.6637610296364164,0.1,False
3.1202633252036835,0.24384133080459802,0.48561116367227547,0.6657200672410221,0.1,False
3.1258552049834027,0.24161334202502768,0.4854933339602153,0.6677057851275576,0.1,False
3.1314470847631224,0.2393705129851435,0.4853747178778442,0.669717712112277,0.1,False
3.137038964542842,0.2371138103522962,0.4852553665522422,0.6717553600938998,0.1,False
3.1426308443225617,0.23484420303907244,0.4851353312306573,0.6738182241842842,0.1,False
3.1482227241022804,0.23256266120254582,0.485014663227573,0.6759057828544944,0.1,False
3.153814603882,0.23027015525888692,0.48489341387255086,0.6780174980969057,0.1,False
3.1594064836617193,0.22796765491448323,0.48477163445897603,0.6801528156040332,0.1,False
3.1649983634414394,0.22565612821465172,0.48464937619370446,0.6823111649647001,0.1,False
3.1705902432211586,0.22333654061095856,0.4845266901477205,0.6844919598781968,0.1,False
3.176182123000878,0.22100985404811765,0.48440362720780444,0.6866945983869908,0.1,False
3.1817740027805974,0.21867702607135672,0.48428023802928394,0.688918463128579,0.1,False
3.187365882560317,0.21633900895510308,0.48415657298994647,0.6911629216070148,0.1,False
3.1929577623400363,0.21399674885375114,0.4840326821450687,0.6934273264845864,0.1,False
3.198549642119756,0.21165118497524393,0.4839086151836801,0.6957110158941258,0.1,False
3.2041415218994755,0.20930324877812453,0.4837844213860632,0.6980133137723514,0.1,False
3.2097334016791947,0.20695386319266437,0.48366014958252046,0.7003335302146063,0.1,False
3.2153252814589144,0.204603941866609,0.48353584811345873,0.7026709618513188,0.1,False
3.220917161238634,0.20225438843603974,0.4834115647907719,0.7050248922464202,0.1,False
3.2265090410183537,0.1999060958217815,0.48328734686060393,0.7073945923179517,0.1,False
3.232100920798073,0.19755994555175072,0.4831632409674606,0.7097793207809658,0.1,False
3.2376928005777925,0.19521680710956527,0.4830392931197321,0.712178324612829,0.1,False
3.2432846803575113,0.19287753730970356,0.482915548656601,0.7145908395409056,0.1,False
3.2488765601372314,0.19054297969944614,0.48279205221636434,0.71701609055257,0.1,False
3.2544684399169506,0.1882139639877836,0.4826688477062054,0.7194532924274203,0.1,False
3.26006031969667,0.18589130550142874,0.48254597827336876,0.7219016502914622,0.1,False
3.2656521994763894,0.1835758046680285,0.48242348627779874,0.7243603601929951,0.1,False
3.2712440792561095,0.18126824652662904,0.4823014132662009,0.7268286096998136,0.1,False
3.2768359590358287,0.1789694002653931,0.4821797999475595,0.7293055785173028,0.1,False
3.2824278388155483,0.17668001878655082,0.48205868617007713,0.731790439126871,0.1,False
3.288019718595267,0.17440083829850406,0.4819381108995749,0.7342823574441398,0.1,False
3.2936115983749867,0.17213257793498168,0.48181811219929943,0.7367804934961744,0.1,False
3.299203478154706,0.1698759394010973,0.48169872721117185,0.7392840021170054,0.1,False
3.304795357934426,0.16763160664613397,0.4815799921384362,0.7417920336605699,0.1,False
3.3103872377141452,0.16540024556284585,0.4814619422297125,0.7443037347301433,0.1,False
3.315979117493865,0.16318250371303017,0.4813446117644563,0.7468182489232601,0.1,False
3.321570997273584,0.16097901007909807,0.48122803403977743,0.749334717591014,0.1,False
3.327162877053304,0.15879037484134267,0.4811122413586054,0.7518522806105764,0.1,False
3.332754756833023,0.15661718918057577,0.48099726501923706,0.7543700771697128,0.1,False
3.3383466366127426,0.15446002510577428,0.48088313530616794,0.756887246561959,0.1,False
3.343938516392462,0.15231943530636094,0.48076988148224614,0.7594029289911055,0.1,False
3.3495303961721814,0.15019595302871405,0.4806575317821031,0.76191626638354,0.1,False
3.3551222759519015,0.1480900919764812,0.4805461134068618,0.7644264032069619,0.1,False
3.3607141557316207,0.1460023462342497,0.4804356525200374,0.7669324872938984,0.1,False
3.3663060355113403,0.14393319021411324,0.4803261742446914,0.7694336706684494,0.1,False
3.3718979152910595,0.14188307862464117,0.48021770266176345,0.771929110374609,0.1,False
3.377489795070779,0.1398524464617628,0.48011026080953956,0.7744179693044636,0.1,False
3.3830816748504984,0.1378417090210389,0.4800038706842817,0.7768994170245872,0.1,False
3.388673554630218,0.13585126193079622,0.4798985532419424,0.7793726305988653,0.1,False
3.394265434409937,0.13388148120557652,0.47979432840096964,0.781836795406008,0.1,False
3.399857314189657,0.13193272331934297,0.47969121504613726,0.7842911059499675,0.1,False
3.405449193969376,0.13000532529787967,0.47958923103340356,0.786734766661485,0.1,False
3.411041073749096,0.12809960482979751,0.47948839319576225,0.789166992689002,0.1,False
3.4166329535288154,0.12621586039556748,0.47938871735003075,0.7915870106771417,0.1,False
3.422224833308535,0.12435437141397528,0.4792902183045764,0.7939940595310307,0.1,False
3.4278167130882538,0.12251539840540347,0.4791929098679266,0.7963873911647069,0.1,False
3.4334085928679734,0.12069918317131986,0.47909680485823103,0.7987662712319222,0.1,False
3.439000472647693,0.1189059489893679,0.4790019151135642,0.8011299798376665,0.1,False
3.4445923524274127,0.11713590082343169,0.47890825150300553,0.8034778122287835,0.1,False
3.450184232207132,0.11538922554805349,0.4788158239384846,0.8058090794621097,0.1,False
3.4557761119868515,0.11366609218658255,0.4787246413873706,0.8081231090486114,0.1,False
3.4613679917665707,0.11196665216241837,0.4786347118857187,0.8104192455720564,0.1,False
3.466959871546291,0.11029103956273019,0.47854604255222066,0.8126968512808445,0.1,False
3.4725517513260105,0.10863937141401424,0.4784586396027481,0.8149553066516649,0.1,False
3.478143631105729,0.10701174796886712,0.47837250836550504,0.8171940109237549,0.1,False
3.483735510885449,0.10540825300334622,0.47828765329673695,0.8194123826026032,0.1,False
3.489327390665168,0.10382895412429256,0.4782040779969791,0.8216098599320409,0.1,False
3.494919270444888,0.10227390308599446,0.4781217852277798,0.8237859013337414,0.1,False
3.5005111502246073,0.10074313611557606,0.4780407769289009,0.8259399858132643,0.1,False
3.506103030004327,0.09923667424649416,0.47796105423595353,0.8280716133318743,0.1,False
3.511694909784046,0.09775452365953878,0.4778826174984006,0.8301803051434488,0.1,False
3.517286789563766,0.09629667603073316,0.4778054662979688,0.8322656040959371,0.1,False
3.522878669343485,0.09486310888553587,0.4777295994673625,0.8343270748968914,0.1,False
3.5284705491232047,0.09345378595875947,0.4776550151092939,0.8363643043427316,0.1,False
3.534062428902924,0.09206865755962064,0.4775817106157777,0.8383769015115036,0.1,False
3.5396543086826435,0.0907076609413529,0.4775096826876842,0.8403644979190009,0.1,False
3.5452461884623627,0.08937072067481376,0.4774389273544867,0.8423267476382232,0.1,False
3.550838068242083,0.08805774902553244,0.4773694399941961,0.8442633273822636,0.1,False
3.556429948021802,0.0867686463336572,0.4773012153534605,0.8461739365508121,0.1,False
3.5620218278015217,0.08550330139626038,0.47723424756777405,0.8480582972405756,0.1,False
3.5676137075812404,0.084261591851483,0.47716853018180494,0.8499161542200135,0.1,False
3.57320558736096,0.08304338456400635,0.47710405616975887,0.8517472748688745,0.1,False
3.5787974671406797,0.08184853601134594,0.4770408179558405,0.8535514490831554,0.1,False
3.5843893469203993,0.08067689267048304,0.4769788074346741,0.8553284891461348,0.1,False
3.5899812267001185,0.0795282914043567,0.4769180159917652,0.8570782295662854,0.1,False
3.595573106479838,0.07840255984775173,0.47685843452390364,0.8588005268829055,0.1,False
3.6011649862595574,0.07729951679213563,0.4768000534595231,0.8604952594404143,0.1,False
3.6067568660392775,0.07621897256900578,0.47674286277897454,0.8621623271323219,0.1,False
3.612348745818997,0.07516072943132429,0.4766868520347164,0.8638016511159623,0.1,False
3.617940625598716,0.07412458193263469,0.4766320103713595,0.865413173499118,0.1,False
3.6235325053784355,0.07311031730346483,0.47657832654558924,0.866996856999758,0.1,False
3.629124385158155,0.07211771582463375,0.47652578894589903,0.8685526845801326,0.1,False
3.634716264937875,0.07114655119710421,0.47647438561218025,0.8700806590565366,0.1,False
3.640308144717594,0.07019659090802399,0.47642410425507764,0.8715808026860772,0.1,False
3.6459000244973137,0.06926759659262614,0.476374932275142,0.873053156731827,0.1,False
3.651491904277033,0.06835932439166538,0.4763268567817308,0.8744977810077694,0.1,False
3.657083784056753,0.06747152530408825,0.4762798646116898,0.8759147534049725,0.1,False
3.6626756638364717,0.06660394553464599,0.4762339423477333,0.8773041694004278,0.1,False
3.6682675436161913,0.06575632683617685,0.4761890763365644,0.8786661415500235,0.1,False
3.6738594233959105,0.06492840684629987,0.4761452527066893,0.8800007989671115,0.1,False
3.67945130317563,0.06411991941827482,0.4761024573859277,0.8813082867881381,0.1,False
3.68504318295535,0.06333059494580197,0.4760606761185988,0.8825887656267976,0.1,False
3.6906350627350695,0.06256016068154789,0.4760198944823825,0.8838424110181613,0.1,False
3.6962269425147887,0.061808341049199154,0.47598009790484147,0.8850694128542222,0.1,False
3.7018188222945083,0.0610748579488609,0.4759412716795718,0.8862699748122663,0.1,False
3.707410702074227,0.060359431055633184,0.47590340098202305,0.8874443137774748,0.1,False
3.713002581853947,0.05966177811121,0.47586647088491546,0.8885926592611145,0.1,False
3.7185944616336664,0.0589816152083631,0.4758304663733193,0.8897152528156662,0.1,False
3.724186341413386,0.058318657068185294,0.47579537235930563,0.8908123474481727,0.1,False
3.729778221193105,0.05767261730998342,0.47576117369626103,0.8918842070330931,0.1,False
3.735370100972825,0.057043208713723086,0.47572785519275723,0.8929311057258618,0.1,False
3.7409619807525445,0.056430143474942684,0.47569540162605645,0.89395332737835,0.1,False
3.746553860532264,0.05583313345206724,0.4756637977552193,0.8949511649573533,0.1,False
3.752145740311984,0.05525189040606333,0.47563302833376475,0.8959249199671826,0.1,False
3.7577376200917025,0.05468612623239325,0.47560307812197156,0.8968749018774116,0.1,False
3.763329499871422,0.05413555318523485,0.47557393189874475,0.8978014275567441,0.1,False
3.768921379651142,0.05359988409394844,0.47554557447308277,0.8987048207139464,0.1,False
3.7745132594308615,0.05307883257178217,0.475517990695123,0.89958541134671,0.1,False
3.7801051392105807,0.0525721132168192,0.475491165466776,0.9004435351992743,0.1,False
3.7856970189903003,0.052079441805181766,0.4754650837519769,0.9012795332295812,0.1,False
3.7912888987700195,0.051600535476516066,0.4754397305864931,0.9020937510866636,0.1,False
3.7968807785497396,0.05113511291179372,0.4754150910873461,0.9028865385989344,0.1,False
3.8024726583294584,0.05068289450347538,0.47539115046181807,0.90365824927398,0.1,False
3.808064538109178,0.05024360251809036,0.47536789401608603,0.9044092398104093,0.1,False
3.813656417888897,0.04981696125129491,0.47534530716340434,0.9051398696222469,0.1,False
3.819248297668617,0.049402697175483866,0.47532337543194286,0.9058505003763279,0.1,False
3.8248401774483365,0.04900053908003404,0.47530208447221217,0.906541495543077,0.1,False
3.830432057228056,0.04861021820426816,0.4752814200641122,0.9072132199610218,0.1,False
3.8360239370077753,0.048231468363233776,0.47526136812358827,0.9078660394153303,0.1,False
3.841615816787495,0.04786402606640383,0.47524191470893,0.9085003202306191,0.1,False
3.8472076965672137,0.0475076306294024,0.4752230460266839,0.9091164288782339,0.1,False
3.852799576346934,0.04716202427887515,0.4752047484372229,0.9097147315981614,0.1,False
3.858391456126653,0.04682695225062387,0.47518700845993045,0.9102955940356767,0.1,False
3.8639833359063727,0.04650216288113212,0.4751698127780665,0.9108593808928096,0.1,False
3.869575215686092,0.04618740769261265,0.4751531482432735,0.911406455594656,0.1,False
3.8751670954658115,0.04588244147171363,0.4751370018797447,0.9119371799705309,0.1,False
3.8807589752455316,0.04558702234202244,0.47512136088807383,0.9124519139499278,0.1,False
3.886350855025251,0.04530091183051152,0.47510621264877057,0.9129510152732067,0.1,False
3.8919427348049704,0.045023874928074116,0.4750915447254913,0.913434839216912,0.1,False
3.897534614584689,0.04475568014429803,0.4750773448679222,0.9139037383335815,0.1,False
3.9031264943644093,0.044496099556632904,0.47506360101440287,0.9143580622058866,0.1,False
3.9087183741441285,0.044244908854103836,0.4750503012942436,0.9147981572149214,0.1,False
3.914310253923848,0.04400188737572996,0.47503743402976556,0.915224366322424,0.1,False
3.9199021337035673,0.04376681814380477,0.47502498773806584,0.9156370288667002,0.1,False
3.925494013483287,0.04353948789220073,0.47501295113253167,0.9160364803719995,0.1,False
3.9310858932630066,0.04331968708985586,0.4750013131240823,0.9164230523710682,0.1,False
3.9366777730427263,0.043107209959606506,0.4749900628221735,0.9167970722405964,0.1,False
3.942269652822445,0.042901854492526106,0.47497918953556195,0.917158863049254,0.1,False
3.9478615326021647,0.042703422457932606,0.4749686827728456,0.9175087434180069,0.1,False
3.953453412381884,0.04251171940922667,0.47495853224277956,0.9178470273923778,0.1,False
3.959045292161604,0.042326554685720316,0.47494872785437275,0.9181740243263226,0.1,False
3.964637171941323,0.042147741410617716,0.4749392597167875,0.918490038777376,0.1,False
3.970229051721043,0.041975096485306555,0.4749301181390528,0.9187953704127162,0.1,False
3.975820931500762,0.041808440580118886,0.47492129362957186,0.9190903139257846,0.1,False
3.9814128112804816,0.04164759812171749,0.47491277689545935,0.9193751589631074,0.1,False
3.987004691060201,0.04149239727726372,0.47490455884172145,0.9196501900609513,0.1,False
3.9925965708399205,0.04134266993551868,0.47489663057024173,0.9199156865914409,0.1,False
3.9981884506196397,0.04119825168503051,0.47488898337864455,0.9201719227177796,0.1,False
4.003780330399359,0.04105898178955603,0.4748816087590034,0.9204191673582006,0.1,False
4.0093722101790785,0.04092470316086338,0.47487449839639173,0.9206576841582788,0.1,False
4.014964089958799,0.04079526232905994,0.47486764416732424,0.9208877314712457,0.1,False
4.020555969738518,0.040670509410587835,0.47486103813807146,0.9211095623459414,0.1,False
4.026147849518237,0.04055029807402495,0.47485467256285585,0.9213234245220464,0.1,False
4.031739729297957,0.04043448550382709,0.47484853988192566,0.9215295604322364,0.1,False
4.037331609077676,0.04032293236214656,0.47484263271954297,0.9217282072109136,0.1,False
4.0429234888573955,0.040215502748853924,0.47483694388187725,0.9219195967091744,0.1,False
4.048515368637115,0.040112064159892546,0.4748314663548045,0.9221039555156667,0.1,False
4.054107248416835,0.0400124874440875,0.4748261933016151,0.9222815049830121,0.1,False
4.059699128196554,0.03991664675853046,0.4748211180606682,0.9224524612594703,0.1,False
4.065291007976274,0.03982441952265698,0.47481623414295454,0.9226170353255206,0.1,False
4.070882887755993,0.039735686371129765,0.47481153522961594,0.9227754330350616,0.1,False
4.0764747675357125,0.039650331105637905,0.47480701516938595,0.922927855160919,0.1,False
4.082066647315432,0.03956824064571965,0.47480266797599824,0.923074497444374,0.1,False
4.087658527095152,0.039489304978710824,0.4747984878255416,0.9232155506484262,0.1,False
4.093250406874871,0.039413417108919525,0.4747944690537606,0.9233512006145113,0.1,False
4.09884228665459,0.03934047300612314,0.47479060615334917,0.9234816283224135,0.1,False
4.104434166434309,0.03927037155348003,0.4747868937711834,0.923607009953107,0.1,False
4.1100260462140294,0.03920301449494647,0.47478332670554835,0.9237275169542799,0.1,False
4.115617925993749,0.039138306382282564,0.4747798999033251,0.9238433161082998,0.1,False
4.121209805773469,0.03907615452173299,0.4747766084571919,0.9239545696023908,0.1,False
4.126801685553187,0.0390164689204566,0.47477344760276713,0.9240614351007937,0.1,False
4.132393565332907,0.03895916223278603,0.47477041271577713,0.9241640658187008,0.1,False
4.137985445112626,0.038904149706386205,0.47476749930920914,0.9242626105977574,0.1,False
4.143577324892346,0.03885134912838075,0.47476470303046225,0.9243572139829357,0.1,False
4.149169204672066,0.03880068077151374,0.4747620196584965,0.9244480163005887,0.1,False
4.154761084451785,0.03875206734040818,0.4747594451009901,0.9245351537375114,0.1,False
4.160352964231505,0.03870543391798086,0.4747569753915089,0.924618758420831,0.1,False
4.165944844011224,0.03866070791206924,0.4747546066866781,0.9246989584985715,0.1,False
4.171536723790944,0.0386178190023253,0.474752335263374,0.9247758782207306,0.1,False
4.1771286035706625,0.038576699087424414,0.4747501575159307,0.9248496380207272,0.1,False
4.182720483350383,0.038537282232638456,0.4747480699533708,0.9249203545970801,0.1,False
4.188312363130102,0.038499504617816635,0.4747460691966449,0.9249881409951832,0.1,False
4.193904242909822,0.03846330448581555,0.4747441519759094,0.9250531066890605,0.1,False
4.19949612268954,0.03842862209141897,0.4747423151278224,0.9251153576629747,0.1,False
4.20508800246926,0.03839539965078139,0.4747405555928654,0.9251749964927901,0.1,False
4.2106798822489795,0.03836358129143259,0.4747388704127069,0.9252321224269779,0.1,False
4.2162717620287,0.038333113002870005,0.4747372567275782,0.9252868314671747,0.1,False
4.221863641808419,0.03830394258777226,0.4747357117736875,0.9253392164481979,0.1,False
4.227455521588138,0.03827601961385795,0.47473423288069755,0.9253893671174455,0.1,False
4.233047401367857,0.0382492953664144,0.474732817469182,0.9254373702135834,0.1,False
4.238639281147576,0.038223722801519484,0.47473146304816677,0.9254833095444709,0.1,False
4.2442311609272965,0.0381992564999758,0.4747301672126943,0.9255272660642413,0.1,False
4.2498230407070166,0.03817585262197506,0.4747289276414157,0.9255693179494823,0.1,False
4.255414920486735,0.03815346886250951,0.4747277420942372,0.9256095406744641,0.1,False
4.261006800266455,0.03813206440754484,0.4747266084099949,0.9256480070853533,0.1,False
4.266598680046174,0.03811159989096522,0.4747255245041881,0.9256847874733826,0.1,False
4.272190559825894,0.03809203735230388,0.4747244883667247,0.9257199496469144,0.1,False
4.277782439605613,0.03807334019526601,0.4747234980597386,0.9257535590023805,0.1,False
4.283374319385333,0.03805547314705268,0.4747225517154315,0.9257856785940499,0.1,False
4.288966199165053,0.038038402218492126,0.4747216475339702,0.9258163692026019,0.1,False
4.294558078944771,0.038022094664981056,0.4747207837814081,0.925845689402478,0.1,False
4.300149958724491,0.0380065189482417,0.47471995878766854,0.9258736956279879,0.1,False
4.305741838504211,0.037991644698894954,0.47471917094456395,0.9259004422381554,0.1,False
4.31133371828393,0.037977442679850204,0.47471841870385423,0.9259259815802809,0.1,False
4.31692559806365,0.03796388475051255,0.47471770057535007,0.9259503640522166,0.1,False
4.322517477843369,0.0379509438318051,0.4747170151250741,0.9259736381633376,0.1,False
4.328109357623088,0.037938593872002796,0.4747163609734395,0.9259958505942057,0.1,False
4.333701237402808,0.03792680981337662,0.4747157367934875,0.9260170462549181,0.1,False
4.339293117182527,0.03791556755964114,0.4747151413091669,0.9260372683421422,0.1,False
4.344884996962247,0.0379048439442018,0.47471457329365035,0.926056558394833,0.1,False
4.350476876741966,0.03789461669919485,0.4747140315676985,0.9260749563486398,0.1,False
4.356068756521686,0.03788486442531357,0.47471351499805475,0.9260925005889973,0.1,False
4.361660636301406,0.03787556656241265,0.47471302249590985,0.9261092280029216,0.1,False
4.367252516081125,0.037866703360883165,0.4747125530153541,0.9261251740294993,0.1,False
4.372844395860844,0.03785825585378875,0.47471210555193627,0.9261403727091001,0.1,False
4.3784362756405635,0.037850205829753694,0.474711679141205,0.9261548567313033,0.1,False
4.384028155420283,0.03784253580659354,0.4747112728573187,0.9261686574815653,0.1,False
4.389620035200003,0.03783522900567712,0.474710885811694,0.9261818050866342,0.1,False
4.395211914979722,0.03782826932700989,0.4747105171516799,0.926194328458725,0.1,False
4.400803794759442,0.037821641325027036,0.47471016605927974,0.9262062553384758,0.1,False
4.40639567453916,0.03781533018508524,0.47470983174990106,0.9262176123366951,0.1,False
4.4119875543188805,0.03780932170064108,0.47470951347116336,0.9262284249749245,0.1,False
4.4175794340986,0.03780360225110368,0.47470921050170495,0.9262387177248254,0.1,False
4.423171313878319,0.03779815878035067,0.4747089221500559,0.9262485140464172,0.1,False
4.428763193658039,0.037792978775893146,0.4747086477535385,0.9262578364251829,0.1,False
4.434355073437758,0.03778805024867851,0.4747083866771904,0.9262667064080595,0.1,False
4.439946953217478,0.037783361713517795,0.4747081383127283,0.9262751446383348,0.1,False
4.445538832997197,0.03777890217012469,0.47470790207755403,0.9262831708894761,0.1,False
4.451130712776917,0.03777466108475322,0.4747076774137664,0.9262908040979009,0.1,False
4.456722592556637,0.03777062837242128,0.4747074637872349,0.9262980623947252,0.1,False
4.462314472336356,0.03776679437970684,0.4747072606866823,0.9263049631364962,0.1,False
4.467906352116075,0.03776314986810349,0.4747070676228025,0.9263115229349428,0.1,False
4.473498231895795,0.037759685997923544,0.47470688412741263,0.926317757685758,0.1,False
4.4790901116755135,0.0377563943127329,0.4747067097526198,0.9263236825964394,0.1,False
4.484681991455234,0.03775326672430864,0.47470654407003793,0.9263293122132084,0.1,False
4.490273871234953,0.03775029549810261,0.47470638667000725,0.9263346604470292,0.1,False
4.495865751014673,0.03774747323920086,0.474706237160855,0.9263397405987505,0.1,False
4.501457630794392,0.0377447928787647,0.474706095168177,0.926344565383391,0.1,False
4.507049510574111,0.03774224766094127,0.47470596033414303,0.9263491469535916,0.1,False
4.5126413903538305,0.037739831130231424,0.4747058323168329,0.9263534969222548,0.1,False
4.51823327013355,0.037737537119301924,0.4747057107895862,0.9263576263843921,0.1,False
4.52382514991327,0.037735359737229725,0.47470559544037827,0.9263615459382029,0.1,False
4.52941702969299,0.037733293358167434,0.4747054859712269,0.9263652657054033,0.1,False
4.535008909472708,0.03773133261041619,0.4747053820976064,0.9263687953508273,0.1,False
4.540600789252428,0.03772947236589594,0.4747052835478975,0.9263721441013203,0.1,False
4.5461926690321475,0.03772770773000019,0.4747051900628446,0.9263753207639452,0.1,False
4.551784548811868,0.037726034031825006,0.4747051013950402,0.9263783337435216,0.1,False
4.557376428591588,0.03772444681476014,0.47470501730842024,0.9263811910595139,0.1,False
4.562968308371306,0.037722941827431966,0.47470493757779925,0.9263839003622977,0.1,False
4.568560188151026,0.037721515014987016,0.47470486198839656,0.9263864689488107,0.1,False
4.574152067930744,0.03772016251070572,0.4747047903353922,0.9263889037776141,0.1,False
4.5797439477104644,0.03771888062793605,0.47470472242351064,0.9263912114833847,0.1,False
4.5853358274901845,0.03771766585233645,0.4747046580665933,0.9263933983908481,0.1,False
4.590927707269904,0.037716514834419304,0.4747045970872246,0.9263954705281802,0.1,False
4.596519587049623,0.037715424382383435,0.4747045393163314,0.926397433639883,0.1,False
4.602111466829342,0.03771439145522719,0.4747044845928303,0.9263992931991637,0.1,False
4.607703346609061,0.03771341315613369,0.4747044327632752,0.9264010544198238,0.1,False
4.613295226388781,0.03771248672611669,0.47470438368151796,0.9264027222676805,0.1,False
4.618887106168501,0.037711609537920875,0.47470433720839117,0.9264043014715324,0.1,False
4.624478985948221,0.03771077909016579,0.4747042932113933,0.9264057965336884,0.1,False
4.630070865727939,0.03770999300172701,0.47470425156439466,0.926407211740069,0.1,False
4.635662745507659,0.03770924900634389,0.47470421214733793,0.9264085511699034,0.1,False
4.641254625287379,0.03770854494744879,0.4747041748459891,0.926409818705028,0.1,False
4.646846505067098,0.037707878773206825,0.47470413955165786,0.9264110180388072,0.1,False
4.652438384846818,0.037707248531761946,0.4747041061609483,0.9264121526846829,0.1,False
4.658030264626537,0.0377066523666786,0.47470407457552133,0.9264132259843735,0.1,False
4.663622144406256,0.03770608851257465,0.4747040447018576,0.9264142411157285,0.1,False
4.669214024185976,0.037705555290937096,0.4747040164510399,0.9264152011002564,0.1,False
4.674805903965695,0.03770505110611369,0.4747039897385396,0.9264161088103348,0.1,False
4.680397783745415,0.03770457444147512,0.47470396448401464,0.9264169669761148,0.1,False
4.685989663525134,0.03770412385574004,0.4747039406111147,0.9264177781921328,0.1,False
4.691581543304854,0.03770369797945781,0.4747039180472946,0.9264185449236388,0.1,False
4.697173423084574,0.037703295511642275,0.47470389672363406,0.9264192695126526,0.1,False
4.702765302864292,0.03770291521655115,0.47470387657466745,0.9264199541837586,0.1,False
4.708357182644012,0.03770255592060551,0.4747038575382269,0.9264206010496499,0.1,False
4.713949062423732,0.037702216509443394,0.4747038395552768,0.9264212121164286,0.1,False
4.7195409422034516,0.03770189592510319,0.4747038225697713,0.9264217892886761,0.1,False
4.725132821983171,0.03770159316333052,0.47470380652850996,0.9264223343742978,0.1,False
4.73072470176289,0.037701307271004764,0.47470379138099794,0.9264228490891552,0.1,False
4.73631658154261,0.03770103734368004,0.47470377707932115,0.926423335061491,0.1,False
4.74190846132233,0.03770078252323582,0.47470376357801797,0.9264237938361579,0.1,False
4.747500341102048,0.03770054199563337,0.47470375083396654,0.926424226878656,0.1,False
4.7530922208817685,0.03770031498877325,0.47470373880625977,0.9264246355789882,0.1,False
4.758684100661487,0.03770010077044952,0.47470372745610756,0.9264250212553437,0.1,False
4.764275980441207,0.03769989864639741,0.4747037167467302,0.9264253851576101,0.1,False
4.769867860220927,0.037699707958429654,0.4747037066432584,0.9264257284707301,0.1,False
4.775459740000646,0.037699528082659375,0.47470369711263777,0.9264260523178975,0.1,False
4.781051619780365,0.03769935842780338,0.4747036881235447,0.9264263577636135,0.1,False
4.786643499560085,0.037699198433565465,0.47470367964629406,0.9264266458165953,0.1,False
4.792235379339804,0.03769904756909319,0.47470367165276317,0.9264269174325547,0.1,False
4.797827259119524,0.037698905331508395,0.4747036641163067,0.926427173516842,0.1,False
4.803419138899243,0.03769877124450526,0.47470365701169465,0.9264274149269723,0.1,False
4.809011018678963,0.03769864485701482,0.4747036503150249,0.9264276424750255,0.1,False
4.8146028984586815,0.03769852574193248,0.4747036440036727,0.9264278569299408,0.1,False
4.820194778238402,0.037698413494905575,0.47470363805621524,0.9264280590196963,0.1,False
4.825786658018122,0.03769830773317898,0.4747036324523726,0.9264282494333889,0.1,False
4.831378537797841,0.037698208094495964,0.47470362717295067,0.9264284288232115,0.1,False
4.836970417577561,0.03769811423605122,0.47470362219979023,0.9264285978063398,0.1,False
4.842562297357279,0.037698025833494395,0.4747036175157054,0.9264287569667232,0.1,False
4.848154177136999,0.03769794257998249,0.4747036131044382,0.9264289068567934,0.1,False
4.853746056916719,0.03769786418527729,0.47470360895061314,0.9264290479990878,0.1,False
4.859337936696438,0.03769779037488704,0.4747036050396842,0.9264291808877947,0.1,False
4.864929816476158,0.037697720889250545,0.4747036013579016,0.9264293059902228,0.1,False
4.870521696255877,0.03769765548296038,0.4747035978922629,0.9264294237481988,0.1,False
4.876113576035596,0.03769759392402497,0.4747035946304757,0.9264295345793966,0.1,False
4.881705455815316,0.03769753599316674,0.47470359156092146,0.9264296388786002,0.1,False
4.887297335595035,0.03769748148315557,0.4747035886726202,0.9264297370189037,0.1,False
4.892889215374755,0.03769743019817458,0.47470358595519535,0.9264298293528537,0.1,False
4.898481095154474,0.03769738195321868,0.4747035833988475,0.9264299162135319,0.1,False
4.904072974934194,0.037697336573521485,0.47470358099431537,0.9264299979155858,0.1,False
4.909664854713913,0.03769729389401326,0.47470357873285246,0.9264300747562061,0.1,False
4.915256734493632,0.03769725375880425,0.4747035766061995,0.9264301470160559,0.1,False
4.9208486142733525,0.03769721602069508,0.4747035746065556,0.9264302149601519,0.1,False
4.926440494053072,0.03769718054071195,0.47470357272655805,0.9264302788387023,0.1,False
4.932032373832791,0.03769714718766546,0.47470357095925503,0.9264303388879004,0.1,False
4.937624253612511,0.03769711583773131,0.4747035692980854,0.9264303953306788,0.1,False
4.943216133392229,0.03769708637405372,0.4747035677368564,0.9264304483774253,0.1,False
4.948808013171949,0.03769705868636834,0.4747035662697264,0.9264304982266591,0.1,False
4.954399892951669,0.03769703267064457,0.47470356489118226,0.9264305450656778,0.1,False
4.959991772731389,0.03769700822874689,0.4747035635960241,0.9264305890711644,0.1,False
4.965583652511109,0.03769698526811328,0.4747035623793465,0.9264306304097679,0.1,False
4.971175532290827,0.03769696370145102,0.47470356123652463,0.9264306692386506,0.1,False
4.976767412070547,0.037696943446447244,0.4747035601631953,0.9264307057060086,0.1,False
4.9823592918502655,0.037696924425496194,0.4747035591552461,0.9264307399515636,0.1,False
4.987951171629986,0.03769690656543927,0.4747035582087997,0.926430772107031,0.1,False
4.993543051409706,0.037696889797319756,0.47470355732020203,0.9264308022965606,0.1,False
4.999134931189425,0.03769687405615016,0.4747035564860093,0.9264308306371564,0.1,False
5.004726810969144,0.03769685928069209,0.4747035557029763,0.9264308572390723,0.1,False
5.010318690748863,0.03769684541324719,0.474703554968044,0.9264308822061889,0.1,False
5.015910570528583,0.03769683239946052,0.4747035542783314,0.9264309056363671,0.1,False
5.0215024503083034,0.03769682018813282,0.4747035536311257,0.9264309276217862,0.1,False
5.027094330088022,0.03769680873104388,0.4747035530238698,0.9264309482492625,0.1,False
5.032686209867742,0.037696797982785565,0.47470355245415813,0.9264309676005491,0.1,False
5.03827808964746,0.03769678790060283,0.47470355191972324,0.9264309857526222,0.1,False
5.04386996942718,0.03769677844424437,0.47470355141843146,0.9264310027779507,0.1,False
5.0494618492069,0.03769676957582077,0.47470355094827443,0.9264310187447509,0.1,False
5.0550537289866195,0.03769676125967056,0.4747035505073615,0.9264310337172282,0.1,False
5.060645608766339,0.03769675346223354,0.47470355009391185,0.9264310477558041,0.1,False
5.066237488546058,0.03769674615193122,0.4747035497062526,0.9264310609173332,0.1,False
5.071829368325777,0.03769673929905324,0.4747035493428073,0.9264310732553058,0.1,False
5.077421248105497,0.03769673287565065,0.47470354900209444,0.9264310848200414,0.1,False
5.083013127885216,0.037696726855435014,0.4747035486827188,0.9264310956588702,0.1,False
5.0886050076649365,0.03769672121368234,0.4747035483833693,0.926431105816305,0.1,False
5.094196887444655,0.03769671592714363,0.47470354810281223,0.9264311153342032,0.1,False
5.099788767224375,0.037696710973959185,0.47470354783988816,0.9264311242519215,0.1,False
5.105380647004095,0.037696706333578155,0.47470354759350647,0.9264311326064595,0.1,False
5.110972526783814,0.03769670198668274,0.4747035473626412,0.9264311404325969,0.1,False
5.116564406563534,0.03769669791511672,0.4747035471463287,0.926431147763022,0.1,False
5.122156286343253,0.03769669410181708,0.47470354694366423,0.9264311546284556,0.1,False
5.127748166122973,0.037696690530750775,0.47470354675379456,0.926431161057763,0.1,False
5.133340045902692,0.037696687186854046,0.47470354657591984,0.9264311670780648,0.1,False
5.138931925682411,0.037696684055975926,0.47470354640928875,0.9264311727148388,0.1,False
5.144523805462131,0.03769668112482421,0.4747035462531938,0.9264311779920156,0.1,False
5.15011568524185,0.037696678380915075,0.47470354610697313,0.9264311829320712,0.1,False
5.15570756502157,0.03769667581252516,0.4747035459700006,0.9264311875561122,0.1,False
5.16129944480129,0.03769667340864679,0.47470354584169244,0.9264311918839566,0.1,False
5.166891324581008,0.0376966711589454,0.47470354572149664,0.9264311959342103,0.1,False
5.172483204360728,0.03769666905371982,0.4747035456088982,0.9264311997243392,0.1,False
5.178075084140447,0.037696667083863995,0.47470354550340943,0.9264312032707376,0.1,False
5.183666963920167,0.037696665240832136,0.47470354540457715,0.9264312065887909,0.1,False
5.1892588436998865,0.037696663516604716,0.47470354531197023,0.926431209692937,0.1,False
5.194850723479606,0.0376966619036572,0.4747035452251906,0.9264312125967231,0.1,False
5.200442603259326,0.03769666039493015,0.47470354514385765,0.9264312153128584,0.1,False
5.206034483039045,0.037696658983801555,0.4747035450676204,0.9264312178532652,0.1,False
5.211626362818764,0.03769665766406033,0.47470354499614414,0.9264312202291249,0.1,False
5.217218242598484,0.03769665642988116,0.474703544929109,0.9264312224509244,0.1,False
5.222810122378203,0.03769665527580202,0.4747035448662354,0.9264312245284984,0.1,False
5.228402002157923,0.03769665419670087,0.474703544807237,0.926431226471067,0.1,False
5.233993881937642,0.0376966531877763,0.4747035447518587,0.9264312282872746,0.1,False
5.239585761717362,0.03769665224452758,0.47470354469986,0.926431229985224,0.1,False
5.245177641497082,0.037696651362735534,0.4747035446510056,0.9264312315725096,0.1,False
5.250769521276801,0.037696650538446286,0.47470354460506553,0.9264312330562476,0.1,False
5.25636140105652,0.037696649767955094,0.4747035445618883,0.9264312344431139,0.1,False
5.261953280836239,0.03769664904779034,0.47470354452123265,0.926431235739351,0.1,False
5.267545160615959,0.03769664837469983,0.47470354448295515,0.9264312369508182,0.1,False
5.273137040395679,0.037696647745636205,0.4747035444468118,0.9264312380829902,0.1,False
5.278728920175397,0.03769664715774781,0.4747035444128072,0.9264312391410237,0.1,False
5.284320799955117,0.03769664660836019,0.4747035443806796,0.9264312401297162,0.1,False
5.289912679734837,0.0376966460949708,0.4747035443502798,0.9264312410535713,0.1,False
5.295504559514557,0.037696645615236446,0.47470354432149303,0.9264312419168089,0.1,False
5.301096439294276,0.037696645166963486,0.4747035442942124,0.9264312427233796,0.1,False
5.306688319073995,0.037696644748098175,0.47470354426833805,0.9264312434769828,0.1,False
5.312280198853715,0.03769664435671678,0.4747035442436786,0.9264312441810688,0.1,False
5.317872078633435,0.03769664399102106,0.4747035442201429,0.9264312448388758,0.1,False
5.323463958413154,0.03769664364932808,0.47470354419774735,0.9264312454534491,0.1,False
5.329055838192874,0.03769664333006065,0.474703544176289,0.9264312460276111,0.1,False
5.334647717972593,0.037696643031746274,0.4747035441557514,0.9264312465640214,0.1,False
5.340239597752313,0.03769664275300445,0.4747035441359896,0.9264312470651557,0.1,False
5.34583147753203,0.037696642492546395,0.4747035441169896,0.9264312475333418,0.1,False
5.3514233573117505,0.03769664224916525,0.474703544098641,0.926431247970746,0.1,False
5.3570152370914705,0.03769664202173222,0.4747035440808631,0.9264312483793978,0.1,False
5.36260711687119,0.03769664180919257,0.47470354406361,0.9264312487611971,0.1,False
5.36819899665091,0.037696641610559835,0.47470354404681564,0.9264312491179184,0.1,False
5.373790876430628,0.03769664142491167,0.474703544030419,0.9264312494512204,0.1,False
5.379382756210348,0.0376966412513857,0.4747035440143597,0.9264312497626536,0.1,False
5.384974635990068,0.03769664108917597,0.4747035439985714,0.9264312500536657,0.1,False
5.3905665157697875,0.03769664093752949,0.4747035439830098,0.9264312503256116,0.1,False
5.396158395549507,0.0376966407957426,0.47470354396763315,0.9264312505797577,0.1,False
5.401750275329227,0.037696640663156956,0.47470354395237163,0.9264312508172844,0.1,False
5.407342155108946,0.03769664053915854,0.4747035439371923,0.926431251039297,0.1,False
5.412934034888666,0.037696640423173014,0.47470354392203434,0.9264312512468251,0.1,False
5.418525914668384,0.03769664031466445,0.47470354390686764,0.9264312514408336,0.1,False
5.4241177944481045,0.0376966402131318,0.4747035438916462,0.9264312516222214,0.1,False
5.429709674227825,0.03769664011810721,0.47470354387632124,0.9264312517918278,0.1,False
5.435301554007544,0.037696640029153884,0.4747035438608475,0.9264312519504357,0.1,False
5.440893433787262,0.03769663994586394,0.4747035438451871,0.9264312520987775,0.1,False
5.446485313566981,0.03769663986785655,0.47470354382930274,0.9264312522375359,0.1,False
5.452077193346701,0.03769663979477631,0.4747035438131522,0.9264312523673479,0.1,False
5.4576690731264215,0.03769663972629116,0.47470354379669477,0.9264312524888078,0.1,False
5.46326095290614,0.037696639662091656,0.47470354377989354,0.9264312526024695,0.1,False
5.46885283268586,0.03769663960188839,0.4747035437627082,0.9264312527088511,0.1,False
5.474444712465579,0.037696639545411886,0.4747035437451008,0.9264312528084337,0.1,False
5.480036592245299,0.037696639492410394,0.4747035437270306,0.9264312529016673,0.1,False
5.485628472025018,0.03769663944264908,0.4747035437084601,0.9264312529889707,0.1,False
5.4912203518047376,0.03769663939590891,0.4747035436893475,0.9264312530707338,0.1,False
5.496812231584458,0.03769663935198561,0.47470354366965795,0.9264312531473211,0.1,False
5.502404111364177,0.03769663931068847,0.47470354364934564,0.9264312532190709,0.1,False
5.507995991143897,0.037696639271839846,0.4747035436283741,0.926431253286299,0.1,False
5.513587870923616,0.03769663923527402,0.47470354360669986,0.9264312533492991,0.1,False
5.519179750703335,0.03769663920083645,0.4747035435842821,0.9264312534083442,0.1,False
5.524771630483055,0.03769663916838302,0.47470354356107913,0.9264312534636894,0.1,False
5.530363510262775,0.03769663913777949,0.4747035435370472,0.9264312535155709,0.1,False
5.535955390042493,0.03769663910890061,0.4747035435121403,0.9264312535642084,0.1,False
5.541547269822213,0.03769663908162977,0.4747035434863164,0.926431253609807,0.1,False
5.547139149601932,0.03769663905585822,0.474703543459527,0.9264312536525563,0.1,False
5.552731029381652,0.037696639031484624,0.47470354343172566,0.9264312536926327,0.1,False
5.558322909161371,0.037696639008414544,0.4747035434028633,0.9264312537302001,0.1,False
5.563914788941091,0.03769663898656007,0.4747035433728896,0.9264312537654098,0.1,False
5.569506668720811,0.03769663896583929,0.47470354334175463,0.9264312537984033,0.1,False
5.57509854850053,0.03769663894617588,0.4747035433094049,0.9264312538293104,0.1,False
5.580690428280249,0.037696638927498756,0.4747035432757856,0.9264312538582521,0.1,False
5.586282308059968,0.0376966389097418,0.4747035432408411,0.9264312538853399,0.1,False
5.5918741878396885,0.037696638892843325,0.47470354320451413,0.926431253910677,0.1,False
5.597466067619409,0.037696638876745986,0.4747035431667448,0.9264312539343585,0.1,False
5.603057947399127,0.0376966388613964,0.4747035431274713,0.9264312539564723,0.1,False
5.608649827178847,0.03769663884674485,0.47470354308663065,0.9264312539770988,0.1,False
5.614241706958566,0.0376966388327451,0.4747035430441576,0.9264312539963125,0.1,False
5.619833586738286,0.03769663881935413,0.4747035429999844,0.9264312540141815,0.1,False
5.625425466518005,0.037696638806531874,0.4747035429540416,0.9264312540307682,0.1,False
5.631017346297724,0.03769663879424103,0.4747035429062558,0.9264312540461294,0.1,False
5.636609226077444,0.03769663878244705,0.4747035428565532,0.9264312540603169,0.1,False
5.642201105857163,0.03769663877111764,0.47470354280485644,0.9264312540733782,0.1,False
5.647792985636883,0.037696638760222945,0.4747035427510852,0.9264312540853558,0.1,False
5.653384865416602,0.03769663874973505,0.4747035426951575,0.9264312540962885,0.1,False
5.6589767451963215,0.0376966387396281,0.47470354263698755,0.92643125410621,0.1,False
5.664568624976042,0.03769663872987806,0.47470354257648667,0.9264312541151518,0.1,False
5.670160504755761,0.037696638720462555,0.4747035425135639,0.9264312541231411,0.1,False
5.67575238453548,0.03769663871136087,0.4747035424481246,0.9264312541302016,0.1,False
5.6813442643152,0.037696638702553756,0.4747035423800703,0.926431254136354,0.1,False
5.686936144094919,0.03769663869402334,0.4747035423092998,0.9264312541416161,0.1,False
5.692528023874639,0.037696638685752994,0.47470354223570843,0.9264312541460031,0.1,False
5.698119903654358,0.03769663867772732,0.4747035421591872,0.9264312541495271,0.1,False
5.703711783434078,0.03769663866993214,0.4747035420796232,0.9264312541521975,0.1,False
5.709303663213798,0.03769663866235413,0.4747035419969014,0.9264312541540217,0.1,False
5.714895542993517,0.03769663865498103,0.4747035419109,0.9264312541550047,0.1,False
5.720487422773235,0.03769663864780159,0.47470354182149566,0.9264312541551488,0.1,False
5.726079302552955,0.03769663864080522,0.47470354172855833,0.9264312541544548,0.1,False
5.731671182332675,0.03769663863398226,0.4747035416319552,0.9264312541529209,0.1,False
5.737263062112395,0.03769663862732367,0.4747035415315482,0.9264312541505436,0.1,False
5.742854941892113,0.037696638620821274,0.4747035414271935,0.9264312541473172,0.1,False
5.748446821671833,0.03769663861446731,0.4747035413187442,0.9264312541432346,0.1,False
5.754038701451552,0.037696638608254736,0.4747035412060464,0.9264312541382862,0.1,False
5.7596305812312725,0.03769663860217708,0.4747035410889423,0.9264312541324614,0.1,False
5.765222461010992,0.03769663859622844,0.4747035409672675,0.9264312541257471,0.1,False
5.770814340790711,0.037696638590403224,0.4747035408408528,0.9264312541181289,0.1,False
5.776406220570431,0.03769663858469637,0.47470354070952275,0.9264312541095912,0.1,False
5.78199810035015,0.03769663857910342,0.47470354057309566,0.9264312541001156,0.1,False
5.78758998012987,0.03769663857362002,0.4747035404313841,0.9264312540896831,0.1,False
5.7931818599095894,0.03769663856824249,0.47470354028419437,0.9264312540782729,0.1,False
5.798773739689309,0.03769663856296725,0.47470354013132476,0.9264312540658621,0.1,False
5.804365619469029,0.03769663855779113,0.47470353997256826,0.9264312540524269,0.1,False
5.809957499248749,0.03769663855271125,0.47470353980770996,0.9264312540379417,0.1,False
5.815549379028466,0.03769663854772523,0.47470353963652734,0.9264312540223786,0.1,False
5.821141258808186,0.03769663854283054,0.47470353945879107,0.9264312540057095,0.1,False
5.8267331385879055,0.0376966385380253,0.4747035392742643,0.9264312539879036,0.1,False
5.832325018367626,0.037696638533307646,0.4747035390827007,0.9264312539689293,0.1,False
5.837916898147344,0.037696638528676024,0.47470353888384637,0.9264312539487525,0.1,False
5.843508777927064,0.037696638524129134,0.4747035386774397,0.9264312539273382,0.1,False
5.849100657706784,0.037696638519665815,0.4747035384632088,0.9264312539046495,0.1,False
5.854692537486503,0.037696638515285034,0.474703538240874,0.926431253880648,0.1,False
5.8602844172662225,0.037696638510986084,0.4747035380101449,0.9264312538552931,0.1,False
5.865876297045942,0.037696638506768375,0.4747035377707233,0.9264312538285435,0.1,False
5.871468176825662,0.037696638502631406,0.4747035375222988,0.9264312538003552,0.1,False
5.877060056605382,0.03769663849857495,0.4747035372645522,0.926431253770683,0.1,False
5.8826519363851,0.037696638494598866,0.47470353699715373,0.9264312537394795,0.1,False
5.88824381616482,0.03769663849070318,0.47470353671976173,0.9264312537066961,0.1,False
5.89383569594454,0.03769663848688802,0.4747035364320235,0.9264312536722814,0.1,False
5.89942757572426,0.037696638483153716,0.4747035361335752,0.9264312536361828,0.1,False
5.905019455503978,0.03769663847950066,0.47470353582404007,0.9264312535983458,0.1,False
5.910611335283697,0.03769663847592938,0.4747035355030308,0.9264312535587131,0.1,False
5.916203215063417,0.03769663847244053,0.4747035351701452,0.9264312535172264,0.1,False
5.921795094843136,0.03769663846903495,0.47470353482496913,0.9264312534738245,0.1,False
5.9273869746228565,0.03769663846571357,0.4747035344670742,0.9264312534284443,0.1,False
5.932978854402576,0.03769663846247725,0.47470353409602084,0.926431253381021,0.1,False
5.938570734182295,0.037696638459327234,0.4747035337113512,0.9264312533314867,0.1,False
5.944162613962015,0.03769663845626476,0.4747035333125944,0.9264312532797715,0.1,False
5.949754493741735,0.03769663845329107,0.4747035328992644,0.9264312532258036,0.1,False
5.955346373521453,0.03769663845040767,0.4747035324708614,0.9264312531695079,0.1,False
5.960938253301173,0.037696638447616164,0.4747035320268656,0.9264312531108078,0.1,False
5.966530133080893,0.037696638444918024,0.4747035315667434,0.9264312530496231,0.1,False
5.972122012860613,0.03769663844231512,0.4747035310899431,0.9264312529858718,0.1,False
5.977713892640332,0.037696638439809374,0.47470353059589504,0.9264312529194685,0.1,False
5.983305772420051,0.037696638437402674,0.4747035300840107,0.926431252850325,0.1,False
5.988897652199771,0.037696638435097025,0.474703529553687,0.9264312527783515,0.1,False
5.99448953197949,0.037696638432894676,0.4747035290042974,0.926431252703454,0.1,False
6.000081411759209,0.03769663843079795,0.4747035284351979,0.9264312526255354,0.1,False
6.005673291538928,0.03769663842880911,0.47470352784572145,0.9264312525444962,0.1,False
6.011265171318648,0.03769663842693068,0.47470352723518283,0.9264312524602332,0.1,False
6.016857051098368,0.037696638425165255,0.47470352660287374,0.9264312523726403,0.1,False
6.022448930878086,0.03769663842351548,0.47470352594806586,0.926431252281608,0.1,False
6.0280408106578065,0.03769663842198429,0.47470352527000437,0.9264312521870224,0.1,False
6.033632690437527,0.03769663842057448,0.47470352456791337,0.9264312520887674,0.1,False
6.039224570217246,0.03769663841928926,0.47470352384099346,0.9264312519867225,0.1,False
6.044816449996966,0.037696638418131596,0.4747035230884182,0.9264312518807633,0.1,False
6.050408329776684,0.037696638417104786,0.4747035223093375,0.9264312517707619,0.1,False
6.056000209556404,0.03769663841621232,0.47470352150287465,0.9264312516565862,0.1,False
6.061592089336124,0.03769663841545759,0.4747035206681248,0.9264312515381001,0.1,False
6.067183969115844,0.037696638414844365,0.4747035198041562,0.926431251415163,0.1,False
6.072775848895563,0.037696638414376274,0.4747035189100089,0.9264312512876306,0.1,False
6.078367728675282,0.03769663841405733,0.47470351798469174,0.9264312511553532,0.1,False
6.083959608455002,0.03769663841389147,0.4747035170271866,0.9264312510181776,0.1,False
6.089551488234722,0.03769663841388291,0.47470351603644223,0.9264312508759451,0.1,False
6.09514336801444,0.037696638414035914,0.4747035150113743,0.9264312507284926,0.1,False
6.10073524779416,0.03769663841435494,0.47470351395086907,0.926431250575652,0.1,False
6.106327127573879,0.037696638414844545,0.4747035128537745,0.9264312504172494,0.1,False
6.111919007353599,0.037696638415509534,0.47470351171890773,0.9264312502531066,0.1,False
6.117510887133318,0.037696638416354726,0.4747035105450484,0.9264312500830397,0.1,False
6.123102766913037,0.03769663841738522,0.4747035093309409,0.9264312499068589,0.1,False
6.128694646692757,0.03769663841860621,0.47470350807529077,0.9264312497243691,0.1,False
6.134286526472477,0.03769663842002307,0.47470350677676487,0.9264312495353693,0.1,False
6.139878406252196,0.03769663842164132,0.4747035054339927,0.9264312493396525,0.1,False
6.145470286031916,0.03769663842346672,0.47470350404556044,0.9264312491370055,0.1,False
6.151062165811635,0.037696638425505156,0.47470350261001265,0.9264312489272087,0.1,False
6.156654045591355,0.037696638427762594,0.4747035011258516,0.9264312487100361,0.1,False
6.1622459253710735,0.03769663843024547,0.4747034995915345,0.9264312484852548,0.1,False
6.167837805150794,0.03769663843296008,0.47470349800547557,0.9264312482526256,0.1,False
6.173429684930514,0.03769663843591307,0.47470349636603626,0.926431248011901,0.1,False
6.179021564710233,0.03769663843911139,0.4747034946715411,0.9264312477628284,0.1,False
6.184613444489953,0.03769663844256205,0.4747034929202569,0.9264312475051457,0.1,False
6.19020532426967,0.03769663844627224,0.47470349111040194,0.9264312472385846,0.1,False
6.1957972040493905,0.03769663845024956,0.4747034892401423,0.9264312469628677,0.1,False
6.201389083829111,0.03769663845450162,0.4747034873075916,0.9264312466777103,0.1,False
6.20698096360883,0.03769663845903639,0.4747034853108096,0.9264312463828198,0.1,False
6.212572843388549,0.03769663846386204,0.474703483247799,0.9264312460778946,0.1,False
6.218164723168268,0.03769663846898694,0.4747034811165059,0.9264312457626246,0.1,False
6.223756602947988,0.03769663847441975,0.47470347891481574,0.9264312454366902,0.1,False
6.229348482727708,0.03769663848016934,0.47470347664055157,0.9264312450997634,0.1,False
6.234940362507427,0.03769663848624496,0.4747034742914861,0.9264312447515072,0.1,False
6.240532242287147,0.03769663849265598,0.4747034718653152,0.9264312443915742,0.1,False
6.246124122066866,0.0376966384994121,0.4747034693596741,0.9264312440196072,0.1,False
6.251716001846586,0.03769663850652327,0.47470346677213066,0.9264312436352388,0.1,False
6.257307881626305,0.037696638513999854,0.47470346410018477,0.9264312432380916,0.1,False
6.2628997614060244,0.03769663852185227,0.4747034613412646,0.9264312428277774,0.1,False
6.2684916411857445,0.03769663853009147,0.47470345849272616,0.9264312424038967,0.1,False
6.274083520965464,0.03769663853872855,0.47470345555185167,0.9264312419660394,0.1,False
6.279675400745182,0.03769663854777509,0.47470345251584817,0.9264312415137834,0.1,False
6.285267280524902,0.037696638557242805,0.4747034493818437,0.9264312410466953,0.1,False
6.290859160304621,0.03769663856714404,0.47470344614688587,0.9264312405643288,0.1,False
6.296451040084341,0.03769663857749098,0.4747034428079407,0.9264312400662261,0.1,False
6.30204291986406,0.037696638588296624,0.47470343936189247,0.9264312395519169,0.1,False
6.30763479964378,0.03769663859957407,0.4747034358055329,0.9264312390209161,0.1,False
6.3132266794235,0.03769663861133698,0.47470343213557115,0.9264312384727273,0.1,False
6.318818559203219,0.037696638623599184,0.47470342834862383,0.926431237906839,0.1,False
6.324410438982939,0.037696638636375075,0.47470342444121694,0.926431237322727,0.1,False
6.3300023187626575,0.03769663864967934,0.4747034204097785,0.9264312367198515,0.1,False
6.335594198542378,0.037696638663527085,0.47470341625063667,0.9264312360976582,0.1,False
6.341186078322098,0.037696638677933846,0.47470341196002663,0.9264312354555784,0.1,False
6.346777958101817,0.037696638692915584,0.47470340753407786,0.9264312347930275,0.1,False
6.352369837881536,0.037696638708488696,0.4747034029688146,0.926431234109405,0.1,False
6.357961717661255,0.03769663872467001,0.4747033982601532,0.9264312334040942,0.1,False
6.363553597440975,0.03769663874147683,0.4747033934039004,0.9264312326764617,0.1,False
6.3691454772206955,0.03769663875892692,0.47470338839575077,0.9264312319258573,0.1,False
6.374737357000413,0.03769663877703853,0.47470338323128336,0.9264312311516132,0.1,False
6.380329236780133,0.037696638795830364,0.47470337790595857,0.926431230353044,0.1,False
6.385921116559852,0.03769663881532168,0.47470337241511484,0.9264312295294451,0.1,False
6.391512996339572,0.03769663883553224,0.4747033667539681,0.9264312286800945,0.1,False
6.3971048761192915,0.03769663885648223,0.4747033609176072,0.9264312278042501,0.1,False
6.402696755899011,0.03769663887819257,0.47470335490099114,0.9264312269011508,0.1,False
6.408288635678731,0.03769663890068456,0.47470334869894343,0.9264312259700141,0.1,False
6.41388051545845,0.03769663892398018,0.4747033423061541,0.9264312250100385,0.1,False
6.419472395238169,0.03769663894810193,0.474703335717173,0.9264312240204009,0.1,False
6.425064275017889,0.037696638973072974,0.47470332892640704,0.9264312230002556,0.1,False
6.430656154797608,0.03769663899891692,0.47470332192811676,0.9264312219487367,0.1,False
6.4362480345773285,0.03769663902565824,0.47470331471641997,0.9264312208649549,0.1,False
6.441839914357047,0.0376966390533217,0.4747033072852595,0.926431219747996,0.1,False
6.447431794136767,0.03769663908193302,0.4747032996284448,0.9264312185969247,0.1,False
6.453023673916487,0.03769663911151846,0.47470329173961784,0.9264312174107803,0.1,False
6.458615553696206,0.037696639142105,0.47470328361225406,0.9264312161885775,0.1,False
6.464207433475926,0.03769663917372032,0.4747032752396632,0.9264312149293058,0.1,False
6.469799313255644,0.037696639206392775,0.47470326661498263,0.9264312136319284,0.1,False
6.475391193035364,0.03769663924015142,0.4747032577311738,0.9264312122953824,0.1,False
6.480983072815084,0.03769663927502616,0.4747032485810211,0.9264312109185773,0.1,False
6.486574952594803,0.037696639311047574,0.4747032391571205,0.9264312095003954,0.1,False
6.492166832374522,0.03769663934824706,0.4747032294518838,0.9264312080396898,0.1,False
6.4977587121542415,0.03769663938665675,0.4747032194575277,0.9264312065352852,0.1,False
6.503350591933962,0.03769663942630978,0.4747032091660774,0.9264312049859769,0.1,False
6.508942471713682,0.037696639467239806,0.47470319856935117,0.9264312033905291,0.1,False
6.5145343514934,0.037696639509481565,0.4747031876589654,0.9264312017476751,0.1,False
6.52012623127312,0.03769663955307065,0.47470317642632687,0.9264312000561171,0.1,False
6.52571811105284,0.03769663959804346,0.4747031648626229,0.9264311983145239,0.1,False
6.531309990832559,0.037696639644437376,0.4747031529588254,0.9264311965215316,0.1,False
6.536901870612279,0.03769663969229069,0.47470314070568254,0.9264311946757428,0.1,False
6.542493750391998,0.03769663974164262,0.4747031280937124,0.9264311927757248,0.1,False
6.548085630171718,0.03769663979253337,0.4747031151131949,0.9264311908200096,0.1,False
6.553677509951438,0.03769663984500411,0.4747031017541746,0.9264311888070934,0.1,False
6.559269389731155,0.03769663989909713,0.474703088006449,0.9264311867354349,0.1,False
6.5648612695108755,0.03769663995485562,0.47470307385956834,0.9264311846034554,0.1,False
6.570453149290595,0.03769664001232394,0.4747030593028239,0.9264311824095376,0.1,False
6.576045029070315,0.03769664007154748,0.47470304432524735,0.9264311801520241,0.1,False
6.581636908850033,0.03769664013257274,0.47470302891559885,0.9264311778292175,0.1,False
6.587228788629753,0.03769664019544734,0.47470301306237594,0.9264311754393799,0.1,False
6.592820668409473,0.03769664026022008,0.4747029967537901,0.9264311729807307,0.1,False
6.598412548189192,0.03769664032694089,0.47470297997776956,0.9264311704514463,0.1,False
6.6040044279689125,0.03769664039566101,0.4747029627219535,0.9264311678496592,0.1,False
6.609596307748632,0.03769664046643281,0.4747029449736838,0.9264311651734574,0.1,False
6.615188187528351,0.037696640539309975,0.4747029267199997,0.926431162420883,0.1,False
6.620780067308071,0.03769664061434739,0.4747029079476292,0.9264311595899312,0.1,False
6.62637194708779,0.03769664069160133,0.47470288864298416,0.9264311566785491,0.1,False
6.631963826867509,0.03769664077112938,0.4747028687921582,0.9264311536846361,0.1,False
6.6375557066472295,0.037696640852990515,0.4747028483809119,0.926431150606041,0.1,False
6.643147586426949,0.03769664093724506,0.4747028273946716,0.9264311474405623,0.1,False
6.648739466206669,0.03769664102395479,0.4747028058185194,0.9264311441859465,0.1,False
6.654331345986386,0.03769664111318292,0.47470278363718577,0.9264311408398868,0.1,False
6.659923225766106,0.03769664120499417,0.47470276083504576,0.9264311374000227,0.1,False
6.665515105545826,0.0376966412994548,0.4747027373961079,0.9264311338639387,0.1,False
6.671106985325546,0.03769664139663253,0.4747027133040118,0.9264311302291631,0.1,False
6.676698865105265,0.03769664149659668,0.47470268854201353,0.9264311264931665,0.1,False
6.682290744884984,0.037696641599418185,0.47470266309298365,0.9264311226533615,0.1,False
6.687882624664704,0.03769664170516965,0.47470263693939246,0.9264311187070994,0.1,False
6.693474504444424,0.037696641813925305,0.4747026100633134,0.9264311146516726,0.1,False
6.6990663842241425,0.03769664192576116,0.4747025824464044,0.9264311104843098,0.1,False
6.7046582640038626,0.03769664204075486,0.47470255406990075,0.9264311062021766,0.1,False
6.710250143783582,0.03769664215898601,0.47470252491461923,0.9264311018023749,0.1,False
6.715842023563302,0.037696642280535805,0.47470249496092926,0.926431097281939,0.1,False
6.721433903343022,0.03769664240548737,0.4747024641887562,0.9264310926378363,0.1,False
6.72702578312274,0.03769664253392574,0.47470243257757483,0.9264310878669662,0.1,False
6.73261766290246,0.03769664266593793,0.47470240010639797,0.9264310829661582,0.1,False
6.7382095426821795,0.03769664280161279,0.47470236675375427,0.9264310779321685,0.1,False
6.7438014224619,0.03769664294104123,0.4747023324977038,0.926431072761683,0.1,False
6.749393302241618,0.037696643084316174,0.47470229731580876,0.9264310674513118,0.1,False
6.754985182021337,0.0376966432315325,0.47470226118513054,0.9264310619975896,0.1,False
6.760577061801057,0.03769664338278769,0.47470222408221885,0.9264310563969737,0.1,False
6.766168941580776,0.03769664353818084,0.4747021859831109,0.9264310506458437,0.1,False
6.771760821360496,0.037696643697813434,0.47470214686330314,0.9264310447404985,0.1,False
6.777352701140216,0.03769664386178924,0.47470210669775587,0.9264310386771551,0.1,False
6.782944580919935,0.037696644030214284,0.47470206546088173,0.9264310324519478,0.1,False
6.788536460699655,0.03769664420319684,0.47470202312651977,0.9264310260609246,0.1,False
6.794128340479373,0.03769664438084766,0.4747019796679484,0.9264310195000488,0.1,False
6.799720220259093,0.03769664456327994,0.4747019350578601,0.9264310127651948,0.1,False
6.8053121000388135,0.037696644750609236,0.4747018892683539,0.9264310058521477,0.1,False
6.810903979818533,0.037696644942953675,0.4747018422709182,0.9264309987565998,0.1,False
6.816495859598252,0.03769664514043389,0.47470179403643037,0.9264309914741521,0.1,False
6.822087739377971,0.03769664534317308,0.47470174453513686,0.9264309840003093,0.1,False
6.827679619157691,0.03769664555129743,0.4747016937366488,0.9264309763304804,0.1,False
6.833271498937411,0.03769664576493532,0.47470164160991296,0.9264309684599744,0.1,False
6.838863378717129,0.03769664598421822,0.47470158812322844,0.9264309603840019,0.1,False
6.844455258496849,0.03769664620928028,0.4747015332442084,0.9264309520976702,0.1,False
6.850047138276568,0.037696646440258524,0.47470147693978265,0.9264309435959833,0.1,False
6.855639018056288,0.03769664667729287,0.4747014191761756,0.9264309348738388,0.1,False
6.861230897836008,0.037696646920526315,0.47470135991890317,0.9264309259260266,0.1,False
6.8668227776157265,0.03769664717010463,0.4747012991327495,0.9264309167472268,0.1,False
6.8724146573954465,0.037696647426176906,0.47470123678176246,0.926430907332008,0.1,False
6.878006537175166,0.037696647688895156,0.4747011728292356,0.9264308976748247,0.1,False
6.883598416954886,0.03769664795841469,0.47470110723769376,0.9264308877700155,0.1,False
6.889190296734605,0.03769664823489399,0.474701039968886,0.9264308776118013,0.1,False
6.894782176514324,0.037696648518494955,0.47470097098376723,0.9264308671942835,0.1,False
6.900374056294044,0.037696648809382616,0.47470090024247635,0.9264308565114401,0.1,False
6.9059659360737635,0.03769664910772555,0.47470082770434036,0.9264308455571265,0.1,False
6.911557815853483,0.037696649413695806,0.47470075332784345,0.9264308343250707,0.1,False
6.917149695633203,0.037696649727468924,0.47470067707062114,0.9264308228088722,0.1,False
6.922741575412922,0.03769665004922455,0.4747005988894414,0.926430811001999,0.1,False
6.928333455192642,0.037696650379144554,0.4747005187401889,0.9264307988977876,0.1,False
6.9339253349723595,0.03769665071741586,0.4747004365778532,0.9264307864894377,0.1,False
6.93951721475208,0.03769665106422886,0.47470035235651686,0.9264307737700119,0.1,False
6.9451090945318,0.03769665141977766,0.4747002660293273,0.9264307607324316,0.1,False
6.950700974311519,0.037696651784260245,0.4747001775484859,0.9264307473694761,0.1,False
6.956292854091238,0.037696652157878784,0.4747000868652491,0.9264307336737807,0.1,False
6.961884733870957,0.03769665254083937,0.4746999939298834,0.9264307196378317,0.1,False
6.967476613650677,0.03769665293335209,0.4746998986916684,0.9264307052539669,0.1,False
6.9730684934303975,0.03769665333563137,0.47469980109887294,0.9264306905143703,0.1,False
6.978660373210116,0.03769665374789583,0.4746997010987403,0.9264306754110717,0.1,False
6.984252252989836,0.03769665417036837,0.47469959863747224,0.9264306599359433,0.1,False
6.989844132769555,0.03769665460327641,0.4746994936602083,0.9264306440806968,0.1,False
6.995436012549275,0.03769665504685175,0.4746993861110067,0.9264306278368802,0.1,False
7.001027892328995,0.03769665550133078,0.4746992759328398,0.9264306111958778,0.1,False
7.006619772108714,0.037696655966954415,0.4746991630675561,0.9264305941489045,0.1,False
7.012211651888434,0.03769665644396842,0.4746990474558793,0.926430576687004,0.1,False
7.017803531668153,0.03769665693262309,0.4746989290373739,0.9264305588010463,0.1,False
7.023395411447873,0.03769665743317389,0.47469880775045076,0.9264305404817259,0.1,False
7.028987291227591,0.03769665794588096,0.47469868353231504,0.9264305217195558,0.1,False
7.0345791710073104,0.037696658471009434,0.47469855631897845,0.9264305025048685,0.1,False
7.0401710507870305,0.03769665900882961,0.47469842604521406,0.9264304828278093,0.1,False
7.04576293056675,0.037696659559617075,0.47469829264456154,0.926430462678337,0.1,False
7.051354810346469,0.03769666012365241,0.47469815604928195,0.9264304420462175,0.1,False
7.056946690126189,0.03769666070122179,0.47469801619036867,0.9264304209210248,0.1,False
7.062538569905908,0.03769666129261658,0.4746978729974921,0.9264303992921333,0.1,False
7.068130449685628,0.03769666189813374,0.47469772639900154,0.9264303771487178,0.1,False
7.073722329465347,0.03769666251807584,0.47469757632190596,0.9264303544797499,0.1,False
7.079314209245067,0.03769666315275112,0.47469742269183995,0.9264303312739942,0.1,False
7.084906089024787,0.037696663802473426,0.47469726543304963,0.9264303075200057,0.1,False
7.090497968804506,0.037696664467562625,0.4746971044683682,0.9264302832061251,0.1,False
7.096089848584225,0.03769666514834446,0.47469693971920207,0.9264302583204781,0.1,False
7.101681728363944,0.03769666584515052,0.474696771105498,0.9264302328509697,0.1,False
7.1072736081436645,0.03769666655831925,0.47469659854573526,0.9264302067852825,0.1,False
7.112865487923385,0.03769666728819427,0.4746964219568858,0.9264301801108722,0.1,False
7.118457367703102,0.037696668035126224,0.4746962412544086,0.9264301528149657,0.1,False
7.124049247482822,0.0376966687994718,0.4746960563522153,0.9264301248845557,0.1,False
7.129641127262541,0.037696669581594316,0.4746958671626509,0.9264300963063984,0.1,False
7.135233007042261,0.037696670381863716,0.4746956735964687,0.9264300670670095,0.1,False
7.1408248868219815,0.03769667120065643,0.47469547556280695,0.9264300371526607,0.1,False
7.1464167666017,0.03769667203835606,0.4746952729691787,0.9264300065493776,0.1,False
7.15200864638142,0.03769667289535268,0.4746950657214235,0.9264299752429332,0.1,False
7.157600526161139,0.03769667377204362,0.4746948537236996,0.9264299432188468,0.1,False
7.163192405940859,0.037696674668833086,0.4746946368784547,0.9264299104623789,0.1,False
7.168784285720578,0.03769667558613271,0.4746944150864031,0.9264298769585276,0.1,False
7.1743761655002976,0.03769667652436138,0.4746941882465025,0.9264298426920258,0.1,False
7.179968045280018,0.03769667748394519,0.47469395625592353,0.9264298076473367,0.1,False
7.185559925059738,0.037696678465317886,0.4746937190100247,0.9264297718086492,0.1,False
7.191151804839456,0.0376966794689208,0.47469347640233406,0.9264297351598756,0.1,False
7.196743684619176,0.037696680495202896,0.4746932283245143,0.9264296976846467,0.1,False
7.202335564398895,0.03769668154462111,0.47469297466634536,0.9264296593663082,0.1,False
7.207927444178615,0.037696682617640205,0.4746927153156857,0.9264296201879152,0.1,False
7.213519323958333,0.03769668371473309,0.47469245015845973,0.9264295801322313,0.1,False
7.219111203738053,0.037696684836380716,0.4746921790786286,0.926429539181723,0.1,False
7.224703083517773,0.03769668598307231,0.4746919019581496,0.9264294973185534,0.1,False
7.230294963297492,0.03769668715530546,0.4746916186769618,0.9264294545245816,0.1,False
7.235886843077211,0.037696688353586465,0.4746913291129631,0.926429410781357,0.1,False
7.2414787228569315,0.037696689578429914,0.4746910331419645,0.9264293660701144,0.1,False
7.247070602636651,0.03769669083035941,0.47469073063768186,0.9264293203717714,0.1,False
7.252662482416371,0.03769669210990715,0.4746904214716889,0.9264292736669224,0.1,False
7.258254362196089,0.0376966934176144,0.4746901055134058,0.9264292259358358,0.1,False
7.263846241975809,0.03769669475403157,0.47468978263005757,0.9264291771584482,0.1,False
7.269438121755529,0.037696696119718286,0.4746894526866593,0.9264291273143622,0.1,False
7.2750300015352485,0.03769669751524321,0.4746891155459652,0.9264290763828388,0.1,False
7.280621881314969,0.03769669894118471,0.4746887710684614,0.9264290243427961,0.1,False
7.286213761094687,0.03769670039813068,0.4746884191123302,0.9264289711728034,0.1,False
7.291805640874407,0.037696701886678556,0.4746880595334051,0.9264289168510761,0.1,False
7.297397520654127,0.03769670340743596,0.47468769218516843,0.9264288613554724,0.1,False
7.302989400433846,0.03769670496102002,0.474687316918699,0.9264288046634889,0.1,False
7.308581280213565,0.03769670654805804,0.4746869335826442,0.9264287467522536,0.1,False
7.314173159993284,0.03769670816918761,0.4746865420232005,0.9264286875985245,0.1,False
7.319765039773004,0.03769670982505658,0.47468614208407456,0.9264286271786826,0.1,False
7.325356919552724,0.03769671151632334,0.4746857336064524,0.926428565468728,0.1,False
7.330948799332442,0.03769671324365664,0.47468531642896683,0.9264285024442753,0.1,False
7.336540679112162,0.037696715007736144,0.4746848903876742,0.926428438080549,0.1,False
7.3421325588918815,0.037696716809252254,0.47468445531601455,0.926428372352378,0.1,False
7.347724438671602,0.03769671864890646,0.47468401104478164,0.9264283052341912,0.1,False
7.353316318451321,0.037696720527411125,0.4746835574020882,0.9264282367000122,0.1,False
7.35890819823104,0.03769672244549,0.47468309421334137,0.9264281667234555,0.1,False
7.36450007801076,0.03769672440387858,0.4746826213012036,0.9264280952777199,0.1,False
7.370091957790479,0.03769672640332277,0.4746821384855635,0.9264280223355863,0.1,False
7.3756838375701985,0.03769672844458113,0.47468164558349835,0.9264279478694093,0.1,False
7.381275717349919,0.037696730528423636,0.4746811424092473,0.9264278718511147,0.1,False
7.386867597129638,0.03769673265563243,0.4746806287741736,0.9264277942521925,0.1,False
7.392459476909358,0.03769673482700143,0.47468010448673176,0.9264277150436938,0.1,False
7.398051356689077,0.03769673704333671,0.4746795693524302,0.9264276341962245,0.1,False
7.403643236468795,0.03769673930545694,0.4746790231738139,0.9264275516799411,0.1,False
7.4092351162485155,0.03769674161419317,0.47467846575041034,0.9264274674645443,0.1,False
7.414826996028235,0.037696743970388934,0.47467789687870376,0.9264273815192747,0.1,False
7.420418875807955,0.03769674637490084,0.47467731635209853,0.9264272938129067,0.1,False
7.426010755587673,0.0376967488285978,0.4746767239608882,0.926427204313745,0.1,False
7.431602635367393,0.037696751332362326,0.47467611949222194,0.9264271129896178,0.1,False
7.437194515147113,0.037696753887090005,0.4746755027300637,0.9264270198078716,0.1,False
7.4427863949268325,0.03769675649368967,0.47467487345515974,0.9264269247353664,0.1,False
7.448378274706552,0.0376967591530838,0.4746742314450109,0.9264268277384711,0.1,False
7.453970154486271,0.037696761866208364,0.4746735764738277,0.9264267287830569,0.1,False
7.459562034265991,0.03769676463401303,0.4746729083124938,0.9264266278344919,0.1,False
7.465153914045711,0.03769676745746141,0.47467222672853676,0.9264265248576364,0.1,False
7.470745793825429,0.03769677033753151,0.47467153148609104,0.9264264198168366,0.1,False
7.4763376736051494,0.03769677327521508,0.47467082234586355,0.9264263126759217,0.1,False
7.481929553384869,0.03769677627151849,0.4746700990650894,0.926426203398194,0.1,False
7.487521433164589,0.03769677932746262,0.4746693613975093,0.9264260919464281,0.1,False
7.493113312944307,0.03769678244408294,0.47466860909331987,0.9264259782828618,0.1,False
7.498705192724026,0.03769678562242998,0.4746678418991541,0.9264258623691934,0.1,False
7.504297072503746,0.03769678886356898,0.4746670595580203,0.9264257441665734,0.1,False
7.5098889522834655,0.03769679216858027,0.4746662618092885,0.9264256236356017,0.1,False
7.515480832063185,0.037696795538559744,0.47466544838864444,0.9264255007363196,0.1,False
7.521072711842905,0.0376967989746184,0.4746646190280454,0.9264253754282052,0.1,False
7.526664591622624,0.03769680247788308,0.4746637734557046,0.9264252476701694,0.1,False
7.532256471402344,0.03769680604949606,0.4746629113960351,0.9264251174205481,0.1,False
7.537848351182063,0.03769680969061583,0.4746620325696175,0.926424984637097,0.1,False
7.5434402309617825,0.03769681340241664,0.47466113669316373,0.9264248492769863,0.1,False
7.549032110741503,0.03769681718608901,0.4746602234794816,0.9264247112967952,0.1,False
7.554623990521222,0.03769682104283999,0.4746592926374385,0.9264245706525059,0.1,False
7.560215870300942,0.03769682497389292,0.47465834387192185,0.9264244272994986,0.1,False
7.56580775008066,0.03769682898048783,0.4746573768837999,0.9264242811925448,0.1,False
7.57139962986038,0.03769683306388157,0.47465639136989185,0.9264241322858031,0.1,False
7.5769915096401,0.03769683722534798,0.4746553870229164,0.9264239805328108,0.1,False
7.58258338941982,0.037696841466178035,0.4746543635314768,0.9264238258864822,0.1,False
7.588175269199538,0.03769684578767978,0.47465332057999576,0.9264236682990993,0.1,False
7.593767148979257,0.037696850191179215,0.4746522578487042,0.9264235077223073,0.1,False
7.599359028758977,0.03769685467801934,0.47465117501358606,0.9264233441071101,0.1,False
7.604950908538697,0.03769685924956116,0.47465007174634405,0.9264231774038626,0.1,False
7.610542788318416,0.03769686390718357,0.47464894771437244,0.9264230075622667,0.1,False
7.616134668098136,0.0376968686522834,0.47464780258070366,0.9264228345313639,0.1,False
7.621726547877855,0.037696873486275984,0.4746466360039847,0.9264226582595314,0.1,False
7.627318427657575,0.03769687841059447,0.4746454476384312,0.9264224786944749,0.1,False
7.632910307437294,0.03769688342669106,0.47464423713379394,0.9264222957832238,0.1,False
7.638502187217013,0.037696888536036505,0.47464300413532534,0.9264221094721254,0.1,False
7.644094066996733,0.03769689374012022,0.47464174828373035,0.9264219197068384,0.1,False
7.649685946776453,0.03769689904045088,0.47464046921513586,0.9264217264323276,0.1,False
7.655277826556172,0.03769690443855574,0.47463916656106064,0.9264215295928597,0.1,False
7.660869706335892,0.037696909935981855,0.4746378399483656,0.9264213291319954,0.1,False
7.666461586115611,0.037696915534295626,0.47463648899922023,0.9264211249925837,0.1,False
7.672053465895331,0.03769692123508298,0.4746351133310721,0.9264209171167583,0.1,False
7.677645345675051,0.03769692703994956,0.4746337125566078,0.9264207054459312,0.1,False
7.683237225454769,0.03769693295052111,0.4746322862837061,0.9264204899207852,0.1,False
7.688829105234489,0.03769693896844312,0.474630834115413,0.9264202704812706,0.1,False
7.694420985014208,0.037696945095381656,0.47462935564990183,0.9264200470665984,0.1,False
7.700012864793928,0.037696951333022755,0.47462785048043227,0.9264198196152356,0.1,False
7.705604744573646,0.03769695768307314,0.4746263181953198,0.9264195880648978,0.1,False
7.7111966243533665,0.03769696414726038,0.47462475837789636,0.9264193523525458,0.1,False
7.716788504133087,0.0376969707273326,0.4746231706064755,0.9264191124143787,0.1,False
7.722380383912806,0.03769697742505898,0.4746215544543125,0.9264188681858282,0.1,False
7.727972263692525,0.03769698424222978,0.4746199094895743,0.9264186196015546,0.1,False
7.733564143472244,0.03769699118065677,0.4746182352752999,0.9264183665954392,0.1,False
7.739156023251964,0.03769699824217244,0.47461653136936766,0.9264181091005813,0.1,False
7.744747903031684,0.03769700542863147,0.4746147973244531,0.9264178470492899,0.1,False
7.750339782811403,0.03769701274191017,0.47461303268800625,0.9264175803730808,0.1,False
7.755931662591123,0.03769702018390673,0.4746112370022066,0.9264173090026695,0.1,False
7.761523542370843,0.037697027756540734,0.47460940980392874,0.9264170328679674,0.1,False
7.767115422150562,0.03769703546175459,0.4746075506247093,0.9264167518980743,0.1,False
7.77270730193028,0.037697043301512516,0.4746056589907157,0.9264164660212757,0.1,False
7.77829918171,0.037697051277801506,0.4746037344227109,0.9264161751650349,0.1,False
7.78389106148972,0.037697059392631106,0.47460177643601903,0.9264158792559901,0.1,False
7.789482941269439,0.03769706764803316,0.4745997845404804,0.9264155782199467,0.1,False
7.795074821049158,0.03769707604606286,0.47459775824044587,0.9264152719818757,0.1,False
7.800666700828878,0.03769708458879789,0.47459569703471516,0.9264149604659048,0.1,False
7.806258580608597,0.037697093278339346,0.474593600416518,0.926414643595315,0.1,False
7.811850460388317,0.037697102116811446,0.4745914678734787,0.9264143212925364,0.1,False
7.8174423401680375,0.037697111106361744,0.47458929888758566,0.9264139934791417,0.1,False
7.823034219947756,0.03769712024916137,0.4745870929351567,0.9264136600758415,0.1,False
7.828626099727476,0.03769712954740523,0.4745848494868108,0.9264133210024798,0.1,False
7.834217979507195,0.037697139003311717,0.47458256800744064,0.9264129761780308,0.1,False
7.839809859286915,0.037697148619123336,0.4745802479561615,0.9264126255205888,0.1,False
7.845401739066634,0.037697158397106426,0.4745778887863052,0.9264122689473696,0.1,False
7.850993618846354,0.03769716833955166,0.47457548994537607,0.9264119063747017,0.1,False
7.856585498626074,0.03769717844877391,0.47457305087502843,0.9264115377180238,0.1,False
7.862177378405793,0.0376971887271125,0.4745705710110317,0.9264111628918787,0.1,False
7.867769258185511,0.03769719917693112,0.47456804978324013,0.9264107818099094,0.1,False
7.87336113796523,0.03769720980061822,0.4745654866155687,0.9264103943848544,0.1,False
7.8789530177449505,0.037697220600586924,0.47456288092596116,0.9264100005285435,0.1,False
7.884544897524671,0.037697231579275396,0.4745602321263675,0.9264096001518931,0.1,False
7.890136777304389,0.0376972427391465,0.4745575396227094,0.9264091931649019,0.1,False
7.895728657084109,0.037697254082688494,0.4745548028148597,0.9264087794766473,0.1,False
7.901320536863829,0.037697265612414765,0.474552021096605,0.9264083589952785,0.1,False
7.906912416643548,0.03769727733086378,0.4745491938556353,0.9264079316280172,0.1,False
7.9125042964232675,0.037697289240599764,0.4745463204735055,0.9264074972811482,0.1,False
7.918096176202987,0.037697301344212245,0.4745434003256149,0.9264070558600189,0.1,False
7.923688055982707,0.0376973136443164,0.47454043278118246,0.9264066072690346,0.1,False
7.929279935762427,0.037697326143553325,0.47453741720322584,0.9264061514116536,0.1,False
7.934871815542145,0.03769733884458967,0.47453435294852314,0.9264056881903836,0.1,False
7.940463695321865,0.03769735175011831,0.4745312393676101,0.9264052175067788,0.1,False
7.9460555751015844,0.03769736486285786,0.47452807580474105,0.9264047392614359,0.1,False
7.9516474548813045,0.03769737818555327,0.4745248615978791,0.9264042533539899,0.1,False
7.957239334661025,0.03769739172097561,0.47452159607866157,0.9264037596831113,0.1,False
7.962831214440742,0.03769740547192207,0.4745182785723874,0.9264032581465018,0.1,False
7.968423094220462,0.037697419441216615,0.4745149083979988,0.9264027486408919,0.1,False
7.974014974000181,0.03769743363170924,0.47451148486805506,0.9264022310620378,0.1,False
7.979606853779901,0.037697448046276616,0.4745080072887094,0.9264017053047158,0.1,False
7.985198733559621,0.0376974626878224,0.4745044749597029,0.9264011712627215,0.1,False
7.99079061333934,0.037697477559276514,0.47450088717433625,0.926400628828867,0.1,False
7.99638249311906,0.03769749266359565,0.4744972432194538,0.9264000778949764,0.1,False
8.001974372898779,0.03769750800376356,0.47449354237543057,0.9263995183518832,0.1,False
8.007566252678497,0.03769752358279078,0.47448978391614854,0.9263989500894282,0.1,False
8.013158132458218,0.03769753940371478,0.47448596710898855,0.926398372996457,0.1,False
8.018750012237938,0.0376975554696004,0.4744820912148083,0.926397786960815,0.1,False
8.024341892017658,0.037697571783539004,0.47447815548793437,0.9263971918693487,0.1,False
8.029933771797376,0.03769758834864966,0.47447415917614627,0.9263965876079009,0.1,False
8.035525651577096,0.03769760516807824,0.4744701015206561,0.9263959740613076,0.1,False
8.041117531356816,0.037697622244998126,0.4744659817561075,0.9263953511133979,0.1,False
8.046709411136536,0.03769763958260996,0.4744617991105607,0.9263947186469912,0.1,False
8.052301290916253,0.03769765718414173,0.47445755280547425,0.9263940765438937,0.1,False
8.057893170695973,0.03769767505284869,0.47445324205569794,0.9263934246848982,0.1,False
8.063485050475693,0.037697693192013736,0.4744488660694742,0.9263927629497822,0.1,False
8.069076930255413,0.037697711604947115,0.47444442404840786,0.9263920912173043,0.1,False
8.074668810035133,0.03769773029498661,0.47443991518748097,0.9263914093652053,0.1,False
8.080260689814851,0.03769774926549741,0.47443533867502524,0.926390717270204,0.1,False
8.085852569594572,0.03769776851987262,0.4744306936927287,0.9263900148079974,0.1,False
8.091444449374292,0.037697788061532775,0.47442597941563036,0.9263893018532599,0.1,False
8.09703632915401,0.03769780789392583,0.4744211950121045,0.9263885782796405,0.1,False
8.10262820893373,0.037697828020527666,0.47441633964386537,0.9263878439597626,0.1,False
8.108220088713448,0.03769784844484175,0.4744114124659549,0.9263870987652217,0.1,False
8.113811968493168,0.037697869170398864,0.4744064126267511,0.926386342566588,0.1,False
8.119403848272889,0.03769789020075779,0.47440133926795935,0.9263855752334018,0.1,False
8.124995728052607,0.03769791153950513,0.474396191524611,0.9263847966341742,0.1,False
8.130587607832327,0.03769793319025478,0.4743909685250627,0.9263840066363868,0.1,False
8.136179487612047,0.03769795515664846,0.4743856693909998,0.9263832051064919,0.1,False
8.141771367391767,0.03769797744235569,0.47438029323743935,0.9263823919099109,0.1,False
8.147363247171484,0.03769800005107367,0.4743748391727331,0.926381566911036,0.1,False
8.152955126951204,0.037698022986526906,0.474369306298559,0.9263807299732276,0.1,False
8.158547006730924,0.0376980462524677,0.4743636937099346,0.9263798809588162,0.1,False
8.164138886510644,0.03769806985267604,0.474358000495224,0.9263790197291025,0.1,False
8.169730766290362,0.0376980937909595,0.47435222573613783,0.9263781461443565,0.1,False
8.175322646070082,0.03769811807115319,0.47434636850774065,0.9263772600638192,0.1,False
8.180914525849802,0.03769814269711965,0.4743404278784662,0.926376361345703,0.1,False
8.186506405629522,0.03769816767274906,0.47433440291010853,0.9263754498471916,0.1,False
8.19209828540924,0.03769819300195885,0.47432829265784765,0.9263745254244412,0.1,False
8.19769016518896,0.03769821868869427,0.47432209617026005,0.9263735879325825,0.1,False
8.203282044968681,0.03769824473692744,0.4743158124893167,0.9263726372257204,0.1,False
8.2088739247484,0.03769827115065807,0.4743094406504032,0.9263716731569355,0.1,False
8.21446580452812,0.03769829793391302,0.47430297968233476,0.9263706955782863,0.1,False
8.220057684307838,0.03769832509074658,0.47429642860736315,0.9263697043408088,0.1,False
8.225649564087558,0.037698352625239906,0.4742897864411994,0.9263686992945203,0.1,False
8.231241443867278,0.037698380541501285,0.47428305219302075,0.9263676802884198,0.1,False
8.236833323646998,0.03769840884366608,0.4742762248654986,0.92636664717049,0.1,False
8.242425203426716,0.03769843753589668,0.4742693034548067,0.9263655997876998,0.1,False
8.248017083206435,0.037698466622382076,0.4742622869506442,0.9263645379860065,0.1,False
8.253608962986155,0.03769849610733838,0.4742551743362549,0.9263634616103569,0.1,False
8.259200842765875,0.03769852599500815,0.4742479645884455,0.9263623705046908,0.1,False
8.264792722545593,0.03769855628966056,0.474240656677613,0.9263612645119442,0.1,False
8.270384602325313,0.03769858699559124,0.4742332495677574,0.9263601434740497,0.1,False
8.275976482105033,0.03769861811712245,0.4742257422165149,0.9263590072319412,0.1,False
8.281568361884753,0.03769864965860266,0.47421813357518083,0.9263578556255571,0.1,False
8.287160241664472,0.03769868162440641,0.4742104225887327,0.9263566884938422,0.1,False
8.292752121444192,0.037698714018934584,0.47420260819585414,0.9263555056747509,0.1,False
8.298344001223912,0.03769874684661365,0.4741946893289676,0.9263543070052517,0.1,False
8.30393588100363,0.0376987801118962,0.4741866649142617,0.9263530923213305,0.1,False
8.30952776078335,0.03769881381926074,0.4741785338717202,0.9263518614579925,0.1,False
8.31511964056307,0.037698847973211075,0.47417029511515796,0.9263506142492696,0.1,False
8.320711520342789,0.03769888257827643,0.47416194755223584,0.9263493505282204,0.1,False
8.326303400122509,0.037698917639011814,0.4741534900845175,0.926348070126937,0.1,False
8.331895279902227,0.03769895315999704,0.47414492160748134,0.9263467728765475,0.1,False
8.337487159681947,0.03769898914583703,0.4741362410105668,0.9263454586072216,0.1,False
8.343079039461667,0.03769902560116189,0.47412744717721866,0.9263441271481762,0.1,False
8.348670919241385,0.037699062530626055,0.47411853898489603,0.9263427783276758,0.1,False
8.354262799021106,0.03769909993890869,0.474109515305134,0.9263414119730423,0.1,False
8.359854678800824,0.03769913783071366,0.4741003750035833,0.9263400279106571,0.1,False
8.365446558580544,0.037699176210768945,0.4740911169400329,0.9263386259659664,0.1,False
8.371038438360264,0.03769921508382656,0.47408173996846564,0.9263372059634878,0.1,False
8.376630318139984,0.037699254454662566,0.4740722429370952,0.9263357677268143,0.1,False
8.382222197919702,0.03769929432807671,0.4740626246884077,0.9263343110786203,0.1,False
8.387814077699423,0.037699334708892245,0.47405288405920615,0.9263328358406673,0.1,False
8.39340595747914,0.037699375601955964,0.4740430198806605,0.9263313418338103,0.1,False
8.398997837258863,0.03769941701213781,0.474033030978349,0.9263298288780026,0.1,False
8.404589717038581,0.037699458944330404,0.47402291617230496,0.9263282967923033,0.1,False
8.4101815968183,0.037699501403449714,0.4740126742770703,0.9263267453948822,0.1,False
8.41577347659802,0.03769954439443375,0.4740023041017314,0.9263251745030264,0.1,False
8.42136535637774,0.03769958792224346,0.47399180444998856,0.9263235839331478,0.1,False
8.426957236157458,0.0376996319918616,0.47398117412019786,0.9263219735007897,0.1,False
8.432549115937178,0.03769967660829284,0.4739704119054161,0.9263203430206322,0.1,False
8.438140995716898,0.0376997217765638,0.47395951659346636,0.9263186923065005,0.1,False
8.443732875496618,0.03769976750172254,0.47394848696698516,0.9263170211713715,0.1,False
8.449324755276335,0.037699813788838334,0.473937321803483,0.9263153294273815,0.1,False
8.454916635056057,0.037699860643001376,0.47392601987539273,0.9263136168858331,0.1,False
8.460508514835775,0.03769990806932286,0.47391457995013686,0.9263118833572028,0.1,False
8.466100394615495,0.037699956072934644,0.4739030007901815,0.9263101286511493,0.1,False
8.471692274395213,0.03770000465898864,0.47389128115309337,0.9263083525765201,0.1,False
8.477284154174933,0.03770005383265701,0.47387941979160464,0.926306554941361,0.1,False
8.482876033954653,0.03770010359913161,0.47386741545366695,0.926304735552922,0.1,False
8.488467913734372,0.03770015396362388,0.47385526688252866,0.9263028942176686,0.1,False
8.494059793514094,0.03770020493136481,0.47384297281678683,0.9263010307412882,0.1,False
8.499651673293812,0.03770025650760385,0.4738305319904462,0.9262991449286975,0.1,False
8.50524355307353,0.037700308697609514,0.4738179431330026,0.9262972365840548,0.1,False
8.510835432853252,0.03770036150666895,0.4738052049694932,0.9262953055107642,0.1,False
8.51642731263297,0.037700414940087294,0.4737923162205729,0.9262933515114888,0.1,False
8.522019192412689,0.03770046900318752,0.47377927560257604,0.9262913743881567,0.1,False
8.527611072192409,0.037700523701310384,0.47376608182759383,0.9262893739419712,0.1,False
8.533202951972129,0.037700579039814,0.47375273360354003,0.9262873499734211,0.1,False
8.538794831751849,0.03770063502407343,0.4737392296342241,0.9262853022822891,0.1,False
8.544386711531565,0.03770069165948041,0.4737255686194168,0.9262832306676607,0.1,False
8.549978591311287,0.03770074895144336,0.4737117492549361,0.9262811349279357,0.1,False
8.555570471091006,0.03770080690538645,0.47369777023270887,0.9262790148608373,0.1,False
8.561162350870726,0.0377008655267498,0.47368363024084853,0.9262768702634208,0.1,False
8.566754230650446,0.03770092482098933,0.47366932796374317,0.9262747009320857,0.1,False
8.572346110430164,0.03770098479357576,0.47365486208211643,0.926272506662585,0.1,False
8.577937990209884,0.037701045449995,0.47364023127311405,0.9262702872500355,0.1,False
8.583529869989603,0.037701106795747,0.473625434210376,0.9262680424889278,0.1,False
8.589121749769323,0.03770116883634629,0.47361046956412595,0.9262657721731384,0.1,False
8.594713629549043,0.03770123157732126,0.4735953360012415,0.9262634760959385,0.1,False
8.600305509328761,0.03770129502421365,0.4735800321853407,0.9262611540500064,0.1,False
8.605897389108483,0.037701359182578574,0.47356455677686976,0.9262588058274377,0.1,False
8.611489268888201,0.03770142405798392,0.47354890843316666,0.9262564312197556,0.1,False
8.61708114866792,0.03770148965600997,0.47353308580857334,0.9262540300179252,0.1,False
8.622673028447641,0.037701555982249266,0.4735170875544992,0.9262516020123606,0.1,False
8.62826490822736,0.0377016230423064,0.4735009123195103,0.9262491469929387,0.1,False
8.63385678800708,0.03770169084179664,0.47348455874941986,0.9262466647490112,0.1,False
8.639448667786796,0.03770175938634715,0.47346802548737615,0.9262441550694144,0.1,False
8.645040547566518,0.03770182868159535,0.47345131117394545,0.9262416177424824,0.1,False
8.650632427346236,0.03770189873318915,0.4734344144472045,0.9262390525560583,0.1,False
8.656224307125957,0.037701969546786264,0.4734173339428284,0.9262364592975066,0.1,False
8.661816186905677,0.037702041128054184,0.4734000682941819,0.9262338377537247,0.1,False
8.667408066685395,0.03770211348266961,0.4733826161324104,0.9262311877111556,0.1,False
8.672999946465115,0.03770218661631791,0.47336497608652567,0.9262285089557992,0.1,False
8.678591826244835,0.03770226053469323,0.4733471467835125,0.9262258012732263,0.1,False
8.684183706024553,0.03770233524349727,0.47332912684840917,0.9262230644485903,0.1,False
8.689775585804274,0.037702410748439885,0.4733109149044053,0.9262202982666388,0.1,False
8.695367465583992,0.03770248705523814,0.47329250957293273,0.926217502511727,0.1,False
8.700959345363714,0.03770256416961581,0.47327390947377096,0.9262146769678312,0.1,False
8.706551225143432,0.037702642097303084,0.4732551132251305,0.9262118214185606,0.1,False
8.71214310492315,0.03770272084403652,0.47323611944375615,0.9262089356471706,0.1,False
8.717734984702872,0.037702800415558256,0.4732169267450274,0.9262060194365759,0.1,False
8.72332686448259,0.03770288081761595,0.47319753374305223,0.9262030725693632,0.1,False
8.728918744262309,0.03770296205596157,0.47317793905075833,0.9262000948278047,0.1,False
8.734510624042029,0.037703044136352025,0.4731581412800033,0.9261970859938717,0.1,False
8.740102503821749,0.03770312706454806,0.47313813904167057,0.9261940458492472,0.1,False
8.745694383601467,0.037703210846314075,0.47311793094576476,0.9261909741753396,0.1,False
8.75128626338119,0.03770329548741797,0.4730975156015224,0.9261878707532962,0.1,False
8.756878143160908,0.037703380993630055,0.47307689161750466,0.9261847353640178,0.1,False
8.762470022940626,0.0377034673707232,0.47305605760169744,0.92618156778817,0.1,False
8.768061902720346,0.03770355462447234,0.4730350121616187,0.926178367806198,0.1,False
8.773653782500066,0.0377036427606538,0.47301375390442757,0.9261751351983433,0.1,False
8.779245662279784,0.03770373178504497,0.4729922814370153,0.9261718697446525,0.1,False
8.784837542059504,0.037703821703424185,0.47297059336611036,0.926168571224994,0.1,False
8.790429421839224,0.037703912521569564,0.4729486882983853,0.926165239419072,0.1,False
8.796021301618945,0.037704004245259305,0.47292656484056894,0.9261618741064405,0.1,False
8.801613181398663,0.03770409688027113,0.472904221599537,0.9261584750665158,0.1,False
8.807205061178381,0.037704190432381456,0.4728816571824264,0.926155042078593,0.1,False
8.812796940958103,0.03770428490736535,0.4728588701967388,0.9261515749218578,0.1,False
8.818388820737821,0.03770438031099575,0.47283585925044747,0.9261480733754032,0.1,False
8.82398070051754,0.03770447664904341,0.47281262295210125,0.926144537218242,0.1,False
8.82957258029726,0.03770457392727612,0.4727891599109307,0.926140966229321,0.1,False
8.83516446007698,0.03770467215145846,0.4727654687369622,0.9261373601875373,0.1,False
8.840756339856698,0.037704771327351304,0.4727415480411177,0.926133718871751,0.1,False
8.846348219636418,0.037704871460711456,0.4727173964353275,0.9261300420608001,0.1,False
8.851940099416138,0.037704972557290974,0.47269301253263485,0.9261263295335153,0.1,False
8.857531979195857,0.03770507462283698,0.4726683949473,0.9261225810687336,0.1,False
8.863123858975579,0.037705177663090936,0.4726435422949166,0.9261187964453141,0.1,False
8.868715738755297,0.037705281683788464,0.4726184531925169,0.9261149754421522,0.1,False
8.874307618535015,0.03770538669065889,0.47259312625868144,0.9261111178381934,0.1,False
8.879899498314735,0.037705492689424185,0.47256756011364226,0.9261072234124498,0.1,False
8.885491378094455,0.03770559968579965,0.4725417533794037,0.9261032919440126,0.1,False
8.891083257874175,0.03770570768549263,0.4725157046798398,0.926099323212068,0.1,False
8.896675137653894,0.03770581669420202,0.47248941264080996,0.9260953169959121,0.1,False
8.902267017433614,0.037705926717618236,0.4724628758902653,0.9260912730749649,0.1,False
8.907858897213334,0.0377060377614225,0.4724360930583605,0.9260871912287855,0.1,False
8.913450776993052,0.03770614983128656,0.4724090627775622,0.9260830712370868,0.1,False
8.919042656772772,0.037706262932872006,0.4723817836827604,0.9260789128797505,0.1,False
8.92463453655249,0.0377063770718302,0.47235425441137974,0.9260747159368418,0.1,False
8.93022641633221,0.03770649225380111,0.4723264736034782,0.9260704801886229,0.1,False
8.935818296111929,0.0377066084844137,0.47229843990187154,0.9260662054155704,0.1,False
8.941410175891649,0.03770672576928499,0.472270151952233,0.9260618913983871,0.1,False
8.94700205567137,0.03770684411401959,0.4722416084032071,0.9260575379180198,0.1,False
8.952593935451088,0.03770696352420938,0.47221280790651976,0.9260531447556712,0.1,False
8.95818581523081,0.03770708400543306,0.4721837491170863,0.9260487116928172,0.1,False
8.963777695010528,0.03770720556325567,0.47215443069311547,0.9260442385112192,0.1,False
8.969369574790246,0.037707328203228176,0.472124851296237,0.9260397249929421,0.1,False
8.974961454569968,0.0377074519308868,0.4720950095915857,0.9260351709203652,0.1,False
8.980553334349686,0.03770757675175287,0.4720649042479267,0.9260305760761994,0.1,False
8.986145214129404,0.03770770267133235,0.4720345339377619,0.9260259402435015,0.1,False
8.991737093909125,0.03770782969511484,0.47200389733744,0.9260212632056894,0.1,False
8.997328973688845,0.037707957828574105,0.47197299312725655,0.9260165447465548,0.1,False
9.002920853468565,0.037708087077166684,0.47194181999157386,0.9260117846502801,0.1,False
9.008512733248281,0.037708217446332265,0.47191037661892227,0.9260069827014517,0.1,False
9.014104613028003,0.03770834894149208,0.47187866170210624,0.9260021386850752,0.1,False
9.019696492807721,0.037708481568049804,0.47184667393832075,0.92599725238659,0.1,False
9.025288372587442,0.03770861533139032,0.4718144120292454,0.9259923235918825,0.1,False
9.030880252367162,0.03770875023687957,0.47178187468116195,0.9259873520873018,0.1,False
9.03647213214688,0.037708886289863866,0.4717490606050599,0.9259823376596746,0.1,False
9.0420640119266,0.03770902349566937,0.47171596851673864,0.9259772800963191,0.1,False
9.047655891706318,0.03770916185960221,0.4716825971369144,0.9259721791850581,0.1,False
9.05324777148604,0.037709301386947634,0.47164894519133305,0.9259670347142357,0.1,False
9.058839651265759,0.037709442082969474,0.47161501141086043,0.9259618464727292,0.1,False
9.064431531045477,0.03770958395290997,0.47158079453160295,0.9259566142499652,0.1,False
9.070023410825199,0.03770972700198922,0.47154629329500386,0.9259513378359331,0.1,False
9.075615290604917,0.03770987123540476,0.4715115064479436,0.9259460170211982,0.1,False
9.081207170384635,0.03771001665833124,0.4714764327428549,0.9259406515969169,0.1,False
9.086799050164357,0.03771016327591948,0.4714410709378111,0.9259352413548513,0.1,False
9.092390929944075,0.03771031109329712,0.47140541979664774,0.9259297860873819,0.1,False
9.097982809723796,0.03771046011556707,0.4713694780890437,0.9259242855875212,0.1,False
9.103574689503512,0.03771061034780764,0.4713332445906395,0.9259187396489296,0.1,False
9.109166569283234,0.03771076179507212,0.4712967180831256,0.9259131480659262,0.1,False
9.114758449062952,0.03771091446238816,0.4712598973543483,0.9259075106335045,0.1,False
9.120350328842672,0.03771106835475766,0.4712227811984121,0.9259018271473454,0.1,False
9.125942208622392,0.03771122347715625,0.47118536841578185,0.9258960974038317,0.1,False
9.13153408840211,0.03771137983453221,0.4711476578133691,0.9258903212000607,0.1,False
9.13712596818183,0.03771153743180735,0.4711096482046376,0.9258844983338559,0.1,False
9.142717847961551,0.03771169627387572,0.4710713384097058,0.9258786286037837,0.1,False
9.14830972774127,0.03771185636560298,0.4710327272554302,0.9258727118091645,0.1,False
9.15390160752099,0.03771201771182713,0.47099381357552045,0.925866747750086,0.1,False
9.159493487300708,0.03771218031735691,0.4709545962106104,0.9258607362274162,0.1,False
9.16508536708043,0.03771234418697208,0.47091507400837884,0.9258546770428177,0.1,False
9.170677246860148,0.03771250932542277,0.4708752458236228,0.925848569998759,0.1,False
9.176269126639866,0.037712675737429376,0.4708351105183656,0.9258424148985278,0.1,False
9.181861006419588,0.03771284342768164,0.47079466696193145,0.9258362115462436,0.1,False
9.187452886199306,0.03771301240083891,0.47075391403106065,0.9258299597468709,0.1,False
9.193044765979026,0.037713182661529364,0.4707128506099837,0.9258236593062309,0.1,False
9.198636645758745,0.037713354214349654,0.4706714755905091,0.9258173100310138,0.1,False
9.204228525538465,0.03771352706386475,0.47062978787213644,0.9258109117287935,0.1,False
9.209820405318183,0.03771370121460745,0.47058778636211834,0.9258044642080362,0.1,False
9.215412285097903,0.03771387667107784,0.47054546997555763,0.9257979672781145,0.1,False
9.221004164877623,0.0377140534377431,0.47050283763549916,0.9257914207493195,0.1,False
9.226596044657342,0.03771423151903729,0.4704598882730103,0.9257848244328726,0.1,False
9.232187924437062,0.03771441091936077,0.4704166208272724,0.9257781781409364,0.1,False
9.237779804216782,0.037714591643079935,0.4703730342456532,0.9257714816866272,0.1,False
9.2433716839965,0.03771477369452683,0.47032912748380673,0.925764734884027,0.1,False
9.24896356377622,0.037714957077998906,0.47028489950574026,0.9257579375481931,0.1,False
9.25455544355594,0.03771514179775847,0.47024034928390934,0.9257510894951725,0.1,False
9.26014732333566,0.03771532785803271,0.470195475799288,0.9257441905420098,0.1,False
9.265739203115379,0.03771551526301309,0.47015027804145765,0.9257372405067607,0.1,False
9.271331082895097,0.037715704016854965,0.4701047550086726,0.9257302392085014,0.1,False
9.276922962674819,0.037715894123677235,0.4700589057079602,0.9257231864673421,0.1,False
9.282514842454537,0.03771608558756251,0.4700127291551744,0.925716082104434,0.1,False
9.288106722234255,0.03771627841255617,0.46996622437508756,0.9257089259419832,0.1,False
9.293698602013976,0.03771647260266656,0.46991939040145736,0.925701717803259,0.1,False
9.299290481793696,0.03771666816186413,0.4698722262771027,0.9256944575126057,0.1,False
9.304882361573414,0.03771686509408202,0.4698247310539839,0.9256871448954525,0.1,False
9.310474241353136,0.03771706340321443,0.469776903793262,0.9256797797783234,0.1,False
9.316066121132854,0.03771726309311757,0.4697287435653765,0.9256723619888473,0.1,False
9.321658000912572,0.03771746416760888,0.4696802494501232,0.9256648913557682,0.1,False
9.327249880692294,0.03771766663046665,0.46963142053670676,0.9256573677089547,0.1,False
9.332841760472013,0.037717870485429905,0.46958225592381847,0.9256497908794089,0.1,False
9.338433640251731,0.03771807573619791,0.4695327547197048,0.9256421606992777,0.1,False
9.344025520031451,0.0377182823864302,0.46948291604222775,0.9256344770018606,0.1,False
9.349617399811171,0.03771849043974624,0.46943273901893706,0.9256267396216199,0.1,False
9.355209279590891,0.03771869989972494,0.46938222278712155,0.9256189483941886,0.1,False
9.36080115937061,0.03771891076990448,0.46933136649388485,0.9256111031563808,0.1,False
9.36639303915033,0.03771912305378228,0.46928016929619576,0.9256032037461998,0.1,False
9.37198491893005,0.037719336754814446,0.46922863036095913,0.9255952500028461,0.1,False
9.377576798709768,0.03771955187641564,0.46917674886506605,0.9255872417667282,0.1,False
9.383168678489486,0.037719768421959,0.4691245239954556,0.9255791788794682,0.1,False
9.388760558269206,0.03771998639477557,0.4690719549491729,0.9255710611839113,0.1,False
9.394352438048927,0.037720205798154514,0.4690190409334257,0.925562888524135,0.1,False
9.399944317828645,0.037720426635342495,0.468965781165634,0.9255546607454551,0.1,False
9.405536197608365,0.03772064890954362,0.468912174873492,0.9255463776944357,0.1,False
9.411128077388085,0.03772087262391909,0.4688582212950065,0.9255380392188944,0.1,False
9.416719957167803,0.03772109778158734,0.468803919678567,0.9255296451679119,0.1,False
9.422311836947525,0.03772132438562326,0.4687492692829803,0.9255211953918389,0.1,False
9.427903716727243,0.03772155243905879,0.46869426937752906,0.925512689742303,0.1,False
9.433495596506962,0.037721781944881565,0.46863891924201423,0.9255041280722166,0.1,False
9.439087476286684,0.03772201290603579,0.4685832181667959,0.9254955102357821,0.1,False
9.444679356066402,0.03772224532542193,0.4685271654528599,0.925486836088501,0.1,False
9.450271235846122,0.03772247920589582,0.46847076041183894,0.9254781054871792,0.1,False
9.45586311562584,0.037722714550269286,0.4684140023660668,0.9254693182899338,0.1,False
9.46145499540556,0.03772295136130912,0.46835689064861996,0.9254604743562005,0.1,False
9.46704687518528,0.037723189641737875,0.46829942460335716,0.925451573546738,0.1,False
9.472638754964999,0.03772342939423309,0.4682416035849557,0.925442615723635,0.1,False
9.478230634744719,0.037723670621427216,0.46818342695895837,0.9254336007503173,0.1,False
9.483822514524437,0.03772391332590747,0.468124894101796,0.9254245284915513,0.1,False
9.489414394304157,0.03772415751021575,0.46806600440083945,0.9254153988134517,0.1,False
9.495006274083877,0.03772440317684873,0.46800675725442475,0.9254062115834855,0.1,False
9.500598153863596,0.03772465032825716,0.4679471520718908,0.9253969666704791,0.1,False
9.506190033643316,0.0377248989668461,0.467887188273608,0.9253876639446216,0.1,False
9.511781913423034,0.0377251490949748,0.4678268652910145,0.9253783032774713,0.1,False
9.517373793202756,0.03772540071495655,0.4677661825666401,0.9253688845419595,0.1,False
9.522965672982474,0.03772565382905829,0.4677051395541386,0.9253594076123963,0.1,False
9.528557552762193,0.03772590843950096,0.46764373571832,0.9253498723644755,0.1,False
9.534149432541914,0.03772616454845885,0.46758197053516515,0.9253402786752769,0.1,False
9.539741312321633,0.037726422158060074,0.4675198434918633,0.9253306264232737,0.1,False
9.545333192101351,0.03772668127038619,0.4674573540868264,0.9253209154883332,0.1,False
9.550925071881073,0.03772694188747206,0.46739450182971715,0.9253111457517236,0.1,False
9.556516951660791,0.037727204011305436,0.4673312862414686,0.9253013170961177,0.1,False
9.562108831440511,0.03772746764382774,0.4672677068543063,0.925291429405595,0.1,False
9.56770071122023,0.03772773278693338,0.4672037632117668,0.9252814825656458,0.1,False
9.57329259099995,0.03772799944246972,0.46713945486871467,0.9252714764631761,0.1,False
9.578884470779668,0.03772826761223685,0.4670747813913589,0.925261410986509,0.1,False
9.584476350559388,0.037728537297988245,0.4670097423572658,0.9252512860253882,0.1,False
9.590068230339108,0.03772880850142981,0.466944337355392,0.9252411014709833,0.1,False
9.595660110118827,0.03772908122422035,0.46687856598606703,0.9252308572158888,0.1,False
9.601251989898547,0.037729355467971334,0.46681242786102933,0.9252205531541302,0.1,False
9.606843869678267,0.03772963123424709,0.46674592260342185,0.9252101891811634,0.1,False
9.612435749457987,0.03772990852456427,0.4666790498478157,0.9251997651938804,0.1,False
9.618027629237705,0.03773018734039236,0.46661180924020956,0.925189281090609,0.1,False
9.623619509017423,0.03773046768315334,0.46654420043803957,0.9251787367711171,0.1,False
9.629211388797145,0.037730749554221656,0.4664762231101873,0.9251681321366126,0.1,False
9.634803268576864,0.03773103295492442,0.46640787693698216,0.9251574670897463,0.1,False
9.640395148356582,0.03773131788654127,0.46633916161020095,0.9251467415346128,0.1,False
9.645987028136304,0.037731604350304274,0.46627007683308475,0.9251359553767539,0.1,False
9.651578907916022,0.037731892347397884,0.46620062232032344,0.9251251085231575,0.1,False
9.657170787695742,0.03773218187895907,0.4661307977980682,0.9251142008822614,0.1,False
9.66276266747546,0.03773247294607739,0.4660606030039229,0.9251032323639514,0.1,False
9.66835454725518,0.0377327655497949,0.46599003768695374,0.9250922028795655,0.1,False
9.673946427034899,0.03773305969110599,0.46591910160767064,0.9250811123418926,0.1,False
9.679538306814619,0.03773335537095806,0.46584779453803454,0.9250699606651733,0.1,False
9.685130186594339,0.03773365259025015,0.4657761162614534,0.9250587477651031,0.1,False
9.690722066374057,0.03773395134983457,0.4657040665727648,0.9250474735588287,0.1,False
9.696313946153778,0.03773425165051618,0.4656316452782368,0.9250361379649501,0.1,False
9.701905825933498,0.03773455349305235,0.4655588521955626,0.9250247409035228,0.1,False
9.707497705713218,0.037734856878153165,0.46548568715384264,0.9250132822960545,0.1,False
9.713089585492936,0.03773516180648133,0.46541214999357894,0.9250017620655073,0.1,False
9.718681465272656,0.03773546827865236,0.46533824056665846,0.9249901801362959,0.1,False
9.724273345052376,0.03773577629523468,0.46526395873635035,0.9249785364342884,0.1,False
9.729865224832094,0.03773608585674952,0.465189304377283,0.9249668308868055,0.1,False
9.735457104611813,0.03773639696367106,0.46511427737542993,0.924955063422619,0.1,False
9.741048984391535,0.03773670961642651,0.4650388776280986,0.9249432339719525,0.1,False
9.746640864171253,0.03773702381539605,0.4649631050439073,0.9249313424664787,0.1,False
9.752232743950973,0.03773733956091326,0.46488695954277875,0.9249193888393208,0.1,False
9.757824623730691,0.03773765685326468,0.4648104410559057,0.9249073730250487,0.1,False
9.763416503510411,0.037737975692690225,0.46473354952573964,0.9248952949596794,0.1,False
9.76900838329013,0.03773829607938328,0.46465628490596816,0.9248831545806749,0.1,False
9.774600263069852,0.03773861801349067,0.46457864716149383,0.9248709518269409,0.1,False
9.78019214284957,0.037738941495112845,0.46450063626841065,0.9248586866388256,0.1,False
9.785784022629288,0.037739266524303865,0.4644222522139769,0.9248463589581165,0.1,False
9.791375902409008,0.037739593101071674,0.46434349499659316,0.9248339687280392,0.1,False
9.796967782188728,0.03773992122537811,0.46426436462578535,0.924821515893258,0.1,False
9.802559661968447,0.03774025089713894,0.4641848611221588,0.9248090003998687,0.1,False
9.808151541748167,0.037740582116224074,0.4641049845173836,0.9247964221953999,0.1,False
9.813743421527887,0.03774091488245773,0.46402473485416135,0.9247837812288102,0.1,False
9.819335301307607,0.03774124919561826,0.4639441121861972,0.9247710774504846,0.1,False
9.824927181087325,0.03774158505543885,0.4638631165781703,0.9247583108122326,0.1,False
9.830519060867045,0.037741922461607215,0.4637817481057,0.9247454812672854,0.1,False
9.836110940646765,0.037742261413765715,0.463700006855311,0.924732588770293,0.1,False
9.841702820426484,0.03774260191151162,0.4636178929244079,0.9247196332773215,0.1,False
9.847294700206206,0.0377429439543972,0.4635354064212338,0.9247066147458498,0.1,False
9.852886579985922,0.03774328754193012,0.4634525474648381,0.9246935331347667,0.1,False
9.858478459765642,0.03774363267357307,0.4633693161850382,0.9246803884043667,0.1,False
9.86407033954536,0.037743979348744496,0.4632857127223856,0.9246671805163473,0.1,False
9.869662219325082,0.037744327566818316,0.46320173722813346,0.9246539094338073,0.1,False
9.8752540991048,0.03774467732712436,0.46311738986418394,0.9246405751212389,0.1,False
9.880845978884519,0.03774502862894826,0.46303267080305943,0.9246271775445284,0.1,False
9.886437858664241,0.037745381471531905,0.4629475802278588,0.9246137166709492,0.1,False
9.89202973844396,0.03774573585407349,0.4628621183322257,0.9246001924691606,0.1,False
9.897621618223678,0.037746091775727776,0.46277628532029197,0.9245866049092014,0.1,False
9.903213498003398,0.037746449235605654,0.46269008140664275,0.9245729539624881,0.1,False
9.908805377783118,0.037746808232775465,0.4626035068162736,0.9245592396018075,0.1,False
9.914397257562838,0.0377471687662623,0.4625165617845466,0.9245454618013158,0.1,False
9.919989137342556,0.03774753083504836,0.46242924655714546,0.9245316205365326,0.1,False
9.925581017122276,0.03774789443807337,0.4623415613900296,0.9245177157843365,0.1,False
9.931172896901996,0.03774825957423455,0.4622535065493845,0.9245037475229603,0.1,False
9.936764776681715,0.037748626242387076,0.46216508231158737,0.9244897157319873,0.1,False
9.942356656461435,0.037748994441343775,0.46207628896313957,0.9244756203923453,0.1,False
9.947948536241153,0.03774936416987558,0.461987126800636,0.9244614614863035,0.1,False
9.953540416020873,0.03774973542671228,0.46189759613071046,0.9244472389974651,0.1,False
9.959132295800591,0.03775010821054183,0.4618076972699828,0.9244329529107648,0.1,False
9.964724175580312,0.03775048252001099,0.4617174305450084,0.9244186032124615,0.1,False
9.970316055360032,0.03775085835372567,0.4616267962922358,0.9244041898901354,0.1,False
9.97590793513975,0.03775123571025095,0.46153579485794627,0.9243897129326805,0.1,False
9.981499814919472,0.03775161458811125,0.461444426598205,0.9243751723303008,0.1,False
9.98709169469919,0.037751994985790654,0.46135269187880934,0.9243605680745045,0.1,False
9.992683574478908,0.03775237690173302,0.46126059107523104,0.9243459001580981,0.1,False
9.99827545425863,0.03775276033434244,0.4611681245725677,0.9243311685751812,0.1,False
10.003867334038349,0.0377531452819831,0.46107529276548603,0.9243163733211408,0.1,False
10.009459213818069,0.037753531742980184,0.4609820960581676,0.9243015143926453,0.1,False
10.015051093597789,0.037753919715619304,0.4608885348642557,0.9242865917876399,0.1,False
10.020642973377507,0.037754309198146985,0.460794609606785,0.9242716055053383,0.1,False
10.026234853157227,0.03775470018877112,0.4607003207181463,0.9242565555462194,0.1,False
10.031826732936945,0.03775509268566095,0.46060566864001123,0.9242414419120198,0.1,False
10.037418612716666,0.03775548668694771,0.4605106538232864,0.9242262646057278,0.1,False
10.043010492496384,0.03775588219072438,0.46041527672805227,0.9242110236315784,0.1,False
10.048602372276104,0.037756279195046184,0.4603195378234983,0.9241957189950452,0.1,False
10.054194252055824,0.03775667769793073,0.46022343758787193,0.9241803507028362,0.1,False
10.059786131835542,0.037757077697358504,0.4601269765084098,0.9241649187628852,0.1,False
10.065378011615262,0.03775747919127276,0.4600301550812867,0.9241494231843473,0.1,False
10.07096989139498,0.03775788217757991,0.45993297381155257,0.9241338639775926,0.1,False
10.076561771174703,0.03775828665415005,0.4598354332130673,0.9241182411541974,0.1,False
10.082153650954421,0.037758692618816515,0.45973753380844246,0.9241025547269405,0.1,False
10.08774553073414,0.0377591000693771,0.4596392761289752,0.9240868047097935,0.1,False
10.093337410513861,0.03775950900359372,0.4595406607146004,0.9240709911179179,0.1,False
10.09892929029358,0.037759919419192454,0.4594416881138084,0.924055113967655,0.1,False
10.1045211700733,0.03776033131386438,0.4593423588835933,0.924039173276521,0.1,False
10.11011304985302,0.03776074468526554,0.45924267358938803,0.924023169063199,0.1,False
10.115704929632738,0.03776115953101718,0.45914263280500256,0.9240071013475339,0.1,False
10.121296809412458,0.03776157584870608,0.4590422371125495,0.9239909701505229,0.1,False
10.126888689192178,0.037761993635884956,0.45894148710238947,0.9239747754943101,0.1,False
10.132480568971896,0.0377624128900725,0.4588403833730692,0.9239585174021799,0.1,False
10.138072448751615,0.03776283360875354,0.4587389265312483,0.9239421958985496,0.1,False
10.143664328531335,0.03776325578937978,0.45863711719163514,0.9239258110089614,0.1,False
10.149256208311055,0.03776367942936974,0.45853495597692423,0.9239093627600757,0.1,False
10.154848088090773,0.03776410452610901,0.4584324435177283,0.9238928511796647,0.1,False
10.160439967870493,0.0377645310769506,0.4583295804525149,0.9238762762966043,0.1,False
10.166031847650213,0.037764959079215385,0.4582263674275348,0.9238596381408669,0.1,False
10.171623727429933,0.03776538853019196,0.45812280509675785,0.9238429367435145,0.1,False
10.177215607209652,0.03776581942713741,0.4580188941218062,0.9238261721366906,0.1,False
10.182807486989372,0.03776625176727746,0.45791463517189185,0.9238093443536141,0.1,False
10.188399366769092,0.03776668554780627,0.4578100289237395,0.9237924534285706,0.1,False
10.19399124654881,0.037767120765887285,0.4577050760615233,0.923775499396906,0.1,False
10.199583126328529,0.03776755741865338,0.4575997772768037,0.9237584822950181,0.1,False
10.20517500610825,0.037767995503207016,0.4574941332684482,0.9237414021603492,0.1,False
10.210766885887969,0.037768435016620715,0.45738814474258144,0.9237242590313801,0.1,False
10.216358765667689,0.03776887595593685,0.4572818124124933,0.9237070529476201,0.1,False
10.221950645447407,0.03776931831816905,0.45717513699859247,0.9236897839496012,0.1,False
10.227542525227127,0.037769762100300995,0.45706811922832213,0.9236724520788699,0.1,False
10.233134405006846,0.03777020729928777,0.4569607598360939,0.9236550573779788,0.1,False
10.238726284786567,0.037770653912055786,0.45685305956322764,0.9236375998904808,0.1,False
10.244318164566286,0.037771101935503267,0.45674501915787963,0.9236200796609203,0.1,False
10.249910044346004,0.03777155136649997,0.4566366393749604,0.9236024967348251,0.1,False
10.255501924125724,0.03777200220188821,0.4565279209760788,0.9235848511586986,0.1,False
10.261093803905444,0.03777245443848278,0.45641886472947085,0.9235671429800134,0.1,False
10.266685683685164,0.03777290807307108,0.45630947140992734,0.9235493722472026,0.1,False
10.272277563464883,0.03777336310241397,0.4561997417987263,0.9235315390096519,0.1,False
10.277869443244603,0.03777381952324538,0.4560896766835626,0.9235136433176924,0.1,False
10.283461323024323,0.03777427733227298,0.4559792768584732,0.9234956852225917,0.1,False
10.289053202804041,0.037774736526178465,0.4558685431237768,0.9234776647765474,0.1,False
10.294645082583761,0.03777519710161779,0.4557574762859954,0.9234595820326779,0.1,False
10.300236962363481,0.037775659055221324,0.45564607715779243,0.9234414370450164,0.1,False
10.3058288421432,0.03777612238359432,0.45553434655789676,0.9234232298685014,0.1,False
10.31142072192292,0.03777658708331734,0.45542228531103585,0.9234049605589694,0.1,False
10.317012601702638,0.03777705315094599,0.45530989424786555,0.9233866291731473,0.1,False
10.322604481482358,0.037777520583011925,0.45519717420489797,0.9233682357686437,0.1,False
10.328196361262076,0.03777798937602263,0.4550841260244344,0.9233497804039422,0.1,False
10.333788241041798,0.03777845952646175,0.4549707505544906,0.923331263138392,0.1,False
10.339380120821517,0.03777893103078971,0.45485704864873566,0.9233126840322015,0.1,False
10.344972000601235,0.03777940388544374,0.4547430211664203,0.9232940431464304,0.1,False
10.350563880380957,0.0377798780868381,0.45462866897229154,0.9232753405429793,0.1,False
10.356155760160675,0.03778035363136447,0.4545139929365443,0.9232565762845849,0.1,False
10.361747639940393,0.037780830515392654,0.4543989939347467,0.9232377504348107,0.1,False
10.367339519720113,0.03778130873526987,0.4542836728477599,0.9232188630580396,0.1,False
10.372931399499834,0.037781788287322024,0.4541680305616752,0.9231999142194642,0.1,False
10.378523279279554,0.037782269167853544,0.4540520679677506,0.923180903985082,0.1,False
10.384115159059272,0.03778275137314763,0.4539357859623315,0.9231618324216847,0.1,False
10.389707038838992,0.037783234899466785,0.45381918544678973,0.9231426995968522,0.1,False
10.395298918618712,0.037783719743053,0.4537022673274442,0.9231235055789425,0.1,False
10.40089079839843,0.03778420590012785,0.4535850325155063,0.923104250437087,0.1,False
10.406482678178152,0.03778469336689276,0.45346748192699177,0.9230849342411794,0.1,False
10.412074557957869,0.03778518213952981,0.4533496164826772,0.9230655570618707,0.1,False
10.417666437737589,0.03778567221420158,0.45323143710800157,0.9230461189705574,0.1,False
10.423258317517307,0.03778616358705155,0.4531129447330243,0.9230266200393784,0.1,False
10.42885019729703,0.03778665625420421,0.45299414029234536,0.9230070603412043,0.1,False
10.434442077076747,0.03778715021176562,0.4528750247250358,0.92298743994963,0.1,False
10.440033956856466,0.03778764545582335,0.45275559897456574,0.9229677589389662,0.1,False
10.445625836636188,0.03778814198244726,0.4526358639887508,0.9229480173842336,0.1,False
10.451217716415906,0.0377886397876895,0.45251582071967084,0.9229282153611527,0.1,False
10.456809596195624,0.037789138867584705,0.4523954701236132,0.9229083529461382,0.1,False
10.462401475975346,0.03778963921815012,0.4522748131609896,0.922888430216289,0.1,False
10.467993355755064,0.03779014083538656,0.4521538507962882,0.9228684472493827,0.1,False
10.473585235534784,0.03779064371527768,0.4520325839979891,0.9228484041238657,0.1,False
10.479177115314503,0.037791147853791424,0.45191101373851555,0.9228283009188476,0.1,False
10.484768995094223,0.03779165324687934,0.4517891409941482,0.922808137714091,0.1,False
10.490360874873941,0.03779215989047725,0.4516669667449697,0.9227879145900059,0.1,False
10.49595275465366,0.03779266778050559,0.4515444919748066,0.9227676316276421,0.1,False
10.501544634433381,0.037793176912869396,0.45142171767114037,0.9227472889086794,0.1,False
10.5071365142131,0.03779368728345891,0.45129864482505627,0.9227268865154206,0.1,False
10.51272839399282,0.037794198888149465,0.45117527443118316,0.9227064245307864,0.1,False
10.51832027377254,0.03779471172280253,0.45105160748762,0.9226859030383046,0.1,False
10.52391215355226,0.03779522578326473,0.4509276449958691,0.9226653221221044,0.1,False
10.529504033331978,0.03779574106536956,0.4508033879607785,0.9226446818669076,0.1,False
10.5350959131117,0.0377962575649363,0.45067883739047154,0.9226239823580225,0.1,False
10.540687792891417,0.037796775277771186,0.4505539942962868,0.9226032236813352,0.1,False
10.546279672671137,0.03779729419966721,0.45042885969270124,0.9225824059233013,0.1,False
10.551871552450855,0.03779781432640473,0.45030343459729244,0.9225615291709416,0.1,False
10.557463432230577,0.03779833565375153,0.4501777200306514,0.922540593511831,0.1,False
10.563055312010295,0.03779885817746315,0.4500517170163304,0.9225195990340938,0.1,False
10.568647191790015,0.03779938189328295,0.4499254265807744,0.9224985458263939,0.1,False
10.574239071569735,0.03779990679694274,0.44979884975326545,0.92247743397793,0.1,False
10.579830951349456,0.03780043288416275,0.4496719875658513,0.9224562635784257,0.1,False
10.585422831129172,0.037800960150652,0.4495448410532908,0.9224350347181237,0.1,False
10.59101471090889,0.037801488592108426,0.4494174112529937,0.9224137474877794,0.1,False
10.596606590688612,0.03780201820421929,0.44928969920494677,0.9223924019786506,0.1,False
10.60219847046833,0.03780254898266133,0.44916170595166627,0.9223709982824932,0.1,False
10.60779035024805,0.03780308092310116,0.4490334325381294,0.9223495364915524,0.1,False
10.61338223002777,0.03780361402119557,0.44890488001172046,0.922328016698556,0.1,False
10.61897410980749,0.03780414827259133,0.4487760494221622,0.9223064389967078,0.1,False
10.624565989587209,0.03780468367292578,0.4486469418214601,0.922284803479679,0.1,False
10.63015786936693,0.037805220217827167,0.4485175582638404,0.922263110241602,0.1,False
10.635749749146648,0.03780575790291455,0.44838789980569616,0.9222413593770641,0.1,False
10.641341628926368,0.03780629672379865,0.44825796750552876,0.9222195509810993,0.1,False
10.646933508706086,0.037806836676081264,0.4481277624238762,0.9221976851491813,0.1,False
10.652525388485808,0.037807377755356045,0.44799728562326885,0.9221757619772171,0.1,False
10.658117268265526,0.03780791995720903,0.4478665381681688,0.9221537815615397,0.1,False
10.663709148045246,0.03780846327721791,0.44773552112490345,0.9221317439989012,0.1,False
10.669301027824966,0.03780900771095327,0.44760423556162243,0.9221096493864667,0.1,False
10.674892907604686,0.03780955325397799,0.4474726825482268,0.9220874978218063,0.1,False
10.680484787384403,0.03781009990184833,0.4473408631563233,0.922065289402889,0.1,False
10.686076667164123,0.03781064765011351,0.44720877845916157,0.9220430242280755,0.1,False
10.691668546943843,0.037811196494316114,0.4470764295315782,0.9220207023961117,0.1,False
10.697260426723561,0.037811746429992465,0.4469438174499446,0.921998324006122,0.1,False
10.702852306503283,0.03781229745267252,0.4468109432921088,0.9219758891576029,0.1,False
10.708444186283002,0.03781284955788085,0.4466778081373456,0.9219533979504154,0.1,False
10.714036066062722,0.03781340274113571,0.4465444130662899,0.9219308504847792,0.1,False
10.71962794584244,0.037813956997950496,0.44641075916090117,0.9219082468612662,0.1,False
10.72521982562216,0.03781451232383298,0.4462768475043954,0.921885587180794,0.1,False
10.730811705401878,0.03781506871428587,0.44614267918119116,0.9218628715446189,0.1,False
10.736403585181598,0.037815626164807235,0.44600825527686555,0.9218401000543293,0.1,False
10.741995464961319,0.03781618467089065,0.44587357687809454,0.9218172728118397,0.1,False
10.747587344741039,0.03781674422802511,0.4457386450726064,0.9217943899193851,0.1,False
10.753179224520757,0.037817304831695785,0.44560346094912184,0.9217714514795128,0.1,False
10.758771104300479,0.03781786647738359,0.4454680255973091,0.9217484575950775,0.1,False
10.764362984080197,0.03781842916056601,0.4453323401077322,0.921725408369235,0.1,False
10.769954863859914,0.037818992876716875,0.44519640557179446,0.9217023039054348,0.1,False
10.775546743639634,0.03781955762130665,0.4450602230816954,0.9216791443074155,0.1,False
10.781138623419354,0.037820123389803055,0.44492379373037566,0.9216559296791972,0.1,False
10.786730503199074,0.03782069017767035,0.44478711861146475,0.9216326601250763,0.1,False
10.792322382978792,0.037821257980370476,0.44465019881924,0.921609335749619,0.1,False
10.797914262758514,0.037821826793363184,0.4445130354485736,0.9215859566576552,0.1,False
10.803506142538232,0.0378223966121054,0.44437562959488136,0.921562522954273,0.1,False
10.809098022317952,0.037822967432052365,0.4442379823540769,0.921539034744812,0.1,False
10.814689902097673,0.03782353924865723,0.4441000948225221,0.9215154921348582,0.1,False
10.82028178187739,0.03782411205737164,0.443961968096987,0.9214918952302374,0.1,False
10.82587366165711,0.03782468585364561,0.4438236032745899,0.9214682441370096,0.1,False
10.83146554143683,0.03782526063292804,0.4436850014527604,0.9214445389614629,0.1,False
10.83705742121655,0.0378258363906666,0.4435461637291898,0.9214207798101086,0.1,False
10.84264930099627,0.0378264131223081,0.4434070912017867,0.9213969667896745,0.1,False
10.848241180775988,0.03782699082329858,0.44326778496863345,0.9213731000071006,0.1,False
10.85383306055571,0.037827569489083675,0.44312824612792817,0.9213491795695303,0.1,False
10.859424940335428,0.03782814911510858,0.4429884757779565,0.9213252055843084,0.1,False
10.865016820115144,0.03782872969681833,0.4428484750170381,0.9213011781589737,0.1,False
10.870608699894866,0.03782931122965818,0.442708244943488,0.9212770974012537,0.1,False
10.876200579674585,0.03782989370907337,0.44256778665556856,0.9212529634190596,0.1,False
10.881792459454305,0.03783047713050962,0.44242710125144685,0.9212287763204802,0.1,False
10.887384339234023,0.03783106148941315,0.4422861898291507,0.9212045362137763,0.1,False
10.892976219013745,0.03783164678123092,0.44214505348652916,0.9211802432073762,0.1,False
10.898568098793463,0.03783223300141089,0.4420036933212106,0.9211558974098698,0.1,False
10.904159978573183,0.037832820145402214,0.4418621104305599,0.9211314989300033,0.1,False
10.909751858352902,0.03783340820865517,0.4417203059116372,0.9211070478766745,0.1,False
10.915343738132622,0.03783399718662123,0.44157828086115164,0.9210825443589262,0.1,False
10.92093561791234,0.03783458707475386,0.44143603637543233,0.9210579884859431,0.1,False
10.926527497692062,0.03783517786850809,0.441293573550381,0.921033380367045,0.1,False
10.93211937747178,0.0378357695633408,0.44115089348142567,0.9210087201116817,0.1,False
10.9377112572515,0.037836362154711235,0.44100799726349865,0.9209840078294292,0.1,False
10.943303137031219,0.03783695563808071,0.4408648859909797,0.9209592436299837,0.1,False
10.94889501681094,0.037837550008912944,0.4407215607576675,0.9209344276231565,0.1,False
10.954486896590659,0.03783814526267428,0.44057802265674006,0.92090955991887,0.1,False
10.960078776370375,0.037838741394833945,0.44043427278071917,0.9208846406271524,0.1,False
10.965670656150097,0.03783933840086362,0.4402903122214188,0.9208596698581316,0.1,False
10.971262535929815,0.03783993627623846,0.44014614206992997,0.9208346477220328,0.1,False
10.976854415709536,0.03784053501643652,0.44000176341656655,0.9208095743291717,0.1,False
10.982446295489256,0.037841134616939394,0.4398571773508401,0.9207844497899508,0.1,False
10.988038175268976,0.03784173507323214,0.43971238496141657,0.9207592742148544,0.1,False
10.993630055048694,0.03784233638080345,0.43956738733607853,0.9207340477144428,0.1,False
10.999221934828414,0.037842938535145663,0.43942218556169793,0.9207087703993497,0.1,False
11.004813814608132,0.03784354153175534,0.4392767807242043,0.9206834423802776,0.1,False
11.010405694387853,0.03784414536613285,0.439131173908537,0.9206580637679913,0.1,False
11.01599757416757,0.03784475003378273,0.43898536619861567,0.9206326346733144,0.1,False
11.021589453947293,0.03784535553021401,0.4388393586773159,0.9206071552071258,0.1,False
11.027181333727011,0.03784596185094037,0.43869315242642276,0.9205816254803533,0.1,False
11.032773213506731,0.03784656899147993,0.43854674852660935,0.9205560456039713,0.1,False
11.038365093286451,0.037847176947355524,0.438400148057393,0.9205304156889949,0.1,False
11.043956973066171,0.03784778571409493,0.43825335209711624,0.9205047358464774,0.1,False
11.04954885284589,0.03784839528723114,0.43810636172290013,0.920479006187503,0.1,False
11.055140732625606,0.0378490056623021,0.4379591780106254,0.9204532268231863,0.1,False
11.060732612405328,0.03784961683485109,0.43781180203489195,0.9204273978646648,0.1,False
11.066324492185046,0.037850228800426634,0.4376642348689946,0.9204015194230974,0.1,False
11.071916371964766,0.03785084155458328,0.43751647758489,0.9203755916096583,0.1,False
11.077508251744487,0.03785145509288076,0.4373685312531671,0.9203496145355345,0.1,False
11.083100131524207,0.037852069410885016,0.43722039694301873,0.9203235883119203,0.1,False
11.088692011303925,0.03785268450416745,0.43707207572220486,0.9202975130500145,0.1,False
11.094283891083647,0.0378533003683059,0.436923568657036,0.9202713888610158,0.1,False
11.099875770863363,0.03785391699888405,0.4367748768123346,0.9202452158561196,0.1,False
11.105467650643083,0.03785453439149207,0.43662600125141177,0.9202189941465132,0.1,False
11.111059530422802,0.03785515254172641,0.43647694303603474,0.9201927238433721,0.1,False
11.116651410202524,0.03785577144519006,0.4363277032264089,0.9201664050578576,0.1,False
11.122243289982242,0.037856391097492705,0.4361782828811399,0.9201400379011112,0.1,False
11.127835169761962,0.03785701149425051,0.43602868305720804,0.9201136224842514,0.1,False
11.133427049541682,0.03785763263108684,0.4358789048099534,0.9200871589183715,0.1,False
11.139018929321402,0.03785825450363159,0.43572894919302985,0.9200606473145329,0.1,False
11.144610809101119,0.03785887710752191,0.43557881725840103,0.9200340877837654,0.1,False
11.150202688880839,0.037859500438402326,0.4354285100562958,0.9200074804370596,0.1,False
11.155794568660559,0.03786012449192432,0.43527802863519516,0.9199808253853662,0.1,False
11.161386448440277,0.03786074926374677,0.43512737404180557,0.9199541227395924,0.1,False
11.166978328219997,0.03786137474953612,0.43497654732102814,0.9199273726105965,0.1,False
11.172570207999717,0.03786200094496625,0.43482554951594143,0.9199005751091861,0.1,False
11.178162087779437,0.03786262784571891,0.43467438166777667,0.9198737303461146,0.1,False
11.183753967559156,0.037863255447483424,0.4345230448158893,0.9198468384320772,0.1,False
11.189345847338878,0.037863883745956964,0.43437153999774253,0.919819899477708,0.1,False
11.194937727118594,0.03786451273684498,0.43421986824887737,0.9197929135935761,0.1,False
11.200529606898314,0.03786514241586048,0.4340680306028991,0.9197658808901842,0.1,False
11.206121486678034,0.03786577277872502,0.43391602809144686,0.9197388014779629,0.1,False
11.211713366457754,0.03786640382116803,0.4337638617441738,0.9197116754672695,0.1,False
11.217305246237473,0.037867035538927576,0.4336115325887292,0.9196845029683836,0.1,False
11.222897126017195,0.03786766792774993,0.4334590416507368,0.9196572840915054,0.1,False
11.228489005796913,0.03786830098339005,0.43330638995376985,0.9196300189467509,0.1,False
11.234080885576633,0.03786893470161127,0.43315357851932695,0.9196027076441494,0.1,False
11.23967276535635,0.037869569078185665,0.43300060836682547,0.919575350293642,0.1,False
11.24526464513607,0.037870204108894016,0.4328474805135711,0.919547947005077,0.1,False
11.25085652491579,0.03787083978952608,0.43269419597473885,0.919520497888207,0.1,False
11.256448404695508,0.0378714761158802,0.4325407557633567,0.9194930030526874,0.1,False
11.26204028447523,0.0378721130837642,0.4323871608902854,0.9194654626080716,0.1,False
11.267632164254948,0.0378727506889945,0.4322334123642009,0.9194378766638102,0.1,False
11.273224044034668,0.03787338892739688,0.4320795111915696,0.919410245329246,0.1,False
11.278815923814388,0.03787402779480627,0.43192545837664176,0.9193825687136138,0.1,False
11.284407803594107,0.03787466728706695,0.43177125492142404,0.9193548469260355,0.1,False
11.289999683373825,0.03787530740003253,0.43161690182567,0.9193270800755196,0.1,False
11.295591563153545,0.03787594812956604,0.4314624000868499,0.9192992682709551,0.1,False
11.301183442933265,0.03787658947154002,0.43130775070014515,0.9192714116211123,0.1,False
11.306775322712985,0.03787723142183658,0.4311529546584271,0.9192435102346381,0.1,False
11.312367202492704,0.03787787397634746,0.43099801295224704,0.9192155642200557,0.1,False
11.317959082272425,0.03787851713097428,0.43084292656981343,0.9191875736857597,0.1,False
11.323550962052144,0.037879160881628085,0.4306876964969691,0.9191595387400135,0.1,False
11.329142841831864,0.03787980522423005,0.4305323237171924,0.9191314594909494,0.1,False
11.33473472161158,0.03788045015471116,0.4303768092115781,0.919103336046565,0.1,False
11.3403266013913,0.03788109566901235,0.4302211539588105,0.9190751685147193,0.1,False
11.34591848117102,0.03788174176308454,0.43006535893515585,0.9190469570031315,0.1,False
11.351510360950739,0.03788238843288883,0.42990942511445224,0.9190187016193795,0.1,False
11.35710224073046,0.03788303567439655,0.42975335346809057,0.9189904024708956,0.1,False
11.362694120510179,0.037883683483588754,0.4295971449650003,0.9189620596649665,0.1,False
11.368286000289899,0.0378843318564575,0.4294408005716408,0.9189336733087294,0.1,False
11.37387788006962,0.03788498078900449,0.42928432125197985,0.9189052435091704,0.1,False
11.379469759849338,0.0378856302772422,0.429127707967491,0.9188767703731223,0.1,False
11.385061639629056,0.037886280317193204,0.4289709616771278,0.9188482540072623,0.1,False
11.390653519408778,0.03788693090489093,0.4288140833373269,0.9188196945181104,0.1,False
11.396245399188496,0.03788758203637897,0.42865707390198027,0.9187910920120265,0.1,False
11.401837278968216,0.03788823370771177,0.4284999343224311,0.9187624465952081,0.1,False
11.407429158747934,0.037888885914954165,0.42834266554746564,0.9187337583736905,0.1,False
11.413021038527656,0.03788953865418173,0.428185268523291,0.9187050274533417,0.1,False
11.418612918307375,0.0378901919214809,0.42802774419353273,0.9186762539398621,0.1,False
11.424204798087091,0.03789084571294871,0.42787009349922317,0.9186474379387835,0.1,False
11.429796677866813,0.03789150002469307,0.4277123173787867,0.9186185795554651,0.1,False
11.435388557646531,0.03789215485283284,0.42755441676802575,0.9185896788950917,0.1,False
11.440980437426251,0.0378928101934975,0.4273963926001241,0.9185607360626745,0.1,False
11.446572317205971,0.037893466042827596,0.42723824580562225,0.9185317511630466,0.1,False
11.452164196985692,0.03789412239697465,0.4270799773124161,0.9185027243008621,0.1,False
11.45775607676541,0.03789477925210153,0.42692158804574654,0.9184736555805939,0.1,False
11.46334795654513,0.03789543660438161,0.42676307892818605,0.9184445451065331,0.1,False
11.46893983632485,0.03789609444999959,0.42660445087963067,0.9184153929827857,0.1,False
11.474531716104568,0.03789675278515151,0.42644570481729743,0.9183861993132724,0.1,False
11.480123595884287,0.03789741160604431,0.42628684165570363,0.9183569642017253,0.1,False
11.485715475664009,0.037898070908896145,0.4261278623066698,0.9183276877516878,0.1,False
11.491307355443727,0.03789873068993651,0.4259687676793062,0.9182983700665125,0.1,False
11.496899235223447,0.03789939094540607,0.42580955868000453,0.9182690112493588,0.1,False
11.502491115003167,0.03790005167155687,0.4256502362124332,0.9182396114031929,0.1,False
11.508082994782887,0.037900712864652256,0.42549080117752525,0.9182101706307843,0.1,False
11.513674874562605,0.037901374520967125,0.4253312544734743,0.9181806890347054,0.1,False
11.519266754342322,0.03790203663678738,0.4251715969957273,0.9181511667173311,0.1,False
11.524858634122044,0.037902699208410696,0.42501182963697914,0.9181216037808354,0.1,False
11.530450513901762,0.03790336223214601,0.4248519532871605,0.918092000327191,0.1,False
11.536042393681482,0.03790402570431372,0.4246919688334295,0.9180623564581661,0.1,False
11.541634273461202,0.037904689621245845,0.42453187716017976,0.9180326722753268,0.1,False
11.547226153240922,0.03790535397928579,0.424371679149017,0.9180029478800317,0.1,False
11.55281803302064,0.037906018774788844,0.4242113756787655,0.9179731833734326,0.1,False
11.558409912800363,0.037906684004121394,0.42405096762545597,0.9179433788564736,0.1,False
11.564001792580079,0.037907349663661744,0.423890455862324,0.9179135344298889,0.1,False
11.5695936723598,0.03790801574979981,0.42372984125980073,0.9178836501942009,0.1,False
11.575185552139517,0.03790868225893709,0.423569124685508,0.9178537262497204,0.1,False
11.58077743191924,0.03790934918748653,0.4234083070042553,0.9178237626965444,0.1,False
11.586369311698958,0.037910016531873245,0.4232473890780337,0.9177937596345545,0.1,False
11.591961191478678,0.0379106842885336,0.4230863717660197,0.9177637171634186,0.1,False
11.597553071258398,0.03791135245391597,0.42292525592455527,0.9177336353825855,0.1,False
11.603144951038118,0.03791202102448035,0.42276404240715326,0.9177035143912863,0.1,False
11.608736830817836,0.03791268999669841,0.42260273206449345,0.9176733542885331,0.1,False
11.614328710597555,0.0379133593670538,0.42244132574441606,0.9176431551731172,0.1,False
11.619920590377275,0.037914029132041796,0.4222798242919207,0.9176129171436092,0.1,False
11.625512470156993,0.03791469928816941,0.4221182285491599,0.9175826402983563,0.1,False
11.631104349936713,0.03791536983195575,0.421956539355436,0.9175523247354825,0.1,False
11.636696229716433,0.03791604075993159,0.42179475754719925,0.9175219705528865,0.1,False
11.642288109496153,0.03791671206863947,0.42163288395804915,0.917491577848243,0.1,False
11.647879989275872,0.03791738375463383,0.4214709194187219,0.9174611467189986,0.1,False
11.653471869055593,0.03791805581448091,0.42130886475709395,0.917430677262373,0.1,False
11.65906374883531,0.03791872824475902,0.42114672079818194,0.9174001695753581,0.1,False
11.66465562861503,0.03791940104205821,0.4209844883641341,0.9173696237547153,0.1,False
11.67024750839475,0.03792007420298045,0.4208221682742344,0.9173390398969768,0.1,False
11.67583938817447,0.03792074772413954,0.4206597613448935,0.9173084180984432,0.1,False
11.681431267954189,0.037921421602161255,0.4204972683896521,0.9172777584551832,0.1,False
11.687023147733909,0.03792209583368345,0.42033469021917885,0.9172470610630326,0.1,False
11.692615027513629,0.03792277041535562,0.42017202764126754,0.917216326017594,0.1,False
11.698206907293349,0.03792344534383929,0.42000928146083516,0.9171855534142354,0.1,False
11.703798787073065,0.03792412061580802,0.41984645247992214,0.9171547433480893,0.1,False
11.709390666852785,0.03792479622794709,0.4196835414976926,0.9171238959140535,0.1,False
11.714982546632505,0.03792547217695388,0.41952054931042787,0.9170930112067878,0.1,False
11.720574426412224,0.0379261484595376,0.419357476711533,0.9170620893207156,0.1,False
11.726166306191946,0.037926825072419686,0.41919432449153193,0.9170311303500218,0.1,False
11.731758185971664,0.037927502012333164,0.419031093438066,0.9170001343886526,0.1,False
11.737350065751384,0.03792817927602314,0.4188677843358953,0.916969101530315,0.1,False
11.742941945531102,0.037928856860246864,0.41870439796690134,0.9169380318684756,0.1,False
11.748533825310824,0.037929534761773166,0.41854093511008017,0.9169069254963607,0.1,False
11.75412570509054,0.03793021297738315,0.4183773965415496,0.9168757825069551,0.1,False
11.75971758487026,0.03793089150386984,0.41821378303454376,0.9168446029930016,0.1,False
11.765309464649981,0.03793157033803779,0.4180500953594183,0.9168133870470015,0.1,False
11.770901344429701,0.03793224947670409,0.4178863342836469,0.916782134761212,0.1,False
11.77649322420942,0.037932928916697396,0.4177225005718229,0.9167508462276469,0.1,False
11.782085103989141,0.03793360865485849,0.41755859498566267,0.9167195215380765,0.1,False
11.78767698376886,0.037934288688039976,0.41739461828400026,0.9166881607840256,0.1,False
11.79326886354858,0.03793496901310643,0.41723057122279694,0.9166567640567749,0.1,False
11.798860743328296,0.037935649626934256,0.4170664545551341,0.9166253314473588,0.1,False
11.804452623108016,0.037936330526412064,0.41690226903122185,0.9165938630465662,0.1,False
11.810044502887736,0.03793701170844,0.4167380153983932,0.9165623589449392,0.1,False
11.815636382667455,0.03793769316993057,0.4165736944011121,0.9165308192327729,0.1,False
11.821228262447177,0.03793837490780773,0.41640930678096794,0.9164992440001154,0.1,False
11.826820142226895,0.03793905691900761,0.41624485327668453,0.9164676333367666,0.1,False
11.832412022006615,0.03793973920047816,0.4160803346241177,0.9164359873322789,0.1,False
11.838003901786335,0.0379404217491792,0.41591575155625776,0.9164043060759559,0.1,False
11.843595781566053,0.037941104562082426,0.41575110480323063,0.916372589656852,0.1,False
11.849187661345772,0.0379417876361713,0.41558639509230355,0.9163408381637733,0.1,False
11.854779541125492,0.037942470968441465,0.41542162314788356,0.9163090516852751,0.1,False
11.860371420905212,0.03794315455590014,0.41525678969152224,0.9162772303096638,0.1,False
11.865963300684932,0.037943838395566386,0.41509189544191494,0.9162453741249955,0.1,False
11.87155518046465,0.03794452248447117,0.41492694111491024,0.916213483219076,0.1,False
11.877147060244372,0.03794520681965717,0.41476192742350293,0.9161815576794602,0.1,False
11.88273894002409,0.03794589139817906,0.41459685507784605,0.9161495975934522,0.1,False
11.88833081980381,0.037946576217103026,0.4144317247852416,0.9161176030481039,0.1,False
11.893922699583529,0.03794726127350716,0.41426653725016166,0.9160855741302175,0.1,False
11.899514579363247,0.037947946564481624,0.41410129317423505,0.9160535109263419,0.1,False
11.905106459142967,0.0379486320871279,0.4139359932562589,0.9160214135227753,0.1,False
11.910698338922685,0.037949317838559364,0.4137706381921983,0.9159892820055632,0.1,False
11.916290218702407,0.03795000381590118,0.41360522867519195,0.9159571164604992,0.1,False
11.921882098482126,0.037950690016290145,0.41343976539555527,0.9159249169731243,0.1,False
11.927473978261846,0.0379513764368746,0.41327424904078,0.9158926836287271,0.1,False
11.933065858041566,0.03795206307481499,0.41310868029554487,0.9158604165123431,0.1,False
11.938657737821284,0.03795274992728315,0.4129430598417128,0.915828115708755,0.1,False
11.944249617601002,0.03795343699146258,0.4127773883583392,0.915795781302493,0.1,False
11.949841497380724,0.03795412426454823,0.41261166652167425,0.9157634133778342,0.1,False
11.955433377160443,0.037954811743747194,0.41244589500516343,0.9157310120188016,0.1,False
11.961025256940163,0.03795549942627762,0.41228007447945875,0.9156985773091662,0.1,False
11.966617136719883,0.0379561873093696,0.41211420561241685,0.9156661093324446,0.1,False
11.972209016499603,0.03795687539026462,0.4119482890691041,0.9156336081719006,0.1,False
11.977800896279321,0.03795756366621568,0.41178232551180244,0.915601073910544,0.1,False
11.983392776059038,0.03795825213448741,0.41161631560001555,0.915568506631132,0.1,False
11.98898465583876,0.037958940792355955,0.4114502599904692,0.9155359064161674,0.1,False
11.994576535618478,0.03795962963710896,0.41128415933711937,0.9155032733479003,0.1,False
12.000168415398198,0.03796031866604547,0.41111801429115086,0.9154706075083261,0.1,False
12.005760295177918,0.037961007876476105,0.4109518255009891,0.9154379089791874,0.1,False
12.011352174957638,0.037961697265722884,0.4107855936123025,0.9154051778419732,0.1,False
12.016944054737356,0.03796238683111911,0.4106193192680049,0.915372414177919,0.1,False
12.022535934517078,0.037963076570009566,0.41045300310826305,0.915339618068007,0.1,False
12.028127814296797,0.03796376647975052,0.41028664577049834,0.915306789592965,0.1,False
12.033719694076515,0.0379644565577094,0.4101202478893949,0.9152739288332681,0.1,False
12.039311573856233,0.037965146801265115,0.4099538100969078,0.9152410358691385,0.1,False
12.044903453635955,0.037965837207808044,0.40978733302226006,0.9152081107805442,0.1,False
12.050495333415673,0.037966527774739425,0.4096208172919516,0.9151751536472007,0.1,False
12.056087213195394,0.037967218499471996,0.4094542635297662,0.9151421645485701,0.1,False
12.061679092975114,0.03796790937942991,0.409287672356776,0.9151091435638614,0.1,False
12.067270972754834,0.03796860041204821,0.40912104439134533,0.9150760907720312,0.1,False
12.072862852534552,0.03796929159477345,0.40895438024913583,0.9150430062517824,0.1,False
12.078454732314269,0.0379699829250632,0.40878768054311493,0.915009890081566,0.1,False
12.08404661209399,0.03797067440038632,0.40862094588356007,0.9149767423395803,0.1,False
12.089638491873709,0.03797136601822255,0.40845417687806346,0.9149435631037715,0.1,False
12.095230371653429,0.03797205777606307,0.40828737413153665,0.9149103524518326,0.1,False
12.100822251433149,0.03797274967140978,0.40812053824621886,0.9148771104612059,0.1,False
12.106414131212869,0.03797344170177596,0.4079536698216822,0.9148438372090808,0.1,False
12.112006010992587,0.03797413386468583,0.40778676945483644,0.9148105327723954,0.1,False
12.11759789077231,0.03797482615767451,0.4076198377399359,0.9147771972278366,0.1,False
12.123189770552026,0.03797551857828835,0.40745287526858176,0.9147438306518385,0.1,False
12.128781650331746,0.037976211124084405,0.4072858826297359,0.914710433120586,0.1,False
12.134373530111466,0.03797690379263094,0.40711886040971695,0.9146770047100111,0.1,False
12.139965409891186,0.03797759658150681,0.4069518091922156,0.9146435454957971,0.1,False
12.145557289670904,0.03797828948830211,0.40678472955829437,0.9146100555533749,0.1,False
12.151149169450624,0.03797898251061753,0.40661762208639834,0.914576534957927,0.1,False
12.156741049230344,0.037979675646064595,0.4064504873523554,0.9145429837843846,0.1,False
12.162332929010065,0.037980368892265935,0.4062833259293871,0.9145094021074288,0.1,False
12.167924808789783,0.03798106224685472,0.4061161383881163,0.9144757900014922,0.1,False
12.173516688569501,0.037981755707474904,0.4059489252965684,0.9144421475407577,0.1,False
12.179108568349221,0.03798244927178128,0.40578168722018076,0.9144084747991589,0.1,False
12.18470044812894,0.03798314293743925,0.40561442472180925,0.9143747718503809,0.1,False
12.190292327908661,0.03798383670212506,0.4054471383617365,0.9143410387678607,0.1,False
12.19588420768838,0.03798453056352529,0.40527982869767126,0.9143072756247865,0.1,False
12.2014760874681,0.0379852245193374,0.4051124962847615,0.914273482494099,0.1,False
12.207067967247818,0.037985918567269475,0.4049451416755999,0.914239659448491,0.1,False
12.21265984702754,0.03798661270504006,0.40477776542022975,0.914205806560408,0.1,False
12.218251726807257,0.03798730693037817,0.4046103680661516,0.9141719239020494,0.1,False
12.223843606586977,0.037988001241023514,0.40444295015832815,0.9141380115453668,0.1,False
12.229435486366697,0.037988695634726205,0.40427551223919667,0.9141040695620667,0.1,False
12.235027366146417,0.03798939010924702,0.40410805484866574,0.9140700980236075,0.1,False
12.240619245926135,0.03799008466235686,0.40394057852413134,0.914036097001204,0.1,False
12.246211125705857,0.0379907792918372,0.40377308380047844,0.9140020665658245,0.1,False
12.251803005485575,0.03799147399547993,0.4036055712100936,0.913968006788193,0.1,False
12.257394885265295,0.03799216877108702,0.40343804128286426,0.913933917738789,0.1,False
12.262986765045012,0.037992863616470966,0.40327049454618863,0.913899799487847,0.1,False
12.268578644824732,0.03799355852945477,0.40310293152498555,0.9138656521053578,0.1,False
12.274170524604452,0.03799425350787128,0.40293535274169806,0.913831475661069,0.1,False
12.27976240438417,0.037994948549564,0.40276775871630044,0.9137972702244844,0.1,False
12.285354284163892,0.037995643652386314,0.4026001499663074,0.9137630358648656,0.1,False
12.29094616394361,0.03799633881420178,0.4024325270067775,0.9137287726512319,0.1,False
12.29653804372333,0.03799703403288426,0.4022648903503238,0.9136944806523599,0.1,False
12.30212992350305,0.037997729306317826,0.40209724050712226,0.9136601599367851,0.1,False
12.30772180328277,0.0379984246323964,0.40192957798490997,0.9136258105728013,0.1,False
12.313313683062487,0.03799912000902423,0.4017619032890033,0.9135914326284618,0.1,False
12.318905562842208,0.03799981543411521,0.4015942169222985,0.9135570261715797,0.1,False
12.324497442621928,0.03800051090559356,0.40142651938528023,0.9135225912697278,0.1,False
12.330089322401648,0.03800120642139334,0.4012588111760277,0.9134881279902393,0.1,False
12.335681202181366,0.03800190197945862,0.401091092790225,0.9134536364002079,0.1,False
12.341273081961088,0.038002597577743345,0.4009233647211668,0.9134191165664896,0.1,False
12.346864961740806,0.038003293214211246,0.4007556274597612,0.9133845685557006,0.1,False
12.352456841520526,0.038003988886836156,0.4005878814945462,0.9133499924342205,0.1,False
12.358048721300245,0.03800468459360151,0.40042012731168874,0.9133153882681909,0.1,False
12.363640601079963,0.03800538033250067,0.40025236539499337,0.913280756123516,0.1,False
12.369232480859683,0.03800607610153668,0.4000845962259146,0.9132460960658642,0.1,False
12.374824360639401,0.0380067718987222,0.39991682028355663,0.9132114081606673,0.1,False
12.380416240419123,0.03800746772207981,0.3997490380446881,0.9131766924731216,0.1,False
12.386008120198841,0.03800816356964162,0.3995812499837448,0.9131419490681884,0.1,False
12.391599999978562,0.03800885943944948,0.39941345657283855,0.9131071780105939,0.1,False
12.397191879758282,0.03800955532955482,0.399245658281762,0.9130723793648299,0.1,False
12.402783759538002,0.03801025123801858,0.39907785557800113,0.9130375531951548,0.1,False
12.408375639317718,0.03801094716291135,0.39891004892673887,0.9130026995655937,0.1,False
12.41396751909744,0.0380116431023132,0.3987422387908626,0.9129678185399384,0.1,False
12.419559398877158,0.038012339054313615,0.3985744256309724,0.9129329101817485,0.1,False
12.425151278656879,0.038013035017011594,0.39840660990538734,0.9128979745543517,0.1,False
12.430743158436597,0.03801373098851548,0.3982387920701582,0.9128630117208449,0.1,False
12.436335038216319,0.03801442696694324,0.3980709725790635,0.9128280217440925,0.1,False
12.441926917996037,0.0380151229504221,0.39790315188363046,0.9127930046867297,0.1,False
12.447518797775757,0.038015818937088414,0.39773533043313264,0.9127579606111615,0.1,False
12.453110677555475,0.038016514925088,0.39756750867460183,0.9127228895795638,0.1,False
12.458702557335194,0.03801721091257608,0.39739968705283496,0.9126877916538826,0.1,False
12.464294437114914,0.038017906897716884,0.397231866010399,0.9126526668958361,0.1,False
12.469886316894634,0.03801860287868395,0.3970640459876447,0.9126175153669148,0.1,False
12.475478196674354,0.038019298853660094,0.3968962274227066,0.9125823371283812,0.1,False
12.481070076454072,0.038019994820836935,0.39672841075151005,0.9125471322412705,0.1,False
12.486661956233794,0.038020690778415876,0.39656059640779145,0.9125119007663923,0.1,False
12.492253836013512,0.03802138672460676,0.3963927848230905,0.9124766427643299,0.1,False
12.49784571579323,0.038022082657628575,0.396224976426766,0.9124413582954419,0.1,False
12.503437595572949,0.0380227785757094,0.39605717164600096,0.9124060474198614,0.1,False
12.509029475352671,0.03802347447708674,0.395889370905809,0.9123707101974963,0.1,False
12.51462135513239,0.038024170360006534,0.39572157462904517,0.9123353466880318,0.1,False
12.52021323491211,0.038024866222723705,0.39555378323641255,0.9122999569509304,0.1,False
12.52580511469183,0.03802556206350231,0.39538599714646644,0.9122645410454302,0.1,False
12.53139699447155,0.03802625788061509,0.3952182167756268,0.9122290990305484,0.1,False
12.536988874251268,0.03802695367234361,0.3950504425381794,0.9121936309650797,0.1,False
12.54258075403099,0.03802764943697831,0.3948826748462906,0.9121581369075978,0.1,False
12.548172633810706,0.03802834517281848,0.39471491411000953,0.912122616916456,0.1,False
12.553764513590425,0.038029040878171994,0.39454716073728036,0.9120870710497877,0.1,False
12.559356393370145,0.038029736551355484,0.394379415133943,0.912051499365506,0.1,False
12.564948273149865,0.03803043219069433,0.3942116777037474,0.9120159019213057,0.1,False
12.570540152929585,0.03803112779452246,0.3940439488483567,0.9119802787746627,0.1,False
12.576132032709303,0.03803182336118259,0.3938762289673578,0.9119446299828352,0.1,False
12.581723912489025,0.038032518889025896,0.3937085184582668,0.911908955602864,0.1,False
12.587315792268743,0.03803321437641208,0.3935408177165377,0.9118732556915735,0.1,False
12.592907672048462,0.038033909821709275,0.3933731271355667,0.9118375303055709,0.1,False
12.59849955182818,0.03803460522329435,0.39320544710670374,0.9118017795012484,0.1,False
12.604091431607902,0.038035300579552525,0.3930377780192585,0.9117660033347825,0.1,False
12.60968331138762,0.03803599588887755,0.39287012026051116,0.9117302018621359,0.1,False
12.61527519116734,0.03803669114967136,0.392702474215713,0.9116943751390569,0.1,False
12.62086707094706,0.03803738636034448,0.39253484026809676,0.9116585232210797,0.1,False
12.62645895072678,0.03803808151931561,0.3923672187988872,0.9116226461635262,0.1,False
12.632050830506499,0.03803877662501173,0.39219961018730665,0.9115867440215062,0.1,False
12.637642710286217,0.038039471675868325,0.39203201481057953,0.9115508168499168,0.1,False
12.643234590065937,0.03804016667032897,0.39186443304394625,0.911514864703445,0.1,False
12.648826469845655,0.038040861606845305,0.39169686526066266,0.9114788876365661,0.1,False
12.654418349625377,0.038041556483877435,0.39152931183201384,0.9114428857035459,0.1,False
12.660010229405096,0.038042251299893526,0.39136177312732073,0.9114068589584403,0.1,False
12.665602109184816,0.03804294605336979,0.3911942495139427,0.9113708074550965,0.1,False
12.671193988964534,0.03804364074279064,0.39102674135729026,0.9113347312471525,0.1,False
12.676785868744256,0.038044335366648335,0.3908592490208318,0.91129863038804,0.1,False
12.682377748523974,0.03804502992344343,0.39069177286610013,0.9112625049309825,0.1,False
12.687969628303692,0.03804572441168436,0.39052431325269776,0.9112263549289967,0.1,False
12.693561508083413,0.038046418829887574,0.3903568705383075,0.9111901804348933,0.1,False
12.699153387863133,0.03804711317657713,0.39018944507869674,0.911153981501278,0.1,False
12.704745267642851,0.03804780745028567,0.3900220372277278,0.9111177581805497,0.1,False
12.710337147422573,0.03804850164955299,0.3898546473373668,0.911081510524906,0.1,False
12.715929027202291,0.038049195772927216,0.38968727575768486,0.911045238586338,0.1,False
12.721520906982011,0.03804988981896417,0.3895199228368698,0.9110089424166343,0.1,False
12.72711278676173,0.03805058378622736,0.38935258892123403,0.9109726220673815,0.1,False
12.732704666541448,0.03805127767328812,0.38918527435521905,0.9109362775899633,0.1,False
12.738296546321168,0.03805197147872534,0.38901797948140615,0.9108999090355631,0.1,False
12.743888426100886,0.03805266520112593,0.3888507046405187,0.9108635164551613,0.1,False
12.749480305880608,0.03805335883908424,0.38868345017143524,0.9108270998995398,0.1,False
12.755072185660326,0.03805405239120226,0.38851621641119116,0.9107906594192794,0.1,False
12.760664065440046,0.03805474585608962,0.38834900369499403,0.9107541950647632,0.1,False
12.766255945219767,0.03805543923236352,0.388181812356223,0.9107177068861746,0.1,False
12.771847824999487,0.03805613251864883,0.3880146427264348,0.9106811949334984,0.1,False
12.777439704779203,0.038056825713577665,0.3878474951353814,0.9106446592565236,0.1,False
12.783031584558923,0.03805751881578983,0.3876803699110091,0.9106080999048413,0.1,False
12.788623464338643,0.03805821182393245,0.38751326737946507,0.9105715169278463,0.1,False
12.794215344118363,0.03805890473666021,0.3873461878651086,0.9105349103747378,0.1,False
12.799807223898082,0.03805959755263522,0.38717913169051743,0.9104982802945198,0.1,False
12.805399103677804,0.03806029027052657,0.3870120991764932,0.9104616267360025,0.1,False
12.810990983457522,0.03806098288901112,0.3868450906420687,0.9104249497478009,0.1,False
12.816582863237242,0.03806167540677291,0.38667810640451833,0.9103882493783372,0.1,False
12.822174743016962,0.03806236782250315,0.3865111467793602,0.9103515256758409,0.1,False
12.827766622796679,0.038063060134900385,0.3863442120803675,0.910314778688349,0.1,False
12.833358502576399,0.038063752342670176,0.38617730261957367,0.9102780084637077,0.1,False
12.838950382356117,0.03806444444452581,0.38601041870728225,0.9102412150495708,0.1,False
12.844542262135839,0.03806513643918722,0.38584356065206615,0.9102043984934023,0.1,False
12.850134141915557,0.038065828325381516,0.38567672876078374,0.9101675588424764,0.1,False
12.855726021695277,0.038066520101843054,0.3855099233385815,0.9101306961438778,0.1,False
12.861317901474997,0.0380672117673132,0.3853431446889034,0.9100938104445029,0.1,False
12.866909781254718,0.03806790332054006,0.3851763931134955,0.9100569017910602,0.1,False
12.872501661034434,0.03806859476027957,0.3850096689124101,0.9100199702300684,0.1,False
12.878093540814156,0.03806928608529398,0.38484297238402243,0.9099830158078617,0.1,False
12.883685420593874,0.03806997729435253,0.38467630382502893,0.9099460385705871,0.1,False
12.889277300373594,0.03807066838623154,0.38450966353045524,0.9099090385642054,0.1,False
12.894869180153313,0.03807135935971414,0.3843430517936677,0.9098720158344926,0.1,False
12.900461059933034,0.038072050213590315,0.3841764689063774,0.9098349704270403,0.1,False
12.906052939712753,0.03807274094665713,0.38400991515864413,0.9097979023872549,0.1,False
12.911644819492473,0.03807343155771797,0.38384339083889085,0.9097608117603608,0.1,False
12.917236699272191,0.03807412204558348,0.3836768962339013,0.9097236985913982,0.1,False
12.92282857905191,0.03807481240907089,0.3835104316288349,0.9096865629252254,0.1,False
12.92842045883163,0.03807550264700399,0.38334399730723046,0.9096494048065196,0.1,False
12.93401233861135,0.038076192758213424,0.38317759355100994,0.9096122242797755,0.1,False
12.93960421839107,0.03807688274153651,0.3830112206404886,0.9095750213893079,0.1,False
12.945196098170788,0.038077572595817226,0.3828448788543849,0.9095377961792517,0.1,False
12.950787977950508,0.038078262319905944,0.3826785684698217,0.9095005486935623,0.1,False
12.956379857730228,0.038078951912659954,0.3825122897623335,0.9094632789760159,0.1,False
12.961971737509948,0.03807964137294284,0.3823460430058786,0.9094259870702108,0.1,False
12.967563617289665,0.038080330699624826,0.3821798284728382,0.909388673019567,0.1,False
12.973155497069387,0.03808101989158263,0.38201364643402885,0.9093513368673279,0.1,False
12.978747376849105,0.03808170894769933,0.3818474971587078,0.9093139786565603,0.1,False
12.984339256628825,0.03808239786686469,0.38168138091457815,0.9092765984301544,0.1,False
12.989931136408545,0.038083086647974544,0.38151529796779554,0.9092391962308254,0.1,False
12.995523016188265,0.038083775289931336,0.38134924858297986,0.9092017721011143,0.1,False
13.001114895967984,0.0380844637916438,0.3811832330232115,0.9091643260833864,0.1,False
13.006706775747706,0.038085152152027124,0.381017251550051,0.9091268582198344,0.1,False
13.012298655527422,0.038085840370002726,0.3808513044235328,0.9090893685524769,0.1,False
13.01789053530714,0.038086528444498176,0.38068539190218226,0.909051857123161,0.1,False
13.02348241508686,0.0380872163744475,0.3805195142430174,0.909014323973561,0.1,False
13.02907429486658,0.03808790415879072,0.3803536717015544,0.9089767691451803,0.1,False
13.0346661746463,0.03808859179647425,0.38018786453181497,0.9089391926793509,0.1,False
13.040258054426019,0.038089279286450554,0.38002209298633477,0.9089015946172345,0.1,False
13.04584993420574,0.03808996662767838,0.3798563573161701,0.9088639749998236,0.1,False
13.051441813985459,0.03809065381912242,0.379690657770901,0.9088263338679412,0.1,False
13.057033693765177,0.038091340859753624,0.37952499459863964,0.9087886712622413,0.1,False
13.062625573544896,0.03809202774854876,0.3793593680460372,0.9087509872232106,0.1,False
13.068217453324618,0.038092714484490815,0.37919377835829127,0.9087132817911681,0.1,False
13.073809333104336,0.0380934010665688,0.37902822577914935,0.9086755550062656,0.1,False
13.079401212884056,0.03809408749377778,0.3788627105509159,0.9086378069084882,0.1,False
13.084993092663776,0.038094773765118474,0.3786972329144607,0.9086000375376562,0.1,False
13.090584972443496,0.038095459879597726,0.37853179310922225,0.9085622469334237,0.1,False
13.096176852223214,0.03809614583622846,0.37836639137322003,0.9085244351352808,0.1,False
13.101768732002936,0.038096831634029105,0.37820102794305216,0.9084866021825531,0.1,False
13.107360611782653,0.03809751727202411,0.3780357030539066,0.9084487481144026,0.1,False
13.112952491562371,0.03809820274924389,0.3778704169395699,0.9084108729698284,0.1,False
13.118544371342091,0.03809888806472448,0.3777051698324287,0.9083729767876675,0.1,False
13.124136251121811,0.03809957321750767,0.37753996196347694,0.9083350596065947,0.1,False
13.129728130901531,0.03810025820664108,0.3773747935623227,0.9082971214651229,0.1,False
13.13532001068125,0.03810094303117804,0.37720966485719437,0.9082591624016045,0.1,False
13.140911890460972,0.03810162769017754,0.37704457607495007,0.9082211824542328,0.1,False
13.14650377024069,0.03810231218270447,0.37687952744107656,0.9081831816610392,0.1,False
13.152095650020408,0.03810299650782885,0.3767145191797022,0.9081451600598982,0.1,False
13.157687529800128,0.038103680664626896,0.3765495515135987,0.9081071176885238,0.1,False
13.163279409579848,0.03810436465218026,0.3763846246641911,0.9080690545844731,0.1,False
13.168871289359567,0.03810504846957565,0.37621973885155774,0.9080309707851456,0.1,False
13.174463169139289,0.038105732115906,0.37605489429444455,0.9079928663277835,0.1,False
13.180055048919007,0.03810641559026957,0.3758900912102633,0.9079547412494725,0.1,False
13.185646928698727,0.038107098891769824,0.3757253298151025,0.9079165955871428,0.1,False
13.191238808478445,0.03810778201951612,0.3755606103237314,0.9078784293775687,0.1,False
13.196830688258164,0.038108464972622984,0.375395932949607,0.9078402426573701,0.1,False
13.202422568037884,0.038109147750210404,0.3752312979048783,0.9078020354630126,0.1,False
13.208014447817602,0.03810983035140383,0.37506670540039433,0.9077638078308082,0.1,False
13.213606327597324,0.03811051277533413,0.3749021556457103,0.9077255597969153,0.1,False
13.219198207377042,0.038111195021137245,0.3747376488490896,0.9076872913973402,0.1,False
13.224790087156762,0.03811187708795475,0.37457318521751365,0.9076490026679365,0.1,False
13.230381966936482,0.03811255897493344,0.37440876495668723,0.9076106936444067,0.1,False
13.235973846716202,0.03811324068122529,0.37424438827104284,0.907572364362302,0.1,False
13.24156572649592,0.0381139222059875,0.3740800553637455,0.9075340148570231,0.1,False
13.247157606275639,0.038114603548382725,0.37391576643670316,0.9074956451638204,0.1,False
13.25274948605536,0.03811528470757862,0.37375152169056886,0.9074572553177956,0.1,False
13.25834136583508,0.03811596568274805,0.37358732132474587,0.907418845353901,0.1,False
13.263933245614798,0.038116646473069046,0.3734231655373954,0.9073804153069404,0.1,False
13.26952512539452,0.03811732707772478,0.3732590545254403,0.9073419652115694,0.1,False
13.275117005174238,0.038118007495903515,0.37309498848457506,0.9073034951022971,0.1,False
13.280708884953958,0.03811868772679868,0.3729309676092667,0.9072650050134852,0.1,False
13.286300764733678,0.03811936776960864,0.37276699209276226,0.9072264949793492,0.1,False
13.291892644513394,0.03812004762353688,0.37260306212709576,0.9071879650339588,0.1,False
13.297484524293115,0.03812072728779193,0.37243917790308945,0.9071494152112383,0.1,False
13.303076404072833,0.03812140676158709,0.3722753396103659,0.9071108455449676,0.1,False
13.308668283852555,0.038122086044140906,0.37211154743734715,0.9070722560687818,0.1,False
13.314260163632273,0.038122765134676766,0.3719478015712663,0.907033646816173,0.1,False
13.319852043411993,0.038123444032422946,0.3717841021981668,0.9069950178204893,0.1,False
13.325443923191713,0.038124122736612524,0.3716204495029127,0.9069563691149367,0.1,False
13.331035802971433,0.03812480124648377,0.37145684366919285,0.9069177007325785,0.1,False
13.33662768275115,0.03812547956127948,0.3712932848795251,0.9068790127063368,0.1,False
13.342219562530872,0.03812615768024744,0.37112977331526315,0.9068403050689919,0.1,False
13.34781144231059,0.03812683560264021,0.3709663091566027,0.9068015778531845,0.1,False
13.35340332209031,0.03812751332771515,0.3708028925825833,0.906762831091414,0.1,False
13.358995201870028,0.0381281908547343,0.37063952377109755,0.9067240648160406,0.1,False
13.36458708164975,0.03812886818296457,0.3704762028988967,0.9066852790592859,0.1,False
13.370178961429469,0.03812954531167748,0.37031293014159233,0.9066464738532319,0.1,False
13.375770841209189,0.0381302222401494,0.3701497056736649,0.9066076492298233,0.1,False
13.381362720988909,0.03813089896766124,0.36998652966846585,0.9065688052208661,0.1,False
13.386954600768625,0.03813157549349847,0.3698234022982277,0.9065299418580306,0.1,False
13.392546480548345,0.038132251816951575,0.36966032373406443,0.9064910591728488,0.1,False
13.398138360328065,0.03813292793731497,0.36949729414597965,0.906452157196718,0.1,False
13.403730240107786,0.03813360385388831,0.36933431370287173,0.9064132359608992,0.1,False
13.409322119887504,0.03813427956597564,0.3691713825725372,0.9063742954965176,0.1,False
13.414913999667224,0.03813495507288531,0.3690085009216788,0.9063353358345652,0.1,False
13.420505879446944,0.03813563037393043,0.36884566891590687,0.9062963570058987,0.1,False
13.426097759226664,0.03813630546842871,0.36868288671974797,0.9062573590412407,0.1,False
13.43168963900638,0.03813698035570203,0.3685201544966505,0.9062183419711826,0.1,False
13.437281518786103,0.03813765503507682,0.3683574724089825,0.9061793058261807,0.1,False
13.44287339856582,0.038138329505884166,0.36819484061804864,0.9061402506365606,0.1,False
13.448465278345541,0.038139003767459274,0.36803225928408434,0.9061011764325154,0.1,False
13.454057158125261,0.03813967781914214,0.3678697285662674,0.906062083244107,0.1,False
13.459649037904981,0.03814035166027643,0.36770724862272036,0.9060229711012675,0.1,False
13.4652409176847,0.038141025290210864,0.3675448196105172,0.9059838400337975,0.1,False
13.47083279746442,0.03814169870829823,0.367382441685686,0.9059446900713681,0.1,False
13.476424677244138,0.038142371913895586,0.36722011500321555,0.9059055212435211,0.1,False
13.482016557023856,0.038143044906364325,0.3670578397170602,0.9058663335796694,0.1,False
13.487608436803576,0.03814371768507015,0.3668956159801454,0.9058271271090976,0.1,False
13.493200316583296,0.03814439024938306,0.3667334439443704,0.905787901860962,0.1,False
13.498792196363016,0.038145062598677025,0.36657132376061563,0.9057486578642922,0.1,False
13.504384076142735,0.03814573473233058,0.36640925557874626,0.9057093951479898,0.1,False
13.509975955922457,0.0381464066497262,0.3662472395476167,0.9056701137408305,0.1,False
13.515567835702175,0.038147078350250566,0.3660852758150773,0.905630813671464,0.1,False
13.521159715481895,0.03814774983329457,0.3659233645279774,0.9055914949684144,0.1,False
13.526751595261612,0.03814842109825343,0.3657615058321713,0.9055521576600798,0.1,False
13.532343475041333,0.03814909214452571,0.36559969987252133,0.9055128017747357,0.1,False
13.537935354821052,0.03814976297151495,0.3654379467929035,0.905473427340531,0.1,False
13.543527234600772,0.038150433578628455,0.36527624673621395,0.9054340343854921,0.1,False
13.549119114380492,0.03815110396527754,0.3651145998443728,0.905394622937522,0.1,False
13.554710994160212,0.03815177413087747,0.36495300625832566,0.9053551930244008,0.1,False
13.56030287393993,0.03815244407484755,0.3647914661180517,0.905315744673786,0.1,False
13.565894753719652,0.03815311379661137,0.3646299795625706,0.9052762779132134,0.1,False
13.571486633499369,0.03815378329559592,0.3644685467299392,0.9052367927700976,0.1,False
13.577078513279087,0.038154452571232796,0.36430716775726546,0.9051972892717316,0.1,False
13.582670393058807,0.03815512162295703,0.3641458427807074,0.9051577674452885,0.1,False
13.588262272838527,0.0381557904502078,0.36398457193547873,0.905118227317821,0.1,False
13.593854152618247,0.03815645905242819,0.36382335535585375,0.9050786689162617,0.1,False
13.599446032397966,0.03815712742906492,0.3636621931751719,0.905039092267425,0.1,False
13.605037912177687,0.03815779557956888,0.3635010855258424,0.9049994973980053,0.1,False
13.610629791957406,0.03815846350339471,0.3633400325393491,0.9049598843345796,0.1,False
13.616221671737124,0.0381591312000007,0.3631790343462527,0.9049202531036064,0.1,False
13.621813551516844,0.03815979866884925,0.36301809107620037,0.904880603731427,0.1,False
13.627405431296564,0.03816046590940619,0.36285720285792533,0.9048409362442663,0.1,False
13.632997311076283,0.03816113292114139,0.36269636981925185,0.9048012506682316,0.1,False
13.638589190856003,0.03816179970352845,0.36253559208710306,0.9047615470293143,0.1,False
13.644181070635723,0.038162466256044525,0.36237486978750033,0.9047218253533906,0.1,False
13.649772950415443,0.0381631325781706,0.3622142030455723,0.904682085666221,0.1,False
13.655364830195161,0.03816379866939121,0.3620535919855581,0.9046423279934518,0.1,False
13.660956709974883,0.038164464529194767,0.3618930367308089,0.9046025523606142,0.1,False
13.6665485897546,0.03816513015707333,0.361732537403797,0.9045627587931254,0.1,False
13.672140469534318,0.0381657955525225,0.36157209412611474,0.9045229473162896,0.1,False
13.67773234931404,0.0381664607150414,0.36141170701848163,0.9044831179552971,0.1,False
13.683324229093758,0.038167125644132945,0.3612513762007507,0.9044432707352266,0.1,False
13.688916108873478,0.0381677903393036,0.3610911017919095,0.9044034056810434,0.1,False
13.694507988653196,0.038168454800063145,0.360930883910087,0.9043635228176027,0.1,False
13.700099868432918,0.038169119025925555,0.36077072267255267,0.9043236221696451,0.1,False
13.705691748212637,0.03816978301640769,0.36061061819572787,0.9042837037618033,0.1,False
13.711283627992355,0.03817044677103002,0.3604505705951843,0.9042437676185981,0.1,False
13.716875507772075,0.03817111028931683,0.36029057998565217,0.9042038137644403,0.1,False
13.722467387551795,0.0381717735707956,0.3601306464810224,0.9041638422236311,0.1,False
13.728059267331513,0.038172436614997404,0.35997077019434875,0.9041238530203617,0.1,False
13.733651147111235,0.03817309942145664,0.35981095123785656,0.9040838461787153,0.1,False
13.739243026890954,0.03817376198971125,0.35965118972294374,0.9040438217226662,0.1,False
13.744834906670674,0.038174424319302444,0.35949148576018564,0.9040037796760806,0.1,False
13.750426786450394,0.038175086409775245,0.35933183945933833,0.9039637200627164,0.1,False
13.756018666230114,0.03817574826067752,0.35917225092934457,0.9039236429062252,0.1,False
13.76161054600983,0.0381764098715608,0.3590127202783358,0.903883548230151,0.1,False
13.767202425789549,0.03817707124197997,0.35885324761363635,0.9038434360579313,0.1,False
13.77279430556927,0.03817773237149309,0.3586938330417696,0.9038033064128982,0.1,False
13.778386185348989,0.03817839325966151,0.35853447666846144,0.903763159318278,0.1,False
13.783978065128709,0.038179053906049955,0.35837517859864043,0.9037229947971911,0.1,False
13.789569944908429,0.03817971431022666,0.358215938936448,0.9036828128726536,0.1,False
13.795161824688149,0.03818037447176243,0.3580567577852343,0.9036426135675772,0.1,False
13.800753704467867,0.03818103439023247,0.35789763524757195,0.9036023969047683,0.1,False
13.806345584247588,0.03818169406521412,0.357738571425251,0.903562162906931,0.1,False
13.811937464027306,0.03818235349628848,0.35757956641928773,0.9035219115966652,0.1,False
13.817529343807026,0.03818301268303963,0.3574206203299292,0.9034816429964688,0.1,False
13.823121223586744,0.038183671625055024,0.35726173325665395,0.9034413571287367,0.1,False
13.828713103366466,0.03818433032192505,0.357102905298177,0.9034010540157619,0.1,False
13.834304983146184,0.03818498877324343,0.3569441365524543,0.903360733679735,0.1,False
13.839896862925904,0.038185646978606894,0.3567854271166851,0.9033203961427462,0.1,False
13.845488742705625,0.038186304937615476,0.3566267770873187,0.9032800414267836,0.1,False
13.851080622485341,0.0381869626498721,0.356468186560054,0.9032396695537359,0.1,False
13.856672502265061,0.03818762011498295,0.35630965562984923,0.9031992805453912,0.1,False
13.86226438204478,0.03818827733255716,0.35615118439091625,0.903158874423437,0.1,False
13.867856261824501,0.038188934302207045,0.3559927729367356,0.9031184512094623,0.1,False
13.87344814160422,0.03818959102354775,0.3558344213600511,0.9030780109249571,0.1,False
13.87904002138394,0.03819024749619767,0.35567612975287877,0.903037553591312,0.1,False
13.88463190116366,0.038190903719778145,0.3555178982065067,0.9029970792298194,0.1,False
13.89022378094338,0.038191559693913475,0.3553597268115035,0.9029565878616743,0.1,False
13.895815660723098,0.038192215418230854,0.355201615657718,0.9029160795079741,0.1,False
13.901407540502818,0.038192870892360696,0.3550435648342846,0.9028755541897189,0.1,False
13.906999420282537,0.03819352611593609,0.3548855744296249,0.9028350119278113,0.1,False
13.912591300062257,0.03819418108859329,0.35472764453145483,0.9027944527430586,0.1,False
13.918183179841977,0.03819483580997114,0.3545697752267824,0.902753876656171,0.1,False
13.923775059621697,0.03819549027971175,0.35441196660192026,0.902713283687764,0.1,False
13.929366939401415,0.03819614449746009,0.3542542187424801,0.9026726738583565,0.1,False
13.934958819181135,0.03819679846286371,0.3540965317333813,0.9026320471883736,0.1,False
13.940550698960855,0.03819745217557326,0.3539389056588543,0.9025914036981457,0.1,False
13.946142578740572,0.03819810563524225,0.353781340602441,0.9025507434079078,0.1,False
13.951734458520292,0.03819875884152694,0.3536238366470012,0.9025100663378017,0.1,False
13.957326338300012,0.03819941179408641,0.3534663938747149,0.9024693725078762,0.1,False
13.962918218079732,0.03820006449258256,0.3533090123670866,0.9024286619380862,0.1,False
13.96851009785945,0.038200716936680076,0.3531516922049469,0.9023879346482939,0.1,False
13.974101977639172,0.03820136912604654,0.3529944334684588,0.9023471906582693,0.1,False
13.97969385741889,0.03820202106035197,0.35283723623711793,0.9023064299876903,0.1,False
13.98528573719861,0.038202672739269576,0.3526801005897574,0.9022656526561421,0.1,False
13.990877616978327,0.03820332416247496,0.35252302660455315,0.9022248586831201,0.1,False
13.99646949675805,0.038203975329646526,0.3523660143590224,0.9021840480880272,0.1,False
14.002061376537768,0.03820462624046547,0.35220906393003176,0.9021432208901764,0.1,False
14.007653256317488,0.038205276894615565,0.35205217539379935,0.9021023771087902,0.1,False
14.013245136097208,0.038205927291783286,0.35189534882589496,0.9020615167630006,0.1,False
14.018837015876928,0.03820657743165789,0.35173858430124766,0.9020206398718504,0.1,False
14.024428895656646,0.03820722731393127,0.35158188189414874,0.901979746454293,0.1,False
14.030020775436368,0.03820787693829769,0.35142524167824885,0.9019388365291925,0.1,False
14.035612655216086,0.03820852630445445,0.3512686637265712,0.9018979101153247,0.1,False
14.041204534995803,0.038209175412101205,0.3511121481115065,0.9018569672313766,0.1,False
14.046796414775523,0.03820982426094019,0.3509556949048216,0.9018160078959486,0.1,False
14.052388294555243,0.03821047285067626,0.3507993041776561,0.9017750321275516,0.1,False
14.057980174334963,0.038211121181016904,0.3506429760005335,0.9017340399446102,0.1,False
14.063572054114681,0.03821176925167219,0.3504867104433594,0.9016930313654618,0.1,False
14.069163933894403,0.03821241706235461,0.3503305075754265,0.9016520064083573,0.1,False
14.074755813674122,0.03821306461277924,0.3501743674654166,0.9016109650914615,0.1,False
14.080347693453842,0.03821371190266377,0.3500182901814034,0.9015699074328525,0.1,False
14.08593957323356,0.03821435893172824,0.34986227579085805,0.9015288334505233,0.1,False
14.09153145301328,0.03821500569969533,0.3497063243606503,0.9014877431623816,0.1,False
14.097123332792998,0.03821565220629004,0.3495504359570522,0.9014466365862501,0.1,False
14.102715212572718,0.038216298451239875,0.34939461064573857,0.9014055137398665,0.1,False
14.108307092352439,0.038216944434275,0.3492388484917964,0.9013643746408846,0.1,False
14.113898972132159,0.03821759015512777,0.3490831495597224,0.901323219306874,0.1,False
14.119490851911877,0.03821823561353303,0.34892751391342525,0.9012820477553202,0.1,False
14.125082731691599,0.038218880809228147,0.3487719416162325,0.9012408600036256,0.1,False
14.130674611471315,0.03821952574195265,0.34861643273089343,0.9011996560691101,0.1,False
14.136266491251034,0.03822017041144888,0.3484609873195789,0.9011584359690096,0.1,False
14.141858371030755,0.038220814817461174,0.3483056054438883,0.9011171997204792,0.1,False
14.147450250810474,0.03822145895973641,0.34815028716484925,0.9010759473405908,0.1,False
14.153042130590194,0.03822210283802378,0.3479950325429207,0.9010346788463347,0.1,False
14.158634010369912,0.03822274645207476,0.3478398416379969,0.9009933942546201,0.1,False
14.164225890149634,0.03822338980164328,0.3476847145094125,0.9009520935822745,0.1,False
14.169817769929352,0.03822403288648549,0.3475296512159393,0.9009107768460448,0.1,False
14.175409649709072,0.0382246757063599,0.34737465181579535,0.9008694440625973,0.1,False
14.18100152948879,0.038225318261027236,0.34721971636664317,0.9008280952485174,0.1,False
14.18659340926851,0.03822596055025055,0.3470648449255995,0.9007867304203122,0.1,False
14.19218528904823,0.03822660257379522,0.3469100375492316,0.9007453495944082,0.1,False
14.197777168827951,0.038227244331428864,0.3467552942935598,0.9007039527871522,0.1,False
14.20336904860767,0.03822788582292131,0.34660061521406527,0.9006625400148126,0.1,False
14.20896092838739,0.038228527048044664,0.34644600036569007,0.9006211112935789,0.1,False
14.214552808167108,0.03822916800657321,0.34629144980283916,0.9005796666395623,0.1,False
14.22014468794683,0.038229808698283456,0.34613696357938306,0.9005382060687955,0.1,False
14.225736567726546,0.03823044912295366,0.345982541748664,0.900496729597235,0.1,False
14.231328447506264,0.03823108928036559,0.3458281843634952,0.9004552372407563,0.1,False
14.236920327285986,0.03823172917030205,0.3456738914761643,0.9004137290151604,0.1,False
14.242512207065705,0.038232368792548196,0.3455196631384386,0.9003722049361713,0.1,False
14.248104086845425,0.03823300814689138,0.3453654994015632,0.9003306650194358,0.1,False
14.253695966625145,0.038233647233121226,0.34521140031626923,0.9002891092805249,0.1,False
14.259287846404865,0.03823428605102929,0.3450573659327696,0.9002475377349325,0.1,False
14.264879726184583,0.03823492460040959,0.3449033963007704,0.9002059503980777,0.1,False
14.270471605964302,0.038235562881057804,0.344749491469464,0.9001643472853037,0.1,False
14.276063485744022,0.0382362008927721,0.34459565148754095,0.9001227284118787,0.1,False
14.281655365523742,0.03823683863535248,0.34444187640318574,0.9000810937929961,0.1,False
14.28724724530346,0.03823747610860121,0.3442881662640822,0.9000394434437742,0.1,False
14.292839125083182,0.03823811331232254,0.34413452111741755,0.8999977773792579,0.1,False
14.2984310048629,0.038238750246322735,0.3439809410098818,0.8999560956144171,0.1,False
14.30402288464262,0.038239386910410164,0.34382742598767135,0.8999143981641484,0.1,False
14.30961476442234,0.03824002330439518,0.3436739760964949,0.8998726850432756,0.1,False
14.31520664420206,0.03824065942809012,0.3435205913815707,0.8998309562665483,0.1,False
14.320798523981777,0.03824129528130956,0.343367271887632,0.8997892118486434,0.1,False
14.326390403761495,0.03824193086386976,0.3432140176589301,0.8997474518041656,0.1,False
14.331982283541217,0.03824256617558928,0.3430608287392347,0.8997056761476463,0.1,False
14.337574163320935,0.038243201216288464,0.3429077051718415,0.8996638848935465,0.1,False
14.343166043100656,0.03824383598578952,0.34275464699956665,0.8996220780562546,0.1,False
14.348757922880376,0.0382444704839171,0.3426016542647553,0.8995802556500861,0.1,False
14.354349802660096,0.03824510471049727,0.342448727009284,0.8995384176892878,0.1,False
14.359941682439814,0.03824573866535829,0.3422958652745586,0.8994965641880333,0.1,False
14.365533562219534,0.03824637234833032,0.3421430691015224,0.8994546951604271,0.1,False
14.371125441999252,0.03824700575924532,0.3419903385306542,0.8994128106205025,0.1,False
14.376717321778973,0.038247638897937364,0.34183767360197453,0.899370910582223,0.1,False
14.38230920155869,0.03824827176424237,0.34168507435504397,0.8993289950594815,0.1,False
14.387901081338413,0.03824890435799793,0.34153254082896667,0.899287064066102,0.1,False
14.393492961118131,0.03824953667904384,0.34138007306239737,0.899245117615839,0.1,False
14.399084840897851,0.0382501687272216,0.34122767109353686,0.8992031557223774,0.1,False
14.404676720677571,0.03825080050237454,0.34107533496014014,0.8991611783993341,0.1,False
14.410268600457288,0.03825143200434789,0.34092306469951456,0.8991191856602568,0.1,False
14.415860480237008,0.038252063232988666,0.3407708603485246,0.8990771775186254,0.1,False
14.421452360016728,0.038252694188145725,0.3406187219435932,0.8990351539878514,0.1,False
14.427044239796448,0.03825332486966979,0.34046664952070566,0.8989931150812784,0.1,False
14.432636119576166,0.0382539552774135,0.34031464311540915,0.8989510608121829,0.1,False
14.438227999355888,0.038254585411231064,0.3401627027628184,0.8989089911937739,0.1,False
14.443819879135606,0.03825521527097869,0.340010828497615,0.8988669062391931,0.1,False
14.449411758915327,0.03825584485651421,0.33985902035405247,0.8988248059615161,0.1,False
14.455003638695045,0.03825647416769732,0.3397072783659546,0.8987826903737517,0.1,False
14.460595518474765,0.03825710320438938,0.3395556025667215,0.8987405594888421,0.1,False
14.466187398254483,0.03825773196645365,0.33940399298933155,0.898698413319664,0.1,False
14.471779278034203,0.03825836045375502,0.33925244966634177,0.8986562518790284,0.1,False
14.477371157813923,0.03825898866616012,0.33910097262989064,0.8986140751796804,0.1,False
14.482963037593644,0.03825961660353742,0.3389495619117005,0.8985718832342997,0.1,False
14.488554917373362,0.03826024426575706,0.33879821754307954,0.8985296760555012,0.1,False
14.494146797153084,0.038260871652690716,0.3386469395549266,0.8984874536558359,0.1,False
14.499738676932802,0.03826149876421173,0.3384957279777294,0.8984452160477898,0.1,False
14.505330556712519,0.03826212560019559,0.33834458284157,0.898402963243784,0.1,False
14.510922436492239,0.038262752160519074,0.33819350417612365,0.8983606952561762,0.1,False
14.516514316271959,0.038263378445060774,0.33804249201066244,0.8983184120972598,0.1,False
14.522106196051679,0.03826400445370088,0.33789154637406016,0.8982761137792655,0.1,False
14.527698075831397,0.038264630186321175,0.33774066729478996,0.8982338003143602,0.1,False
14.533289955611119,0.03826525564280525,0.33758985480092946,0.8981914717146475,0.1,False
14.538881835390837,0.0382658808230382,0.337439108920162,0.8981491279921688,0.1,False
14.544473715170557,0.03826650572690686,0.3372884296797785,0.8981067691589024,0.1,False
14.550065594950274,0.038267130354299544,0.33713781710668084,0.898064395226765,0.1,False
14.555657474729996,0.03826775470510632,0.3369872712273819,0.8980220062076102,0.1,False
14.561249354509714,0.0382683787792187,0.3368367920680101,0.8979796021132311,0.1,False
14.566841234289434,0.03826900257652995,0.33668637965430814,0.8979371829553577,0.1,False
14.572433114069154,0.038269626096934795,0.33653603401164,0.89789474874566,0.1,False
14.578024993848874,0.038270249340329535,0.33638575516498503,0.8978522994957454,0.1,False
14.583616873628593,0.03827087230661216,0.3362355431389514,0.897809835217162,0.1,False
14.589208753408315,0.03827149499568204,0.33608539795776576,0.8977673559213956,0.1,False
14.594800633188033,0.038272117407440305,0.33593531964528484,0.8977248616198725,0.1,False
14.60039251296775,0.03827273954178944,0.3357853082249926,0.8976823523239587,0.1,False
14.605984392747471,0.03827336139863356,0.33563536372000535,0.8976398280449602,0.1,False
14.61157627252719,0.03827398297787827,0.3354854861530682,0.8975972887941228,0.1,False
14.61716815230691,0.038274604279430684,0.3353356755465644,0.8975547345826334,0.1,False
14.622760032086628,0.03827522530319947,0.3351859319225114,0.8975121654216187,0.1,False
14.62835191186635,0.03827584604909476,0.335036255302566,0.8974695813221474,0.1,False
14.633943791646068,0.038276466517028186,0.334886645708027,0.8974269822952285,0.1,False
14.639535671425788,0.03827708670691286,0.3347371031598334,0.8973843683518131,0.1,False
14.645127551205507,0.03827770661866339,0.3345876276785686,0.897341739502793,0.1,False
14.650719430985227,0.0382783262521957,0.3344382192844622,0.8972990957590025,0.1,False
14.656311310764945,0.038278945607427464,0.3342888779973923,0.897256437131217,0.1,False
14.661903190544667,0.03827956468427762,0.3341396038368881,0.8972137636301551,0.1,False
14.667495070324385,0.038280183482666555,0.3339903968221301,0.8971710752664779,0.1,False
14.673086950104105,0.03828080200251614,0.3338412569719517,0.8971283720507881,0.1,False
14.678678829883824,0.038281420243749566,0.3336921843048424,0.8970856539936323,0.1,False
14.684270709663545,0.03828203820629161,0.333543178838951,0.8970429211055001,0.1,False
14.689862589443262,0.038282655890068275,0.3333942405920838,0.8970001733968239,0.1,False
14.69545446922298,0.03828327329500718,0.33324536958170836,0.8969574108779798,0.1,False
14.701046349002702,0.03828389042103721,0.33309656582495745,0.8969146335592879,0.1,False
14.70663822878242,0.03828450726808865,0.3329478293386266,0.896871841451012,0.1,False
14.71223010856214,0.0382851238360932,0.33279916013918065,0.8968290345633603,0.1,False
14.71782198834186,0.038285740124983855,0.3326505582427506,0.8967862129064851,0.1,False
14.72341386812158,0.03828635613469505,0.3325020236651389,0.8967433764904835,0.1,False
14.729005747901299,0.03828697186516264,0.33235355642182124,0.8967005253253972,0.1,False
14.734597627681019,0.038287587316323715,0.3322051565279464,0.8966576594212134,0.1,False
14.740189507460737,0.038288202488116645,0.33205682399834024,0.8966147787878641,0.1,False
14.745781387240458,0.038288817380481385,0.33190855884750453,0.8965718834352266,0.1,False
14.751373267020176,0.038289431993359,0.33176036108962065,0.8965289733731239,0.1,False
14.756965146799898,0.03829004632669196,0.3316122307385521,0.8964860486113247,0.1,False
14.762557026579616,0.038290660380424155,0.33146416780784627,0.8964431091595443,0.1,False
14.768148906359336,0.0382912741545005,0.33131617231073307,0.896400155027444,0.1,False
14.773740786139056,0.03829188764886748,0.33116824426013014,0.896357186224631,0.1,False
14.779332665918776,0.038292500863472766,0.33102038366864245,0.8963142027606599,0.1,False
14.784924545698493,0.03829311379826531,0.33087259054856577,0.8962712046450313,0.1,False
14.790516425478211,0.03829372645319542,0.3307248649118875,0.8962281918871938,0.1,False
14.796108305257933,0.03829433882821454,0.3305772067702868,0.8961851644965425,0.1,False
14.801700185037651,0.03829495092327548,0.3304296161351394,0.8961421224824203,0.1,False
14.807292064817371,0.03829556273833226,0.33028209301751815,0.8960990658541177,0.1,False
14.812883944597091,0.03829617427334022,0.33013463742819116,0.8960559946208727,0.1,False
14.818475824376812,0.038296785528255856,0.32998724937762924,0.8960129087918715,0.1,False
14.82406770415653,0.038297396503037,0.32983992887600455,0.8959698083762486,0.1,False
14.82965958393625,0.03829800719764257,0.329692675933191,0.8959266933830868,0.1,False
14.835251463715968,0.03829861761203282,0.32954549055876936,0.8958835638214179,0.1,False
14.840843343495688,0.03829922774616926,0.3293983727620263,0.8958404197002214,0.1,False
14.846435223275407,0.03829983760001447,0.3292513225519574,0.8957972610284277,0.1,False
14.852027103055129,0.03830044717353239,0.3291043399372684,0.8957540878149151,0.1,False
14.857618982834847,0.03830105646668796,0.32895742492637214,0.8957109000685104,0.1,False
14.863210862614567,0.03830166547944758,0.32881057752739956,0.8956676977979915,0.1,False
14.868802742394287,0.038302274211778606,0.32866379774819426,0.8956244810120854,0.1,False
14.874394622174007,0.03830288266364969,0.32851708559631565,0.8955812497194688,0.1,False
14.879986501953724,0.03830349083503052,0.32837044107904295,0.8955380039287696,0.1,False
14.885578381733444,0.03830409872589205,0.32822386420337185,0.8954947436485647,0.1,False
14.891170261513164,0.03830470633620643,0.3280773549760222,0.8954514688873826,0.1,False
14.896762141292882,0.038305313665946944,0.3279309134034332,0.895408179653701,0.1,False
14.902354021072602,0.03830592071508791,0.32778453949177033,0.8953648759559502,0.1,False
14.907945900852322,0.03830652748360497,0.327638233246924,0.89532155780251,0.1,False
14.913537780632042,0.03830713397147471,0.32749199467451195,0.8952782252017127,0.1,False
14.91912966041176,0.03830774017867498,0.3273458237798791,0.895234878161841,0.1,False
14.92472154019148,0.03830834610518464,0.32719972056810176,0.8951915166911296,0.1,False
14.930313419971199,0.03830895175098381,0.32705368504398824,0.8951481407977648,0.1,False
14.93590529975092,0.038309557116053376,0.32690771721208034,0.8951047504898859,0.1,False
14.94149717953064,0.03831016220037566,0.32676181707665447,0.8950613457755834,0.1,False
14.94708905931036,0.03831076700393403,0.32661598464172076,0.8950179266628994,0.1,False
14.952680939090078,0.038311371526713,0.32647021991102965,0.8949744931598294,0.1,False
14.9582728188698,0.03831197576869802,0.32632452288806973,0.8949310452743211,0.1,False
14.963864698649518,0.038312579729875604,0.32617889357606866,0.8948875830142752,0.1,False
14.969456578429234,0.03831318341023343,0.3260333319780014,0.8948441063875463,0.1,False
14.975048458208954,0.038313786809760206,0.3258878380965801,0.8948006154019408,0.1,False
14.980640337988675,0.03831438992844566,0.32574241193426606,0.8947571100652192,0.1,False
14.986232217768395,0.038314992766280684,0.3255970534932642,0.894713590385095,0.1,False
14.991824097548113,0.038315595323257075,0.3254517627755281,0.8946700563692358,0.1,False
14.997415977327835,0.03831619759936773,0.3253065397827627,0.8946265080252632,0.1,False
15.003007857107553,0.038316799594606626,0.32516138451642146,0.8945829453607528,0.1,False
15.008599736887273,0.03831740130896869,0.32501629697770884,0.8945393683832334,0.1,False
15.014191616666993,0.03831800274244991,0.3248712771675866,0.8944957771001902,0.1,False
15.019783496446712,0.038318603895047314,0.3247263250867676,0.8944521715190609,0.1,False
15.02537537622643,0.03831920476675894,0.32458144073572437,0.8944085516472394,0.1,False
15.03096725600615,0.03831980535758373,0.3244366241146818,0.8943649174920731,0.1,False
15.03655913578587,0.03832040566752176,0.3242918752236284,0.8943212690608654,0.1,False
15.04215101556559,0.03832100569657404,0.32414719406231335,0.8942776063608752,0.1,False
15.047742895345309,0.03832160544474254,0.3240025806302445,0.8942339293993157,0.1,False
15.05333477512503,0.038322204912030304,0.32385803492669357,0.8941902381833562,0.1,False
15.058926654904749,0.038322804098441306,0.3237135569506998,0.8941465327201221,0.1,False
15.064518534684465,0.038323403003980364,0.32356914670106374,0.8941028130166941,0.1,False
15.070110414464185,0.03832400162865348,0.32342480417635644,0.8940590790801093,0.1,False
15.075702294243905,0.03832459997246741,0.3232805293749149,0.8940153309173604,0.1,False
15.081294174023625,0.03832519803543011,0.3231363222948469,0.8939715685353966,0.1,False
15.086886053803344,0.03832579581755028,0.322992182934032,0.8939277919411242,0.1,False
15.092477933583066,0.03832639331883762,0.3228481112901216,0.8938840011414059,0.1,False
15.098069813362784,0.03832699053930277,0.3227041073605409,0.8938401961430609,0.1,False
15.103661693142504,0.038327587478957335,0.32256017114249047,0.8937963769528661,0.1,False
15.109253572922224,0.038328184137813866,0.3224163026329467,0.8937525435775545,0.1,False
15.114845452701942,0.03832878051588567,0.3222725018286638,0.8937086960238176,0.1,False
15.12043733248166,0.03832937661318714,0.3221287687261728,0.8936648342983032,0.1,False
15.126029212261383,0.0383299724297335,0.3219851033217884,0.8936209584076178,0.1,False
15.131621092041101,0.03833056796554154,0.3218415056116024,0.8935770683583228,0.1,False
15.137212971820821,0.03833116322062731,0.3216979755914925,0.8935331641569426,0.1,False
15.14280485160054,0.03833175819500924,0.3215545132571201,0.8934892458099559,0.1,False
15.148396731380261,0.03833235288870618,0.3214111186039317,0.893445313323801,0.1,False
15.15398861115998,0.03833294730173784,0.3212677916271583,0.8934013667048737,0.1,False
15.159580490939696,0.03833354143412489,0.32112453232182026,0.8933574059595292,0.1,False
15.165172370719418,0.03833413528588878,0.32098134068272555,0.8933134310940806,0.1,False
15.170764250499136,0.03833472885705196,0.320838216704474,0.8932694421148007,0.1,False
15.176356130278856,0.038335322147637664,0.32069516038145557,0.8932254390279208,0.1,False
15.181948010058576,0.03833591515766993,0.32055217170785166,0.8931814218396312,0.1,False
15.187539889838297,0.03833650788717372,0.3204092506776375,0.8931373905560814,0.1,False
15.193131769618015,0.038337100336174865,0.32026639728458434,0.8930933451833807,0.1,False
15.198723649397735,0.038337692504700024,0.32012361152225965,0.8930492857275979,0.1,False
15.204315529177453,0.03833828439277663,0.31998089338402635,0.8930052121947613,0.1,False
15.209907408957173,0.03833887600043313,0.31983824286304846,0.8929611245908595,0.1,False
15.215499288736892,0.038339467327698586,0.31969565995228727,0.8929170229218406,0.1,False
15.221091168516613,0.03834005837460308,0.31955314464450674,0.8928729071936136,0.1,False
15.226683048296332,0.03834064914117728,0.3194106969322703,0.8928287774120469,0.1,False
15.232274928076052,0.038341239627452846,0.3192683168079458,0.89278463358297,0.1,False
15.237866807855772,0.038341829833462314,0.3191260042637071,0.8927404757121729,0.1,False
15.243458687635492,0.038342419759238806,0.31898375929152895,0.8926963038054057,0.1,False
15.24905056741521,0.0383430094048164,0.3188415818831962,0.8926521178683802,0.1,False
15.254642447194927,0.038343598770230025,0.3186994720303009,0.8926079179067686,0.1,False
15.260234326974649,0.038344187855515244,0.31855742972424284,0.892563703926205,0.1,False
15.265826206754367,0.038344776660708485,0.31841545495623247,0.8925194759322843,0.1,False
15.271418086534087,0.03834536518584698,0.3182735477172905,0.8924752339305625,0.1,False
15.277009966313807,0.0383459534309687,0.31813170799824997,0.8924309779265578,0.1,False
15.282601846093527,0.03834654139611235,0.31798993578975693,0.8923867079257498,0.1,False
15.288193725873246,0.03834712908131758,0.31784823108227145,0.8923424239335797,0.1,False
15.293785605652968,0.038347716486624696,0.3177065938660713,0.8922981259554513,0.1,False
15.299377485432684,0.03834830361207461,0.31756502413124776,0.8922538139967304,0.1,False
15.304969365212404,0.03834889045770925,0.3174235218677114,0.8922094880627451,0.1,False
15.310561244992122,0.03834947702357127,0.3172820870651904,0.8921651481587847,0.1,False
15.316153124771844,0.03835006330970393,0.31714071971323343,0.8921207942901027,0.1,False
15.321745004551563,0.03835064931615124,0.31699941980121027,0.8920764264619148,0.1,False
15.327336884331283,0.03835123504295801,0.3168581873183102,0.8920320446793987,0.1,False
15.332928764111003,0.03835182049016981,0.3167170222535484,0.891987648947696,0.1,False
15.338520643890723,0.038352405657832836,0.31657592459576217,0.8919432392719111,0.1,False
15.34411252367044,0.038352990545994024,0.31643489433361405,0.8918988156571115,0.1,False
15.34970440345016,0.038353575154701204,0.31629393145559415,0.891854378108328,0.1,False
15.35529628322988,0.038354159484002774,0.31615303595001776,0.8918099266305552,0.1,False
15.360888163009598,0.03835474353394806,0.3160122078050273,0.8917654612287498,0.1,False
15.366480042789318,0.03835532730458673,0.3158714470085969,0.8917209819078342,0.1,False
15.372071922569038,0.03835591079596936,0.31573075354852975,0.891676488672694,0.1,False
15.377663802348758,0.03835649400814719,0.31559012741246023,0.8916319815281786,0.1,False
15.383255682128476,0.03835707694117219,0.315449568587854,0.8915874604791012,0.1,False
15.388847561908198,0.038357659595097036,0.3153090770620111,0.8915429255302398,0.1,False
15.394439441687915,0.03835824196997504,0.31516865282206546,0.8914983766863367,0.1,False
15.400031321467635,0.03835882406586018,0.31502829585498554,0.8914538139520986,0.1,False
15.405623201247355,0.0383594058828073,0.31488800614757795,0.8914092373321967,0.1,False
15.411215081027075,0.03835998742087158,0.31474778368648243,0.8913646468312668,0.1,False
15.416806960806793,0.03836056868010918,0.31460762845817886,0.8913200424539097,0.1,False
15.422398840586514,0.03836114966057678,0.31446754044898756,0.8912754242046913,0.1,False
15.427990720366234,0.03836173036233183,0.3143275196450685,0.891230792088143,0.1,False
15.433582600145954,0.0383623107854322,0.3141875660324209,0.8911861461087608,0.1,False
15.43917447992567,0.03836289092993675,0.3140476795968861,0.891141486271006,0.1,False
15.44476635970539,0.03836347079590482,0.31390786032415074,0.891096812579306,0.1,False
15.45035823948511,0.038364050383396305,0.3137681081997432,0.8910521250380532,0.1,False
15.455950119264829,0.03836462969247191,0.3136284232090365,0.8910074236516061,0.1,False
15.46154199904455,0.038365208723192885,0.31348880533725093,0.8909627084242892,0.1,False
15.467133878824269,0.03836578747562114,0.3133492545694529,0.8909179793603926,0.1,False
15.472725758603989,0.03836636594981922,0.3132097708905552,0.8908732364641726,0.1,False
15.478317638383707,0.03836694414585026,0.3130703542853206,0.8908284797398519,0.1,False
15.483909518163427,0.038367522063778005,0.31293100473836133,0.8907837091916198,0.1,False
15.489501397943146,0.038368099703667106,0.3127917222341393,0.8907389248236307,0.1,False
15.495093277722866,0.038368677065582384,0.31265250675696793,0.8906941266400074,0.1,False
15.500685157502586,0.0383692541495896,0.31251335829101123,0.8906493146448374,0.1,False
15.506277037282306,0.03836983095575493,0.31237427682029084,0.8906044888421775,0.1,False
15.511868917062024,0.03837040748414523,0.31223526232867616,0.8905596492360488,0.1,False
15.517460796841746,0.038370983734827994,0.31209631479989586,0.890514795830441,0.1,False
15.523052676621464,0.03837155970787135,0.3119574342175326,0.8904699286293104,0.1,False
15.528644556401185,0.03837213540334392,0.3118186205650287,0.8904250476365815,0.1,False
15.534236436180901,0.03837271082131491,0.3116798738256795,0.890380152856145,0.1,False
15.539828315960621,0.03837328596185418,0.3115411939826416,0.8903352442918594,0.1,False
15.545420195740341,0.038373860825032226,0.3114025810189305,0.8902903219475512,0.1,False
15.55101207552006,0.03837443541091988,0.31126403491741994,0.8902453858270142,0.1,False
15.556603955299781,0.0383750097195887,0.3111255556608467,0.8902004359340104,0.1,False
15.5621958350795,0.038375583751111,0.31098714323181004,0.8901554722722695,0.1,False
15.56778771485922,0.03837615750555946,0.31084879761277123,0.8901104948454897,0.1,False
15.57337959463894,0.038376730983007264,0.31071051878605177,0.8900655036573359,0.1,False
15.578971474418658,0.038377304183528305,0.31057230673384273,0.8900204987114435,0.1,False
15.584563354198377,0.03837787710719712,0.3104341614381982,0.8899754800114144,0.1,False
15.590155233978098,0.0383784497540885,0.31029608288103816,0.8899304475608204,0.1,False
15.595747113757817,0.03837902212427805,0.3101580710441492,0.8898854013632007,0.1,False
15.601338993537537,0.03837959421784183,0.3100201259091862,0.8898403414220641,0.1,False
15.606930873317255,0.03838016603485633,0.30988224745767423,0.8897952677408885,0.1,False
15.612522753096977,0.0383807375753989,0.30974443567100474,0.8897501803231191,0.1,False
15.618114632876695,0.038381308839547074,0.3096066905304412,0.8897050791721722,0.1,False
15.623706512656412,0.0383818798273791,0.30946901201711674,0.8896599642914313,0.1,False
15.629298392436134,0.03838245053897373,0.3093314001120376,0.8896148356842509,0.1,False
15.634890272215852,0.038383020974410244,0.30919385479608297,0.8895696933539539,0.1,False
15.640482151995572,0.03838359113376848,0.3090563760500041,0.8895245373038326,0.1,False
15.64607403177529,0.03838416101712871,0.30891896385442863,0.88947936753715,0.1,False
15.651665911555012,0.038384730624571824,0.3087816181898567,0.8894341840571371,0.1,False
15.65725779133473,0.03838529995617916,0.30864433903666416,0.8893889868669956,0.1,False
15.66284967111445,0.038385869012032586,0.30850712637510636,0.8893437759698974,0.1,False
15.66844155089417,0.038386437792214526,0.3083699801853141,0.889298551368984,0.1,False
15.674033430673889,0.03838700629680783,0.3082329004472966,0.8892533130673668,0.1,False
15.679625310453607,0.038387574525895876,0.3080958871409404,0.8892080610681277,0.1,False
15.68521719023333,0.03838814247956292,0.307958940246014,0.8891627953743176,0.1,False
15.690809070013048,0.03838871015789325,0.3078220597421676,0.8891175159889603,0.1,False
15.696400949792768,0.0383892775609711,0.30768524560892796,0.8890722229150495,0.1,False
15.701992829572488,0.0383898446888821,0.30754849782570576,0.889026916155548,0.1,False
15.707584709352208,0.0383904115417122,0.3074118163717972,0.8889815957133907,0.1,False
15.713176589131926,0.03839097811954785,0.3072752012263789,0.8889362615914821,0.1,False
15.718768468911643,0.03839154442247573,0.30713865236851345,0.8888909137926989,0.1,False
15.724360348691365,0.038392110450583224,0.3070021697771465,0.8888455523198877,0.1,False
15.729952228471083,0.03839267620395807,0.3068657534311104,0.8888001771758668,0.1,False
15.735544108250803,0.03839324168268853,0.3067294033091238,0.8887547883634255,0.1,False
15.741135988030523,0.03839380688686334,0.3065931193897932,0.8887093858853247,0.1,False
15.746727867810243,0.038394371816571626,0.30645690165161227,0.8886639697442964,0.1,False
15.752319747589961,0.03839493647190296,0.3063207500729627,0.8886185399430445,0.1,False
15.757911627369683,0.03839550085294759,0.30618466463211796,0.8885730964842442,0.1,False
15.7635035071494,0.03839606495979597,0.30604864530723774,0.8885276393705419,0.1,False
15.76909538692912,0.03839662879253909,0.3059126920763768,0.8884821686045575,0.1,False
15.774687266708838,0.0383971923512685,0.3057768049174772,0.8884366841888804,0.1,False
15.78027914648856,0.03839775563607594,0.30564098380837507,0.8883911861260737,0.1,False
15.785871026268278,0.03839831864705388,0.30550522872680114,0.8883456744186725,0.1,False
15.791462906047999,0.038398881384295036,0.305369539650375,0.8883001490691829,0.1,False
15.797054785827719,0.03839944384789269,0.3052339165566158,0.8882546100800844,0.1,False
15.802646665607439,0.03840000603794049,0.3050983594229334,0.8882090574538282,0.1,False
15.808238545387157,0.03840056795453255,0.30496286822663615,0.8881634911928383,0.1,False
15.813830425166874,0.038401129597763255,0.30482744294492664,0.8881179112995116,0.1,False
15.819422304946595,0.03840169096772768,0.3046920835549061,0.8880723177762169,0.1,False
15.825014184726314,0.03840225206452124,0.3045567900335733,0.8880267106252959,0.1,False
15.830606064506034,0.03840281288823972,0.30442156235782314,0.8879810898490633,0.1,False
15.836197944285754,0.03840337343897933,0.30428640050445416,0.8879354554498075,0.1,False
15.841789824065474,0.03840393371683665,0.3041513044501587,0.8878898074297881,0.1,False
15.847381703845192,0.03840449372190878,0.3040162741715335,0.8878441457912393,0.1,False
15.852973583624914,0.03840505345429317,0.3038813096450746,0.887798470536368,0.1,False
15.85856546340463,0.03840561291408765,0.30374641084718024,0.8877527816673542,0.1,False
15.86415734318435,0.03840617210139054,0.3036115777541513,0.8877070791863517,0.1,False
15.86974922296407,0.03840673101630049,0.3034768103421906,0.8876613630954873,0.1,False
15.875341102743791,0.038407289658916564,0.30334210858740485,0.8876156333968616,0.1,False
15.88093298252351,0.0384078480293382,0.3032074724658066,0.887569890092549,0.1,False
15.88652486230323,0.03840840612766535,0.3030729019533105,0.8875241331845973,0.1,False
15.89211674208295,0.03840896395399818,0.30293839702573827,0.8874783626750281,0.1,False
15.89770862186267,0.038409521508437426,0.30280395765881823,0.8874325785658371,0.1,False
15.903300501642386,0.03841007879108407,0.30266958382818526,0.8873867808589944,0.1,False
15.908892381422106,0.03841063580203951,0.30253527550937964,0.8873409695564428,0.1,False
15.914484261201826,0.03841119254140561,0.30240103267785345,0.8872951446601012,0.1,False
15.920076140981545,0.03841174900928448,0.3022668553089647,0.8872493061718615,0.1,False
15.925668020761266,0.03841230520577846,0.30213274337797896,0.8872034540935898,0.1,False
15.931259900540985,0.0384128611309912,0.30199869686007624,0.8871575884271263,0.1,False
15.936851780320705,0.03841341678502529,0.30186471573034357,0.8871117091742875,0.1,False
15.942443660100423,0.0384139721679846,0.30173079996378077,0.8870658163368632,0.1,False
15.948035539880145,0.03841452727997327,0.3015969495353,0.8870199099166183,0.1,False
15.953627419659862,0.03841508212109558,0.30146316441972115,0.886973989915291,0.1,False
15.959219299439582,0.03841563669145631,0.3013294445917821,0.8869280563345964,0.1,False
15.964811179219302,0.03841619099116063,0.3011957900261322,0.8868821091762235,0.1,False
15.970403058999022,0.03841674502031397,0.3010622006973356,0.8868361484418364,0.1,False
15.97599493877874,0.038417298779022266,0.30092867657987055,0.8867901741330744,0.1,False
15.981586818558462,0.038417852267391514,0.30079521764813044,0.8867441862515523,0.1,False
15.98717869833818,0.038418405485528336,0.3006618238764235,0.8866981847988591,0.1,False
15.9927705781179,0.03841895843353968,0.30052849523897834,0.8866521697765606,0.1,False
15.998362457897617,0.038419511111532606,0.3003952317099356,0.8866061411861968,0.1,False
16.003954337677335,0.03842006351961485,0.3002620332633555,0.8865600990292832,0.1,False
16.009546217457057,0.03842061565789424,0.30012889987321695,0.8865140433073119,0.1,False
16.015138097236775,0.03842116752647903,0.2999958315134187,0.88646797402175,0.1,False
16.020729977016497,0.038421719125477725,0.299862828157774,0.8864218911740402,0.1,False
16.026321856796216,0.038422270454999304,0.2997298897800238,0.886375794765602,0.1,False
16.031913736575937,0.03842282151515291,0.2995970163538201,0.8863296847978289,0.1,False
16.037505616355656,0.03842337230604833,0.2994642078527417,0.8862835612720915,0.1,False
16.043097496135374,0.03842392282779525,0.29933146425028884,0.8862374241897372,0.1,False
16.048689375915092,0.03842447308050393,0.29919878551988127,0.8861912735520878,0.1,False
16.054281255694814,0.03842502306428484,0.29906617163486465,0.8861451093604438,0.1,False
16.059873135474533,0.03842557277924904,0.2989336225685053,0.8860989316160793,0.1,False
16.065465015254254,0.03842612222550758,0.29880113829399374,0.8860527403202463,0.1,False
16.071056895033973,0.03842667140317189,0.29866871878444384,0.8860065354741726,0.1,False
16.07664877481369,0.03842722031235386,0.2985363640128966,0.8859603170790634,0.1,False
16.08224065459341,0.038427768953165554,0.2984040739523156,0.885914085136099,0.1,False
16.08783253437313,0.03842831732571941,0.29827184857559313,0.8858678396464382,0.1,False
16.09342441415285,0.03842886543012815,0.2981396878555458,0.8858215806112155,0.1,False
16.099016293932568,0.03842941326650473,0.29800759176491703,0.8857753080315419,0.1,False
16.10460817371229,0.03842996083496252,0.2978755602763779,0.8857290219085058,0.1,False
16.110200053492008,0.03843050813561517,0.2977435933625284,0.8856827222431726,0.1,False
16.115791933271726,0.03843105516857654,0.29761169099589707,0.885636409036585,0.1,False
16.121383813051448,0.03843160193396087,0.29747985314893893,0.885590082289762,0.1,False
16.126975692831166,0.03843214843188268,0.297348079794041,0.8855437420037003,0.1,False
16.132567572610885,0.038432694662456544,0.2972163709035199,0.885497388179375,0.1,False
16.138159452390603,0.03843324062579816,0.2970847264496222,0.8854510208177351,0.1,False
16.143751332170325,0.03843378632202246,0.2969531464045239,0.8854046399197103,0.1,False
16.149343211950043,0.038434331751245054,0.296821630740337,0.8853582454862079,0.1,False
16.15493509172976,0.038434876913582015,0.29669017942910036,0.8853118375181103,0.1,False
16.160526971509483,0.03843542180914949,0.29655879244279065,0.8852654160162801,0.1,False
16.166118851289202,0.03843596643806401,0.2964274697533115,0.8852189809815553,0.1,False
16.171710731068924,0.03843651080044234,0.29629621133250417,0.8851725324147531,0.1,False
16.177302610848642,0.03843705489640157,0.29616501715214355,0.8851260703166686,0.1,False
16.18289449062836,0.03843759872605893,0.2960338871839364,0.8850795946880736,0.1,False
16.18848637040808,0.038438142289532046,0.29590282139952834,0.8850331055297196,0.1,False
16.194078250187797,0.03843868558693882,0.2957718197704976,0.8849866028423349,0.1,False
16.19967012996752,0.03843922861839733,0.29564088226835894,0.884940086626626,0.1,False
16.205262009747237,0.038439771384026024,0.2955100088645629,0.8848935568832779,0.1,False
16.21085388952696,0.03844031388394354,0.2953791995304992,0.8848470136129544,0.1,False
16.216445769306677,0.038440856118268675,0.29524845423749335,0.8848004568162969,0.1,False
16.2220376490864,0.03844139808712065,0.2951177729568076,0.8847538864939255,0.1,False
16.227629528866117,0.03844193979061895,0.294987155659644,0.8847073026464385,0.1,False
16.233221408645836,0.03844248122888322,0.294856602317143,0.8846607052744129,0.1,False
16.238813288425554,0.03844302240203331,0.2947261129003839,0.8846140943784045,0.1,False
16.244405168205276,0.03844356331018946,0.2945956873803852,0.8845674699589473,0.1,False
16.249997047984994,0.03844410395347211,0.29446532572810635,0.8845208320165543,0.1,False
16.255588927764716,0.038444644332001884,0.2943350279144492,0.8844741805517182,0.1,False
16.261180807544434,0.03844518444589976,0.2942047939102515,0.8844275155649086,0.1,False
16.266772687324153,0.03844572429528687,0.2940746236862982,0.8843808370565762,0.1,False
16.272364567103875,0.03844626388028459,0.29394451721331183,0.8843341450271489,0.1,False
16.27795644688359,0.038446803201014644,0.29381447446196,0.884287439477035,0.1,False
16.28354832666331,0.03844734225759879,0.2936844954028512,0.884240720406621,0.1,False
16.28914020644303,0.038447881050159255,0.29355458000653945,0.8841939878162733,0.1,False
16.29473208622275,0.03844841957881837,0.29342472824352117,0.8841472417063376,0.1,False
16.30032396600247,0.038448957843698645,0.2932949400842366,0.8841004820771386,0.1,False
16.30591584578219,0.03844949584492293,0.29316521549907093,0.8840537089289803,0.1,False
16.31150772556191,0.03845003358261431,0.2930355544583557,0.8840069222621464,0.1,False
16.317099605341628,0.03845057105689598,0.2929059569323627,0.8839601220768996,0.1,False
16.322691485121346,0.03845110826789157,0.29277642289131695,0.8839133083734831,0.1,False
16.32828336490107,0.03845164521572449,0.2926469523053841,0.8838664811521195,0.1,False
16.333875244680787,0.03845218190051884,0.2925175451446791,0.8838196404130105,0.1,False
16.339467124460505,0.0384527183223988,0.2923882013792628,0.883772786156338,0.1,False
16.345059004240227,0.0384532544814887,0.2922589209791463,0.8837259183822646,0.1,False
16.350650884019945,0.03845379037791318,0.2921297039142865,0.8836790370909315,0.1,False
16.356242763799663,0.038454326011796956,0.29200055015458676,0.8836321422824603,0.1,False
16.361834643579385,0.038454861383265065,0.2918714596699029,0.8835852339569528,0.1,False
16.367426523359104,0.038455396492442756,0.2917424324300366,0.8835383121144901,0.1,False
16.373018403138822,0.038455931339455476,0.2916134684047441,0.8834913767551357,0.1,False
16.37861028291854,0.038456465924428786,0.2914845675637265,0.8834444278789307,0.1,False
16.384202162698262,0.03845700024748854,0.2913557298766377,0.8833974654858983,0.1,False
16.38979404247798,0.038457534308760914,0.29122695531308196,0.8833504895760406,0.1,False
16.3953859222577,0.03845806810837205,0.29109824384261596,0.8833035001493414,0.1,False
16.40097780203742,0.038458601646448445,0.2909695954347446,0.8832564972057638,0.1,False
16.40656968181714,0.03845913492311667,0.29084101005892904,0.8832094807452526,0.1,False
16.41216156159686,0.038459667938503535,0.29071248768458013,0.8831624507677329,0.1,False
16.417753441376576,0.038460200692736306,0.2905840282810622,0.883115407273109,0.1,False
16.423345321156297,0.038460733185942036,0.29045563181769257,0.8830683502612676,0.1,False
16.428937200936016,0.03846126541824819,0.290327298263744,0.8830212797320763,0.1,False
16.434529080715738,0.038461797389782414,0.2901990275884411,0.8829741956853824,0.1,False
16.440120960495456,0.03846232910067249,0.2900708197609627,0.8829270981210141,0.1,False
16.445712840275178,0.03846286055104641,0.28994267475044466,0.8828799870387819,0.1,False
16.451304720054896,0.03846339174103245,0.2898145925259752,0.8828328624384755,0.1,False
16.456896599834618,0.03846392267075887,0.2896865730566016,0.8827857243198678,0.1,False
16.462488479614336,0.0384644533403542,0.2895586163113213,0.8827385726827103,0.1,False
16.46808035939405,0.038464983749947224,0.28943072225909217,0.8826914075267371,0.1,False
16.473672239173773,0.03846551389966682,0.28930289086882915,0.8826442288516638,0.1,False
16.47926411895349,0.03846604378964213,0.28917512210940255,0.8825970366571868,0.1,False
16.484855998733213,0.03846657342000245,0.2890474159496412,0.8825498309429839,0.1,False
16.49044787851293,0.03846710279087707,0.2889197723583291,0.8825026117087139,0.1,False
16.496039758292653,0.038467631902395785,0.28879219130421024,0.8824553789540174,0.1,False
16.50163163807237,0.03846816075468824,0.28866467275598817,0.882408132678517,0.1,False
16.50722351785209,0.03846868934788471,0.2885372166823241,0.8823608728818159,0.1,False
16.512815397631808,0.03846921768211497,0.28840982305183777,0.8823135995635,0.1,False
16.51840727741153,0.038469745757509395,0.2882824918331083,0.8822663127231358,0.1,False
16.52399915719125,0.038470273574198494,0.2881552229946773,0.8822190123602729,0.1,False
16.52959103697097,0.038470801132312875,0.2880280165050441,0.8821716984744413,0.1,False
16.53518291675069,0.03847132843198334,0.2879008723326689,0.8821243710651537,0.1,False
16.540774796530407,0.03847185547334083,0.2877737904459728,0.8820770301319037,0.1,False
16.546366676310125,0.038472382256516564,0.28764677081333906,0.8820296756741679,0.1,False
16.551958556089847,0.0384729087816417,0.2875198134031129,0.8819823076914048,0.1,False
16.557550435869565,0.03847343504884766,0.28739291818359985,0.8819349261830548,0.1,False
16.563142315649284,0.03847396105826602,0.287266085123069,0.8818875311485402,0.1,False
16.568734195429005,0.038474486810028546,0.28713931418975097,0.8818401225872652,0.1,False
16.574326075208724,0.03847501230426719,0.2870126053518413,0.8817927004986171,0.1,False
16.579917954988442,0.03847553754111396,0.2868859585774965,0.8817452648819647,0.1,False
16.585509834768164,0.03847606252070104,0.2867593738348386,0.8816978157366595,0.1,False
16.591101714547882,0.03847658724316085,0.2866328510919537,0.8816503530620352,0.1,False
16.5966935943276,0.03847711170862587,0.2865063903168915,0.8816028768574082,0.1,False
16.602285474107322,0.03847763591722863,0.2863799914776656,0.8815553871220775,0.1,False
16.60787735388704,0.03847815986910204,0.2862536545422554,0.8815078838553237,0.1,False
16.61346923366676,0.03847868356437903,0.286127379478607,0.8814603670564112,0.1,False
16.619061113446477,0.03847920700319266,0.28600116625463007,0.881412836724586,0.1,False
16.6246529932262,0.03847973018567605,0.2858750148382006,0.881365292859078,0.1,False
16.630244873005918,0.03848025311196265,0.2857489251971612,0.8813177354590982,0.1,False
16.63583675278564,0.03848077578218593,0.2856228972993222,0.881270164523842,0.1,False
16.641428632565358,0.03848129819647956,0.28549693111245855,0.8812225800524865,0.1,False
16.64702051234508,0.0384818203549772,0.2853710266043146,0.8811749820441925,0.1,False
16.652612392124794,0.03848234225781281,0.2852451837426008,0.8811273704981032,0.1,False
16.658204271904513,0.03848286390512048,0.28511940249499623,0.8810797454133449,0.1,False
16.663796151684235,0.0384833852970343,0.28499368282914767,0.8810321067890268,0.1,False
16.669388031463953,0.0384839064336886,0.2848680247126722,0.8809844546242422,0.1,False
16.674979911243675,0.03848442731521789,0.28474242811315315,0.880936788918066,0.1,False
16.680571791023393,0.0384849479417566,0.2846168929981441,0.8808891096695575,0.1,False
16.686163670803115,0.03848546831343953,0.2844914193351686,0.8808414168777585,0.1,False
16.691755550582833,0.03848598843040131,0.2843660070917187,0.8807937105416948,0.1,False
16.69734743036255,0.038486508292776965,0.28424065623525685,0.8807459906603746,0.1,False
16.70293931014227,0.038487027900701624,0.2841153667332184,0.8806982572327908,0.1,False
16.70853118992199,0.03848754725431033,0.2839901385530029,0.8806505102579179,0.1,False
16.71412306970171,0.03848806635373844,0.2838649716619882,0.8806027497347155,0.1,False
16.719714949481432,0.0384885851991214,0.2837398660275181,0.880554975662126,0.1,False
16.72530682926115,0.03848910379059473,0.28361482161691076,0.8805071880390755,0.1,False
16.73089870904087,0.03848962212829417,0.2834898383974554,0.8804593868644734,0.1,False
16.73649058882059,0.03849014021235528,0.2833649163364136,0.8804115721372141,0.1,False
16.74208246860031,0.038490658042914024,0.2832400554010177,0.8803637438561742,0.1,False
16.747674348380027,0.03849117562010643,0.2831152555584755,0.8803159020202149,0.1,False
16.753266228159745,0.0384916929440686,0.28299051677596504,0.8802680466281804,0.1,False
16.758858107939467,0.03849221001493684,0.282865839020639,0.8802201776788993,0.1,False
16.764449987719185,0.03849272683284737,0.2827412222596239,0.8801722951711846,0.1,False
16.770041867498904,0.0384932433979366,0.2826166664600192,0.8801243991038327,0.1,False
16.775633747278626,0.03849375971034111,0.28249217158889856,0.8800764894756236,0.1,False
16.781225627058344,0.038494275770197615,0.2823677376133111,0.8800285662853224,0.1,False
16.786817506838062,0.038494791577642795,0.28224336450027937,0.8799806295316774,0.1,False
16.792409386617784,0.03849530713281357,0.282119052216801,0.8799326792134213,0.1,False
16.798001266397502,0.03849582243584686,0.2819948007298488,0.879884715329271,0.1,False
16.80359314617722,0.03849633748687978,0.28187061000637187,0.8798367378779276,0.1,False
16.80918502595694,0.038496852286049384,0.2817464800132933,0.8797887468580766,0.1,False
16.81477690573666,0.038497366833492995,0.2816224107175155,0.8797407422683882,0.1,False
16.82036878551638,0.03849788112934803,0.2814984020859134,0.8796927241075155,0.1,False
16.825960665296098,0.038498395173751886,0.2813744540853403,0.8796446923740978,0.1,False
16.83155254507582,0.038498908966842146,0.2812505666826254,0.8795966470667572,0.1,False
16.837144424855538,0.03849942250875593,0.28112673984457753,0.8795485881841036,0.1,False
16.842736304635256,0.038499935799632505,0.28100297353797976,0.8795005157247241,0.1,False
16.848328184414978,0.0385004488396083,0.2808792677295942,0.8794524296871993,0.1,False
16.853920064194696,0.038500961628821634,0.28075562238616075,0.8794043300700893,0.1,False
16.859511943974415,0.038501474167410586,0.28063203747439724,0.8793562168719397,0.1,False
16.865103823754136,0.038501986455513275,0.2805085129610003,0.8793080900912811,0.1,False
16.87069570353386,0.03850249849326786,0.2803850488126449,0.879259949726629,0.1,False
16.876287583313577,0.03850301028081262,0.28026164499598416,0.8792117957764833,0.1,False
16.881879463093295,0.03850352181828599,0.2801383014776522,0.8791636282393291,0.1,False
16.887471342873013,0.03850403310582637,0.2800150182242609,0.8791154471136361,0.1,False
16.89306322265273,0.03850454414357233,0.27989179520240254,0.8790672523978592,0.1,False
16.89865510243245,0.03850505493166253,0.27976863237864835,0.8790190440904377,0.1,False
16.90424698221217,0.03850556547023559,0.2796455297195511,0.8789708221897967,0.1,False
16.909838861991894,0.03850607575943037,0.2795224871916436,0.878922586694346,0.1,False
16.915430741771612,0.038506585799385706,0.27939950476143793,0.8788743376024801,0.1,False
16.92102262155133,0.03850709559024061,0.2792765823954287,0.8788260749125789,0.1,False
16.92661450133105,0.03850760513213399,0.27915372006009065,0.8787777986230081,0.1,False
16.932206381110767,0.038508114425205055,0.279030917721881,0.8787295087321174,0.1,False
16.937798260890485,0.038508623469592954,0.2789081753472381,0.8786812052382433,0.1,False
16.94339014067021,0.03850913226543695,0.2787854929025815,0.878632888139706,0.1,False
16.94898202044993,0.03850964081287626,0.27866287035431275,0.878584557434812,0.1,False
16.954573900229647,0.03851014911205048,0.27854030766881693,0.8785362131218529,0.1,False
16.960165780009365,0.038510657163099024,0.2784178048124604,0.8784878551991053,0.1,False
16.965757659789087,0.03851116496616141,0.27829536175159353,0.8784394836648323,0.1,False
16.971349539568806,0.038511672521377244,0.2781729784525494,0.8783910985172819,0.1,False
16.976941419348524,0.03851217982888626,0.27805065488164304,0.8783426997546869,0.1,False
16.982533299128246,0.038512686888828224,0.27792839100517547,0.8782942873752675,0.1,False
16.988125178907964,0.03851319370134292,0.277806186789428,0.8782458613772273,0.1,False
16.993717058687682,0.03851370026657022,0.2776840422006692,0.8781974217587575,0.1,False
16.9993089384674,0.038514206584650164,0.2775619572051498,0.8781489685180334,0.1,False
17.004900818247123,0.038514712655722816,0.27743993176910625,0.8781005016532172,0.1,False
17.01049269802684,0.03851521847992809,0.27731796585875795,0.8780520211624565,0.1,False
17.016084577806563,0.038515724057406255,0.27719605944031106,0.8780035270438845,0.1,False
17.02167645758628,0.03851622938829746,0.27707421247995545,0.8779550192956207,0.1,False
17.027268337366,0.03851673447274203,0.27695242494386685,0.87790649791577,0.1,False
17.032860217145718,0.0385172393108803,0.2768306967982063,0.8778579629024233,0.1,False
17.03845209692544,0.03851774390285255,0.2767090280091202,0.8778094142536578,0.1,False
17.044043976705158,0.03851824824879935,0.27658741854274294,0.8777608519675368,0.1,False
17.04963585648488,0.038518752348861034,0.27646586836519166,0.8777122760421091,0.1,False
17.055227736264598,0.038519256203178344,0.2763443774425731,0.8776636864754098,0.1,False
17.06081961604432,0.03851975981189194,0.27622294574097883,0.87761508326546,0.1,False
17.06641149582404,0.03852026317514241,0.27610157322648693,0.8775664664102669,0.1,False
17.072003375603753,0.03852076629307047,0.2759802598651643,0.8775178359078246,0.1,False
17.077595255383475,0.038521269165816885,0.27585900562306276,0.8774691917561125,0.1,False
17.083187135163193,0.0385217717935225,0.2757378104662232,0.8774205339530967,0.1,False
17.088779014942915,0.03852227417632824,0.27561667436067333,0.8773718624967295,0.1,False
17.094370894722633,0.03852277631437503,0.27549559727242817,0.8773231773849492,0.1,False
17.099962774502355,0.03852327820780385,0.27537457916749264,0.877274478615681,0.1,False
17.105554654282074,0.03852377985675571,0.27525362001185966,0.8772257661868371,0.1,False
17.111146534061792,0.038524281261371716,0.2751327197715094,0.8771770400963148,0.1,False
17.11673841384151,0.03852478242179295,0.275011878412411,0.8771283003419985,0.1,False
17.12233029362123,0.038525283338160625,0.2748910959005224,0.8770795469217593,0.1,False
17.12792217340095,0.038525784010615925,0.2747703722017914,0.8770307798334547,0.1,False
17.133514053180672,0.038526284439300194,0.2746497072821547,0.8769819990749284,0.1,False
17.13910593296039,0.03852678462435468,0.274529101107537,0.8769332046440108,0.1,False
17.14469781274011,0.03852728456592072,0.2744085536438552,0.8768843965385198,0.1,False
17.150289692519827,0.03852778426413971,0.27428806485701424,0.8768355747562591,0.1,False
17.15588157229955,0.038528283719153095,0.27416763471290984,0.8767867392950196,0.1,False
17.16147345207927,0.038528782931102394,0.2740472631774284,0.8767378901525785,0.1,False
17.167065331858986,0.038529281900129254,0.27392695021644553,0.8766890273266998,0.1,False
17.172657211638708,0.0385297806263749,0.2738066957958287,0.8766401508151359,0.1,False
17.178249091418426,0.038530279109981115,0.2736864998814347,0.8765912606156234,0.1,False
17.183840971198144,0.03853077735108947,0.2735663624391123,0.8765423567258879,0.1,False
17.189432850977862,0.03853127534984169,0.27344628343470195,0.8764934391436405,0.1,False
17.195024730757584,0.038531773106379376,0.27332626283403416,0.8764445078665806,0.1,False
17.200616610537306,0.038532270620844356,0.2732063006029325,0.8763955628923937,0.1,False
17.206208490317024,0.038532767893378395,0.2730863967072115,0.8763466042187527,0.1,False
17.211800370096743,0.038533264924123276,0.272966551112678,0.8762976318433174,0.1,False
17.21739224987646,0.03853376171322079,0.27284676378513023,0.876248645763735,0.1,False
17.22298412965618,0.038534258260812825,0.27272703469035947,0.8761996459776394,0.1,False
17.2285760094359,0.03853475456704135,0.2726073637941492,0.8761506324826517,0.1,False
17.23416788921562,0.03853525063204812,0.27248775106227585,0.8761016052763813,0.1,False
17.23975976899534,0.03853574645597525,0.27236819646050753,0.8760525643564225,0.1,False
17.24535164877506,0.03853624203896478,0.2722486999546086,0.8760035097203595,0.1,False
17.25094352855478,0.038536737381158585,0.2721292615103319,0.8759544413657617,0.1,False
17.256535408334496,0.03853723248269875,0.2720098810934266,0.8759053592901871,0.1,False
17.262127288114215,0.038537727343727325,0.2718905586696355,0.8758562634911806,0.1,False
17.267719167893937,0.0385382219643866,0.27177129420469476,0.8758071539662744,0.1,False
17.27331104767366,0.03853871634481839,0.271652087664334,0.875758030712989,0.1,False
17.278902927453377,0.03853921048516503,0.27153293901427655,0.8757088937288307,0.1,False
17.284494807233095,0.03853970438556863,0.27141384822024267,0.8756597430112951,0.1,False
17.290086687012817,0.03854019804617132,0.2712948152479424,0.8756105785578641,0.1,False
17.295678566792535,0.038540691467115445,0.2711758400630838,0.8755614003660069,0.1,False
17.301270446572254,0.03854118464854318,0.271056922631369,0.8755122084331817,0.1,False
17.306862326351972,0.038541677590596846,0.27093806291849537,0.8754630027568331,0.1,False
17.312454206131694,0.0385421702934185,0.2708192608901551,0.8754137833343946,0.1,False
17.318046085911412,0.03854266275715071,0.2707005165120351,0.8753645501632856,0.1,False
17.323637965691134,0.03854315498193566,0.2705818297498186,0.8753153032409147,0.1,False
17.329229845470852,0.03854364696791587,0.27046320056918555,0.875266042564678,0.1,False
17.33482172525057,0.03854413871523355,0.27034462893580563,0.8752167681319575,0.1,False
17.34041360503029,0.038544630224030985,0.27022611481535186,0.875167479940126,0.1,False
17.346005484810014,0.03854512149445065,0.27010765817349014,0.8751181779865426,0.1,False
17.35159736458973,0.038545612526634916,0.2699892589758821,0.8750688622685541,0.1,False
17.357189244369447,0.03854610332072624,0.2698709171881869,0.8750195327834954,0.1,False
17.36278112414917,0.03854659387686704,0.2697526327760603,0.8749701895286897,0.1,False
17.368373003928887,0.03854708419519971,0.26963440570515373,0.8749208325014477,0.1,False
17.373964883708606,0.03854757427586682,0.2695162359411183,0.8748714616990688,0.1,False
17.379556763488324,0.038548064119010725,0.26939812344959674,0.8748220771188389,0.1,False
17.38514864326805,0.03854855372477392,0.26928006819623385,0.8747726787580333,0.1,False
17.390740523047768,0.03854904309329895,0.26916207014667043,0.8747232666139154,0.1,False
17.396332402827486,0.0385495322247283,0.2690441292665439,0.8746738406837355,0.1,False
17.401924282607204,0.038550021119204456,0.26892624552149097,0.8746244009647337,0.1,False
17.407516162386923,0.03855050977686995,0.2688084188771448,0.874574947454137,0.1,False
17.41310804216664,0.038550998197867316,0.26869064929913516,0.8745254801491603,0.1,False
17.418699921946363,0.038551486382339156,0.2685729367530946,0.8744759990470086,0.1,False
17.424291801726085,0.038551974330427945,0.2684552812046507,0.8744265041448736,0.1,False
17.429883681505803,0.03855246204227616,0.26833768261942653,0.8743769954399349,0.1,False
17.43547556128552,0.038552949518026486,0.2682201409630493,0.8743274729293612,0.1,False
17.441067441065243,0.038553436757821434,0.26810265620114226,0.8742779366103103,0.1,False
17.446659320844958,0.03855392376180363,0.26798522829932764,0.8742283864799266,0.1,False
17.452251200624676,0.038554410530115595,0.2678678572232274,0.8741788225353444,0.1,False
17.457843080404402,0.03855489706289987,0.26775054293846134,0.8741292447736856,0.1,False
17.46343496018412,0.038555383360299095,0.2676332854106498,0.8740796531920609,0.1,False
17.46902683996384,0.038555869422455855,0.26751608460541115,0.8740300477875688,0.1,False
17.474618719743557,0.0385563552495127,0.26739894048836665,0.873980428557298,0.1,False
17.48021059952328,0.038556840841612317,0.26728185302513163,0.8739307954983231,0.1,False
17.485802479302997,0.03855732619889733,0.26716482218132587,0.8738811486077089,0.1,False
17.491394359082715,0.038557811321510135,0.2670478479225678,0.8738314878825094,0.1,False
17.496986238862437,0.0385582962095931,0.26693093021447656,0.8737818133197672,0.1,False
17.502578118642155,0.038558780863289226,0.26681406902266996,0.8737321249165113,0.1,False
17.508169998421874,0.038559265282741007,0.2666972643127673,0.873682422669761,0.1,False
17.513761878201596,0.03855974946809089,0.26658051605038885,0.8736327065765247,0.1,False
17.519353757981314,0.038560233419481525,0.2664638242011557,0.8735829766337991,0.1,False
17.524945637761032,0.03856071713705547,0.26634718873068775,0.8735332328385689,0.1,False
17.53053751754075,0.038561200620955347,0.2662306096046076,0.873483475187808,0.1,False
17.536129397320472,0.03856168387132365,0.26611408678853865,0.8734337036784798,0.1,False
17.54172127710019,0.038562166888302975,0.26599762024810647,0.8733839183075363,0.1,False
17.54731315687991,0.03856264967203584,0.26588120994893555,0.8733341190719175,0.1,False
17.55290503665963,0.03856313222266484,0.265764855856654,0.873284305968553,0.1,False
17.55849691643935,0.03856361454033247,0.2656485579368903,0.8732344789943609,0.1,False
17.564088796219067,0.03856409662518138,0.2655323161552758,0.8731846381462487,0.1,False
17.569680675998786,0.03856457847735401,0.2654161304774433,0.8731347834211128,0.1,False
17.57527255577851,0.03856506009699279,0.2653000008690259,0.8730849148158382,0.1,False
17.58086443555823,0.03856554148424035,0.2651839272956623,0.8730350323272993,0.1,False
17.586456315337948,0.0385660226392392,0.2650679097229906,0.8729851359523592,0.1,False
17.592048195117666,0.038566503562131746,0.2649519481166517,0.87293522568787,0.1,False
17.597640074897384,0.03856698425306049,0.26483604244229014,0.8728853015306736,0.1,False
17.603231954677103,0.038567464712167945,0.26472019266555225,0.8728353634776002,0.1,False
17.608823834456828,0.038567944939596574,0.2646043987520875,0.8727854115254693,0.1,False
17.614415714236547,0.038568424935488746,0.264488660667548,0.8727354456710902,0.1,False
17.620007594016265,0.0385689046999869,0.26437297837758905,0.8726854659112607,0.1,False
17.625599473795983,0.038569384233233535,0.2642573518478685,0.8726354722427678,0.1,False
17.6311913535757,0.03856986353537097,0.2641417810440487,0.8725854646623885,0.1,False
17.63678323335542,0.03857034260654164,0.2640262659317942,0.872535443166888,0.1,False
17.642375113135138,0.03857082144688793,0.2639108064767734,0.8724854077530215,0.1,False
17.647966992914863,0.03857130005655228,0.2637954026446587,0.8724353584175332,0.1,False
17.653558872694582,0.038571778435676975,0.2636800544011264,0.872385295157157,0.1,False
17.6591507524743,0.03857225658440428,0.2635647617118552,0.8723352179686159,0.1,False
17.66474263225402,0.03857273450287655,0.2634495245425287,0.8722851268486219,0.1,False
17.67033451203374,0.03857321219123607,0.26333434285883517,0.8722350217938776,0.1,False
17.675926391813455,0.03857368964962504,0.26321921662646414,0.8721849028010729,0.1,False
17.68151827159318,0.03857416687818589,0.2631041458111164,0.8721347698668902,0.1,False
17.6871101513729,0.03857464387706078,0.26298913037849,0.8720846229879988,0.1,False
17.692702031152617,0.03857512064639192,0.26287417029429055,0.8720344621610587,0.1,False
17.698293910932335,0.03857559718632159,0.26275926552422735,0.8719842873827186,0.1,False
17.703885790712057,0.0385760734969919,0.2626444160340151,0.8719340986496175,0.1,False
17.709477670491776,0.03857654957854512,0.262529621789374,0.8718838959583836,0.1,False
17.715069550271494,0.038577025431123305,0.26241488275602853,0.8718336793056353,0.1,False
17.720661430051216,0.03857750105486856,0.2623001988997076,0.8717834486879797,0.1,False
17.726253309830934,0.03857797644992305,0.26218557018614624,0.8717332041020142,0.1,False
17.731845189610652,0.03857845161642888,0.26207099658108485,0.8716829455443255,0.1,False
17.73743706939037,0.03857892655452797,0.2619564780502687,0.8716326730114904,0.1,False
17.743028949170093,0.03857940126436248,0.26184201455944917,0.871582386500075,0.1,False
17.74862082894981,0.038579875746074375,0.2617276060743826,0.8715320860066355,0.1,False
17.75421270872953,0.03858034999980567,0.2616132525608321,0.8714817715277174,0.1,False
17.75980458850925,0.038580824025698325,0.2614989539845659,0.8714314430598563,0.1,False
17.765396468288973,0.03858129782389429,0.261384710311358,0.8713811005995776,0.1,False
17.770988348068688,0.03858177139453549,0.2612705215069899,0.8713307441433967,0.1,False
17.77658022784841,0.03858224473776343,0.26115638753724707,0.8712803736878195,0.1,False
17.782172107628128,0.038582717853720486,0.26104230836792347,0.8712299892293397,0.1,False
17.787763987407846,0.038583190742548325,0.26092828396481704,0.8711795907644418,0.1,False
17.793355867187568,0.038583663404388784,0.260814314293735,0.8711291782896015,0.1,False
17.79894774696729,0.038584135839384213,0.26070039932048933,0.8710787518012814,0.1,False
17.804539626747008,0.038584608047675314,0.2605865390108989,0.8710283112959388,0.1,False
17.810131506526726,0.03858508002940419,0.2604727333307893,0.8709778567700177,0.1,False
17.815723386306445,0.038585551784712624,0.26035898224599374,0.8709273882199523,0.1,False
17.821315266086163,0.03858602331374224,0.2602452857223519,0.8708769056421674,0.1,False
17.82690714586588,0.038586494616634714,0.26013164372571024,0.8708264090330773,0.1,False
17.832499025645603,0.03858696569353166,0.26001805622192314,0.870775898389087,0.1,False
17.838090905425325,0.038587436544574624,0.2599045231768522,0.8707253737065913,0.1,False
17.843682785205043,0.03858790716990523,0.259791044556366,0.8706748349819754,0.1,False
17.849274664984762,0.03858837756966493,0.25967762032634073,0.8706242822116141,0.1,False
17.85486654476448,0.03858884774399524,0.2595642504526597,0.8705737153918726,0.1,False
17.860458424544202,0.03858931769303754,0.259450934901215,0.8705231345191066,0.1,False
17.866050304323917,0.03858978741693333,0.2593376736379058,0.8704725395896616,0.1,False
17.871642184103642,0.03859025691582397,0.25922446662863907,0.8704219305998734,0.1,False
17.87723406388336,0.038590726189850766,0.2591113138393292,0.8703713075460678,0.1,False
17.88282594366308,0.038591195239155114,0.258998215235899,0.8703206704245611,0.1,False
17.888417823442797,0.0385916640638783,0.25888517078428286,0.8702700192316609,0.1,False
17.89400970322252,0.03859213266416162,0.25877218045041883,0.8702193539636638,0.1,False
17.899601583002237,0.0385926010401462,0.2586592442002534,0.8701686746168562,0.1,False
17.90519346278196,0.038593069191973264,0.2585463619997442,0.8701179811875166,0.1,False
17.910785342561677,0.03859353711978395,0.2584335338148555,0.8700672736719124,0.1,False
17.916377222341396,0.03859400482371937,0.25832075961156054,0.8700165520663021,0.1,False
17.921969102121114,0.038594472303920574,0.25820803935584163,0.8699658163669345,0.1,False
17.927560981900832,0.03859493956052871,0.25809537301369007,0.8699150665700486,0.1,False
17.933152861680554,0.03859540659368461,0.25798276055110514,0.8698643026718744,0.1,False
17.938744741460273,0.03859587340352939,0.2578702019340951,0.8698135246686312,0.1,False
17.944336621239994,0.038596339990203905,0.2577576971286781,0.8697627325565299,0.1,False
17.949928501019713,0.03859680635384909,0.2576452461008814,0.8697119263317716,0.1,False
17.955520380799435,0.038597272494605775,0.257532848816741,0.8696611059905481,0.1,False
17.96111226057915,0.03859773841261479,0.2574205052423023,0.8696102715290411,0.1,False
17.96670414035887,0.03859820410801694,0.2573082153436201,0.8695594229434234,0.1,False
17.97229602013859,0.03859866958095292,0.25719597908675834,0.8695085602298581,0.1,False
17.977887899918308,0.03859913483156339,0.25708379643779133,0.8694576833844994,0.1,False
17.98347977969803,0.03859959985998906,0.2569716673628022,0.8694067924034915,0.1,False
17.98907165947775,0.038600064666370545,0.25685959182788465,0.8693558872829696,0.1,False
17.99466353925747,0.03860052925084846,0.2567475697991415,0.8693049680190594,0.1,False
18.000255419037188,0.03860099361356325,0.25663560124268575,0.8692540346078774,0.1,False
18.005847298816906,0.038601457754655476,0.25652368612464077,0.869203087045531,0.1,False
18.011439178596625,0.03860192167426553,0.25641182441113836,0.8691521253281175,0.1,False
18.017031058376347,0.03860238537253392,0.2563000160683231,0.8691011494517258,0.1,False
18.022622938156065,0.03860284884960096,0.25618826106234693,0.8690501594124349,0.1,False
18.028214817935787,0.03860331210560699,0.2560765593593745,0.8689991552063154,0.1,False
18.033806697715505,0.03860377514069223,0.2559649109255792,0.8689481368294278,0.1,False
18.039398577495223,0.03860423795499702,0.2558533157271459,0.8688971042778241,0.1,False
18.04499045727494,0.038604700548661434,0.2557417737302698,0.8688460575475468,0.1,False
18.05058233705466,0.038605162921825656,0.2556302849011559,0.8687949966346293,0.1,False
18.056174216834382,0.03860562507462989,0.25551884920602114,0.8687439215350956,0.1,False
18.061766096614104,0.038606087007214136,0.2554074666110927,0.8686928322449612,0.1,False
18.067357976393822,0.038606548719718393,0.2552961370826082,0.8686417287602317,0.1,False
18.07294985617354,0.03860701021228256,0.2551848605868162,0.8685906110769046,0.1,False
18.07854173595326,0.03860747148504664,0.2550736370899775,0.8685394791909677,0.1,False
18.08413361573298,0.03860793253815054,0.2549624665583614,0.868488333098399,0.1,False
18.089725495512702,0.03860839337173412,0.2548513489582519,0.8684371727951693,0.1,False
18.09531737529242,0.038608853985937094,0.2547402842559411,0.8683859982772387,0.1,False
18.10090925507214,0.038609314380899235,0.25462927241773464,0.8683348095405596,0.1,False
18.106501134851857,0.03860977455676025,0.25451831340994774,0.8682836065810747,0.1,False
18.112093014631576,0.03861023451365979,0.2544074071989081,0.8682323893947176,0.1,False
18.117684894411294,0.0386106942517373,0.25429655375095445,0.8681811579774138,0.1,False
18.123276774191016,0.03861115377113322,0.2541857530324372,0.8681299123250765,0.1,False
18.128868653970738,0.03861161307198577,0.25407500500971875,0.868078652433617,0.1,False
18.134460533750456,0.03861207215443482,0.25396430964917266,0.8680273782989317,0.1,False
18.140052413530174,0.038612531018619896,0.2538536669171851,0.8679760899169101,0.1,False
18.145644293309893,0.03861298966468033,0.2537430767801531,0.8679247872834324,0.1,False
18.15123617308961,0.03861344809275541,0.2536325392044869,0.8678734703943708,0.1,False
18.156828052869333,0.038613906302984446,0.25352205415660767,0.8678221392455877,0.1,False
18.16241993264905,0.03861436429550662,0.2534116216029489,0.8677707938329373,0.1,False
18.168011812428773,0.03861482207046108,0.25330124150995664,0.8677194341522649,0.1,False
18.17360369220849,0.03861527962798694,0.2531909138440891,0.867668060199407,0.1,False
18.179195571988213,0.038615736968223194,0.2530806385718164,0.8676166719701918,0.1,False
18.18478745176793,0.03861619409130896,0.2529704156596205,0.8675652694604373,0.1,False
18.190379331547646,0.0386166509973831,0.2528602450739963,0.8675138526659543,0.1,False
18.195971211327368,0.03861710768658452,0.25275012678145253,0.8674624215825448,0.1,False
18.201563091107086,0.03861756415905211,0.25264006074850875,0.8674109762060014,0.1,False
18.20715497088681,0.03861802041492459,0.25253004694169723,0.8673595165321084,0.1,False
18.212746850666527,0.038618476454340786,0.25242008532756344,0.8673080425566412,0.1,False
18.21833873044625,0.03861893227743937,0.25231017587266624,0.8672565542753671,0.1,False
18.223930610225967,0.038619387884358966,0.25220031854357533,0.8672050516840442,0.1,False
18.229522490005685,0.03861984327523814,0.252090513306875,0.8671535347784223,0.1,False
18.235114369785403,0.038620298450215466,0.25198076012916265,0.8671020035542428,0.1,False
18.240706249565125,0.0386207534094294,0.25187105897704654,0.8670504580072378,0.1,False
18.246298129344844,0.03862120815301835,0.25176140981715,0.8669988981331315,0.1,False
18.251890009124565,0.038621662681120654,0.25165181261610997,0.8669473239276398,0.1,False
18.257481888904284,0.03862211699387469,0.2515422673405743,0.8668957353864694,0.1,False
18.263073768684002,0.03862257109141868,0.25143277395720587,0.8668441325053188,0.1,False
18.26866564846372,0.03862302497389082,0.2513233324326799,0.866792515279878,0.1,False
18.274257528243442,0.038623478641429315,0.25121394273368597,0.8667408837058285,0.1,False
18.279849408023164,0.03862393209417222,0.25110460482692587,0.8666892377788431,0.1,False
18.28544128780288,0.038624385332257496,0.2509953186791158,0.8666375774945868,0.1,False
18.2910331675826,0.03862483835582321,0.2508860842569848,0.8665859028487154,0.1,False
18.29662504736232,0.0386252911650073,0.2507769015272769,0.8665342138368771,0.1,False
18.302216927142037,0.038625743759947595,0.2506677704567484,0.866482510454711,0.1,False
18.307808806921756,0.03862619614078183,0.25055869101217004,0.8664307926978488,0.1,False
18.31340068670148,0.03862664830764785,0.2504496631603242,0.8663790605619117,0.1,False
18.3189925664812,0.03862710026068336,0.2503406868680113,0.8663273140425152,0.1,False
18.324584446260918,0.03862755200002594,0.2502317621020428,0.8662755531352648,0.1,False
18.330176326040636,0.038628003525813234,0.25012288882924405,0.8662237778357581,0.1,False
18.335768205820354,0.03862845483818268,0.25001406701645507,0.8661719881395846,0.1,False
18.341360085600073,0.03862890593727173,0.24990529663053004,0.8661201840423254,0.1,False
18.346951965379795,0.03862935682321794,0.24979657763833724,0.8660683655395527,0.1,False
18.352543845159516,0.03862980749615852,0.24968791000675872,0.8660165326268315,0.1,False
18.358135724939235,0.03863025795623077,0.24957929370269072,0.8659646852997178,0.1,False
18.363727604718953,0.03863070820357196,0.2494707286930447,0.8659128235537599,0.1,False
18.369319484498675,0.03863115823831928,0.24936221494474545,0.8658609473844971,0.1,False
18.374911364278393,0.03863160806060977,0.24925375242473236,0.8658090567874613,0.1,False
18.380503244058108,0.03863205767058047,0.24914534109995967,0.865757151758176,0.1,False
18.38609512383783,0.03863250706836849,0.24903698093739612,0.8657052322921562,0.1,False
18.39168700361755,0.0386329562541106,0.24892867190402426,0.8656532983849093,0.1,False
18.39727888339727,0.038633405227943736,0.24882041396684196,0.8656013500319341,0.1,False
18.40287076317699,0.03863385399000464,0.24871220709285843,0.8655493872287198,0.1,False
18.40846264295671,0.03863430254043021,0.24860405124910687,0.8654974099707519,0.1,False
18.41405452273643,0.038634750879357006,0.2484959464026258,0.8654454182535037,0.1,False
18.419646402516147,0.03863519900692168,0.24838789252047225,0.865393412072442,0.1,False
18.42523828229587,0.038635646923261026,0.24827988956971758,0.8653413914230241,0.1,False
18.430830162075587,0.038636094628511204,0.24817193751744798,0.8652893563007017,0.1,False
18.436422041855305,0.03863654212280872,0.2480640363307648,0.8652373067009167,0.1,False
18.442013921635027,0.03863698940628996,0.2479561859767843,0.8651852426191031,0.1,False
18.447605801414745,0.03863743647909145,0.24784838642263796,0.8651331640506871,0.1,False
18.453197681194464,0.03863788334134948,0.24774063763547258,0.8650810709910867,0.1,False
18.458789560974182,0.038638329993199626,0.24763293958244942,0.8650289634357137,0.1,False
18.464381440753908,0.03863877643477839,0.2475252922307457,0.8649768413799694,0.1,False
18.469973320533622,0.03863922266622184,0.24741769554755313,0.8649247048192481,0.1,False
18.47556520031334,0.03863966868766595,0.2473101495000791,0.8648725537489362,0.1,False
18.481157080093062,0.03864011449924672,0.24720265405554717,0.8648203881644124,0.1,False
18.48674895987278,0.03864056010109994,0.2470952091811951,0.8647682080610472,0.1,False
18.4923408396525,0.03864100549336149,0.24698781484427645,0.8647160134342029,0.1,False
18.497932719432217,0.03864145067616708,0.24688047101206,0.8646638042792342,0.1,False
18.503524599211943,0.03864189564965233,0.24677317765183193,0.8646115805914888,0.1,False
18.50911647899166,0.03864234041395295,0.24666593473089032,0.8645593423663045,0.1,False
18.51470835877138,0.03864278496920444,0.24655874221655227,0.8645070895990129,0.1,False
18.520300238551098,0.038643229315542225,0.24645160007614905,0.8644548222849374,0.1,False
18.525892118330816,0.03864367345310184,0.24634450827702792,0.8644025404193935,0.1,False
18.531483998110534,0.03864411738201855,0.2462374667865521,0.8643502439976887,0.1,False
18.53707587789026,0.038644561102427706,0.24613047557209997,0.8642979330151224,0.1,False
18.542667757669978,0.03864500461446449,0.24602353460106643,0.8642456074669873,0.1,False
18.548259637449696,0.038645447918264075,0.2459166438408628,0.8641932673485678,0.1,False
18.553851517229415,0.03864589101396152,0.24580980325891524,0.8641409126551401,0.1,False
18.559443397009137,0.03864633390169203,0.24570301282266505,0.864088543381972,0.1,False
18.56503527678885,0.038646776581590214,0.2455962724995722,0.8640361595243266,0.1,False
18.57062715656857,0.03864721905379114,0.2454895822571107,0.8639837610774557,0.1,False
18.576219036348295,0.03864766131842975,0.24538294206277136,0.863931348036605,0.1,False
18.581810916128013,0.038648103375640605,0.24527635188406086,0.8638789203970129,0.1,False
18.58740279590773,0.03864854522555846,0.24516981168850227,0.8638264781539092,0.1,False
18.59299467568745,0.038648986868317976,0.24506332144363488,0.8637740213025163,0.1,False
18.598586555467172,0.03864942830405369,0.24495688111701416,0.8637215498380496,0.1,False
18.60417843524689,0.03864986953290005,0.24485049067621198,0.8636690637557158,0.1,False
18.60977031502661,0.03865031055499148,0.24474415008881645,0.8636165630507148,0.1,False
18.61536219480633,0.03865075137046212,0.24463785932243248,0.863564047718239,0.1,False
18.62095407458605,0.03865119197944691,0.24453161834468104,0.863511517753471,0.1,False
18.626545954365767,0.03865163238207947,0.24442542712319887,0.8634589731515889,0.1,False
18.63213783414549,0.03865207257849411,0.24431928562563912,0.863406413907761,0.1,False
18.637729713925207,0.03865251256882492,0.2442131938196755,0.86335384001715,0.1,False
18.643321593704925,0.03865295235320587,0.24410715167299285,0.8633012514749091,0.1,False
18.648913473484647,0.038653391931770975,0.2440011591532955,0.863248648276185,0.1,False
18.65450535326437,0.03865383130465401,0.24389521622830404,0.8631960304161166,0.1,False
18.660097233044084,0.03865427047198885,0.2437893228657551,0.8631433978898352,0.1,False
18.665689112823802,0.0386547094339092,0.24368347903340334,0.8630907506924645,0.1,False
18.671280992603524,0.03865514819054867,0.24357768469901805,0.863038088819121,0.1,False
18.676872872383242,0.038655586742040955,0.2434719398303879,0.8629854122649137,0.1,False
18.68246475216296,0.038656025088519494,0.24336624439531668,0.8629327210249436,0.1,False
18.688056631942683,0.03865646323011776,0.2432605983616254,0.8628800150943049,0.1,False
18.693648511722404,0.03865690116696918,0.2431550016971524,0.8628272944680835,0.1,False
18.699240391502123,0.03865733889920701,0.24304945436975275,0.8627745591413591,0.1,False
18.70483227128184,0.03865777642696453,0.24294395634729865,0.8627218091092028,0.1,False
18.71042415106156,0.03865821375037486,0.24283850759767914,0.8626690443666793,0.1,False
18.716016030841278,0.03865865086957112,0.24273310808880014,0.8626162649088446,0.1,False
18.721607910620996,0.03865908778468635,0.24262775778858467,0.8625634707307483,0.1,False
18.72719979040072,0.038659524495853505,0.24252245666497343,0.8625106618274323,0.1,False
18.73279167018044,0.038659961003205484,0.24241720468592404,0.8624578381939311,0.1,False
18.738383549960158,0.03866039730687508,0.24231200181941104,0.862404999825272,0.1,False
18.743975429739876,0.038660833406995034,0.24220684803342624,0.8623521467164746,0.1,False
18.749567309519595,0.03866126930369803,0.2421017432959792,0.8622992788625518,0.1,False
18.755159189299313,0.03866170499711666,0.24199668757509565,0.862246396258508,0.1,False
18.760751069079035,0.038662140487383534,0.24189168083882068,0.8621934988993414,0.1,False
18.766342948858757,0.03866257577463116,0.2417867230552148,0.8621405867800422,0.1,False
18.771934828638475,0.03866301085899198,0.24168181419235693,0.8620876598955935,0.1,False
18.777526708418193,0.03866344574059792,0.24157695421834355,0.8620347182409726,0.1,False
18.78311858819791,0.03866388041958126,0.24147214310128715,0.8619817618111473,0.1,False
18.788710467977634,0.03866431489607456,0.24136738080931908,0.8619287906010781,0.1,False
18.794302347757352,0.03866474917020977,0.2412626673105878,0.8618758046057197,0.1,False
18.799894227537074,0.03866518324211871,0.24115800257325962,0.8618228038200193,0.1,False
18.805486107316792,0.03866561711193343,0.24105338656551833,0.8617697882389165,0.1,False
18.81107798709651,0.038666050779785806,0.24094881925556486,0.8617167578573435,0.1,False
18.81666986687623,0.03866648424580766,0.2408443006116179,0.8616637126702252,0.1,False
18.82226174665595,0.03866691751013075,0.24073983060191526,0.8616106526724803,0.1,False
18.82785362643567,0.03866735057288668,0.24063540919471005,0.8615575778590189,0.1,False
18.83344550621539,0.03866778343420705,0.24053103635827466,0.8615044882247446,0.1,False
18.83903738599511,0.03866821609422335,0.24042671206089877,0.8614513837645542,0.1,False
18.844629265774827,0.03866864855306707,0.24032243627089034,0.8613982644733366,0.1,False
18.850221145554546,0.03866908081086954,0.24021820895657445,0.8613451303459739,0.1,False
18.855813025334264,0.03866951286776206,0.24011403008629476,0.8612919813773413,0.1,False
18.861404905113986,0.03866994472387586,0.24000989962841227,0.8612388175623067,0.1,False
18.866996784893704,0.03867037637934204,0.23990581755130602,0.8611856388957303,0.1,False
18.872588664673426,0.03867080783429165,0.23980178382337325,0.8611324453724664,0.1,False
18.878180544453144,0.03867123908885575,0.23969779841302863,0.8610792369873609,0.1,False
18.883772424232866,0.03867167014316519,0.23959386128870522,0.8610260137352534,0.1,False
18.88936430401258,0.038672100997350835,0.2394899724188541,0.8609727756109762,0.1,False
18.894956183792303,0.03867253165154346,0.23938613177194434,0.8609195226093547,0.1,False
18.90054806357202,0.038672962105873725,0.23928233931646442,0.8608662547252076,0.1,False
18.90613994335174,0.03867339236047231,0.23917859502091646,0.8608129719533445,0.1,False
18.91173182313146,0.0386738224154697,0.23907489885382546,0.8607596742885705,0.1,False
18.917323702911183,0.038674252270996363,0.23897125078373296,0.8607063617256825,0.1,False
18.9229155826909,0.03867468192718272,0.23886765077919847,0.8606530342594706,0.1,False
18.92850746247062,0.038675111384159036,0.23876409880879992,0.8605996918847177,0.1,False
18.934099342250338,0.0386755406420556,0.2386605948411338,0.8605463345962001,0.1,False
18.939691222030056,0.03867596970100256,0.23855713884481405,0.8604929623886867,0.1,False
18.945283101809775,0.03867639856112995,0.2384537307884732,0.8604395752569395,0.1,False
18.950874981589497,0.038676827222567836,0.23835037064076214,0.8603861731957133,0.1,False
18.95646686136922,0.03867725568544612,0.23824705837035054,0.8603327561997567,0.1,False
18.962058741148937,0.03867768394989496,0.23814379394592616,0.8602793242638098,0.1,False
18.967650620928655,0.038678112016043605,0.23804057733619477,0.8602258773826086,0.1,False
18.973242500708373,0.03867853988402201,0.23793740850988057,0.8601724155508794,0.1,False
18.978834380488095,0.038678967553959755,0.23783428743572685,0.8601189387633429,0.1,False
18.984426260267814,0.03867939502598653,0.23773121408249487,0.8600654470147119,0.1,False
18.990018140047535,0.03867982230023173,0.2376281884189638,0.8600119402996933,0.1,False
18.995610019827254,0.03868024937682481,0.23752521041393204,0.8599584186129864,0.1,False
19.001201899606972,0.038680676255895025,0.23742228003621707,0.8599048819492843,0.1,False
19.00679377938669,0.038681102937571606,0.2373193972546534,0.8598513303032729,0.1,False
19.012385659166412,0.03868152942198375,0.23721656203809524,0.859797763669631,0.1,False
19.01797753894613,0.0386819557092605,0.2371137743554152,0.8597441820430309,0.1,False
19.023569418725852,0.038682381799531027,0.23701103417550412,0.8596905854181377,0.1,False
19.02916129850557,0.03868280769292417,0.23690834146727208,0.8596369737896099,0.1,False
19.03475317828529,0.038683233389568736,0.23680569619964711,0.8595833471520992,0.1,False
19.040345058065007,0.038683658889593624,0.23670309834157602,0.8595297055002499,0.1,False
19.045936937844726,0.038684084193127403,0.23660054786202497,0.8594760488287004,0.1,False
19.051528817624447,0.038684509300298875,0.2364980447299782,0.8594223771320816,0.1,False
19.05712069740417,0.03868493421123647,0.23639558891443893,0.8593686904050181,0.1,False
19.062712577183888,0.03868535892606867,0.2362931803844294,0.8593149886421272,0.1,False
19.068304456963606,0.038685783444923856,0.23619081910898962,0.8592612718380199,0.1,False
19.073896336743328,0.03868620776793042,0.2360885050571797,0.8592075399873002,0.1,False
19.079488216523043,0.03868663189521653,0.2359862381980778,0.859153793084565,0.1,False
19.085080096302764,0.038687055826910385,0.23588401850078158,0.8591000311244054,0.1,False
19.090671976082483,0.038687479563140066,0.23578184593440657,0.8590462541014046,0.1,False
19.096263855862205,0.038687903104033604,0.23567972046808944,0.8589924620101406,0.1,False
19.101855735641923,0.038688326449718834,0.235577642070981,0.8589386548451822,0.1,False
19.107447615421645,0.03868874960032365,0.23547561071225515,0.8588848326010936,0.1,False
19.113039495201363,0.03868917255597585,0.2353736263611039,0.8588309952724317,0.1,False
19.11863137498108,0.038689595316803056,0.23527168898673784,0.8587771428537466,0.1,False
19.1242232547608,0.038690017882933,0.23516979855838668,0.8587232753395818,0.1,False
19.129815134540518,0.03869044025449304,0.23506795504529893,0.8586693927244743,0.1,False
19.13540701432024,0.03869086243161062,0.23496615841674195,0.858615495002954,0.1,False
19.14099889409996,0.038691284414413614,0.2348644086420032,0.8585615821695435,0.1,False
19.14659077387968,0.03869170620302876,0.23476270569038749,0.8585076542187604,0.1,False
19.1521826536594,0.038692127797583215,0.23466104953121966,0.8584537111451155,0.1,False
19.157774533439117,0.0386925491982047,0.2345594401338441,0.8583997529431103,0.1,False
19.163366413218835,0.03869297040501985,0.2344578774676234,0.8583457796072429,0.1,False
19.16895829299856,0.038693391418155657,0.23435636150193995,0.8582917911320038,0.1,False
19.174550172778275,0.038693812237739066,0.23425489220619486,0.8582377875118762,0.1,False
19.180142052557997,0.038694232863896914,0.23415346954980823,0.8581837687413368,0.1,False
19.185733932337715,0.038694653296755914,0.23405209350222,0.8581297348148564,0.1,False
19.191325812117434,0.03869507353644273,0.23395076403288873,0.8580756857268986,0.1,False
19.196917691897152,0.03869549358308392,0.2338494811112918,0.8580216214719205,0.1,False
19.202509571676874,0.03869591343680607,0.23374824470692682,0.8579675420443724,0.1,False
19.208101451456596,0.038696333097735555,0.23364705478931003,0.8579134474386987,0.1,False
19.213693331236314,0.038696752565998714,0.23354591132797747,0.857859337649337,0.1,False
19.219285211016032,0.03869717184172185,0.23344481429248332,0.8578052126707175,0.1,False
19.22487709079575,0.0386975909250311,0.2333437636524021,0.8577510724972651,0.1,False
19.23046897057547,0.03869800981605262,0.23324275937732714,0.8576969171233974,0.1,False
19.236060850355187,0.038698428514912384,0.2331418014368716,0.8576427465435257,0.1,False
19.241652730134913,0.03869884702173634,0.23304088980066712,0.8575885607520547,0.1,False
19.24724460991463,0.03869926533665036,0.2329400244383654,0.857534359743383,0.1,False
19.25283648969435,0.03869968345978016,0.23283920531963725,0.8574801435119022,0.1,False
19.258428369474068,0.038700101391251567,0.23273843241417272,0.857425912051997,0.1,False
19.264020249253786,0.03870051913119013,0.23263770569168146,0.8573716653580464,0.1,False
19.269612129033504,0.03870093667972144,0.23253702512189378,0.8573174034244238,0.1,False
19.275204008813226,0.03870135403697085,0.23243639067455515,0.857263126245493,0.1,False
19.280795888592948,0.03870177120306375,0.23233580231943485,0.8572088338156144,0.1,False
19.286387768372666,0.03870218817812553,0.23223526002632014,0.8571545261291404,0.1,False
19.291979648152385,0.038702604962281374,0.2321347637650178,0.8571002031804176,0.1,False
19.297571527932107,0.03870302155565642,0.23203431350535356,0.8570458649637857,0.1,False
19.303163407711825,0.038703437958375726,0.23193390921717374,0.8569915114735784,0.1,False
19.308755287491543,0.03870385417056427,0.23183355087034316,0.8569371427041229,0.1,False
19.31434716727126,0.03870427019234687,0.23173323843474644,0.8568827586497395,0.1,False
19.319939047050983,0.038704686023848606,0.2316329718802878,0.8568283593047419,0.1,False
19.3255309268307,0.038705101665193996,0.23153275117689084,0.8567739446634385,0.1,False
19.33112280661042,0.038705517116507694,0.23143257629449868,0.8567195147201305,0.1,False
19.336714686390142,0.03870593237791431,0.23133244720307475,0.8566650694691131,0.1,False
19.34230656616986,0.03870634744953827,0.2312323638726007,0.8566106089046748,0.1,False
19.34789844594958,0.038706762331504024,0.23113232627307914,0.8565561330210978,0.1,False
19.353490325729297,0.03870717702393593,0.2310323343745311,0.8565016418126578,0.1,False
19.35908220550902,0.03870759152695816,0.23093238814699804,0.8564471352736241,0.1,False
19.364674085288737,0.03870800584069496,0.23083248756054023,0.8563926133982599,0.1,False
19.37026596506846,0.03870841996527035,0.230732632585239,0.8563380761808222,0.1,False
19.375857844848177,0.03870883390080833,0.2306328231911937,0.8562835236155611,0.1,False
19.381449724627895,0.038709247647432915,0.23053305934852428,0.8562289556967206,0.1,False
19.387041604407614,0.03870966120526789,0.23043334102737012,0.8561743724185384,0.1,False
19.39263348418734,0.03871007457443702,0.2303336681978902,0.8561197737752457,0.1,False
19.398225363967057,0.03871048775506396,0.23023404083026308,0.8560651597610679,0.1,False
19.403817243746772,0.03871090074727227,0.2301344588946875,0.8560105303702237,0.1,False
19.409409123526494,0.03871131355118548,0.2300349223613815,0.8559558855969255,0.1,False
19.415001003306212,0.038711726166927155,0.22993543120058296,0.8559012254353788,0.1,False
19.42059288308593,0.038712138594620464,0.22983598538254962,0.8558465498797844,0.1,False
19.42618476286565,0.038712550834388786,0.22973658487755894,0.8557918589243354,0.1,False
19.431776642645374,0.03871296288635517,0.22963722965590652,0.8557371525632188,0.1,False
19.437368522425093,0.03871337475064282,0.22953791968791018,0.8556824307906156,0.1,False
19.44296040220481,0.03871378642737475,0.22943865494390625,0.8556276936007006,0.1,False
19.44855228198453,0.03871419791667379,0.22933943539425136,0.8555729409876427,0.1,False
19.454144161764248,0.038714609218663154,0.22924026100932215,0.8555181729456031,0.1,False
19.459736041543966,0.03871502033346527,0.22914113175951384,0.8554633894687386,0.1,False
19.46532792132369,0.0387154312612029,0.22904204761524222,0.8554085905511984,0.1,False
19.47091980110341,0.03871584200199871,0.2289430085469436,0.8553537761871266,0.1,False
19.476511680883128,0.038716252555975175,0.22884401452507253,0.8552989463706602,0.1,False
19.482103560662846,0.038716662923254756,0.2287450655201044,0.85524410109593,0.1,False
19.487695440442568,0.03871707310395981,0.22864616150253403,0.8551892403570605,0.1,False
19.493287320222286,0.03871748309821261,0.22854730244287674,0.8551343641481711,0.1,False
19.498879200002,0.03871789290613545,0.2284484883116673,0.8550794724633733,0.1,False
19.504471079781727,0.03871830252785045,0.22834971907945975,0.8550245652967736,0.1,False
19.510062959561445,0.038718711963479605,0.22825099471682855,0.8549696426424717,0.1,False
19.515654839341163,0.03871912121314477,0.22815231519436888,0.8549147044945622,0.1,False
19.52124671912088,0.03871953027696788,0.22805368048269425,0.8548597508471322,0.1,False
19.526838598900603,0.03871993915507071,0.22795509055243957,0.8548047816942635,0.1,False
19.532430478680322,0.03872034784757497,0.2278565453742578,0.8547497970300311,0.1,False
19.53802235846004,0.03872075635460227,0.22775804491882387,0.8546947968485041,0.1,False
19.543614238239762,0.03872116467627414,0.22765958915683074,0.8546397811437456,0.1,False
19.54920611801948,0.03872157281271207,0.2275611780589927,0.8545847499098124,0.1,False
19.5547979977992,0.03872198076403744,0.2274628115960437,0.8545297031407553,0.1,False
19.56038987757892,0.03872238853037153,0.22736448973873696,0.8544746408306184,0.1,False
19.56598175735864,0.038722796111835586,0.22726621245784714,0.8544195629734409,0.1,False
19.571573637138357,0.03872320350855059,0.22716797972416616,0.8543644695632545,0.1,False
19.57716551691808,0.03872361072063775,0.22706979150850803,0.8543093605940852,0.1,False
19.5827573966978,0.03872401774821799,0.22697164778170667,0.8542542360599534,0.1,False
19.58834927647752,0.038724424591412156,0.22687354851461533,0.8541990959548729,0.1,False
19.593941156257234,0.03872483125034106,0.22677549367810704,0.8541439402728515,0.1,False
19.599533036036956,0.038725237725125344,0.22667748324307557,0.8540887690078912,0.1,False
19.605124915816674,0.03872564401588569,0.22657951718043487,0.854033582153988,0.1,False
19.610716795596392,0.03872605012274266,0.22648159546111774,0.853978379705131,0.1,False
19.616308675376114,0.03872645604581673,0.2263837180560777,0.8539231616553038,0.1,False
19.621900555155836,0.038726861785228155,0.22628588493628762,0.8538679279984838,0.1,False
19.627492434935554,0.03872726734109749,0.22618809607274204,0.8538126787286421,0.1,False
19.633084314715273,0.0387276727135447,0.2260903514364523,0.853757413839744,0.1,False
19.63867619449499,0.03872807790269007,0.22599265099845398,0.8537021333257491,0.1,False
19.64426807427471,0.03872848290865356,0.22589499472980035,0.8536468371806112,0.1,False
19.649859954054428,0.03872888773155519,0.2257973826015643,0.8535915253982764,0.1,False
19.655451833834153,0.038729292371514824,0.22569981458483912,0.8535361979726861,0.1,False
19.66104371361387,0.038729696828652266,0.2256022906507391,0.8534808548977758,0.1,False
19.66663559339359,0.03873010110308721,0.22550481077039794,0.8534254961674744,0.1,False
19.672227473173308,0.03873050519493925,0.22540737491496857,0.8533701217757049,0.1,False
19.67781935295303,0.038730909104328,0.22530998305562516,0.8533147317163841,0.1,False
19.683411232732745,0.038731312831372836,0.22521263516356146,0.8532593259834236,0.1,False
19.689003112512463,0.03873171637619337,0.2251153312099915,0.8532039045707276,0.1,False
19.69459499229219,0.0387321197389087,0.22501807116614916,0.8531484674721957,0.1,False
19.700186872071907,0.03873252291963805,0.22492085500328904,0.8530930146817213,0.1,False
19.705778751851625,0.038732925918500735,0.22482368269268407,0.85303754619319,0.1,False
19.711370631631343,0.038733328735615545,0.22472655420562884,0.8529820620004842,0.1,False
19.716962511411065,0.03873373137110148,0.22462946951343732,0.8529265620974786,0.1,False
19.722554391190783,0.038734133825077594,0.2245324285874444,0.852871046478042,0.1,False
19.728146270970505,0.03873453609766255,0.2244354313990044,0.852815515136038,0.1,False
19.733738150750224,0.03873493818897511,0.22433847791949194,0.8527599680653236,0.1,False
19.739330030529942,0.03873534009913389,0.2242415681203013,0.8527044052597498,0.1,False
19.74492191030966,0.03873574182825745,0.22414470197284714,0.852648826713162,0.1,False
19.750513790089382,0.0387361433764643,0.22404787944856477,0.8525932324193994,0.1,False
19.7561056698691,0.03873654474387277,0.2239511005189091,0.8525376223722957,0.1,False
19.76169754964882,0.03873694593060116,0.22385436515535503,0.8524819965656782,0.1,False
19.76728942942854,0.03873734693676772,0.22375767332939786,0.8524263549933684,0.1,False
19.772881309208262,0.038737747762490574,0.2236610250125524,0.8523706976491813,0.1,False
19.778473188987977,0.03873814840788773,0.22356442017635453,0.8523150245269274,0.1,False
19.784065068767696,0.03873854887307729,0.22346785879235992,0.85225933562041,0.1,False
19.789656948547417,0.03873894915817698,0.22337134083214338,0.8522036309234269,0.1,False
19.795248828327136,0.038739349263304634,0.2232748662673014,0.8521479104297703,0.1,False
19.800840708106858,0.03873974918857795,0.22317843506944984,0.8520921741332261,0.1,False
19.806432587886576,0.03874014893411463,0.22308204721022484,0.8520364220275746,0.1,False
19.812024467666298,0.03874054850003219,0.22298570266128245,0.8519806541065897,0.1,False
19.817616347446016,0.03874094788644809,0.22288940139429858,0.8519248703640399,0.1,False
19.823208227225734,0.03874134709347974,0.22279314338097042,0.8518690707936877,0.1,False
19.828800107005453,0.0387417461212445,0.222696928593015,0.8518132553892899,0.1,False
19.83439198678517,0.03874214496985941,0.22260075700216708,0.8517574241445965,0.1,False
19.839983866564893,0.03874254363944164,0.22250462858018455,0.851701577053353,0.1,False
19.845575746344615,0.03874294213010831,0.2224085432988444,0.8516457141092981,0.1,False
19.851167626124333,0.038743340441976394,0.22231250112994413,0.8515898353061652,0.1,False
19.85675950590405,0.03874373857516273,0.22221650204530075,0.8515339406376812,0.1,False
19.86235138568377,0.03874413652978413,0.22212054601675177,0.8514780300975678,0.1,False
19.86794326546349,0.0387445343059573,0.2220246330161547,0.8514221036795406,0.1,False
19.873535145243206,0.03874493190379883,0.22192876301538672,0.8513661613773088,0.1,False
19.879127025022928,0.03874532932342525,0.22183293598634723,0.8513102031845778,0.1,False
19.88471890480265,0.038745726564953314,0.2217371519009528,0.8512542290950434,0.1,False
19.89031078458237,0.03874612362849917,0.2216414107311425,0.8511982391023993,0.1,False
19.895902664362087,0.03874652051417903,0.22154571244887433,0.8511422332003321,0.1,False
19.901494544141805,0.038746917222109184,0.2214500570261266,0.8510862113825218,0.1,False
19.907086423921527,0.03874731375240574,0.2213544444348979,0.8510301736426436,0.1,False
19.91267830370125,0.03874771010518478,0.22125887464720678,0.8509741199743658,0.1,False
19.918270183480967,0.03874810628056219,0.2211633476350932,0.8509180503713528,0.1,False
19.923862063260685,0.03874850227865395,0.22106786337061582,0.8508619648272612,0.1,False
19.929453943040404,0.038748898099575775,0.22097242182585397,0.850805863335743,0.1,False
19.935045822820122,0.0387492937434434,0.220877022972907,0.8507497458904439,0.1,False
19.940637702599844,0.03874968921037248,0.2207816667838942,0.8506936124850034,0.1,False
19.946229582379562,0.03875008450047864,0.2206863532309559,0.8506374631130563,0.1,False
19.951821462159284,0.038750479613877224,0.22059108228625268,0.8505812977682317,0.1,False
19.957413341939002,0.038750874550683614,0.2204958539219625,0.8505251164441509,0.1,False
19.96300522171872,0.038751269311013116,0.22040066811028605,0.8504689191344312,0.1,False
19.96859710149844,0.03875166389498094,0.22030552482344407,0.850412705832684,0.1,False
19.974188981278157,0.03875205830270214,0.22021042403367724,0.8503564765325151,0.1,False
19.97978086105788,0.03875245253429195,0.22011536571324572,0.8503002312275231,0.1,False
19.985372740837597,0.03875284658986515,0.2200203498344312,0.8502439699113032,0.1,False
19.99096462061732,0.038753240469536626,0.21992537636953363,0.8501876925774431,0.1,False
19.996556500397038,0.03875363417342123,0.21983044529087517,0.8501313992195251,0.1,False
20.00214838017676,0.038754027701633664,0.21973555657079594,0.8500750898311257,0.1,False
20.007740259956478,0.038754421054288425,0.21964071018165784,0.8500187644058165,0.1,False
20.013332139736196,0.038754814231500345,0.21954590609584135,0.8499624229371611,0.1,False
20.018924019515914,0.03875520723338371,0.21945114428575005,0.8499060654187206,0.1,False
20.024515899295636,0.03875560006005284,0.2193564247238051,0.8498496918440486,0.1,False
20.030107779075355,0.038755992711622084,0.21926174738244805,0.8497933022066928,0.1,False
20.035699658855076,0.038756385188205615,0.21916711223414148,0.8497368965001958,0.1,False
20.041291538634795,0.03875677748991761,0.21907251925136675,0.8496804747180937,0.1,False
20.046883418414513,0.03875716961687207,0.21897796840662703,0.8496240368539179,0.1,False
20.05247529819423,0.038757561569183016,0.2188834596724447,0.8495675829011934,0.1,False
20.05806717797395,0.03875795334696421,0.21878899302136182,0.8495111128534397,0.1,False
20.06365905775367,0.03875834495032949,0.2186945684259423,0.8494546267041713,0.1,False
20.06925093753339,0.03875873637939254,0.21860018585876811,0.8493981244468957,0.1,False
20.07484281731311,0.038759127634266914,0.21850584529243855,0.8493416060751132,0.1,False
20.08043469709283,0.038759518715066416,0.21841154669958435,0.8492850715823247,0.1,False
20.08602657687255,0.038759909621904336,0.21831729005284617,0.8492285209620196,0.1,False
20.091618456652267,0.03876030035489399,0.21822307532488563,0.849171954207683,0.1,False
20.097210336431992,0.038760690914148695,0.2181289024883871,0.8491153713127949,0.1,False
20.102802216211707,0.03876108129978168,0.21803477151605402,0.8490587722708292,0.1,False
20.10839409599143,0.03876147151190608,0.21794068238061057,0.8490021570752544,0.1,False
20.113985975771147,0.03876186155063489,0.2178466350548007,0.8489455257195336,0.1,False
20.119577855550865,0.03876225141608108,0.21775262951138752,0.8488888781971234,0.1,False
20.125169735330584,0.03876264110835758,0.21765866572315537,0.8488322145014752,0.1,False
20.130761615110305,0.03876303062757708,0.21756474366290934,0.8487755346260354,0.1,False
20.136353494890027,0.03876341997385233,0.21747086330347262,0.8487188385642436,0.1,False
20.141945374669746,0.038763809147296054,0.21737702461769048,0.8486621263095345,0.1,False
20.147537254449464,0.038764198148020644,0.21728322757842722,0.8486053978553374,0.1,False
20.153129134229182,0.03876458697613859,0.21718947215856696,0.848548653195075,0.1,False
20.1587210140089,0.03876497563176227,0.21709575833101483,0.8484918923221653,0.1,False
20.16431289378862,0.038765364115003975,0.21700208606869525,0.84843511523002,0.1,False
20.16990477356834,0.03876575242597602,0.21690845534455322,0.8483783219120453,0.1,False
20.175496653348063,0.03876614056479038,0.21681486613155404,0.8483215123616428,0.1,False
20.18108853312778,0.03876652853155907,0.21672131840268213,0.8482646865722071,0.1,False
20.1866804129075,0.03876691632639412,0.21662781213094268,0.8482078445371277,0.1,False
20.19227229268722,0.038767303949407396,0.21653434728936244,0.8481509862497895,0.1,False
20.197864172466936,0.03876769140071062,0.21644092385098312,0.848094111703569,0.1,False
20.203456052246658,0.03876807868041557,0.21634754178887186,0.8480372208918397,0.1,False
20.20904793202638,0.03876846578863386,0.2162542010761146,0.8479803138079692,0.1,False
20.214639811806098,0.03876885272547705,0.2161609016858159,0.8479233904453184,0.1,False
20.220231691585816,0.03876923949105653,0.21606764359110148,0.8478664507972437,0.1,False
20.225823571365538,0.03876962608548368,0.2159744267651171,0.8478094948570957,0.1,False
20.231415451145256,0.03877001250886982,0.21588125118102833,0.8477525226182185,0.1,False
20.237007330924975,0.038770398761326125,0.21578811681202018,0.8476955340739518,0.1,False
20.242599210704693,0.03877078484296376,0.2156950236312986,0.8476385292176289,0.1,False
20.248191090484415,0.0387711707538938,0.21560197161208877,0.8475815080425775,0.1,False
20.253782970264133,0.03877155649422715,0.2155089607276373,0.8475244705421209,0.1,False
20.25937485004385,0.03877194206407467,0.21541599095120895,0.8474674167095751,0.1,False
20.264966729823573,0.03877232746354715,0.2153230622560899,0.8474103465382522,0.1,False
20.27055860960329,0.038772712692755285,0.21523017461558566,0.8473532600214577,0.1,False
20.27615048938301,0.03877309775181012,0.21513732800302274,0.847296157152491,0.1,False
20.28174236916273,0.03877348264082153,0.21504452239174632,0.8472390379246483,0.1,False
20.287334248942454,0.038773867359900224,0.21495175775512204,0.847181902331218,0.1,False
20.29292612872217,0.03877425190915654,0.21485903406653575,0.8471247503654841,0.1,False
20.29851800850189,0.03877463628870083,0.21476635129939323,0.847067582020724,0.1,False
20.30410988828161,0.03877502049864332,0.21467370942711997,0.8470103972902103,0.1,False
20.309701768061327,0.03877540453909412,0.21458110842316197,0.84695319616721,0.1,False
20.315293647841045,0.03877578841016323,0.21448854826098507,0.8468959786449849,0.1,False
20.32088552762077,0.038776172111960674,0.2143960289140743,0.8468387447167901,0.1,False
20.32647740740049,0.03877655564459633,0.21430355035593598,0.8467814943758765,0.1,False
20.332069287180207,0.03877693900817996,0.21421111256009562,0.8467242276154889,0.1,False
20.337661166959926,0.038777322202821304,0.21411871550009862,0.8466669444288665,0.1,False
20.343253046739644,0.03877770522862996,0.21402635914950954,0.8466096448092424,0.1,False
20.348844926519362,0.038778088085715486,0.21393404348191544,0.846552328749846,0.1,False
20.35443680629908,0.03877847077418739,0.2138417684709214,0.8464949962438997,0.1,False
20.360028686078806,0.038778853294155015,0.21374953409015265,0.8464376472846207,0.1,False
20.365620565858524,0.03877923564572769,0.21365734031325392,0.8463802818652202,0.1,False
20.371212445638243,0.03877961782901459,0.21356518711389072,0.846322899978905,0.1,False
20.37680432541796,0.03877999984412499,0.21347307446574865,0.8462655016188753,0.1,False
20.38239620519768,0.038780381691167806,0.21338100234253232,0.8462080867783268,0.1,False
20.387988084977398,0.038780763370252005,0.21328897071796651,0.8461506554504491,0.1,False
20.39357996475712,0.03878114488148648,0.21319697956579625,0.8460932076284263,0.1,False
20.39917184453684,0.03878152622498004,0.2131050288597863,0.8460357433054375,0.1,False
20.40476372431656,0.03878190740084142,0.21301311857372116,0.8459782624746552,0.1,False
20.410355604096278,0.03878228840917925,0.21292124868140616,0.8459207651292484,0.1,False
20.415947483876,0.03878266925010208,0.21282941915666542,0.8458632512623786,0.1,False
20.421539363655718,0.038783049923718435,0.2127376299733429,0.8458057208672026,0.1,False
20.427131243435436,0.038783430430136635,0.21264588110530205,0.8457481739368715,0.1,False
20.43272312321516,0.038783810769465035,0.21255417252642766,0.8456906104645313,0.1,False
20.438315002994877,0.03878419094181183,0.21246250421062413,0.8456330304433228,0.1,False
20.443906882774595,0.038784570947285255,0.21237087613181457,0.8455754338663805,0.1,False
20.449498762554313,0.0387849507859933,0.21227928826394282,0.8455178207268337,0.1,False
20.455090642334035,0.03878533045804394,0.2121877405809722,0.845460191017807,0.1,False
20.460682522113753,0.03878570996354506,0.2120962330568865,0.8454025447324187,0.1,False
20.46627440189347,0.03878608930260446,0.21200476566568832,0.8453448818637819,0.1,False
20.471866281673194,0.0387864684753299,0.2119133383814008,0.8452872024050042,0.1,False
20.477458161452912,0.03878684748182906,0.21182195117806646,0.8452295063491878,0.1,False
20.48305004123263,0.03878722632220936,0.2117306040297479,0.8451717936894294,0.1,False
20.488641921012352,0.038787604996578594,0.21163929691052769,0.8451140644188199,0.1,False
20.49423380079207,0.03878798350504395,0.211548029794507,0.8450563185304449,0.1,False
20.49982568057179,0.03878836184771278,0.2114568026558095,0.8449985560173857,0.1,False
20.505417560351507,0.038788740024692334,0.21136561546857593,0.8449407768727172,0.1,False
20.511009440131232,0.03878911803608977,0.2112744682069679,0.8448829810895082,0.1,False
20.51660131991095,0.038789495882012144,0.21118336084516667,0.8448251686608234,0.1,False
20.52219319969067,0.038789873562566475,0.21109229335737342,0.8447673395797212,0.1,False
20.527785079470387,0.038790251077859716,0.21100126571780958,0.844709493839255,0.1,False
20.533376959250106,0.038790628427998616,0.2109102779007142,0.8446516314324721,0.1,False
20.538968839029824,0.03879100561308998,0.21081932988034852,0.8445937523524154,0.1,False
20.544560718809546,0.03879138263324045,0.21072842163099215,0.8445358565921214,0.1,False
20.550152598589268,0.038791759488556635,0.21063755312694468,0.8444779441446215,0.1,False
20.555744478368986,0.038792136179145106,0.21054672434252672,0.8444200150029426,0.1,False
20.561336358148704,0.038792512705112116,0.21045593525207645,0.8443620691601049,0.1,False
20.566928237928423,0.038792889066564105,0.2103651858299528,0.8443041066091236,0.1,False
20.57252011770814,0.0387932652636073,0.21027447605053456,0.8442461273430087,0.1,False
20.57811199748786,0.038793641296347825,0.21018380588822028,0.8441881313547651,0.1,False
20.583703877267585,0.03879401716489208,0.2100931753174282,0.8441301186373911,0.1,False
20.589295757047303,0.03879439286934569,0.21000258431259494,0.8440720891838808,0.1,False
20.59488763682702,0.03879476840981477,0.20991203284817828,0.8440140429872222,0.1,False
20.60047951660674,0.03879514378640509,0.2098215208986552,0.8439559800403985,0.1,False
20.60607139638646,0.038795518999222504,0.2097310484385226,0.843897900336387,0.1,False
20.61166327616618,0.038795894048372644,0.2096406154422971,0.8438398038681603,0.1,False
20.617255155945895,0.038796268933961105,0.2095502218845138,0.8437816906286845,0.1,False
20.62284703572562,0.038796643656093484,0.2094598677397287,0.8437235606109207,0.1,False
20.62843891550534,0.03879701821487515,0.20936955298251694,0.8436654138078252,0.1,False
20.634030795285057,0.03879739261041153,0.2092792775874735,0.8436072502123486,0.1,False
20.639622675064775,0.03879776684280782,0.20918904152921208,0.8435490698174357,0.1,False
20.645214554844497,0.0387981409121693,0.20909884478236784,0.8434908726160268,0.1,False
20.650806434624215,0.03879851481860105,0.20900868732159406,0.843432658601056,0.1,False
20.656398314403937,0.03879888856220804,0.20891856912156395,0.8433744277654527,0.1,False
20.661990194183655,0.03879926214309536,0.2088284901569698,0.8433161801021397,0.1,False
20.667582073963374,0.03879963556136784,0.20873845040252426,0.8432579156040357,0.1,False
20.673173953743092,0.03880000881713032,0.20864844983295933,0.8431996342640534,0.1,False
20.678765833522814,0.038800381910487396,0.20855848842302685,0.8431413360751009,0.1,False
20.684357713302532,0.03880075484154381,0.20846856614749779,0.8430830210300801,0.1,False
20.68994959308225,0.038801127610403954,0.20837868298116247,0.8430246891218881,0.1,False
20.695541472861972,0.03880150021717251,0.20828883889883132,0.8429663403434158,0.1,False
20.701133352641694,0.03880187266195343,0.20819903387533356,0.8429079746875506,0.1,False
20.706725232421412,0.03880224494485179,0.2081092678855183,0.8428495921471706,0.1,False
20.712317112201127,0.03880261706597129,0.20801954090425487,0.8427911927151532,0.1,False
20.71790899198085,0.038802989025416165,0.20792985290643085,0.8427327763843679,0.1,False
20.723500871760567,0.038803360823290396,0.20784020386695393,0.8426743431476799,0.1,False
20.729092751540286,0.038803732459698086,0.2077505937607516,0.842615892997948,0.1,False
20.734684631320007,0.03880410393474304,0.2076610225627701,0.8425574259280265,0.1,False
20.74027651109973,0.03880447524852915,0.20757149024797583,0.8424989419307639,0.1,False
20.745868390879448,0.0388048464011601,0.20748199679135196,0.8424404409990022,0.1,False
20.751460270659166,0.03880521739273962,0.2073925421679077,0.8423819231255819,0.1,False
20.757052150438884,0.038805588223371275,0.2073031263526658,0.8423233883033345,0.1,False
20.762644030218603,0.0388059588931585,0.20721374932066972,0.8422648365250874,0.1,False
20.768235909998324,0.03880632940220476,0.2071244110469834,0.8422062677836626,0.1,False
20.773827789778046,0.03880669975061345,0.20703511150668907,0.8421476820718765,0.1,False
20.779419669557765,0.03880706993848769,0.20694585067488858,0.8420890793825404,0.1,False
20.785011549337483,0.03880743996593098,0.20685662852670392,0.8420304597084598,0.1,False
20.7906034291172,0.03880780983304599,0.20676744503727607,0.8419718230424366,0.1,False
20.796195308896923,0.03880817953993589,0.20667830018176483,0.8419131693772653,0.1,False
20.80178718867664,0.03880854908670365,0.20658919393534933,0.8418544987057356,0.1,False
20.80737906845636,0.03880891847345219,0.20650012627323072,0.8417958110206332,0.1,False
20.81297094823608,0.03880928770028418,0.2064110971706254,0.8417371063147364,0.1,False
20.8185628280158,0.03880965676730233,0.20632210660277175,0.8416783845808199,0.1,False
20.82415470779552,0.03881002567460931,0.20623315454492777,0.8416196458116527,0.1,False
20.829746587575237,0.038810394422307604,0.20614424097236864,0.8415608899999976,0.1,False
20.83533846735496,0.03881076301049968,0.20605536586039053,0.8415021171386129,0.1,False
20.84093034713468,0.03881113143928794,0.2059665291843086,0.8414433272202515,0.1,False
20.8465222269144,0.03881149970877464,0.20587773091945671,0.8413845202376605,0.1,False
20.852114106694117,0.0388118678190621,0.20578897104118962,0.8413256961835828,0.1,False
20.857705986473835,0.03881223577025233,0.20570024952487864,0.8412668550507543,0.1,False
20.863297866253554,0.038812603562447444,0.20561156634591712,0.8412079968319073,0.1,False
20.868889746033275,0.03881297119574936,0.205522921479716,0.841149121519768,0.1,False
20.874481625812994,0.03881333867026002,0.20543431490170627,0.8410902291070572,0.1,False
20.880073505592716,0.03881370598608118,0.20534574658733748,0.8410313195864907,0.1,False
20.885665385372434,0.03881407314331477,0.2052572165120793,0.8409723929507784,0.1,False
20.891257265152156,0.038814440142062236,0.20516872465141978,0.8409134491926258,0.1,False
20.89684914493187,0.03881480698242521,0.20508027098086695,0.8408544883047329,0.1,False
20.90244102471159,0.0388151736645052,0.20499185547594767,0.8407955102797939,0.1,False
20.90803290449131,0.03881554018840358,0.20490347811220647,0.8407365151104975,0.1,False
20.91362478427103,0.038815906554221735,0.20481513886521127,0.840677502789529,0.1,False
20.91921666405075,0.03881627276206103,0.204726837710545,0.8406184733095657,0.1,False
20.92480854383047,0.03881663881202251,0.20463857462381171,0.8405594266632818,0.1,False
20.93040042361019,0.03881700470420727,0.20455034958063398,0.8405003628433451,0.1,False
20.93599230338991,0.038817370438716366,0.2044621625566537,0.8404412818424183,0.1,False
20.941584183169628,0.0388177360156507,0.20437401352753184,0.8403821836531589,0.1,False
20.947176062949346,0.038818101435111156,0.20428590246894848,0.840323068268219,0.1,False
20.952767942729068,0.038818466697198524,0.20419782935660347,0.8402639356802459,0.1,False
20.958359822508786,0.038818831802013516,0.20410979416621564,0.8402047858818814,0.1,False
20.963951702288508,0.038819196749656656,0.20402179687352112,0.8401456188657614,0.1,False
20.969543582068226,0.0388195615402286,0.20393383745427707,0.840086434624517,0.1,False
20.97513546184794,0.038819926173829816,0.2038459158842594,0.840027233150774,0.1,False
20.980727341627663,0.03882029065056067,0.2037580321392634,0.8399680144371534,0.1,False
20.98631922140738,0.038820654970521465,0.2036701861951024,0.8399087784762702,0.1,False
20.991911101187103,0.03882101913381239,0.20358237802760965,0.8398495252607348,0.1,False
20.99750298096682,0.03882138314053373,0.2034946076126368,0.8397902547831512,0.1,False
21.003094860746543,0.03882174699078532,0.20340687492605516,0.8397309670361202,0.1,False
21.00868674052626,0.03882211068466723,0.20331917994375448,0.839671662012235,0.1,False
21.01427862030598,0.0388224742222794,0.2032315226416435,0.8396123397040848,0.1,False
21.0198705000857,0.03882283760372176,0.2031439029956517,0.8395530001042536,0.1,False
21.025462379865424,0.03882320082909395,0.20305632098172527,0.8394936432053199,0.1,False
21.031054259645142,0.038823563898495624,0.20296877657583012,0.8394342689998568,0.1,False
21.03664613942486,0.038823926812026475,0.2028812697539514,0.8393748774804319,0.1,False
21.04223801920458,0.03882428956978595,0.20279380049209317,0.8393154686396084,0.1,False
21.0478298989843,0.038824652171873586,0.2027063687662786,0.8392560424699432,0.1,False
21.05342177876402,0.03882501461838859,0.2026189745525493,0.8391965989639891,0.1,False
21.059013658543734,0.03882537690943034,0.20253161782696644,0.8391371381142929,0.1,False
21.064605538323452,0.038825739045098055,0.20244429856561114,0.8390776599133969,0.1,False
21.070197418103174,0.03882610102549077,0.20235701674457893,0.839018164353836,0.1,False
21.075789297882896,0.03882646285070762,0.20226977233998958,0.8389586514281424,0.1,False
21.081381177662614,0.038826824520847555,0.20218256532797868,0.8388991211288416,0.1,False
21.086973057442332,0.03882718603600946,0.20209539568470242,0.8388395734484547,0.1,False
21.09256493722205,0.038827547396292135,0.20200826338633465,0.8387800083794971,0.1,False
21.098156817001772,0.03882790860179431,0.2019211684090686,0.8387204259144788,0.1,False
21.103748696781494,0.03882826965261464,0.20183411072911608,0.838660826045905,0.1,False
21.109340576561213,0.03882863054885176,0.20174709032270857,0.8386012087662755,0.1,False
21.11493245634093,0.03882899129060412,0.20166010716609534,0.8385415740680846,0.1,False
21.120524336120653,0.03882935187797014,0.2015731612355452,0.8384819219438219,0.1,False
21.12611621590037,0.038829712311048155,0.20148625250734498,0.8384222523859712,0.1,False
21.13170809568009,0.03883007258993644,0.201399380957801,0.8383625653870111,0.1,False
21.137299975459808,0.038830432714733146,0.20131254656323813,0.8383028609394156,0.1,False
21.142891855239533,0.038830792685536374,0.20122574930000003,0.8382431390356528,0.1,False
21.14848373501925,0.038831152502444094,0.20113898914444944,0.8381833996681863,0.1,False
21.154075614798966,0.03883151216555468,0.20105226607296772,0.8381236428294724,0.1,False
21.159667494578684,0.038831871674965567,0.2009655800619545,0.8380638685119651,0.1,False
21.165259374358403,0.0388322310307746,0.20087893108782906,0.8380040767081122,0.1,False
21.170851254138125,0.03883259023307959,0.2007923191270294,0.8379442674103557,0.1,False
21.176443133917846,0.038832949281978286,0.2007057441560098,0.8378844406111309,0.1,False
21.182035013697565,0.03883330817756801,0.200619206151246,0.8378245963028709,0.1,False
21.187626893477283,0.03883366691994633,0.2005327050892319,0.8377647344780023,0.1,False
21.193218773257005,0.038834025509210626,0.20044624094647973,0.8377048551289462,0.1,False
21.198810653036723,0.03883438394545831,0.20035981369952063,0.8376449582481186,0.1,False
21.20440253281644,0.03883474222878664,0.20027342332490414,0.8375850438279304,0.1,False
21.20999441259616,0.038835100359292773,0.20018706979919867,0.8375251118607873,0.1,False
21.215586292375885,0.0388354583370738,0.20010075309899075,0.8374651623390892,0.1,False
21.221178172155604,0.038835816162226755,0.2000144732008865,0.8374051952552319,0.1,False
21.226770051935322,0.03883617383484863,0.19992823008151006,0.837345210601605,0.1,False
21.23236193171504,0.038836531355036195,0.1998420237175041,0.8372852083705936,0.1,False
21.237953811494762,0.038836888722886286,0.19975585408553,0.837225188554577,0.1,False
21.24354569127448,0.038837245938495704,0.19966972116226794,0.8371651511459292,0.1,False
21.249137571054195,0.038837603001960944,0.19958362492441656,0.8371050961370199,0.1,False
21.254729450833917,0.038837959913378614,0.19949756534869267,0.8370450235202125,0.1,False
21.260321330613635,0.038838316672845215,0.19941154241183234,0.8369849332878662,0.1,False
21.265913210393357,0.038838673280457134,0.19932555609058966,0.8369248254323338,0.1,False
21.271505090173076,0.03883902973631075,0.19923960636173796,0.8368646999459642,0.1,False
21.277096969952794,0.03883938604050233,0.1991536932020697,0.8368045568211012,0.1,False
21.282688849732512,0.038839742193127955,0.19906781658839193,0.8367443960500808,0.1,False
21.288280729512238,0.03884009819428373,0.19898197649753452,0.8366842176252365,0.1,False
21.293872609291956,0.03884045404406569,0.19889617290634362,0.8366240215388956,0.1,False
21.299464489071674,0.0388408097425698,0.19881040579168574,0.8365638077833807,0.1,False
21.305056368851393,0.03884116528989208,0.19872467513044464,0.8365035763510085,0.1,False
21.310648248631114,0.03884152068612809,0.19863898089952203,0.8364433272340911,0.1,False
21.316240128410833,0.0388418759313736,0.1985533230758389,0.836383060424935,0.1,False
21.32183200819055,0.038842231025724254,0.19846770163633434,0.8363227759158418,0.1,False
21.327423887970273,0.038842585969275645,0.1983821165579662,0.8362624736991076,0.1,False
21.333015767749995,0.03884294076212324,0.1982965678177103,0.8362021537670232,0.1,False
21.338607647529713,0.03884329540436252,0.1982110553925609,0.8361418161118743,0.1,False
21.344199527309428,0.03884364989608875,0.19812557925953161,0.8360814607259422,0.1,False
21.349791407089146,0.0388440042373972,0.19804013939565296,0.8360210876015017,0.1,False
21.355383286868864,0.03884435842838304,0.19795473577797484,0.8359606967308235,0.1,False
21.36097516664859,0.038844712469141375,0.19786936838356547,0.8359002881061726,0.1,False
21.366567046428308,0.03884506635976723,0.19778403718951043,0.8358398617198083,0.1,False
21.372158926208026,0.03884542010035555,0.19769874217291475,0.8357794175639857,0.1,False
21.377750805987745,0.03884577369100126,0.19761348331090015,0.835718955630953,0.1,False
21.383342685767467,0.03884612713179915,0.1975282605806102,0.8356584759129562,0.1,False
21.388934565547185,0.038846480422843985,0.19744307395920413,0.8355979784022339,0.1,False
21.394526445326903,0.03884683356423034,0.19735792342385963,0.8355374630910203,0.1,False
21.400118325106625,0.03884718655605278,0.19727280895177218,0.8354769299715432,0.1,False
21.405710204886347,0.03884753939840586,0.1971877305201565,0.8354163790360265,0.1,False
21.411302084666065,0.03884789209138394,0.19710268810624568,0.8353558102766886,0.1,False
21.416893964445784,0.038848244635081464,0.19701768168729086,0.8352952236857425,0.1,False
21.422485844225502,0.038848597029592626,0.19693271124056078,0.8352346192553962,0.1,False
21.428077724005224,0.038848949275011535,0.19684777674334294,0.8351739969778527,0.1,False
21.43366960378494,0.03884930137143248,0.19676287817294336,0.8351133568453091,0.1,False
21.43926148356466,0.03884965331894942,0.19667801550668543,0.8350526988499577,0.1,False
21.44485336334438,0.03885000511765635,0.1965931887219115,0.834992022983986,0.1,False
21.450445243124097,0.03885035676764713,0.19650839779598175,0.8349313292395759,0.1,False
21.45603712290382,0.0388507082690156,0.1964236427062742,0.8348706176089038,0.1,False
21.461629002683537,0.03885105962185546,0.1963389234301858,0.8348098880841419,0.1,False
21.467220882463256,0.03885141082626043,0.1962542399451315,0.8347491406574565,0.1,False
21.472812762242974,0.03885176188232418,0.19616959222854383,0.8346883753210085,0.1,False
21.4784046420227,0.03885211279014007,0.19608498025787388,0.8346275920669542,0.1,False
21.483996521802418,0.03885246354980164,0.19600040401059168,0.8345667908874455,0.1,False
21.489588401582136,0.03885281416140217,0.19591586346418247,0.8345059717746264,0.1,False
21.495180281361854,0.038853164625034964,0.19583135859615217,0.8344451347206379,0.1,False
21.500772161141576,0.0388535149407934,0.19574688938402485,0.8343842797176155,0.1,False
21.506364040921294,0.038853865108770404,0.1956624558053412,0.8343234067576896,0.1,False
21.511955920701016,0.038854215129059164,0.19557805783766155,0.8342625158329853,0.1,False
21.517547800480735,0.03885456500175267,0.19549369545856285,0.8342016069356218,0.1,False
21.523139680260456,0.03885491472694377,0.1954093686456408,0.8341406800577144,0.1,False
21.52873156004017,0.038855264304725405,0.1953250773765089,0.8340797351913719,0.1,False
21.53432343981989,0.03885561373519022,0.19524082162879905,0.8340187723286994,0.1,False
21.539915319599608,0.03885596301843097,0.19515660138016042,0.8339577914617953,0.1,False
21.545507199379326,0.03885631215454033,0.19507241660826055,0.8338967925827534,0.1,False
21.55109907915905,0.03885666114361074,0.19498826729078508,0.8338357756836628,0.1,False
21.55669095893877,0.03885700998573472,0.19490415340543757,0.8337747407566072,0.1,False
21.562282838718488,0.038857358681004664,0.19482007492993983,0.8337136877936648,0.1,False
21.567874718498206,0.038857707229513046,0.19473603184203128,0.8336526167869087,0.1,False
21.57346659827793,0.038858055631351834,0.1946520241194689,0.8335915277284074,0.1,False
21.579058478057647,0.03885840388661339,0.19456805174002825,0.8335304206102234,0.1,False
21.58465035783737,0.03885875199538975,0.19448411468150195,0.8334692954244143,0.1,False
21.590242237617087,0.03885909995777295,0.19440021292170157,0.8334081521630328,0.1,False
21.59583411739681,0.03885944777385493,0.19431634643845563,0.8333469908181261,0.1,False
21.601425997176527,0.03885979544372752,0.19423251520961124,0.8332858113817367,0.1,False
21.607017876956245,0.03886014296748255,0.19414871921303276,0.8332246138459015,0.1,False
21.612609756735964,0.03886049034521168,0.19406495842660298,0.8331633982026526,0.1,False
21.618201636515685,0.03886083757700664,0.19398123282822205,0.8331021644440163,0.1,False
21.623793516295404,0.03886118466295922,0.19389754239580756,0.833040912562013,0.1,False
21.629385396075122,0.03886153160316066,0.19381388710729716,0.8329796425486609,0.1,False
21.63497727585484,0.03886187839770244,0.1937302669406434,0.8329183543959704,0.1,False
21.64056915563456,0.03886222504667587,0.19364668187381837,0.832857048095948,0.1,False
21.64616103541428,0.038862571550172274,0.19356313188481072,0.8327957236405938,0.1,False
21.651752915194,0.03886291790828284,0.1934796169516278,0.8327343810219039,0.1,False
21.657344794973717,0.03886326412109873,0.19339613705229478,0.8326730202318686,0.1,False
21.66293667475344,0.038863610188711026,0.19331269216485372,0.8326116412624731,0.1,False
21.66852855453316,0.038863956111210705,0.1932292822673649,0.8325502441056972,0.1,False
21.67412043431288,0.038864301888688724,0.19314590733790707,0.8324888287535166,0.1,False
21.679712314092598,0.03886464752123586,0.19306256735457547,0.8324273951979009,0.1,False
21.685304193872316,0.03886499300894289,0.19297926229548368,0.8323659434308147,0.1,False
21.690896073652038,0.03886533835190061,0.1928959921387633,0.8323044734442174,0.1,False
21.69648795343176,0.03886568355019952,0.19281275686256197,0.8322429852300633,0.1,False
21.702079833211478,0.03886602860393021,0.1927295564450464,0.8321814787803014,0.1,False
21.707671712991196,0.03886637351318321,0.1926463908644009,0.8321199540868754,0.1,False
21.71326359277091,0.03886671827804882,0.19256326009882685,0.8320584111417245,0.1,False
21.718855472550633,0.03886706289861744,0.19248016412654412,0.8319968499367826,0.1,False
21.72444735233035,0.03886740737497929,0.19239710292578935,0.8319352704639779,0.1,False
21.73003923211007,0.03886775170722463,0.19231407647481716,0.8318736727152334,0.1,False
21.73563111188979,0.03886809589544349,0.1922310847518996,0.8318120566824677,0.1,False
21.741222991669513,0.03886843993972593,0.19214812773532688,0.8317504223575941,0.1,False
21.74681487144923,0.0388687838401619,0.19206520540340413,0.8316887697325187,0.1,False
21.75240675122895,0.03886912759684145,0.1919823177344591,0.8316270987991459,0.1,False
21.757998631008668,0.03886947120985406,0.19189946470683278,0.8315654095493733,0.1,False
21.76359051078839,0.03886981467928992,0.19181664629888498,0.8315037019750917,0.1,False
21.76918239056811,0.03887015800523839,0.1917338624889931,0.8314419760681895,0.1,False
21.77477427034783,0.038870501187789126,0.19165111325555217,0.8313802318205484,0.1,False
21.78036615012755,0.03887084422703166,0.19156839857697433,0.8313184692240452,0.1,False
21.78595802990727,0.03887118712305549,0.19148571843168954,0.8312566882705514,0.1,False
21.79154990968699,0.03887152987595005,0.19140307279814522,0.8311948889519335,0.1,False
21.797141789466707,0.0388718724858045,0.19132046165480524,0.8311330712600525,0.1,False
21.802733669246425,0.038872214952708185,0.191237884980153,0.8310712351867656,0.1,False
21.80832554902614,0.03887255727675024,0.19115534275268778,0.8310093807239232,0.1,False
21.813917428805865,0.038872899458019756,0.19107283495092625,0.8309475078633709,0.1,False
21.819509308585584,0.03887324149660578,0.190990361553403,0.8308856165969495,0.1,False
21.825101188365302,0.03887358339259724,0.19090792253866978,0.8308237069164947,0.1,False
21.83069306814502,0.03887392514608306,0.19082551788529598,0.8307617788138366,0.1,False
21.836284947924742,0.03887426675715204,0.19074314757186847,0.8306998322808008,0.1,False
21.84187682770446,0.038874608225892913,0.19066081157699075,0.8306378673092067,0.1,False
21.847468707484182,0.03887494955239429,0.19057850987928426,0.8305758838908699,0.1,False
21.8530605872639,0.038875290736744776,0.19049624245738764,0.8305138820175997,0.1,False
21.858652467043623,0.03887563177903293,0.19041400928995703,0.8304518616812008,0.1,False
21.86424434682334,0.03887597267934722,0.19033181035566538,0.8303898228734723,0.1,False
21.86983622660306,0.038876313437775964,0.19024964563320335,0.8303277655862086,0.1,False
21.875428106382778,0.0388766540544075,0.19016751510127858,0.8302656898111986,0.1,False
21.881019986162503,0.03887699452933017,0.19008541873861654,0.8302035955402262,0.1,False
21.88661186594222,0.03887733486263187,0.1900033565239589,0.8301414827650703,0.1,False
21.89220374572194,0.03887767505440083,0.18992132843606588,0.8300793514775043,0.1,False
21.897795625501658,0.0388780151047251,0.1898393344537139,0.8300172016692967,0.1,False
21.903387505281373,0.038878355013692543,0.18975737455569658,0.8299550333322103,0.1,False
21.908979385061095,0.03887869478139108,0.18967544872082612,0.8298928464580039,0.1,False
21.914571264840813,0.03887903440790854,0.18959355692793095,0.8298306410384301,0.1,False
21.920163144620535,0.03887937389333262,0.18951169915585622,0.8297684170652365,0.1,False
21.925755024400253,0.038879713237751,0.18942987538346476,0.8297061745301656,0.1,False
21.931346904179975,0.038880052441251284,0.1893480855896369,0.8296439134249551,0.1,False
21.936938783959693,0.03888039150392094,0.18926632975326949,0.8295816337413371,0.1,False
21.94253066373941,0.03888073042584744,0.18918460785327723,0.8295193354710391,0.1,False
21.94812254351913,0.03888106920711818,0.18910291986859057,0.8294570186057821,0.1,False
21.95371442329885,0.03888140784782047,0.18902126577815911,0.8293946831372836,0.1,False
21.959306303078574,0.03888174634804162,0.18893964556094786,0.8293323290572547,0.1,False
21.964898182858292,0.038882084707868594,0.1888580591959394,0.8292699563574024,0.1,False
21.97049006263801,0.03888242292738866,0.18877650666213325,0.829207565029427,0.1,False
21.976081942417732,0.03888276100668881,0.18869498793854714,0.8291451550650256,0.1,False
21.98167382219745,0.03888309894585597,0.18861350300421453,0.8290827264558889,0.1,False
21.98726570197717,0.038883436744977004,0.18853205183818642,0.8290202791937026,0.1,False
21.992857581756883,0.03888377440413869,0.1884506344195303,0.8289578132701472,0.1,False
21.998449461536605,0.03888411192342785,0.1883692507273319,0.8288953286768985,0.1,False
22.004041341316327,0.038884449302931064,0.18828790074069254,0.8288328254056265,0.1,False
22.009633221096045,0.03888478654273506,0.18820658443873045,0.8287703034479953,0.1,False
22.015225100875764,0.03888512364292625,0.18812530180058348,0.8287077627956668,0.1,False
22.020816980655482,0.038885460603591174,0.18804405280540343,0.8286452034402948,0.1,False
22.026408860435204,0.03888579742481616,0.18796283743236022,0.8285826253735289,0.1,False
22.032000740214926,0.03888613410668759,0.1878816556606408,0.8285200285870136,0.1,False
22.037592619994644,0.03888647064929162,0.18780050746944904,0.8284574130723885,0.1,False
22.043184499774362,0.03888680705271444,0.18771939283800498,0.8283947788212875,0.1,False
22.048776379554084,0.03888714331704223,0.18763831174554688,0.8283321258253395,0.1,False
22.054368259333803,0.038887479442361074,0.1875572641713283,0.8282694540761679,0.1,False
22.05996013911352,0.038887815428756786,0.18747625009462177,0.8282067635653924,0.1,False
22.06555201889324,0.0388881512763153,0.1873952694947145,0.8281440542846257,0.1,False
22.071143898672965,0.03888848698512254,0.18731432235091175,0.8280813262254759,0.1,False
22.076735778452683,0.03888882255526416,0.1872334086425354,0.8280185793795467,0.1,False
22.0823276582324,0.03888915798682585,0.1871525283489239,0.8279558137384356,0.1,False
22.087919538012116,0.03888949327989332,0.18707168144943354,0.8278930292937356,0.1,False
22.093511417791834,0.03888982843455212,0.18699086792343583,0.827830226037034,0.1,False
22.099103297571556,0.03889016345088771,0.18691008775032036,0.8277674039599137,0.1,False
22.104695177351278,0.03889049832898543,0.18682934090949305,0.8277045630539517,0.1,False
22.110287057130996,0.03889083306893062,0.18674862738037518,0.8276417033107195,0.1,False
22.115878936910715,0.03889116767080859,0.1866679471424077,0.827578824721785,0.1,False
22.121470816690437,0.03889150213470448,0.18658730017504738,0.8275159272787105,0.1,False
22.127062696470155,0.03889183646070348,0.18650668645776658,0.8274530109730522,0.1,False
22.132654576249873,0.03889217064889052,0.1864261059700544,0.8273900757963616,0.1,False
22.13824645602959,0.038892504699351564,0.18634555869141767,0.8273271217401815,0.1,False
22.143838335809317,0.038892838612169967,0.18626504460137888,0.8272641487960587,0.1,False
22.149430215589035,0.038893172387431514,0.18618456367947836,0.827201156955526,0.1,False
22.155022095368754,0.038893506025220584,0.1861041159052721,0.8271381462101154,0.1,False
22.160613975148472,0.038893839525622115,0.18602370125833317,0.8270751165513515,0.1,False
22.166205854928194,0.03889417288872065,0.18594331971825126,0.8270120679707553,0.1,False
22.171797734707912,0.038894506114600866,0.18586297126463291,0.8269490004598419,0.1,False
22.17738961448763,0.038894839203347256,0.18578265587710066,0.826885914010121,0.1,False
22.18298149426735,0.03889517215504427,0.18570237353529478,0.8268228086130982,0.1,False
22.188573374047067,0.038895504969776236,0.18562212421887064,0.8267596842602726,0.1,False
22.19416525382679,0.03889583764762748,0.1855419079075012,0.8266965409431387,0.1,False
22.199757133606507,0.03889617018868226,0.18546172458087565,0.8266333786531861,0.1,False
22.205349013386225,0.03889650259302476,0.1853815742186999,0.8265701973818987,0.1,False
22.210940893165944,0.03889683486073902,0.1853014568006967,0.8265069971207561,0.1,False
22.21653277294567,0.03889716699190908,0.18522137230660385,0.8264437778612312,0.1,False
22.222124652725388,0.038897498986618956,0.18514132071617834,0.8263805395947937,0.1,False
22.227716532505106,0.038897830844952505,0.185061302009192,0.8263172823129071,0.1,False
22.233308412284824,0.03889816256699354,0.18498131616543273,0.8262540060070293,0.1,False
22.238900292064546,0.03889849415282582,0.1849013631647056,0.8261907106686136,0.1,False
22.244492171844264,0.038898825602532966,0.18482144298683215,0.8261273962891081,0.1,False
22.250084051623983,0.038899156916198725,0.18474155561165023,0.8260640628599554,0.1,False
22.255675931403704,0.03889948809390657,0.1846617010190142,0.8260007103725931,0.1,False
22.261267811183426,0.03889981913574001,0.18458187918879465,0.8259373388184538,0.1,False
22.266859690963145,0.0389001500417824,0.1845020901008789,0.8258739481889646,0.1,False
22.27245157074286,0.038900480812117166,0.1844223337351701,0.8258105384755474,0.1,False
22.278043450522578,0.03890081144682752,0.18434261007158875,0.8257471096696194,0.1,False
22.283635330302296,0.03890114194599664,0.1842629190900714,0.8256836617625927,0.1,False
22.289227210082018,0.038901472309707766,0.1841832607705709,0.8256201947458737,0.1,False
22.29481908986174,0.03890180253804389,0.18410363509305583,0.8255567086108632,0.1,False
22.300410969641458,0.03890213263108807,0.18402404203751177,0.8254932033489578,0.1,False
22.306002849421176,0.03890246258892323,0.18394448158394078,0.8254296789515485,0.1,False
22.3115947292009,0.038902792411632234,0.18386495371236097,0.8253661354100211,0.1,False
22.317186608980617,0.038903122099297936,0.18378545840280644,0.8253025727157558,0.1,False
22.322778488760335,0.038903451652003,0.18370599563532827,0.8252389908601286,0.1,False
22.328370368540057,0.03890378106983009,0.1836265653899933,0.8251753898345099,0.1,False
22.33396224831978,0.03890411035286185,0.18354716764688497,0.8251117696302643,0.1,False
22.339554128099497,0.03890443950118076,0.1834678023861029,0.8250481302387522,0.1,False
22.345146007879215,0.03890476851486934,0.1833884695877626,0.8249844716513277,0.1,False
22.350737887658934,0.038905097394010116,0.18330916923199675,0.8249207938593406,0.1,False
22.356329767438655,0.03890542613868518,0.18322990129895328,0.8248570968541356,0.1,False
22.361921647218374,0.03890575474897676,0.18315066576879674,0.8247933806270523,0.1,False
22.367513526998092,0.03890608322496719,0.18307146262170743,0.8247296451694236,0.1,False
22.37310540677781,0.038906411566738575,0.1829922918378826,0.8246658904725789,0.1,False
22.37869728655753,0.03890673977437303,0.18291315339753514,0.8246021165278413,0.1,False
22.38428916633725,0.038907067847952496,0.18283404728089506,0.8245383233265302,0.1,False
22.38988104611697,0.03890739578755889,0.18275497346820682,0.8244745108599579,0.1,False
22.395472925896687,0.03890772359327412,0.18267593193973233,0.8244106791194329,0.1,False
22.401064805676405,0.038908051265179926,0.18259692267574887,0.8243468280962577,0.1,False
22.40665668545613,0.038908378803358054,0.18251794565655047,0.8242829577817302,0.1,False
22.41224856523585,0.038908706207890456,0.18243900086244708,0.8242190681671419,0.1,False
22.417840445015567,0.038909033478858206,0.18236008827376443,0.8241551592437817,0.1,False
22.423432324795286,0.03890936061634305,0.18228120787084465,0.824091231002931,0.1,False
22.429024204575008,0.038909687620426466,0.18220235963404535,0.8240272834358665,0.1,False
22.434616084354726,0.038910014491189825,0.1821235435437413,0.8239633165338601,0.1,False
22.440207964134448,0.038910341228714465,0.18204475958032273,0.8238993302881786,0.1,False
22.445799843914166,0.038910667833081725,0.18196600772419558,0.8238353246900826,0.1,False
22.451391723693888,0.03891099430437269,0.1818872879557816,0.8237712997308283,0.1,False
22.456983603473606,0.03891132064266853,0.18180860025551954,0.823707255401667,0.1,False
22.46257548325332,0.03891164684805036,0.1817299446038638,0.8236431916938443,0.1,False
22.46816736303304,0.03891197292059913,0.18165132098128453,0.8235791085986007,0.1,False
22.473759242812758,0.03891229886039575,0.18157272936826818,0.823515006107172,0.1,False
22.479351122592483,0.038912624667521066,0.18149416974531618,0.8234508842107879,0.1,False
22.4849430023722,0.03891295034205593,0.18141564209294675,0.8233867429006732,0.1,False
22.49053488215192,0.03891327588408102,0.18133714639169396,0.8233225821680478,0.1,False
22.496126761931638,0.03891360129367705,0.18125868262210781,0.8232584020041261,0.1,False
22.50171864171136,0.03891392657092456,0.18118025076475425,0.823194202400118,0.1,False
22.50731052149108,0.038914251715904145,0.18110185080021415,0.8231299833472265,0.1,False
22.512902401270797,0.03891457672869623,0.18102348270908605,0.8230657448366517,0.1,False
22.51849428105052,0.038914901609381214,0.180945146471983,0.8230014868595869,0.1,False
22.52408616083024,0.038915226358039484,0.18086684206953416,0.8229372094072201,0.1,False
22.52967804060996,0.038915550974751204,0.18078856948238473,0.8228729124707354,0.1,False
22.535269920389677,0.03891587545959669,0.18071032869119572,0.8228085960413104,0.1,False
22.540861800169395,0.03891619981265603,0.18063211967664347,0.8227442601101178,0.1,False
22.546453679949117,0.0389165240340092,0.18055394241942174,0.8226799046683266,0.1,False
22.552045559728835,0.03891684812373649,0.18047579690023782,0.8226155297070974,0.1,False
22.557637439508554,0.03891717208191765,0.18039768309981624,0.8225511352175886,0.1,False
22.563229319288272,0.038917495908632554,0.18031960099889713,0.8224867211909521,0.1,False
22.56882119906799,0.03891781960396102,0.18024155057823577,0.8224222876183349,0.1,False
22.574413078847712,0.03891814316798281,0.18016353181860384,0.8223578344908784,0.1,False
22.58000495862743,0.038918466600777635,0.18008554470078847,0.8222933617997191,0.1,False
22.58559683840715,0.03891878990242503,0.18000758920559234,0.8222288695359884,0.1,False
22.59118871818687,0.0389191130730046,0.17992966531383425,0.8221643576908121,0.1,False
22.596780597966593,0.038919436112595816,0.1798517730063485,0.8220998262553113,0.1,False
22.60237247774631,0.0389197590212781,0.17977391226398517,0.8220352752206015,0.1,False
22.60796435752603,0.03892008179913082,0.1796960830676097,0.8219707045777932,0.1,False
22.613556237305747,0.03892040444623327,0.17961828539810282,0.8219061143179908,0.1,False
22.61914811708547,0.03892072696266466,0.17954051923636286,0.8218415044322954,0.1,False
22.62473999686519,0.03892104934850415,0.17946278456330145,0.8217768749118012,0.1,False
22.63033187664491,0.03892137160383088,0.1793850813598465,0.8217122257475973,0.1,False
22.635923756424628,0.03892169372872379,0.1793074096069427,0.821647556930769,0.1,False
22.64151563620435,0.03892201572326195,0.17922976928554887,0.8215828684523945,0.1,False
22.647107515984064,0.038922337587524114,0.17915216037663828,0.821518160303547,0.1,False
22.652699395763783,0.038922659321589344,0.17907458286120487,0.8214534324752968,0.1,False
22.6582912755435,0.03892298092553626,0.17899703672025327,0.821388684958707,0.1,False
22.663883155323223,0.03892330239944361,0.17891952193480498,0.8213239177448353,0.1,False
22.669475035102945,0.03892362374339002,0.17884203848589736,0.8212591308247349,0.1,False
22.675066914882663,0.03892394495745405,0.1787645863545828,0.8211943241894536,0.1,False
22.68065879466238,0.03892426604171425,0.17868716552192943,0.8211294978300334,0.1,False
22.6862506744421,0.03892458699624902,0.17860977596902144,0.8210646517375126,0.1,False
22.69184255422182,0.03892490782113693,0.178532417676958,0.8209997859029221,0.1,False
22.69743443400154,0.03892522851645662,0.17845509062685325,0.8209349003172877,0.1,False
22.703026313781262,0.03892554908228543,0.17837779479983804,0.8208699949716344,0.1,False
22.70861819356098,0.03892586951870187,0.17830053017705724,0.8208050698569774,0.1,False
22.714210073340702,0.03892618982578423,0.178223296739672,0.8207401249643269,0.1,False
22.71980195312042,0.03892651000361055,0.1781460944688591,0.8206751602846898,0.1,False
22.72539383290014,0.03892683005225885,0.1780689233458106,0.8206101758090664,0.1,False
22.730985712679857,0.03892714997180702,0.17799178335173282,0.820545171528452,0.1,False
22.736577592459582,0.03892746976233298,0.17791467446784878,0.8204801474338365,0.1,False
22.742169472239297,0.03892778942391451,0.1778375966753971,0.8204151035162061,0.1,False
22.747761352019015,0.03892810895662951,0.1777605499556309,0.8203500397665393,0.1,False
22.753353231798734,0.038928428360555524,0.17768353428981867,0.8202849561758113,0.1,False
22.758945111578452,0.03892874763577014,0.17760654965924325,0.8202198527349904,0.1,False
22.764536991358174,0.03892906678235094,0.1775295960452068,0.8201547294350429,0.1,False
22.770128871137892,0.03892938580037545,0.1774526734290227,0.8200895862669265,0.1,False
22.775720750917614,0.03892970468992103,0.17737578179202065,0.8200244232215945,0.1,False
22.781312630697332,0.03893002345106515,0.1772989211155463,0.8199592402899956,0.1,False
22.786904510477054,0.03893034208388507,0.1772220913809601,0.8198940374630727,0.1,False
22.792496390256773,0.038930660588458066,0.1771452925696375,0.8198288147317634,0.1,False
22.79808827003649,0.03893097896486118,0.1770685246629702,0.8197635720870011,0.1,False
22.80368014981621,0.03893129721317164,0.17699178764236417,0.8196983095197127,0.1,False
22.809272029595935,0.03893161533346653,0.1769150814892406,0.8196330270208197,0.1,False
22.814863909375653,0.03893193332582268,0.17683840618503704,0.8195677245812405,0.1,False
22.82045578915537,0.03893225119031716,0.17676176171120547,0.8195024021918862,0.1,False
22.82604766893509,0.03893256892702676,0.1766851480492126,0.8194370598436628,0.1,False
22.83163954871481,0.03893288653602832,0.1766085651805405,0.8193716975274714,0.1,False
22.837231428494526,0.03893320401739855,0.1765320130866875,0.8193063152342085,0.1,False
22.842823308274244,0.038933521371214114,0.17645549174916592,0.8192409129547646,0.1,False
22.848415188053963,0.038933838597551694,0.1763790011495039,0.8191754906800252,0.1,False
22.854007067833685,0.03893415569648782,0.1763025412692441,0.8191100484008702,0.1,False
22.859598947613406,0.03893447266809882,0.1762261120899442,0.8190445861081748,0.1,False
22.865190827393125,0.03893478951246124,0.17614971359317544,0.8189791037928066,0.1,False
22.870782707172843,0.03893510622965153,0.1760733457605304,0.8189136014456332,0.1,False
22.87637458695256,0.038935422819745845,0.1759970085736106,0.8188480790575129,0.1,False
22.881966466732283,0.038935739282820396,0.17592070201403445,0.8187825366192996,0.1,False
22.887558346512005,0.03893605561895138,0.17584442606343537,0.8187169741218419,0.1,False
22.893150226291723,0.03893637182821508,0.1757681807034614,0.8186513915559821,0.1,False
22.898742106071442,0.03893668791068735,0.17569196591577665,0.8185857889125594,0.1,False
22.904333985851164,0.03893700386644424,0.1756157816820591,0.8185201661824061,0.1,False
22.909925865630882,0.03893731969556166,0.17553962798400347,0.8184545233563508,0.1,False
22.9155177454106,0.03893763539811548,0.1754635048033174,0.818388860425215,0.1,False
22.92110962519032,0.03893795097418149,0.1753874121217247,0.818323177379816,0.1,False
22.926701504970037,0.03893826642383537,0.1753113499209641,0.818257474210966,0.1,False
22.93229338474976,0.03893858174715289,0.17523531818278856,0.8181917509094707,0.1,False
22.937885264529477,0.03893889694420958,0.17515931688896663,0.818126007466132,0.1,False
22.943477144309195,0.03893921201508103,0.1750833460212822,0.8180602438717459,0.1,False
22.949069024088914,0.03893952695984267,0.17500740556153324,0.8179944601171034,0.1,False
22.954660903868636,0.038939841778569975,0.17493149549153303,0.8179286561929898,0.1,False
22.960252783648357,0.03894015647133844,0.1748556157931101,0.817862832090185,0.1,False
22.965844663428076,0.03894047103822323,0.174779766448107,0.8177969877994642,0.1,False
22.971436543207794,0.03894078547929956,0.1747039474383819,0.8177311233115976,0.1,False
22.977028422987516,0.03894109979464265,0.17462815874580864,0.8176652386173502,0.1,False
22.982620302767234,0.03894141398432755,0.1745524003522722,0.8175993337074791,0.1,False
22.988212182546953,0.038941728048429214,0.17447667223967606,0.8175334085727396,0.1,False
22.99380406232667,0.03894204198702308,0.174400974389938,0.8174674632038791,0.1,False
22.999395942106396,0.03894235580018372,0.17432530678499,0.817401497591642,0.1,False
23.004987821886115,0.03894266948798606,0.17424966940677875,0.8173355117267662,0.1,False
23.010579701665833,0.03894298305050493,0.17417406223726617,0.8172695055999845,0.1,False
23.01617158144555,0.03894329648781507,0.17409848525842903,0.8172034792020244,0.1,False
23.021763461225266,0.03894360979999116,0.1740229384522576,0.8171374325236079,0.1,False
23.027355341004988,0.038943922987107873,0.17394742180075856,0.8170713655554519,0.1,False
23.032947220784706,0.03894423604923974,0.1738719352859529,0.8170052782882685,0.1,False
23.038539100564428,0.03894454898646125,0.17379647888987554,0.8169391707127638,0.1,False
23.044130980344146,0.03894486179884686,0.173721052594577,0.816873042819639,0.1,False
23.049722860123868,0.03894517448647097,0.17364565638212232,0.8168068945995899,0.1,False
23.055314739903586,0.038945487049407854,0.17357029023459056,0.8167407260433069,0.1,False
23.060906619683305,0.03894579948773186,0.1734949541340762,0.8166745371414749,0.1,False
23.066498499463023,0.03894611180151713,0.17341964806268834,0.8166083278847742,0.1,False
23.07209037924275,0.03894642399083776,0.17334437200255026,0.8165420982638797,0.1,False
23.077682259022467,0.03894673605576788,0.17326912593580068,0.8164758482694604,0.1,False
23.083274138802185,0.03894704799638151,0.17319390984459218,0.8164095778921804,0.1,False
23.088866018581903,0.03894735981275261,0.17311872371109377,0.8163432871226999,0.1,False
23.094457898361625,0.0389476715049551,0.17304356751748465,0.8162769759516694,0.1,False
23.100049778141344,0.03894798307306272,0.1729684412459629,0.8162106443697389,0.1,False
23.105641657921062,0.03894829451714931,0.17289334487874025,0.8161442923675513,0.1,False
23.111233537700784,0.038948605837288604,0.17281827839804173,0.8160779199357433,0.1,False
23.1168254174805,0.03894891703355417,0.17274324178610845,0.8160115270649482,0.1,False
23.12241729726022,0.03894922810601973,0.17266823502519585,0.815945113745793,0.1,False
23.12800917703994,0.03894953905475865,0.1725932580975727,0.8158786799688992,0.1,False
23.133601056819657,0.03894984987984452,0.17251831098552384,0.8158122257248834,0.1,False
23.139192936599375,0.038950160581350736,0.17244339367134737,0.8157457510043564,0.1,False
23.1447848163791,0.03895047115935059,0.1723685061373566,0.8156792557979244,0.1,False
23.15037669615882,0.03895078161391749,0.1722936483658788,0.8156127400961871,0.1,False
23.155968575938537,0.03895109194512457,0.172218820339256,0.8155462038897402,0.1,False
23.161560455718256,0.03895140215304507,0.17214402203984505,0.8154796471691735,0.1,False
23.167152335497978,0.03895171223775214,0.1720692534500168,0.8154130699250712,0.1,False
23.172744215277696,0.038952022199318675,0.1719945145521565,0.8153464721480133,0.1,False
23.178336095057414,0.03895233203781783,0.17191980532866416,0.8152798538285727,0.1,False
23.183927974837136,0.0389526417533224,0.1718451257619546,0.8152132149573196,0.1,False
23.189519854616858,0.03895295134590533,0.1717704758344558,0.8151465555248161,0.1,False
23.195111734396576,0.03895326081563939,0.1716958555286112,0.8150798755216208,0.1,False
23.200703614176295,0.03895357016259743,0.1716212648268787,0.8150131749382864,0.1,False
23.20629549395601,0.038953879386852026,0.1715467037117291,0.8149464537653597,0.1,False
23.211887373735728,0.03895418848847587,0.17147217216564903,0.8148797119933829,0.1,False
23.21747925351545,0.03895449746754155,0.17139767017113927,0.8148129496128931,0.1,False
23.22307113329517,0.03895480632412158,0.1713231977107149,0.8147461666144217,0.1,False
23.22866301307489,0.038955115058288435,0.1712487547669048,0.8146793629884943,0.1,False
23.234254892854608,0.03895542367011444,0.17117434132225226,0.814612538725632,0.1,False
23.23984677263433,0.03895573215967194,0.17109995735931594,0.8145456938163508,0.1,False
23.245438652414048,0.03895604052703321,0.17102560286066792,0.8144788282511608,0.1,False
23.251030532193766,0.03895634877227055,0.17095127780889427,0.8144119420205662,0.1,False
23.256622411973485,0.03895665689545607,0.17087698218659547,0.8143450351150666,0.1,False
23.26221429175321,0.03895696489666191,0.17080271597638672,0.8142781075251561,0.1,False
23.26780617153293,0.03895727277596001,0.17072847916089745,0.8142111592413241,0.1,False
23.273398051312647,0.038957580533422506,0.17065427172277087,0.8141441902540535,0.1,False
23.278989931092365,0.03895788816912116,0.1705800936446643,0.8140772005538228,0.1,False
23.284581810872087,0.0389581956831279,0.17050594490925053,0.8140101901311052,0.1,False
23.290173690651805,0.0389585030755145,0.17043182549921468,0.8139431589763678,0.1,False
23.295765570431527,0.03895881034635258,0.170357735397257,0.813876107080073,0.1,False
23.301357450211242,0.03895911749571463,0.17028367458609292,0.8138090344326757,0.1,False
23.30694932999096,0.038959424523671446,0.1702096430484496,0.8137419410246292,0.1,False
23.312541209770682,0.03895973143029468,0.17013564076707063,0.8136748268463802,0.1,False
23.3181330895504,0.03896003821565594,0.17006166772471346,0.8136076918883696,0.1,False
23.32372496933012,0.03896034487982666,0.1699877239041474,0.8135405361410316,0.1,False
23.329316849109837,0.03896065142287825,0.16991380928815866,0.8134733595947972,0.1,False
23.334908728889562,0.03896095784488208,0.16983992385954622,0.8134061622400909,0.1,False
23.34050060866928,0.03896126414590943,0.1697660676011234,0.813338944067332,0.1,False
23.346092488449,0.03896157032603147,0.1696922404957173,0.8132717050669349,0.1,False
23.351684368228717,0.0389618763853194,0.16961844252616945,0.8132044452293081,0.1,False
23.35727624800844,0.038962182323844304,0.16954467367533543,0.8131371645448552,0.1,False
23.362868127788158,0.038962488141677264,0.1694709339260854,0.8130698630039745,0.1,False
23.36846000756788,0.03896279383888928,0.16939722326130197,0.8130025405970581,0.1,False
23.374051887347598,0.03896309941555109,0.1693235416638837,0.8129351973144949,0.1,False
23.37964376712732,0.038963404871733956,0.1692498891167413,0.8128678331466644,0.1,False
23.385235646907038,0.0389637102075084,0.1691762656028005,0.8128004480839447,0.1,False
23.390827526686756,0.038964015422945204,0.16910267110500132,0.8127330421167074,0.1,False
23.39641940646647,0.03896432051811513,0.1690291056062969,0.8126656152353177,0.1,False
23.40201128624619,0.038964625493088725,0.16895556908965492,0.8125981674301368,0.1,False
23.407603166025915,0.03896493034793664,0.16888206153805735,0.8125306986915198,0.1,False
23.413195045805633,0.03896523508272938,0.16880858293449863,0.8124632090098163,0.1,False
23.41878692558535,0.038965539697537396,0.1687351332619892,0.8123956983753712,0.1,False
23.42437880536507,0.03896584419243123,0.1686617125035515,0.8123281667785229,0.1,False
23.42997068514479,0.03896614856748099,0.16858832064222273,0.8122606142096062,0.1,False
23.43556256492451,0.038966452822757125,0.16851495766105412,0.8121930406589486,0.1,False
23.441154444704228,0.03896675695832984,0.16844162354311062,0.8121254461168738,0.1,False
23.44674632448395,0.038967060974269316,0.1683683182714716,0.8120578305736995,0.1,False
23.452338204263672,0.03896736487064563,0.16829504182922886,0.8119901940197376,0.1,False
23.45793008404339,0.038967668647528826,0.16822179419948957,0.8119225364452959,0.1,False
23.46352196382311,0.038967972304989044,0.16814857536537353,0.8118548578406747,0.1,False
23.469113843602827,0.03896827584309615,0.16807538531001542,0.8117871581961711,0.1,False
23.47470572338255,0.03896857926192004,0.16800222401656284,0.8117194375020754,0.1,False
23.48029760316227,0.0389688825615305,0.16792909146817792,0.8116516957486738,0.1,False
23.485889482941985,0.03896918574199742,0.1678559876480359,0.8115839329262455,0.1,False
23.491481362721704,0.03896948880339039,0.1677829125393263,0.8115161490250657,0.1,False
23.497073242501422,0.038969791745779095,0.1677098661252525,0.8114483440354042,0.1,False
23.502665122281144,0.0389700945692332,0.16763684838903045,0.8113805179475237,0.1,False
23.508257002060862,0.03897039727382219,0.16756385931389142,0.8113126707516835,0.1,False
23.51384888184058,0.03897069985961551,0.16749089888307978,0.8112448024381371,0.1,False
23.519440761620302,0.03897100232668283,0.16741796707985374,0.8111769129971315,0.1,False
23.525032641400024,0.03897130467509329,0.167345063887485,0.8111090024189097,0.1,False
23.530624521179742,0.038971606904916266,0.16727218928925885,0.8110410706937088,0.1,False
23.53621640095946,0.038971909016221065,0.16719934326847485,0.8109731178117603,0.1,False
23.54180828073918,0.03897221100907685,0.16712652580844523,0.81090514376329,0.1,False
23.5474001605189,0.0389725128835528,0.16705373689249733,0.8108371485385197,0.1,False
23.552992040298623,0.03897281463971799,0.1669809765039702,0.8107691321276638,0.1,False
23.55858392007834,0.03897311627764146,0.16690824462621795,0.8107010945209325,0.1,False
23.56417579985806,0.03897341779739222,0.16683554124260838,0.810633035708531,0.1,False
23.56976767963778,0.03897371919903918,0.1667628663365224,0.8105649556806582,0.1,False
23.5753595594175,0.038974020482651195,0.16669021989135457,0.8104968544275081,0.1,False
23.580951439197214,0.03897432164829709,0.16661760189051317,0.8104287319392691,0.1,False
23.586543318976933,0.038974622696045555,0.1665450123174204,0.8103605882061251,0.1,False
23.59213519875665,0.038974923625965455,0.16647245115551093,0.8102924232182521,0.1,False
23.597727078536376,0.03897522443812528,0.1663999183882342,0.8102242369658238,0.1,False
23.603318958316095,0.03897552513259361,0.1663274139990523,0.8101560294390066,0.1,False
23.608910838095813,0.03897582570943896,0.1662549379714415,0.8100878006279622,0.1,False
23.61450271787553,0.038976126168729884,0.1661824902888918,0.8100195505228466,0.1,False
23.620094597655253,0.038976426510534457,0.16611007093490546,0.8099512791138114,0.1,False
23.62568647743497,0.038976726734921814,0.16603767989299947,0.8098829863909989,0.1,False
23.631278357214693,0.03897702684195969,0.1659653171467041,0.8098146723445513,0.1,False
23.63687023699441,0.03897732683171641,0.16589298267956296,0.8097463369646031,0.1,False
23.642462116774134,0.03897762670426019,0.16582067647513238,0.8096779802412823,0.1,False
23.648053996553852,0.038977926459659196,0.1657483985169834,0.8096096021647132,0.1,False
23.65364587633357,0.038978226097981496,0.16567614878869977,0.8095412027250136,0.1,False
23.65923775611329,0.0389785256192951,0.1656039272738787,0.8094727819122963,0.1,False
23.664829635893014,0.03897882502366797,0.16553173395613058,0.8094043397166681,0.1,False
23.670421515672732,0.03897912431116806,0.16545956881908094,0.8093358761282324,0.1,False
23.676013395452447,0.03897942348186325,0.16538743184636656,0.8092673911370847,0.1,False
23.681605275232165,0.038979722535821305,0.1653153230216387,0.8091988847333165,0.1,False
23.687197155011884,0.03898002147310991,0.16524324232856144,0.8091303569070132,0.1,False
23.692789034791605,0.038980320293796895,0.16517118975081224,0.8090618076482544,0.1,False
23.698380914571324,0.03898061899794981,0.165099165272083,0.8089932369471162,0.1,False
23.703972794351046,0.03898091758563621,0.1650271688760774,0.8089246447936671,0.1,False
23.709564674130764,0.03898121605692372,0.16495520054651355,0.808856031177971,0.1,False
23.715156553910486,0.03898151441187976,0.1648832602671224,0.8087873960900868,0.1,False
23.720748433690204,0.03898181265057176,0.1648113480216482,0.8087187395200669,0.1,False
23.726340313469922,0.038982110773067055,0.1647394637938485,0.8086500614579594,0.1,False
23.73193219324964,0.03898240877943286,0.16466760756749496,0.808581361893807,0.1,False
23.737524073029363,0.038982706669736696,0.16459577932637162,0.8085126408176456,0.1,False
23.743115952809084,0.03898300444404553,0.16452397905427604,0.8084438982195072,0.1,False
23.748707832588803,0.03898330210242656,0.16445220673501892,0.8083751340894177,0.1,False
23.75429971236852,0.038983599644946854,0.16438046235242457,0.8083063484173977,0.1,False
23.759891592148243,0.038983897071673476,0.1643087458903299,0.8082375411934616,0.1,False
23.765483471927958,0.038984194382673365,0.16423705733258517,0.8081687124076192,0.1,False
23.771075351707676,0.0389844915780135,0.16416539666305444,0.8080998620498745,0.1,False
23.776667231487394,0.038984788657760706,0.1640937638656147,0.8080309901102267,0.1,False
23.782259111267116,0.03898508562198179,0.16402215892415542,0.8079620965786681,0.1,False
23.787850991046838,0.03898538247074348,0.16395058182258207,0.8078931814451891,0.1,False
23.793442870826556,0.03898567920411266,0.16387903254480782,0.8078242446997679,0.1,False
23.799034750606275,0.038985975822155766,0.16380751107476374,0.8077552863323838,0.1,False
23.804626630385993,0.038986272324939474,0.16373601739639262,0.8076863063330079,0.1,False
23.810218510165715,0.03898656871253026,0.16366455149365014,0.8076173046916063,0.1,False
23.815810389945437,0.03898686498499497,0.16359311335050555,0.8075482813981384,0.1,False
23.821402269725155,0.03898716114239946,0.1635217029509407,0.8074792364425611,0.1,False
23.826994149504873,0.03898745718481044,0.16345032027895118,0.8074101698148233,0.1,False
23.832586029284595,0.038987753112294146,0.16337896531854457,0.8073410815048687,0.1,False
23.838177909064314,0.03898804892491689,0.1633076380537424,0.807271971502636,0.1,False
23.843769788844032,0.03898834462274483,0.16323633846857974,0.8072028397980591,0.1,False
23.84936166862375,0.03898864020584421,0.16316506654710364,0.8071336863810652,0.1,False
23.854953548403476,0.03898893567428106,0.16309382227337427,0.8070645112415766,0.1,False
23.86054542818319,0.03898923102812142,0.16302260563146545,0.8069953143695101,0.1,False
23.86613730796291,0.038989526267431386,0.16295141660546414,0.8069260957547775,0.1,False
23.871729187742627,0.038989821392276795,0.16288025517946933,0.806856855387284,0.1,False
23.877321067522345,0.03899011640272363,0.16280912133759373,0.8067875932569303,0.1,False
23.882912947302067,0.038990411298837645,0.162738015063963,0.8067183093536112,0.1,False
23.88850482708179,0.03899070608068464,0.16266693634271545,0.8066490036672163,0.1,False
23.894096706861507,0.03899100074833037,0.16259588515800313,0.8065796761876297,0.1,False
23.899688586641226,0.03899129530184051,0.1625248614939902,0.8065103269047298,0.1,False
23.905280466420948,0.03899158974128063,0.1624538653348538,0.8064409558083893,0.1,False
23.910872346200666,0.03899188406671635,0.16238289666478492,0.8063715628884763,0.1,False
23.916464225980384,0.03899217827821324,0.16231195546798663,0.8063021481348526,0.1,False
23.922056105760102,0.03899247237583671,0.16224104172867498,0.8062327115373746,0.1,False
23.927647985539828,0.03899276635965208,0.16217015543107935,0.8061632530858942,0.1,False
23.933239865319546,0.03899306022972483,0.16209929655944125,0.8060937727702557,0.1,False
23.938831745099264,0.03899335398612011,0.16202846509801536,0.8060242705803001,0.1,False
23.944423624878983,0.03899364762890334,0.16195766103106984,0.8059547465058616,0.1,False
23.950015504658705,0.03899394115813952,0.16188688434288576,0.8058852005367706,0.1,False
23.95560738443842,0.03899423457389394,0.16181613501775552,0.8058156326628488,0.1,False
23.961199264218138,0.038994527876231685,0.16174541303998602,0.8057460428739155,0.1,False
23.96679114399786,0.038994821065218024,0.16167471839389544,0.8056764311597812,0.1,False
23.972383023777578,0.03899511414091741,0.1616040510638169,0.8056067975102565,0.1,False
23.9779749035573,0.03899540710339505,0.16153341103409496,0.8055371419151418,0.1,False
23.983566783337018,0.03899569995271573,0.1614627982890868,0.8054674643642332,0.1,False
23.989158663116736,0.038995992688944284,0.1613922128131621,0.8053977648473208,0.1,False
23.994750542896455,0.03899628531214554,0.161321654590705,0.8053280433541908,0.1,False
24.00034242267618,0.03899657782238418,0.16125112360611032,0.8052582998746216,0.1,False
24.0059343024559,0.0389968702197249,0.16118061984378743,0.8051885343983883,0.1,False
24.011526182235617,0.03899716250423229,0.16111014328815734,0.8051187469152592,0.1,False
24.017118062015335,0.03899745467597087,0.1610396939236537,0.8050489374149974,0.1,False
24.022709941795057,0.03899774673500519,0.16096927173472364,0.8049791058873605,0.1,False
24.028301821574775,0.03899803868139972,0.1608988767058277,0.804909252322102,0.1,False
24.033893701354494,0.03899833051521878,0.160828508821436,0.8048393767089664,0.1,False
24.039485581134215,0.038998622236526635,0.16075816806603374,0.8047694790376957,0.1,False
24.045077460913937,0.038998913845387936,0.16068785442411868,0.8046995592980244,0.1,False
24.050669340693652,0.03899920534186665,0.16061756788020118,0.8046296174796835,0.1,False
24.05626122047337,0.03899949672602699,0.1605473084188036,0.8045596535723974,0.1,False
24.06185310025309,0.03899978799793309,0.16047707602446212,0.8044896675658857,0.1,False
24.067444980032807,0.0390000791576491,0.1604068706817241,0.8044196594498609,0.1,False
24.07303685981253,0.03900037020523899,0.16033669237515094,0.804349629214032,0.1,False
24.07862873959225,0.03900066114076673,0.16026654108931565,0.8042795768481011,0.1,False
24.08422061937197,0.03900095196429631,0.160196416808804,0.8042095023417648,0.1,False
24.089812499151687,0.03900124267589156,0.16012631951821438,0.8041394056847145,0.1,False
24.09540437893141,0.03900153327561632,0.160056249202158,0.8040692868666363,0.1,False
24.100996258711127,0.03900182376353429,0.15998620584525838,0.8039991458772106,0.1,False
24.106588138490846,0.039002114139709325,0.15991618943215188,0.8039289827061117,0.1,False
24.112180018270568,0.03900240440420499,0.15984619994748697,0.8038587973430092,0.1,False
24.11777189805029,0.039002694557084966,0.15977623737592517,0.8037885897775668,0.1,False
24.123363777830008,0.039002984598412754,0.15970630170214023,0.803718359999443,0.1,False
24.128955657609726,0.03900327452825188,0.1596363929108181,0.80364810799829,0.1,False
24.134547537389444,0.03900356434666579,0.1595665109866584,0.8035778337637555,0.1,False
24.14013941716916,0.03900385405371791,0.1594966559143715,0.8035075372854805,0.1,False
24.14573129694888,0.039004143649471607,0.15942682767868147,0.8034372185531011,0.1,False
24.151323176728603,0.03900443313399013,0.1593570262643244,0.8033668775562479,0.1,False
24.15691505650832,0.03900472250733674,0.1592872516560488,0.8032965142845456,0.1,False
24.16250693628804,0.03900501176957478,0.1592175038386168,0.8032261287276142,0.1,False
24.16809881606776,0.039005300920767205,0.15914778279680114,0.8031557208750671,0.1,False
24.17369069584748,0.03900558996097721,0.15907808851538807,0.8030852907165129,0.1,False
24.179282575627198,0.03900587889026782,0.15900842097917575,0.8030148382415537,0.1,False
24.184874455406916,0.03900616770870202,0.1589387801729754,0.8029443634397876,0.1,False
24.190466335186642,0.039006456416342775,0.1588691660816104,0.8028738663008059,0.1,False
24.19605821496636,0.03900674501325291,0.15879957868991593,0.8028033468141947,0.1,False
24.20165009474608,0.03900703349949545,0.1587300179827399,0.8027328049695338,0.1,False
24.207241974525797,0.03900732187513299,0.1586604839449429,0.8026622407563991,0.1,False
24.21283385430552,0.0390076101402283,0.1585909765613975,0.8025916541643597,0.1,False
24.218425734085237,0.039007898294844114,0.15852149581698766,0.8025210451829783,0.1,False
24.22401761386496,0.03900818633904301,0.1584520416966128,0.8024504138018153,0.1,False
24.229609493644677,0.039008474272887624,0.15838261418518185,0.8023797600104224,0.1,False
24.235201373424392,0.039008762096440476,0.15831321326761666,0.802309083798347,0.1,False
24.240793253204114,0.039009049809764045,0.15824383892885113,0.8022383851551298,0.1,False
24.246385132983832,0.03900933741292074,0.15817449115383256,0.802167664070308,0.1,False
24.25197701276355,0.03900962490597295,0.158105169927519,0.802096920533411,0.1,False
24.25756889254327,0.03900991228898303,0.15803587523488252,0.8020261545339644,0.1,False
24.263160772322994,0.03901019956201325,0.15796660706090612,0.8019553660614873,0.1,False
24.268752652102712,0.03901048672512583,0.15789736539058508,0.8018845551054932,0.1,False
24.27434453188243,0.03901077377838298,0.1578281502089281,0.8018137216554906,0.1,False
24.27993641166215,0.03901106072184684,0.1577589615009532,0.8017428657009799,0.1,False
24.28552829144187,0.03901134755557937,0.15768979925169405,0.80167198723146,0.1,False
24.29112017122159,0.03901163427964267,0.1576206634461973,0.8016010862364243,0.1,False
24.296712051001307,0.039011920894098676,0.15755155406951782,0.8015301627053567,0.1,False
24.30230393078103,0.03901220739900938,0.15748247110672478,0.8014592166277372,0.1,False
24.30789581056075,0.039012493794436574,0.15741341454289887,0.8013882479930408,0.1,False
24.31348769034047,0.03901278008044209,0.15734438436313344,0.8013172567907363,0.1,False
24.319079570120188,0.039013066257087996,0.15727538055253396,0.801246243010286,0.1,False
24.324671449899906,0.03901335232443551,0.15720640309621792,0.8011752066411499,0.1,False
24.33026332967962,0.03901363828254656,0.1571374519793152,0.8011041476727795,0.1,False
24.335855209459346,0.03901392413148271,0.15706852718696712,0.8010330660946209,0.1,False
24.341447089239065,0.0390142098713056,0.15699962870432882,0.8009619618961165,0.1,False
24.347038969018783,0.03901449550207671,0.1569307565165647,0.8008908350666999,0.1,False
24.3526308487985,0.03901478102385752,0.15686191060885385,0.8008196855958023,0.1,False
24.358222728578223,0.03901506643670943,0.1567930909663863,0.8007485134728478,0.1,False
24.36381460835794,0.03901535174069388,0.1567242975743644,0.8006773186872548,0.1,False
24.36940648813766,0.03901563693587217,0.15665553041800254,0.8006061012284363,0.1,False
24.37499836791738,0.03901592202230553,0.15658678948252672,0.8005348610858001,0.1,False
24.380590247697103,0.03901620700005512,0.15651807475317545,0.800463598248748,0.1,False
24.386182127476822,0.03901649186918222,0.15644938621519955,0.8003923127066763,0.1,False
24.39177400725654,0.0390167766297479,0.15638072385386098,0.8003210044489752,0.1,False
24.39736588703626,0.039017061281813335,0.15631208765443505,0.8002496734650303,0.1,False
24.40295776681598,0.039017345825439385,0.1562434776022073,0.8001783197442207,0.1,False
24.408549646595702,0.0390176302606871,0.15617489368247703,0.8001069432759207,0.1,False
24.41414152637542,0.039017914587617435,0.15610633588055442,0.8000355440494982,0.1,False
24.419733406155135,0.03901819880629121,0.15603780418176127,0.7999641220543151,0.1,False
24.425325285934854,0.03901848291676924,0.15596929857143255,0.7998926772797292,0.1,False
24.430917165714575,0.03901876691911228,0.15590081903491423,0.7998212097150914,0.1,False
24.436509045494294,0.039019050813381154,0.15583236555756494,0.7997497193497475,0.1,False
24.442100925274012,0.03901933459963642,0.1557639381247549,0.7996782061730381,0.1,False
24.447692805053734,0.039019618277938824,0.15569553672186598,0.7996066701742968,0.1,False
24.453284684833456,0.03901990184834884,0.1556271613342924,0.799535111342853,0.1,False
24.458876564613174,0.03902018531092702,0.1555588119474401,0.7994635296680299,0.1,False
24.464468444392892,0.03902046866573385,0.1554904885467264,0.7993919251391447,0.1,False
24.47006032417261,0.03902075191282977,0.15542219111758146,0.7993202977455095,0.1,False
24.475652203952333,0.039021035052275124,0.15535391964544704,0.7992486474764313,0.1,False
24.48124408373205,0.039021318084130265,0.1552856741157757,0.7991769743212095,0.1,False
24.486835963511773,0.03902160100845546,0.15521745451403338,0.79910527826914,0.1,False
24.49242784329149,0.03902188382531096,0.155149260825697,0.7990335593095119,0.1,False
24.498019723071213,0.03902216653475692,0.15508109303625556,0.7989618174316093,0.1,False
24.50361160285093,0.039022449136853404,0.15501295113120958,0.7988900526247104,0.1,False
24.50920348263065,0.03902273163166071,0.15494483509607168,0.7988182648780867,0.1,False
24.514795362410364,0.03902301401923866,0.15487674491636602,0.7987464541810058,0.1,False
24.520387242190083,0.03902329629964736,0.1548086805776291,0.7986746205227288,0.1,False
24.525979121969808,0.039023578472946796,0.15474064206540844,0.7986027638925105,0.1,False
24.531571001749526,0.039023860539196764,0.15467262936526388,0.7985308842796016,0.1,False
24.537162881529245,0.039024142498457065,0.1546046424627666,0.7984589816732461,0.1,False
24.542754761308963,0.03902442435078758,0.1545366813435003,0.7983870560626829,0.1,False
24.548346641088685,0.039024706096247926,0.15446874599305946,0.7983151074371448,0.1,False
24.553938520868403,0.03902498773489789,0.15440083639705063,0.7982431357858588,0.1,False
24.559530400648125,0.03902526926679707,0.1543329525410923,0.7981711410980469,0.1,False
24.565122280427843,0.03902555069200509,0.15426509441081449,0.7980991233629247,0.1,False
24.570714160207565,0.039025832010581525,0.15419726199185907,0.7980270825697027,0.1,False
24.576306039987283,0.03902611322258584,0.15412945526987948,0.7979550187075856,0.1,False
24.581897919767002,0.03902639432807748,0.1540616742305406,0.7978829317657722,0.1,False
24.58748979954672,0.039026675327115824,0.15399391885951852,0.7978108217334552,0.1,False
24.593081679326446,0.03902695621976032,0.15392618914250336,0.7977386885998236,0.1,False
24.598673559106164,0.03902723700607017,0.15385848506519378,0.7976665323540584,0.1,False
24.604265438885882,0.03902751768610477,0.15379080661330208,0.7975943529853359,0.1,False
24.609857318665597,0.039027798259923176,0.15372315377255197,0.7975221504828278,0.1,False
24.615449198445315,0.03902807872758461,0.1536555265286776,0.7974499248356979,0.1,False
24.621041078225037,0.03902835908914821,0.15358792486742584,0.7973776760331059,0.1,False
24.626632958004755,0.03902863934467298,0.15352034877455448,0.797305404064205,0.1,False
24.632224837784474,0.039028919494217995,0.15345279823583374,0.7972331089181438,0.1,False
24.637816717564196,0.03902919953784219,0.15338527323704448,0.7971607905840639,0.1,False
24.643408597343917,0.03902947947560458,0.15331777376398056,0.7970884490511024,0.1,False
24.649000477123636,0.03902975930756396,0.15325029980244476,0.7970160843083891,0.1,False
24.654592356903354,0.03903003903377916,0.15318285133825463,0.7969436963450508,0.1,False
24.660184236683072,0.03903031865430893,0.15311542835723668,0.7968712851502059,0.1,False
24.665776116462794,0.039030598169211984,0.1530480308452304,0.7967988507129689,0.1,False
24.671367996242516,0.039030877578547014,0.1529806587880862,0.7967263930224476,0.1,False
24.676959876022234,0.03903115688237269,0.1529133121716676,0.7966539120677459,0.1,False
24.682551755801953,0.0390314360807475,0.15284599098184531,0.7965814078379582,0.1,False
24.688143635581675,0.03903171517372998,0.15277869520450554,0.7965088803221764,0.1,False
24.693735515361393,0.039031994161378154,0.15271142482554526,0.7964363295094886,0.1,False
24.699327395141108,0.039032273043752064,0.1526441798308721,0.7963637553889672,0.1,False
24.704919274920826,0.03903255182090887,0.15257696020640596,0.796291157949692,0.1,False
24.710511154700548,0.03903283049290705,0.15250976593807702,0.7962185371807298,0.1,False
24.71610303448027,0.039033109059804935,0.15244259701182847,0.7961458930711441,0.1,False
24.721694914259988,0.039033387521660766,0.15237545341361317,0.7960732256099907,0.1,False
24.727286794039706,0.039033665878532735,0.1523083351293974,0.7960005347863223,0.1,False
24.732878673819425,0.0390339441304791,0.15224124214515694,0.7959278205891827,0.1,False
24.738470553599146,0.03903422227755794,0.15217417444687995,0.7958550830076121,0.1,False
24.74406243337887,0.039034500319827255,0.1521071320205658,0.7957823220306449,0.1,False
24.749654313158587,0.039034778257345096,0.15204011485222518,0.7957095376473092,0.1,False
24.755246192938305,0.03903505609016946,0.1519731229278801,0.7956367298466271,0.1,False
24.760838072718027,0.03903533381835823,0.15190615623356438,0.7955638986176164,0.1,False
24.766429952497745,0.03903561144196941,0.15183921475532314,0.7954910439492879,0.1,False
24.772021832277463,0.03903588896106086,0.15177229847921186,0.7954181658306462,0.1,False
24.77761371205718,0.03903616637569007,0.15170540739129837,0.7953452642506924,0.1,False
24.783205591836907,0.03903644368591494,0.1516385414776613,0.79527233919842,0.1,False
24.788797471616626,0.03903672089179316,0.1515717007243909,0.7951993906628171,0.1,False
24.79438935139634,0.039036997993382345,0.15150488511758836,0.7951264186328663,0.1,False
24.79998123117606,0.03903727499074012,0.15143809464336694,0.7950534230975448,0.1,False
24.805573110955777,0.03903755188392403,0.15137132928785096,0.7949804040458239,0.1,False
24.8111649907355,0.03903782867299157,0.1513045890371731,0.7949073614666665,0.1,False
24.816756870515217,0.039038105358000216,0.15123787387748278,0.7948342953490352,0.1,False
24.82234875029494,0.03903838193900739,0.15117118379493802,0.794761205681884,0.1,False
24.827940630074657,0.03903865841607046,0.1511045187757068,0.7946880924541599,0.1,False
24.83353250985438,0.03903893478924665,0.15103787880596925,0.7946149556548058,0.1,False
24.839124389634097,0.03903921105859329,0.15097126387191775,0.7945417952727587,0.1,False
24.844716269413816,0.039039487224167606,0.15090467395975415,0.7944686112969489,0.1,False
24.850308149193534,0.03903976328602672,0.15083810905569245,0.794395403716302,0.1,False
24.85590002897326,0.039040039244227866,0.15077156914595816,0.7943221725197374,0.1,False
24.861491908752978,0.03904031509882804,0.15070505421678668,0.794248917696168,0.1,False
24.867083788532696,0.03904059084988428,0.15063856425442684,0.7941756392345035,0.1,False
24.872675668312414,0.039040866497453634,0.15057209924513668,0.7941023371236454,0.1,False
24.878267548092136,0.039041142041592945,0.15050565917518594,0.7940290113524903,0.1,False
24.883859427871855,0.039041417482359196,0.15043924403085596,0.7939556619099291,0.1,False
24.88945130765157,0.03904169281980913,0.15037285379843815,0.7938822887848465,0.1,False
24.89504318743129,0.03904196805399982,0.15030648846423633,0.7938088919661213,0.1,False
24.90063506721101,0.03904224318498774,0.1502401480145647,0.7937354714426281,0.1,False
24.90622694699073,0.03904251821282966,0.15017383243574867,0.7936620272032341,0.1,False
24.91181882677045,0.03904279313758232,0.1501075417141247,0.7935885592368013,0.1,False
24.917410706550168,0.03904306795930228,0.15004127583604035,0.7935150675321859,0.1,False
24.923002586329886,0.03904334267804617,0.14997503478785446,0.7934415520782382,0.1,False
24.92859446610961,0.03904361729387047,0.14990881855593732,0.7933680128638034,0.1,False
24.93418634588933,0.03904389180683163,0.1498426271266693,0.7932944498777207,0.1,False
24.93977822566905,0.03904416621698613,0.14977646048644247,0.7932208631088229,0.1,False
24.945370105448767,0.03904444052439037,0.14971031862165965,0.793147252545937,0.1,False
24.95096198522849,0.03904471472910073,0.14964420151873623,0.7930736181778864,0.1,False
24.956553865008207,0.03904498883117342,0.14957810916409514,0.7929999599934849,0.1,False
24.962145744787925,0.03904526283066481,0.14951204154417289,0.7929262779815426,0.1,False
24.967737624567647,0.039045536727630996,0.14944599864541663,0.7928525721308645,0.1,False
24.97332950434737,0.03904581052212818,0.14937998045428497,0.7927788424302494,0.1,False
24.978921384127084,0.03904608421421248,0.1493139869572465,0.79270508886849,0.1,False
24.984513263906802,0.03904635780393996,0.1492480181407815,0.7926313114343734,0.1,False
24.99010514368652,0.03904663129136665,0.14918207399138053,0.7925575101166803,0.1,False
24.99569702346624,0.03904690467654852,0.14911615449554638,0.7924836849041871,0.1,False
25.00128890324596,0.03904717795954157,0.14905025963979138,0.7924098357856628,0.1,False
25.006880783025682,0.03904745114040163,0.14898438941063907,0.792335962749871,0.1,False
25.0124726628054,0.03904772421918463,0.14891854379462485,0.7922620657855702,0.1,False
25.01806454258512,0.039047997195946184,0.14885272277829392,0.792188144881513,0.1,False
25.02365642236484,0.03904827007074209,0.14878692634820195,0.7921142000264446,0.1,False
25.02924830214456,0.03904854284362813,0.14872115449091838,0.7920402312091076,0.1,False
25.034840181924277,0.03904881551466016,0.14865540719302087,0.7919662384182354,0.1,False
25.040432061703996,0.03904908808389349,0.14858968444109866,0.7918922216425583,0.1,False
25.04602394148372,0.0390493605513838,0.14852398622175192,0.7918181808707991,0.1,False
25.05161582126344,0.039049632917186564,0.14845831252159156,0.7917441160916757,0.1,False
25.057207701043158,0.039049905181357376,0.14839266332723955,0.7916700272938995,0.1,False
25.062799580822876,0.03905017734395159,0.1483270386253282,0.791595914466176,0.1,False
25.068391460602598,0.039050449405024626,0.1482614384025014,0.791521777597206,0.1,False
25.073983340382313,0.03905072136463183,0.14819586264541346,0.7914476166756833,0.1,False
25.079575220162035,0.03905099322282848,0.14813031134072982,0.7913734316902972,0.1,False
25.085167099941753,0.03905126497966988,0.1480647844751264,0.79129922262973,0.1,False
25.09075897972147,0.03905153663521112,0.14799928203528956,0.7912249894826585,0.1,False
25.096350859501193,0.0390518081895076,0.14793380400791845,0.7911507322377547,0.1,False
25.10194273928091,0.03905207964261434,0.14786835037971938,0.7910764508836818,0.1,False
25.10753461906063,0.03905235099458634,0.14780292113741259,0.7910021454091012,0.1,False
25.113126498840348,0.039052622245478716,0.14773751626772796,0.7909278158026657,0.1,False
25.118718378620073,0.03905289339534644,0.14767213575740598,0.7908534620530235,0.1,False
25.12431025839979,0.03905316444424444,0.14760677959319837,0.7907790841488165,0.1,False
25.12990213817951,0.03905343539222761,0.14754144776186673,0.7907046820786806,0.1,False
25.13549401795923,0.03905370623935082,0.14747614025018488,0.7906302558312472,0.1,False
25.14108589773895,0.03905397698566886,0.1474108570449357,0.7905558053951399,0.1,False
25.14667777751867,0.03905424763123653,0.14734559813291379,0.790481330758978,0.1,False
25.15226965729839,0.03905451817610858,0.14728036350092388,0.7904068319113736,0.1,False
25.15786153707811,0.039054788620339606,0.14721515313578212,0.7903323088409347,0.1,False
25.16345341685783,0.03905505896398439,0.1471499670243148,0.7902577615362619,0.1,False
25.169045296637545,0.03905532920709733,0.1470848051533588,0.7901831899859513,0.1,False
25.174637176417264,0.039055599349733044,0.14701966750976214,0.7901085941785922,0.1,False
25.180229056196982,0.03905586939194617,0.14695455408038285,0.7900339741027678,0.1,False
25.1858209359767,0.03905613933379096,0.1468894648520902,0.7899593297470568,0.1,False
25.191412815756426,0.03905640917532192,0.14682439981176315,0.7898846611000303,0.1,False
25.197004695536144,0.039056678916593424,0.14675935894629294,0.7898099681502555,0.1,False
25.202596575315862,0.03905694855765983,0.14669434224258063,0.7897352508862928,0.1,False
25.20818845509558,0.039057218098575326,0.1466293496875372,0.7896605092966967,0.1,False
25.213780334875302,0.03905748753939421,0.14656438126808485,0.7895857433700155,0.1,False
25.21937221465502,0.03905775688017069,0.14649943697115664,0.7895109530947927,0.1,False
25.22496409443474,0.03905802612095888,0.14643451678369523,0.7894361384595645,0.1,False
25.23055597421446,0.039058295261812925,0.14636962069265497,0.7893612994528626,0.1,False
25.236147853994183,0.03905856430278698,0.1463047486850002,0.7892864360632118,0.1,False
25.2417397337739,0.03905883324393487,0.1462399007477068,0.7892115482791334,0.1,False
25.24733161355362,0.03905910208531062,0.1461750768677586,0.7891366360891389,0.1,False
25.252923493333338,0.03905937082696821,0.14611027703215254,0.7890616994817365,0.1,False
25.258515373113053,0.039059639468961446,0.14604550122789506,0.788986738445429,0.1,False
25.264107252892778,0.03905990801134426,0.14598074944200343,0.7889117529687116,0.1,False
25.269699132672496,0.03906017645417042,0.1459160216615054,0.7888367430400751,0.1,False
25.275291012452215,0.03906044479749369,0.14585131787343883,0.7887617086480034,0.1,False
25.280882892231933,0.03906071304136778,0.1457866380648522,0.7886866497809748,0.1,False
25.286474772011655,0.03906098118584639,0.14572198222280455,0.7886115664274617,0.1,False
25.292066651791373,0.039061249230983044,0.14565735033436628,0.7885364585759322,0.1,False
25.29765853157109,0.03906151717683123,0.1455927423866169,0.788461326214847,0.1,False
25.303250411350813,0.03906178502344498,0.145528158366647,0.788386169332659,0.1,False
25.308842291130535,0.03906205277087741,0.1454635982615578,0.7883109879178195,0.1,False
25.314434170910253,0.039062320419181985,0.14539906205845934,0.7882357819587699,0.1,False
25.32002605068997,0.03906258796841217,0.14533454974447527,0.7881605514439496,0.1,False
25.32561793046969,0.039062855418621326,0.14527006130673725,0.7880852963617894,0.1,False
25.331209810249412,0.039063122769862735,0.14520559673238745,0.7880100167007146,0.1,False
25.336801690029134,0.03906339002218973,0.14514115600857938,0.7879347124491451,0.1,False
25.342393569808852,0.03906365717565547,0.1450767391224759,0.7878593835954948,0.1,False
25.34798544958857,0.03906392423031324,0.1450123460612518,0.787784030128172,0.1,False
25.353577329368285,0.03906419118621617,0.144947976812091,0.7877086520355787,0.1,False
25.359169209148007,0.039064458043417356,0.14488363136218774,0.7876332493061109,0.1,False
25.364761088927725,0.039064724801969895,0.14481930969874715,0.7875578219281589,0.1,False
25.370352968707444,0.03906499146192673,0.14475501180898462,0.7874823698901077,0.1,False
25.375944848487162,0.03906525802334098,0.14469073768012553,0.7874068931803349,0.1,False
25.381536728266887,0.039065524486265386,0.1446264872994056,0.7873313917872138,0.1,False
25.387128608046606,0.03906579085075296,0.14456226065407213,0.7872558656991117,0.1,False
25.392720487826324,0.03906605711685648,0.1444980577313791,0.7871803149043868,0.1,False
25.398312367606042,0.039066323284628876,0.1444338785185968,0.7871047393913975,0.1,False
25.403904247385764,0.039066589354122896,0.14436972300300127,0.7870291391484918,0.1,False
25.409496127165482,0.03906685532539117,0.14430559117187977,0.7869535141640127,0.1,False
25.415088006945204,0.039067121198486425,0.1442414830125301,0.7868778644262975,0.1,False
25.420679886724923,0.03906738697346126,0.14417739851226025,0.7868021899236778,0.1,False
25.426271766504644,0.03906765265036828,0.14411333765838877,0.7867264906444791,0.1,False
25.431863646284363,0.0390679182292601,0.14404930043824393,0.7866507665770205,0.1,False
25.43745552606408,0.03906818371018913,0.14398528683916464,0.7865750177096161,0.1,False
25.4430474058438,0.03906844909320796,0.14392129684850025,0.7864992440305738,0.1,False
25.448639285623514,0.03906871437836891,0.14385733045360966,0.7864234455281951,0.1,False
25.45423116540324,0.0390689795657244,0.143793387641862,0.7863476221907754,0.1,False
25.459823045182958,0.039069244655326726,0.1437294684006377,0.7862717740066062,0.1,False
25.465414924962676,0.03906950964722816,0.14366557271732705,0.7861959009639716,0.1,False
25.471006804742395,0.03906977454148109,0.143601700579329,0.7861200030511484,0.1,False
25.476598684522116,0.03907003933813769,0.14353785197405408,0.786044080256409,0.1,False
25.482190564301835,0.03907030403725013,0.14347402688892355,0.7859681325680209,0.1,False
25.487782444081557,0.039070568638870526,0.1434102253113671,0.7858921599742433,0.1,False
25.493374323861275,0.03907083314305096,0.14334644722882572,0.7858161624633314,0.1,False
25.498966203640997,0.039071097549843455,0.14328269262875082,0.7857401400235341,0.1,False
25.504558083420715,0.039071361859299956,0.1432189614986028,0.7856640926430936,0.1,False
25.510149963200433,0.03907162607147242,0.14315525382585345,0.7855880203102473,0.1,False
25.51574184298015,0.039071890186413084,0.14309156959798378,0.7855119230132246,0.1,False
25.521333722759874,0.039072154204174155,0.14302790880248561,0.7854358007402491,0.1,False
25.526925602539595,0.03907241812480628,0.14296427142686005,0.7853596534795443,0.1,False
25.532517482319314,0.03907268194836191,0.14290065745861916,0.785283481219321,0.1,False
25.538109362099032,0.039072945674892647,0.14283706688528458,0.785207283947787,0.1,False
25.543701241878747,0.039073209304450275,0.14277349969438874,0.7851310616531436,0.1,False
25.54929312165847,0.039073472837086495,0.14270995587347135,0.7850548143235834,0.1,False
25.554885001438187,0.03907373627285292,0.1426464354100869,0.7849785419472988,0.1,False
25.560476881217905,0.03907399961180112,0.1425829382917959,0.7849022445124711,0.1,False
25.566068760997627,0.039074262853982654,0.14251946450617112,0.7848259220072789,0.1,False
25.57166064077735,0.039074525999449015,0.1424560140407939,0.7847495744198926,0.1,False
25.577252520557067,0.03907478904825169,0.1423925868832573,0.7846732017384787,0.1,False
25.582844400336786,0.039075052000442013,0.1423291830211629,0.7845968039511964,0.1,False
25.588436280116504,0.0390753148560716,0.142265802442123,0.7845203810461985,0.1,False
25.594028159896226,0.03907557761519157,0.14220244513376007,0.784443933011634,0.1,False
25.599620039675948,0.039075840277853206,0.1421391110837057,0.7843674598356437,0.1,False
25.605211919455666,0.03907610284410783,0.14207580027960207,0.7842909615063637,0.1,False
25.610803799235384,0.03907636531400658,0.14201251270910178,0.784214438011924,0.1,False
25.616395679015106,0.03907662768760072,0.14194924835986636,0.7841378893404477,0.1,False
25.621987558794824,0.03907688996494135,0.1418860072195691,0.7840613154800544,0.1,False
25.627579438574543,0.03907715214607957,0.14182278927589054,0.783984716418854,0.1,False
25.633171318354258,0.039077414231066344,0.1417595945165235,0.7839080921449539,0.1,False
25.63876319813398,0.03907767621995275,0.14169642292916954,0.7838314426464534,0.1,False
25.6443550779137,0.03907793811278969,0.14163327450154034,0.7837547679114467,0.1,False
25.64994695769342,0.039078199909628145,0.14157014922135752,0.7836780679280215,0.1,False
25.655538837473138,0.039078461610518984,0.14150704707635361,0.7836013426842608,0.1,False
25.661130717252856,0.039078723215513055,0.1414439680542698,0.7835245921682404,0.1,False
25.666722597032578,0.039078984724661196,0.1413809121428575,0.7834478163680304,0.1,False
25.6723144768123,0.03907924613801403,0.14131787932987816,0.7833710152716956,0.1,False
25.67790635659202,0.03907950745562237,0.14125486960310243,0.7832941888672932,0.1,False
25.683498236371737,0.039079768677536895,0.141191882950312,0.7832173371428759,0.1,False
25.68909011615146,0.03908002980380817,0.14112891935929722,0.7831404600864899,0.1,False
25.694681995931177,0.03908029083448689,0.14106597881785946,0.7830635576861756,0.1,False
25.700273875710895,0.039080551769623564,0.14100306131381005,0.7829866299299684,0.1,False
25.705865755490613,0.039080812609268656,0.1409401668349682,0.7829096768058953,0.1,False
25.71145763527034,0.039081073353472655,0.1408772953691642,0.7828326983019785,0.1,False
25.717049515050057,0.03908133400228606,0.14081444690423844,0.7827556944062347,0.1,False
25.722641394829775,0.039081594555759165,0.14075162142804096,0.7826786651066745,0.1,False
25.72823327460949,0.03908185501394234,0.1406888189284319,0.7826016103913028,0.1,False
25.73382515438921,0.03908211537688603,0.14062603939328047,0.7825245302481172,0.1,False
25.73941703416893,0.0390823756446403,0.14056328281046584,0.7824474246651105,0.1,False
25.74500891394865,0.039082635817255525,0.14050054916787752,0.7823702936302694,0.1,False
25.75060079372837,0.03908289589478181,0.1404378384534141,0.782293137131574,0.1,False
25.75619267350809,0.0390831558772693,0.1403751506549841,0.782215955156999,0.1,False
25.76178455328781,0.03908341576476816,0.14031248576050598,0.7821387476945124,0.1,False
25.76737643306753,0.039083675557328425,0.14024984375790836,0.7820615147320775,0.1,False
25.772968312847247,0.03908393525500014,0.14018722463512867,0.7819842562576502,0.1,False
25.778560192626966,0.03908419485783323,0.14012462838011452,0.7819069722591812,0.1,False
25.78415207240669,0.039084454365877694,0.14006205498082305,0.7818296627246146,0.1,False
25.78974395218641,0.039084713779183385,0.13999950442522194,0.7817523276418897,0.1,False
25.795335831966128,0.03908497309780023,0.1399369767012874,0.7816749669989382,0.1,False
25.800927711745846,0.039085232321778,0.13987447179700596,0.781597580783687,0.1,False
25.806519591525568,0.03908549145116652,0.1398119897003739,0.7815201689840563,0.1,False
25.812111471305286,0.03908575048601545,0.1397495303993967,0.7814427315879607,0.1,False
25.817703351085004,0.039086009426374774,0.13968709388209055,0.7813652685833085,0.1,False
25.823295230864723,0.0390862682722938,0.13962468013647955,0.7812877799580019,0.1,False
25.82888711064444,0.03908652702382227,0.1395622891505996,0.7812102656999387,0.1,False
25.834478990424163,0.03908678568100979,0.13949992091249422,0.7811327257970077,0.1,False
25.84007087020388,0.039087044243905904,0.13943757541021815,0.7810551602370941,0.1,False
25.8456627499836,0.0390873027125601,0.13937525263183476,0.7809775690080761,0.1,False
25.851254629763318,0.03908756108702185,0.13931295256541731,0.780899952097826,0.1,False
25.85684650954304,0.0390878193673406,0.13925067519904893,0.7808223094942102,0.1,False
25.86243838932276,0.03908807755356568,0.13918842052082192,0.7807446411850888,0.1,False
25.86803026910248,0.03908833564574646,0.1391261885188383,0.7806669471583159,0.1,False
25.8736221488822,0.03908859364393226,0.13906397918121063,0.7805892274017406,0.1,False
25.87921402866192,0.039088851548172286,0.13900179249605982,0.7805114819032052,0.1,False
25.88480590844164,0.03908910935851597,0.13893962845151667,0.7804337106505445,0.1,False
25.890397788221357,0.0390893670750123,0.13887748703572153,0.7803559136315897,0.1,False
25.89598966800108,0.03908962469771044,0.13881536823682458,0.7802780908341649,0.1,False
25.9015815477808,0.03908988222665949,0.1387532720429854,0.7802002422460883,0.1,False
25.90717342756052,0.03909013966190856,0.13869119844237296,0.7801223678551717,0.1,False
25.912765307340234,0.03909039700350665,0.13862914742316607,0.7800444676492214,0.1,False
25.918357187119952,0.03909065425150278,0.13856711897355287,0.7799665416160372,0.1,False
25.92394906689967,0.03909091140594589,0.13850511308173083,0.7798885897434129,0.1,False
25.929540946679392,0.03909116846688483,0.13844312973590736,0.7798106120191369,0.1,False
25.935132826459114,0.03909142543436851,0.13838116892429925,0.7797326084309913,0.1,False
25.940724706238832,0.0390916823084458,0.1383192306351326,0.7796545789667513,0.1,False
25.94631658601855,0.039091939089165396,0.13825731485664278,0.7795765236141871,0.1,False
25.951908465798272,0.0390921957765761,0.13819542157707507,0.7794984423610619,0.1,False
25.95750034557799,0.039092452370726616,0.1381335507846849,0.779420335195135,0.1,False
25.96309222535771,0.03909270887166559,0.13807170246773576,0.7793422021041571,0.1,False
25.968684105137427,0.03909296527944151,0.13800987661450112,0.7792640430758746,0.1,False
25.974275984917153,0.039093221594103576,0.13794807321326413,0.7791858580980244,0.1,False
25.97986786469687,0.03909347781569977,0.13788629225231697,0.7791076471583425,0.1,False
25.98545974447659,0.039093733944278744,0.13782453371996184,0.7790294102445561,0.1,False
25.991051624256308,0.039093989979889006,0.13776279760450966,0.7789511473443858,0.1,False
25.99664350403603,0.039094245922578916,0.13770108389428132,0.7788728584455478,0.1,False
26.002235383815748,0.03909450177239694,0.13763939257760632,0.7787945435357504,0.1,False
26.007827263595466,0.03909475752939139,0.13757772364282594,0.7787162026026991,0.1,False
26.013419143375184,0.03909501319361065,0.1375160770782875,0.7786378356340892,0.1,False
26.019011023154903,0.039095268765102956,0.13745445287234953,0.7785594426176119,0.1,False
26.024602902934625,0.039095524243916574,0.13739285101337972,0.7784810235409524,0.1,False
26.030194782714343,0.0390957796300997,0.13733127148975527,0.7784025783917902,0.1,False
26.03578666249406,0.039096034923700514,0.1372697142898628,0.7783241071577981,0.1,False
26.04137854227378,0.039096290124767084,0.13720817940209706,0.7782456098266423,0.1,False
26.046970422053505,0.039096545233347574,0.13714666681486434,0.7781670863859848,0.1,False
26.052562301833223,0.03909680024949002,0.1370851765165782,0.778088536823479,0.1,False
26.05815418161294,0.03909705517324237,0.1370237084956627,0.7780099611267747,0.1,False
26.06374606139266,0.03909731000465262,0.1369622627405506,0.7779313592835136,0.1,False
26.069337941172382,0.03909756474376877,0.13690083923968452,0.7778527312813327,0.1,False
26.0749298209521,0.03909781939063863,0.13683943798151585,0.7777740771078621,0.1,False
26.08052170073182,0.039098073945310105,0.13677805895450637,0.7776953967507271,0.1,False
26.08611358051154,0.03909832840783101,0.13671670214712528,0.7776166901975446,0.1,False
26.091705460291262,0.039098582778249076,0.13665536754785296,0.7775379574359282,0.1,False
26.09729734007098,0.039098837056612094,0.13659405514517756,0.7774591984534829,0.1,False
26.102889219850695,0.03909909124296776,0.13653276492759764,0.7773804132378094,0.1,False
26.108481099630414,0.03909934533736375,0.1364714968836202,0.7773016017765012,0.1,False
26.114072979410132,0.03909959933984762,0.13641025100176218,0.777222764057147,0.1,False
26.119664859189857,0.03909985325046699,0.13634902727054965,0.7771439000673287,0.1,False
26.125256738969576,0.03910010706926926,0.13628782567851658,0.7770650097946213,0.1,False
26.130848618749294,0.03910036079630243,0.1362266462142078,0.7769860932265928,0.1,False
26.136440498529012,0.039100614431613556,0.1361654888661772,0.7769071503508093,0.1,False
26.142032378308734,0.03910086797525013,0.13610435362298706,0.7768281811548272,0.1,False
26.147624258088452,0.039101121427259536,0.1360432404732094,0.7767491856261982,0.1,False
26.15321613786817,0.0391013747876892,0.1359821494054253,0.7766701637524672,0.1,False
26.158808017647893,0.039101628056586415,0.13592108040822518,0.7765911155211734,0.1,False
26.164399897427614,0.03910188123399847,0.1358600334702085,0.7765120409198502,0.1,False
26.169991777207333,0.03910213431997261,0.1357990085799839,0.776432939936024,0.1,False
26.17558365698705,0.039102387314556,0.13573800572616904,0.776353812557216,0.1,False
26.18117553676677,0.039102640217795824,0.1356770248973912,0.7762746587709413,0.1,False
26.18676741654649,0.03910289302973919,0.13561606608228644,0.7761954785647084,0.1,False
26.192359296326206,0.03910314575043322,0.13555512926949959,0.7761162719260191,0.1,False
26.197951176105928,0.03910339837992493,0.1354942144476857,0.7760370388423709,0.1,False
26.203543055885646,0.039103650918261484,0.1354333216055079,0.775957779301253,0.1,False
26.209134935665364,0.03910390336548982,0.135372450731639,0.77587849329015,0.1,False
26.214726815445086,0.03910415572165674,0.13531160181476048,0.7757991807965403,0.1,False
26.220318695224805,0.039104407986809246,0.1352507748435638,0.7757198418078962,0.1,False
26.225910575004523,0.03910466016099412,0.1351899698067483,0.7756404763116832,0.1,False
26.231502454784245,0.0391049122442582,0.13512918669302335,0.7755610842953614,0.1,False
26.237094334563967,0.03910516423664837,0.13506842549110676,0.7754816657463837,0.1,False
26.242686214343685,0.03910541613821132,0.13500768618972628,0.7754022206521985,0.1,False
26.248278094123403,0.039105667948993734,0.13494696877761775,0.7753227490002469,0.1,False
26.25386997390312,0.039105919669042366,0.1348862732435271,0.7752432507779646,0.1,False
26.259461853682843,0.03910617129840382,0.13482559957620766,0.7751637259727798,0.1,False
26.265053733462562,0.03910642283712466,0.1347649477644237,0.7750841745721166,0.1,False
26.270645613242284,0.03910667428525153,0.13470431779694728,0.7750045965633913,0.1,False
26.276237493022002,0.03910692564283087,0.13464370966256,0.7749249919340151,0.1,False
26.281829372801724,0.039107176909909204,0.13458312335005265,0.7748453606713929,0.1,False
26.28742125258144,0.03910742808653308,0.13452255884822414,0.774765702762922,0.1,False
26.293013132361157,0.03910767917274874,0.13446201614588368,0.7746860181959967,0.1,False
26.298605012140875,0.039107930168602624,0.13440149523184777,0.7746063069580017,0.1,False
26.304196891920594,0.0391081810741411,0.13434099609494413,0.7745265690363184,0.1,False
26.30978877170032,0.039108431889410496,0.1342805187240078,0.7744468044183206,0.1,False
26.315380651480037,0.039108682614456984,0.13422006310788318,0.774367013091376,0.1,False
26.320972531259756,0.03910893324932688,0.13415962923542393,0.7742871950428468,0.1,False
26.326564411039474,0.03910918379406631,0.13409921709549216,0.7742073502600881,0.1,False
26.332156290819196,0.039109434248721535,0.13403882667695952,0.7741274787304497,0.1,False
26.337748170598914,0.039109684613338545,0.13397845796870603,0.774047580441275,0.1,False
26.343340050378636,0.03910993488796344,0.1339181109596208,0.7739676553799011,0.1,False
26.348931930158354,0.039110185072642335,0.13385778563860282,0.7738877035336597,0.1,False
26.354523809938076,0.03911043516742118,0.1337974819945584,0.773807724889875,0.1,False
26.360115689717794,0.03911068517234596,0.13373720001640388,0.7737277194358664,0.1,False
26.365707569497513,0.03911093508746261,0.13367693969306382,0.7736476871589458,0.1,False
26.37129944927723,0.039111184912817086,0.13361670101347256,0.7735676280464203,0.1,False
26.376891329056956,0.039111434648455165,0.13355648396657258,0.7734875420855906,0.1,False
26.38248320883667,0.03911168429442267,0.13349628854131534,0.7734074292637502,0.1,False
26.38807508861639,0.03911193385076539,0.13343611472666214,0.7733272895681884,0.1,False
26.393666968396108,0.039112183317529074,0.13337596251158107,0.7732471229861857,0.1,False
26.399258848175826,0.03911243269475938,0.13331583188505097,0.7731669295050189,0.1,False
26.404850727955548,0.03911268198250202,0.133255722836059,0.7730867091119573,0.1,False
26.410442607735266,0.03911293118080274,0.133195635353601,0.7730064617942641,0.1,False
26.416034487514985,0.039113180289707034,0.13313556942668156,0.772926187539197,0.1,False
26.421626367294706,0.039113429309260525,0.13307552504431472,0.772845886334007,0.1,False
26.42721824707443,0.039113678239508676,0.13301550219552233,0.7727655581659388,0.1,False
26.432810126854147,0.03911392708049696,0.13295550086933627,0.7726852030222323,0.1,False
26.438402006633865,0.03911417583227086,0.1328955210547961,0.7726048208901194,0.1,False
26.443993886413583,0.03911442449487585,0.13283556274095126,0.7725244117568271,0.1,False
26.449585766193305,0.039114673068357045,0.13277562591685893,0.7724439756095762,0.1,False
26.455177645973027,0.039114921552760674,0.13271571057158563,0.7723635124355772,0.1,False
26.460769525752745,0.03911516994813115,0.13265581669420676,0.7722830222220421,0.1,False
26.466361405532464,0.039115418254513826,0.13259594427380636,0.7722025049561728,0.1,False
26.47195328531218,0.03911566647195402,0.13253609329947702,0.7721219606251641,0.1,False
26.4775451650919,0.039115914600497,0.13247626376032037,0.7720413892162056,0.1,False
26.48313704487162,0.039116162640187906,0.13241645564544743,0.7719607907164814,0.1,False
26.488728924651337,0.03911641059107186,0.13235666894397616,0.7718801651131674,0.1,False
26.49432080443106,0.03911665845319394,0.13229690364503474,0.7717995123934354,0.1,False
26.49991268421078,0.039116906226599225,0.13223715973775987,0.77171883254445,0.1,False
26.5055045639905,0.03911715391133274,0.13217743721129674,0.77163812555337,0.1,False
26.511096443770217,0.039117401507439475,0.13211773605479926,0.7715573914073477,0.1,False
26.516688323549936,0.03911764901496432,0.13205805625743022,0.77147663009353,0.1,False
26.522280203329657,0.039117896433952276,0.13199839780836098,0.7713958415990563,0.1,False
26.52787208310938,0.03911814376444813,0.13193876069677163,0.7713150259110612,0.1,False
26.533463962889098,0.03911839100649678,0.13187914491185068,0.7712341830166717,0.1,False
26.539055842668816,0.03911863816014295,0.1318195504427963,0.7711533129030109,0.1,False
26.544647722448538,0.039118885225431305,0.13175997727881397,0.7710724155571936,0.1,False
26.550239602228256,0.039119132202407064,0.13170042540911878,0.7709914909663275,0.1,False
26.555831482007974,0.03911937909111452,0.13164089482293417,0.7709105391175172,0.1,False
26.561423361787693,0.039119625891598356,0.1315813855094921,0.7708295599978593,0.1,False
26.56701524156741,0.03911987260390325,0.1315218974580337,0.7707485535944446,0.1,False
26.572607121347133,0.03912011922807378,0.13146243065780816,0.7706675198943576,0.1,False
26.57819900112685,0.03912036576415447,0.13140298509807288,0.7705864588846756,0.1,False
26.58379088090657,0.03912061221218986,0.13134356076809559,0.7705053705524724,0.1,False
26.589382760686288,0.03912085857222444,0.13128415765715123,0.770424254884813,0.1,False
26.59497464046601,0.039121104844302645,0.1312247757545238,0.7703431118687577,0.1,False
26.600566520245728,0.03912135102846885,0.13116541504950557,0.7702619414913595,0.1,False
26.60615840002545,0.03912159712476743,0.13110607553139772,0.7701807437396663,0.1,False
26.611750279805168,0.039121843133242754,0.13104675718951014,0.7700995186007189,0.1,False
26.61734215958489,0.03912208905393908,0.1309874600131608,0.7700182660615523,0.1,False
26.62293403936461,0.039122334886900784,0.1309281839916768,0.769936986109195,0.1,False
26.628525919144327,0.03912258063217196,0.1308689291143929,0.7698556787306695,0.1,False
26.634117798924045,0.03912282628979683,0.13080969537065412,0.7697743439129932,0.1,False
26.63970967870377,0.03912307185981961,0.1307504827498124,0.7696929816431751,0.1,False
26.64530155848349,0.0391233173422844,0.130691291241229,0.7696115919082199,0.1,False
26.650893438263207,0.03912356273723524,0.13063212083427325,0.7695301746951247,0.1,False
26.656485318042925,0.03912380804471624,0.13057297151832392,0.7694487299908821,0.1,False
26.66207719782264,0.03912405326477141,0.1305138432827671,0.7693672577824763,0.1,False
26.667669077602362,0.03912429839744469,0.13045473611699832,0.7692857580568871,0.1,False
26.67326095738208,0.03912454344278007,0.1303956500104211,0.7692042308010871,0.1,False
26.678852837161802,0.039124788400821425,0.13033658495244763,0.7691226760020432,0.1,False
26.68444471694152,0.03912503327161263,0.13027754093249908,0.7690410936467164,0.1,False
26.690036596721242,0.03912527805519756,0.13021851794000378,0.7689594837220595,0.1,False
26.69562847650096,0.03912552275162,0.13015951596440037,0.7688778462150222,0.1,False
26.70122035628068,0.03912576736092372,0.13010053499513474,0.7687961811125458,0.1,False
26.706812236060397,0.03912601188315247,0.13004157502166117,0.7687144884015653,0.1,False
26.712404115840123,0.03912625631834995,0.12998263603344315,0.768632768069011,0.1,False
26.71799599561984,0.03912650066655979,0.12992371801995212,0.768551020101806,0.1,False
26.72358787539956,0.03912674492782561,0.12986482097066845,0.7684692444868677,0.1,False
26.729179755179278,0.039126989102191014,0.1298059448750801,0.7683874412111062,0.1,False
26.734771634959,0.039127233189699635,0.12974708972268406,0.768305610261426,0.1,False
26.740363514738718,0.039127477190394916,0.12968825550298577,0.7682237516247257,0.1,False
26.745955394518436,0.03912772110432041,0.1296294422054989,0.7681418652878972,0.1,False
26.751547274298158,0.03912796493151953,0.1295706498197459,0.7680599512378271,0.1,False
26.757139154077873,0.03912820867203567,0.12951187833525654,0.7679780094613938,0.1,False
26.762731033857595,0.03912845232591225,0.1294531277415713,0.767896039945473,0.1,False
26.768322913637313,0.03912869589319262,0.12939439802823616,0.7678140426769298,0.1,False
26.77391479341703,0.039128939373920125,0.12933568918480773,0.7677320176426262,0.1,False
26.77950667319675,0.03912918276813799,0.1292770012008495,0.7676499648294166,0.1,False
26.78509855297647,0.03912942607588944,0.12921833406593408,0.7675678842241496,0.1,False
26.790690432756193,0.03912966929721769,0.12915968776964254,0.7674857758136676,0.1,False
26.79628231253591,0.0391299124321661,0.1291010623015641,0.7674036395848061,0.1,False
26.80187419231563,0.03913015548077761,0.1290424576512965,0.7673214755243959,0.1,False
26.80746607209535,0.039130398443095384,0.12898387380844548,0.7672392836192602,0.1,False
26.81305795187507,0.03913064131916249,0.12892531076262556,0.7671570638562166,0.1,False
26.81864983165479,0.03913088410902193,0.1288667685034591,0.7670748162220763,0.1,False
26.824241711434507,0.039131126812716785,0.12880824702057722,0.766992540703644,0.1,False
26.829833591214232,0.03913136943028995,0.128749746303619,0.7669102372877182,0.1,False
26.83542547099395,0.03913161196178448,0.12869126634223202,0.7668279059610913,0.1,False
26.84101735077367,0.03913185440724312,0.1286328071260723,0.76674554671055,0.1,False
26.846609230553383,0.03913209676670882,0.12857436864480382,0.7666631595228738,0.1,False
26.8522011103331,0.0391323390402244,0.12851595088809947,0.7665807443848369,0.1,False
26.857792990112824,0.039132581227832634,0.12845755384563964,0.7664983012832066,0.1,False
26.863384869892545,0.03913282332957626,0.12839917750711333,0.766415830204744,0.1,False
26.868976749672264,0.03913306534549812,0.12834082186221804,0.766333331136204,0.1,False
26.874568629451982,0.03913330727564082,0.1282824869006593,0.7662508040643357,0.1,False
26.880160509231704,0.03913354912004706,0.1282241726121513,0.7661682489758818,0.1,False
26.885752389011422,0.03913379087875942,0.1281658789864152,0.7660856658575775,0.1,False
26.89134426879114,0.03913403255182051,0.12810760601318186,0.7660030546961536,0.1,False
26.89693614857086,0.0391342741392729,0.12804935368218998,0.7659204154783339,0.1,False
26.902528028350584,0.03913451564115909,0.12799112198318627,0.7658377481908358,0.1,False
26.908119908130303,0.03913475705752157,0.1279329109059257,0.7657550528203706,0.1,False
26.91371178791002,0.039134998388402766,0.1278747204401715,0.7656723293536435,0.1,False
26.91930366768974,0.039135239633845166,0.12781655057569505,0.7655895777773527,0.1,False
26.92489554746946,0.03913548079389123,0.12775840130227623,0.7655067980781907,0.1,False
26.93048742724918,0.03913572186858321,0.1277002726097028,0.7654239902428441,0.1,False
26.9360793070289,0.03913596285796342,0.1276421644877706,0.7653411542579929,0.1,False
26.941671186808616,0.03913620376207414,0.12758407692628407,0.7652582901103108,0.1,False
26.947263066588334,0.039136444580957594,0.12752600991505558,0.7651753977864654,0.1,False
26.952854946368056,0.039136685314656056,0.12746796344390568,0.7650924772731179,0.1,False
26.958446826147775,0.03913692596321168,0.1274099375026633,0.7650095285569233,0.1,False
26.964038705927493,0.03913716652666658,0.1273519320811651,0.7649265516245305,0.1,False
26.96963058570721,0.03913740700506309,0.1272939471692561,0.7648435464625805,0.1,False
26.975222465486937,0.03913764739844304,0.12723598275678963,0.7647605130577113,0.1,False
26.980814345266655,0.0391378877068486,0.12717803883362705,0.7646774513965519,0.1,False
26.986406225046373,0.03913812793032168,0.1271201153896372,0.7645943614657256,0.1,False
26.99199810482609,0.03913836806890435,0.1270622124146988,0.7645112432518513,0.1,False
26.997589984605813,0.03913860812263851,0.1270043298986973,0.7644280967415396,0.1,False
27.00318186438553,0.039138848091566064,0.12694646783152605,0.7643449219213949,0.1,False
27.00877374416525,0.03913908797572894,0.1268886262030873,0.7642617187780162,0.1,False
27.014365623944972,0.039139327775168965,0.12683080500329083,0.7641784872979953,0.1,False
27.019957503724694,0.03913956748992796,0.12677300422205492,0.7640952274679187,0.1,False
27.025549383504412,0.03913980712004767,0.12671522384930592,0.7640119392743664,0.1,False
27.03114126328413,0.03914004666556986,0.12665746387497784,0.7639286227039114,0.1,False
27.036733143063845,0.039140286126536285,0.12659972428901312,0.7638452777431212,0.1,False
27.042325022843563,0.03914052550298855,0.12654200508136243,0.7637619043785571,0.1,False
27.04791690262329,0.03914076479496836,0.1264843062419839,0.7636785025967733,0.1,False
27.053508782403007,0.03914100400251733,0.126426627760844,0.763595072384318,0.1,False
27.059100662182725,0.039141243125676954,0.12636896962791785,0.7635116137277346,0.1,False
27.064692541962444,0.03914148216448883,0.12631133183318757,0.763428126613558,0.1,False
27.070284421742166,0.039141721118994506,0.12625371436664418,0.7633446110283183,0.1,False
27.075876301521884,0.03914195998923539,0.12619611721828597,0.7632610669585385,0.1,False
27.081468181301602,0.039142198775253045,0.12613854037812017,0.7631774943907359,0.1,False
27.087060061081324,0.03914243747708871,0.1260809838361608,0.7630938933114211,0.1,False
27.092651940861046,0.03914267609478383,0.12602344758242984,0.7630102637070972,0.1,False
27.098243820640764,0.0391429146283798,0.12596593160696046,0.7629266055642658,0.1,False
27.103835700420483,0.03914315307791792,0.12590843589979003,0.7628429188694171,0.1,False
27.1094275802002,0.03914339144343948,0.1258509604509654,0.7627592036090366,0.1,False
27.115019459979923,0.03914362972498568,0.12579350525054064,0.7626754597696033,0.1,False
27.120611339759645,0.03914386792259776,0.12573607028857947,0.7625916873375914,0.1,False
27.12620321953936,0.03914410603631692,0.12567865555515206,0.7625078862994675,0.1,False
27.131795099319078,0.039144344066184285,0.12562126104033683,0.7624240566416915,0.1,False
27.137386979098796,0.03914458201224097,0.12556388673422025,0.7623401983507178,0.1,False
27.142978858878518,0.03914481987452803,0.12550653262689712,0.7622563114129949,0.1,False
27.148570738658236,0.03914505765308654,0.12544919870846924,0.7621723958149633,0.1,False
27.154162618437955,0.039145295347957486,0.12539188496904805,0.7620884515430603,0.1,False
27.159754498217673,0.03914553295918199,0.1253345913987515,0.7620044785837137,0.1,False
27.1653463779974,0.03914577048680083,0.1252773179877053,0.7619204769233464,0.1,False
27.170938257777117,0.03914600793085496,0.12522006472604394,0.7618364465483753,0.1,False
27.176530137556835,0.03914624529138532,0.12516283160390973,0.7617523874452108,0.1,False
27.182122017336553,0.03914648256843268,0.1251056186114523,0.7616682996002567,0.1,False
27.187713897116275,0.039146719762037874,0.1250484257388295,0.7615841829999104,0.1,False
27.193305776895993,0.03914695687224176,0.12499125297620738,0.7615000376305637,0.1,False
27.198897656675715,0.03914719389908505,0.12493410031375919,0.7614158634786011,0.1,False
27.204489536455434,0.03914743084260845,0.12487696774166741,0.7613316605304029,0.1,False
27.210081416235155,0.03914766770285267,0.12481985525012011,0.7612474287723396,0.1,False
27.215673296014874,0.039147904479858366,0.12476276282931514,0.7611631681907783,0.1,False
27.22126517579459,0.0391481411736661,0.12470569046945762,0.7610788787720791,0.1,False
27.226857055574307,0.03914837778431656,0.12464863816076024,0.7609945605025948,0.1,False
27.232448935354025,0.03914861431185021,0.12459160589344419,0.7609102133686738,0.1,False
27.23804081513375,0.03914885075630763,0.12453459365773806,0.7608258373566565,0.1,False
27.24363269491347,0.039149087117729284,0.12447760144387851,0.7607414324528784,0.1,False
27.249224574693187,0.03914932339615568,0.12442062924210957,0.7606569986436669,0.1,False
27.254816454472905,0.03914955959162721,0.12436367704268343,0.7605725359153443,0.1,False
27.260408334252627,0.03914979570418428,0.1243067448358603,0.7604880442542271,0.1,False
27.266000214032346,0.03915003173386722,0.12424983261190757,0.7604035236466243,0.1,False
27.271592093812068,0.03915026768071637,0.12419294036110111,0.7603189740788394,0.1,False
27.277183973591786,0.03915050354477202,0.12413606807372433,0.7602343955371696,0.1,False
27.282775853371508,0.03915073932607448,0.12407921574006796,0.7601497880079046,0.1,False
27.288367733151226,0.03915097502466396,0.1240223833504316,0.7600651514773297,0.1,False
27.293959612930944,0.03915121064058064,0.12396557089512146,0.7599804859317222,0.1,False
27.299551492710663,0.039151446173864686,0.12390877836445227,0.7598957913573545,0.1,False
27.305143372490384,0.0391516816245563,0.12385200574874612,0.7598110677404911,0.1,False
27.310735252270106,0.039151916992695546,0.12379525303833332,0.7597263150673919,0.1,False
27.31632713204982,0.03915215227832244,0.12373852022355161,0.75964153332431,0.1,False
27.32191901182954,0.03915238748147704,0.12368180729474604,0.7595567224974908,0.1,False
27.327510891609258,0.03915262260219943,0.1236251142422706,0.7594718825731754,0.1,False
27.33310277138898,0.039152857640529545,0.12356844105648584,0.7593870135375973,0.1,False
27.338694651168698,0.03915309259650737,0.12351178772776043,0.7593021153769838,0.1,False
27.344286530948416,0.03915332747017282,0.12345515424647144,0.7592171880775566,0.1,False
27.349878410728138,0.03915356226156568,0.12339854060300245,0.7591322316255308,0.1,False
27.35547029050786,0.039153796970725845,0.12334194678774568,0.7590472460071152,0.1,False
27.36106217028758,0.03915403159769313,0.12328537279110043,0.7589622312085115,0.1,False
27.366654050067297,0.03915426614250737,0.12322881860347397,0.7588771872159156,0.1,False
27.372245929847015,0.03915450060520823,0.12317228421528138,0.7587921140155178,0.1,False
27.377837809626737,0.03915473498583545,0.12311576961694491,0.7587070115935008,0.1,False
27.38342968940646,0.03915496928442872,0.12305927479889588,0.7586218799360431,0.1,False
27.389021569186177,0.03915520350102776,0.12300279975157168,0.7585367190293144,0.1,False
27.394613448965895,0.03915543763567215,0.12294634446541818,0.7584515288594795,0.1,False
27.400205328745617,0.039155671688401436,0.12288990893088839,0.7583663094126964,0.1,False
27.405797208525332,0.03915590565925528,0.1228334931384438,0.7582810606751171,0.1,False
27.41138908830505,0.039156139548273176,0.12277709707855265,0.7581957826328868,0.1,False
27.41698096808477,0.03915637335549454,0.12272072074169124,0.7581104752721449,0.1,False
27.42257284786449,0.03915660708095893,0.12266436411834374,0.7580251385790245,0.1,False
27.428164727644212,0.03915684072470578,0.12260802719900163,0.7579397725396518,0.1,False
27.43375660742393,0.039157074286774465,0.12255170997416405,0.7578543771401475,0.1,False
27.43934848720365,0.039157307767204316,0.12249541243433844,0.7577689523666264,0.1,False
27.444940366983367,0.03915754116603468,0.122439134570038,0.7576834982051944,0.1,False
27.45053224676309,0.039157774483304944,0.1223828763717853,0.7575980146419532,0.1,False
27.45612412654281,0.039158007719054304,0.1223266378301099,0.7575125016629981,0.1,False
27.46171600632253,0.03915824087332206,0.12227041893554928,0.7574269592544179,0.1,False
27.467307886102247,0.03915847394614741,0.12221421967864797,0.7573413874022946,0.1,False
27.47289976588197,0.039158706937569496,0.12215804004995859,0.7572557860927052,0.1,False
27.478491645661688,0.03915893984762748,0.12210188004004073,0.757170155311718,0.1,False
27.484083525441406,0.0391591726763605,0.12204573963946216,0.7570844950453973,0.1,False
27.489675405221124,0.03915940542380775,0.12198961883879783,0.7569988052797995,0.1,False
27.49526728500085,0.03915963809000819,0.12193351762863094,0.7569130860009762,0.1,False
27.500859164780564,0.03915987067500082,0.12187743599955067,0.7568273371949706,0.1,False
27.506451044560283,0.039160103178824665,0.12182137394215585,0.7567415588478223,0.1,False
27.51204292434,0.03916033560151862,0.12176533144705122,0.7566557509455628,0.1,False
27.51763480411972,0.03916056794312155,0.12170930850484965,0.7565699134742175,0.1,False
27.52322668389944,0.03916080020367243,0.12165330510617159,0.7564840464198058,0.1,False
27.52881856367916,0.03916103238320941,0.12159732124164487,0.7563981497683436,0.1,False
27.53441044345888,0.039161264481773574,0.12154135690190498,0.7563122235058269,0.1,False
27.5400023232386,0.039161496499401975,0.12148541207759475,0.7562262676182642,0.1,False
27.54559420301832,0.03916172843613354,0.12142948675936466,0.7561402820916487,0.1,False
27.55118608279804,0.039161960292007,0.12137358093787243,0.7560542669119675,0.1,False
27.55677796257776,0.03916219206706116,0.12131769460378355,0.7559682220652018,0.1,False
27.562369842357477,0.039162423761334816,0.12126182774777115,0.7558821475373262,0.1,False
27.567961722137202,0.039162655374866434,0.12120598036051514,0.7557960433143093,0.1,False
27.57355360191692,0.03916288690769469,0.12115015243270351,0.7557099093821135,0.1,False
27.57914548169664,0.039163118359858244,0.12109434395503162,0.7556237457266942,0.1,False
27.584737361476357,0.03916334973139563,0.12103855491820215,0.7555375523340012,0.1,False
27.59032924125608,0.03916358102234536,0.12098278531292546,0.7554513291899778,0.1,False
27.595921121035794,0.03916381223274594,0.12092703512991915,0.7553650762805608,0.1,False
27.601513000815512,0.03916404336263583,0.12087130435990844,0.7552787935916812,0.1,False
27.607104880595234,0.03916427441205348,0.12081559299362596,0.755192481109263,0.1,False
27.612696760374952,0.039164505381037315,0.12075990102181147,0.7551061388192237,0.1,False
27.618288640154674,0.03916473626962568,0.12070422843521267,0.7550197667074754,0.1,False
27.623880519934392,0.03916496707785696,0.12064857522458415,0.754933364759923,0.1,False
27.62947239971411,0.039165197805769394,0.1205929413806884,0.7548469329624659,0.1,False
27.63506427949383,0.03916542845340127,0.12053732689429483,0.7547604713009964,0.1,False
27.64065615927355,0.03916565902079092,0.12048173175618071,0.7546739797614007,0.1,False
27.646248039053273,0.03916588950797647,0.12042615595713042,0.754587458329559,0.1,False
27.65183991883299,0.03916611991499618,0.1203705994879357,0.7545009069913443,0.1,False
27.65743179861271,0.03916635024188816,0.12031506233939604,0.7544143257326246,0.1,False
27.66302367839243,0.03916658048869057,0.12025954450231795,0.7543277145392606,0.1,False
27.66861555817215,0.03916681065544148,0.12020404596751584,0.7542410733971074,0.1,False
27.674207437951868,0.039167040742178985,0.12014856672581033,0.7541544022920122,0.1,False
27.67979931773159,0.03916727074894113,0.12009310676803076,0.7540677012098179,0.1,False
27.685391197511304,0.039167500675765875,0.12003766608501293,0.7539809701363597,0.1,False
27.690983077291026,0.03916773052269118,0.11998224466760059,0.7538942090574674,0.1,False
27.696574957070744,0.03916796028975512,0.11992684250664433,0.7538074179589633,0.1,False
27.702166836850463,0.03916818997699547,0.11987145959300222,0.7537205968266644,0.1,False
27.70775871663018,0.03916841958445014,0.1198160959175398,0.753633745646381,0.1,False
27.713350596409903,0.03916864911215699,0.11976075147113002,0.7535468644039172,0.1,False
27.718942476189625,0.03916887856015386,0.11970542624465272,0.7534599530850703,0.1,False
27.724534355969343,0.03916910792847852,0.11965012022899574,0.7533730116756321,0.1,False
27.73012623574906,0.03916933721716876,0.11959483341505339,0.753286040161387,0.1,False
27.735718115528783,0.03916956642626232,0.11953956579372792,0.7531990385281138,0.1,False
27.7413099953085,0.03916979555579685,0.11948431735592877,0.753112006761585,0.1,False
27.74690187508822,0.03917002460581008,0.11942908809257259,0.7530249448475664,0.1,False
27.75249375486794,0.03917025357633962,0.11937387799458311,0.7529378527718177,0.1,False
27.758085634647664,0.03917048246742311,0.1193186870528918,0.7528507305200922,0.1,False
27.763677514427382,0.03917071127909808,0.11926351525843686,0.7527635780781365,0.1,False
27.7692693942071,0.03917094001140212,0.11920836260216433,0.7526763954316918,0.1,False
27.77486127398682,0.039171168664372744,0.11915322907502741,0.7525891825664927,0.1,False
27.780453153766533,0.039171397238047426,0.11909811466798602,0.7525019394682663,0.1,False
27.786045033546255,0.03917162573246363,0.11904301937200783,0.7524146661227344,0.1,False
27.791636913325977,0.03917185414765878,0.11898794317806781,0.752327362515613,0.1,False
27.797228793105695,0.03917208248367032,0.1189328860771478,0.7522400286326104,0.1,False
27.802820672885414,0.03917231074053552,0.11887784806023728,0.75215266445943,0.1,False
27.808412552665136,0.03917253891829177,0.11882282911833252,0.7520652699817673,0.1,False
27.814004432444854,0.03917276701697658,0.11876782924243728,0.7519778451853113,0.1,False
27.819596312224572,0.039172995036627,0.11871284842356271,0.7518903900557473,0.1,False
27.82518819200429,0.03917322297728031,0.11865788665272702,0.7518029045787524,0.1,False
27.830780071784016,0.039173450838973764,0.11860294392095438,0.7517153887399954,0.1,False
27.836371951563734,0.0391736786217445,0.11854802021927942,0.7516278425251447,0.1,False
27.841963831343453,0.03917390632562973,0.11849311553874106,0.7515402659198566,0.1,False
27.84755571112317,0.03917413395066654,0.1184382298703862,0.7514526589097833,0.1,False
27.853147590902893,0.03917436149689205,0.118383363205269,0.7513650214805702,0.1,False
27.85873947068261,0.03917458896434336,0.11832851553445078,0.7512773536178565,0.1,False
27.86433135046233,0.0391748163530575,0.11827368684900012,0.7511896553072756,0.1,False
27.86992323024205,0.03917504366307148,0.1182188771399928,0.7511019265344536,0.1,False
27.875515110021766,0.039175270894422284,0.11816408639851132,0.7510141672850108,0.1,False
27.881106989801488,0.039175498047146845,0.118109314615646,0.7509263775445615,0.1,False
27.886698869581206,0.03917572512128207,0.11805456178249386,0.7508385572987131,0.1,False
27.892290749360924,0.0391759521168649,0.11799982789015935,0.7507507065330669,0.1,False
27.897882629140643,0.03917617903393222,0.11794511292975399,0.7506628252332179,0.1,False
27.903474508920368,0.0391764058725208,0.11789041689239607,0.7505749133847545,0.1,False
27.909066388700086,0.039176632632667456,0.11783573976921154,0.7504869709732593,0.1,False
27.914658268479805,0.03917685931440898,0.1177810815513333,0.7503989979843082,0.1,False
27.920250148259523,0.03917708591778212,0.11772644222990121,0.7503109944034706,0.1,False
27.925842028039245,0.039177312442823554,0.1176718217960623,0.7502229602163097,0.1,False
27.931433907818963,0.039177538889570054,0.1176172202409708,0.7501348954083825,0.1,False
27.93702578759868,0.03917776525805823,0.11756263755578812,0.7500467999652398,0.1,False
27.942617667378403,0.03917799154832466,0.11750807373168255,0.7499586738724258,0.1,False
27.948209547158125,0.039178217760406024,0.11745352875982956,0.7498705171154781,0.1,False
27.953801426937844,0.03917844389433881,0.11739900263141184,0.7497823296799291,0.1,False
27.959393306717562,0.03917866995015962,0.11734449533761883,0.7496941115513032,0.1,False
27.964985186497277,0.0391788959279049,0.11729000686964748,0.7496058627151199,0.1,False
27.970577066276995,0.039179121827611206,0.11723553721870143,0.7495175831568913,0.1,False
27.976168946056717,0.03917934764931489,0.11718108637599109,0.7494292728621235,0.1,False
27.98176082583644,0.039179573393052454,0.11712665433273546,0.7493409318163177,0.1,False
27.987352705616157,0.03917979905886033,0.11707224108015887,0.7492525600049662,0.1,False
27.992944585395875,0.039180024646774815,0.11701784660949353,0.749164157413557,0.1,False
27.998536465175597,0.03918025015683221,0.11696347091197827,0.7490757240275708,0.1,False
28.004128344955316,0.03918047558906887,0.11690911397885968,0.7489872598324826,0.1,False
28.009720224735034,0.03918070094352101,0.11685477580139023,0.7488987648137602,0.1,False
28.015312104514756,0.03918092622022508,0.1168004563708304,0.7488102389568648,0.1,False
28.020903984294478,0.039181151419217054,0.11674615567844751,0.7487216822472534,0.1,False
28.026495864074196,0.03918137654053323,0.11669187371551573,0.7486330946703748,0.1,False
28.032087743853914,0.03918160158420969,0.11663761047331607,0.7485444762116721,0.1,False
28.037679623633633,0.03918182655028264,0.11658336594313676,0.7484558268565812,0.1,False
28.043271503413354,0.03918205143878819,0.11652914011627315,0.748367146590533,0.1,False
28.048863383193073,0.039182276249762366,0.1164749329840274,0.7482784353989512,0.1,False
28.054455262972795,0.039182500983241275,0.11642074453770875,0.7481896932672536,0.1,False
28.06004714275251,0.039182725639260875,0.11636657476863342,0.7481009201808515,0.1,False
28.065639022532228,0.03918295021785718,0.11631242366812436,0.7480121161251495,0.1,False
28.07123090231195,0.039183174719066106,0.11625829122751195,0.7479232810855467,0.1,False
28.076822782091668,0.039183399142923576,0.11620417743813317,0.7478344150474355,0.1,False
28.082414661871386,0.039183623489465615,0.11615008229133199,0.747745517996201,0.1,False
28.088006541651104,0.03918384775872796,0.11609600577845931,0.7476565899172233,0.1,False
28.09359842143083,0.03918407195074649,0.11604194789087363,0.7475676307958762,0.1,False
28.099190301210548,0.039184296065557025,0.1159879086199394,0.7474786406175263,0.1,False
28.104782180990266,0.03918452010319537,0.11593388795702876,0.7473896193675341,0.1,False
28.110374060769985,0.03918474406369723,0.11587988589352015,0.7473005670312542,0.1,False
28.115965940549707,0.039184967947098366,0.11582590242079967,0.7472114835940346,0.1,False
28.121557820329425,0.039185191753434455,0.11577193753025972,0.7471223690412169,0.1,False
28.127149700109147,0.03918541548274115,0.11571799121330043,0.7470332233581374,0.1,False
28.132741579888865,0.03918563913505407,0.11566406346132724,0.7469440465301236,0.1,False
28.138333459668587,0.039185862710408685,0.11561015426575393,0.7468548385424995,0.1,False
28.143925339448305,0.03918608620884121,0.11555626361800111,0.7467655993805788,0.1,False
28.149517219228024,0.03918630963038657,0.11550239150949565,0.7466763290296743,0.1,False
28.15510909900774,0.03918653297508046,0.11544853793167191,0.7465870274750892,0.1,False
28.160700978787457,0.0391867562429584,0.11539470287597067,0.7464976947021208,0.1,False
28.166292858567182,0.039186979434055816,0.11534088633383996,0.7464083306960602,0.1,False
28.1718847383469,0.03918720254840813,0.11528708829673417,0.7463189354421922,0.1,False
28.17747661812662,0.03918742558605083,0.11523330875611518,0.7462295089257949,0.1,False
28.183068497906337,0.03918764854701929,0.1151795477034511,0.7461400511321402,0.1,False
28.18866037768606,0.039187871431348796,0.11512580513021776,0.746050562046495,0.1,False
28.194252257465777,0.039188094239074725,0.11507208102789691,0.7459610416541176,0.1,False
28.199844137245496,0.03918831697023241,0.11501837538797786,0.7458714899402616,0.1,False
28.205436017025217,0.03918853962485706,0.11496468820195649,0.7457819068901742,0.1,False
28.21102789680494,0.03918876220298392,0.11491101946133526,0.7456922924890955,0.1,False
28.216619776584658,0.03918898470464823,0.1148573691576238,0.7456026467222596,0.1,False
28.222211656364376,0.03918920712988514,0.1148037372823385,0.7455129695748945,0.1,False
28.227803536144094,0.03918942947872984,0.1147501238270026,0.7454232610322217,0.1,False
28.233395415923816,0.03918965175121744,0.1146965287831458,0.7453335210794559,0.1,False
28.238987295703538,0.03918987394738308,0.11464295214230552,0.7452437497018072,0.1,False
28.244579175483256,0.039190096067261794,0.11458939389602511,0.7451539468844773,0.1,False
28.25017105526297,0.0391903181108886,0.11453585403585499,0.745064112612663,0.1,False
28.25576293504269,0.03919054007829854,0.11448233255335247,0.7449742468715541,0.1,False
28.26135481482241,0.039190761969526595,0.11442882944008166,0.7448843496463343,0.1,False
28.26694669460213,0.03919098378460784,0.11437534468761328,0.7447944209221804,0.1,False
28.272538574381848,0.039191205523577,0.114321878287525,0.7447044606842644,0.1,False
28.27813045416157,0.03919142718646905,0.11426843023140094,0.7446144689177503,0.1,False
28.28372233394129,0.03919164877331889,0.1142150005108327,0.744524445607797,0.1,False
28.28931421372101,0.039191870284161386,0.11416158911741772,0.7444343907395556,0.1,False
28.294906093500728,0.03919209171903131,0.11410819604276107,0.7443443042981729,0.1,False
28.300497973280446,0.03919231307796347,0.11405482127847413,0.7442541862687883,0.1,False
28.30608985306017,0.039192534360992626,0.11400146481617503,0.7441640366365346,0.1,False
28.31168173283989,0.0391927555681535,0.11394812664748866,0.7440738553865386,0.1,False
28.31727361261961,0.039192976699480846,0.11389480676404692,0.743983642503921,0.1,False
28.322865492399327,0.03919319775500929,0.11384150515748782,0.7438933979737958,0.1,False
28.32845737217905,0.03919341873477352,0.11378822181945698,0.7438031217812713,0.1,False
28.334049251958767,0.039193639638808134,0.11373495674160593,0.7437128139114487,0.1,False
28.33964113173848,0.03919386046714771,0.11368170991559336,0.7436224743494234,0.1,False
28.3452330115182,0.03919408121982683,0.11362848133308463,0.7435321030802847,0.1,False
28.350824891297922,0.03919430189688,0.11357527098575172,0.7434417000891153,0.1,False
28.356416771077644,0.03919452249834186,0.11352207886527349,0.7433512653609907,0.1,False
28.362008650857362,0.03919474302424677,0.11346890496333517,0.743260798880982,0.1,False
28.36760053063708,0.0391949634746292,0.11341574927162898,0.7431703006341525,0.1,False
28.3731924104168,0.03919518384952354,0.11336261178185356,0.7430797706055596,0.1,False
28.37878429019652,0.039195404148964254,0.11330949248571473,0.7429892087802552,0.1,False
28.38437616997624,0.039195624372986085,0.11325639137492459,0.7428986151432816,0.1,False
28.38996804975596,0.039195844521622766,0.11320330844120204,0.7428079896796806,0.1,False
28.39555992953568,0.039196064594908805,0.1131502436762725,0.7427173323744837,0.1,False
28.4011518093154,0.03919628459287853,0.11309719707186817,0.7426266432127161,0.1,False
28.40674368909512,0.039196504515566145,0.11304416861972792,0.7425359221793982,0.1,False
28.412335568874838,0.039196724363005954,0.11299115831159717,0.742445169259543,0.1,False
28.417927448654556,0.03919694413523218,0.11293816613922823,0.7423543844381573,0.1,False
28.42351932843428,0.039197163832278926,0.11288519209437989,0.7422635677002425,0.1,False
28.429111208214,0.0391973834541804,0.11283223616881757,0.7421727190307928,0.1,False
28.434703087993714,0.03919760300097072,0.11277929835431318,0.7420818384147959,0.1,False
28.440294967773433,0.03919782247268394,0.11272637864264544,0.7419909258372342,0.1,False
28.44588684755315,0.039198041869354196,0.11267347702559985,0.7418999812830834,0.1,False
28.451478727332873,0.03919826119101548,0.11262059349496849,0.7418090047373128,0.1,False
28.45707060711259,0.03919848043770182,0.11256772804254979,0.7417179961848854,0.1,False
28.462662486892313,0.03919869960944723,0.11251488066014793,0.7416269556107561,0.1,False
28.46825436667203,0.0391989187062857,0.11246205133957637,0.7415358829998779,0.1,False
28.473846246451753,0.03919913772825101,0.11240924007265317,0.7414447783371952,0.1,False
28.47943812623147,0.03919935667537715,0.11235644685120276,0.7413536416076448,0.1,False
28.48503000601119,0.03919957554769801,0.11230367166705707,0.7412624727961585,0.1,False
28.490621885790908,0.039199794345247445,0.1122509145120539,0.7411712718876611,0.1,False
28.496213765570634,0.03920001306805929,0.1121981753780383,0.7410800388670721,0.1,False
28.501805645350352,0.039200231716167294,0.11214545425686136,0.7409887737193038,0.1,False
28.50739752513007,0.03920045028960531,0.11209275114038111,0.7408974764292631,0.1,False
28.51298940490979,0.03920066878840701,0.11204006602046193,0.7408061469818499,0.1,False
28.51858128468951,0.03920088721260608,0.11198739888897478,0.7407147853619581,0.1,False
28.52417316446923,0.03920110556223625,0.11193474973779714,0.7406233915544752,0.1,False
28.529765044248943,0.03920132383733111,0.11188211855881339,0.7405319655442834,0.1,False
28.535356924028665,0.03920154203792448,0.11182950534391403,0.7404405073162562,0.1,False
28.540948803808384,0.03920176016404978,0.11177691008499643,0.7403490168552639,0.1,False
28.546540683588105,0.03920197821574066,0.11172433277396422,0.7402574941461681,0.1,False
28.552132563367824,0.03920219619303067,0.11167177340272763,0.7401659391738254,0.1,False
28.557724443147542,0.03920241409595329,0.11161923196320353,0.7400743519230859,0.1,False
28.56331632292726,0.03920263192454206,0.11156670844731514,0.7399827323787929,0.1,False
28.568908202706982,0.039202849678830406,0.11151420284699218,0.7398910805257838,0.1,False
28.574500082486704,0.03920306735885181,0.11146171515417125,0.7397993963488899,0.1,False
28.580091962266422,0.039203284964639706,0.1114092453607951,0.7397076798329361,0.1,False
28.58568384204614,0.039203502496227394,0.11135679345881305,0.739615930962741,0.1,False
28.591275721825863,0.03920371995364832,0.11130435944018108,0.739524149723117,0.1,False
28.59686760160558,0.03920393733693582,0.11125194329686136,0.7394323360988699,0.1,False
28.6024594813853,0.039204154646123125,0.11119954502082283,0.7393404900747998,0.1,False
28.608051361165018,0.03920437188124351,0.11114716460404074,0.7392486116357003,0.1,False
28.613643240944743,0.039204589042330464,0.11109480203849689,0.7391567007663579,0.1,False
28.619235120724458,0.03920480612941694,0.1110424573161795,0.7390647574515542,0.1,False
28.624827000504176,0.039205023142536224,0.11099013042908325,0.738972781676064,0.1,False
28.630418880283894,0.0392052400817215,0.11093782136920961,0.7388807734246559,0.1,False
28.636010760063613,0.039205456947005876,0.11088553012856592,0.738788732682092,0.1,False
28.641602639843335,0.03920567373842253,0.11083325669916642,0.738696659433128,0.1,False
28.647194519623056,0.03920589045600454,0.1107810010730317,0.7386045536625139,0.1,False
28.652786399402775,0.039206107099784934,0.11072876324218846,0.7385124153549929,0.1,False
28.658378279182493,0.0392063236697968,0.11067654319867057,0.7384202444953026,0.1,False
28.663970158962215,0.03920654016607314,0.11062434093451787,0.7383280410681741,0.1,False
28.669562038741933,0.039206756588646946,0.11057215644177648,0.7382358050583316,0.1,False
28.67515391852165,0.039206972937551154,0.11051998971249925,0.738143536450494,0.1,False
28.68074579830137,0.03920718921281867,0.11046784073874497,0.7380512352293732,0.1,False
28.686337678081095,0.03920740541448246,0.1104157095125797,0.7379589013796755,0.1,False
28.691929557860814,0.03920762154257537,0.11036359602607504,0.7378665348861,0.1,False
28.697521437640532,0.039207837597130306,0.11031150027130958,0.7377741357333406,0.1,False
28.70311331742025,0.039208053578180024,0.1102594222403679,0.7376817039060845,0.1,False
28.708705197199972,0.03920826948575733,0.11020736192534128,0.7375892393890127,0.1,False
28.714297076979687,0.03920848531989503,0.11015531931832732,0.7374967421667998,0.1,False
28.719888956759405,0.039208701080625914,0.11010329441143002,0.7374042122241143,0.1,False
28.725480836539127,0.039208916767982625,0.1100512871967595,0.7373116495456186,0.1,False
28.731072716318845,0.039209132381997865,0.10999929766643272,0.737219054115969,0.1,False
28.736664596098567,0.03920934792270435,0.1099473258125726,0.7371264259198147,0.1,False
28.742256475878285,0.039209563390134816,0.10989537162730875,0.7370337649417993,0.1,False
28.747848355658004,0.039209778784321636,0.10984343510277682,0.7369410711665606,0.1,False
28.753440235437722,0.03920999410529756,0.10979151623111902,0.7368483445787296,0.1,False
28.759032115217448,0.03921020935309506,0.10973961500448377,0.7367555851629309,0.1,False
28.764623994997166,0.039210424527746736,0.1096877314150262,0.7366627929037834,0.1,False
28.770215874776884,0.03921063962928504,0.10963586545490728,0.7365699677858997,0.1,False
28.775807754556602,0.03921085465774265,0.10958401711629473,0.7364771097938847,0.1,False
28.781399634336324,0.03921106961315185,0.10953218639136247,0.7363842189123397,0.1,False
28.786991514116043,0.03921128449554513,0.10948037327229065,0.7362912951258581,0.1,False
28.79258339389576,0.039211499304954815,0.10942857775126598,0.7361983384190277,0.1,False
28.798175273675483,0.03921171404141327,0.10937679982048105,0.7361053487764296,0.1,False
28.803767153455205,0.03921192870495244,0.10932503947213514,0.736012326182641,0.1,False
28.80935903323492,0.03921214329560621,0.10927329669843379,0.7359192706222231,0.1,False
28.814950913014638,0.039212357813405575,0.10922157149158852,0.7358261820797446,0.1,False
28.820542792794356,0.03921257225838301,0.10916986384381779,0.7357330605397614,0.1,False
28.826134672574074,0.03921278663057064,0.109118173747346,0.7356399059868245,0.1,False
28.8317265523538,0.03921300093000079,0.10906650119440371,0.7355467184054773,0.1,False
28.837318432133518,0.039213215156705644,0.10901484617722795,0.7354534977802571,0.1,False
28.842910311913236,0.03921342931071734,0.10896320868806185,0.735360244095696,0.1,False
28.848502191692955,0.039213643392068134,0.10891158871915514,0.735266957336319,0.1,False
28.854094071472677,0.03921385740079007,0.10885998626276354,0.7351736374866452,0.1,False
28.859685951252395,0.03921407133691523,0.10880840131114951,0.7350802845311887,0.1,False
28.865277831032113,0.039214285200475756,0.10875683385658105,0.7349868984544548,0.1,False
28.870869710811835,0.0392144989915036,0.10870528389133247,0.7348934792409442,0.1,False
28.876461590591557,0.0392147127100308,0.10865375140768524,0.7348000268751523,0.1,False
28.882053470371275,0.03921492635608942,0.10860223639792616,0.7347065413415661,0.1,False
28.887645350150994,0.03921513992971135,0.10855073885434878,0.7346130226246684,0.1,False
28.893237229930712,0.03921535343092855,0.10849925876925254,0.7345194707089345,0.1,False
28.898829109710427,0.03921556685977294,0.10844779613494351,0.7344258855788345,0.1,False
28.90442098949015,0.03921578021627635,0.10839635094373355,0.7343322672188312,0.1,False
28.91001286926987,0.03921599350047066,0.10834492318794102,0.7342386156133822,0.1,False
28.91560474904959,0.0392162067123877,0.1082935128598906,0.7341449307469388,0.1,False
28.921196628829307,0.039216419852059335,0.10824211995191302,0.7340512126039451,0.1,False
28.92678850860903,0.03921663291951729,0.10819074445634508,0.7339574611688402,0.1,False
28.932380388388747,0.03921684591479334,0.10813938636553007,0.7338636764260564,0.1,False
28.937972268168465,0.039217058837919226,0.10808804567181744,0.7337698583600202,0.1,False
28.943564147948184,0.03921727168892663,0.10803672236756263,0.7336760069551514,0.1,False
28.94915602772791,0.039217484467847244,0.10798541644512774,0.7335821221958644,0.1,False
28.954747907507628,0.039217697174712705,0.10793412789688028,0.7334882040665663,0.1,False
28.960339787287346,0.039217909809554655,0.10788285671519474,0.7333942525516594,0.1,False
28.965931667067064,0.03921812237240472,0.1078316028924513,0.7333002676355383,0.1,False
28.971523546846786,0.03921833486329443,0.10778036642103665,0.733206249302593,0.1,False
28.977115426626504,0.039218547282255344,0.10772914729334343,0.7331121975372062,0.1,False
28.982707306406226,0.03921875962931898,0.10767794550177065,0.7330181123237555,0.1,False
28.988299186185944,0.03921897190451689,0.10762676103872325,0.7329239936466109,0.1,False
28.99389106596566,0.039219184107880486,0.10757559389661224,0.7328298414901369,0.1,False
28.99948294574538,0.03921939623944126,0.1075244440678551,0.732735655838692,0.1,False
29.0050748255251,0.03921960829923057,0.10747331154487537,0.7326414366766292,0.1,False
29.010666705304818,0.039219820287279855,0.10742219632010276,0.7325471839882938,0.1,False
29.016258585084536,0.03922003220362051,0.10737109838597295,0.7324528977580261,0.1,False
29.02185046486426,0.03922024404828382,0.10732001773492778,0.7323585779701596,0.1,False
29.02744234464398,0.03922045582130119,0.10726895435941561,0.7322642246090224,0.1,False
29.033034224423698,0.039220667522703825,0.10721790825189056,0.7321698376589358,0.1,False
29.038626104203416,0.03922087915252303,0.10716687940481273,0.7320754171042152,0.1,False
29.04421798398314,0.03922109071079002,0.10711586781064888,0.7319809629291701,0.1,False
29.049809863762857,0.039221302197536105,0.10706487346187127,0.7318864751181028,0.1,False
29.05540174354258,0.03922151361279238,0.10701389635095883,0.731791953655311,0.1,False
29.060993623322297,0.03922172495659002,0.10696293647039624,0.7316973985250853,0.1,False
29.06658550310202,0.03922193622896028,0.10691199381267412,0.7316028097117095,0.1,False
29.072177382881737,0.03922214742993415,0.10686106837028982,0.7315081871994633,0.1,False
29.077769262661455,0.03922235855954274,0.10681016013574632,0.7314135309726187,0.1,False
29.083361142441174,0.03922256961781718,0.10675926910155269,0.7313188410154415,0.1,False
29.08895302222089,0.03922278060478845,0.10670839526022453,0.7312241173121932,0.1,False
29.094544902000614,0.039222991520487686,0.10665753860428283,0.7311293598471259,0.1,False
29.100136781780332,0.0392232023649457,0.10660669912625508,0.7310345686044889,0.1,False
29.10572866156005,0.03922341313819353,0.10655587681867465,0.7309397435685234,0.1,False
29.11132054133977,0.039223623840262165,0.1065050716740812,0.730844884723465,0.1,False
29.11691242111949,0.03922383447118246,0.10645428368502048,0.7307499920535436,0.1,False
29.12250430089921,0.03922404503098533,0.10640351284404381,0.7306550655429819,0.1,False
29.128096180678927,0.039224255519701635,0.10635275914370905,0.7305601051759976,0.1,False
29.13368806045865,0.03922446593736223,0.10630202257658018,0.730465110936802,0.1,False
29.13927994023837,0.03922467628399791,0.10625130313522677,0.7303700828095998,0.1,False
29.14487182001809,0.03922488655963949,0.10620060081222484,0.7302750207785902,0.1,False
29.150463699797807,0.03922509676431769,0.10614991560015624,0.7301799248279663,0.1,False
29.156055579577526,0.039225306898063306,0.10609924749160894,0.7300847949419145,0.1,False
29.161647459357248,0.03922551696090703,0.10604859647917692,0.7299896311046152,0.1,False
29.16723933913697,0.039225726952879514,0.10599796255545998,0.7298944333002435,0.1,False
29.172831218916688,0.03922593687401155,0.1059473457130643,0.7297992015129672,0.1,False
29.178423098696403,0.039226146724333624,0.10589674594460184,0.7297039357269492,0.1,False
29.18401497847612,0.039226356503876375,0.1058461632426906,0.7296086359263457,0.1,False
29.189606858255843,0.03922656621267035,0.10579559759995469,0.7295133020953074,0.1,False
29.19519873803556,0.03922677585074662,0.10574504900902412,0.7294179342179756,0.1,False
29.20079061781528,0.0392269854181352,0.1056945174625349,0.7293225322784906,0.1,False
29.206382497595,0.039227194914866606,0.10564400295312908,0.7292270962609849,0.1,False
29.211974377374723,0.039227404340971404,0.10559350547345456,0.7291316261495833,0.1,False
29.21756625715444,0.03922761369648008,0.10554302501616544,0.7290361219284058,0.1,False
29.22315813693416,0.039227822981423084,0.10549256157392199,0.7289405835815667,0.1,False
29.228750016713878,0.03922803219583081,0.10544211513938972,0.7288450110931726,0.1,False
29.2343418964936,0.039228241339733676,0.10539168570524085,0.7287494044473255,0.1,False
29.239933776273322,0.039228450413161996,0.1053412732641532,0.7286537636281211,0.1,False
29.24552565605304,0.0392286594161462,0.10529087780881062,0.7285580886196481,0.1,False
29.25111753583276,0.03922886834871657,0.10524049933190294,0.7284623794059901,0.1,False
29.25670941561248,0.039229077210903386,0.10519013782612599,0.7283666359712246,0.1,False
29.2623012953922,0.039229286002736945,0.10513979328418135,0.7282708582994224,0.1,False
29.267893175171917,0.03922949472424743,0.10508946569877665,0.7281750463746487,0.1,False
29.27348505495163,0.039229703375465115,0.10503915506262623,0.7280792001809638,0.1,False
29.27907693473135,0.039229911956420185,0.10498886136844865,0.7279833197024188,0.1,False
29.284668814511075,0.03923012046714276,0.10493858460897015,0.7278874049230624,0.1,False
29.290260694290794,0.03923032890766327,0.10488832477692157,0.7277914558269329,0.1,False
29.295852574070512,0.03923053727801146,0.10483808186504082,0.7276954723980683,0.1,False
29.30144445385023,0.0392307455782175,0.10478785586607085,0.7275994546204965,0.1,False
29.307036333629952,0.03923095380831152,0.10473764677276079,0.7275034024782397,0.1,False
29.31262821340967,0.03923116196832355,0.10468745457786613,0.7274073159553157,0.1,False
29.318220093189392,0.039231370058283616,0.10463727927414761,0.7273111950357347,0.1,False
29.32381197296911,0.039231578078221765,0.10458712085437193,0.7272150397035007,0.1,False
29.329403852748833,0.03923178602816792,0.10453697931131238,0.7271188499426134,0.1,False
29.33499573252855,0.03923199390815206,0.10448685463774735,0.727022625737065,0.1,False
29.34058761230827,0.039232201718204095,0.1044367468264615,0.726926367070842,0.1,False
29.346179492087987,0.0392324094583539,0.10438665587024533,0.7268300739279254,0.1,False
29.351771371867713,0.03923261712863146,0.10433658176189517,0.726733746292289,0.1,False
29.35736325164743,0.03923282472906643,0.10428652449421352,0.7266373841479029,0.1,False
29.36295513142715,0.039233032259688765,0.1042364840600082,0.7265409874787286,0.1,False
29.368547011206864,0.039233239720528265,0.1041864604520933,0.7264445562687225,0.1,False
29.374138890986583,0.0392334471116147,0.10413645366328889,0.7263480905018358,0.1,False
29.379730770766304,0.03923365443297782,0.1040864636864204,0.7262515901620124,0.1,False
29.385322650546023,0.039233861684647355,0.1040364905143196,0.7261550552331912,0.1,False
29.390914530325745,0.039234068866652955,0.10398653413982403,0.7260584856993052,0.1,False
29.396506410105463,0.03923427597902443,0.10393659455577679,0.7259618815442799,0.1,False
29.402098289885185,0.03923448302179134,0.10388667175502704,0.7258652427520363,0.1,False
29.407690169664903,0.039234689994983356,0.10383676573042991,0.7257685693064893,0.1,False
29.41328204944462,0.039234896898630044,0.10378687647484608,0.7256718611915471,0.1,False
29.41887392922434,0.039235103732761026,0.10373700398114231,0.7255751183911126,0.1,False
29.42446580900406,0.03923531049740581,0.10368714824219104,0.7254783408890823,0.1,False
29.430057688783783,0.03923551719259399,0.10363730925087054,0.7253815286693466,0.1,False
29.435649568563502,0.039235723818355,0.10358748700006502,0.7252846817157905,0.1,False
29.44124144834322,0.03923593037471838,0.10353768148266435,0.7251878000122927,0.1,False
29.446833328122942,0.039236136861713594,0.10348789269156443,0.7250908835427256,0.1,False
29.45242520790266,0.039236343279370166,0.10343812061966659,0.7249939322909552,0.1,False
29.45801708768238,0.039236549627717374,0.10338836525987859,0.7248969462408439,0.1,False
29.463608967462093,0.039236755906784784,0.10333862660511327,0.7247999253762448,0.1,False
29.469200847241815,0.03923696211660161,0.10328890464828967,0.7247028696810076,0.1,False
29.474792727021537,0.039237168257197266,0.10323919938233259,0.7246057791389751,0.1,False
29.480384606801255,0.03923737432860101,0.10318951080017273,0.7245086537339845,0.1,False
29.485976486580974,0.03923758033084213,0.10313983889474627,0.7244114934498668,0.1,False
29.491568366360692,0.039237786263949914,0.10309018365899536,0.7243142982704468,0.1,False
29.497160246140414,0.039237992127953654,0.10304054508586805,0.7242170681795437,0.1,False
29.502752125920136,0.03923819792288258,0.10299092316831776,0.72411980316097,0.1,False
29.508344005699854,0.0392384036487658,0.1029413178993042,0.7240225031985341,0.1,False
29.513935885479572,0.03923860930563255,0.10289172927179235,0.7239251682760364,0.1,False
29.519527765259294,0.039238814893511983,0.10284215727875329,0.7238277983772724,0.1,False
29.525119645039013,0.0392390204124332,0.10279260191316364,0.7237303934860316,0.1,False
29.53071152481873,0.039239225862425335,0.10274306316800598,0.7236329535860975,0.1,False
29.53630340459845,0.03923943124351746,0.10269354103626853,0.7235354786612475,0.1,False
29.541895284378175,0.03923963655573854,0.10264403551094507,0.7234379686952535,0.1,False
29.547487164157893,0.03923984179911813,0.10259454658503557,0.7233404236718791,0.1,False
29.553079043937608,0.03924004697368454,0.10254507425154512,0.7232428435748867,0.1,False
29.558670923717326,0.039240252079466985,0.10249561850348543,0.7231452283880303,0.1,False
29.564262803497044,0.03924045711649443,0.1024461793338731,0.7230475780950573,0.1,False
29.569854683276766,0.03924066208479583,0.10239675673573084,0.7229498926797097,0.1,False
29.575446563056488,0.03924086698440014,0.10234735070208693,0.7228521721257233,0.1,False
29.581038442836206,0.039241071815336225,0.10229796122597533,0.7227544164168285,0.1,False
29.586630322615925,0.039241276577632905,0.10224858830043601,0.72265662553675,0.1,False
29.592222202395646,0.03924148127131908,0.10219923191851449,0.7225587994692064,0.1,False
29.597814082175365,0.03924168589642355,0.10214989207326174,0.7224609381979097,0.1,False
29.603405961955083,0.039241890452975124,0.1021005687577349,0.7223630417065672,0.1,False
29.6089978417348,0.039242094941002593,0.10205126196499634,0.7222651099788792,0.1,False
29.614589721514527,0.039242299360534645,0.10200197168811445,0.722167142998541,0.1,False
29.620181601294245,0.03924250371160002,0.10195269792016333,0.7220691407492419,0.1,False
29.625773481073963,0.03924270799422735,0.10190344065422147,0.7219711032146634,0.1,False
29.631365360853682,0.039242912208445474,0.10185419988337621,0.7218730303784858,0.1,False
29.636957240633404,0.03924311635428304,0.10180497560071752,0.7217749222243786,0.1,False
29.642549120413122,0.03924332043176854,0.10175576779934216,0.721676778736008,0.1,False
29.648141000192837,0.03924352444093065,0.10170657647235243,0.7215785998970338,0.1,False
29.65373287997256,0.03924372838179793,0.10165740161285647,0.7214803856911098,0.1,False
29.659324759752277,0.03924393225439898,0.10160824321396773,0.7213821361018838,0.1,False
29.664916639532,0.039244136058762306,0.10155910126880575,0.7212838511129983,0.1,False
29.670508519311717,0.0392443397949164,0.10150997577049542,0.7211855307080894,0.1,False
29.676100399091435,0.03924454346288978,0.1014608667121674,0.7210871748707879,0.1,False
29.681692278871154,0.03924474706271093,0.10141177408695798,0.7209887835847182,0.1,False
29.68728415865088,0.03924495059440826,0.101362697888009,0.7208903568334992,0.1,False
29.692876038430597,0.0392451540580102,0.10131363810846818,0.7207918946007441,0.1,False
29.698467918210316,0.03924535745354513,0.10126459474148862,0.72069339687006,0.1,False
29.704059797990034,0.03924556078104156,0.10121556778022901,0.7205948636250473,0.1,False
29.709651677769756,0.03924576404052765,0.101166557217854,0.720496294849303,0.1,False
29.715243557549474,0.03924596723203176,0.10111756304753379,0.7203976905264168,0.1,False
29.720835437329193,0.03924617035558223,0.1010685852624439,0.7202990506399719,0.1,False
29.726427317108914,0.03924637341120737,0.10101962385576568,0.7202003751735467,0.1,False
29.732019196888636,0.03924657639893538,0.100970678820686,0.7201016641107135,0.1,False
29.737611076668355,0.03924677931879452,0.10092175015039731,0.7200029174350386,0.1,False
29.74320295644807,0.039246982170812975,0.1008728378380978,0.719904135130083,0.1,False
29.748794836227788,0.039247184955018964,0.10082394187699122,0.7198053171794012,0.1,False
29.754386716007506,0.03924738767144066,0.10077506226028679,0.7197064635665422,0.1,False
29.759978595787228,0.0392475903201062,0.1007261989811996,0.7196075742750498,0.1,False
29.76557047556695,0.03924779290104365,0.10067735203294999,0.7195086492884616,0.1,False
29.771162355346668,0.03924799541428117,0.10062852140876412,0.7194096885903088,0.1,False
29.776754235126386,0.03924819785984677,0.10057970710187349,0.7193106921641178,0.1,False
29.782346114906108,0.0392484002377685,0.10053090910551553,0.719211659993409,0.1,False
29.787937994685826,0.03924860254807443,0.10048212741293296,0.7191125920616964,0.1,False
29.793529874465545,0.03924880479079252,0.10043336201737411,0.7190134883524887,0.1,False
29.799121754245267,0.03924900696595076,0.10038461291209301,0.7189143488492893,0.1,False
29.80471363402499,0.03924920907357716,0.100335880090349,0.7188151735355944,0.1,False
29.810305513804707,0.039249411113699645,0.10028716354540744,0.7187159623948963,0.1,False
29.815897393584425,0.03924961308634608,0.10023846327053877,0.7186167154106804,0.1,False
29.821489273364143,0.03924981499154432,0.100189779259019,0.7185174325664264,0.1,False
29.827081153143865,0.039250016829322235,0.10014111150413,0.7184181138456092,0.1,False
29.83267303292358,0.039250218599707676,0.10009245999915893,0.7183187592316964,0.1,False
29.838264912703302,0.03925042030272848,0.10004382473739859,0.7182193687081512,0.1,False
29.84385679248302,0.03925062193841244,0.09999520571214728,0.7181199422584303,0.1,False
29.84944867226274,0.03925082350678731,0.0999466029167089,0.7180204798659852,0.1,False
29.85504055204246,0.03925102500788088,0.09989801634439269,0.7179209815142606,0.1,False
29.86063243182218,0.03925122644172081,0.09984944598851381,0.7178214471866978,0.1,False
29.866224311601897,0.03925142780833486,0.09980089184239241,0.7177218768667296,0.1,False
29.871816191381615,0.03925162910775067,0.09975235389935455,0.717622270537785,0.1,False
29.87740807116134,0.0392518303399959,0.0997038321527317,0.7175226281832869,0.1,False
29.88299995094106,0.03925203150509821,0.09965532659586054,0.7174229497866514,0.1,False
29.888591830720777,0.039252232603085246,0.09960683722208381,0.7173232353312904,0.1,False
29.894183710500496,0.0392524336339845,0.09955836402474971,0.71722348480061,0.1,False
29.899775590280218,0.039252634597823584,0.09950990699721084,0.7171236981780086,0.1,False
29.905367470059936,0.039252835494630024,0.09946146613282675,0.7170238754468817,0.1,False
29.910959349839658,0.039253036324431355,0.09941304142496168,0.7169240165906172,0.1,False
29.916551229619376,0.039253237087255075,0.0993646328669856,0.7168241215925982,0.1,False
29.922143109399098,0.03925343778312864,0.0993162404522739,0.7167241904362022,0.1,False
29.927734989178813,0.039253638412079565,0.09926786417420737,0.7166242231047997,0.1,False
29.93332686895853,0.03925383897413521,0.09921950402617248,0.7165242195817574,0.1,False
29.93891874873825,0.039254039469323036,0.09917116000156097,0.7164241798504353,0.1,False
29.944510628517968,0.039254239897670344,0.09912283209377017,0.7163241038941881,0.1,False
29.950102508297693,0.03925444025920476,0.09907452029620267,0.7162239916963631,0.1,False
29.95569438807741,0.039254640553953245,0.0990262246022669,0.7161238432403061,0.1,False
29.96128626785713,0.03925484078194326,0.09897794500537632,0.7160236585093536,0.1,False
29.966878147636848,0.0392550409432021,0.09892968149895016,0.7159234374868373,0.1,False
29.97247002741657,0.03925524103775702,0.09888143407641287,0.7158231801560839,0.1,False
29.978061907196288,0.039255441065635284,0.09883320273119456,0.7157228865004142,0.1,False
29.98365378697601,0.03925564102686414,0.09878498745673056,0.7156225565031427,0.1,False
29.98924566675573,0.03925584092147095,0.09873678824646188,0.7155221901475782,0.1,False
29.99483754653545,0.03925604074948272,0.09868860509383472,0.7154217874170254,0.1,False
30.00042942631517,0.03925624051092654,0.09864043799230073,0.7153213482947829,0.1,False
30.006021306094887,0.03925644020582961,0.0985922869353173,0.715220872764143,0.1,False
30.011613185874605,0.03925663983421906,0.09854415191634684,0.7151203608083925,0.1,False
30.017205065654327,0.039256839396121936,0.09849603292885745,0.7150198124108131,0.1,False
30.022796945434045,0.039257038891565364,0.09844792996632264,0.7149192275546806,0.1,False
30.028388825213764,0.03925723832057628,0.09839984302222106,0.7148186062232654,0.1,False
30.033980704993482,0.03925743768318189,0.09835177209003698,0.714717948399831,0.1,False
30.0395725847732,0.039257636979409094,0.09830371716326,0.7146172540676373,0.1,False
30.045164464552922,0.03925783620928483,0.09825567823538524,0.7145165232099379,0.1,False
30.05075634433264,0.039258035372836106,0.09820765529991315,0.7144157558099805,0.1,False
30.05634822411236,0.03925823447008986,0.09815964835034964,0.7143149518510077,0.1,False
30.06194010389208,0.03925843350107302,0.09811165738020587,0.7142141113162557,0.1,False
30.067531983671802,0.039258632465812404,0.0980636823829982,0.7141132341889558,0.1,False
30.07312386345152,0.03925883136433491,0.09801572335224898,0.7140123204523341,0.1,False
30.07871574323124,0.03925903019666741,0.09796778028148534,0.7139113700896105,0.1,False
30.084307623010957,0.03925922896283667,0.09791985316424014,0.7138103830839996,0.1,False
30.08989950279068,0.039259427662869634,0.09787194199405146,0.7137093594187099,0.1,False
30.0954913825704,0.039259626296792915,0.09782404676446282,0.7136082990769457,0.1,False
30.10108326235012,0.039259824864633294,0.0977761674690231,0.713507202041905,0.1,False
30.106675142129838,0.039260023366417575,0.09772830410128636,0.7134060682967793,0.1,False
30.112267021909553,0.039260221802172424,0.09768045665481243,0.7133048978247566,0.1,False
30.117858901689274,0.03926042017192453,0.09763262512316594,0.7132036906090176,0.1,False
30.123450781468993,0.03926061847570056,0.09758480949991724,0.7131024466327384,0.1,False
30.12904266124871,0.03926081671352718,0.09753700977864194,0.7130011658790891,0.1,False
30.134634541028433,0.03926101488543099,0.097489225952921,0.7128998483312351,0.1,False
30.140226420808155,0.039261212991438574,0.09744145801634072,0.7127984939723355,0.1,False
30.145818300587873,0.039261411031576536,0.09739370596249283,0.7126971027855442,0.1,False
30.15141018036759,0.03926160900587143,0.09734596978497427,0.71259567475401,0.1,False
30.15700206014731,0.03926180691434975,0.09729824947738727,0.7124942098608755,0.1,False
30.16259393992703,0.03926200475703807,0.09725054503333945,0.712392708089278,0.1,False
30.16818581970675,0.03926220253396285,0.09720285644644365,0.7122911694223495,0.1,False
30.17377769948647,0.03926240024515054,0.09715518371031838,0.712189593843217,0.1,False
30.17936957926619,0.03926259789062759,0.09710752681858699,0.7120879813350013,0.1,False
30.184961459045912,0.03926279547042049,0.09705988576487842,0.7119863318808175,0.1,False
30.19055333882563,0.039262992984555566,0.09701226054282686,0.7118846454637762,0.1,False
30.19614521860535,0.03926319043305918,0.09696465114607178,0.7117829220669823,0.1,False
30.201737098385067,0.03926338781595772,0.09691705756825801,0.7116811616735348,0.1,False
30.20732897816478,0.03926358513327754,0.09686947980303569,0.7115793642665277,0.1,False
30.212920857944507,0.039263782385044944,0.09682191784406015,0.711477529829049,0.1,False
30.218512737724225,0.0392639795712862,0.096774371684992,0.711375658344182,0.1,False
30.224104617503944,0.03926417669202762,0.09672684131949737,0.7112737497950045,0.1,False
30.229696497283662,0.03926437374729544,0.09667932674124734,0.711171804164588,0.1,False
30.235288377063384,0.03926457073711586,0.0966318279439185,0.7110698214359995,0.1,False
30.240880256843102,0.03926476766151512,0.09658434492119267,0.7109678015923003,0.1,False
30.246472136622824,0.039264964520519356,0.09653687766675655,0.710865744616546,0.1,False
30.252064016402542,0.03926516131415475,0.09648942617430309,0.7107636504917879,0.1,False
30.257655896182264,0.039265358042447414,0.09644199043752963,0.710661519201071,0.1,False
30.263247775961982,0.0392655547054235,0.09639457045013881,0.7105593507274341,0.1,False
30.2688396557417,0.0392657513031091,0.09634716620583943,0.7104571450539133,0.1,False
30.27443153552142,0.03926594783553028,0.09629977769834411,0.7103549021635359,0.1,False
30.280023415301144,0.03926614430271307,0.09625240492137176,0.7102526220393264,0.1,False
30.285615295080863,0.03926634070468351,0.09620504786864637,0.7101503046643028,0.1,False
30.29120717486058,0.039266537041467604,0.09615770653389678,0.7100479500214779,0.1,False
30.2967990546403,0.03926673331309135,0.09611038091085765,0.7099455580938596,0.1,False
30.302390934420014,0.03926692951958072,0.09606307099326841,0.7098431288644498,0.1,False
30.307982814199736,0.03926712566096162,0.09601577677487395,0.7097406623162454,0.1,False
30.313574693979454,0.039267321737260004,0.09596849824942436,0.7096381584322382,0.1,False
30.319166573759176,0.03926751774850174,0.09592123541067488,0.7095356171954141,0.1,False
30.324758453538895,0.03926771369471269,0.09587398825238594,0.7094330385887542,0.1,False
30.330350333318616,0.039267909575918775,0.09582675676832349,0.7093304225952338,0.1,False
30.335942213098335,0.03926810539214572,0.09577954095225842,0.709227769197824,0.1,False
30.341534092878053,0.03926830114341945,0.09573234079796686,0.7091250783794887,0.1,False
30.34712597265777,0.03926849682976569,0.09568515629923006,0.7090223501231877,0.1,False
30.352717852437493,0.03926869245121026,0.09563798744983477,0.7089195844118755,0.1,False
30.358309732217215,0.03926888800777895,0.09559083424357274,0.7088167812285008,0.1,False
30.363901611996933,0.03926908349949759,0.095543696674241,0.7087139405560068,0.1,False
30.36949349177665,0.039269278926391135,0.09549657473564167,0.7086110623773361,0.1,False
30.375085371556374,0.03926947428848762,0.09544946842158213,0.7085081466754092,0.1,False
30.380677251336092,0.03926966958581012,0.09540237772587504,0.7084051934331677,0.1,False
30.38626913111581,0.03926986481838487,0.09535530264233796,0.708302202633531,0.1,False
30.391861010895525,0.03927005998623758,0.09530824316479403,0.7081991742594166,0.1,False
30.397452890675247,0.03927025508939409,0.0952611992870712,0.7080961082937347,0.1,False
30.40304477045497,0.0392704501278797,0.09521417100300279,0.7079930047193939,0.1,False
30.408636650234687,0.03927064510172016,0.09516715830642739,0.7078898635192951,0.1,False
30.414228530014405,0.039270840010940965,0.09512016119118842,0.7077866846763344,0.1,False
30.419820409794124,0.039271034855567606,0.09507317965113492,0.7076834681734036,0.1,False
30.425412289573845,0.03927122963562562,0.09502621368012071,0.7075802139933882,0.1,False
30.431004169353567,0.03927142435114042,0.09497926327200498,0.7074769221191695,0.1,False
30.436596049133286,0.03927161900213747,0.09493232842065198,0.7073735925336226,0.1,False
30.442187928913004,0.03927181358864224,0.0948854091199311,0.7072702252196179,0.1,False
30.447779808692726,0.0392720081106801,0.09483850536371695,0.7071668201600204,0.1,False
30.453371688472444,0.03927220256827642,0.09479161714588923,0.7070633773376906,0.1,False
30.458963568252162,0.03927239696145657,0.09474474446033275,0.7069598967354825,0.1,False
30.46455544803188,0.03927259129024589,0.09469788730093791,0.7068563783362471,0.1,False
30.470147327811606,0.039272785554669704,0.09465104566159933,0.7067528221228272,0.1,False
30.475739207591324,0.03927297975475337,0.09460421953621762,0.7066492280780629,0.1,False
30.481331087371043,0.03927317389052206,0.09455740891869809,0.7065455961847881,0.1,False
30.486922967150758,0.03927336796200109,0.09451061380295118,0.7064419264258315,0.1,False
30.492514846930476,0.03927356196921569,0.09446383418289263,0.7063382187840168,0.1,False
30.498106726710198,0.039273755912191025,0.09441707005244326,0.7062344732421637,0.1,False
30.503698606489916,0.03927394979095235,0.0943703214055288,0.7061306897830841,0.1,False
30.509290486269638,0.039274143605524774,0.09432358823608054,0.7060268683895881,0.1,False
30.514882366049356,0.0392743373559335,0.09427687053803428,0.7059230090444772,0.1,False
30.520474245829078,0.03927453104220362,0.09423016830533146,0.7058191117305509,0.1,False
30.526066125608796,0.039274724664360335,0.0941834815319185,0.7057151764306014,0.1,False
30.531658005388515,0.03927491822242857,0.094136810211747,0.7056112031274181,0.1,False
30.537249885168233,0.039275111716433476,0.09409015433877256,0.7055071918037812,0.1,False
30.54284176494796,0.0392753051464001,0.09404351390695734,0.7054031424424697,0.1,False
30.548433644727677,0.039275498512353436,0.09399688891026806,0.7052990550262562,0.1,False
30.554025524507395,0.03927569181431852,0.09395027934267645,0.7051949295379082,0.1,False
30.559617404287113,0.03927588505232031,0.09390368519815945,0.7050907659601879,0.1,False
30.565209284066835,0.03927607822638378,0.09385710647069906,0.7049865642758534,0.1,False
30.570801163846554,0.03927627133653385,0.09381054315428233,0.7048823244676566,0.1,False
30.576393043626272,0.039276464382795445,0.09376399524290112,0.7047780465183446,0.1,False
30.58198492340599,0.03927665736519347,0.09371746273055279,0.7046737304106596,0.1,False
30.58757680318571,0.039276850283752794,0.09367094561123952,0.7045693761273389,0.1,False
30.59316868296543,0.03927704313849826,0.09362444387896858,0.7044649836511144,0.1,False
30.59876056274515,0.039277235929454694,0.09357795752775241,0.7043605529647137,0.1,False
30.604352442524867,0.039277428656646914,0.09353148655160852,0.7042560840508588,0.1,False
30.609944322304585,0.03927762132009972,0.09348503094455915,0.7041515768922662,0.1,False
30.61553620208431,0.03927781391983787,0.09343859070063186,0.7040470314716483,0.1,False
30.62112808186403,0.039278006455886125,0.09339216581385942,0.7039424477717123,0.1,False
30.626719961643747,0.03927819892826919,0.09334575627827923,0.7038378257751599,0.1,False
30.632311841423466,0.039278391337011866,0.09329936208793412,0.703733165464688,0.1,False
30.637903721203188,0.0392785836821387,0.09325298323687169,0.7036284668229893,0.1,False
30.643495600982906,0.039278775963674385,0.09320661971914461,0.7035237298327506,0.1,False
30.649087480762624,0.03927896818164363,0.0931602715288107,0.7034189544766536,0.1,False
30.654679360542346,0.039279160336071046,0.0931139386599328,0.703314140737376,0.1,False
30.660271240322068,0.03927935242698122,0.09306762110657898,0.7032092885975904,0.1,False
30.665863120101786,0.039279544454398706,0.09302131886282149,0.7031043980399627,0.1,False
30.6714549998815,0.039279736418348095,0.09297503192273844,0.7029994690471559,0.1,False
30.67704687966122,0.03927992831885393,0.09292876028041273,0.7028945016018274,0.1,False
30.682638759440938,0.03928012015594075,0.09288250392993225,0.7027894956866294,0.1,False
30.68823063922066,0.039280311929632966,0.09283626286538986,0.7026844512842098,0.1,False
30.69382251900038,0.03928050363995509,0.09279003708088354,0.7025793683772111,0.1,False
30.6994143987801,0.039280695286931594,0.092743826570516,0.7024742469482707,0.1,False
30.705006278559818,0.039280886870586916,0.09269763132839526,0.7023690869800214,0.1,False
30.71059815833954,0.0392810783909455,0.09265145134863441,0.7022638884550916,0.1,False
30.716190038119258,0.03928126984803171,0.09260528662535115,0.7021586513561039,0.1,False
30.721781917898976,0.03928146124186995,0.09255913715266822,0.7020533756656759,0.1,False
30.727373797678695,0.03928165257248456,0.09251300292471365,0.7019480613664213,0.1,False
30.73296567745842,0.03928184383989987,0.09246688393562034,0.7018427084409486,0.1,False
30.73855755723814,0.03928203504414029,0.09242078017952585,0.7017373168718601,0.1,False
30.744149437017857,0.03928222618522997,0.09237469165057327,0.7016318866417559,0.1,False
30.749741316797575,0.03928241726319322,0.09232861834291015,0.701526417733229,0.1,False
30.755333196577297,0.03928260827805428,0.0922825602506895,0.701420910128869,0.1,False
30.760925076357015,0.03928279922983742,0.09223651736806888,0.7013153638112596,0.1,False
30.766516956136734,0.039282990118566834,0.09219048968921106,0.70120977876298,0.1,False
30.772108835916452,0.0392831809442667,0.09214447720828367,0.701104154966605,0.1,False
30.77770071569617,0.039283371706961286,0.09209847991945921,0.7009984924047036,0.1,False
30.783292595475892,0.039283562406674695,0.09205249781691524,0.7008927910598405,0.1,False
30.78888447525561,0.03928375304343061,0.09200653089483447,0.7007870509145787,0.1,False
30.79447635503533,0.03928394361725369,0.09196057914740413,0.7006812719514702,0.1,False
30.800068234815047,0.03928413412816784,0.09191464256881683,0.7005754541530668,0.1,False
30.805660114594772,0.03928432457619718,0.09186872115326969,0.7004695975019133,0.1,False
30.81125199437449,0.0392845149613657,0.09182281489496524,0.7003637019805516,0.1,False
30.81684387415421,0.03928470528369746,0.09177692378811049,0.7002577675715171,0.1,False
30.822435753933927,0.03928489554321645,0.0917310478269178,0.7001517942573419,0.1,False
30.82802763371365,0.03928508573994659,0.09168518700560419,0.7000457820205528,0.1,False
30.833619513493367,0.03928527587391201,0.0916393413183916,0.6999397308436707,0.1,False
30.83921139327309,0.03928546594513654,0.09159351075950704,0.6998336407092134,0.1,False
30.844803273052808,0.039285655953644104,0.09154769532318235,0.6997275115996934,0.1,False
30.85039515283253,0.03928584589945864,0.09150189500365433,0.6996213434976185,0.1,False
30.855987032612248,0.03928603578260395,0.09145610979516483,0.6995151363854923,0.1,False
30.861578912391963,0.03928622560310393,0.09141033969196016,0.6994088902458125,0.1,False
30.86717079217168,0.039286415360982464,0.091364584688292,0.699302605061073,0.1,False
30.8727626719514,0.039286605056263295,0.09131884477841658,0.6991962808137624,0.1,False
30.878354551731125,0.03928679468897034,0.09127311995659566,0.6990899174863656,0.1,False
30.883946431510843,0.039286984259127286,0.09122741021709528,0.6989835150613621,0.1,False
30.88953831129056,0.03928717376675793,0.09118171555418644,0.6988770735212269,0.1,False
30.89513019107028,0.039287363211885966,0.09113603596214537,0.6987705928484303,0.1,False
30.90072207085,0.03928755259453521,0.0910903714352527,0.6986640730254376,0.1,False
30.90631395062972,0.03928774191472923,0.09104472196779433,0.6985575140347103,0.1,False
30.911905830409438,0.03928793117249177,0.09099908755406097,0.6984509158587047,0.1,False
30.91749771018916,0.03928812036784647,0.09095346818834824,0.6983442784798726,0.1,False
30.923089589968882,0.03928830950081699,0.09090786386495654,0.6982376018806612,0.1,False
30.9286814697486,0.039288498571426966,0.09086227457819115,0.6981308860435129,0.1,False
30.93427334952832,0.039288687579699944,0.09081670032236218,0.6980241309508657,0.1,False
30.939865229308037,0.03928887652565953,0.09077114109178501,0.6979173365851533,0.1,False
30.94545710908776,0.039289065409329284,0.09072559688077934,0.6978105029288042,0.1,False
30.95104898886748,0.03928925423073274,0.09068006768366992,0.6977036299642425,0.1,False
30.956640868647195,0.03928944298989342,0.0906345534947864,0.697596717673888,0.1,False
30.962232748426914,0.0392896316868348,0.09058905430846335,0.6974897660401556,0.1,False
30.967824628206632,0.039289820321580335,0.09054357011904007,0.6973827750454562,0.1,False
30.973416507986354,0.03929000889415352,0.09049810092086093,0.6972757446721958,0.1,False
30.979008387766072,0.039290197404577766,0.09045264670827483,0.6971686749027757,0.1,False
30.98460026754579,0.03929038585287652,0.09040720747563563,0.6970615657195922,0.1,False
30.990192147325512,0.03929057423907296,0.0903617832173022,0.6969544171050398,0.1,False
30.995784027105234,0.03929076256319114,0.09031637392763824,0.6968472290415023,0.1,False
31.001375906884952,0.039290950825253745,0.09027097960101206,0.6967400015113671,0.1,False
31.00696778666467,0.03929113902528433,0.09022560023179683,0.696632734497011,0.1,False
31.01255966644439,0.039291327163306175,0.09018023581437065,0.6965254279808093,0.1,False
31.01815154622411,0.039291515239342614,0.09013488634311655,0.6964180819451316,0.1,False
31.023743426003833,0.03929170325341686,0.09008955181242224,0.6963106963723437,0.1,False
31.02933530578355,0.03929189120555219,0.09004423221668013,0.6962032712448061,0.1,False
31.03492718556327,0.039292079095771856,0.08999892755028768,0.6960958065448757,0.1,False
31.04051906534299,0.0392922669240991,0.08995363780764734,0.6959883022549046,0.1,False
31.046110945122706,0.039292454690557074,0.08990836298316576,0.6958807583572402,0.1,False
31.051702824902424,0.03929264239516898,0.08986310307125495,0.6957731748342258,0.1,False
31.057294704682143,0.03929283003795795,0.08981785806633154,0.6956655516682007,0.1,False
31.06288658446186,0.039293017618947164,0.08977262796281682,0.6955578888414984,0.1,False
31.068478464241586,0.03929320513815973,0.08972741275513721,0.6954501863364495,0.1,False
31.074070344021305,0.03929339259561872,0.08968221243772363,0.6953424441353796,0.1,False
31.079662223801023,0.03929357999134721,0.08963702700501186,0.6952346622206097,0.1,False
31.08525410358074,0.03929376732536827,0.08959185645144262,0.6951268405744565,0.1,False
31.090845983360463,0.03929395459770494,0.08954670077146112,0.6950189791792327,0.1,False
31.09643786314018,0.0392941418083802,0.08950155995951802,0.694911078017247,0.1,False
31.102029742919903,0.03929432895741709,0.0894564340100676,0.694803137070802,0.1,False
31.10762162269962,0.039294516044838565,0.0894113229175701,0.6946951563221978,0.1,False
31.113213502479343,0.0392947030706676,0.08936622667648998,0.6945871357537293,0.1,False
31.118805382259062,0.03929489003492709,0.08932114528129637,0.6944790753476874,0.1,False
31.12439726203878,0.0392950769376401,0.08927607872646354,0.6943709750863577,0.1,False
31.1299891418185,0.03929526377882933,0.08923102700647018,0.6942628349520236,0.1,False
31.135581021598224,0.03929545055851783,0.08918599011580004,0.6941546549269618,0.1,False
31.14117290137794,0.03929563727672821,0.08914096804894107,0.6940464349934465,0.1,False
31.146764781157657,0.039295823933483534,0.08909596080038713,0.6939381751337473,0.1,False
31.152356660937375,0.03929601052880654,0.08905096836463566,0.6938298753301286,0.1,False
31.157948540717094,0.03929619706272007,0.08900599073618963,0.6937215355648518,0.1,False
31.163540420496815,0.03929638353524687,0.08896102790955607,0.6936131558201725,0.1,False
31.169132300276534,0.03929656994640969,0.08891607987924723,0.6935047360783432,0.1,False
31.174724180056256,0.03929675629623129,0.08887114663978007,0.6933962763216118,0.1,False
31.180316059835974,0.039296942584734436,0.08882622818567605,0.6932877765322218,0.1,False
31.185907939615696,0.039297128811941744,0.08878132451146188,0.6931792366924139,0.1,False
31.191499819395414,0.03929731497787591,0.0887364356116684,0.6930706567844224,0.1,False
31.197091699175132,0.03929750108255963,0.08869156148083152,0.6929620367904785,0.1,False
31.20268357895485,0.03929768712601553,0.08864670211349181,0.6928533766928093,0.1,False
31.208275458734573,0.03929787310826623,0.08860185750419457,0.6927446764736377,0.1,False
31.213867338514294,0.03929805902933435,0.08855702764748992,0.692635936115182,0.1,False
31.219459218294013,0.03929824488924244,0.08851221253793255,0.6925271555996569,0.1,False
31.22505109807373,0.03929843068801309,0.08846741217008187,0.6924183349092724,0.1,False
31.230642977853453,0.039298616425668856,0.08842262653850211,0.6923094740262344,0.1,False
31.236234857633168,0.03929880210223221,0.08837785563776224,0.6922005729327456,0.1,False
31.241826737412886,0.039298987717725685,0.08833309946243584,0.6920916316110035,0.1,False
31.247418617192604,0.0392991732721718,0.08828835800710122,0.6919826500432016,0.1,False
31.253010496972326,0.03929935876559298,0.08824363126634134,0.6918736282115295,0.1,False
31.258602376752048,0.039299544198011675,0.08819891923474392,0.6917645660981728,0.1,False
31.264194256531766,0.039299729569450284,0.08815422190690153,0.6916554636853134,0.1,False
31.269786136311485,0.0392999148799313,0.08810953927741116,0.6915463209551277,0.1,False
31.275378016091203,0.039300100129477086,0.08806487134087475,0.6914371378897893,0.1,False
31.280969895870925,0.039300285318109966,0.08802021809189864,0.6913279144714677,0.1,False
31.286561775650647,0.039300470445852324,0.0879755795250943,0.6912186506823281,0.1,False
31.292153655430365,0.03930065551272645,0.0879309556350773,0.6911093465045315,0.1,False
31.297745535210083,0.0393008405187547,0.08788634641646856,0.6910000019202349,0.1,False
31.303337414989805,0.03930102546395931,0.08784175186389316,0.6908906169115919,0.1,False
31.308929294769523,0.03930121034836255,0.08779717197198096,0.6907811914607511,0.1,False
31.314521174549242,0.03930139517198668,0.0877526067353667,0.6906717255498579,0.1,False
31.32011305432896,0.03930157993485381,0.08770805614868953,0.6905622191610538,0.1,False
31.32570493410868,0.03930176463698695,0.08766352020659346,0.6904526722764713,0.1,False
31.3312968138884,0.039301949278407355,0.08761899890372617,0.6903430848782469,0.1,False
31.33688869366812,0.03930213385913746,0.08757449223474276,0.6902334569485122,0.1,False
31.342480573447837,0.039302318379199445,0.08753000019430021,0.6901237884693904,0.1,False
31.348072453227555,0.039302502838615444,0.08748552277706108,0.6900140794230023,0.1,False
31.353664333007277,0.03930268723740754,0.0874410599776929,0.6899043297914663,0.1,False
31.359256212787,0.03930287157559788,0.0873966117908673,0.6897945395568947,0.1,False
31.364848092566717,0.039303055853208535,0.08735217821126079,0.6896847087013971,0.1,False
31.370439972346436,0.03930324007026153,0.0873077592335547,0.6895748372070792,0.1,False
31.376031852126157,0.03930342422677899,0.08726335485243479,0.6894649250560424,0.1,False
31.381623731905876,0.03930360832278285,0.08721896506259168,0.6893549722303848,0.1,False
31.387215611685594,0.03930379235829515,0.08717458985872034,0.6892449787122,0.1,False
31.392807491465312,0.03930397633333785,0.0871302292355207,0.6891349444835787,0.1,False
31.398399371245038,0.03930416024793293,0.08708588318769694,0.689024869526606,0.1,False
31.403991251024756,0.039304344102102345,0.08704155170995828,0.6889147538233651,0.1,False
31.409583130804474,0.039304527895867976,0.0869972347970182,0.688804597355934,0.1,False
31.415175010584193,0.03930471162925181,0.0869529324435951,0.6886944001063876,0.1,False
31.420766890363907,0.03930489530227563,0.08690864464441167,0.6885841620567964,0.1,False
31.42635877014363,0.0393050789149614,0.0868643713941957,0.6884738831892278,0.1,False
31.431950649923348,0.0393052624673309,0.08682011268767903,0.6883635634857446,0.1,False
31.43754252970307,0.039305445959405966,0.08677586851959836,0.6882532029284061,0.1,False
31.443134409482788,0.03930562939120845,0.08673163888469536,0.6881428014992688,0.1,False
31.44872628926251,0.0393058127627601,0.08668742377771593,0.6880323591803843,0.1,False
31.454318169042228,0.039305996074082715,0.08664322319341071,0.6879218759538012,0.1,False
31.459910048821946,0.03930617932519801,0.08659903712653448,0.6878113518015627,0.1,False
31.465501928601665,0.03930636251612776,0.08655486557184738,0.6877007867057106,0.1,False
31.47109380838139,0.03930654564689365,0.08651070852411363,0.6875901806482814,0.1,False
31.47668568816111,0.039306728717517406,0.08646656597810204,0.687479533611308,0.1,False
31.482277567940827,0.03930691172802068,0.0864224379285868,0.6873688455768213,0.1,False
31.487869447720545,0.03930709467842514,0.08637832437034607,0.6872581165268475,0.1,False
31.493461327500267,0.03930727756875241,0.0863342252981615,0.6871473464434062,0.1,False
31.499053207279985,0.039307460399024094,0.08629014070682103,0.6870365353085174,0.1,False
31.504645087059703,0.03930764316926182,0.0862460705911165,0.6869256831041953,0.1,False
31.510236966839425,0.03930782587948716,0.0862020149458444,0.6868147898124519,0.1,False
31.51582884661914,0.039308008529721675,0.08615797376580583,0.6867038554152946,0.1,False
31.521420726398862,0.03930819111998693,0.0861139470458065,0.6865928798947273,0.1,False
31.52701260617858,0.039308373650304464,0.08606993478065639,0.6864818632327498,0.1,False
31.5326044859583,0.0393085561206958,0.08602593696517055,0.6863708054113594,0.1,False
31.538196365738017,0.039308738531182316,0.08598195359416819,0.6862597064125497,0.1,False
31.54378824551774,0.03930892088178553,0.08593798466247296,0.6861485662183091,0.1,False
31.54938012529746,0.03930910317252693,0.08589403016491348,0.6860373848106242,0.1,False
31.55497200507718,0.039309285403428054,0.08585009009632295,0.6859261621714766,0.1,False
31.560563884856897,0.03930946757450973,0.08580616445153876,0.6858148982828487,0.1,False
31.56615576463662,0.039309649685793854,0.0857622532254029,0.6857035931267123,0.1,False
31.571747644416337,0.0393098317373018,0.08571835641276244,0.68559224668504,0.1,False
31.577339524196056,0.039310013729054835,0.08567447400846817,0.6854808589398,0.1,False
31.582931403975778,0.03931019566107434,0.08563060600737593,0.6853694298729568,0.1,False
31.5885232837555,0.03931037753338162,0.08558675240434611,0.685257959466472,0.1,False
31.594115163535218,0.03931055934599794,0.08554291319424365,0.6851464477023037,0.1,False
31.599707043314936,0.03931074109894462,0.08549908837193762,0.6850348945624055,0.1,False
31.60529892309465,0.03931092279224286,0.08545527793230219,0.6849233000287289,0.1,False
31.61089080287437,0.03931110442591398,0.0854114818702157,0.684811664083221,0.1,False
31.61648268265409,0.039311285999979156,0.08536770018056115,0.6846999867078258,0.1,False
31.622074562433813,0.039311467514459596,0.08532393285822618,0.6845882678844843,0.1,False
31.62766644221353,0.039311648969376486,0.08528017989810281,0.6844765075951339,0.1,False
31.63325832199325,0.039311830364750944,0.08523644129508713,0.684364705821707,0.1,False
31.63885020177297,0.0393120117006042,0.08519271704408049,0.6842528625461345,0.1,False
31.64444208155269,0.03931219297695731,0.08514900713998828,0.6841409777503432,0.1,False
31.650033961332408,0.03931237419383142,0.08510531157772078,0.6840290514162569,0.1,False
31.655625841112126,0.0393125553512476,0.08506163035219261,0.6839170835257963,0.1,False
31.66121772089185,0.03931273644922692,0.08501796345832263,0.6838050740608773,0.1,False
31.66680960067157,0.039312917487790464,0.08497431089103467,0.6836930230034141,0.1,False
31.67240148045129,0.03931309846695929,0.08493067264525672,0.6835809303353163,0.1,False
31.677993360231007,0.03931327938675436,0.08488704871592144,0.6834687960384914,0.1,False
31.68358524001073,0.03931346024719673,0.08484343909796598,0.6833566200948427,0.1,False
31.689177119790447,0.03931364104830731,0.08479984378633158,0.6832444024862699,0.1,False
31.69476899957017,0.03931382179010711,0.08475626277596483,0.6831321431946713,0.1,False
31.700360879349883,0.03931400247261703,0.08471269606181607,0.6830198422019399,0.1,False
31.7059527591296,0.039314183095858025,0.08466914363884046,0.6829074994899665,0.1,False
31.711544638909324,0.03931436365985094,0.0846256055019974,0.6827951150406383,0.1,False
31.717136518689042,0.03931454416461673,0.08458208164625089,0.6826826888358388,0.1,False
31.72272839846876,0.03931472461017621,0.08453857206656946,0.6825702208574491,0.1,False
31.72832027824848,0.03931490499655025,0.08449507675792625,0.6824577110873472,0.1,False
31.733912158028204,0.03931508532375969,0.08445159571529869,0.6823451595074073,0.1,False
31.739504037807922,0.03931526559182535,0.08440812893366857,0.6822325660995002,0.1,False
31.74509591758764,0.03931544580076794,0.08436467640802214,0.682119930845494,0.1,False
31.75068779736736,0.03931562595060837,0.08432123813335049,0.6820072537272536,0.1,False
31.75627967714708,0.039315806041367335,0.08427781410464907,0.6818945347266411,0.1,False
31.7618715569268,0.039315986073065586,0.08423440431691748,0.6817817738255147,0.1,False
31.76746343670652,0.039316166045723806,0.08419100876516002,0.6816689710057302,0.1,False
31.77305531648624,0.03931634595936269,0.08414762744438513,0.6815561262491393,0.1,False
31.77864719626596,0.03931652581400302,0.08410426034960673,0.6814432395375928,0.1,False
31.78423907604568,0.03931670560966538,0.0840609074758415,0.6813303108529346,0.1,False
31.789830955825398,0.03931688534637038,0.08401756881811207,0.6812173401770099,0.1,False
31.795422835605113,0.03931706502413871,0.08397424437144471,0.6811043274916575,0.1,False
31.80101471538483,0.039317244642990905,0.08393093413087045,0.6809912727787151,0.1,False
31.806606595164556,0.03931742420294765,0.08388763809142465,0.6808781760200159,0.1,False
31.812198474944275,0.039317603704029466,0.08384435624814697,0.680765037197391,0.1,False
31.817790354723993,0.0393177831462569,0.08380108859608182,0.6806518562926686,0.1,False
31.82338223450371,0.03931796252965049,0.08375783513027796,0.6805386332876736,0.1,False
31.828974114283433,0.03931814185423077,0.08371459584578832,0.6804253681642275,0.1,False
31.83456599406315,0.03931832112001823,0.08367137073767049,0.6803120609041494,0.1,False
31.84015787384287,0.039318500327033344,0.08362815980098655,0.6801987114892555,0.1,False
31.84574975362259,0.03931867947529655,0.08358496303080293,0.680085319901359,0.1,False
31.851341633402313,0.03931885856482827,0.08354178042219036,0.67997188612227,0.1,False
31.85693351318203,0.039319037595649094,0.08349861197022387,0.6798584101337942,0.1,False
31.86252539296175,0.03931921656777923,0.0834554576699833,0.6797448919177373,0.1,False
31.86811727274147,0.039319395481239194,0.0834123175165529,0.6796313314559006,0.1,False
31.87370915252119,0.03931957433604928,0.08336919150502096,0.6795177287300823,0.1,False
31.879301032300912,0.0393197531322299,0.08332607963048036,0.6794040837220778,0.1,False
31.884892912080627,0.03931993186980136,0.08328298188802831,0.6792903964136798,0.1,False
31.890484791860345,0.03932011054878394,0.08323989827276677,0.6791766667866789,0.1,False
31.896076671640063,0.03932028916919798,0.08319682877980143,0.6790628948228609,0.1,False
31.901668551419785,0.03932046773106374,0.0831537734042431,0.678949080504011,0.1,False
31.907260431199504,0.03932064623440152,0.08311073214120658,0.6788352238119101,0.1,False
31.912852310979222,0.03932082467923145,0.08306770498581097,0.678721324728337,0.1,False
31.918444190758944,0.03932100306557389,0.08302469193318035,0.678607383235068,0.1,False
31.924036070538666,0.03932118139344895,0.08298169297844238,0.6784933993138752,0.1,False
31.929627950318384,0.039321359662876865,0.0829387081167295,0.6783793729465291,0.1,False
31.935219830098102,0.03932153787387775,0.08289573734317875,0.6782653041147977,0.1,False
31.94081170987782,0.03932171602647182,0.08285278065293133,0.6781511928004457,0.1,False
31.946403589657542,0.039321894120679185,0.08280983804113273,0.6780370389852349,0.1,False
31.95199546943726,0.03932207215651995,0.08276690950293301,0.6779228426509252,0.1,False
31.957587349216983,0.03932225013401422,0.08272399503348625,0.6778086037792723,0.1,False
31.9631792289967,0.03932242805318204,0.08268109462795127,0.6776943223520309,0.1,False
31.968771108776423,0.03932260591404361,0.08263820828149124,0.6775799983509518,0.1,False
31.97436298855614,0.03932278371661881,0.08259533598927377,0.677465631757785,0.1,False
31.979954868335856,0.03932296146092778,0.08255247774647023,0.6773512225542747,0.1,False
31.985546748115574,0.039323139146990295,0.08250963354825706,0.6772367707221665,0.1,False
31.991138627895293,0.03932331677482662,0.08246680338981474,0.6771222762431994,0.1,False
31.996730507675018,0.039323494344456617,0.08242398726632812,0.6770077390991123,0.1,False
32.00232238745473,0.03932367185590027,0.08238118517298643,0.6768931592716404,0.1,False
32.007914267234455,0.039323849309177504,0.08233839710498332,0.6767785367425172,0.1,False
32.013506147014176,0.03932402670430819,0.08229562305751685,0.6766638714934736,0.1,False
32.0190980267939,0.03932420404131225,0.08225286302578888,0.6765491635062365,0.1,False
32.02468990657361,0.039324381320209524,0.0822101170050062,0.6764344127625318,0.1,False
32.030281786353335,0.039324558541019954,0.08216738499037997,0.6763196192440826,0.1,False
32.03587366613305,0.039324735703763304,0.08212466697712548,0.6762047829326095,0.1,False
32.04146554591277,0.03932491280845954,0.08208196296046219,0.6760899038098294,0.1,False
32.04705742569249,0.039325089855128274,0.08203927293561414,0.6759749818574586,0.1,False
32.052649305472215,0.03932526684378943,0.0819965968978097,0.67586001705721,0.1,False
32.05824118525193,0.0393254437744627,0.08195393484228106,0.6757450093907931,0.1,False
32.06383306503165,0.039325620647167894,0.0819112867642658,0.6756299588399172,0.1,False
32.069424944811374,0.03932579746192476,0.0818686526590051,0.6755148653862878,0.1,False
32.07501682459109,0.03932597421875295,0.08182603252174482,0.6753997290116089,0.1,False
32.0806087043708,0.03932615091767224,0.08178342634773449,0.6752845496975803,0.1,False
32.086200584150525,0.03932632755870223,0.08174083413222832,0.6751693274259004,0.1,False
32.09179246393025,0.03932650414186265,0.08169825587048503,0.6750540621782656,0.1,False
32.09738434370997,0.03932668066717318,0.08165569155776757,0.6749387539363697,0.1,False
32.102976223489684,0.03932685713465335,0.08161314118934294,0.674823402681904,0.1,False
32.108568103269405,0.03932703354432278,0.08157060476048275,0.6747080083965579,0.1,False
32.11415998304913,0.03932720989620111,0.0815280822664628,0.674592571062018,0.1,False
32.11975186282884,0.03932738619030789,0.08148557370256317,0.6744770906599689,0.1,False
32.125343742608564,0.039327562426662695,0.08144307906406834,0.6743615671720927,0.1,False
32.130935622388286,0.03932773860528507,0.0814005983462671,0.6742460005800698,0.1,False
32.13652750216801,0.039327914726194575,0.08135813154445215,0.6741303908655767,0.1,False
32.14211938194772,0.03932809078941061,0.081315678653921,0.6740147380102902,0.1,False
32.147711261727444,0.03932826679495272,0.08127323966997528,0.673899041995883,0.1,False
32.15330314150716,0.0393284427428404,0.0812308145879207,0.6737833028040261,0.1,False
32.15889502128689,0.03932861863309304,0.08118840340306761,0.6736675204163886,0.1,False
32.1644869010666,0.039328794465730094,0.08114600611073054,0.6735516948146376,0.1,False
32.17007878084632,0.039328970240770963,0.08110362270622791,0.6734358259804367,0.1,False
32.17567066062604,0.03932914595823508,0.081061253184883,0.673319913895449,0.1,False
32.181262540405754,0.0393293216181418,0.08101889754202339,0.6732039585413354,0.1,False
32.186854420185476,0.03932949722051051,0.08097655577297981,0.6730879598997517,0.1,False
32.1924462999652,0.039329672765360514,0.08093422787308863,0.6729719179523556,0.1,False
32.19803817974492,0.03932984825271115,0.08089191383769,0.6728558326808008,0.1,False
32.203630059524635,0.03933002368258175,0.08084961366212798,0.6727397040667386,0.1,False
32.209221939304356,0.039330199054991584,0.08080732734175164,0.6726235320918197,0.1,False
32.21481381908408,0.03933037436995995,0.08076505487191367,0.672507316737691,0.1,False
32.22040569886379,0.039330549627506116,0.08072279624797139,0.6723910579859991,0.1,False
32.225997578643515,0.03933072482764924,0.0806805514652861,0.6722747558183871,0.1,False
32.23158945842324,0.03933089997040858,0.08063832051922348,0.6721584102164969,0.1,False
32.23718133820296,0.039331075055803424,0.08059610340515413,0.6720420211619695,0.1,False
32.24277321798267,0.03933125008385283,0.08055390011845118,0.6719255886364403,0.1,False
32.248365097762395,0.03933142505457602,0.0805117106544934,0.6718091126215456,0.1,False
32.25395697754212,0.039331599967992126,0.08046953500866351,0.6716925930989197,0.1,False
32.25954885732183,0.039331774824120286,0.08042737317634861,0.6715760300501947,0.1,False
32.26514073710155,0.03933194962297966,0.08038522515293986,0.6714594234570003,0.1,False
32.27073261688127,0.03933212436458926,0.08034309093383259,0.6713427733009649,0.1,False
32.27632449666099,0.039332299048968226,0.0803009705144265,0.6712260795637145,0.1,False
32.28191637644071,0.03933247367613563,0.08025886389012554,0.6711093422268737,0.1,False
32.28750825622043,0.03933264824611044,0.08021677105633786,0.6709925612720652,0.1,False
32.29310013600015,0.039332822758911756,0.0801746920084757,0.6708757366809093,0.1,False
32.298692015779864,0.03933299721455855,0.08013262674195577,0.6707588684350251,0.1,False
32.304283895559585,0.03933317161306987,0.080090575252199,0.6706419565160298,0.1,False
32.30987577533931,0.03933334595446472,0.08004853753463012,0.6705250009055378,0.1,False
32.31546765511903,0.03933352023876175,0.0800065135846786,0.6704080015851646,0.1,False
32.321059534898744,0.03933369446598018,0.07996450339777773,0.6702909585365201,0.1,False
32.326651414678466,0.039333868636138906,0.07992250696936569,0.6701738717412158,0.1,False
32.33224329445819,0.03933404274925685,0.07988052429488392,0.6700567411808583,0.1,False
32.3378351742379,0.0393342168053529,0.0798385553697789,0.6699395668370555,0.1,False
32.343427054017624,0.03933439080444582,0.07979660018950065,0.6698223486914118,0.1,False
32.349018933797346,0.039334564746554564,0.0797546587495038,0.6697050867255301,0.1,False
32.35461081357706,0.039334738631697924,0.07971273104524726,0.6695877809210126,0.1,False
32.36020269335678,0.03933491245989472,0.07967081707219388,0.6694704312594589,0.1,False
32.3657945731365,0.03933508623116376,0.07962891682581096,0.6693530377224677,0.1,False
32.37138645291622,0.03933525994552378,0.07958703030156962,0.6692356002916351,0.1,False
32.37697833269594,0.03933543360299361,0.07954515749494578,0.6691181189485571,0.1,False
32.38257021247566,0.03933560720359199,0.07950329840141904,0.6690005936748263,0.1,False
32.38816209225538,0.03933578074733757,0.07946145301647312,0.6688830244520352,0.1,False
32.3937539720351,0.03933595423424914,0.07941962133559641,0.6687654112617737,0.1,False
32.39934585181482,0.03933612766434538,0.07937780335428218,0.6686477540856338,0.1,False
32.404937731594536,0.03933630103764495,0.07933599906802508,0.6685300529051976,0.1,False
32.41052961137426,0.039336474354166547,0.07929420847232659,0.668412307702053,0.1,False
32.41612149115397,0.03933664761392863,0.07925243156269167,0.6682945184577855,0.1,False
32.4217133709337,0.039336820816949905,0.0792106683346294,0.6681766851539778,0.1,False
32.42730525071342,0.03933699396324893,0.079168918783653,0.6680588077722113,0.1,False
32.43289713049314,0.03933716705284435,0.07912718290527992,0.667940886294066,0.1,False
32.43848901027285,0.039337340085755575,0.07908546069503176,0.6678229207011156,0.1,False
32.444080890052575,0.03933751306200071,0.07904375214843416,0.6677049109749399,0.1,False
32.44967276983229,0.03933768598159756,0.07900205726101733,0.6675868570971192,0.1,False
32.45526464961201,0.03933785884456486,0.07896037602831522,0.6674687590492268,0.1,False
32.460856529391734,0.03933803165092126,0.07891870844586586,0.6673506168128338,0.1,False
32.46644840917145,0.0393382044006855,0.07887705450921205,0.667232430369512,0.1,False
32.47204028895117,0.03933837709387585,0.07883541421390015,0.6671141997008323,0.1,False
32.47763216873089,0.03933854973051076,0.07879378755548073,0.6669959247883631,0.1,False
32.48322404851061,0.03933872231060869,0.07875217452950913,0.6668776056136738,0.1,False
32.48881592829033,0.039338894834188017,0.078710575131544,0.6667592421583299,0.1,False
32.49440780807005,0.039339067301267155,0.07866898935714887,0.6666408344038975,0.1,False
32.49999968784977,0.03933923971186451,0.07862741720189087,0.6665223823319402,0.1,False
32.50559156762949,0.039339412065998385,0.07858585866134146,0.6664038859240209,0.1,False
32.51118344740921,0.03933958436368726,0.07854431373107652,0.6662853451617015,0.1,False
32.51677532718893,0.03933975660494937,0.07850278240667571,0.6661667600265424,0.1,False
32.522367206968646,0.03933992878980308,0.07846126468372291,0.6660481305001029,0.1,False
32.52795908674837,0.03934010091826665,0.07841976055780604,0.6659294565639408,0.1,False
32.53355096652809,0.03934027299035838,0.07837827002451755,0.6658107381996139,0.1,False
32.539142846307804,0.039340445006096535,0.07833679307945371,0.665691975388678,0.1,False
32.544734726087526,0.03934061696549932,0.07829532971821486,0.6655731681126876,0.1,False
32.55032660586724,0.03934078886858499,0.07825387993640513,0.6654543163531954,0.1,False
32.55591848564696,0.03934096071537179,0.07821244372963426,0.6653354200917565,0.1,False
32.56151036542668,0.039341132505877896,0.07817102109351465,0.6652164793099217,0.1,False
32.56710224520641,0.039341304240121465,0.07812961202366313,0.6650974939892412,0.1,False
32.57269412498612,0.03934147591812068,0.07808821651570101,0.6649784641112653,0.1,False
32.57828600476584,0.03934164753989368,0.07804683456525328,0.6648593896575419,0.1,False
32.58387788454556,0.039341819105458614,0.07800546616794925,0.6647402706096186,0.1,False
32.58946976432528,0.03934199061483356,0.07796411131942248,0.6646211069490426,0.1,False
32.595061644105,0.039342162068036604,0.07792277001531049,0.6645018986573598,0.1,False
32.600653523884716,0.039342333465085824,0.07788144225125487,0.6643826457161147,0.1,False
32.60624540366444,0.03934250480599928,0.07784012802290129,0.6642633481068511,0.1,False
32.61183728344416,0.039342676090795045,0.07779882732589989,0.6641440058111124,0.1,False
32.61742916322388,0.039342847319491066,0.07775754015590426,0.6640246188104404,0.1,False
32.6230210430036,0.039343018492105405,0.0777162665085728,0.6639051870863771,0.1,False
32.62861292278332,0.039343189608656105,0.07767500637956769,0.6637857106204624,0.1,False
32.63420480256303,0.03934336066916109,0.07763375976455497,0.6636661893942362,0.1,False
32.639796682342755,0.039343531673638306,0.07759252665920505,0.663546623389237,0.1,False
32.64538856212248,0.0393437026221057,0.07755130705919246,0.6634270125870032,0.1,False
32.65098044190219,0.039343873514581185,0.07751010096019588,0.6633073569690728,0.1,False
32.656572321681914,0.03934404435108268,0.0774689083578977,0.6631876565169816,0.1,False
32.662164201461636,0.0393442151316281,0.07742772924798487,0.6630679112122659,0.1,False
32.66775608124135,0.039344385856235266,0.07738656362614803,0.6629481210364607,0.1,False
32.67334796102107,0.03934455652492204,0.07734541148808194,0.6628282859711002,0.1,False
32.67893984080079,0.039344727137706245,0.07730427282948592,0.6627084059977192,0.1,False
32.684531720580516,0.039344897694605724,0.07726314764606254,0.6625884810978494,0.1,False
32.69012360036023,0.03934506819563831,0.07722203593351908,0.6624685112530236,0.1,False
32.69571548013995,0.039345238640821796,0.07718093768756701,0.6623484964447747,0.1,False
32.70130735991967,0.03934540903017388,0.0771398529039217,0.6622284366546343,0.1,False
32.70689923969939,0.03934557936371236,0.0770987815783018,0.6621083318641313,0.1,False
32.71249111947911,0.03934574964145502,0.0770577237064315,0.6619881820547977,0.1,False
32.71808299925883,0.039345919863419454,0.07701667928403778,0.6618679872081626,0.1,False
32.72367487903855,0.03934609002962347,0.07697564830685241,0.6617477473057551,0.1,False
32.72926675881826,0.03934626014008472,0.0769346307706108,0.6616274623291036,0.1,False
32.734858638597984,0.0393464301948209,0.07689362667105268,0.6615071322597361,0.1,False
32.740450518377706,0.0393466001938496,0.07685263600392159,0.6613867570791803,0.1,False
32.74604239815742,0.039346770137188514,0.07681165876496553,0.6612663367689637,0.1,False
32.75163427793714,0.03934694002485523,0.07677069494993652,0.6611458713106141,0.1,False
32.757226157716865,0.03934710985686735,0.07672974455458983,0.6610253606856558,0.1,False
32.76281803749659,0.03934727963324247,0.07668880757468559,0.6609048048756154,0.1,False
32.7684099172763,0.03934744935399812,0.07664788400598778,0.660784203862019,0.1,False
32.77400179705602,0.03934761901915191,0.07660697384426447,0.6606635576263916,0.1,False
32.779593676835745,0.03934778862872138,0.07656607708528755,0.6605428661502577,0.1,False
32.78518555661546,0.039347958182724005,0.07652519372483363,0.6604221294151437,0.1,False
32.79077743639518,0.03934812768117726,0.07648432375868229,0.6603013474025724,0.1,False
32.7963693161749,0.03934829712409873,0.07644346718261742,0.6601805200940665,0.1,False
32.801961195954625,0.03934846651150582,0.07640262399242834,0.6600596474711533,0.1,False
32.80755307573434,0.03934863584341598,0.07636179418390623,0.6599387295153535,0.1,False
32.81314495551406,0.03934880511984667,0.07632097775284771,0.6598177662081913,0.1,False
32.81873683529378,0.039348974340815274,0.07628017469505309,0.6596967575311901,0.1,False
32.82432871507349,0.039349143506339224,0.07623938500632658,0.6595757034658722,0.1,False
32.82992059485322,0.03934931261643589,0.0761986086824767,0.6594546039937613,0.1,False
32.835512474632935,0.039349481671122705,0.07615784571931555,0.6593334590963787,0.1,False
32.84110435441266,0.03934965067041674,0.07611709611265964,0.6592122687552491,0.1,False
32.84669623419237,0.03934981961433561,0.07607635985832938,0.6590910329518932,0.1,False
32.852288113972094,0.039349988502896574,0.0760356369521491,0.6589697516678336,0.1,False
32.857879993751816,0.03935015733611698,0.07599492738994727,0.6588484248845923,0.1,False
32.86347187353153,0.03935032611401407,0.07595423116755642,0.6587270525836921,0.1,False
32.86906375331125,0.03935049483660506,0.07591354828081294,0.6586056347466553,0.1,False
32.874655633090974,0.03935066350390725,0.07587287872555713,0.6584841713550038,0.1,False
32.880247512870696,0.03935083211593789,0.07583222249763366,0.6583626623902598,0.1,False
32.88583939265041,0.03935100067271412,0.07579157959289086,0.658241107833946,0.1,False
32.89143127243013,0.03935116917425323,0.07575095000718114,0.6581195076675838,0.1,False
32.897023152209854,0.039351337620572385,0.07571033373636113,0.6579978618726964,0.1,False
32.902615031989576,0.03935150601168873,0.07566973077629129,0.6578761704308065,0.1,False
32.90820691176929,0.0393516743476194,0.07562914112283588,0.6577544333234361,0.1,False
32.913798791549006,0.039351842628381546,0.07558856477186343,0.6576326505321081,0.1,False
32.91939067132873,0.0393520108539923,0.07554800171924635,0.6575108220383452,0.1,False
32.92498255110845,0.03935217902446875,0.07550745196086114,0.6573889478236711,0.1,False
32.930574430888164,0.03935234713982799,0.07546691549258809,0.6572670278696082,0.1,False
32.936166310667886,0.03935251520008707,0.07542639231031174,0.657145062157681,0.1,False
32.94175819044761,0.03935268320526295,0.07538588240991997,0.6570230506694119,0.1,False
32.94735007022733,0.039352851155372966,0.07534538578730617,0.6569009933863263,0.1,False
32.952941950007045,0.0393530190504339,0.075304902438366,0.6567788902899481,0.1,False
32.95853382978677,0.039353186890462806,0.07526443235899982,0.6566567413618015,0.1,False
32.96412570956648,0.039353354675476654,0.07522397554511194,0.6565345465834115,0.1,False
32.9697175893462,0.03935352240549239,0.07518353199261082,0.6564123059363041,0.1,False
32.975309469125925,0.039353690080527026,0.07514310169740851,0.6562900194020038,0.1,False
32.98090134890565,0.03935385770059748,0.07510268465542128,0.6561676869620372,0.1,False
32.98649322868536,0.039354025265720696,0.07506228086256925,0.6560453085979303,0.1,False
32.99208510846508,0.03935419277591352,0.07502189031477663,0.6559228842912105,0.1,False
32.997676988244805,0.039354360231192854,0.07498151300797168,0.6558004140234053,0.1,False
33.00326886802452,0.03935452763157557,0.07494114893808586,0.6556778977760406,0.1,False
33.008860747804235,0.03935469497707856,0.07490079810105593,0.6555553355306467,0.1,False
33.01445262758396,0.03935486226771863,0.07486046049282155,0.6554327272687515,0.1,False
33.02004450736368,0.03935502950351263,0.0748201361093268,0.6553100729718845,0.1,False
33.0256363871434,0.03935519668447735,0.0747798249465193,0.6551873726215748,0.1,False
33.031228266923115,0.039355363810629526,0.07473952700035083,0.6550646261993529,0.1,False
33.03682014670284,0.03935553088198601,0.07469924226677753,0.6549418336867503,0.1,False
33.04241202648256,0.03935569789856352,0.074658970741759,0.6548189950652985,0.1,False
33.048003906262274,0.039355864860378786,0.074618712421259,0.65469611031653,0.1,False
33.053595786041996,0.039356031767448556,0.07457846730124511,0.6545731794219772,0.1,False
33.05918766582172,0.03935619861978961,0.0745382353776894,0.6544502023631749,0.1,False
33.06477954560144,0.03935636541741844,0.07449801664656618,0.6543271791216547,0.1,False
33.070371425381154,0.03935653216035184,0.07445781110385556,0.6542041096789531,0.1,False
33.075963305160876,0.039356698848606576,0.0744176187455408,0.6540809940166047,0.1,False
33.08155518494059,0.03935686548219924,0.0743774395676095,0.6539578321161472,0.1,False
33.08714706472032,0.03935703206114628,0.07433727356605264,0.653834623959118,0.1,False
33.092738944500034,0.03935719858546442,0.07429712073686566,0.6537113695270553,0.1,False
33.09833082427975,0.03935736505517026,0.07425698107604758,0.6535880688014977,0.1,False
33.10392270405947,0.03935753147028036,0.07421685457960134,0.6534647217639848,0.1,False
33.109514583839186,0.03935769783081132,0.0741767412435339,0.653341328396057,0.1,False
33.11510646361891,0.03935786413677966,0.07413664106385608,0.6532178886792557,0.1,False
33.12069834339863,0.03935803038820187,0.07409655403658276,0.6530944025951239,0.1,False
33.12629022317835,0.039358196585094526,0.0740564801577327,0.6529708701252046,0.1,False
33.131882102958066,0.03935836272747408,0.07401641942332858,0.6528472912510427,0.1,False
33.13747398273779,0.039358528815357036,0.07397637182939684,0.652723665954183,0.1,False
33.14306586251751,0.03935869484875988,0.07393633737196788,0.6525999942161713,0.1,False
33.148657742297225,0.03935886082769902,0.07389631604707632,0.6524762760185562,0.1,False
33.15424962207695,0.039359026752190905,0.0738563078507601,0.6523525113428849,0.1,False
33.15984150185667,0.03935919262225191,0.07381631277906169,0.6522287001707078,0.1,False
33.16543338163639,0.03935935843789851,0.0737763308280273,0.6521048424835755,0.1,False
33.171025261416105,0.039359524199147004,0.07373636199370724,0.6519809382630413,0.1,False
33.17661714119583,0.039359689906013864,0.0736964062721541,0.651856987490653,0.1,False
33.18220902097555,0.03935985555851528,0.07365646365942644,0.6517329901479681,0.1,False
33.18780090075526,0.039360021156667674,0.07361653415158617,0.6516089462165421,0.1,False
33.19339278053498,0.039360186700487375,0.07357661774469848,0.6514848556779297,0.1,False
33.1989846603147,0.03936035218999069,0.07353671443483298,0.6513607185136892,0.1,False
33.20457654009442,0.039360517625193873,0.07349682421806321,0.6512365347053799,0.1,False
33.210168419874144,0.03936068300611321,0.07345694709046614,0.651112304234561,0.1,False
33.21576029965386,0.039360848332764986,0.07341708304812315,0.6509880270827946,0.1,False
33.22135217943358,0.039361013605165356,0.07337723208711902,0.6508637032316429,0.1,False
33.226944059213295,0.03936117882333061,0.07333739420354304,0.6507393326626709,0.1,False
33.23253593899302,0.03936134398727691,0.07329756939348779,0.6506149153574435,0.1,False
33.23812781877274,0.039361509097020464,0.07325775765305004,0.6504904512975279,0.1,False
33.24371969855246,0.03936167415257745,0.0732179589783303,0.650365940464492,0.1,False
33.249311578332176,0.03936183915396405,0.07317817336543311,0.6502413828399057,0.1,False
33.2549034581119,0.039362004101196356,0.07313840081046659,0.6501167784053399,0.1,False
33.26049533789162,0.03936216899429056,0.07309864130954305,0.6499921271423671,0.1,False
33.266087217671334,0.03936233383326247,0.07305889485877852,0.6498674290325633,0.1,False
33.271679097451056,0.03936249861812856,0.0730191614542928,0.6497426840575015,0.1,False
33.27727097723078,0.039362663348904765,0.07297944109220941,0.6496178921987589,0.1,False
33.2828628570105,0.039362828025607186,0.07293973376865683,0.6494930534379164,0.1,False
33.288454736790214,0.039362992648251854,0.07290003947976603,0.6493681677565531,0.1,False
33.29404661656993,0.03936315721685475,0.07286035822167261,0.6492432351362518,0.1,False
33.29963849634965,0.039363321731431915,0.07282068999051557,0.6491182555585955,0.1,False
33.30523037612937,0.039363486191999364,0.07278103478243818,0.6489932290051695,0.1,False
33.310822255909095,0.03936365059857295,0.07274139259358743,0.648868155457562,0.1,False
33.31641413568881,0.0393638149511689,0.07270176342011392,0.6487430348973596,0.1,False
33.32200601546853,0.03936397924980304,0.07266214725817235,0.6486178673061536,0.1,False
33.32759789524825,0.03936414349449124,0.07262254410392127,0.6484926526655365,0.1,False
33.33318977502797,0.039364307685249414,0.07258295395352318,0.648367390957103,0.1,False
33.33878165480769,0.03936447182209352,0.07254337680314406,0.648242082162448,0.1,False
33.344373534587405,0.03936463590503937,0.072503812648954,0.6481167262631696,0.1,False
33.349965414367134,0.03936479993410289,0.07246426148712702,0.6479913232408675,0.1,False
33.35555729414685,0.03936496390929993,0.07242472331384085,0.6478658730771432,0.1,False
33.36114917392657,0.039365127830646295,0.07238519812527688,0.6477403757535993,0.1,False
33.366741053706285,0.039365291698157834,0.07234568591762049,0.6476148312518412,0.1,False
33.37233293348601,0.03936545551185037,0.07230618668706107,0.6474892395534764,0.1,False
33.37792481326572,0.03936561927173968,0.07226670042979182,0.6473636006401144,0.1,False
33.38351669304544,0.0393657829778415,0.07222722714200915,0.6472379144933653,0.1,False
33.389108572825165,0.039365946630171615,0.07218776681991433,0.6471121810948438,0.1,False
33.39470045260488,0.03936611022874572,0.0721483194597116,0.6469864004261644,0.1,False
33.4002923323846,0.0393662737735796,0.07210888505760933,0.6468605724689439,0.1,False
33.405884212164324,0.03936643726468896,0.07206946360981997,0.6467346972048029,0.1,False
33.41147609194404,0.039366600702089485,0.07203005511255935,0.6466087746153623,0.1,False
33.41706797172376,0.039366764085796827,0.07199065956204743,0.6464828046822461,0.1,False
33.42265985150348,0.03936692741582666,0.07195127695450794,0.6463567873870806,0.1,False
33.428251731283204,0.039367090692194656,0.07191190728616836,0.6462307227114935,0.1,False
33.43384361106292,0.03936725391491641,0.0718725505532599,0.6461046106371153,0.1,False
33.43943549084264,0.03936741708400755,0.07183320675201774,0.6459784511455787,0.1,False
33.44502737062236,0.03936758019948367,0.07179387587868064,0.6458522442185181,0.1,False
33.45061925040208,0.03936774326136043,0.0717545579294914,0.6457259898375701,0.1,False
33.4562111301818,0.03936790626965324,0.07171525290069676,0.6455996879843763,0.1,False
33.46180300996152,0.03936806922437773,0.07167596078854693,0.6454733386405771,0.1,False
33.46739488974124,0.03936823212554945,0.07163668158929605,0.645346941787817,0.1,False
33.47298676952096,0.0393683949731839,0.0715974152992021,0.6452204974077428,0.1,False
33.47857864930067,0.03936855776729659,0.07155816191452682,0.6450940054820032,0.1,False
33.484170529080394,0.03936872050790303,0.07151892143153603,0.6449674659922506,0.1,False
33.48976240886011,0.03936888319501866,0.07147969384649867,0.6448408789201381,0.1,False
33.49535428863983,0.03936904582865895,0.0714404791556882,0.6447142442473227,0.1,False
33.50094616841955,0.03936920840883926,0.0714012773553814,0.6445875619554637,0.1,False
33.506538048199275,0.039369370935575285,0.07136208844185919,0.6444608320262217,0.1,False
33.51212992797899,0.039369533408882204,0.07132291241140587,0.6443340544412614,0.1,False
33.51772180775871,0.03936969582877541,0.07128374926030998,0.6442072291822503,0.1,False
33.52331368753843,0.039369858195270335,0.07124459898486346,0.644080356230857,0.1,False
33.52890556731815,0.0393700205083823,0.07120546158136215,0.6439534355687538,0.1,False
33.53449744709787,0.03937018276812669,0.0711663370461058,0.6438264671776155,0.1,False
33.54008932687759,0.039370344974518856,0.07112722537539792,0.6436994510391195,0.1,False
33.545681206657314,0.03937050712757406,0.07108812656554549,0.6435723871349457,0.1,False
33.55127308643703,0.03937066922730763,0.07104904061286009,0.6434452754467787,0.1,False
33.55686496621675,0.03937083127373484,0.0710099675136559,0.6433181159563023,0.1,False
33.562456845996465,0.03937099326687098,0.07097090726425166,0.6431909086452056,0.1,False
33.56804872577619,0.039371155206731304,0.07093185986096966,0.6430636534951799,0.1,False
33.57364060555591,0.039371317093331054,0.07089282530013725,0.6429363504879236,0.1,False
33.57923248533562,0.039371478926685397,0.07085380357808199,0.6428089996051266,0.1,False
33.584824365115345,0.03937164070680957,0.07081479469113865,0.6426816008284927,0.1,False
33.59041624489506,0.03937180243371882,0.07077579863564455,0.642554154139724,0.1,False
33.59600812467478,0.03937196410742822,0.07073681540794093,0.6424266595205278,0.1,False
33.6016000044545,0.03937212572795299,0.07069784500437266,0.6422991169526124,0.1,False
33.607191884234226,0.039372287295308214,0.07065888742128808,0.642171526417689,0.1,False
33.61278376401395,0.039372448809509054,0.07061994265504051,0.6420438878974756,0.1,False
33.61837564379366,0.039372610270570665,0.07058101070198534,0.6419162013736872,0.1,False
33.623967523573384,0.039372771678508146,0.0705420915584828,0.6417884668280461,0.1,False
33.6295594033531,0.039372933033336416,0.07050318522089669,0.6416606842422782,0.1,False
33.63515128313282,0.03937309433507077,0.07046429168559427,0.6415328535981089,0.1,False
33.640743162912536,0.039373255583726105,0.07042541094894683,0.64140497487727,0.1,False
33.64633504269226,0.039373416779317515,0.07038654300732933,0.6412770480614953,0.1,False
33.651926922471986,0.039373577921860026,0.07034768785712045,0.6411490731325221,0.1,False
33.6575188022517,0.03937373901136863,0.07030884549470255,0.6410210500720904,0.1,False
33.663110682031416,0.03937390004785828,0.07027001591646205,0.6408929788619453,0.1,False
33.66870256181113,0.039374061031344026,0.07023119911878853,0.6407648594838319,0.1,False
33.67429444159085,0.039374221961840754,0.07019239509807584,0.640636691919502,0.1,False
33.679886321370574,0.03937438283936343,0.07015360385072132,0.6405084761507089,0.1,False
33.685478201150296,0.03937454366392697,0.07011482537312606,0.64038021215921,0.1,False
33.69107008093002,0.03937470443554628,0.07007605966169494,0.6402518999267659,0.1,False
33.69666196070973,0.03937486515423627,0.07003730671283677,0.6401235394351411,0.1,False
33.702253840489455,0.03937502582001182,0.06999856652296355,0.6399951306661025,0.1,False
33.70784572026917,0.039375186432887774,0.06995983908849134,0.6398666736014211,0.1,False
33.71343760004889,0.039375346992879014,0.06992112440584014,0.6397381682228723,0.1,False
33.719029479828606,0.03937550750000034,0.06988242247143338,0.639609614512234,0.1,False
33.724621359608335,0.03937566795426659,0.06984373328169823,0.6394810124512879,0.1,False
33.73021323938806,0.039375828355692526,0.06980505683306573,0.6393523620218199,0.1,False
33.73580511916777,0.03937598870429301,0.06976639312197046,0.6392236632056185,0.1,False
33.741396998947494,0.03937614900008278,0.06972774214485078,0.6390949159844764,0.1,False
33.74698887872721,0.039376309243076564,0.0696891038981489,0.6389661203401908,0.1,False
33.75258075850693,0.0393764694332891,0.06965047837831013,0.6388372762545601,0.1,False
33.75817263828665,0.039376629570735136,0.0696118655817848,0.638708383709391,0.1,False
33.76376451806637,0.03937678965542939,0.0695732655050258,0.6385794426864898,0.1,False
33.76935639784609,0.03937694968738656,0.06953467814449005,0.6384504531676682,0.1,False
33.7749482776258,0.03937710966662128,0.06949610349663822,0.6383214151347419,0.1,False
33.780540157405525,0.03937726959314829,0.06945754155793461,0.6381923285695297,0.1,False
33.78613203718524,0.03937742946698215,0.06941899232484734,0.6380631934538553,0.1,False
33.79172391696496,0.039377589288137546,0.0693804557938483,0.6379340097695462,0.1,False
33.79731579674469,0.03937774905662909,0.0693419319614129,0.6378047774984331,0.1,False
33.802907676524406,0.0393779087724713,0.06930342082401976,0.6376754966223501,0.1,False
33.80849955630413,0.0393780684356794,0.06926492237815247,0.6375461671231349,0.1,False
33.81409143608384,0.03937822804626704,0.06922643662029741,0.6374167889826355,0.1,False
33.819683315863564,0.03937838760424908,0.06918796354694469,0.637287362182697,0.1,False
33.82527519564328,0.039378547109640144,0.06914950315458818,0.6371578867051699,0.1,False
33.830867075423,0.03937870656245467,0.06911105543972568,0.6370283625319109,0.1,False
33.83645895520272,0.039378865962707246,0.06907262039885838,0.6368987896447788,0.1,False
33.842050834982444,0.03937902531041234,0.06903419802849106,0.6367691680256367,0.1,False
33.84764271476216,0.03937918460558448,0.06899578832513306,0.6366394976563547,0.1,False
33.853234594541874,0.03937934384823808,0.06895739128529642,0.6365097785188043,0.1,False
33.858826474321596,0.03937950303838759,0.0689190069054972,0.6363800105948623,0.1,False
33.86441835410131,0.03937966217604745,0.06888063518225501,0.6362501938664089,0.1,False
33.87001023388104,0.039379821261232094,0.06884227611209344,0.6361203283153299,0.1,False
33.87560211366076,0.039379980293955896,0.06880392969153967,0.6359904139235155,0.1,False
33.881193993440476,0.03938013927423326,0.06876559591712454,0.6358604506728599,0.1,False
33.8867858732202,0.03938029820207862,0.06872727478538201,0.6357304385452597,0.1,False
33.89237775299991,0.03938045707750629,0.06868896629285058,0.6356003775226191,0.1,False
33.897969632779635,0.03938061590053058,0.06865067043607183,0.6354702675868452,0.1,False
33.90356151255935,0.03938077467116589,0.06861238721159138,0.6353401087198502,0.1,False
33.90915339233907,0.03938093338942646,0.06857411661595832,0.6352099009035507,0.1,False
33.9147452721188,0.03938109205532664,0.0685358586457254,0.6350796441198674,0.1,False
33.920337151898515,0.03938125066888067,0.06849761329744908,0.6349493383507262,0.1,False
33.92592903167824,0.039381409230102825,0.06845938056768898,0.634818983578056,0.1,False
33.93152091145795,0.03938156773900739,0.06842116045300987,0.6346885797837947,0.1,False
33.93711279123767,0.03938172619560854,0.06838295294997855,0.63455812694988,0.1,False
33.942704671017395,0.039381884599920564,0.06834475805516631,0.6344276250582572,0.1,False
33.94829655079711,0.03938204295195762,0.06830657576514776,0.6342970740908748,0.1,False
33.95388843057683,0.039382201251733834,0.06826840607650124,0.6341664740296872,0.1,False
33.95948031035655,0.03938235949926343,0.06823024898580896,0.6340358248566533,0.1,False
33.96507219013627,0.03938251769456066,0.0681921044896565,0.6339051265537359,0.1,False
33.97066406991598,0.03938267583763958,0.06815397258463322,0.6337743791029039,0.1,False
33.976255949695705,0.039382833928514355,0.06811585326733231,0.6336435824861315,0.1,False
33.98184782947543,0.03938299196719906,0.06807774653435017,0.6335127366853961,0.1,False
33.98743970925515,0.039383149953707876,0.06803965238228725,0.6333818416826814,0.1,False
33.99303158903487,0.03938330788805483,0.06800157080774738,0.6332508974599758,0.1,False
33.998623468814586,0.03938346577025401,0.067963501807338,0.6331199039992718,0.1,False
34.00421534859431,0.03938362360031944,0.06792544537767042,0.6329888612825687,0.1,False
34.00980722837402,0.0393837813782652,0.06788740151535948,0.6328577692918697,0.1,False
34.015399108153744,0.0393839391041053,0.06784937021702378,0.6327266280091838,0.1,False
34.020990987933466,0.03938409677785375,0.06781135147928526,0.6325954374165244,0.1,False
34.02658286771318,0.03938425439952452,0.06777334529876977,0.632464197495911,0.1,False
34.0321747474929,0.03938441196913159,0.06773535167210663,0.6323329082293676,0.1,False
34.03776662727262,0.039384569486688975,0.06769737059592884,0.6322015695989233,0.1,False
34.04335850705234,0.0393847269522106,0.06765940206687292,0.6320701815866128,0.1,False
34.048950386832054,0.039384884365710374,0.06762144608157929,0.6319387441744766,0.1,False
34.054542266611776,0.03938504172720222,0.06758350263669183,0.6318072573445603,0.1,False
34.060134146391505,0.03938519903670003,0.06754557172885779,0.631675721078914,0.1,False
34.06572602617122,0.03938535629421773,0.06750765335472855,0.6315441353595943,0.1,False
34.07131790595094,0.03938551349976916,0.0674697475109588,0.631412500168663,0.1,False
34.076909785730656,0.03938567065336821,0.06743185419420683,0.6312808154881868,0.1,False
34.08250166551038,0.039385827755028704,0.06739397340113468,0.6311490813002386,0.1,False
34.08809354529009,0.03938598480476451,0.06735610512840744,0.6310172975868947,0.1,False
34.093685425069815,0.03938614180258938,0.06731824937269515,0.630885464330242,0.1,False
34.09927730484954,0.03938629874851715,0.06728040613067036,0.6307535815123686,0.1,False
34.10486918462926,0.03938645564256155,0.0672425753990094,0.6306216491153694,0.1,False
34.11046106440898,0.039386612484736405,0.06720475717439214,0.6304896671213446,0.1,False
34.116052944188695,0.03938676927505545,0.06716695145350218,0.6303576355123999,0.1,False
34.12164482396842,0.03938692601353235,0.06712915823302704,0.630225554270649,0.1,False
34.127236703748125,0.039387082700181104,0.0670913775096573,0.6300934233782073,0.1,False
34.13282858352785,0.03938723933501518,0.06705360928008765,0.6299612428172002,0.1,False
34.138420463307575,0.03938739591804833,0.06701585354101586,0.6298290125697564,0.1,False
34.14401234308729,0.0393875524492942,0.0669781102891438,0.6296967326180116,0.1,False
34.14960422286701,0.03938770892876651,0.0669403795211766,0.6295644029441068,0.1,False
34.15519610264673,0.03938786535647886,0.06690266123382317,0.629432023530189,0.1,False
34.16078798242645,0.0393880217324449,0.06686495542379572,0.6292995943584109,0.1,False
34.16637986220616,0.03938817805667829,0.06682726208781095,0.6291671154109334,0.1,False
34.171971741985885,0.03938833432919255,0.06678958122258756,0.629034586669919,0.1,False
34.177563621765614,0.039388490550001334,0.06675191282484909,0.6289020081175394,0.1,False
34.18315550154533,0.03938864671911824,0.06671425689132222,0.6287693797359716,0.1,False
34.18874738132505,0.03938880283655677,0.06667661341873739,0.628636701507399,0.1,False
34.194339261104766,0.039388958902330524,0.06663898240382844,0.6285039734140109,0.1,False
34.19993114088449,0.03938911491645297,0.06660136384333303,0.6283711954380033,0.1,False
34.20552302066421,0.03938927087893769,0.0665637577339923,0.628238367561578,0.1,False
34.211114900443924,0.03938942678979816,0.066526164072551,0.6281054897669432,0.1,False
34.216706780223646,0.03938958264904783,0.06648858285575744,0.6279725620363139,0.1,False
34.22229866000336,0.039389738456700185,0.06645101408036322,0.6278395843519097,0.1,False
34.22789053978308,0.039389894212768686,0.0664134577431237,0.6277065566959574,0.1,False
34.2334824195628,0.03939004991726682,0.06637591384079827,0.6275734790506916,0.1,False
34.23907429934252,0.03939020557020799,0.06633838237014933,0.6274403513983517,0.1,False
34.24466617912224,0.039390361171605784,0.06630086332794334,0.6273071737211842,0.1,False
34.25025805890196,0.039390516721473104,0.06626335671094893,0.6271739460014409,0.1,False
34.255849938681685,0.03939067221982369,0.06622586251594012,0.6270406682213818,0.1,False
34.2614418184614,0.039390827666670875,0.06618838073969359,0.6269073403632723,0.1,False
34.26703369824112,0.039390983062028005,0.06615091137898978,0.6267739624093852,0.1,False
34.272625578020836,0.03939113840590841,0.06611345443061252,0.6266405343419991,0.1,False
34.27821745780056,0.03939129369832543,0.06607600989134958,0.6265070561434004,0.1,False
34.28380933758028,0.039391448939292376,0.06603857775799188,0.6263735277958812,0.1,False
34.289401217359995,0.03939160412882248,0.06600115802733399,0.6262399492817408,0.1,False
34.294993097139724,0.03939175926692905,0.06596375069617426,0.6261063205832852,0.1,False
34.30058497691944,0.03939191435362538,0.06592635576131425,0.6259726416828266,0.1,False
34.30617685669916,0.03939206938892469,0.06588897321955935,0.625838912562685,0.1,False
34.31176873647887,0.039392224372840255,0.06585160306771837,0.6257051332051862,0.1,False
34.31736061625859,0.039392379305385215,0.06581424530260313,0.6255713035926622,0.1,False
34.32295249603832,0.03939253418657285,0.06577689992103067,0.6254374237074567,0.1,False
34.32854437581803,0.03939268901641632,0.06573956691981993,0.625303493531915,0.1,False
34.334136255597755,0.039392843794928814,0.06570224629579388,0.625169513048391,0.1,False
34.33972813537747,0.03939299852212348,0.06566493804577932,0.6250354822392467,0.1,False
34.34532001515719,0.039393153198013335,0.06562764216660595,0.62490140108685,0.1,False
34.35091189493691,0.03939330782261195,0.0655903586551077,0.6247672695735744,0.1,False
34.35650377471663,0.03939346239593209,0.06555308750812168,0.6246330876818044,0.1,False
34.36209565449635,0.03939361691798689,0.06551582872248869,0.6244988553939298,0.1,False
34.36768753427607,0.03939377138878942,0.06547858229505285,0.6243645726923469,0.1,False
34.373279414055794,0.03939392580835282,0.06544134822266193,0.6242302395594596,0.1,False
34.37887129383551,0.0393940801766901,0.06540412650216743,0.6240958559776801,0.1,False
34.38446317361523,0.039394234493814254,0.06536691713042413,0.6239614219294274,0.1,False
34.39005505339495,0.03939438875973849,0.06532972010429097,0.6238269373971285,0.1,False
34.39564693317467,0.03939454297447565,0.06529253542062874,0.6236924023632137,0.1,False
34.40123881295439,0.03939469713803882,0.06525536307630327,0.6235578168101249,0.1,False
34.406830692734104,0.03939485125044096,0.06521820306818366,0.6234231807203113,0.1,False
34.412422572513826,0.03939500531169507,0.06518105539314241,0.6232884940762285,0.1,False
34.41801445229354,0.03939515932181407,0.06514392004805543,0.6231537568603398,0.1,False
34.42360633207326,0.039395313280810904,0.06510679702980232,0.6230189690551166,0.1,False
34.429198211852984,0.03939546718869849,0.06506968633526616,0.6228841306430375,0.1,False
34.4347900916327,0.039395621045489784,0.06503258796133352,0.6227492416065884,0.1,False
34.44038197141243,0.03939577485119764,0.06499550190489418,0.6226143019282626,0.1,False
34.44597385119214,0.039395928605834976,0.06495842816284211,0.6224793115905629,0.1,False
34.451565730971865,0.03939608230941465,0.06492136673207415,0.6223442705759976,0.1,False
34.45715761075158,0.03939623596194951,0.06488431760949105,0.6222091788670846,0.1,False
34.4627494905313,0.03939638956345243,0.06484728079199636,0.6220740364463463,0.1,False
34.46834137031102,0.039396543113936214,0.06481025627649889,0.6219388432963202,0.1,False
34.47393325009074,0.03939669661341367,0.06477324405990896,0.6218035993995439,0.1,False
34.47952512987046,0.03939685006189754,0.0647362441391413,0.6216683047385668,0.1,False
34.48511700965018,0.03939700345940066,0.06469925651111401,0.6215329592959451,0.1,False
34.490708889429904,0.03939715680593582,0.06466228117274875,0.6213975630542431,0.1,False
34.49630076920962,0.039397310101515724,0.06462531812097082,0.6212621159960346,0.1,False
34.50189264898933,0.03939746334615312,0.06458836735270873,0.6211266181038996,0.1,False
34.507484528769055,0.03939761653986074,0.06455142886489439,0.6209910693604261,0.1,False
34.51307640854878,0.03939776968265135,0.06451450265446369,0.6208554697482119,0.1,False
34.5186682883285,0.03939792277453731,0.06447758871835574,0.620719819249864,0.1,False
34.52426016810821,0.03939807581553175,0.06444068705351301,0.6205841178479924,0.1,False
34.529852047887935,0.03939822880564719,0.06440379765688152,0.6204483655252195,0.1,False
34.53544392766765,0.03939838174489626,0.064366920525411,0.6203125622641759,0.1,False
34.54103580744737,0.039398534633291585,0.06433005565605474,0.6201767080475006,0.1,False
34.546627687227094,0.03939868747084579,0.0642932030457692,0.62004080285784,0.1,False
34.55221956700681,0.0393988402575715,0.06425636269151432,0.6199048466778485,0.1,False
34.55781144678654,0.03939899299348129,0.06421953459025354,0.6197688394901896,0.1,False
34.56340332656625,0.039399145678587766,0.064182718738954,0.6196327812775355,0.1,False
34.568995206345974,0.039399298312903466,0.06414591513458609,0.6194966720225666,0.1,False
34.574587086125696,0.03939945089644094,0.06410912377412394,0.6193605117079725,0.1,False
34.58017896590541,0.039399603429212726,0.06407234465454469,0.6192243003164496,0.1,False
34.58577084568513,0.039399755911231335,0.06403557777282973,0.6190880378307063,0.1,False
34.59136272546485,0.039399908342509296,0.06399882312596308,0.618951724233456,0.1,False
34.59695460524457,0.03940006072305907,0.06396208071093275,0.618815359507423,0.1,False
34.602546485024284,0.03940021305289315,0.06392535052472965,0.6186789436353382,0.1,False
34.608138364804006,0.03940036533202404,0.06388863256434933,0.6185424765999453,0.1,False
34.61373024458373,0.03940051756046415,0.06385192682678967,0.6184059583839934,0.1,False
34.61932212436344,0.03940066973822592,0.06381523330905259,0.6182693889702416,0.1,False
34.624914004143164,0.039400821865321796,0.06377855200814334,0.6181327683414584,0.1,False
34.630505883922886,0.03940097394176416,0.06374188292107011,0.6179960964804184,0.1,False
34.63609776370261,0.03940112596756538,0.06370522604484544,0.6178593733699094,0.1,False
34.64168964348232,0.039401277942737865,0.06366858137648473,0.6177225989927251,0.1,False
34.647281523262045,0.03940142986729393,0.06363194891300715,0.6175857733316703,0.1,False
34.65287340304177,0.0394015817412461,0.06359532865143534,0.6174488963695574,0.1,False
34.65846528282148,0.03940173356460652,0.06355872058879496,0.6173119680892082,0.1,False
34.6640571626012,0.03940188533738755,0.06352212472211556,0.6171749884734546,0.1,False
34.66964904238092,0.03940203705960153,0.06348554104842996,0.6170379575051366,0.1,False
34.67524092216065,0.0394021887312607,0.06344896956477473,0.6169008751671051,0.1,False
34.68083280194036,0.03940234035237738,0.06341241026818954,0.6167637414422189,0.1,False
34.68642468172008,0.03940249192296381,0.06337586315571743,0.6166265563133452,0.1,False
34.6920165614998,0.039402643443032244,0.0633393282244051,0.6164893197633624,0.1,False
34.69760844127951,0.03940279491259492,0.063302805471303,0.6163520317751586,0.1,False
34.70320032105924,0.039402946331664065,0.06326629489346461,0.6162146923316304,0.1,False
34.70879220083896,0.03940309770025184,0.0632297964879464,0.616077301415682,0.1,False
34.71438408061868,0.03940324901837047,0.0631933102518093,0.6159398590102306,0.1,False
34.71997596039839,0.03940340028603218,0.06315683618211686,0.6158023650982001,0.1,False
34.725567840178115,0.03940355150324908,0.0631203742759367,0.6156648196625267,0.1,False
34.73115971995784,0.03940370267003334,0.06308392453033958,0.615527222686155,0.1,False
34.73675159973755,0.03940385378639709,0.06304748694239969,0.6153895741520389,0.1,False
34.742343479517274,0.03940400485235239,0.06301106150919442,0.615251874043142,0.1,False
34.747935359296996,0.03940415586791146,0.06297464822780487,0.6151141223424372,0.1,False
34.75352723907672,0.03940430683308629,0.06293824709531572,0.6149763190329097,0.1,False
34.75911911885644,0.03940445774788899,0.0629018581088148,0.614838464097552,0.1,False
34.764710998636154,0.0394046086123317,0.0628654812653935,0.6147005575193675,0.1,False
34.770302878415876,0.039404759426426204,0.06282911656214632,0.6145625992813695,0.1,False
34.77589475819559,0.039404910190184834,0.06279276399617185,0.6144245893665811,0.1,False
34.78148663797531,0.03940506090361956,0.0627564235645716,0.6142865277580353,0.1,False
34.78707851775503,0.03940521156674232,0.06272009526445063,0.6141484144387759,0.1,False
34.79267039753475,0.039405362179565154,0.06268377909291731,0.6140102493918553,0.1,False
34.79826227731447,0.03940551274209998,0.06264747504708343,0.6138720326003374,0.1,False
34.803854157094186,0.03940566325435882,0.06261118312406438,0.6137337640472955,0.1,False
34.80944603687391,0.039405813716353565,0.06257490332097902,0.6135954437158146,0.1,False
34.81503791665362,0.0394059641280962,0.06253863563494949,0.6134570715889884,0.1,False
34.82062979643335,0.03940611448959866,0.06250238006310126,0.6133186476499211,0.1,False
34.826221676213066,0.03940626480087278,0.0624661366025632,0.6131801718817274,0.1,False
34.83181355599279,0.03940641506193054,0.06242990525046763,0.6130416442675318,0.1,False
34.83740543577251,0.03940656527278379,0.06239368600395055,0.6129030647904712,0.1,False
34.842997315552225,0.03940671543344435,0.06235747886015092,0.6127644334336907,0.1,False
34.84858919533195,0.03940686554392405,0.0623212838162115,0.6126257501803477,0.1,False
34.85418107511166,0.03940701560423483,0.062285100869278374,0.6124870150136092,0.1,False
34.85977295489138,0.039407165614388444,0.06224893001650064,0.612348227916652,0.1,False
34.865364834671105,0.039407315574396744,0.06221277125503198,0.6122093888726676,0.1,False
34.87095671445083,0.03940746548427146,0.06217662458202715,0.61207049786485,0.1,False
34.87654859423054,0.039407615344024406,0.062140489994646414,0.6119315548764112,0.1,False
34.88214047401026,0.03940776515366737,0.06210436749005292,0.6117925598905719,0.1,False
34.88773235378998,0.03940791491321203,0.06206825706541304,0.611653512890564,0.1,False
34.8933242335697,0.03940806462267019,0.062032158717896406,0.6115144138596287,0.1,False
34.89891611334942,0.039408214282053565,0.06199607244467606,0.6113752627810184,0.1,False
34.90450799312914,0.03940836389137389,0.061959998242929124,0.6112360596379991,0.1,False
34.91009987290886,0.03940851345064283,0.06192393610983509,0.6110968044138441,0.1,False
34.91569175268858,0.039408662959872075,0.06188788604257755,0.61095749709184,0.1,False
34.921283632468295,0.03940881241907327,0.06185184803834307,0.6108181376552836,0.1,False
34.92687551224802,0.03940896182825814,0.06181582209432169,0.6106787260874821,0.1,False
34.93246739202773,0.03940911118743823,0.061779808207707204,0.6105392623717564,0.1,False
34.93805927180746,0.039409260496625215,0.06174380637569639,0.6103997464914361,0.1,False
34.943651151587176,0.039409409755830696,0.06170781659548957,0.6102601784298632,0.1,False
34.9492430313669,0.039409558965066274,0.06167183886429035,0.6101205581703903,0.1,False
34.95483491114662,0.039409708124343516,0.061635873179305634,0.6099808856963814,0.1,False
34.960426790926334,0.0394098572336739,0.06159991953774598,0.6098411609912132,0.1,False
34.966018670706056,0.03941000629306928,0.06156397793682519,0.6097013840382708,0.1,False
34.97161055048577,0.03941015530254097,0.06152804837376055,0.6095615548209546,0.1,False
34.97720243026549,0.03941030426210053,0.06149213084577226,0.609421673322673,0.1,False
34.98279431004521,0.03941045317175945,0.061456225350084305,0.6092817395268478,0.1,False
34.98838618982493,0.039410602031529296,0.06142033188392392,0.6091417534169117,0.1,False
34.99397806960465,0.039410750841421496,0.06138445044452199,0.6090017149763104,0.1,False
34.999569949384366,0.039410899601447606,0.06134858102911248,0.6088616241884997,0.1,False
35.00516182916409,0.03941104831161887,0.06131272363493281,0.6087214810369488,0.1,False
35.01075370894381,0.03941119697194697,0.06127687825922344,0.6085812855051351,0.1,False
35.01634558872353,0.039411345582443226,0.061241044899228665,0.6084410375765515,0.1,False
35.02193746850325,0.03941149414311907,0.061205223552196125,0.6083007372347021,0.1,False
35.02752934828297,0.039411642653985904,0.06116941421537625,0.6081603844631004,0.1,False
35.03312122806269,0.039411791115055134,0.06113361688602342,0.6080199792452743,0.1,False
35.038713107842405,0.03941193952633811,0.06109783156139507,0.6078795215647628,0.1,False
35.04430498762213,0.03941208788784619,0.061062058238752236,0.6077390114051174,0.1,False
35.04989686740184,0.039412236199590715,0.06102629691535896,0.6075984487499008,0.1,False
35.05548874718157,0.03941238446158302,0.060990547588483185,0.6074578335826893,0.1,False
35.061080626961285,0.03941253267383448,0.06095481025539571,0.6073171658870697,0.1,False
35.066672506741,0.039412680836356365,0.06091908491337099,0.6071764456466424,0.1,False
35.07226438652072,0.03941282894915996,0.060883371559686345,0.6070356728450179,0.1,False
35.07785626630044,0.03941297701225647,0.06084767019162298,0.6068948474658217,0.1,False
35.083448146080165,0.03941312502565727,0.06081198080646519,0.6067539694926893,0.1,False
35.08904002585988,0.03941327298937357,0.06077630340150079,0.6066130389092704,0.1,False
35.0946319056396,0.039413420903416596,0.060740637974020746,0.6064720556992261,0.1,False
35.100223785419324,0.03941356876779757,0.06070498452131946,0.6063310198462301,0.1,False
35.10581566519904,0.039413716582527715,0.060669343040694455,0.6061899313339678,0.1,False
35.11140754497876,0.039413864347618205,0.060633713529446936,0.6060487901461389,0.1,False
35.116999424758475,0.0394140120630802,0.06059809598488141,0.6059075962664551,0.1,False
35.1225913045382,0.039414159728924925,0.06056249040430548,0.6057663496786398,0.1,False
35.12818318431792,0.039414307345163525,0.06052689678503027,0.6056250503664299,0.1,False
35.13377506409764,0.03941445491180711,0.06049131512437026,0.6054836983135754,0.1,False
35.13936694387736,0.03941460242886682,0.06045574541964289,0.6053422935038373,0.1,False
35.14495882365708,0.03941474989635372,0.060420187668169485,0.6052008359209919,0.1,False
35.1505507034368,0.039414897314278975,0.0603846418672744,0.6050593255488268,0.1,False
35.156142583216514,0.03941504468265357,0.060349108014285245,0.6049177623711429,0.1,False
35.161734462996236,0.039415192001488686,0.06031358610653311,0.6047761463717534,0.1,False
35.16732634277595,0.039415339270795324,0.06027807614135249,0.6046344775344862,0.1,False
35.17291822255567,0.03941548649058453,0.06024257811608102,0.6044927558431809,0.1,False
35.178510102335395,0.03941563366086733,0.060207092028059586,0.6043509812816898,0.1,False
35.18410198211511,0.03941578078165482,0.06017161787463257,0.6042091538338789,0.1,False
35.18969386189483,0.03941592785295787,0.06013615565314767,0.6040672734836285,0.1,False
35.195285741674546,0.039416074874787495,0.06010070536095588,0.603925340214831,0.1,False
35.200877621454275,0.0394162218471547,0.060065266995411294,0.6037833540113913,0.1,False
35.206469501234,0.039416368770070424,0.060029840553871804,0.6036413148572299,0.1,False
35.21206138101371,0.039416515643545647,0.05999442603369819,0.6034992227362787,0.1,False
35.21765326079343,0.03941666246759129,0.05995902343225486,0.6033570776324844,0.1,False
35.22324514057315,0.03941680924221827,0.059923632746909074,0.6032148795298055,0.1,False
35.22883702035287,0.0394169559674374,0.05988825397503175,0.6030726284122155,0.1,False
35.234428900132585,0.03941710264325969,0.05985288711399717,0.6029303242637011,0.1,False
35.24002077991231,0.03941724926969597,0.05981753216118278,0.6027879670682627,0.1,False
35.24561265969203,0.039417395846757096,0.05978218911396927,0.6026455568099136,0.1,False
35.25120453947174,0.03941754237445398,0.05974685796974081,0.6025030934726815,0.1,False
35.256796419251465,0.039417688852797374,0.05971153872588463,0.6023605770406079,0.1,False
35.26238829903118,0.03941783528179814,0.059676231379791604,0.6022180074977481,0.1,False
35.2679801788109,0.03941798166146711,0.059640935928855575,0.6020753848281707,0.1,False
35.273572058590624,0.03941812799181504,0.05960565237047397,0.6019327090159593,0.1,False
35.279163938370345,0.039418274272852716,0.05957038070204724,0.6017899800452102,0.1,False
35.28475581815007,0.03941842050459089,0.059535120920979206,0.6016471979000342,0.1,False
35.29034769792978,0.039418566687040316,0.05949987302467709,0.6015043625645565,0.1,False
35.295939577709504,0.03941871282021175,0.05946463701055128,0.6013614740229157,0.1,False
35.30153145748922,0.039418858904115964,0.05942941287601572,0.6012185322592652,0.1,False
35.30712333726894,0.03941900493876362,0.05939420061848735,0.6010755372577725,0.1,False
35.312715217048655,0.03941915092416538,0.0593590002353865,0.6009324890026195,0.1,False
35.318307096828384,0.03941929686033204,0.05932381172413696,0.6007893874780019,0.1,False
35.323898976608106,0.03941944274727416,0.05928863508216526,0.6006462326681291,0.1,False
35.32949085638782,0.03941958858500244,0.05925347030690171,0.6005030245572259,0.1,False
35.33508273616754,0.03941973437352756,0.05921831739577982,0.6003597631295313,0.1,False
35.34067461594725,0.039419880112860115,0.059183176346236537,0.6002164483692998,0.1,False
35.34626649572698,0.03942002580301069,0.05914804715571164,0.6000730802607986,0.1,False
35.351858375506694,0.03942017144398994,0.05911292982164849,0.5999296587883103,0.1,False
35.357450255286416,0.03942031703580843,0.05907782434149372,0.5997861839361325,0.1,False
35.36304213506614,0.03942046257847675,0.059042730712697236,0.5996426556885769,0.1,False
35.36863401484585,0.03942060807200545,0.05900764893271213,0.5994990740299704,0.1,False
35.374225894625575,0.03942075351640511,0.0589725789989947,0.5993554389446535,0.1,False
35.37981777440529,0.03942089891168623,0.058937520909004816,0.5992117504169836,0.1,False
35.38540965418501,0.03942104425785939,0.05890247466020546,0.5990680084313316,0.1,False
35.39100153396474,0.03942118955493502,0.0588674402500627,0.5989242129720832,0.1,False
35.396593413744455,0.03942133480292365,0.05883241767604611,0.5987803640236399,0.1,False
35.40218529352418,0.03942148000183576,0.05879740693562867,0.5986364615704182,0.1,False
35.40777717330389,0.039421625151681836,0.05876240802628593,0.5984925055968475,0.1,False
35.41336905308361,0.039421770252472295,0.058727420945497495,0.5983484960873755,0.1,False
35.41896093286333,0.03942191530421759,0.05869244569074586,0.5982044330264633,0.1,False
35.42455281264305,0.03942206030692817,0.058657482259516745,0.5980603163985873,0.1,False
35.43014469242277,0.03942220526061443,0.05862253064929926,0.5979161461882392,0.1,False
35.43573657220249,0.03942235016528694,0.0585875908575859,0.5977719223799264,0.1,False
35.44132845198221,0.03942249502095567,0.058552662881872115,0.5976276449581731,0.1,False
35.44692033176192,0.03942263982763128,0.0585177467196568,0.5974833139075162,0.1,False
35.452512211541645,0.03942278458532416,0.058482842368442034,0.5973389292125088,0.1,False
35.45810409132136,0.03942292929404459,0.05844794982573326,0.5971944908577207,0.1,False
35.46369597110109,0.03942307395380289,0.05841306908903892,0.5970499988277361,0.1,False
35.46928785088081,0.03942321856460943,0.05837820015587092,0.596905453107155,0.1,False
35.474879730660525,0.03942336312647445,0.058343343023744346,0.596760853680594,0.1,False
35.48047161044025,0.03942350763940829,0.05830849769017768,0.5966162005326848,0.1,False
35.48606349021996,0.03942365210342122,0.05827366415269236,0.5964714936480744,0.1,False
35.491655369999684,0.03942379651852347,0.05823884240881339,0.5963267330114268,0.1,False
35.4972472497794,0.03942394088472536,0.058204032456068804,0.5961819186074209,0.1,False
35.50283912955912,0.03942408520203706,0.058169234291989926,0.5960370504207521,0.1,False
35.50843100933885,0.03942422947046885,0.05813444791411128,0.5958921284361309,0.1,False
35.514022889118564,0.039424373690030885,0.05809967331997065,0.5957471526382849,0.1,False
35.519614768898286,0.03942451786073343,0.05806491050710918,0.5956021230119571,0.1,False
35.525206648677994,0.03942466198258659,0.05803015947307098,0.5954570395419071,0.1,False
35.530798528457716,0.039424806055600614,0.057995420215403805,0.5953119022129106,0.1,False
35.53639040823744,0.03942495007978563,0.057960692731658346,0.5951667110097596,0.1,False
35.54198228801716,0.03942509405515168,0.05792597701938847,0.5950214659172622,0.1,False
35.54757416779688,0.03942523798170906,0.0578912730761515,0.5948761669202426,0.1,False
35.553166047576596,0.03942538185946787,0.05785658089950782,0.5947308140035414,0.1,False
35.55875792735632,0.03942552568843814,0.05782190048702117,0.5945854071520168,0.1,False
35.56434980713603,0.03942566946862996,0.05778723183625854,0.594439946350543,0.1,False
35.569941686915755,0.03942581320005346,0.05775257494478989,0.5942944315840092,0.1,False
35.57553356669547,0.03942595688271866,0.057717929810188584,0.5941488628373229,0.1,False
35.5811254464752,0.03942610051663563,0.057683296430031214,0.5940032400954078,0.1,False
35.58671732625492,0.039426244101814396,0.05764867480189761,0.5938575633432047,0.1,False
35.592309206034635,0.03942638763826499,0.05761406492337068,0.59371183256567,0.1,False
35.59790108581436,0.039426531125997435,0.057579466792036946,0.593566047747779,0.1,False
35.60349296559407,0.039426674565021746,0.05754488040548561,0.5934202088745214,0.1,False
35.60908484537379,0.03942681795534785,0.057510305761309444,0.5932743159309057,0.1,False
35.61467672515351,0.03942696129698572,0.05747574285710429,0.593128368901957,0.1,False
35.62026860493323,0.039427104589945444,0.05744119169046919,0.5929823677727154,0.1,False
35.62586048471295,0.03942724783423672,0.05740665225900663,0.5928363125282425,0.1,False
35.63145236449267,0.03942739102986967,0.057372124560322126,0.5926902031536133,0.1,False
35.63704424427239,0.03942753417685429,0.057337608592024275,0.5925440396339197,0.1,False
35.6426361240521,0.039427677275199975,0.05730310435172515,0.592397821954276,0.1,False
35.648228003831825,0.03942782032491738,0.05726861183703988,0.5922515500998056,0.1,False
35.653819883611554,0.039427963326015565,0.05723413104558665,0.5921052240556576,0.1,False
35.65941176339127,0.039428106278505036,0.057199661974987125,0.5919588438069914,0.1,False
35.66500364317099,0.039428249182395576,0.05716520462286608,0.5918124093389874,0.1,False
35.670595522950705,0.03942839203769766,0.05713075898685153,0.5916659206368396,0.1,False
35.67618740273043,0.039428534844420646,0.05709632506457455,0.5915193776857657,0.1,False
35.68177928251014,0.039428677602573396,0.05706190285366962,0.5913727804710047,0.1,False
35.687371162289864,0.039428820312166206,0.057027492351774116,0.5912261289778035,0.1,False
35.692963042069586,0.03942896297320881,0.05699309355652892,0.5910794231914309,0.1,False
35.69855492184931,0.03942910558571134,0.05695870646557789,0.5909326630971705,0.1,False
35.70414680162903,0.03942924814968318,0.05692433107656832,0.590785848680329,0.1,False
35.709738681408744,0.03942939066513433,0.056889967387150464,0.5906389799262265,0.1,False
35.71533056118846,0.03942953313207449,0.05685561539497783,0.5904920568202026,0.1,False
35.720922440968174,0.03942967555051332,0.05682127509770718,0.5903450793476157,0.1,False
35.7265143207479,0.039429817920460575,0.05678694649299843,0.5901980474938415,0.1,False
35.732106200527625,0.039429960241925896,0.056752629578514596,0.5900509612442736,0.1,False
35.73769808030734,0.039430102514919,0.05671832435192193,0.589903820584324,0.1,False
35.74328996008706,0.03943024473944961,0.05668403081089013,0.5897566254994236,0.1,False
35.748881839866776,0.039430386915527346,0.05664974895309149,0.5896093759750201,0.1,False
35.7544737196465,0.039430529043161744,0.05661547877620212,0.5894620719965817,0.1,False
35.76006559942621,0.03943067112236264,0.056581220277900926,0.5893147135495928,0.1,False
35.765657479205935,0.03943081315313949,0.05654697345587016,0.5891673006195578,0.1,False
35.77124935898566,0.03943095513550189,0.056512738307795,0.5890198331919987,0.1,False
35.77684123876538,0.03943109706945947,0.056478514831364034,0.5888723112524564,0.1,False
35.7824331185451,0.03943123895502182,0.05644430302426912,0.5887247347864908,0.1,False
35.788024998324815,0.03943138079219845,0.05641010288420508,0.5885771037796802,0.1,False
35.79361687810454,0.03943152258099898,0.05637591440886988,0.5884294182176206,0.1,False
35.79920875788425,0.039431664321432885,0.05634173759596489,0.588281678085929,0.1,False
35.80480063766397,0.03943180601350968,0.0563075724431945,0.5881338833702398,0.1,False
35.810392517443695,0.039431947657238904,0.05627341894826613,0.5879860340562056,0.1,False
35.81598439722341,0.03943208925263005,0.056239277108890505,0.5878381301294991,0.1,False
35.82157627700313,0.0394322307996926,0.05620514692278165,0.5876901715758122,0.1,False
35.82716815678285,0.03943237229843604,0.05617102838765648,0.5875421583808547,0.1,False
35.83276003656257,0.03943251374886961,0.05613692150123539,0.5873940905303583,0.1,False
35.83835191634228,0.039432655151003075,0.056102826261241676,0.5872459680100696,0.1,False
35.84394379612201,0.039432796504845755,0.056068742665401954,0.5870977908057576,0.1,False
35.849535675901734,0.03943293781040704,0.05603467071144587,0.5869495589032098,0.1,False
35.85512755568145,0.0394330790676963,0.05600061039710624,0.5868012722882326,0.1,False
35.86071943546117,0.03943322027672299,0.05596656172011915,0.5866529309466527,0.1,False
35.866311315240885,0.03943336143749644,0.05593252467822375,0.5865045348643154,0.1,False
35.87190319502061,0.039433502550026034,0.055898499269162405,0.5863560840270864,0.1,False
35.87749507480033,0.03943364361432105,0.0558644854906805,0.5862075784208503,0.1,False
35.883086954580044,0.0394337846303909,0.055830483340526725,0.5860590180315112,0.1,False
35.88867883435977,0.03943392559824482,0.05579649281645292,0.5859104028449943,0.1,False
35.89427071413949,0.03943406651789224,0.05576251391621389,0.5857617328472423,0.1,False
35.8998625939192,0.03943420738934257,0.05572854663756774,0.5856130080242183,0.1,False
35.90545447369892,0.03943434821260503,0.05569459097827564,0.5854642283619061,0.1,False
35.91104635347864,0.03943448898768886,0.05566064693610205,0.5853153938463099,0.1,False
35.91663823325837,0.03943462971460331,0.055626714508814436,0.5851665044634531,0.1,False
35.92223011303808,0.039434770393357556,0.055592793694183476,0.58501756019938,0.1,False
35.927821992817805,0.03943491102396086,0.05555888448998287,0.5848685610401536,0.1,False
35.93341387259752,0.03943505160642237,0.055524986893989596,0.5847195069718587,0.1,False
35.93900575237724,0.03943519214075136,0.05549110090398357,0.584570397980598,0.1,False
35.944597632156956,0.03943533262695701,0.05545722651774825,0.5844212340524975,0.1,False
35.95018951193668,0.03943547306504852,0.0554233637330698,0.5842720151737009,0.1,False
35.9557813917164,0.03943561345503506,0.055389512547737614,0.584122741330373,0.1,False
35.96137327149612,0.03943575379692572,0.05535567295954455,0.5839734125087013,0.1,False
35.96696515127584,0.039435894090729666,0.05532184496628606,0.58382402869489,0.1,False
35.97255703105556,0.03943603433645607,0.05528802856576115,0.583674589875167,0.1,False
35.97814891083528,0.039436174534114056,0.05525422375577168,0.5835250960357784,0.1,False
35.983740790614995,0.039436314683712684,0.05522043053412286,0.5833755471629933,0.1,False
35.98933267039472,0.03943645478526111,0.05518664889862281,0.5832259432430996,0.1,False
35.99492455017444,0.03943659483876832,0.05515287884708323,0.583076284262409,0.1,False
36.00051642995415,0.039436734844243405,0.05511912037731816,0.5829265702072499,0.1,False
36.006108309733875,0.03943687480169548,0.05508537348714545,0.5827768010639744,0.1,False
36.01170018951359,0.03943701471113351,0.055051638174385686,0.5826269768189551,0.1,False
36.01729206929331,0.039437154572566684,0.05501791443686287,0.582477097458585,0.1,False
36.02288394907303,0.03943729438600373,0.05498420227240385,0.5823271629692802,0.1,False
36.02847582885275,0.039437434151453836,0.054950501678838644,0.5821771733374749,0.1,False
36.03406770863248,0.03943757386892595,0.05491681265400065,0.5820271285496276,0.1,False
36.03965958841219,0.0394377135384291,0.05488313519572594,0.5818770285922152,0.1,False
36.045251468191914,0.03943785315997216,0.054849469301854074,0.5817268734517387,0.1,False
36.05084334797163,0.03943799273356413,0.054815814970227375,0.5815766631147181,0.1,False
36.05643522775135,0.03943813225921394,0.05478217219869182,0.5814263975676975,0.1,False
36.06202710753107,0.03943827173693051,0.05474854098509588,0.58127607679724,0.1,False
36.06761898731079,0.03943841116672273,0.0547149213272915,0.5811257007899321,0.1,False
36.07321086709051,0.039438550548599495,0.054681313223133486,0.5809752695323803,0.1,False
36.07880274687023,0.03943868988256972,0.054647716670480115,0.5808247830112149,0.1,False
36.084394626649946,0.03943882916864227,0.0546141316671924,0.5806742412130861,0.1,False
36.08998650642966,0.03943896840682601,0.05458055821113469,0.5805236441246672,0.1,False
36.09557838620938,0.03943910759712977,0.05454699630017429,0.5803729917326528,0.1,False
36.101170265989104,0.03943924673956239,0.05451344593218161,0.5802222840237593,0.1,False
36.106762145768826,0.03943938583413263,0.05447990710503032,0.5800715209847263,0.1,False
36.11235402554855,0.03943952488084946,0.054446379816597106,0.579920702602314,0.1,False
36.11794590532826,0.0394396638797215,0.0544128640647614,0.579769828863305,0.1,False
36.123537785107985,0.0394398028307576,0.054379359847406675,0.579618899754507,0.1,False
36.1291296648877,0.039439941733966484,0.05434586716241821,0.5794679152627447,0.1,False
36.13472154466742,0.03944008058935699,0.05431238600768521,0.5793168753748684,0.1,False
36.14031342444714,0.03944021939693778,0.05427891638109984,0.5791657800777512,0.1,False
36.14590530422686,0.039440358156717606,0.05424545828055727,0.5790146293582875,0.1,False
36.15149718400659,0.03944049686870521,0.054212011703955905,0.578863423203395,0.1,False
36.1570890637863,0.03944063553290928,0.054178576649197153,0.5787121616000137,0.1,False
36.16268094356602,0.039440774149338505,0.0541451531141852,0.5785608445351051,0.1,False
36.16827282334574,0.03944091271800156,0.054111741096827655,0.5784094719956548,0.1,False
36.17386470312546,0.03944105123890713,0.0540783405950353,0.5782580439686715,0.1,False
36.17945658290518,0.039441189712063854,0.05404495160672182,0.5781065604411859,0.1,False
36.1850484626849,0.039441328137480365,0.05401157412980388,0.5779550214002515,0.1,False
36.19064034246462,0.0394414665151653,0.053978208162201294,0.5778034268329448,0.1,False
36.19623222224433,0.03944160484512729,0.053944853701837034,0.5776517767263656,0.1,False
36.201824102024055,0.039441743127374855,0.053911510746637255,0.5775000710676381,0.1,False
36.20741598180377,0.03944188136191667,0.05387817929453087,0.577348309843907,0.1,False
36.21300786158349,0.039442019548761316,0.053844859343450076,0.5771964930423418,0.1,False
36.218599741363214,0.03944215768791742,0.05381155089133,0.5770446206501343,0.1,False
36.224191621142936,0.03944229577939343,0.05377825393610911,0.5768926926545018,0.1,False
36.22978350092266,0.039442433823197925,0.053744968475728704,0.576740709042683,0.1,False
36.23537538070237,0.03944257181933943,0.05371169450813323,0.5765886698019412,0.1,False
36.240967260482094,0.039442709767826434,0.05367843203126997,0.5764365749195618,0.1,False
36.24655914026181,0.03944284766866744,0.053645181043089775,0.576284424382856,0.1,False
36.25215102004153,0.03944298552187098,0.05361194154154618,0.5761322181791568,0.1,False
36.25774289982125,0.03944312332744545,0.05357871352459578,0.5759799562958219,0.1,False
36.26333477960097,0.03944326108539936,0.05354549699019829,0.5758276387202319,0.1,False
36.268926659380696,0.03944339879574114,0.05351229193631664,0.5756752654397926,0.1,False
36.274518539160404,0.039443536458479214,0.05347909836091654,0.5755228364419327,0.1,False
36.280110418940126,0.03944367407362198,0.053445916261966986,0.5753703517141053,0.1,False
36.28570229871984,0.0394438116411779,0.053412745637440126,0.5752178112437883,0.1,False
36.29129417849956,0.03944394916115532,0.05337958648531062,0.5750652150184815,0.1,False
36.29688605827929,0.03944408663356271,0.0533464388035567,0.5749125630257105,0.1,False
36.302477938059006,0.0394442240584084,0.053313302590159484,0.574759855253025,0.1,False
36.30806981783873,0.03944436143570072,0.05328017784310299,0.5746070916879986,0.1,False
36.31366169761844,0.03944449876544803,0.05324706456037459,0.5744542723182302,0.1,False
36.319253577398165,0.03944463604765871,0.05321396273996457,0.5743013971313425,0.1,False
36.32484545717789,0.039444773282341035,0.0531808723798663,0.5741484661149834,0.1,False
36.3304373369576,0.03944491046950333,0.05314779347807604,0.573995479256824,0.1,False
36.33602921673732,0.03944504760915391,0.05311472603259322,0.5738424365445611,0.1,False
36.341621096517045,0.039445184701301025,0.05308167004142018,0.5736893379659157,0.1,False
36.34721297629677,0.03944532174595295,0.053048625502562494,0.5735361835086342,0.1,False
36.35280485607648,0.039445458743117945,0.053015592414028596,0.5733829731604874,0.1,False
36.3583967358562,0.03944559569280427,0.05298257077382994,0.5732297069092699,0.1,False
36.363988615635925,0.039445732595020204,0.052949560579981444,0.5730763847428043,0.1,False
36.36958049541564,0.03944586944977391,0.05291656183050051,0.5729230066489356,0.1,False
36.37517237519536,0.03944600625707355,0.05288357452340785,0.5727695726155351,0.1,False
36.38076425497508,0.03944614301692738,0.05285059865672715,0.5726160826304986,0.1,False
36.3863561347548,0.03944627972934352,0.05281763422848503,0.5724625366817476,0.1,False
36.39194801453451,0.039446416394330365,0.05278468123671139,0.5723089347572278,0.1,False
36.397539894314235,0.03944655301189591,0.052751739679438914,0.5721552768449121,0.1,False
36.40313177409396,0.039446689582048285,0.05271880955470338,0.5720015629327978,0.1,False
36.40872365387367,0.039446826104795656,0.052685890860543746,0.5718477930089084,0.1,False
36.4143155336534,0.03944696258014614,0.05265298359500178,0.571693967061292,0.1,False
36.419907413433116,0.039447099008107854,0.05262008775612238,0.571540085078023,0.1,False
36.42549929321284,0.03944723538868886,0.05258720334195346,0.5713861470472016,0.1,False
36.43109117299255,0.039447371721897294,0.05255433035054579,0.5712321529569526,0.1,False
36.436683052772274,0.03944750800774117,0.052521468779953555,0.571078102795429,0.1,False
36.442274932551996,0.03944764424622861,0.05248861862823352,0.5709239965508072,0.1,False
36.44786681233171,0.03944778043736765,0.052455779893445624,0.5707698342112905,0.1,False
36.45345869211143,0.03944791658116628,0.052422952573652974,0.5706156157651092,0.1,False
36.45905057189115,0.03944805267763253,0.05239013666692152,0.5704613412005191,0.1,False
36.46464245167087,0.03944818872677442,0.0523573321713203,0.5703070105058017,0.1,False
36.470234331450584,0.03944832472859994,0.052324539084921316,0.5701526236692652,0.1,False
36.475826211230306,0.039448460683117095,0.05229175740579958,0.569998180679244,0.1,False
36.48141809101003,0.03944859659033383,0.05225898713203316,0.5698436815240993,0.1,False
36.48700997078975,0.03944873245025814,0.05222622826170309,0.5696891261922178,0.1,False
36.49260185056947,0.03944886826289792,0.05219348079289327,0.5695345146720133,0.1,False
36.498193730349186,0.03944900402826117,0.052160744723690956,0.5693798469519267,0.1,False
36.50378561012891,0.03944913974635575,0.05212802005218621,0.5692251230204255,0.1,False
36.50937748990863,0.03944927541718958,0.052095306776471874,0.5690703428660024,0.1,False
36.514969369688345,0.03944941104077059,0.052062604894644364,0.5689155064771799,0.1,False
36.52056124946807,0.03944954661710664,0.05202991440480231,0.5687606138425035,0.1,False
36.52615312924778,0.03944968214620564,0.05199723530504788,0.568605664950548,0.1,False
36.53174500902751,0.039449817628075486,0.05196456759348617,0.5684506597899149,0.1,False
36.537336888807225,0.039449953062723774,0.051931911268225224,0.5682955983492345,0.1,False
36.54292876858695,0.03945008845015856,0.051899266327376146,0.5681404806171614,0.1,False
36.54852064836667,0.03945022379038764,0.051866632769053005,0.5679853065823789,0.1,False
36.554112528146376,0.0394503590834188,0.05183401059137253,0.5678300762335962,0.1,False
36.559704407926105,0.039450494329259844,0.05180139979245498,0.567674789559552,0.1,False
36.56529628770582,0.03945062952791855,0.05176880037042331,0.5675194465490113,0.1,False
36.57088816748554,0.03945076467940272,0.05173621232340336,0.5673640471907659,0.1,False
36.57648004726526,0.03945089978372008,0.05170363564952432,0.5672085914736373,0.1,False
36.58207192704498,0.03945103484087841,0.051671070346918015,0.5670530793864724,0.1,False
36.5876638068247,0.03945116985088544,0.051638516413719325,0.5668975109181467,0.1,False
36.593255686604415,0.03945130481374884,0.05160597384806612,0.5667418860575633,0.1,False
36.59884756638414,0.039451439729476366,0.051573442648099425,0.566586204793654,0.1,False
36.60443944616386,0.039451574598075696,0.05154092281196305,0.5664304671153778,0.1,False
36.61003132594358,0.039451709419554525,0.05150841433780389,0.5662746730117219,0.1,False
36.615623205723296,0.03945184419392054,0.0514759172237718,0.5661188224717015,0.1,False
36.62121508550302,0.039451978921181394,0.05144343146801933,0.565962915484359,0.1,False
36.62680696528274,0.03945211360134477,0.05141095706870252,0.5658069520387669,0.1,False
36.632398845062454,0.039452248234418244,0.05137849402397998,0.5656509321240245,0.1,False
36.637990724842176,0.03945238282040946,0.05134604233201343,0.5654948557292604,0.1,False
36.64358260462189,0.03945251735932602,0.05131360199096756,0.5653387228436311,0.1,False
36.64917448440161,0.039452651851175566,0.051281172999010055,0.5651825334563215,0.1,False
36.65476636418133,0.039452786295965624,0.05124875535431145,0.5650262875565455,0.1,False
36.66035824396105,0.039452920693703805,0.051216349055045456,0.5648699851335459,0.1,False
36.66595012374077,0.039453055044397674,0.0511839540993884,0.5647136261765924,0.1,False
36.671542003520486,0.03945318934805477,0.05115157048552002,0.5645572106749862,0.1,False
36.677133883300215,0.039453323604682636,0.05111919821162257,0.5644007386180552,0.1,False
36.68272576307993,0.039453457814288814,0.051086837275881654,0.5642442099951572,0.1,False
36.68831764285965,0.0394535919768808,0.05105448767648571,0.5640876247956798,0.1,False
36.69390952263937,0.039453726092466064,0.05102214941162581,0.5639309830090373,0.1,False
36.69950140241909,0.03945386016105213,0.050989822479496336,0.5637742846246748,0.1,False
36.70509328219881,0.03945399418264654,0.05095750687829456,0.5636175296320662,0.1,False
36.710685161978525,0.039454128157256664,0.0509252026062206,0.5634607180207151,0.1,False
36.71627704175825,0.03945426208489011,0.050892909661477775,0.5633038497801538,0.1,False
36.72186892153797,0.03945439596555429,0.050860628042272135,0.5631469248999448,0.1,False
36.72746080131769,0.03945452979925645,0.05082835774681265,0.5629899433696802,0.1,False
36.73305268109741,0.03945466358600407,0.05079609877331141,0.5628329051789817,0.1,False
36.73864456087712,0.039454797325804584,0.050763851119983286,0.5626758103174994,0.1,False
36.74423644065684,0.03945493101866538,0.05073161478504616,0.5625186587749139,0.1,False
36.74982832043656,0.039455064664593795,0.050699389766720955,0.5623614505409368,0.1,False
36.755420200216285,0.03945519826359727,0.050667176063231324,0.5622041856053073,0.1,False
36.761012079996,0.039455331815683156,0.050634973672804104,0.5620468639577962,0.1,False
36.76660395977572,0.039455465320858724,0.05060278259366886,0.5618894855882042,0.1,False
36.772195839555444,0.0394555987791314,0.05057060282405824,0.561732050486361,0.1,False
36.77778771933516,0.039455732190508394,0.05053843436220768,0.5615745586421279,0.1,False
36.78337959911488,0.0394558655549971,0.050506277206355685,0.5614170100453953,0.1,False
36.788971478894595,0.039455998872604744,0.05047413135474365,0.5612594046860849,0.1,False
36.794563358674324,0.03945613214333861,0.05044199680561572,0.5611017425541475,0.1,False
36.80015523845404,0.03945626536720601,0.05040987355721944,0.5609440236395661,0.1,False
36.80574711823376,0.039456398544214205,0.05037776160780484,0.5607862479323528,0.1,False
36.81133899801348,0.039456531674370396,0.050345660955625114,0.5606284154225515,0.1,False
36.8169308777932,0.03945666475768183,0.050313571598936305,0.5604705261002361,0.1,False
36.82252275757292,0.03945679779415573,0.05028149353599729,0.5603125799555109,0.1,False
36.828114637352634,0.039456930783799304,0.05024942676507003,0.5601545769785118,0.1,False
36.833706517132356,0.03945706372661978,0.05021737128441929,0.559996517159405,0.1,False
36.83929839691207,0.039457196622624306,0.05018532709231282,0.5598384004883883,0.1,False
36.84489027669179,0.03945732947182008,0.05015329418702121,0.55968022695569,0.1,False
36.850482156471514,0.03945746227421424,0.05012127256681813,0.5595219965515701,0.1,False
36.85607403625123,0.039457595029813886,0.0500892622299801,0.5593637092663205,0.1,False
36.86166591603095,0.03945772773862629,0.050057263174786426,0.5592053650902618,0.1,False
36.86725779581067,0.039457860400658476,0.050025275399519446,0.5590469640137486,0.1,False
36.872849675590395,0.03945799301591755,0.049993298902464386,0.558888506027166,0.1,False
36.87844155537012,0.03945812558441065,0.04996133368190945,0.5587299911209307,0.1,False
36.88403343514983,0.03945825810614484,0.04992937973614555,0.5585714192854904,0.1,False
36.88962531492955,0.03945839058112719,0.049897437063466756,0.5584127905113256,0.1,False
36.89521719470927,0.03945852300936482,0.04986550566216988,0.5582541047889475,0.1,False
36.90080907448899,0.03945865539086475,0.04983358553055476,0.5580953621089,0.1,False
36.906400954268705,0.03945878772563402,0.049801676666924095,0.5579365624617588,0.1,False
36.911992834048434,0.03945892001367965,0.04976977906958348,0.5577777058381314,0.1,False
36.917584713828155,0.03945905225500865,0.049737892736841184,0.5576187922286562,0.1,False
36.92317659360787,0.039459184449628024,0.04970601766700886,0.5574598216240062,0.1,False
36.928768473387585,0.03945931659754472,0.049674153858400745,0.5573007940148854,0.1,False
36.9343603531673,0.03945944869876586,0.04964230130933394,0.5571417093920288,0.1,False
36.93995223294703,0.039459580753298314,0.04961046001812844,0.556982567746205,0.1,False
36.94554411272674,0.039459712761149034,0.04957862998310741,0.556823369068216,0.1,False
36.951135992506465,0.039459844722324965,0.04954681120259667,0.556664113348895,0.1,False
36.95672787228619,0.039459976636833,0.049515003674924944,0.5565048005791083,0.1,False
36.9623197520659,0.03946010850468015,0.04948320739842389,0.5563454307497543,0.1,False
36.967911631845624,0.03946024032587326,0.04945142237142806,0.556186003851765,0.1,False
36.97350351162534,0.03946037210041925,0.04941964859227485,0.5560265198761044,0.1,False
36.97909539140506,0.03946050382832502,0.04938788605930462,0.5558669788137702,0.1,False
36.98468727118478,0.03946063550959743,0.04935613477086059,0.5557073806557928,0.1,False
36.990279150964504,0.03946076714424333,0.04932439472528877,0.5555477253932353,0.1,False
36.995871030744226,0.03946089873226959,0.04929266592093822,0.5553880130171948,0.1,False
37.00146291052394,0.03946103027368302,0.04926094835616087,0.5552282435188015,0.1,False
37.00705479030366,0.03946116176849031,0.049229242029311115,0.5550684168892179,0.1,False
37.01264667008338,0.03946129321669849,0.049197546938746804,0.5549085331196403,0.1,False
37.0182385498631,0.039461424618314284,0.04916586308282834,0.5547485922012987,0.1,False
37.023830429642814,0.03946155597334447,0.04913419045991905,0.5545885941254566,0.1,False
37.029422309422536,0.03946168728179578,0.04910252906838537,0.5544285388834125,0.1,False
37.03501418920226,0.03946181854367511,0.04907087890659623,0.5542684264664957,0.1,False
37.04060606898197,0.03946194975898938,0.04903923997292377,0.5541082568660705,0.1,False
37.046197948761694,0.03946208092774487,0.04900761226574264,0.5539480300735373,0.1,False
37.05178982854141,0.03946221204994843,0.04897599578343067,0.5537877460803285,0.1,False
37.05738170832114,0.0394623431256069,0.04894439052436831,0.5536274048779093,0.1,False
37.06297358810085,0.03946247415472693,0.04891279648693923,0.5534670064577815,0.1,False
37.068565467880575,0.03946260513731525,0.04888121366952963,0.5533065508114792,0.1,False
37.0741573476603,0.03946273607337851,0.04884964207052863,0.5531460379305715,0.1,False
37.07974922744001,0.03946286696292339,0.048818081688328276,0.5529854678066617,0.1,False
37.08534110721973,0.03946299780595652,0.048786532521323575,0.5528248404313882,0.1,False
37.09093298699945,0.03946312860248458,0.048754994567912324,0.5526641557964237,0.1,False
37.09652486677917,0.039463259352514206,0.048723467826495,0.552503413893474,0.1,False
37.1021167465589,0.03946339005605203,0.048691952295475106,0.5523426147142811,0.1,False
37.107708626338614,0.03946352071310462,0.048660447973259066,0.5521817582506221,0.1,False
37.11330050611833,0.039463651323678565,0.04862895485825593,0.5520208444943074,0.1,False
37.11889238589804,0.039463781887780505,0.04859747294887784,0.5518598734371836,0.1,False
37.124484265677765,0.039463912405416995,0.04856600224353962,0.5516988450711312,0.1,False
37.13007614545749,0.03946404287659464,0.04853454274065898,0.5515377593880663,0.1,False
37.13566802523721,0.03946417330131991,0.04850309443865647,0.5513766163799405,0.1,False
37.14125990501693,0.03946430367959942,0.048471657335955605,0.5512154160387402,0.1,False
37.146851784796645,0.03946443401143964,0.04844023143098261,0.5510541583564875,0.1,False
37.15244366457637,0.039464564296846964,0.0484088167221665,0.55089284332524,0.1,False
37.15803554435608,0.03946469453582815,0.048377413207939625,0.5507314709370906,0.1,False
37.163627424135804,0.03946482472838956,0.048346020886736306,0.5505700411841662,0.1,False
37.16921930391552,0.03946495487453769,0.04831463975699429,0.5504085540586311,0.1,False
37.17481118369525,0.039465084974279016,0.04828326981715411,0.5502470095526851,0.1,False
37.18040306347497,0.039465215027619974,0.04825191106565907,0.5500854076585641,0.1,False
37.185994943254684,0.039465345034567015,0.04822056350095534,0.5499237483685392,0.1,False
37.191586823034406,0.03946547499512656,0.04818922712149185,0.5497620316749178,0.1,False
37.19717870281412,0.039465604909305056,0.048157901925720656,0.5496002575700442,0.1,False
37.20277058259384,0.0394657347771089,0.048126587912095994,0.549438426046296,0.1,False
37.20836246237356,0.039465864598544495,0.048095285079075484,0.5492765370960896,0.1,False
37.21395434215328,0.03946599437361821,0.0480639934251194,0.5491145907118771,0.1,False
37.219546221933,0.03946612410233647,0.04803271294869118,0.5489525868861482,0.1,False
37.225138101712716,0.03946625378470559,0.04800144364825633,0.5487905256114257,0.1,False
37.23072998149244,0.03946638342073189,0.047970185522283784,0.5486284068802724,0.1,False
37.23632186127215,0.03946651301042175,0.04793893856924509,0.5484662306852853,0.1,False
37.241913741051874,0.03946664255378148,0.04790770278761481,0.5483039970191005,0.1,False
37.247505620831596,0.03946677205081744,0.04787647817587008,0.5481417058743887,0.1,False
37.25309750061132,0.0394669015015359,0.04784526473249094,0.5479793572438583,0.1,False
37.25868938039104,0.03946703090594316,0.04781406245596022,0.5478169511202549,0.1,False
37.264281260170755,0.039467160264045495,0.04778287134476364,0.5476544874963607,0.1,False
37.26987313995048,0.039467289575849177,0.047751691397389884,0.5474919663649966,0.1,False
37.27546501973019,0.039467418841360465,0.04772052261232991,0.5473293877190176,0.1,False
37.28105689950991,0.039467548060585604,0.04768936498807802,0.5471667515513187,0.1,False
37.28664877928963,0.03946767723353092,0.04765821852313116,0.547004057854831,0.1,False
37.29224065906936,0.03946780636020252,0.0476270832159891,0.5468413066225243,0.1,False
37.29783253884907,0.03946793544060647,0.047595959065154334,0.546678497847406,0.1,False
37.303424418628786,0.03946806447474921,0.047564846069132055,0.5465156315225177,0.1,False
37.30901629840851,0.0394681934626369,0.047533744226430606,0.5463527076409427,0.1,False
37.31460817818822,0.039468322404275655,0.04750265353556073,0.5461897261957999,0.1,False
37.32020005796795,0.03946845129967167,0.04747157399503643,0.546026687180248,0.1,False
37.325791937747674,0.039468580148831096,0.04744050560337408,0.5458635905874818,0.1,False
37.33138381752739,0.03946870895176007,0.04740944835909316,0.5457004364107357,0.1,False
37.33697569730711,0.03946883770846468,0.047378402260715734,0.5455372246432812,0.1,False
37.342567577086825,0.039468966418951076,0.047347367306766704,0.5453739552784281,0.1,False
37.34815945686655,0.039469095083225374,0.04731634349577385,0.5452106283095248,0.1,False
37.35375133664626,0.03946922370129362,0.047285330826267624,0.5450472437299583,0.1,False
37.359343216425984,0.039469352273161964,0.047254329296781486,0.5448838015331537,0.1,False
37.36493509620571,0.03946948079883644,0.047223338905851474,0.544720301712575,0.1,False
37.37052697598543,0.039469609278323076,0.04719235965201634,0.5445567442617243,0.1,False
37.37611885576515,0.03946973771162802,0.04716139153381792,0.5443931291741428,0.1,False
37.381710735544864,0.039469866098757245,0.04713043454980062,0.544229456443411,0.1,False
37.387302615324586,0.03946999443971676,0.047099488698511695,0.5440657260631477,0.1,False
37.3928944951043,0.03947012273451253,0.047068553978501085,0.5439019380270111,0.1,False
37.39848637488402,0.039470250983150754,0.047037630388321754,0.5437380923286979,0.1,False
37.404078254663744,0.03947037918563726,0.047006717926529155,0.5435741889619443,0.1,False
37.40967013444346,0.039470507341978066,0.04697581659168157,0.5434102279205255,0.1,False
37.41526201422318,0.039470635452179145,0.04694492638234035,0.5432462091982577,0.1,False
37.420853894002896,0.03947076351624645,0.04691404729706936,0.5430821327889948,0.1,False
37.42644577378262,0.03947089153418592,0.046883179334435324,0.5429179986866307,0.1,False
37.43203765356233,0.03947101950600348,0.046852322493007595,0.5427538068850989,0.1,False
37.43762953334206,0.039471147431705114,0.046821476771358284,0.5425895573783711,0.1,False
37.44322141312178,0.03947127531129656,0.046790642168062495,0.5424252501604624,0.1,False
37.4488132929015,0.03947140314478386,0.046759818681698144,0.5422608852254253,0.1,False
37.45440517268122,0.039471530932172885,0.046729006310845485,0.5420964625673513,0.1,False
37.459997052460935,0.03947165867346951,0.04669820505408792,0.5419319821803742,0.1,False
37.46558893224066,0.03947178636867963,0.04666741491001152,0.5417674440586665,0.1,False
37.47118081202037,0.03947191401780904,0.046636635877204936,0.5416028481964411,0.1,False
37.47677269180009,0.03947204162086361,0.046605867954260125,0.5414381945879536,0.1,False
37.48236457157982,0.039472169177849216,0.04657511113977102,0.5412734832274955,0.1,False
37.48795645135953,0.039472296688771606,0.04654436543233486,0.5411087141094024,0.1,False
37.49354833113925,0.03947242415363662,0.0465136308305515,0.5409438872280492,0.1,False
37.499140210918966,0.039472551572450026,0.046482907333023536,0.5407790025778519,0.1,False
37.50473209069869,0.039472678945217644,0.04645219493835627,0.5406140601532665,0.1,False
37.51032397047842,0.03947280627194526,0.04642149364515781,0.5404490599487903,0.1,False
37.51591585025813,0.03947293355263859,0.0463908034520391,0.5402840019589622,0.1,False
37.521507730037854,0.039473060787303366,0.046360124357613615,0.5401188861783612,0.1,False
37.52709960981757,0.03947318797594535,0.046329456360497734,0.5399537126016075,0.1,False
37.53269148959729,0.03947331511857031,0.046298799459310654,0.5397884812233632,0.1,False
37.538283369377005,0.03947344221518393,0.04626815365267395,0.53962319203833,0.1,False
37.54387524915673,0.03947356926579193,0.046237518939212345,0.5394578450412527,0.1,False
37.54946712893645,0.03947369627040002,0.04620689531755311,0.539292440226917,0.1,False
37.55505900871617,0.03947382322901384,0.04617628278632633,0.5391269775901506,0.1,False
37.56065088849589,0.0394739501416391,0.04614568134416474,0.5389614571258219,0.1,False
37.56624276827561,0.03947407700828142,0.04611509098970395,0.5387958788288423,0.1,False
37.57183464805533,0.03947420382894649,0.04608451172158211,0.5386302426941634,0.1,False
37.577426527835044,0.03947433060363986,0.04605394353844028,0.5384645487167806,0.1,False
37.583018407614766,0.03947445733236717,0.04602338643892217,0.5382987968917303,0.1,False
37.58861028739449,0.03947458401513412,0.04599284042167411,0.5381329872140898,0.1,False
37.5942021671742,0.039474710651946264,0.045962305485345384,0.5379671196789807,0.1,False
37.599794046953924,0.03947483724280917,0.045931781628587944,0.5378011942815665,0.1,False
37.60538592673364,0.039474963787728454,0.045901268850056395,0.5376352110170521,0.1,False
37.61097780651336,0.039475090286709646,0.04587076714840814,0.5374691698806862,0.1,False
37.616569686293076,0.039475216739758345,0.0458402765223031,0.5373030708677576,0.1,False
37.6221615660728,0.03947534314688006,0.04580979697040416,0.5371369139736005,0.1,False
37.62775344585253,0.039475469508080334,0.04577932849137678,0.5369706991935902,0.1,False
37.63334532563224,0.03947559582336467,0.04574887108388912,0.536804426523145,0.1,False
37.63893720541196,0.039475722092738606,0.04571842474661232,0.5366380959577275,0.1,False
37.64452908519168,0.03947584831620765,0.04568798947821992,0.5364717074928411,0.1,False
37.6501209649714,0.039475974493777224,0.04565756527738829,0.5363052611240344,0.1,False
37.655712844751115,0.03947610062545319,0.04562715214279661,0.536138756846896,0.1,False
37.66130472453084,0.03947622671124084,0.04559675007312663,0.5359721946570609,0.1,False
37.66689660431056,0.03947635275114523,0.04556635906706271,0.5358055745502085,0.1,False
37.67248848409027,0.039476478745171954,0.045535979123292374,0.5356388965220603,0.1,False
37.678080363869995,0.039476604693326554,0.04550561024050535,0.5354721605683792,0.1,False
37.68367224364971,0.039476730595614455,0.04547525241739419,0.535305366684973,0.1,False
37.68926412342943,0.03947685645204104,0.04544490565265431,0.5351385148676944,0.1,False
37.694856003209146,0.03947698226261172,0.04541456994498368,0.5349716051124386,0.1,False
37.700447882988875,0.03947710802733193,0.04538424529308308,0.5348046374151453,0.1,False
37.7060397627686,0.03947723374620702,0.04535393169565608,0.5346376117717992,0.1,False
37.71163164254831,0.039477359419242304,0.04532362915140849,0.534470528178427,0.1,False
37.717223522328034,0.03947748504644318,0.04529333765904925,0.5343033866311011,0.1,False
37.72281540210775,0.039477610627815025,0.045263057217289834,0.5341361871259374,0.1,False
37.72840728188747,0.03947773616336314,0.04523278782484457,0.5339689296590974,0.1,False
37.733999161667185,0.039477861653092874,0.04520252948043018,0.5338016142267855,0.1,False
37.73959104144691,0.0394779870970095,0.04517228218276626,0.5336342408252517,0.1,False
37.745182921226636,0.03947811249511833,0.0451420459305751,0.5334668094507905,0.1,False
37.75077480100635,0.03947823784742467,0.045111820722581776,0.5332993200997418,0.1,False
37.75636668078607,0.03947836315393381,0.04508160655751391,0.5331317727684897,0.1,False
37.76195856056579,0.03947848841465094,0.04505140343410152,0.5329641674534619,0.1,False
37.7675504403455,0.039478613629581404,0.04502121135107785,0.5327965041511333,0.1,False
37.77314232012523,0.039478738798730394,0.0449910303071786,0.5326287828580236,0.1,False
37.778734199904946,0.03947886392210313,0.04496086030114198,0.5324610035706969,0.1,False
37.78432607968467,0.03947898899970489,0.04493070133170895,0.5322931662857621,0.1,False
37.78991795946438,0.03947911403154081,0.0449005533976235,0.5321252709998764,0.1,False
37.795509839244104,0.03947923901761616,0.04487041649763166,0.5319573177097383,0.1,False
37.80110171902382,0.039479363957936074,0.04484029063048283,0.5317893064120964,0.1,False
37.80669359880354,0.0394794888525058,0.04481017579492843,0.5316212371037408,0.1,False
37.81228547858326,0.039479613701330456,0.044780071989722864,0.5314531097815097,0.1,False
37.817877358362985,0.0394797385044152,0.044749979213623406,0.5312849244422881,0.1,False
37.82346923814271,0.03947986326176515,0.044719897465389596,0.5311166810830052,0.1,False
37.82906111792242,0.03947998797338552,0.04468982674378387,0.5309483797006365,0.1,False
37.83465299770214,0.03948011263928139,0.04465976704757125,0.5307800202922041,0.1,False
37.84024487748186,0.03948023725945788,0.044629718375519475,0.5306116028547765,0.1,False
37.84583675726158,0.03948036183391992,0.04459968072639884,0.5304431273854693,0.1,False
37.8514286370413,0.03948048636267288,0.04456965409898233,0.5302745938814415,0.1,False
37.85702051682102,0.03948061084572171,0.044539638492045744,0.5301060023399026,0.1,False
37.86261239660074,0.039480735283071465,0.04450963390436729,0.529937352758106,0.1,False
37.86820427638045,0.039480859674727205,0.04447964033472804,0.5297686451333538,0.1,False
37.873796156160175,0.03948098402069401,0.04444965778191158,0.5295998794629933,0.1,False
37.87938803593989,0.0394811083209769,0.0444196862447042,0.5294310557444195,0.1,False
37.88497991571961,0.039481232575580866,0.044389725721894854,0.529262173975075,0.1,False
37.89057179549934,0.03948135678451095,0.04435977621227502,0.529093234152448,0.1,False
37.896163675279055,0.03948148094777214,0.044329837714638935,0.5289242362740754,0.1,False
37.90175555505878,0.03948160506536941,0.04429991022778346,0.5287551803375405,0.1,False
37.90734743483849,0.039481729137307776,0.04426999375050833,0.5285860663404761,0.1,False
37.912939314618214,0.03948185316359213,0.04424008828161529,0.5284168942805586,0.1,False
37.91853119439793,0.03948197714422746,0.04421019381990947,0.5282476641555165,0.1,False
37.92412307417765,0.039482101079218825,0.04418031036419804,0.5280783759631213,0.1,False
37.92971495395737,0.039482224968571074,0.044150437913291124,0.5279090297011962,0.1,False
37.935306833737094,0.039482348812289125,0.04412057646600137,0.5277396253676107,0.1,False
37.940898713516816,0.0394824726103779,0.044090726021144215,0.5275701629602829,0.1,False
37.94649059329653,0.03948259636284229,0.044060886577537574,0.5274006424771789,0.1,False
37.952082473076246,0.03948272006968721,0.04403105813400198,0.5272310639163122,0.1,False
37.95767435285596,0.03948284373091753,0.04400124068936064,0.5270614272757455,0.1,False
37.96326623263569,0.039482967346538084,0.04397143424243934,0.5268917325535893,0.1,False
37.96885811241541,0.039483090916553824,0.043941638792066674,0.5267219797480035,0.1,False
37.974449992195126,0.03948321444096959,0.04391185433707348,0.5265521688571945,0.1,False
37.98004187197485,0.03948333791979004,0.043882080876293604,0.5263822998794209,0.1,False
37.98563375175456,0.03948346135302017,0.043852318408563434,0.5262123728129874,0.1,False
37.991225631534284,0.039483584740664754,0.04382256693272178,0.5260423876562479,0.1,False
37.996817511314006,0.0394837080827286,0.04379282644761011,0.5258723444076053,0.1,False
38.00240939109372,0.039483831379216495,0.04376309695207281,0.5257022430655133,0.1,False
38.00800127087345,0.0394839546301332,0.04373337844495637,0.5255320836284718,0.1,False
38.013593150653165,0.03948407783548352,0.04370367092511036,0.5253618660950329,0.1,False
38.01918503043289,0.03948420099527221,0.04367397439138663,0.5251915904637957,0.1,False
38.0247769102126,0.03948432410950403,0.04364428884263997,0.5250212567334113,0.1,False
38.03036878999232,0.03948444717818381,0.04361461427772749,0.5248508649025776,0.1,False
38.035960669772045,0.039484570201316134,0.043584950695508926,0.5246804149700441,0.1,False
38.04155254955176,0.03948469317890571,0.04355529809484678,0.5245099069346104,0.1,False
38.04714442933148,0.03948481611095731,0.04352565647460611,0.5243393407951249,0.1,False
38.0527363091112,0.03948493899747561,0.04349602583365439,0.5241687165504855,0.1,False
38.05832818889092,0.03948506183846532,0.04346640617086193,0.5239980341996415,0.1,False
38.06392006867063,0.039485184633931095,0.04343679748510154,0.5238272937415919,0.1,False
38.069511948450355,0.0394853073838776,0.043407199775248526,0.5236564951753853,0.1,False
38.07510382823008,0.039485430088309535,0.04337761304018091,0.5234856385001213,0.1,False
38.0806957080098,0.03948555274723149,0.04334803727877935,0.5233147237149506,0.1,False
38.08628758778952,0.0394856753606481,0.043318472489926964,0.5231437508190735,0.1,False
38.091879467569235,0.039485797928564,0.04328891867250948,0.5229727198117412,0.1,False
38.09747134734896,0.03948592045098379,0.0432593758254153,0.5228016306922559,0.1,False
38.10306322712867,0.03948604292791198,0.04322984394753531,0.5226304834599713,0.1,False
38.108655106908394,0.039486165359353356,0.04320032303776291,0.5224592781142892,0.1,False
38.114246986688116,0.039486287745312404,0.043170813094994404,0.5222880146546665,0.1,False
38.11983886646783,0.03948641008579368,0.04314131411812846,0.5221166930806094,0.1,False
38.12543074624756,0.039486532380801756,0.043111826106066224,0.521945313391675,0.1,False
38.131022626027274,0.03948665463034119,0.043082349057711494,0.5217738755874717,0.1,False
38.136614505806996,0.03948677683441649,0.043052882971970706,0.5216023796676604,0.1,False
38.142206385586704,0.039486898993032184,0.04302342784775285,0.5214308256319532,0.1,False
38.147798265366426,0.03948702110619278,0.042993983683969485,0.5212592134801138,0.1,False
38.153390145146155,0.03948714317390283,0.04296455047953475,0.5210875432119577,0.1,False
38.15898202492587,0.03948726519616676,0.04293512823336525,0.5209158148273519,0.1,False
38.16457390470559,0.03948738717298908,0.04290571694438021,0.5207440283262159,0.1,False
38.170165784485306,0.03948750910437428,0.042876316611501555,0.5205721837085214,0.1,False
38.17575766426503,0.03948763099032678,0.0428469272336536,0.520400280974292,0.1,False
38.18134954404475,0.03948775283085106,0.04281754880976322,0.5202283201236033,0.1,False
38.186941423824464,0.039487874625951554,0.04278818133875997,0.520056301156584,0.1,False
38.192533303604186,0.03948799637563273,0.04275882481957588,0.5198842240734144,0.1,False
38.19812518338391,0.039488118079898944,0.04272947925114552,0.5197120888743283,0.1,False
38.20371706316363,0.03948823973875463,0.04270014463240614,0.5195398955596122,0.1,False
38.209308942943345,0.039488361352204224,0.04267082096229737,0.5193676441296047,0.1,False
38.21490082272307,0.039488482920252053,0.04264150823976158,0.5191953345846982,0.1,False
38.22049270250279,0.03948860444290253,0.042612206463743516,0.5190229669253372,0.1,False
38.2260845822825,0.039488725920160006,0.042582915633190506,0.5188505411520198,0.1,False
38.231676462062225,0.039488847352028796,0.042553635747052516,0.5186780572652977,0.1,False
38.23726834184194,0.039488968738513305,0.042524366804282045,0.5185055152657755,0.1,False
38.24286022162166,0.039489090079617865,0.04249510880383406,0.5183329151541111,0.1,False
38.24845210140138,0.0394892113753468,0.042465861744665934,0.5181602569310152,0.1,False
38.2540439811811,0.039489332625704386,0.0424366256257379,0.517987540597254,0.1,False
38.25963586096082,0.03948945383069496,0.042407400446012496,0.5178147661536461,0.1,False
38.265227740740535,0.03948957499032278,0.042378186204454805,0.5176419336010637,0.1,False
38.270819620520264,0.03948969610459219,0.042348982900032694,0.5174690429404348,0.1,False
38.27641150029998,0.03948981717350733,0.04231979053171626,0.51729609417274,0.1,False
38.2820033800797,0.03948993819707284,0.04229060909847824,0.517123087299012,0.1,False
38.287595259859415,0.03949005917529257,0.042261438599293946,0.5169500223203427,0.1,False
38.29318713963914,0.039490180108170805,0.04223227903314119,0.5167768992378756,0.1,False
38.29877901941886,0.039490300995711845,0.04220313039900016,0.5166037180528074,0.1,False
38.304370899198574,0.0394904218379199,0.042173992695853785,0.5164304787663913,0.1,False
38.309962778978296,0.039490542634799154,0.04214486592268736,0.5162571813799343,0.1,False
38.31555465875802,0.03949066338635385,0.04211575007848886,0.516083825894799,0.1,False
38.32114653853774,0.03949078409258816,0.042086645162248644,0.5159104123124019,0.1,False
38.32673841831745,0.039490904753506265,0.042057551172959624,0.5157369406342148,0.1,False
38.33233029809717,0.03949102536911231,0.042028468109617335,0.5155634108617659,0.1,False
38.33792217787689,0.03949114593941046,0.041999395971219544,0.515389822996636,0.1,False
38.34351405765661,0.03949126646440493,0.041970334756766835,0.5152161770404631,0.1,False
38.349105937436335,0.03949138694409962,0.04194128446526217,0.5150424729949415,0.1,False
38.35469781721605,0.03949150737849896,0.04191224509571097,0.5148687108618176,0.1,False
38.36028969699577,0.03949162776760697,0.041883216647121226,0.5146948906428962,0.1,False
38.36588157677549,0.0394917481114277,0.04185419911850344,0.5145210123400376,0.1,False
38.37147345655521,0.03949186840996526,0.041825192508870505,0.5143470759551565,0.1,False
38.37706533633493,0.03949198866322372,0.04179619681723809,0.5141730814902259,0.1,False
38.382657216114644,0.03949210887120719,0.04176721204262413,0.513999028947273,0.1,False
38.38824909589437,0.039492229033919704,0.04173823818404891,0.5138249183283805,0.1,False
38.39384097567409,0.03949234915136531,0.04170927524053562,0.5136507496356898,0.1,False
38.39943285545381,0.039492469223548064,0.041680323211109704,0.5134765228713969,0.1,False
38.40502473523353,0.039492589250471985,0.04165138209479907,0.5133022380377548,0.1,False
38.41061661501325,0.03949270923214111,0.041622451890634134,0.5131278951370721,0.1,False
38.41620849479297,0.03949282916855947,0.04159353259764789,0.5129534941717158,0.1,False
38.42180037457268,0.03949294905973108,0.041564624214875785,0.5127790351441086,0.1,False
38.427392254352405,0.03949306890565991,0.04153572674135569,0.5126045180567299,0.1,False
38.43298413413212,0.039493188706349894,0.04150684017612797,0.5124299429121171,0.1,False
38.43857601391184,0.03949330846180502,0.041477964518235405,0.5122553097128633,0.1,False
38.444167893691564,0.03949342817202927,0.04144909976672362,0.512080618461621,0.1,False
38.44975977347128,0.03949354783702657,0.04142024592064024,0.5119058691610978,0.1,False
38.455351653251,0.039493667456800885,0.04139140297903571,0.5117310618140601,0.1,False
38.46094353303072,0.039493787031356135,0.04136257094096262,0.5115561964233305,0.1,False
38.466535412810444,0.03949390656069626,0.04133374980547639,0.5113812729917908,0.1,False
38.47212729259016,0.03949402604482509,0.041304939571634565,0.5112062915223792,0.1,False
38.47771917236988,0.03949414548374656,0.04127614023849751,0.5110312520180933,0.1,False
38.4833110521496,0.03949426487746459,0.04124735180512776,0.5108561544819868,0.1,False
38.48890293192932,0.03949438422598301,0.04121857427059054,0.5106809989171734,0.1,False
38.49449481170904,0.03949450352930572,0.041189807633953426,0.5105057853268239,0.1,False
38.500086691488754,0.03949462278743654,0.04116105189428637,0.5103305137141668,0.1,False
38.50567857126848,0.039494742000379356,0.04113230705066193,0.5101551840824902,0.1,False
38.51127045104819,0.03949486116813799,0.04110357310215511,0.5099797964351404,0.1,False
38.51686233082791,0.03949498029071628,0.041074850047843184,0.509804350775521,0.1,False
38.522454210607634,0.03949509936811804,0.04104613788680613,0.5096288471070964,0.1,False
38.52804609038735,0.039495218400347074,0.041017436618126304,0.5094532854333891,0.1,False
38.53363797016708,0.03949533738740717,0.04098874624088843,0.50927766575798,0.1,False
38.53922984994679,0.0394954563293021,0.04096006675417973,0.5091019880845092,0.1,False
38.544821729726515,0.039495575226035695,0.040931398157089856,0.5089262524166763,0.1,False
38.55041360950623,0.03949569407761165,0.040902740448710874,0.5087504587582395,0.1,False
38.55600548928595,0.03949581288403376,0.040874093628137376,0.5085746071130175,0.1,False
38.56159736906567,0.03949593164530579,0.0408454576944664,0.5083986974848874,0.1,False
38.56718924884539,0.03949605036143144,0.040816832646797495,0.5082227298777876,0.1,False
38.57278112862511,0.03949616903241443,0.0407882184842323,0.5080467042957135,0.1,False
38.57837300840483,0.039496287658258494,0.040759615205875135,0.5078706207427218,0.1,False
38.58396488818455,0.03949640623896734,0.04073102281083288,0.50769447922293,0.1,False
38.589556767964275,0.03949652477454472,0.04070244129821456,0.5075182797405131,0.1,False
38.59514864774399,0.03949664326499414,0.04067387066713182,0.5073420222997096,0.1,False
38.60074052752371,0.03949676171031942,0.04064531091669876,0.5071657069048158,0.1,False
38.60633240730343,0.03949688011052428,0.04061676204603172,0.5069893335601882,0.1,False
38.61192428708315,0.03949699846561227,0.04058822405424975,0.5068129022702461,0.1,False
38.61751616686286,0.03949711677558703,0.04055969694047404,0.5066364130394676,0.1,False
38.623108046642585,0.0394972350404522,0.04053118070382835,0.506459865872392,0.1,False
38.62869992642231,0.03949735326021145,0.04050267534343888,0.5062832607736191,0.1,False
38.63429180620202,0.039497471434868335,0.040474180858434045,0.5061065977478091,0.1,False
38.639883685981744,0.03949758956442651,0.04044569724794486,0.5059298767996842,0.1,False
38.64547556576146,0.03949770764888954,0.04041722451110456,0.5057530979340263,0.1,False
38.65106744554119,0.039497825688260976,0.04038876264704932,0.5055762611556823,0.1,False
38.6566593253209,0.039497943682544494,0.04036031165491705,0.5053993664695553,0.1,False
38.662251205100624,0.03949806163174362,0.040331871533848394,0.505222413880613,0.1,False
38.667843084880346,0.03949817953586188,0.04030344228298645,0.5050454033938843,0.1,False
38.67343496466006,0.03949829739490284,0.04027502390147655,0.504868335014459,0.1,False
38.67902684443978,0.03949841520887003,0.040246616388466536,0.5046912087474895,0.1,False
38.6846187242195,0.03949853297776697,0.040218219743106666,0.50451402459819,0.1,False
38.69021060399922,0.03949865070159715,0.040189833964549594,0.5043367825718367,0.1,False
38.69580248377894,0.03949876838036412,0.04016145905195023,0.5041594826737671,0.1,False
38.701394363558656,0.03949888601407136,0.04013309500446619,0.5039821249093828,0.1,False
38.70698624333838,0.03949900360272238,0.040104741821257076,0.5038047092841452,0.1,False
38.71257812311809,0.03949912114632055,0.0400763995014852,0.503627235803581,0.1,False
38.718170002897814,0.03949923864486943,0.04004806804431505,0.503449704473277,0.1,False
38.723761882677536,0.03949935609837248,0.04001974744891355,0.5032721152988829,0.1,False
38.72935376245726,0.039499473506833103,0.03999143771445017,0.5030944682861137,0.1,False
38.73494564223697,0.03949959087025475,0.03996313884009654,0.5029167634407443,0.1,False
38.740537522016695,0.03949970818864085,0.03993485082502677,0.5027390007686142,0.1,False
38.746129401796416,0.039499825461994806,0.039906573668417454,0.5025611802756264,0.1,False
38.75172128157613,0.039499942690320054,0.03987830736944738,0.5023833019677458,0.1,False
38.75731316135585,0.03950005987361997,0.03985005192729785,0.5022053658510021,0.1,False
38.76290504113557,0.03950017701189794,0.03982180734115246,0.5020273719314874,0.1,False
38.7684969209153,0.03950029410515734,0.0397935736101972,0.501849320215358,0.1,False
38.77408880069502,0.03950041115340153,0.03976535073362041,0.5016712107088335,0.1,False
38.77968068047473,0.03950052815663387,0.03973713871061282,0.5014930434181976,0.1,False
38.785272560254455,0.039500645114857735,0.03970893754036746,0.5013148183497971,0.1,False
38.79086444003416,0.039500762028076404,0.039680747222079794,0.5011365355100442,0.1,False
38.79645631981389,0.039500878896293265,0.03965256775494769,0.5009581949054144,0.1,False
38.80204819959361,0.03950099571951161,0.03962439913817139,0.5007797965424484,0.1,False
38.80764007937333,0.0395011124977347,0.03959624137095324,0.5006013404277497,0.1,False
38.81323195915305,0.039501229230966016,0.039568094452498176,0.5004228265679863,0.1,False
38.818823838932765,0.039501345919208675,0.03953995838201354,0.5002442549698933,0.1,False
38.82441571871249,0.039501462562465985,0.03951183315870882,0.5000656256402685,0.1,False
38.8300075984922,0.03950157916074117,0.039483718781795935,0.4998869385859743,0.1,False
38.835599478271924,0.03950169571403753,0.0394556152504892,0.4997081938139393,0.1,False
38.841191358051645,0.03950181222235834,0.03942752256400528,0.4995293913311563,0.1,False
38.84678323783137,0.03950192868570681,0.039399440721563275,0.49935053114468453,0.1,False
38.85237511761109,0.03950204510408616,0.0393713697223842,0.49917161326164544,0.1,False
38.857966997390804,0.039502161477499666,0.03934330956569183,0.4989926376892287,0.1,False
38.863558877170526,0.0395022778059505,0.03931526025071207,0.4988136044346882,0.1,False
38.86915075695024,0.039502394089441874,0.03928722177667341,0.49863451350534505,0.1,False
38.87474263672996,0.039502510327976983,0.039259194142806444,0.4984553649085845,0.1,False
38.88033451650968,0.03950262652155899,0.03923117734834427,0.4982761586518591,0.1,False
38.8859263962894,0.03950274267019106,0.039203171392522045,0.4980968947426853,0.1,False
38.89151827606912,0.039502858773876444,0.03917517627457754,0.49791757318864727,0.1,False
38.897110155848836,0.03950297483261814,0.039147191993750545,0.49773819399739455,0.1,False
38.90270203562856,0.03950309084641941,0.039119218549283456,0.4975587571766435,0.1,False
38.90829391540827,0.03950320681528335,0.0390912559404208,0.49737926273417626,0.1,False
38.913885795188,0.039503322739213094,0.03906330416640968,0.497199710677843,0.1,False
38.919477674967716,0.039503438618211754,0.039035363226499344,0.49702010101555977,0.1,False
38.92506955474744,0.039503554452282416,0.039007433119941336,0.49684043375530923,0.1,False
38.93066143452716,0.039503670241428174,0.03897951384598948,0.4966607089051403,0.1,False
38.936253314306875,0.03950378598565199,0.038951605403899935,0.4964809264731703,0.1,False
38.941845194086596,0.03950390168495719,0.03892370779293121,0.49630108646758153,0.1,False
38.94743707386631,0.03950401733934673,0.0388958210123441,0.4961211888966254,0.1,False
38.95302895364603,0.03950413294882366,0.03886794506140194,0.4959412337686215,0.1,False
38.95862083342576,0.03950424851339105,0.03884007993936988,0.4957612210919541,0.1,False
38.96421271320548,0.039504364033051916,0.038812225645515674,0.4955811508750767,0.1,False
38.9698045929852,0.0395044795078093,0.038784382179109456,0.4954010231265109,0.1,False
38.97539647276491,0.03950459493766618,0.03875654953942353,0.4952208378548461,0.1,False
38.98098835254463,0.03950471032262555,0.03872872772573244,0.49504059506873865,0.1,False
38.98658023232435,0.03950482566269048,0.038700916737313226,0.4948602947769139,0.1,False
38.99217211210407,0.039504940957863936,0.0386731165734448,0.4946799369881631,0.1,False
38.997763991883794,0.039505056208148884,0.03864532723340884,0.4944995217113492,0.1,False
39.00335587166351,0.0395051714135483,0.03861754871648903,0.49431904895540124,0.1,False
39.00894775144323,0.039505286574065136,0.03858978102197152,0.4941385187293181,0.1,False
39.014539631222945,0.03950540168970231,0.03856202414914453,0.4939579310421661,0.1,False
39.02013151100267,0.039505516760462864,0.03853427809729884,0.4937772859030816,0.1,False
39.02572339078238,0.03950563178634965,0.03850654286572723,0.49359658332126866,0.1,False
39.03131527056211,0.039505746767365624,0.03847881845372499,0.4934158233060014,0.1,False
39.03690715034183,0.03950586170351368,0.03845110486058932,0.493235005866621,0.1,False
39.04249903012155,0.03950597659479675,0.03842340208562023,0.4930541310125409,0.1,False
39.04809090990127,0.039506091441217576,0.03839571012811944,0.4928731987532417,0.1,False
39.053682789680984,0.03950620624277928,0.03836802898739122,0.49269220909827244,0.1,False
39.059274669460706,0.03950632099948467,0.038340358662742394,0.4925111620572558,0.1,False
39.06486654924042,0.039506435711336614,0.038312699153481324,0.49233005763987886,0.1,False
39.07045842902014,0.03950655037833794,0.03828505045891922,0.4921488958559026,0.1,False
39.076050308799864,0.03950666500049146,0.0382574125783694,0.49196767671515684,0.1,False
39.08164218857958,0.03950677957780005,0.038229785511147564,0.4917864002275421,0.1,False
39.0872340683593,0.03950689411026653,0.038202169256571376,0.49160506640302687,0.1,False
39.092825948139016,0.039507008597893745,0.03817456381396092,0.49142367525165154,0.1,False
39.09841782791874,0.039507123040684475,0.038146969182638574,0.4912422267835269,0.1,False
39.10400970769846,0.03950723743864154,0.038119385361928874,0.49106072100883363,0.1,False
39.10960158747818,0.03950735179176769,0.038091812351158584,0.4908791579378233,0.1,False
39.1151934672579,0.03950746610006573,0.038064250149656885,0.4906975375808189,0.1,False
39.12078534703762,0.03950758036353845,0.03803669875675501,0.490515859948213,0.1,False
39.12637722681734,0.03950769458218861,0.03800915817178645,0.49033412505046964,0.1,False
39.131969106597055,0.039507808756018954,0.037981628394087134,0.490152332898125,0.1,False
39.137560986376776,0.039507922885032236,0.03795410942299497,0.4899704835017849,0.1,False
39.14315286615649,0.039508036969231206,0.037926601257850225,0.48978857687212707,0.1,False
39.14874474593622,0.039508151008618514,0.0378991038979953,0.48960661301990094,0.1,False
39.15433662571594,0.03950826500319707,0.0378716173427751,0.4894245919559274,0.1,False
39.15992850549566,0.03950837895296938,0.037844141591536436,0.48924251369109945,0.1,False
39.16552038527537,0.03950849285793823,0.03781667664362853,0.48906037823638127,0.1,False
39.171112265055086,0.03950860671810631,0.03778922249840274,0.488878185602809,0.1,False
39.176704144834815,0.03950872053347631,0.03776177915521263,0.4886959358014907,0.1,False
39.18229602461453,0.039508834304050895,0.037734346613414196,0.48851362884360783,0.1,False
39.18788790439425,0.0395089480298327,0.03770692487236539,0.4883312647404132,0.1,False
39.193479784173974,0.03950906171082441,0.03767951393142639,0.48814884350323096,0.1,False
39.19907166395369,0.03950917534702865,0.03765211378995976,0.4879663651434597,0.1,False
39.20466354373341,0.03950928893844805,0.037624724447330254,0.4877838296725705,0.1,False
39.210255423513125,0.039509402485085256,0.03759734590290459,0.48760123710210507,0.1,False
39.21584730329285,0.03950951598694285,0.03756997815605197,0.4874185874436804,0.1,False
39.221439183072576,0.039509629444023524,0.03754262120614365,0.4872358807089848,0.1,False
39.22703106285229,0.039509742856329785,0.037515275052553164,0.4870531169097813,0.1,False
39.23262294263201,0.039509856223864256,0.03748793969465629,0.48687029605790555,0.1,False
39.23821482241173,0.039509969546629504,0.03746061513183087,0.48668741816526606,0.1,False
39.24380670219145,0.039510082824628125,0.03743330136345688,0.4865044832438444,0.1,False
39.249398581971164,0.03951019605786266,0.03740599838891665,0.48632149130569663,0.1,False
39.254990461750886,0.039510309246335674,0.03737870620759464,0.4861384423629522,0.1,False
39.26058234153061,0.03951042239004969,0.03735142481887766,0.4859553364278157,0.1,False
39.26617422131032,0.039510535489007285,0.03732415422215439,0.4857721735125633,0.1,False
39.271766101090044,0.03951064854321083,0.03729689441681619,0.48558895362954946,0.1,False
39.27735798086976,0.0395107615526631,0.037269645402255976,0.48540567679119634,0.1,False
39.28294986064948,0.039510874517366464,0.03724240717786917,0.4852223430100051,0.1,False
39.288541740429196,0.03951098743732345,0.037215179743053384,0.48503895229855015,0.1,False
39.294133620208925,0.03951110031253652,0.037187963097208336,0.4848555046694806,0.1,False
39.29972549998865,0.03951121314300818,0.03716075723973598,0.48467200013552025,0.1,False
39.30531737976836,0.03951132592874089,0.037133562170040386,0.48448843870946745,0.1,False
39.31090925954808,0.03951143866973708,0.03710637788752786,0.4843048204041964,0.1,False
39.3165011393278,0.03951155136599924,0.03707920439160678,0.48412114523265487,0.1,False
39.32209301910752,0.03951166401752979,0.037052041681687804,0.4839374132078672,0.1,False
39.327684898887235,0.03951177662433123,0.03702488975718381,0.48375362434293284,0.1,False
39.333276778666956,0.03951188918640592,0.03699774861750928,0.4835697786510238,0.1,False
39.338868658446685,0.039512001703756294,0.036970618262081666,0.48338587614539236,0.1,False
39.3444605382264,0.0395121141763848,0.036943498690319994,0.4832019168393626,0.1,False
39.35005241800612,0.03951222660429378,0.03691638990164564,0.4830179007463362,0.1,False
39.35564429778583,0.039512338987485664,0.03688929189548227,0.48283382787979107,0.1,False
39.36123617756555,0.0395124513259628,0.03686220467125544,0.48264969825327997,0.1,False
39.36682805734527,0.03951256361972757,0.03683512822839295,0.482465511880432,0.1,False
39.372419937124995,0.039512675868782376,0.0368080625663248,0.4822812687749529,0.1,False
39.37801181690472,0.03951278807312959,0.036781007684483114,0.48209696895062465,0.1,False
39.38360369668443,0.03951290023277143,0.03675396358230212,0.4819126124213066,0.1,False
39.389195576464154,0.039513012347710354,0.03672693025921823,0.48172819920093346,0.1,False
39.39478745624387,0.03951312441794865,0.03669990771467003,0.48154372930351774,0.1,False
39.40037933602359,0.03951323644348865,0.036672895948097695,0.48135920274314503,0.1,False
39.405971215803305,0.03951334842433268,0.036645894958944464,0.48117461953398394,0.1,False
39.411563095583034,0.03951346036048298,0.03661890474665532,0.4809899796902785,0.1,False
39.417154975362756,0.03951357225194189,0.03659192531067689,0.4808052832263458,0.1,False
39.42274685514247,0.0395136840987117,0.03656495665045848,0.48062053015658424,0.1,False
39.42833873492219,0.03951379590079471,0.036537998765451496,0.48043572049546945,0.1,False
39.43393061470191,0.03951390765819315,0.036511051655109164,0.4802508542575533,0.1,False
39.43952249448163,0.03951401937090926,0.03648411531888691,0.4800659314574654,0.1,False
39.44511437426135,0.03951413103894533,0.03645718975624253,0.47988095210991494,0.1,False
39.450706254041066,0.03951424266230357,0.03643027496663563,0.4796959162296874,0.1,False
39.45629813382079,0.03951435424098621,0.0364033709495281,0.479510823831647,0.1,False
39.4618900136005,0.039514465774995525,0.03637647770438389,0.4793256749307362,0.1,False
39.467481893380224,0.03951457726433366,0.03634959523066898,0.4791404695419754,0.1,False
39.47307377315994,0.03951468870900288,0.03632272352785158,0.47895520768046385,0.1,False
39.47866565293966,0.03951480010900535,0.03629586259540182,0.47876988936137876,0.1,False
39.48425753271939,0.03951491146434318,0.03626901243279225,0.47858451459997825,0.1,False
39.489849412499105,0.03951502277501873,0.03624217303949713,0.4783990834115953,0.1,False
39.49544129227883,0.03951513404103407,0.03621534441499302,0.4782135958116449,0.1,False
39.50103317205854,0.03951524526239138,0.03618852655875872,0.4780280518156214,0.1,False
39.50662505183826,0.03951535643909282,0.036161719470274564,0.47784245143909465,0.1,False
39.51221693161798,0.03951546757114053,0.03613492314902362,0.47765679469771827,0.1,False
39.5178088113977,0.03951557865853661,0.036108137594490664,0.477471081607223,0.1,False
39.52340069117742,0.03951568970128324,0.03608136280616261,0.47728531218341896,0.1,False
39.52899257095714,0.0395158006993825,0.03605459878352865,0.47709948644219796,0.1,False
39.534584450736865,0.0395159116528365,0.036027845526079634,0.4769136043995283,0.1,False
39.54017633051657,0.039516022561647386,0.03600110303330879,0.4767276660714602,0.1,False
39.545768210296295,0.039516133425817196,0.03597437130471148,0.4765416714741251,0.1,False
39.55136009007601,0.039516244245348026,0.03594765033978508,0.47635562062373343,0.1,False
39.55695196985574,0.039516355020241964,0.03592094013802883,0.476169513536575,0.1,False
39.56254384963546,0.03951646575050108,0.0358942406989443,0.4759833502290216,0.1,False
39.568135729415175,0.03951657643612744,0.03586755202203483,0.47579713071752366,0.1,False
39.5737276091949,0.0395166870771231,0.03584087410680611,0.4756108550186142,0.1,False
39.57931948897461,0.039516797673490096,0.0358142069527657,0.47542452314890604,0.1,False
39.584911368754334,0.03951690822523047,0.035787550559423294,0.47523813512509316,0.1,False
39.59050324853405,0.03951701873234614,0.03576090492629065,0.4750516909639514,0.1,False
39.59609512831377,0.03951712919483931,0.03573427005288148,0.4748651906823354,0.1,False
39.6016870080935,0.039517239612711905,0.03570764593871175,0.47467863429718404,0.1,False
39.607278887873214,0.03951734998596592,0.03568103258329922,0.47449202182551553,0.1,False
39.612870767652936,0.03951746031460333,0.03565442998616391,0.4743053532844312,0.1,False
39.61846264743265,0.03951757059862616,0.035627838146827503,0.4741186286911109,0.1,False
39.62405452721237,0.03951768083803633,0.03560125706481418,0.47393184806282024,0.1,False
39.629646406992094,0.03951779103283582,0.035574686739649884,0.47374501141690445,0.1,False
39.63523828677181,0.03951790118302662,0.035548127170862705,0.47355811877079124,0.1,False
39.64083016655153,0.03951801128861063,0.03552157835798277,0.47337117014199126,0.1,False
39.646422046331246,0.03951812134958981,0.03549504030054212,0.47318416554809606,0.1,False
39.65201392611097,0.039518231365966154,0.035468512998074915,0.47299710500678016,0.1,False
39.65760580589068,0.03951834133774152,0.035441996450117315,0.4728099885358011,0.1,False
39.663197685670404,0.039518451264917855,0.03541549065620741,0.4726228161529979,0.1,False
39.668789565450126,0.03951856114749704,0.03538899561588542,0.47243558787629353,0.1,False
39.67438144522985,0.03951867098548103,0.035362511328693655,0.47224830372369386,0.1,False
39.67997332500957,0.03951878077887165,0.03533603779417623,0.472060963713287,0.1,False
39.685565204789285,0.039518890527670755,0.035309575011879424,0.471873567863245,0.1,False
39.69115708456901,0.03951900023188033,0.03528312298135148,0.4716861161918224,0.1,False
39.69674896434872,0.03951910989150212,0.03525668170214241,0.47149860871735666,0.1,False
39.70234084412844,0.03951921950653803,0.03523025117380491,0.47131104545827246,0.1,False
39.707932723908165,0.03951932907698992,0.035203831395892886,0.4711234264330727,0.1,False
39.71352460368788,0.03951943860285965,0.03517742236796268,0.4709357516603474,0.1,False
39.71911648346761,0.03951954808414898,0.03515102408957248,0.4707480211587698,0.1,False
39.724708363247316,0.039519657520859806,0.035124636560282425,0.47056023494709615,0.1,False
39.73030024302704,0.03951976691299393,0.03509825977965485,0.4703723930441685,0.1,False
39.73589212280675,0.039519876260553144,0.03507189374725393,0.47018449546891256,0.1,False
39.741484002586475,0.03951998556353927,0.035045538462645784,0.46999654224033754,0.1,False
39.747075882366204,0.03952009482195406,0.03501919392539862,0.4698085333775385,0.1,False
39.75266776214592,0.039520204035799346,0.034992860135082585,0.4696204688996943,0.1,False
39.75825964192564,0.039520313205076846,0.03496653709126986,0.4694323488260697,0.1,False
39.763851521705355,0.03952042232978843,0.03494022479353453,0.4692441731760127,0.1,False
39.76944340148508,0.039520531409935715,0.034913923241452635,0.46905594196895783,0.1,False
39.77503528126479,0.03952064044552051,0.03488763243460214,0.46886765522442314,0.1,False
39.780627161044514,0.03952074943654459,0.03486135237256314,0.4686793129620133,0.1,False
39.786219040824236,0.039520858383009776,0.03483508305491752,0.46849091520141695,0.1,False
39.79181092060396,0.039520967284917524,0.03480882448124937,0.46830246196241193,0.1,False
39.79740280038368,0.03952107614226985,0.034782576651144516,0.4681139532648568,0.1,False
39.802994680163394,0.039521184955068074,0.03475633956419074,0.4679253891287001,0.1,False
39.808586559943116,0.0395212937233143,0.034730113219977966,0.4677367695739726,0.1,False
39.81417843972284,0.03952140244701007,0.0347038976180977,0.46754809462079217,0.1,False
39.81977031950255,0.03952151112615712,0.03467769275814381,0.46735936428936425,0.1,False
39.825362199282274,0.03952161976075681,0.034651498639711925,0.4671705785999816,0.1,False
39.83095407906199,0.0395217283508115,0.03462531526239956,0.46698173757301675,0.1,False
39.83654595884171,0.03952183689632212,0.03459914262580626,0.4667928412289384,0.1,False
39.842137838621426,0.0395219453972909,0.03457298072953354,0.4666038895882933,0.1,False
39.84772971840115,0.039522053853718424,0.03454682957318489,0.46641488267172637,0.1,False
39.85332159818086,0.03952216226560835,0.03452068915636548,0.4662258204999479,0.1,False
39.858913477960584,0.0395222706329609,0.034494559478682664,0.46603670309377837,0.1,False
39.86450535774031,0.03952237895577807,0.034468440539745654,0.465847530474114,0.1,False
39.87009723752003,0.039522487234061376,0.03444233233916551,0.4656583026619405,0.1,False
39.87568911729975,0.03952259546781203,0.034416234876555415,0.4654690196783346,0.1,False
39.881280997079465,0.039522703657031755,0.03439014815153017,0.4652796815444548,0.1,False
39.88687287685919,0.03952281180172241,0.034364072163706634,0.46509028828154736,0.1,False
39.89246475663891,0.039522919901885334,0.03433800691270372,0.4649008399109508,0.1,False
39.89805663641862,0.03952302795752216,0.03431195239814209,0.46471133645408835,0.1,False
39.903648516198345,0.03952313596863451,0.034285908619644305,0.4645217779324711,0.1,False
39.90924039597807,0.03952324393522408,0.03425987557683494,0.4643321643676987,0.1,False
39.91483227575778,0.03952335185729216,0.03423385326934049,0.4641424957814616,0.1,False
39.920424155537496,0.03952345973484045,0.03420784169678914,0.46395277219553466,0.1,False
39.92601603531722,0.03952356756787054,0.03418184085881116,0.4637629936317832,0.1,False
39.93160791509694,0.03952367535638378,0.03415585075503884,0.4635731601121634,0.1,False
39.93719979487666,0.03952378310038187,0.03412987138510597,0.4633832716587154,0.1,False
39.942791674656384,0.03952389079986617,0.034103902748648496,0.46319332829357196,0.1,False
39.9483835544361,0.03952399845483832,0.03407794484530437,0.4630033300389543,0.1,False
39.95397543421582,0.03952410606529969,0.034051997674713105,0.4628132769171718,0.1,False
39.959567313995535,0.039524213631251894,0.034026061236516136,0.46262316895062205,0.1,False
39.96515919377526,0.03952432115269631,0.03400013553035721,0.4624330061617963,0.1,False
39.97075107355498,0.03952442862963438,0.033974220555881465,0.4622427885732716,0.1,False
39.976342953334694,0.03952453606206775,0.03394831631273611,0.4620525162077149,0.1,False
39.98193483311442,0.03952464344999772,0.03392242280057038,0.4618621890878861,0.1,False
39.98752671289414,0.039524750793425774,0.033896540019034936,0.4616718072366303,0.1,False
39.99311859267386,0.039524858092353336,0.03387066796778286,0.46148137067688744,0.1,False
39.998710472453574,0.03952496534678189,0.03384480664646862,0.46129087943168334,0.1,False
40.00430235223329,0.03952507255671284,0.03381895605474876,0.4611003335241366,0.1,False
40.00989423201302,0.03952517972214756,0.03379311619228174,0.4609097329774564,0.1,False
40.01548611179273,0.03952528684308747,0.03376728705872778,0.46071907781494165,0.1,False
40.021077991572454,0.03952539391953401,0.03374146865374882,0.46052836805998076,0.1,False
40.02666987135217,0.03952550095148854,0.03371566097700906,0.46033760373605626,0.1,False
40.03226175113189,0.039525607938952496,0.03368986402817418,0.4601467848667387,0.1,False
40.037853630911606,0.039525714881927194,0.03366407780691179,0.4599559114756908,0.1,False
40.04344551069133,0.03952582178041406,0.03363830231289137,0.459764983586666,0.1,False
40.04903739047105,0.03952592863441441,0.03361253754578428,0.45957400122351,0.1,False
40.05462927025077,0.039526035443929686,0.03358678350526366,0.45938296441015863,0.1,False
40.06022115003049,0.03952614220896111,0.033561040191004324,0.4591918731706395,0.1,False
40.06581302981021,0.0395262489295101,0.03353530760268327,0.4590007275290732,0.1,False
40.07140490958993,0.03952635560557795,0.03350958573997903,0.45880952750967086,0.1,False
40.07699678936965,0.03952646223716601,0.03348387460257219,0.4586182731367365,0.1,False
40.08258866914937,0.03952656882427566,0.03345817419014495,0.45842696443466485,0.1,False
40.08818054892909,0.039526675366908105,0.033432484502381496,0.4582356014279448,0.1,False
40.0937724287088,0.0395267818650647,0.033406805538967695,0.45804418414115583,0.1,False
40.099364308488525,0.039526888318746706,0.03338113729959128,0.45785271259897053,0.1,False
40.10495618826824,0.03952699472795551,0.03335547978394191,0.4576611868261543,0.1,False
40.11054806804796,0.03952710109269222,0.03332983299171095,0.4574696068475661,0.1,False
40.11613994782768,0.039527207412958246,0.03330419692259136,0.45727797268815407,0.1,False
40.1217318276074,0.039527313688754805,0.03327857157627819,0.45708628437296306,0.1,False
40.12732370738713,0.03952741992008319,0.033252956952468306,0.45689454192713,0.1,False
40.13291558716684,0.03952752610694461,0.03322735305086023,0.45670274537588496,0.1,False
40.138507466946564,0.039527632249340305,0.033201759871154306,0.45651089474455114,0.1,False
40.14409934672628,0.039527738347271586,0.03317617741305268,0.4563189900585447,0.1,False
40.149691226506,0.03952784440073958,0.03315060567625928,0.45612703134337645,0.1,False
40.15528310628572,0.03952795040974559,0.03312504466047988,0.45593501862465036,0.1,False
40.16087498606544,0.039528056374290785,0.033099494365421964,0.45574295192806435,0.1,False
40.16646686584516,0.039528162294376355,0.03307395479079478,0.45555083127941015,0.1,False
40.17205874562488,0.039528268170003565,0.033048425936309515,0.45535865670457426,0.1,False
40.1776506254046,0.039528374001173525,0.03302290780167889,0.4551664282295363,0.1,False
40.18324250518432,0.03952847978788745,0.03299740038661757,0.4549741458803713,0.1,False
40.18883438496404,0.039528585530146536,0.03297190369084194,0.45478180968324783,0.1,False
40.194426264743754,0.039528691227951954,0.03294641771407007,0.4545894196644292,0.1,False
40.200018144523476,0.03952879688130486,0.03292094245602194,0.4543969758502741,0.1,False
40.2056100243032,0.039528902490206366,0.0328954779164193,0.45420447826723687,0.1,False
40.21120190408291,0.039529008054657644,0.03287002409498536,0.4540119269418637,0.1,False
40.216793783862634,0.039529113574659866,0.032844580991445396,0.4538193219007985,0.1,False
40.22238566364235,0.03952921905021417,0.032819148605526385,0.45362666317078015,0.1,False
40.22797754342207,0.03952932448132165,0.03279372693695709,0.4534339507786433,0.1,False
40.23356942320179,0.03952942986798339,0.03276831598546763,0.4532411847513152,0.1,False
40.23916130298151,0.03952953521020057,0.03274291575079048,0.4530483651158229,0.1,False
40.24475318276124,0.03952964050797427,0.0327175262326594,0.4528554918992861,0.1,False
40.25034506254095,0.03952974576130559,0.03269214743081012,0.4526625651289219,0.1,False
40.25593694232067,0.03952985097019561,0.032666779344980044,0.4524695848320434,0.1,False
40.261528822100395,0.03952995613464537,0.03264142197490809,0.4522765510360579,0.1,False
40.26712070188011,0.039530061254656024,0.032616075320335156,0.4520834637684706,0.1,False
40.27271258165983,0.03953016633022858,0.03259073938100382,0.4518903230568832,0.1,False
40.27830446143955,0.03953027136136411,0.03256541415665838,0.4516971289289936,0.1,False
40.28389634121927,0.039530376348063695,0.03254009964704507,0.4515038814125979,0.1,False
40.28948822099898,0.039530481290328365,0.03251479585191125,0.45131058053558465,0.1,False
40.295080100778705,0.03953058618815917,0.03248950277100644,0.4511172263259427,0.1,False
40.30067198055843,0.03953069104155711,0.03246422040408188,0.450923818811758,0.1,False
40.30626386033814,0.039530795850523194,0.032438948750890345,0.4507303580212125,0.1,False
40.31185574011786,0.03953090061505853,0.03241368781118643,0.45053684398258514,0.1,False
40.317447619897585,0.03953100533516408,0.032388437584726405,0.45034327672425367,0.1,False
40.32303949967731,0.039531110010840836,0.032363198071268216,0.45014965627469217,0.1,False
40.32863137945702,0.039531214642089835,0.03233796927057154,0.44995598266247294,0.1,False
40.334223259236744,0.03953131922891203,0.032312751182397625,0.4497622559162651,0.1,False
40.339815139016466,0.0395314237713084,0.032287543806509514,0.4495684760648367,0.1,False
40.34540701879618,0.03953152826927994,0.03226234714267206,0.4493746431370541,0.1,False
40.3509988985759,0.03953163272282763,0.032237161190651425,0.4491807571618797,0.1,False
40.35659077835562,0.039531737131952356,0.03221198595021594,0.4489868181683777,0.1,False
40.362182658135346,0.03953184149665521,0.03218682142113531,0.44879282618570754,0.1,False
40.36777453791506,0.039531945816937024,0.03216166760318085,0.4485987812431281,0.1,False
40.37336641769478,0.03953205009279875,0.032136524496125696,0.4484046833699972,0.1,False
40.3789582974745,0.03953215432424138,0.032111392099744736,0.44821053259577204,0.1,False
40.38455017725421,0.039532258511265794,0.032086270413814184,0.4480163289500065,0.1,False
40.39014205703394,0.03953236265387294,0.032061159438112295,0.4478220724623559,0.1,False
40.395733936813656,0.03953246675206374,0.03203605917241884,0.4476277631625742,0.1,False
40.40132581659338,0.03953257080583907,0.032010969616515124,0.4474334010805133,0.1,False
40.40691769637309,0.03953267481519981,0.03198589077018428,0.4472389862461264,0.1,False
40.412509576152814,0.03953277878014689,0.031960822633211136,0.44704451868946554,0.1,False
40.418101455932536,0.03953288270068119,0.03193576520538185,0.446849998440681,0.1,False
40.42369333571225,0.03953298657680363,0.031910718486484614,0.446655425530025,0.1,False
40.42928521549197,0.039533090408515055,0.031885682476308894,0.4464607999878475,0.1,False
40.434877095271695,0.03953319419581631,0.03186065717464606,0.44626612184460057,0.1,False
40.44046897505142,0.03953329793870825,0.03183564258128913,0.4460713911308361,0.1,False
40.44606085483114,0.03953340163719174,0.03181063869603251,0.4458766078772048,0.1,False
40.45165273461085,0.03953350529126765,0.031785645518672544,0.4456817721144596,0.1,False
40.457244614390575,0.03953360890093679,0.03176066304900695,0.4454868838734528,0.1,False
40.46283649417029,0.039533712466199966,0.03173569128683511,0.4452919431851373,0.1,False
40.46842837395001,0.039533815987057984,0.03171073023195804,0.44509695008056727,0.1,False
40.47402025372973,0.03953391946351178,0.031685779884178526,0.4449019045908976,0.1,False
40.47961213350945,0.03953402289556208,0.031660840243300764,0.4447068067473845,0.1,False
40.48520401328917,0.03953412628320971,0.03163591130913063,0.4445116565813847,0.1,False
40.490795893068885,0.03953422962645545,0.03161099308147568,0.4443164541243575,0.1,False
40.49638777284861,0.03953433292530014,0.03158608556014509,0.44412119940786304,0.1,False
40.50197965262832,0.03953443617974447,0.03156118874494948,0.44392589246356273,0.1,False
40.50757153240805,0.039534539389789305,0.03153630263570097,0.443730533323218,0.1,False
40.513163412187765,0.03953464255543541,0.03151142723221363,0.4435351220186949,0.1,False
40.51875529196749,0.039534745676683546,0.03148656253430296,0.44333965858196067,0.1,False
40.52434717174721,0.03953484875353446,0.031461708541785996,0.4431441430450841,0.1,False
40.529939051526924,0.039534951785988905,0.03143686525448129,0.4429485754402353,0.1,False
40.535530931306646,0.03953505477404758,0.03141203267220933,0.44275295579969004,0.1,False
40.54112281108636,0.0395351577177113,0.031387210794791634,0.44255728415582124,0.1,False
40.54671469086608,0.039535260616980775,0.03136239962205179,0.4423615605411091,0.1,False
40.552306570645804,0.039535363471856724,0.0313375991538146,0.44216578498813336,0.1,False
40.557898450425526,0.03953546628233987,0.031312809389906646,0.4419699575295782,0.1,False
40.56349033020525,0.03953556904843091,0.03128803033015606,0.4417740781982309,0.1,False
40.569082209984956,0.03953567177013056,0.03126326197439248,0.44157814702698095,0.1,False
40.57467408976468,0.03953577444743954,0.03123850432244711,0.4413821640488212,0.1,False
40.5802659695444,0.03953587708035851,0.031213757374152763,0.4411861292968483,0.1,False
40.58585784932412,0.03953597966888817,0.031189021129343783,0.4409900428042621,0.1,False
40.591449729103836,0.03953608221302925,0.031164295587856005,0.44079390460436535,0.1,False
40.59704160888356,0.03953618471278233,0.0311395807495268,0.4405977147305651,0.1,False
40.60263348866328,0.0395362871681481,0.03111487661419519,0.4404014732163723,0.1,False
40.608225368442994,0.0395363895791273,0.03109018318170167,0.44020518009540116,0.1,False
40.613817248222716,0.03953649194572053,0.031065500451888266,0.4400088354013706,0.1,False
40.61940912800243,0.03953659426792846,0.031040828424598613,0.43981243916810386,0.1,False
40.62500100778216,0.03953669654575172,0.03101616709967785,0.4396159914295284,0.1,False
40.630592887561875,0.03953679877919094,0.030991516476972476,0.43941949221967486,0.1,False
40.6361847673416,0.039536900968246746,0.030966876556330663,0.43922294157267955,0.1,False
40.64177664712132,0.039537003112919765,0.030942247337602074,0.43902633952278325,0.1,False
40.64736852690103,0.03953710521321061,0.030917628820637963,0.43882968610433193,0.1,False
40.652960406680755,0.03953720726911992,0.030893021005290976,0.43863298135177564,0.1,False
40.65855228646047,0.039537309280648275,0.030868423891415468,0.4384362252996711,0.1,False
40.66414416624019,0.03953741124779626,0.03084383747886718,0.43823941798267946,0.1,False
40.669736046019906,0.03953751317056449,0.03081926176750316,0.43804255943556486,0.1,False
40.67532792579963,0.03953761504895357,0.030794696757182206,0.4378456496931995,0.1,False
40.68091980557935,0.039537716882964,0.03077014244776453,0.43764868879056074,0.1,False
40.686511685359065,0.03953781867259643,0.030745598839111838,0.43745167676273045,0.1,False
40.69210356513879,0.039537920417851445,0.030721065931087494,0.4372546136448985,0.1,False
40.69769544491851,0.03953802211872953,0.03069654372355607,0.4370574994723585,0.1,False
40.70328732469823,0.03953812377523128,0.030672032216383757,0.43686033428051085,0.1,False
40.70887920447795,0.039538225387357274,0.030647531409438284,0.4366631181048623,0.1,False
40.71447108425767,0.03953832695510801,0.030623041302588715,0.4364658509810255,0.1,False
40.72006296403739,0.039538428478484045,0.03059856189570557,0.43626853294471885,0.1,False
40.725654843817104,0.039538529957485885,0.03057409318866114,0.4360711640317698,0.1,False
40.731246723596826,0.03953863139211409,0.0305496351813289,0.4358737442781101,0.1,False
40.73683860337654,0.03953873278236916,0.030525187873583902,0.4356762737197792,0.1,False
40.74243048315627,0.03953883412825164,0.030500751265302665,0.43547875239292366,0.1,False
40.74802236293599,0.039538935429761966,0.030476325356363104,0.43528118033379654,0.1,False
40.7536142427157,0.0395390366869007,0.03045191014664449,0.43508355757875716,0.1,False
40.75920612249542,0.03953913789966831,0.03042750563602772,0.43488588416427354,0.1,False
40.764798002275136,0.03953923906806529,0.03040311182439521,0.4346881601269216,0.1,False
40.770389882054864,0.039539340192092126,0.03037872871163052,0.43449038550338254,0.1,False
40.77598176183458,0.03953944127174927,0.03035435629761905,0.43429256033044855,0.1,False
40.7815736416143,0.03953954230703722,0.03032999458224723,0.43409468464501577,0.1,False
40.78716552139402,0.03953964329795647,0.03030564356540313,0.4338967584840901,0.1,False
40.79275740117374,0.03953974424450747,0.03028130324697631,0.433698781884786,0.1,False
40.79834928095346,0.03953984514669055,0.030256973626857635,0.43350075488432604,0.1,False
40.803941160733174,0.039539946004506304,0.03023265470493944,0.4333026775200394,0.1,False
40.809533040512896,0.0395400468179551,0.030208346481115488,0.4331045498293653,0.1,False
40.81512492029262,0.03954014758703738,0.030184048955280894,0.4329063718498505,0.1,False
40.82071680007234,0.03954024831175362,0.030159762127332235,0.4327081436191502,0.1,False
40.82630867985206,0.03954034899210421,0.030135485997167543,0.4325098651750297,0.1,False
40.83190055963178,0.039540449628089565,0.030111220564686198,0.432311536555362,0.1,False
40.8374924394115,0.03954055021971008,0.030086965829788995,0.4321131577981296,0.1,False
40.84308431919121,0.03954065076696622,0.03006272179237822,0.43191472894142424,0.1,False
40.848676198970935,0.03954075126985831,0.030038488452357497,0.4317162500234474,0.1,False
40.85426807875065,0.03954085172838681,0.030014265809631662,0.4315177210825072,0.1,False
40.85985995853037,0.03954095214255207,0.02999005386410711,0.4313191421570239,0.1,False
40.86545183831009,0.03954105251235447,0.029965852615691665,0.4311205132855268,0.1,False
40.87104371808981,0.0395411528377944,0.02994166206429455,0.4309218345066555,0.1,False
40.87663559786953,0.03954125311887224,0.02991748220982619,0.43072310585915774,0.1,False
40.882227477649245,0.039541353355588345,0.029893313052198504,0.4305243273818923,0.1,False
40.887819357428974,0.039541453547943035,0.02986915459132452,0.4303254991138262,0.1,False
40.893411237208696,0.03954155369593672,0.02984500682711952,0.43012662109404337,0.1,False
40.89900311698841,0.03954165379956974,0.029820869759498964,0.4299276933617286,0.1,False
40.90459499676813,0.039541753858842454,0.029796743388380457,0.4297287159561834,0.1,False
40.91018687654785,0.039541853873755174,0.029772627713682723,0.4295296889168182,0.1,False
40.91577875632757,0.03954195384430823,0.02974852273532569,0.42933061228315283,0.1,False
40.921370636107284,0.03954205377050196,0.02972442845323093,0.42913148609482005,0.1,False
40.926962515887006,0.03954215365233667,0.029700344867321263,0.4289323103915631,0.1,False
40.932554395666735,0.039542253489812676,0.029676271977520718,0.4287330852132349,0.1,False
40.93814627544644,0.03954235328293032,0.02965220978375476,0.4285338105998002,0.1,False
40.943738155226164,0.03954245303168984,0.029628158285950217,0.4283344865913361,0.1,False
40.94933003500588,0.039542552736091606,0.029604117484035315,0.42813511322803033,0.1,False
40.9549219147856,0.03954265239613587,0.02958008737793938,0.4279356905501814,0.1,False
40.96051379456532,0.039542752011822904,0.029556067967593275,0.42773621859820066,0.1,False
40.966105674345044,0.03954285158315305,0.02953205925292907,0.42753669741261013,0.1,False
40.971697554124766,0.03954295111012654,0.029508061233880233,0.42733712703404503,0.1,False
40.97728943390448,0.039543050592743656,0.029484073910381547,0.42713750750325197,0.1,False
40.9828813136842,0.03954315003100471,0.02946009728236908,0.42693783886108944,0.1,False
40.98847319346392,0.039543249424909825,0.029436131349780088,0.42673812114852827,0.1,False
40.99406507324364,0.03954334877445933,0.029412176112553364,0.4265383544066525,0.1,False
40.999656953023354,0.03954344807965354,0.029388231570628795,0.42633853867665655,0.1,False
41.00524883280308,0.03954354734049263,0.029364297723947764,0.4261386739998504,0.1,False
41.010840712582805,0.03954364655697687,0.029340374572452803,0.42593876041765455,0.1,False
41.01643259236252,0.03954374572910646,0.029316462116087804,0.42573879797160374,0.1,False
41.02202447214224,0.039543844856881616,0.029292560354797915,0.42553878670334494,0.1,False
41.02761635192196,0.03954394394030262,0.029268669288529437,0.42533872665463673,0.1,False
41.03320823170168,0.039544042979369635,0.02924478891723027,0.4251386178673545,0.1,False
41.03880011148139,0.0395441419740829,0.02922091924084932,0.4249384603834839,0.1,False
41.044391991261115,0.039544240924442635,0.029197060259336806,0.42473825424512474,0.1,False
41.04998387104084,0.03954433983044902,0.02917321197264432,0.4245379994944913,0.1,False
41.05557575082055,0.039544438692102224,0.029149374380724565,0.4243376961739103,0.1,False
41.06116763060027,0.039544537509402476,0.029125547483531612,0.42413734432582295,0.1,False
41.06675951037999,0.03954463628234997,0.029101731281020803,0.4239369439927843,0.1,False
41.07235139015971,0.03954473501094488,0.029077925773148765,0.42373649521746415,0.1,False
41.07794326993944,0.0395448336951874,0.02905413095987319,0.42353599804264463,0.1,False
41.083535149719154,0.03954493233507761,0.029030346841153257,0.4233354525112247,0.1,False
41.089127029498876,0.03954503093061576,0.029006573416949236,0.4231348586662155,0.1,False
41.09471890927859,0.03954512948180198,0.028982810687222714,0.4229342165507439,0.1,False
41.10031078905831,0.039545227988636404,0.028959058651936365,0.4227335262080504,0.1,False
41.10590266883803,0.03954532645111924,0.028935317311054292,0.42253278768149105,0.1,False
41.11149454861775,0.03954542486925059,0.028911586664541744,0.4223320010145369,0.1,False
41.11708642839747,0.03954552324303061,0.028887866712365075,0.4221311662507724,0.1,False
41.12267830817719,0.03954562157245941,0.028864157454492213,0.42193028343390065,0.1,False
41.12827018795691,0.03954571985753713,0.028840458890891724,0.4217293526077347,0.1,False
41.13386206773662,0.039545818098263893,0.028816771021533925,0.4215283738162074,0.1,False
41.139453947516344,0.03954591629463984,0.028793093846390203,0.42132734710336583,0.1,False
41.14504582729606,0.03954601444666502,0.028769427365433014,0.42112627251337215,0.1,False
41.15063770707579,0.0395461125543396,0.028745771578636094,0.42092515009050385,0.1,False
41.15622958685551,0.03954621061766371,0.028722126485974456,0.42072397987915533,0.1,False
41.161821466635224,0.039546308636637384,0.028698492087424154,0.42052276192383586,0.1,False
41.167413346414946,0.03954640661126076,0.02867486838296245,0.42032149626917054,0.1,False
41.17300522619466,0.03954650454153396,0.02865125537256795,0.42012018295990183,0.1,False
41.17859710597438,0.03954660242745693,0.028627653056220316,0.4199188220408882,0.1,False
41.1841889857541,0.03954670026902986,0.028604061433900384,0.4197174135571035,0.1,False
41.18978086553382,0.03954679806625282,0.028580480505590238,0.4195159575536388,0.1,False
41.19537274531355,0.03954689581912585,0.028556910271273137,0.4193144540757023,0.1,False
41.20096462509326,0.039546993527649024,0.028533350730933472,0.4191129031686181,0.1,False
41.206556504872985,0.0395470911918224,0.028509801884556832,0.41891130487782785,0.1,False
41.2121483846527,0.03954718881164605,0.028486263732129778,0.41870965924888814,0.1,False
41.217740264432415,0.03954728638712001,0.028462736273640172,0.41850796632747406,0.1,False
41.22333214421214,0.03954738391824436,0.028439219509077247,0.4183062261593797,0.1,False
41.22892402399186,0.0395474814050191,0.028415713438431005,0.4181044387905132,0.1,False
41.23451590377158,0.03954757884744428,0.028392218061692915,0.41790260426690296,0.1,False
41.240107783551295,0.03954767624551993,0.02836873337885528,0.4177007226346921,0.1,False
41.24569966333102,0.03954777359924608,0.02834525938991178,0.4174987939401435,0.1,False
41.25129154311073,0.03954787090862274,0.028321796094857212,0.4172968182296377,0.1,False
41.25688342289045,0.039547968173649944,0.028298343493687234,0.41709479554967066,0.1,False
41.26247530267017,0.03954806539432771,0.02827490158639903,0.4168927259468598,0.1,False
41.2680671824499,0.03954816257065594,0.0282514703729907,0.41669060946793945,0.1,False
41.27365906222962,0.0395482597026348,0.028228049853461393,0.41648844615976,0.1,False
41.279250942009334,0.039548356790264236,0.028204640027811628,0.4162862360692936,0.1,False
41.284842821789056,0.03954845383354423,0.028181240896042636,0.4160839792436273,0.1,False
41.29043470156877,0.039548550832474764,0.02815785245815713,0.41588167572996976,0.1,False
41.29602658134849,0.039548647787055795,0.028134474714158694,0.4156793255756464,0.1,False
41.30161846112821,0.03954874469728734,0.0281111076640521,0.4154769288281017,0.1,False
41.30721034090793,0.03954884156316938,0.02808775130784319,0.41527448553489943,0.1,False
41.31280222068765,0.03954893838470186,0.02806440564553899,0.41507199574372267,0.1,False
41.318394100467366,0.03954903516188479,0.028041070677147582,0.4148694595023736,0.1,False
41.32398598024709,0.0395491318947181,0.028017746402677974,0.414666876858772,0.1,False
41.3295778600268,0.03954922858320173,0.02799443282214041,0.4144642478609589,0.1,False
41.335169739806524,0.03954932522733566,0.02797112993554621,0.41426157255709417,0.1,False
41.34076161958625,0.03954942182711984,0.02794783774290772,0.414058850995457,0.1,False
41.34635349936597,0.039549518382554216,0.027924556244238407,0.41385608322444656,0.1,False
41.35194537914569,0.0395496148936387,0.02790128543955264,0.41365326929258095,0.1,False
41.357537258925404,0.03954971136037327,0.027878025328865998,0.4134504092484989,0.1,False
41.363129138705126,0.03954980778275781,0.027854775912195134,0.4132475031409595,0.1,False
41.36872101848484,0.03954990416079228,0.02783153718955773,0.41304455101884163,0.1,False
41.37431289826456,0.03955000049447659,0.02780830916097244,0.41284155293114383,0.1,False
41.379904778044285,0.03955009678381067,0.027785091826458965,0.412638508926985,0.1,False
41.38549665782401,0.03955019302879441,0.02776188518603816,0.4124354190556055,0.1,False
41.39108853760373,0.03955028922942775,0.027738689239731756,0.4122322833663644,0.1,False
41.39668041738344,0.03955038538571059,0.02771550398756271,0.4120291019087438,0.1,False
41.402272297163165,0.03955048149764282,0.027692329429554883,0.411825874732345,0.1,False
41.40786417694287,0.03955057756522431,0.027669165565733154,0.4116226018868906,0.1,False
41.4134560567226,0.03955067358845503,0.027646012396123434,0.4114192834222234,0.1,False
41.419047936502324,0.03955076956733481,0.027622869920752722,0.4112159193883088,0.1,False
41.42463981628204,0.03955086550186354,0.027599738139649017,0.4110125098352331,0.1,False
41.43023169606176,0.039550961392041104,0.02757661705284116,0.41080905481320207,0.1,False
41.435823575841475,0.039551057237867386,0.027553506660359196,0.41060555437254503,0.1,False
41.4414154556212,0.03955115303934225,0.027530406962234112,0.4104020085637121,0.1,False
41.44700733540091,0.039551248796465585,0.027507317958497875,0.410198417437275,0.1,False
41.45259921518063,0.03955134450923725,0.027484239649183406,0.4099947810439268,0.1,False
41.45819109496036,0.039551440177657014,0.027461172034324636,0.40979109943448316,0.1,False
41.46378297474008,0.03955153580172487,0.027438115113956597,0.40958737265988143,0.1,False
41.4693748545198,0.03955163138144059,0.027415068888115075,0.40938360077118036,0.1,False
41.474966734299514,0.039551726916804045,0.02739203335683703,0.4091797838195619,0.1,False
41.480558614079236,0.039551822407815074,0.027369008520160304,0.40897592185632964,0.1,False
41.48615049385895,0.03955191785447351,0.02734599437812372,0.40877201493290977,0.1,False
41.49174237363867,0.0395520132567792,0.027322990930767115,0.40856806310085125,0.1,False
41.497334253418394,0.03955210861473194,0.0272999981781312,0.40836406641182527,0.1,False
41.50292613319811,0.03955220392833159,0.027277016120257697,0.4081600249176257,0.1,False
41.50851801297783,0.03955229919757796,0.027254044757189212,0.407955938670169,0.1,False
41.514109892757546,0.0395523944224709,0.027231084088969418,0.4077518077214952,0.1,False
41.51970177253727,0.039552489603010194,0.02720813411564279,0.4075476321237665,0.1,False
41.52529365231698,0.03955258473919565,0.027185194837254893,0.4073434119292696,0.1,False
41.53088553209671,0.039552679831027095,0.027162266253852128,0.4071391471904133,0.1,False
41.53647741187643,0.03955277487850432,0.027139348365481864,0.40693483795973007,0.1,False
41.54206929165615,0.03955286988162714,0.02711644117219236,0.40673048428987557,0.1,False
41.54766117143587,0.03955296484039534,0.027093544674032775,0.4065260862336289,0.1,False
41.553253051215584,0.03955305975480867,0.027070658871053244,0.4063216438438936,0.1,False
41.558844930995306,0.039553154624867,0.02704778376330484,0.4061171571736962,0.1,False
41.56443681077503,0.03955324945057003,0.027024919350839484,0.40591262627618774,0.1,False
41.57002869055474,0.039553344231917614,0.027002065633710087,0.405708051204643,0.1,False
41.57562057033447,0.039553438968909505,0.026979222611970367,0.4055034320124606,0.1,False
41.58121245011419,0.039553533661545494,0.026956390285674946,0.40529876875316284,0.1,False
41.58680432989391,0.03955362830982531,0.026933568654879426,0.40509406148039795,0.1,False
41.592396209673616,0.039553722913748784,0.02691075771964022,0.4048893102479367,0.1,False
41.59798808945334,0.039553817473315586,0.02688795748001459,0.4046845151096753,0.1,False
41.60357996923307,0.039553911988525536,0.02686516793606077,0.40447967611963426,0.1,False
41.60917184901278,0.0395540064593784,0.02684238908783794,0.40427479333195976,0.1,False
41.614763728792504,0.03955410088587389,0.026819620935405915,0.404069866800921,0.1,False
41.62035560857222,0.03955419526801178,0.026796863478825567,0.4038648965809133,0.1,False
41.62594748835194,0.03955428960579178,0.02677411671815856,0.40365988272645664,0.1,False
41.631539368131655,0.03955438389921367,0.026751380653467473,0.40345482529219634,0.1,False
41.63713124791138,0.03955447814827716,0.02672865528481564,0.40324972433290207,0.1,False
41.6427231276911,0.039554572352982015,0.026705940612267342,0.4030445799034698,0.1,False
41.64831500747082,0.039554666513327896,0.026683236635887723,0.40283939205892116,0.1,False
41.65390688725054,0.03955476062931457,0.026660543355742684,0.4026341608544023,0.1,False
41.65949876703026,0.03955485470094181,0.026637860771899023,0.40242888634518487,0.1,False
41.66509064680998,0.03955494872820928,0.026615188884424313,0.4022235685866669,0.1,False
41.670682526589694,0.03955504271111668,0.026592527693386974,0.40201820763437174,0.1,False
41.676274406369416,0.0395551366496638,0.026569877198856316,0.40181280354394894,0.1,False
41.68186628614914,0.0395552305438503,0.026547237400902483,0.4016073563711747,0.1,False
41.68745816592885,0.039555324393675886,0.02652460829959642,0.40140186617195095,0.1,False
41.693050045708574,0.039555418199140255,0.026501989895009622,0.4011963330023036,0.1,False
41.69864192548829,0.03955551196024313,0.026479382187214812,0.4009907569183883,0.1,False
41.70423380526801,0.03955560567698414,0.026456785176285236,0.4007851379764852,0.1,False
41.709825685047726,0.039555699349363094,0.02643419886229507,0.4005794762330009,0.1,False
41.71541756482745,0.03955579297737957,0.02641162324531923,0.40037377174446953,0.1,False
41.721009444607176,0.03955588656103326,0.026389058325433385,0.4001680245675511,0.1,False
41.72660132438689,0.03955598010032395,0.02636650410271411,0.39996223475903236,0.1,False
41.73219320416661,0.039556073595251255,0.02634396057723872,0.39975640237582805,0.1,False
41.73778508394633,0.03955616704581478,0.02632142774908525,0.39955052747497916,0.1,False
41.74337696372605,0.03955626045201425,0.026298905618332525,0.39934461011365335,0.1,False
41.74896884350577,0.0395563538138494,0.026276394185060174,0.3991386503491454,0.1,False
41.754560723285486,0.03955644713131984,0.026253893449348593,0.3989326482388786,0.1,False
41.76015260306521,0.039556540404425265,0.02623140341127889,0.39872660384040187,0.1,False
41.76574448284493,0.03955663363316531,0.02620892407093294,0.3985205172113929,0.1,False
41.77133636262465,0.03955672681753965,0.02618645542839348,0.3983143884096571,0.1,False
41.77692824240437,0.03955681995754791,0.02616399748374388,0.39810821749312686,0.1,False
41.78252012218408,0.03955691305318978,0.026141550237068188,0.3979020045198616,0.1,False
41.7881120019638,0.03955700610446487,0.026119113688451354,0.3976957495480502,0.1,False
41.793703881743525,0.03955709911137284,0.026096687837978968,0.3974894526360085,0.1,False
41.79929576152325,0.03955719207391334,0.026074272685737383,0.3972831138421806,0.1,False
41.80488764130296,0.039557284992085974,0.026051868231813696,0.3970767332251393,0.1,False
41.810479521082684,0.039557377865890454,0.02602947447629566,0.39687031084358415,0.1,False
41.8160714008624,0.03955747069532636,0.026007091419271832,0.3966638467563448,0.1,False
41.82166328064212,0.03955756348039334,0.025984719060831385,0.39645734102237806,0.1,False
41.82725516042184,0.039557656221091024,0.025962357401064298,0.3962507937007699,0.1,False
41.83284704020156,0.03955774891741896,0.025940006440061163,0.3960442048507347,0.1,False
41.838438919981286,0.03955784156937684,0.02591766617791335,0.3958375745316155,0.1,False
41.844030799761,0.03955793417696428,0.025895336614712834,0.39563090280288365,0.1,False
41.84962267954072,0.039558026740180885,0.025873017750552427,0.39542418972414084,0.1,False
41.85521455932044,0.03955811925902629,0.025850709585525457,0.39521743535511566,0.1,False
41.86080643910016,0.039558211733500055,0.02582841211972597,0.395010639755667,0.1,False
41.86639831887988,0.03955830416360182,0.025806125353248832,0.39480380298578344,0.1,False
41.871990198659596,0.03955839654933123,0.025783849286189403,0.3945969251055811,0.1,False
41.87758207843932,0.0395584888906878,0.025761583918643815,0.3943900061753073,0.1,False
41.88317395821903,0.039558581187671187,0.025739329250708827,0.3941830462553374,0.1,False
41.888765837998754,0.03955867344028095,0.025717085282481882,0.39397604540617726,0.1,False
41.89435771777847,0.03955876564851672,0.02569485201406109,0.39376900368846196,0.1,False
41.89994959755819,0.039558857812378063,0.025672629445545103,0.3935619211629557,0.1,False
41.90554147733791,0.0395589499318646,0.02565041757703337,0.3933547978905533,0.1,False
41.911133357117635,0.03955904200697588,0.02562821640862589,0.39314763393227914,0.1,False
41.916725236897356,0.03955913403771154,0.02560602594042328,0.39294042934928713,0.1,False
41.92231711667707,0.03955922602407105,0.025583846172526892,0.39273318420286285,0.1,False
41.92790899645679,0.03955931796605406,0.025561677105038587,0.3925258985544198,0.1,False
41.933500876236515,0.039559409863660126,0.02553951873806091,0.39231857246550317,0.1,False
41.93909275601623,0.0395595017168888,0.025517371071697055,0.3921112059977883,0.1,False
41.94468463579595,0.03955959352573972,0.025495234106050733,0.39190379921308,0.1,False
41.950276515575666,0.039559685290212435,0.025473107841226406,0.391696352173315,0.1,False
41.95586839535539,0.039559777010306496,0.025450992277328957,0.391488864940559,0.1,False
41.96146027513511,0.03955986868602147,0.025428887414464033,0.39128133757700995,0.1,False
41.967052154914825,0.03955996031735685,0.025406793252737855,0.3910737701449966,0.1,False
41.972644034694554,0.03956005190431231,0.025384709792257126,0.39086616270697655,0.1,False
41.97823591447426,0.03956014344688735,0.025362637033129198,0.3906585153255397,0.1,False
41.98382779425399,0.0395602349450815,0.02534057497546204,0.39045082806340753,0.1,False
41.989419674033705,0.039560326398894355,0.02531852361936412,0.39024310098343107,0.1,False
41.99501155381343,0.03956041780832542,0.025296482964944567,0.39003533414859404,0.1,False
42.00060343359314,0.03956050917337425,0.02527445301231302,0.38982752762201067,0.1,False
42.00619531337287,0.0395606004940404,0.02525243376157969,0.38961968146692644,0.1,False
42.011787193152585,0.03956069177032333,0.025230425212855387,0.3894117957467193,0.1,False
42.0173790729323,0.03956078300222268,0.025208427366251424,0.3892038705248972,0.1,False
42.02297095271202,0.03956087418973801,0.025186440221879713,0.38899590586510047,0.1,False
42.02856283249174,0.039560965332868785,0.025164463779852618,0.388787901831101,0.1,False
42.034154712271466,0.039561056431614554,0.025142498040283172,0.38857985848680304,0.1,False
42.03974659205117,0.03956114748597485,0.025120543003284902,0.3883717758962424,0.1,False
42.0453384718309,0.03956123849594916,0.025098598668971735,0.38816365412358583,0.1,False
42.05093035161062,0.039561329461537065,0.025076665037458295,0.38795549323313316,0.1,False
42.05652223139034,0.039561420382738084,0.025054742108859687,0.3877472932893164,0.1,False
42.06211411117006,0.039561511259551714,0.0250328298832914,0.3875390543566985,0.1,False
42.067705990949776,0.039561602091977496,0.025010928360869662,0.3873307764999763,0.1,False
42.0732978707295,0.03956169288001494,0.024989037541711008,0.387122459783978,0.1,False
42.07888975050922,0.03956178362366355,0.02496715742593261,0.3869141042736647,0.1,False
42.084481630288934,0.039561874322922824,0.024945288013652065,0.3867057100341298,0.1,False
42.09007351006866,0.03956196497779231,0.024923429304987466,0.38649727713059884,0.1,False
42.09566538984837,0.039562055588271514,0.02490158130005744,0.3862888056284307,0.1,False
42.1012572696281,0.03956214615435993,0.024879743998981078,0.3860802955931171,0.1,False
42.106849149407815,0.03956223667605696,0.024857917401877976,0.385871747090283,0.1,False
42.11244102918753,0.03956232715336234,0.02483610150886811,0.3856631601856838,0.1,False
42.11803290896725,0.03956241758627542,0.024814296320072014,0.3854545349452105,0.1,False
42.123624788746966,0.03956250797479571,0.024792501835610586,0.3852458714348856,0.1,False
42.129216668526695,0.039562598318922754,0.024770718055605278,0.3850371697208654,0.1,False
42.13480854830641,0.03956268861865603,0.024748944980178066,0.38482842986944027,0.1,False
42.14040042808613,0.03956277887399497,0.024727182609451226,0.38461965194703285,0.1,False
42.145992307865846,0.03956286908493914,0.024705430943547543,0.38441083602019893,0.1,False
42.151584187645575,0.03956295925148802,0.024683689982590254,0.38420198215562834,0.1,False
42.15717606742528,0.03956304937364104,0.02466195972670298,0.3839930904201442,0.1,False
42.16276794720501,0.03956313945139771,0.024640240176009843,0.3837841608807032,0.1,False
42.16835982698473,0.03956322948475755,0.02461853133063545,0.3835751936043966,0.1,False
42.17395170676445,0.039563319473720014,0.024596833190704624,0.38336618865844774,0.1,False
42.17954358654417,0.039563409418284554,0.02457514575634273,0.3831571461102147,0.1,False
42.185135466323885,0.03956349931845068,0.024553469027675627,0.38294806602719,0.1,False
42.19072734610361,0.039563589174217886,0.0245318030048294,0.38273894847699863,0.1,False
42.196319225883336,0.03956367898558566,0.024510147687930653,0.3825297935274007,0.1,False
42.201911105663044,0.03956376875255333,0.02448850307710634,0.3823206012462908,0.1,False
42.207502985442765,0.039563858475120506,0.024466869172483873,0.3821113717016968,0.1,False
42.21309486522248,0.03956394815328662,0.024445245974191,0.3819021049617814,0.1,False
42.2186867450022,0.039564037787051136,0.024423633482355888,0.38169280109484166,0.1,False
42.224278624781924,0.03956412737641353,0.02440203169710702,0.3814834601693084,0.1,False
42.22987050456164,0.03956421692137328,0.024380440618573373,0.38127408225374804,0.1,False
42.23546238434137,0.03956430642192983,0.024358860246884148,0.3810646674168606,0.1,False
42.241054264121075,0.03956439587808263,0.024337290582168897,0.3808552157274802,0.1,False
42.246646143900804,0.03956448528983115,0.024315731624557663,0.38064572725457707,0.1,False
42.25223802368052,0.03956457465717486,0.02429418337418086,0.3804362020672561,0.1,False
42.25782990346024,0.03956466398011323,0.024272645831169067,0.38022664023475555,0.1,False
42.263421783239956,0.039564753258645675,0.024251118995653388,0.38001704182645046,0.1,False
42.269013663019685,0.039564842492771674,0.024229602867765192,0.3798074069118498,0.1,False
42.2746055427994,0.03956493168249067,0.024208097447636176,0.37959773556059756,0.1,False
42.28019742257912,0.03956502082780216,0.02418660273539839,0.37938802784247305,0.1,False
42.285789302358836,0.03956510992870553,0.02416511873118416,0.37917828382739066,0.1,False
42.29138118213855,0.03956519898520022,0.024143645435126173,0.3789685035854003,0.1,False
42.29697306191828,0.03956528799728576,0.02412218284735744,0.37875868718668665,0.1,False
42.30256494169799,0.039565376964961534,0.02410073096801126,0.3785488347015704,0.1,False
42.308156821477716,0.039565465888227,0.024079289797221293,0.37833894620050795,0.1,False
42.31374870125743,0.03956555476708166,0.024057859335121373,0.37812902175408947,0.1,False
42.31934058103715,0.03956564360152486,0.024036439581845797,0.3779190614330435,0.1,False
42.324932460816875,0.03956573239155611,0.024015030537528924,0.37770906530823084,0.1,False
42.33052434059659,0.03956582113717482,0.02399363220230563,0.3774990334506511,0.1,False
42.33611622037631,0.03956590983838042,0.023972244576310975,0.37728896593143846,0.1,False
42.34170810015604,0.03956599849517238,0.023950867659680315,0.37707886282186276,0.1,False
42.34729997993575,0.03956608710755012,0.023929501452549178,0.37686872419332934,0.1,False
42.35289185971548,0.03956617567551311,0.023908145955053476,0.37665855011738025,0.1,False
42.358483739495185,0.03956626419906072,0.023886801167329396,0.3764483406656943,0.1,False
42.364075619274914,0.03956635267819245,0.023865467089513294,0.3762380959100849,0.1,False
42.36966749905463,0.03956644111290773,0.02384414372174168,0.37602781592250095,0.1,False
42.37525937883435,0.039566529503205924,0.023822831064151593,0.37581750077503084,0.1,False
42.38085125861407,0.03956661784908654,0.02380152911688006,0.37560715053989585,0.1,False
42.38644313839378,0.039566706150548824,0.023780237880064507,0.37539676528945676,0.1,False
42.39203501817351,0.039566794407592504,0.02375895735384248,0.37518634509620696,0.1,False
42.397626897953224,0.03956688262021685,0.023737687538351905,0.37497589003278037,0.1,False
42.403218777732945,0.039566970788421314,0.023716428433730678,0.37476540017194393,0.1,False
42.40881065751266,0.0395670589122053,0.023695180040117083,0.37455487558660333,0.1,False
42.41440253729239,0.03956714699156823,0.023673942357649618,0.3743443163498007,0.1,False
42.419994417072104,0.03956723502650958,0.023652715386466853,0.3741337225347132,0.1,False
42.425586296851826,0.03956732301702874,0.02363149912670769,0.37392309421465675,0.1,False
42.43117817663154,0.03956741096312509,0.023610293578511205,0.3737124314630837,0.1,False
42.43677005641126,0.039567498864798135,0.023589098742016677,0.3735017343535829,0.1,False
42.442361936190984,0.03956758672204725,0.023567914617363486,0.3732910029598801,0.1,False
42.4479538159707,0.03956767453487183,0.02354674120469123,0.3730802373558381,0.1,False
42.45354569575042,0.03956776230327136,0.023525578504139725,0.3728694376154569,0.1,False
42.45913757553015,0.03956785002724522,0.023504426515848897,0.37265860381287336,0.1,False
42.46472945530986,0.03956793770679285,0.023483285239958906,0.37244773602236225,0.1,False
42.47032133508959,0.03956802534191368,0.023462154676609975,0.3722368343183344,0.1,False
42.475913214869294,0.03956811293260715,0.02344103482594258,0.37202589877533876,0.1,False
42.481505094649016,0.039568200478872544,0.023419925688097285,0.3718149294680621,0.1,False
42.48709697442874,0.039568287980709355,0.023398827263214753,0.37160392647132706,0.1,False
42.49268885420845,0.03956837543811705,0.02337773955143595,0.3713928898600953,0.1,False
42.49828073398818,0.03956846285109496,0.023356662552901832,0.3711818197094653,0.1,False
42.50387261376789,0.03956855021964255,0.023335596267753517,0.37097071609467286,0.1,False
42.50946449354762,0.039568637543759215,0.02331454069613225,0.3707595790910916,0.1,False
42.51505637332733,0.03956872482344441,0.023293495838179263,0.3705484087742314,0.1,False
42.520648253107055,0.0395688120586975,0.02327246169403622,0.3703372052197434,0.1,False
42.52624013288677,0.03956889924951794,0.023251438263844647,0.37012596850341356,0.1,False
42.5318320126665,0.039568986395905115,0.02323042554774621,0.3699146987011664,0.1,False
42.53742389244621,0.03956907349785842,0.023209423545882697,0.3697033958890647,0.1,False
42.543015772225935,0.03956916055537726,0.023188432258395994,0.3694920601433089,0.1,False
42.54860765200565,0.03956924756846112,0.023167451685428036,0.3692806915402367,0.1,False
42.55419953178537,0.03956933453710935,0.02314648182712084,0.3690692901563246,0.1,False
42.559791411565094,0.039569421461321384,0.023125522683616565,0.3688578560681873,0.1,False
42.565383291344816,0.039569508341096606,0.02310457425505739,0.3686463893525776,0.1,False
42.57097517112453,0.03956959517643451,0.023083636541585555,0.36843489008638536,0.1,False
42.576567050904245,0.03956968196733436,0.02306270954334348,0.36822335834664155,0.1,False
42.58215893068397,0.03956976871379564,0.023041793260473373,0.3680117942105115,0.1,False
42.58775081046369,0.03956985541581778,0.02302088769311774,0.3678001977553012,0.1,False
42.593342690243404,0.039569942073400165,0.022999992841419025,0.36758856905845466,0.1,False
42.598934570023125,0.039570028686542226,0.02297910870551975,0.3673769081975541,0.1,False
42.604526449802854,0.03957011525524334,0.022958235285562477,0.3671652152503207,0.1,False
42.61011832958256,0.03957020177950293,0.02293737258168977,0.3669534902946137,0.1,False
42.61571020936229,0.039570288259320435,0.022916520594044237,0.36674173340843075,0.1,False
42.621302089142,0.03957037469469522,0.022895679322768394,0.3665299446699075,0.1,False
42.62689396892173,0.03957046108562672,0.02287484876800496,0.3663181241573199,0.1,False
42.63248584870144,0.03957054743211433,0.022854028929896502,0.36610627194908085,0.1,False
42.638077728481164,0.03957063373415745,0.022833219808585676,0.36589438812374314,0.1,False
42.643669608260886,0.03957071999175552,0.02281242140421523,0.3656824727599988,0.1,False
42.64926148804061,0.039570806204907924,0.022791633716927613,0.36547052593667634,0.1,False
42.65485336782032,0.03957089237361407,0.022770856746865478,0.3652585477327448,0.1,False
42.660445247600045,0.03957097849787337,0.022750090494171503,0.36504653822731276,0.1,False
42.66603712737976,0.03957106457768524,0.022729334958988153,0.3648344974996257,0.1,False
42.671629007159474,0.039571150613049076,0.022708590141458075,0.3646224256290705,0.1,False
42.6772208869392,0.03957123660396429,0.02268785604172369,0.36441032269517076,0.1,False
42.68281276671892,0.03957132255043028,0.02266713265992747,0.3641981887775903,0.1,False
42.68840464649864,0.03957140845244648,0.022646419996211874,0.3639860239561321,0.1,False
42.693996526278355,0.039571494310012285,0.022625718050719234,0.3637738283107376,0.1,False
42.699588406058076,0.039571580123127136,0.022605026823591917,0.3635616019214883,0.1,False
42.7051802858378,0.039571665891790384,0.022584346314972102,0.363349344868604,0.1,False
42.71077216561751,0.039571751616001474,0.022563676525002026,0.36313705723244444,0.1,False
42.716364045397235,0.03957183729575978,0.022543017453823793,0.3629247390935085,0.1,False
42.721955925176964,0.03957192293106479,0.02252236910157946,0.3627123905324339,0.1,False
42.72754780495667,0.039572008521915884,0.02250173146841093,0.3625000116299978,0.1,False
42.7331396847364,0.03957209406831247,0.02248110455446012,0.3622876024671175,0.1,False
42.73873156451611,0.03957217957025392,0.02246048835986875,0.3620751631248489,0.1,False
42.74432344429584,0.03957226502773971,0.02243988288477855,0.3618626936843879,0.1,False
42.74991532407555,0.03957235044076917,0.022419288129331107,0.3616501942270703,0.1,False
42.755507203855274,0.03957243580934183,0.02239870409366784,0.3614376648343696,0.1,False
42.761099083634996,0.039572521133457036,0.022378130777930067,0.3612251055879004,0.1,False
42.7666909634147,0.03957260641311416,0.02235756818225897,0.361012516569416,0.1,False
42.77228284319443,0.03957269164831269,0.022337016306795725,0.3607998978608105,0.1,False
42.77787472297415,0.03957277683905198,0.02231647515168137,0.360587249544118,0.1,False
42.78346660275387,0.03957286198533152,0.022295944717056548,0.360374571701509,0.1,False
42.789058482533584,0.03957294708715061,0.022275425003062045,0.3601618644152976,0.1,False
42.79465036231331,0.039573032144508816,0.022254916009838383,0.3599491277679351,0.1,False
42.80024224209303,0.039573117157405434,0.022234417737525946,0.3597363618420141,0.1,False
42.80583412187275,0.03957320212583997,0.02221393018626498,0.3595235667202662,0.1,False
42.811426001652464,0.039573287049811764,0.022193453356195488,0.35931074248556294,0.1,False
42.817017881432186,0.039573371929320277,0.02217298724745745,0.3590978892209165,0.1,False
42.82260976121191,0.039573456764364946,0.022152531860190564,0.358885007009478,0.1,False
42.82762008549453,0.039573532738796505,0.02213421294021714,0.3586942400286845,0.1,False
