time_s,position_m,C_H2,C_CH4,q_H2,q_CH4,u
0.0,0.015014778129175763,0.04415633320044284,0.07580988405297727,2.4402053339483337e-05,0.0009910838565022108,0.0
0.0,0.030029556258351527,0.044156333200480964,0.07580988405293893,2.440205333950618e-05,0.0009910838565017816,0.0
0.0,0.04504433438752729,0.04415633320051909,0.07580988405290055,2.4402053339529023e-05,0.000991083856501352,0.0
0.0,0.06005911251670305,0.044156333200557195,0.07580988405286221,2.4402053339551852e-05,0.0009910838565009227,0.0
0.0,0.07507389064587881,0.04415633320059532,0.07580988405282386,2.4402053339574695e-05,0.0009910838565004934,0.0
0.0,0.09008866877505459,0.044156333200633446,0.07580988405278549,2.440205333959754e-05,0.000991083856500064,0.0
0.0,0.10510344690423035,0.04415633320067156,0.07580988405274713,2.4402053339620384e-05,0.0009910838564996345,0.0
0.0,0.1201182250334061,0.04415633320070968,0.07580988405270878,2.4402053339643216e-05,0.0009910838564992051,0.0
0.0,0.13513300316258187,0.0441563332007478,0.07580988405267042,2.440205333966606e-05,0.0009910838564987758,0.0
0.0,0.15014778129175763,0.04415633320078591,0.07580988405263207,2.4402053339688892e-05,0.0009910838564983464,0.0
0.0,0.16516255942093339,0.04415633320082403,0.07580988405259372,2.440205333971173e-05,0.000991083856497917,0.0
0.0,0.18017733755010917,0.044156333200862145,0.07580988405255536,2.4402053339734574e-05,0.0009910838564974878,0.0
0.0,0.19519211567928493,0.04415633320090026,0.07580988405251701,2.4402053339757407e-05,0.0009910838564970584,0.0
0.0,0.2102068938084607,0.04415633320093839,0.07580988405247865,2.4402053339780256e-05,0.000991083856496629,0.0
0.0,0.22522167193763643,0.0441563332009765,0.0758098840524403,2.440205333980309e-05,0.0009910838564961995,0.0
0.0,0.2402364500668122,0.04415633320101462,0.07580988405240194,2.440205333982593e-05,0.0009910838564957702,0.0
0.0,0.255251228195988,0.04415633320105274,0.07580988405236358,2.440205333984877e-05,0.0009910838564953406,0.0
0.0,0.27026600632516373,0.04415633320109085,0.07580988405232522,2.440205333987161e-05,0.0009910838564949115,0.0
0.0,0.28528078445433946,0.04415633320112896,0.07580988405228688,2.440205333989444e-05,0.000991083856494482,0.0
0.0,0.30029556258351525,0.04415633320116706,0.07580988405224852,2.440205333991727e-05,0.0009910838564940528,0.0
0.0,0.31531034071269104,0.044156333201205177,0.07580988405221016,2.4402053339940108e-05,0.0009910838564936232,0.0
0.0,0.33032511884186677,0.04415633320124328,0.07580988405217182,2.4402053339962937e-05,0.000991083856493194,0.0
0.0,0.34533989697104256,0.04415633320128139,0.07580988405213346,2.4402053339985777e-05,0.0009910838564927645,0.0
0.0,0.36035467510021835,0.04415633320131951,0.0758098840520951,2.440205334000861e-05,0.0009910838564923352,0.0
0.0,0.3753694532293941,0.04415633320135761,0.07580988405205676,2.4402053340031442e-05,0.0009910838564919059,0.0
0.0,0.39038423135856987,0.044156333201395725,0.0758098840520184,2.440205334005428e-05,0.0009910838564914765,0.0
0.0,0.4053990094877456,0.04415633320143385,0.07580988405198003,2.4402053340077124e-05,0.000991083856491047,0.0
0.0,0.4204137876169214,0.04415633320147196,0.07580988405194168,2.4402053340099954e-05,0.0009910838564906178,0.0
0.0,0.4354285657460972,0.04415633320151009,0.07580988405190332,2.4402053340122803e-05,0.0009910838564901883,0.0
0.0,0.45044334387527285,0.0441563332015482,0.07580988405186498,2.440205334014564e-05,0.0009910838564897591,0.0
0.0,0.46545812200444864,0.04415633320158632,0.0758098840518266,2.4402053340168482e-05,0.0009910838564893296,0.0
0.0,0.4804729001336244,0.044156333201624445,0.07580988405178826,2.440205334019132e-05,0.0009910838564889002,0.0
0.0,0.4954876782628002,0.044156333201662575,0.07580988405174989,2.4402053340214164e-05,0.0009910838564884707,0.0
0.0,0.510502456391976,0.04415633320170068,0.07580988405171155,2.4402053340237003e-05,0.0009910838564880413,0.0
0.0,0.5255172345211517,0.04415633320173879,0.07580988405167319,2.4402053340259836e-05,0.000991083856487612,0.0
0.0,0.5405320126503275,0.04415633320177689,0.07580988405163484,2.4402053340282665e-05,0.0009910838564871829,0.0
0.0,0.5555467907795033,0.044156333201815015,0.07580988405159649,2.4402053340305505e-05,0.0009910838564867533,0.0
0.0,0.5705615689086789,0.044156333201853144,0.07580988405155813,2.4402053340328354e-05,0.000991083856486324,0.0
0.0,0.5855763470378548,0.044156333201891246,0.07580988405151978,2.440205334035118e-05,0.0009910838564858946,0.0
0.0,0.6005911251670305,0.04415633320192936,0.07580988405148142,2.440205334037402e-05,0.0009910838564854655,0.0
0.0,0.6156059032962063,0.04415633320196749,0.07580988405144307,2.4402053340396866e-05,0.000991083856485036,0.0
0.0,0.6306206814253821,0.04415633320200562,0.07580988405140471,2.4402053340419712e-05,0.0009910838564846066,0.0
0.0,0.6456354595545578,0.04415633320204373,0.07580988405136635,2.440205334044254e-05,0.000991083856484177,0.0
0.0,0.6606502376837335,0.04415633320208185,0.07580988405132799,2.4402053340465384e-05,0.0009910838564837477,0.0
0.0,0.6756650158129094,0.04415633320211997,0.07580988405128963,2.4402053340488227e-05,0.0009910838564833183,0.0
0.0,0.6906797939420851,0.04415633320215808,0.07580988405125129,2.440205334051106e-05,0.000991083856482889,0.0
0.0,0.705694572071261,0.04415633320219619,0.07580988405121293,2.44020533405339e-05,0.0009910838564824596,0.0
0.0,0.7207093502004367,0.044156333202234326,0.07580988405117457,2.440205334055674e-05,0.0009910838564820303,0.0
0.0,0.7357241283296123,0.044156333202272434,0.07580988405113621,2.4402053340579577e-05,0.0009910838564816007,0.0
0.0,0.7507389064587882,0.04415633320231056,0.07580988405109786,2.4402053340602424e-05,0.0009910838564811714,0.0
0.0,0.7657536845879639,0.04415633320234867,0.07580988405105951,2.440205334062526e-05,0.000991083856480742,0.0
0.0,0.7807684627171397,0.04415633320238679,0.07580988405102115,2.4402053340648092e-05,0.0009910838564803127,0.0
0.0,0.7957832408463155,0.044156333202424916,0.0758098840509828,2.4402053340670942e-05,0.0009910838564798831,0.0
0.0,0.8107980189754912,0.044156333202463025,0.07580988405094444,2.4402053340693774e-05,0.000991083856479454,0.0
0.0,0.825812797104667,0.04415633320250114,0.07580988405090609,2.4402053340716607e-05,0.0009910838564790244,0.0
0.0,0.8408275752338428,0.04415633320253925,0.07580988405086773,2.4402053340739446e-05,0.0009910838564785953,0.0
0.0,0.8558423533630185,0.04415633320257737,0.07580988405082938,2.4402053340762282e-05,0.0009910838564781658,0.0
0.0,0.8708571314921943,0.04415633320261548,0.07580988405079102,2.440205334078512e-05,0.0009910838564777364,0.0
0.0,0.8858719096213701,0.0441563332026536,0.07580988405075266,2.4402053340807965e-05,0.0009910838564773069,0.0
0.0,0.9008866877505457,0.044156333202691724,0.0758098840507143,2.4402053340830807e-05,0.0009910838564768777,0.0
0.0,0.9159014658797215,0.04415633320272983,0.07580988405067596,2.4402053340853637e-05,0.0009910838564764482,0.0
0.0,0.9309162440088973,0.044156333202767954,0.07580988405063759,2.440205334087648e-05,0.0009910838564760188,0.0
0.0,0.9459310221380731,0.04415633320280606,0.07580988405059924,2.4402053340899315e-05,0.0009910838564755895,0.0
0.0,0.9609458002672489,0.04415633320284417,0.07580988405056088,2.4402053340922148e-05,0.0009910838564751601,0.0
0.0,0.9759605783964246,0.0441563332028823,0.07580988405052252,2.4402053340944998e-05,0.0009910838564747306,0.0
0.0,0.9909753565256004,0.044156333202920416,0.07580988405048418,2.440205334096783e-05,0.0009910838564743014,0.0
0.0,1.0059901346547762,0.044156333202958545,0.07580988405044581,2.4402053340990673e-05,0.0009910838564738719,0.0
0.0,1.021004912783952,0.04415633320299667,0.07580988405040745,2.4402053341013516e-05,0.0009910838564734425,0.0
0.0,1.0360196909131276,0.04415633320303477,0.0758098840503691,2.4402053341036345e-05,0.0009910838564730132,0.0
0.0,1.0510344690423035,0.044156333203072884,0.07580988405033075,2.4402053341059188e-05,0.0009910838564725839,0.0
0.0,1.0660492471714793,0.044156333203111,0.07580988405029239,2.440205334108202e-05,0.0009910838564721545,0.0
0.0,1.081064025300655,0.04415633320314911,0.07580988405025404,2.4402053341104856e-05,0.0009910838564717252,0.0
0.0,1.0960788034298308,0.04415633320318723,0.07580988405021569,2.4402053341127696e-05,0.0009910838564712956,0.0
0.0,1.1110935815590066,0.04415633320322536,0.07580988405017731,2.4402053341150545e-05,0.0009910838564708663,0.0
0.0,1.1261083596881822,0.04415633320326346,0.07580988405013898,2.4402053341173375e-05,0.000991083856470437,0.0
0.0,1.1411231378173579,0.04415633320330158,0.07580988405010063,2.4402053341196217e-05,0.0009910838564700078,0.0
0.0,1.1561379159465337,0.04415633320333971,0.07580988405006227,2.440205334121906e-05,0.0009910838564695782,0.0
0.0,1.1711526940757095,0.044156333203377834,0.07580988405002391,2.4402053341241903e-05,0.0009910838564691489,0.0
0.0,1.1861674722048854,0.04415633320341594,0.07580988404998555,2.4402053341264736e-05,0.0009910838564687193,0.0
0.0,1.201182250334061,0.044156333203454065,0.0758098840499472,2.440205334128758e-05,0.0009910838564682902,0.0
0.0,1.2161970284632369,0.04415633320349217,0.07580988404990886,2.4402053341310408e-05,0.0009910838564678608,0.0
0.0,1.2312118065924127,0.044156333203530275,0.07580988404987049,2.440205334133324e-05,0.0009910838564674315,0.0
0.0,1.2462265847215883,0.044156333203568404,0.07580988404983213,2.4402053341356086e-05,0.000991083856467002,0.0
0.0,1.2612413628507642,0.04415633320360653,0.07580988404979377,2.4402053341378936e-05,0.0009910838564665726,0.0
0.0,1.27625614097994,0.04415633320377268,0.075809884049623,2.4402053341479902e-05,0.0009910838564645209,0.0
0.0,1.2912709191091156,0.0441563332053235,0.07580988404804005,2.4402053342422454e-05,0.0009910838564452524,0.0
0.0,1.3062856972382915,0.04415633321869505,0.0758098840343897,2.4402053350548457e-05,0.00099108385627923,0.0
0.0,1.321300475367467,0.044156333332783036,0.07580988391792048,2.4402053419879683e-05,0.0009910838548628134,0.0
0.0,1.336315253496643,0.044156334304933154,0.07580988292547818,2.4402054010653786e-05,0.0009910838427936016,0.0
0.0,1.3513300316258188,0.044156342587364755,0.07580987447016045,2.440205904387328e-05,0.0009910837399676263,0.0
0.0,1.3663448097549946,0.044156413149859824,0.0758098024347511,2.4402101924585818e-05,0.0009910828639378606,0.0
0.0,1.3813595878841702,0.044157014300673154,0.07580918873557856,2.4402467243401567e-05,0.0009910754006795391,0.0
0.0,1.396374366013346,0.04416213516752342,0.0758039609765285,2.4405579222538383e-05,0.0009910118252306908,0.0
0.0,1.411389144142522,0.044205714688865284,0.0757594718003136,2.4432065121869613e-05,0.0009904707766903288,0.0
0.0,1.4264039222716975,0.044573555964439654,0.07538395363827974,2.465579446970719e-05,0.0009859032403942106,0.0
0.0,1.4414187004008734,0.04748085896617732,0.07241604512589717,2.6434848374518848e-05,0.0009497496031265644,0.0
0.0,1.4564334785300492,0.06310465946737048,0.05646791533819303,3.633390638658747e-05,0.0007527853431354533,0.0
0.0,1.4714482566592246,0.093430795297679,0.025515104243614563,5.729545698167863e-05,0.00035148909109001554,0.0
0.0,1.4864630347884005,0.11167248567656339,0.006897199458876338,7.109185247364253e-05,9.68067689634584e-05,0.0
0.0,1.5014778129175763,0.11694472673662286,0.0015162793560340954,7.525232507188303e-05,2.139302608477476e-05,0.0
15.014778129175763,0.015014778129175763,0.04415633320322477,0.07580988405299416,2.440205334101353e-05,0.0009910838565022134,0.03
15.014778129175763,0.030029556258351527,0.04415633320388487,0.07580988405296052,2.4402053341378197e-05,0.0009910838565017842,0.03
15.014778129175763,0.04504433438752729,0.04415633320528209,0.07580988405293243,2.440205334214801e-05,0.0009910838565013545,0.03
15.014778129175763,0.06005911251670305,0.044156333208217664,0.07580988405291603,2.4402053343763357e-05,0.0009910838565009251,0.03
15.014778129175763,0.07507389064587881,0.04415633321432871,0.07580988405292359,2.4402053347124103e-05,0.000991083856500496,0.03
15.014778129175763,0.09008866877505459,0.044156333226924076,0.07580988405298017,2.440205335404904e-05,0.0009910838565000666,0.03
15.014778129175763,0.10510344690423035,0.04415633325261313,0.07580988405313575,2.4402053368171242e-05,0.0009910838564996369,0.03
15.014778129175763,0.1201182250334061,0.04415633330444789,0.07580988405348922,2.440205339666539e-05,0.0009910838564992077,0.03
15.014778129175763,0.13513300316258187,0.04415633340788542,0.07580988405427026,2.44020534535237e-05,0.0009910838564991967,0.03
15.014778129175763,0.15014778129175763,0.04415633361195731,0.07580988405585323,2.4402053565699847e-05,0.0009910838564996384,0.03
15.014778129175763,0.16516255942093339,0.044156334009939645,0.07580988405897991,2.440205378446932e-05,0.0009910838565009418,0.03
15.014778129175763,0.18017733755010917,0.0441563347770248,0.0758098840650426,2.4402054206140693e-05,0.0009910838565038553,0.03
15.014778129175763,0.19519211567928493,0.04415633623802473,0.07580988407662342,2.440205500927705e-05,0.000991083856509781,0.03
15.014778129175763,0.2102068938084607,0.04415633898724539,0.07580988409845407,2.4402056520601148e-05,0.00099108385652136,0.03
15.014778129175763,0.22522167193763643,0.04415634409753378,0.07580988413906757,2.4402059329930367e-05,0.0009910838565432667,0.03
15.014778129175763,0.2402364500668122,0.04415635347917396,0.07580988421366097,2.440206448750308e-05,0.0009910838565838631,0.03
15.014778129175763,0.255251228195988,0.04415637048617529,0.0758098843489147,2.4402073837334682e-05,0.0009910838566578061,0.03
15.014778129175763,0.27026600632516373,0.04415640092352522,0.07580988459100767,2.4402090571050708e-05,0.0009910838567904839,0.03
15.014778129175763,0.28528078445433946,0.04415645469187059,0.07580988501869985,2.4402120132232393e-05,0.0009910838570251995,0.03
15.014778129175763,0.30029556258351525,0.04415654842509206,0.07580988576431415,2.4402171666755878e-05,0.00099108385743471,0.03
15.014778129175763,0.31531034071269104,0.04415670964138673,0.07580988704675728,2.440226030543964e-05,0.0009910838581393758,0.03
15.014778129175763,0.33032511884186677,0.04415698314871978,0.0758098892224766,2.4402410686456615e-05,0.000991083859335205,0.03
15.014778129175763,0.34533989697104256,0.04415744072530336,0.07580989286246345,2.440266227887553e-05,0.0009910838613361639,0.03
15.014778129175763,0.36035467510021835,0.04415819542947674,0.07580989886608876,2.4403077252277647e-05,0.0009910838646368084,0.03
15.014778129175763,0.3753694532293941,0.044159422257135435,0.07580990862542926,2.4403751837536662e-05,0.000991083870002659,0.03
15.014778129175763,0.39038423135856987,0.04416138720558684,0.07580992425645962,2.4404832311348557e-05,0.0009910838785973123,0.03
15.014778129175763,0.4053990094877456,0.04416448702529649,0.07580994891527329,2.4406536859647195e-05,0.000991083892156422,0.03
15.014778129175763,0.4204137876169214,0.04416930189522381,0.0758099872170918,2.440918455000892e-05,0.0009910839132180936,0.03
15.014778129175763,0.4354285657460972,0.044176662729009,0.07581004577166857,2.4413232352599378e-05,0.0009910839454174466,0.03
15.014778129175763,0.45044334387527285,0.044187733530261786,0.07581013383838846,2.4419320440208914e-05,0.0009910839938469208,0.03
15.014778129175763,0.46545812200444864,0.044204106842918554,0.07581026408552695,2.4428324692800994e-05,0.0009910840654738988,0.03
15.014778129175763,0.4804729001336244,0.04422790656565487,0.07581045340808454,2.4441413253765045e-05,0.00099108416959063,0.03
15.014778129175763,0.4954876782628002,0.04426188697987503,0.0758107237154807,2.4460101002718145e-05,0.000991084318247513,0.03
15.014778129175763,0.510502456391976,0.0443095097473563,0.07581110254397866,2.448629190585003e-05,0.0009910845265898682,0.03
15.014778129175763,0.5255172345211517,0.04437497219904818,0.07581162328164655,2.4522294562877735e-05,0.0009910848129816882,0.03
15.014778129175763,0.5405320126503275,0.04446315133130972,0.07581232472276085,2.457079136962799e-05,0.000991085198760211,0.03
15.014778129175763,0.5555467907795033,0.04457942010703411,0.0758132496064331,2.4634737415868492e-05,0.0009910857074316467,0.03
15.014778129175763,0.5705615689086789,0.04472928823398432,0.07581444175899842,2.4717162812065164e-05,0.0009910863630986008,0.03
15.014778129175763,0.5855763470378548,0.04491782152080294,0.075815941475108,2.482085321839768e-05,0.0009910871879189496,0.03
15.014778129175763,0.6005911251670305,0.0451488054660167,0.07581777886428342,2.4947889737837846e-05,0.0009910881984455627,0.03
15.014778129175763,0.6156059032962063,0.04542364287093242,0.07581996508183876,2.5099042654131124e-05,0.000991089400803873,0.03
15.014778129175763,0.6306206814253821,0.04574001369262899,0.07582248166860067,2.5273034670888434e-05,0.0009910907848312148,0.03
15.014778129175763,0.6456354595545578,0.04609037741268112,0.07582526863805523,2.5465717949064363e-05,0.0009910923175306056,0.03
15.014778129175763,0.6606502376837335,0.04646045977763887,0.0758282124393524,2.566924303997339e-05,0.0009910939364601073,0.03
15.014778129175763,0.6756650158129094,0.04682792857588655,0.07583113542422625,2.587133216207121e-05,0.0009910955439524636,0.03
15.014778129175763,0.6906797939420851,0.04716151475012451,0.0758337888565425,2.6054797330334882e-05,0.000991097003282354,0.03
15.014778129175763,0.705694572071261,0.04742086034892582,0.07583585170368105,2.6197457271216735e-05,0.0009910981380058836,0.03
15.014778129175763,0.7207093502004367,0.04755735812696882,0.07583693731612869,2.6272597481370967e-05,0.0009910987356207945,0.03
15.014778129175763,0.7357241283296123,0.04751617719592141,0.07583660954149514,2.6250078960774244e-05,0.0009910985563863354,0.03
15.014778129175763,0.7507389064587882,0.04723954125792323,0.07583440880205583,2.6098131290316373e-05,0.0009910973475867814,0.03
15.014778129175763,0.7657536845879639,0.046671148748081634,0.07582988725528918,2.5785769483488942e-05,0.0009910948627565952,0.03
15.014778129175763,0.7807684627171397,0.04576141945513107,0.07582265052814839,2.528566331599266e-05,0.0009910908845044513,0.03
15.014778129175763,0.7957832408463155,0.04447305383249415,0.07581240193806102,2.4577180821531612e-05,0.0009910852487224962,0.03
15.014778129175763,0.8107980189754912,0.042786240096446056,0.07579898391163638,2.3649245964826774e-05,0.0009910778673170664,0.03
15.014778129175763,0.825812797104667,0.040702779615703254,0.07578241079839201,2.2502614834677507e-05,0.000991068746313764,0.03
15.014778129175763,0.8408275752338428,0.03824845095892563,0.07576288767352204,2.1151199802135728e-05,0.000991057996389317,0.03
15.014778129175763,0.8558423533630185,0.0354731053389987,0.07574081109497117,1.962216155682621e-05,0.0009910458336025818,0.03
15.014778129175763,0.8708571314921943,0.03244826457822186,0.07571674999450141,1.7954636808023856e-05,0.0009910325692729135,0.03
15.014778129175763,0.8858719096213701,0.02926233691482444,0.07569140762037993,1.6197154416988186e-05,0.0009910185894259729,0.03
15.014778129175763,0.9008866877505457,0.02601391864172362,0.0756655682545609,1.440398511901384e-05,0.0009910043257572393,0.03
15.014778129175763,0.9159014658797215,0.022803947203267682,0.07564003479463835,1.2630835908739154e-05,0.0009909902213829428,0.03
15.014778129175763,0.9309162440088973,0.019727657241745297,0.07561556476924758,1.0930408053132012e-05,0.0009909766955069571,0.03
15.014778129175763,0.9459310221380731,0.016867327357638698,0.07559281264389632,9.34836502314033e-06,0.0009909641113485846,0.03
15.014778129175763,0.9609458002672489,0.014286681819843756,0.07557228529155526,7.920195295345442e-06,0.0009909527511888833,0.03
15.014778129175763,0.9759605783964246,0.012027548850947227,0.07555431541330733,6.669314138924019e-06,0.0009909428012726694,0.03
15.014778129175763,0.9909753565256004,0.010109023875105677,0.07553905488450355,5.606553772191584e-06,0.0009909343477541431,0.03
15.014778129175763,1.0059901346547762,0.008529008913824193,0.07552648700148776,4.730979801779061e-06,0.0009909273831921442,0.03
15.014778129175763,1.021004912783952,0.00726766875909499,0.07551645397464198,4.03178418533979e-06,0.0009909218216081496,0.03
15.014778129175763,1.0360196909131276,0.0062921193867965935,0.07550869422253863,3.490875495598189e-06,0.0009909175190902903,0.03
15.014778129175763,1.0510344690423035,0.005561577908092248,0.07550288333661669,3.0857361305271047e-06,0.0009909142965189267,0.03
15.014778129175763,1.0660492471714793,0.005032257832851977,0.07549867301882293,2.7921448664938522e-06,0.0009909119612136364,0.03
15.014778129175763,1.081064025300655,0.004661459925924777,0.07549572361740077,2.5864557219442655e-06,0.000990910325018075,0.03
15.014778129175763,1.0960788034298308,0.0044105382985521946,0.07549372770254724,2.4472525173689386e-06,0.000990909217273054,0.03
15.014778129175763,1.1110935815590066,0.004246658231922512,0.0754924239754746,2.3563313195144175e-06,0.000990908491827824,0.03
15.014778129175763,1.1261083596881822,0.0041434593887199255,0.07549160224543698,2.2990734552630847e-06,0.000990908026708574,0.03
15.014778129175763,1.1411231378173579,0.00408086653481281,0.07549110075746739,2.2643437017964648e-06,0.0009909077103832692,0.03
15.014778129175763,1.1561379159465337,0.004044342195426464,0.07549079590001835,2.2440775187680893e-06,0.0009909073902719862,0.03
15.014778129175763,1.1711526940757095,0.004023862728283376,0.07549057869121582,2.2327140129509053e-06,0.0009909066977371237,0.03
15.014778129175763,1.1861674722048854,0.004012843105952719,0.07549029490992014,2.226600103675254e-06,0.0009909044737758557,0.03
15.014778129175763,1.201182250334061,0.004007160966831467,0.07548957627797027,2.2234499791409026e-06,0.0009908969762463832,0.03
15.014778129175763,1.2161970284632369,0.0040043579216827085,0.07548736176582764,2.221904132499288e-06,0.000990872628334651,0.03
15.014778129175763,1.2312118065924127,0.004003038787229312,0.07548060779615175,2.221201724730457e-06,0.0009907977300354243,0.03
15.014778129175763,1.2462265847215883,0.0040024524158285705,0.07546107297705475,2.220962159573975e-06,0.0009905807211675922,0.03
15.014778129175763,1.2612413628507642,0.00400221988934648,0.07540803628591505,2.2210663540428467e-06,0.000989991088997969,0.03
15.014778129175763,1.27625614097994,0.004002172187779892,0.07527362165404693,2.2216315063948916e-06,0.0009884954876293304,0.03
15.014778129175763,1.2912709191091156,0.004002263827601568,0.07495729895379416,2.2230766071332018e-06,0.0009849711383130488,0.03
15.014778129175763,1.3062856972382915,0.0040025353526182555,0.07426989865292963,2.2262648523963176e-06,0.000977293804295632,0.03
15.014778129175763,1.321300475367467,0.004003101293081847,0.07289837149831359,2.23266842346352e-06,0.0009619063972940337,0.03
15.014778129175763,1.336315253496643,0.004004140056143193,0.07039938554931373,2.2444354722580126e-06,0.0009336410472012235,0.03
15.014778129175763,1.3513300316258188,0.004005862836153822,0.06626022090563535,2.2641959008607174e-06,0.0008861779428949126,0.03
15.014778129175763,1.3663448097549946,0.0040084488703526116,0.060048475544551894,2.294490444690464e-06,0.0008134133917494795,0.03
15.014778129175763,1.3813595878841702,0.004011956877374863,0.05162249231442217,2.3368517202134635e-06,0.0007116657863046431,0.03
15.014778129175763,1.396374366013346,0.004016244562697794,0.04132385519978444,2.3907109130749335e-06,0.0005823011778890227,0.03
15.014778129175763,1.411389144142522,0.00402093341350559,0.030061658667864283,2.452403137718774e-06,0.0004341221690944899,0.03
15.014778129175763,1.4264039222716975,0.004025448882693112,0.0192158971321989,2.514775745032752e-06,0.00028430870878887556,0.03
15.014778129175763,1.4414187004008734,0.004029162800390463,0.010295378799216244,2.568413861795025e-06,0.00015547449818452188,0.03
15.014778129175763,1.4564334785300492,0.0040316421682075,0.0043401359604249064,2.6054713666612274e-06,6.646535409116478e-05,0.03
15.014778129175763,1.4714482566592246,0.00403289200506072,0.001338123371537868,2.6245496600287794e-06,2.064075404064753e-05,0.03
15.014778129175763,1.4864630347884005,0.0040333313851635575,0.0002827646787471786,2.6313222883202247e-06,4.373399167344941e-06,0.03
15.014778129175763,1.5014778129175763,0.004033434464878791,3.517453878621226e-05,2.63291638486292e-06,5.444927270168058e-07,0.03
30.029556258351526,0.015014778129175763,0.044786580761914885,0.07581489705352713,2.4748945315492342e-05,0.0009910866156851706,0.03
30.029556258351526,0.030029556258351527,0.04446698154948373,0.07581235471744781,2.4573185823874846e-05,0.0009910852175595579,0.03
30.029556258351526,0.04504433438752729,0.04403314509727813,0.07580890367407532,2.4334571081522377e-05,0.0009910833194478855,0.03
30.029556258351526,0.06005911251670305,0.04347083144636339,0.07580443065374394,2.4025248219085295e-05,0.0009910808588856571,0.03
30.029556258351526,0.07507389064587881,0.04276749260597193,0.07579883584612511,2.36382864672651e-05,0.0009910777807435012,0.03
30.029556258351526,0.09008866877505459,0.04191303498721585,0.075792038964952,2.316809549609387e-05,0.0009910740405549036,0.03
30.029556258351526,0.10510344690423035,0.04090054884621541,0.0757839850502665,2.2610826370338903e-05,0.0009910696077054988,0.03
30.029556258351526,0.1201182250334061,0.03972695394451783,0.07577464960417683,2.1964727484636525e-05,0.0009910644682642228,0.03
30.029556258351526,0.13513300316258187,0.03839351122528718,0.07576404266082222,2.123042808804651e-05,0.0009910586272386499,0.03
30.029556258351526,0.15014778129175763,0.03690615524502385,0.07575221143049152,2.041112458478953e-05,0.0009910521100566982,0.03
30.029556258351526,0.16516255942093339,0.035275611330137756,0.07573924123134203,1.9512649684090565e-05,0.000991044963116636,0.03
30.029556258351526,0.18017733755010917,0.03351727442741824,0.07572525452550075,1.8543411408393008e-05,0.0009910372533017096,0.03
30.029556258351526,0.19519211567928493,0.03165084244254955,0.07571040800228462,1.7514197472479204e-05,0.0009910290664241386,0.03
30.029556258351526,0.2102068938084607,0.029699714222135954,0.07569488778928232,1.6437849947361504e-05,0.0009910205046370021,0.03
30.029556258351526,0.22522167193763643,0.027690179724169862,0.07567890301046118,1.532882462813811e-05,0.0009910116829291954,0.03
30.029556258351526,0.2402364500668122,0.025650445765850075,0.07566267803643292,1.420265829084951e-05,0.0009910027248877659,0.03
30.029556258351526,0.255251228195988,0.02360955355979339,0.07564644387399518,1.3075374239938653e-05,0.0009909937579692426,0.03
30.029556258351526,0.27026600632516373,0.021596252825276087,0.07563042921032961,1.1962861521717998e-05,0.000990984908561745,0.03
30.029556258351526,0.28528078445433946,0.01963790074669281,0.07561485165487988,1.0880265407035166e-05,0.0009909762971365016,0.03
30.029556258351526,0.30029556258351525,0.017759452076745855,0.075599909706312,9.841425973123661e-06,0.0009909680337822733,0.03
30.029556258351526,0.31531034071269104,0.01598259939525554,0.0755857759139024,8.858397868998815e-06,0.000990960214385347,0.03
30.029556258351526,0.33032511884186677,0.014325110596038457,0.07557259160781116,7.94107795016688e-06,0.0009909529176677625,0.03
30.029556258351526,0.34533989697104256,0.01280039519583711,0.0755604634495098,7.09695900302375e-06,0.000990946203228374,0.03
30.029556258351526,0.36035467510021835,0.011417313494602389,0.07554946191396388,6.3310180442844225e-06,0.0009909401106544633,0.03
30.029556258351526,0.3753694532293941,0.01018022461061515,0.07553962167191987,5.645737600753517e-06,0.000990934659691162,0.03
30.029556258351526,0.39038423135856987,0.009089252626743025,0.07553094370710854,5.041248899214456e-06,0.000990929851380483,0.03
30.029556258351526,0.4053990094877456,0.008140736007327808,0.07552339889123288,4.515577890335312e-06,0.000990925670018383,0.03
30.029556258351526,0.4204137876169214,0.007327815237431987,0.07551693265839698,4.064969174641642e-06,0.0009909220857314814,0.03
30.029556258351526,0.4354285657460972,0.006641107998485049,0.07551147037579324,3.6842596117881715e-06,0.000990919057448945,0.03
30.029556258351526,0.45044334387527285,0.006069420305250299,0.07550692300039505,3.3672727935208493e-06,0.0009909165360402483,0.03
30.029556258351526,0.46545812200444864,0.005600445549135069,0.075503192639424,3.107207462283406e-06,0.0009909144674048512,0.03
30.029556258351526,0.4804729001336244,0.005221410538281335,0.07550017768917695,2.8969969199860238e-06,0.000990912795331091,0.03
30.029556258351526,0.4954876782628002,0.004919637296236765,0.07549777730373017,2.7296218714539096e-06,0.000990911463984544,0.03
30.029556258351526,0.510502456391976,0.0046830003262354,0.07549589503213307,2.598365273672625e-06,0.0009909104199352032,0.03
30.029556258351526,0.5255172345211517,0.004500270031780511,0.07549444155003648,2.497003914923279e-06,0.0009909096136813645,0.03
30.029556258351526,0.5405320126503275,0.004361342936963169,0.07549333649087564,2.4199370230423957e-06,0.0009909090006725394,0.03
30.029556258351526,0.5555467907795033,0.004257367477144881,0.07549250944638891,2.3622567523173676e-06,0.0009909085418701039,0.03
30.029556258351526,0.5705615689086789,0.004180779968563495,0.07549190025267224,2.3197686648216805e-06,0.000990908203910158,0.03
30.029556258351526,0.5855763470378548,0.004125268783615183,0.0754914587051773,2.2889722331862418e-06,0.000990907958948522,0.03
30.029556258351526,0.6005911251670305,0.004085685916266476,0.0754911438552174,2.267012039193533e-06,0.0009909077842723587,0.03
30.029556258351526,0.6156059032962063,0.004057924393126466,0.07549092303483781,2.251609936980721e-06,0.0009909076617607149,0.03
30.029556258351526,0.6306206814253821,0.004038777869086438,0.07549077073996073,2.240987270849294e-06,0.0009909075772656826,0.03
30.029556258351526,0.6456354595545578,0.004025795778227815,0.07549066747820515,2.2337845853414496e-06,0.000990907519973858,0.03
30.029556258351526,0.6606502376837335,0.004017144090708841,0.07549059866128789,2.2289844180016815e-06,0.0009909074817921327,0.03
30.029556258351526,0.6756650158129094,0.004011478466462154,0.07549055359604008,2.2258409522636393e-06,0.0009909074567880792,0.03
30.029556258351526,0.6906797939420851,0.0040078336934823095,0.07549052460497742,2.2238186939725172e-06,0.0009909074407023115,0.03
30.029556258351526,0.705694572071261,0.004005530928738598,0.0754905062884552,2.2225410179853864e-06,0.0009909074305390732,0.03
30.029556258351526,0.7207093502004367,0.004004102491738254,0.07549049492645983,2.2217484488381656e-06,0.0009909074242344328,0.03
30.029556258351526,0.7357241283296123,0.004003232777837274,0.07549048800862111,2.221265882172716e-06,0.0009909074203955847,0.03
30.029556258351526,0.7507389064587882,0.004002713186295029,0.0754904838756995,2.2209775801001887e-06,0.0009909074181019548,0.03
30.029556258351526,0.7657536845879639,0.004002408691665962,0.07549048145368295,2.220808625478635e-06,0.0009909074167576326,0.03
30.029556258351526,0.7807684627171397,0.004002233712825973,0.07549048006184882,2.2207115340942183e-06,0.000990907415984926,0.03
30.029556258351526,0.7957832408463155,0.004002135145968454,0.07549047927780342,2.220656841216876e-06,0.0009909074155494719,0.03
30.029556258351526,0.8107980189754912,0.0040020807381289806,0.0754904788450028,2.2206266510144806e-06,0.0009909074153089182,0.03
30.029556258351526,0.825812797104667,0.004002051319843191,0.07549047861096918,2.2206103270149546e-06,0.0009909074151786409,0.03
30.029556258351526,0.8408275752338428,0.004002035744668087,0.0754904784870366,2.220601684367501e-06,0.0009909074151093719,0.03
30.029556258351526,0.8558423533630185,0.004002027673494264,0.07549047842276267,2.2205972056344293e-06,0.000990907415072907,0.03
30.029556258351526,0.8708571314921943,0.004002023581348384,0.07549047839003545,2.22059493485947e-06,0.0009909074150528678,0.03
30.029556258351526,0.8858719096213701,0.004002021552299957,0.0754904783733319,2.2205938089092013e-06,0.0009909074150376519,0.03
30.029556258351526,0.9008866877505457,0.004002020568809197,0.07549047836357929,2.2205932631564925e-06,0.0009909074150119125,0.03
30.029556258351526,0.9159014658797215,0.00400202010302342,0.07549047835295199,2.2205930047091123e-06,0.0009909074149330854,0.03
30.029556258351526,0.9309162440088973,0.004002019887585156,0.07549047832724969,2.220592885260295e-06,0.000990907414666041,0.03
30.029556258351526,0.9459310221380731,0.004002019790339755,0.07549047824522785,2.220592831651467e-06,0.000990907413764175,0.03
30.029556258351526,0.9609458002672489,0.0040020197475971004,0.07549047797690647,2.220592809107853e-06,0.0009909074107901188,0.03
30.029556258351526,0.9759605783964246,0.004002019729546434,0.07549047711746214,2.2205928028631997e-06,0.0009909074012519855,0.03
30.029556258351526,0.9909753565256004,0.004002019722954881,0.07549047444181843,2.2205928109546086e-06,0.0009909073715467587,0.03
30.029556258351526,1.0059901346547762,0.0040020197231791675,0.07549046636058492,2.220592846574959e-06,0.0009909072818062039,0.03
30.029556258351526,1.021004912783952,0.004002019731782451,0.07549044270857783,2.2205929552631176e-06,0.0009909070190949221,0.03
30.029556258351526,1.0360196909131276,0.004002019759202845,0.07549037570163382,2.2205932649416043e-06,0.0009909062746553748,0.03
30.029556258351526,1.0510344690423035,0.0040020198354416055,0.07549019216332932,2.220594114000891e-06,0.0009909042351003334,0.03
30.029556258351526,1.0660492471714793,0.004002020037495379,0.07548970671122257,2.220596360469211e-06,0.000990898839314241,0.03
30.029556258351526,1.081064025300655,0.004002020552997945,0.07548846849978667,2.2206020917900323e-06,0.0009908850734378352,0.03
30.029556258351526,1.0960788034298308,0.004002021819165245,0.07548542732715095,2.220616171844058e-06,0.000990851255022489,0.03
30.029556258351526,1.1110935815590066,0.0040020248090382,0.07547824604758364,2.2206494280793264e-06,0.0009907713778913806,0.03
30.029556258351526,1.1261083596881822,0.004002031585238214,0.07546197048969012,2.2207248203186894e-06,0.0009905902953701422,0.03
30.029556258351526,1.1411231378173579,0.004002046297849125,0.075426632646009,2.22088856782113e-06,0.0009901969943322925,0.03
30.029556258351526,1.1561379159465337,0.0040020768398642105,0.0753532744639708,2.2212286440316254e-06,0.0009893801728029156,0.03
30.029556258351526,1.1711526940757095,0.004002137330511114,0.0752079831520011,2.221902636290177e-06,0.0009877613237913594,0.03
30.029556258351526,1.1861674722048854,0.004002251382379844,0.07493404384797618,2.2231747605219215e-06,0.000984705829550461,0.03
30.029556258351526,1.201182250334061,0.004002455641333576,0.0744434370521448,2.225457022956508e-06,0.0009792240946786522,0.03
30.029556258351526,1.2161970284632369,0.004002802397764011,0.07361056654644826,2.229342531973953e-06,0.0009698915333079572,0.03
30.029556258351526,1.2312118065924127,0.004003359420466251,0.07227265826430933,2.235612535897476e-06,0.0009548316635217305,0.03
30.029556258351526,1.2462265847215883,0.004004205083109977,0.0702414658793027,2.2451978336785837e-06,0.0009318087935406411,0.03
30.029556258351526,1.2612413628507642,0.004005417845164426,0.06732853651162415,2.259083900616775e-06,0.0008984558994495794,0.03
30.029556258351526,1.27625614097994,0.004007061167908421,0.06338144104692606,2.2781659239194934e-06,0.0008526228157035027,0.03
30.029556258351526,1.2912709191091156,0.004009167061498588,0.05832329266801348,2.303076213232602e-06,0.0007927907794690608,0.03
30.029556258351526,1.3062856972382915,0.00401172233811969,0.05218576573263736,2.3340118828970673e-06,0.000718486323110559,0.03
30.029556258351526,1.321300475367467,0.004014660702352155,0.045128094226589956,2.370583394864166e-06,0.0006306450616674728,0.03
30.029556258351526,1.336315253496643,0.004017861897370768,0.03743912273513848,2.4116953042210536e-06,0.0005318981329038672,0.03
30.029556258351526,1.3513300316258188,0.004021157920293448,0.029522377939240133,2.455476708113492e-06,0.00042673925522453094,0.03
30.029556258351526,1.3663448097549946,0.0040243469009585515,0.02186273327207493,2.4993116645566907e-06,0.0003214516689739594,0.03
30.029556258351526,1.3813595878841702,0.004027216970274321,0.014969079567989058,2.5400682130765813e-06,0.00022355805654713728,0.03
30.029556258351526,1.396374366013346,0.004029582543536352,0.00928717602007323,2.5746353529976034e-06,0.0001405307762141134,0.03
30.029556258351526,1.411389144142522,0.004031329666034399,0.00509073400590686,2.6007547210158257e-06,7.779424866635063e-05,0.03
30.029556258351526,1.4264039222716975,0.004032453875508632,0.0023904741623605764,2.6178356804470936e-06,3.676717447860027e-05,0.03
30.029556258351526,1.4414187004008734,0.004033063124150741,0.0009271068655168446,2.627184868603092e-06,1.4311160928702417e-05,0.03
30.029556258351526,1.4564334785300492,0.004033330628080088,0.00028458281974007066,2.6313110646298143e-06,4.400352731624215e-06,0.03
30.029556258351526,1.4714482566592246,0.004033421748319322,6.571874621051852e-05,2.632719721691674e-06,1.0168626891256472e-06,0.03
30.029556258351526,1.4864630347884005,0.004033444630944036,1.0756328259191578e-05,2.6330737679749646e-06,1.664689922729781e-07,0.03
30.029556258351526,1.5014778129175763,0.004033448545835412,1.3530328313446816e-06,2.633134361052055e-06,2.0928660363401737e-08,0.03
45.04433438752729,0.015014778129175763,0.004118050416989826,0.0754914012960742,2.2849639928958275e-06,0.0009909079270846578,0.03
45.04433438752729,0.030029556258351527,0.004087374634738592,0.0754911572933858,2.267946232937683e-06,0.0009909077917207843,0.03
45.04433438752729,0.04504433438752729,0.004064200227325581,0.07549097295861758,2.2550897855443613e-06,0.0009909076894570963,0.03
45.04433438752729,0.06005911251670305,0.0040468735505738325,0.07549083513820246,2.2454773683061113e-06,0.0009909076129972722,0.03
45.04433438752729,0.07507389064587881,0.004034053886830183,0.07549073316769017,2.2383652574791306e-06,0.0009909075564254828,0.03
45.04433438752729,0.09008866877505459,0.004024668487070892,0.07549065851414523,2.2331583621812e-06,0.0009909075150082518,0.03
45.04433438752729,0.10510344690423035,0.004017870149865815,0.07549060443870192,2.2293867008452057e-06,0.0009909074850072057,0.03
45.04433438752729,0.1201182250334061,0.004012998407193741,0.07549056568782743,2.2266838751234994e-06,0.000990907463507905,0.03
45.04433438752729,0.13513300316258187,0.004009544946520043,0.07549053821828054,2.224767891551043e-06,0.0009909074482673324,0.03
45.04433438752729,0.15014778129175763,0.004007123533223402,0.07549051895785656,2.223424478260281e-06,0.0009909074375810936,0.03
45.04433438752729,0.16516255942093339,0.004005444411763174,0.07549050560177546,2.222492885298367e-06,0.0009909074301705733,0.03
45.04433438752729,0.18017733755010917,0.004004292955475,0.07549049644284654,2.221854041252862e-06,0.0009909074250886245,0.03
45.04433438752729,0.19519211567928493,0.004003512196242611,0.07549049023251397,2.2214208618594545e-06,0.0009909074216425864,0.03
45.04433438752729,0.2102068938084607,0.004002988786163335,0.07549048606918496,2.2211304622852824e-06,0.0009909074193322578,0.03
45.04433438752729,0.22522167193763643,0.004002641911947601,0.07549048331005356,2.220938007319112e-06,0.000990907417801,0.03
45.04433438752729,0.2402364500668122,0.004002414687336886,0.07549048150263639,2.22081193618352e-06,0.0009909074167977821,0.03
45.04433438752729,0.255251228195988,0.004002267578332234,0.07549048033247212,2.220730315028908e-06,0.0009909074161481295,0.03
45.04433438752729,0.27026600632516373,0.004002173461027436,0.07549047958381257,2.220678095117664e-06,0.0009909074157323453,0.03
45.04433438752729,0.28528078445433946,0.004002113964656098,0.07549047911053348,2.2206450839954074e-06,0.0009909074154693567,0.03
45.04433438752729,0.30029556258351525,0.004002076807258226,0.0754904788149406,2.220624467337799e-06,0.0009909074153049402,0.03
45.04433438752729,0.31531034071269104,0.0040020538840424575,0.07549047863256837,2.220611748376156e-06,0.0009909074152033455,0.03
45.04433438752729,0.33032511884186677,0.004002039916455417,0.07549047852142957,2.220603998395027e-06,0.0009909074151412656,0.03
45.04433438752729,0.34533989697104256,0.004002031511769601,0.0754904784545377,2.220599334982035e-06,0.0009909074151037245,0.03
45.04433438752729,0.36035467510021835,0.0040020265181787956,0.07549047841477652,2.2205965642248163e-06,0.0009909074150812216,0.03
45.04433438752729,0.3753694532293941,0.00400202358909822,0.07549047839144137,2.2205949389756155e-06,0.0009909074150678816,0.03
45.04433438752729,0.39038423135856987,0.004002021893158298,0.07549047837790514,2.220593997948394e-06,0.000990907415059877,0.03
45.04433438752729,0.4053990094877456,0.004002020924027239,0.07549047837016637,2.220593460202193e-06,0.000990907415055262,0.03
45.04433438752729,0.4204137876169214,0.004002020377542751,0.07549047836578447,2.220593156969734e-06,0.000990907415052459,0.03
45.04433438752729,0.4354285657460972,0.004002020073506918,0.07549047836330344,2.2205929882657845e-06,0.0009909074150504147,0.03
45.04433438752729,0.45044334387527285,0.004002019906648195,0.07549047836197234,2.220592895678116e-06,0.0009909074150496362,0.03
45.04433438752729,0.46545812200444864,0.004002019816330029,0.07549047836125374,2.220592845561408e-06,0.0009909074150492355,0.03
45.04433438752729,0.4804729001336244,0.00400201976812181,0.07549047836085354,2.220592818810999e-06,0.000990907415048836,0.03
45.04433438752729,0.4954876782628002,0.004002019742752924,0.07549047836062603,2.220592804733952e-06,0.0009909074150484375,0.03
45.04433438752729,0.510502456391976,0.0040020197295939355,0.07549047836049107,2.2205927974321282e-06,0.0009909074150480416,0.03
45.04433438752729,0.5255172345211517,0.004002019722867513,0.07549047836040497,2.2205927936997356e-06,0.0009909074150476478,0.03
45.04433438752729,0.5405320126503275,0.004002019719480118,0.07549047836034428,2.220592791820183e-06,0.0009909074150472562,0.03
45.04433438752729,0.5555467907795033,0.004002019717800306,0.07549047836029645,2.220592790888182e-06,0.0009909074150468641,0.03
45.04433438752729,0.5705615689086789,0.004002019716980739,0.07549047836025516,2.2205927904335422e-06,0.0009909074150464725,0.03
45.04433438752729,0.5855763470378548,0.0040020197165879755,0.07549047836021697,2.2205927902157417e-06,0.0009909074150460796,0.03
45.04433438752729,0.6005911251670305,0.004002019716403735,0.07549047836018036,2.220592790113657e-06,0.0009909074150456867,0.03
45.04433438752729,0.6156059032962063,0.004002019716319741,0.07549047836014477,2.220592790067199e-06,0.0009909074150452966,0.03
45.04433438752729,0.6306206814253821,0.004002019716283293,0.07549047836010934,2.2205927900471262e-06,0.0009909074150449043,0.03
45.04433438752729,0.6456354595545578,0.004002019716269155,0.0754904783600742,2.2205927900394335e-06,0.0009909074150445136,0.03
45.04433438752729,0.6606502376837335,0.004002019716264772,0.07549047836003914,2.2205927900371567e-06,0.0009909074150441228,0.03
45.04433438752729,0.6756650158129094,0.004002019716262761,0.07549047836000418,2.220592790036194e-06,0.0009909074150437327,0.03
45.04433438752729,0.6906797939420851,0.004002019716264344,0.07549047835996885,2.2205927900372265e-06,0.0009909074150433392,0.03
45.04433438752729,0.705694572071261,0.0040020197162666206,0.07549047835991539,2.220592790038721e-06,0.0009909074150427546,0.03
45.04433438752729,0.7207093502004367,0.004002019716268898,0.07549047835942453,2.2205927900421508e-06,0.0009909074150372783,0.03
45.04433438752729,0.7357241283296123,0.004002019716271177,0.07549047835890636,2.2205927900456935e-06,0.0009909074150315173,0.03
45.04433438752729,0.7507389064587882,0.004002019716273543,0.07549047835769386,2.22059279005233e-06,0.0009909074150180556,0.03
45.04433438752729,0.7657536845879639,0.004002019716277662,0.07549047835399253,2.2205927900708707e-06,0.0009909074149769598,0.03
45.04433438752729,0.7807684627171397,0.004002019716283876,0.07549047834291447,2.220592790122977e-06,0.0009909074148539414,0.03
45.04433438752729,0.7957832408463155,0.004002019716299195,0.0754904783104153,2.220592790274247e-06,0.0009909074144929956,0.03
45.04433438752729,0.8107980189754912,0.004002019716340144,0.07549047821704753,2.2205927907072004e-06,0.0009909074134558699,0.03
45.04433438752729,0.825812797104667,0.0040020197164516895,0.07549047795463079,2.2205927919222645e-06,0.0009909074105405105,0.03
45.04433438752729,0.8408275752338428,0.004002019716753996,0.07549047723358941,2.2205927952590796e-06,0.0009909074025287645,0.03
45.04433438752729,0.8558423533630185,0.004002019717561938,0.07549047529802788,2.2205928042158038e-06,0.0009909073810187505,0.03
45.04433438752729,0.8708571314921943,0.004002019719675967,0.0754904702251854,2.220592827691823e-06,0.0009909073246352636,0.03
45.04433438752729,0.8858719096213701,0.004002019725078796,0.07549045725289706,2.2205928877322203e-06,0.0009909071804290112,0.03
45.04433438752729,0.9008866877505457,0.0040020197385475485,0.07549042490714077,2.220593037461339e-06,0.0009909068208023679,0.03
45.04433438752729,0.9159014658797215,0.004002019771268617,0.07549034631968068,2.220593401298707e-06,0.0009909059469159205,0.03
45.04433438752729,0.9309162440088973,0.0040020198486732704,0.0754901604079691,2.2205942621481623e-06,0.0009909038792711205,0.03
45.04433438752729,0.9459310221380731,0.004002020026827295,0.07548973250919998,2.2205962438062496e-06,0.0009908991195877626,0.03
45.04433438752729,0.9609458002672489,0.004002020425439132,0.07548877509859785,2.2206006784024365e-06,0.0009908884682568481,0.03
45.04433438752729,0.9759605783964246,0.004002021291698426,0.0754866944568779,2.2206103172013546e-06,0.0009908653170777161,0.03
45.04433438752729,0.9909753565256004,0.004002023118459347,0.0754823068077668,2.2206306468741977e-06,0.0009908164877265348,0.03
45.04433438752729,1.0059901346547762,0.004002026852831589,0.07547333730541655,2.220672213598862e-06,0.000990716649530043,0.03
45.04433438752729,1.021004912783952,0.004002034245362924,0.0754555813371313,2.220754515981738e-06,0.0009905189690964727,0.03
45.04433438752729,1.0360196909131276,0.004002048400604997,0.07542158212259667,2.220912149717754e-06,0.0009901403514990881,0.03
45.04433438752729,1.0510344690423035,0.004002074586813678,0.07535868589756982,2.2212038628662177e-06,0.0009894396904406321,0.03
45.04433438752729,1.0660492471714793,0.004002121330399001,0.07524641315349541,2.2217248467040546e-06,0.0009881883468453054,0.03
45.04433438752729,1.081064025300655,0.004002201742456746,0.07505327243310032,2.2226217678377092e-06,0.0009860340431436642,0.03
45.04433438752729,1.0960788034298308,0.004002334891849273,0.07473346230764664,2.2241086674613825e-06,0.0009824626746394915,0.03
45.04433438752729,1.1110935815590066,0.00400254686870867,0.07422431691572534,2.226480109087711e-06,0.0009767667296302627,0.03
45.04433438752729,1.1261083596881822,0.004002871031598288,0.07344571226203833,2.230116451151364e-06,0.000968032624680756,0.03
45.04433438752729,1.1411231378173579,0.004003346896847148,0.07230273387905295,2.2354757952489315e-06,0.0009551600436645636,0.03
45.04433438752729,1.1561379159465337,0.004004017304940331,0.07069248284276435,2.2430688523947155e-06,0.0009369223061533273,0.03
45.04433438752729,1.1711526940757095,0.004004923908016954,0.06851491435137,2.2534167194970174e-06,0.0009120677840324775,0.03
45.04433438752729,1.1861674722048854,0.0040061015511300875,0.06568633341662855,2.2669961516232784e-06,0.000879451352350406,0.03
45.04433438752729,1.201182250334061,0.004007572538185385,0.06215316758579496,2.2841802539459905e-06,0.0008381768419683743,0.03
45.04433438752729,1.2161970284632369,0.004009341859860749,0.05790342909776689,2.3051828549671852e-06,0.0007877306503250963,0.03
45.04433438752729,1.2312118065924127,0.004011394157994618,0.052974006211263275,2.33001203677933e-06,0.000728093357909492,0.03
45.04433438752729,1.2462265847215883,0.004013692673013962,0.047453191446249834,2.3584341483003697e-06,0.0006598261655473105,0.03
45.04433438752729,1.2612413628507642,0.004016179955823248,0.04147897173633935,2.389946811383649e-06,0.00058413573156912,0.03
45.04433438752729,1.27625614097994,0.0040187799630568575,0.03523399585706237,2.4237602553898206e-06,0.0005029190048324803,0.03
45.04433438752729,1.2912709191091156,0.004021401370302545,0.028937616400809472,2.4587918383053625e-06,0.00041877638514408344,0.03
45.04433438752729,1.3062856972382915,0.004023942427214154,0.022834228287955723,2.4936881459313894e-06,0.0003349586442001006,0.03
45.04433438752729,1.321300475367467,0.004026298178883076,0.017175923760882953,2.526899183614676e-06,0.0002551887256160172,0.03
45.04433438752729,1.336315253496643,0.004028370963100309,0.012197278991518984,2.5568319067387755e-06,0.00018329298077915604,0.03
45.04433438752729,1.3513300316258188,0.00403008420069584,0.008082230971868158,2.5820928553359047e-06,0.00012261838399690416,0.03
45.04433438752729,1.3663448097549946,0.004031397237447327,0.0049284285204531176,2.601781812725063e-06,7.532719034324765e-05,0.03
45.04433438752729,1.3813595878841702,0.004032315969634942,0.002721710432931474,2.6157324089232147e-06,4.181902413697304e-05,0.03
45.04433438752729,1.396374366013346,0.004032892565154086,0.0013367750139835044,2.624562816195079e-06,2.06091067523644e-05,0.03
45.04433438752729,1.411389144142522,0.004033210891837096,0.0005721796723883772,2.6294633301646036e-06,8.838462684061306e-06,0.03
45.04433438752729,1.4264039222716975,0.004033362253623758,0.00020862042843362163,2.6318000711903083e-06,3.2257924542206928e-06,0.03
45.04433438752729,1.4414187004008734,0.004033422806923385,6.317599959579084e-05,2.6327361811203414e-06,9.77327472872775e-07,0.03
45.04433438752729,1.4564334785300492,0.004033442637866355,1.5543545483683146e-05,2.6330429433651725e-06,2.4050731617130366e-07,0.03
45.04433438752729,1.4714482566592246,0.004033447770798112,3.2146161279507338e-06,2.633122367751106e-06,4.97357028574336e-08,0.03
45.04433438752729,1.4864630347884005,0.004033448767448124,8.207336219048002e-07,2.633137792286314e-06,1.2687063981746932e-08,0.03
45.04433438752729,1.5014778129175763,0.004033448899107253,5.044978366598654e-07,2.6331398302189988e-06,7.792091249204374e-09,0.03
60.05911251670305,0.015014778129175763,0.004002019729131391,0.07549047836167333,2.2205927971697975e-06,0.0009909074150612704,0.03
60.05911251670305,0.030029556258351527,0.004002019723440473,0.07549047836159434,2.2205927940121997e-06,0.0009909074150608688,0.03
60.05911251670305,0.04504433438752729,0.004002019720231574,0.07549047836153397,2.2205927922318063e-06,0.0009909074150604659,0.03
60.05911251670305,0.06005911251670305,0.0040020197184411155,0.07549047836148415,2.220592791238472e-06,0.0009909074150600608,0.03
60.05911251670305,0.07507389064587881,0.00400201971745313,0.07549047836144053,2.2205927906904126e-06,0.0009909074150596575,0.03
60.05911251670305,0.09008866877505459,0.004002019716914489,0.0754904783614004,2.2205927903916844e-06,0.000990907415059255,0.03
60.05911251670305,0.10510344690423035,0.0040020197166249025,0.07549047836136193,2.220592790231155e-06,0.0009909074150588504,0.03
60.05911251670305,0.1201182250334061,0.004002019716471932,0.07549047836132436,2.220592790146432e-06,0.000990907415058444,0.03
60.05911251670305,0.13513300316258187,0.00400201971639305,0.07549047836128775,2.2205927901028174e-06,0.0009909074150580423,0.03
60.05911251670305,0.15014778129175763,0.004002019716354078,0.07549047836125146,2.22059279008135e-06,0.0009909074150576407,0.03
60.05911251670305,0.16516255942093339,0.0040020197163360225,0.07549047836121553,2.220592790071488e-06,0.0009909074150572413,0.03
60.05911251670305,0.18017733755010917,0.004002019716329224,0.07549047836117984,2.220592790067872e-06,0.0009909074150568438,0.03
60.05911251670305,0.19519211567928493,0.00400201971632721,0.07549047836114439,2.2205927900669112e-06,0.0009909074150564483,0.03
60.05911251670305,0.2102068938084607,0.004002019716325196,0.07549047836110866,2.220592790065952e-06,0.0009909074150560497,0.03
60.05911251670305,0.22522167193763643,0.004002019716323182,0.075490478361073,2.220592790064992e-06,0.0009909074150556522,0.03
60.05911251670305,0.2402364500668122,0.004002019716321168,0.07549047836103714,2.220592790064033e-06,0.0009909074150552522,0.03
60.05911251670305,0.255251228195988,0.004002019716319154,0.07549047836100108,2.220592790063076e-06,0.0009909074150548502,0.03
60.05911251670305,0.27026600632516373,0.00400201971631714,0.07549047836096477,2.2205927900621187e-06,0.0009909074150544453,0.03
60.05911251670305,0.28528078445433946,0.004002019716315126,0.07549047836092844,2.220592790061162e-06,0.0009909074150540403,0.03
60.05911251670305,0.30029556258351525,0.004002019716313112,0.0754904783608921,2.220592790060205e-06,0.0009909074150536348,0.03
60.05911251670305,0.31531034071269104,0.004002019716311097,0.07549047836085596,2.2205927900592464e-06,0.0009909074150532317,0.03
60.05911251670305,0.33032511884186677,0.004002019716309083,0.07549047836081994,2.220592790058289e-06,0.00099090741505283,0.03
60.05911251670305,0.34533989697104256,0.004002019716307069,0.07549047836078411,2.220592790057329e-06,0.0009909074150524304,0.03
60.05911251670305,0.36035467510021835,0.004002019716305055,0.07549047836074858,2.220592790056369e-06,0.0009909074150520345,0.03
60.05911251670305,0.3753694532293941,0.00400201971630304,0.075490478360713,2.220592790055409e-06,0.0009909074150516377,0.03
60.05911251670305,0.39038423135856987,0.0040020197163010305,0.07549047836067736,2.2205927900544493e-06,0.00099090741505124,0.03
60.05911251670305,0.4053990094877456,0.004002019716302928,0.0754904783606415,2.22059279005566e-06,0.0009909074150508401,0.03
60.05911251670305,0.4204137876169214,0.004002019716304942,0.07549047836060555,2.2205927900569357e-06,0.0009909074150504394,0.03
60.05911251670305,0.4354285657460972,0.004002019716306957,0.07549047836056952,2.220592790058212e-06,0.0009909074150500374,0.03
60.05911251670305,0.45044334387527285,0.004002019716308971,0.07549047836053357,2.220592790059488e-06,0.0009909074150496362,0.03
60.05911251670305,0.46545812200444864,0.004002019716310985,0.07549047836049769,2.2205927900607635e-06,0.0009909074150492355,0.03
60.05911251670305,0.4804729001336244,0.004002019716312999,0.07549047836046188,2.220592790062039e-06,0.000990907415048836,0.03
60.05911251670305,0.4954876782628002,0.004002019716315014,0.07549047836042616,2.220592790063314e-06,0.0009909074150484375,0.03
60.05911251670305,0.510502456391976,0.004002019716317028,0.0754904783603907,2.220592790064588e-06,0.0009909074150480416,0.03
60.05911251670305,0.5255172345211517,0.004002019716319042,0.07549047836035544,2.2205927900658605e-06,0.0009909074150476478,0.03
60.05911251670305,0.5405320126503275,0.004002019716321056,0.07549047836032013,2.2205927900671327e-06,0.0009909074150472562,0.03
60.05911251670305,0.5555467907795033,0.00400201971632307,0.07549047836017873,2.22059279006887e-06,0.000990907415045688,0.03
60.05911251670305,0.5705615689086789,0.004002019716325085,0.07549047835966242,2.220592790072266e-06,0.0009909074150399276,0.03
60.05911251670305,0.5855763470378548,0.0040020197163271,0.07549047835914582,2.220592790075664e-06,0.000990907415034164,0.03
60.05911251670305,0.6005911251670305,0.004002019716329114,0.07549047835862793,2.220592790079062e-06,0.0009909074150284004,0.03
60.05911251670305,0.6156059032962063,0.004002019716331128,0.07549047835760703,2.2205927900846646e-06,0.0009909074150170618,0.03
60.05911251670305,0.6306206814253821,0.0040020197163335896,0.07549047835467075,2.220592790098933e-06,0.0009909074149844408,0.03
60.05911251670305,0.6456354595545578,0.004002019716338264,0.07549047834661145,2.22059279013695e-06,0.0009909074148948857,0.03
60.05911251670305,0.6606502376837335,0.004002019716348347,0.07549047832512829,2.220592790236983e-06,0.0009909074146561365,0.03
60.05911251670305,0.6756650158129094,0.004002019716372395,0.07549047826904895,2.2205927904968817e-06,0.0009909074140328322,0.03
60.05911251670305,0.6906797939420851,0.0040020197164326215,0.07549047812545664,2.220592791161681e-06,0.0009909074124366632,0.03
60.05911251670305,0.705694572071261,0.004002019716583769,0.07549047776471299,2.220592792831949e-06,0.0009909074084261795,0.03
60.05911251670305,0.7207093502004367,0.00400201971695487,0.07549047687571969,2.2205927969477592e-06,0.0009909073985418552,0.03
60.05911251670305,0.7357241283296123,0.004002019717850132,0.07549047472768029,2.220592806893001e-06,0.0009909073746559706,0.03
60.05911251670305,0.7507389064587882,0.004002019719968816,0.07549046964098738,2.2205928304459413e-06,0.0009909073180860884,0.03
60.05911251670305,0.7657536845879639,0.004002019724882489,0.0754904578409399,2.2205928850894347e-06,0.0009909071868406426,0.03
60.05911251670305,0.7807684627171397,0.0040020197360425835,0.07549043103770979,2.2205930092233142e-06,0.0009909068886881577,0.03
60.05911251670305,0.7957832408463155,0.004002019760851072,0.07549037145270111,2.2205932852111844e-06,0.0009909062258015866,0.03
60.05911251670305,0.8107980189754912,0.004002019814798476,0.07549024187969425,2.2205938854415817e-06,0.0009909047841250753,0.03
60.05911251670305,0.825812797104667,0.004002019929492802,0.07548996639993721,2.220595161715915e-06,0.0009909017186745658,0.03
60.05911251670305,0.8408275752338428,0.004002020167763645,0.07548939410457145,2.2205978134260012e-06,0.000990895349595484,0.03
60.05911251670305,0.8558423533630185,0.004002020651156731,0.07548823305524802,2.220603193754985e-06,0.0009908824267031195,0.03
60.05911251670305,0.8708571314921943,0.00400202160826354,0.0754859342021533,2.2206138480159287e-06,0.000990856836454627,0.03
60.05911251670305,0.8858719096213701,0.004002023456533928,0.07548149487900428,2.220634425190721e-06,0.0009908074125341028,0.03
60.05911251670305,0.9008866877505457,0.0040020269352135,0.07547313950196902,2.2206731596265883e-06,0.000990714376979651,0.03
60.05911251670305,0.9159014658797215,0.004002033311818129,0.07545782364054725,2.220744173674762e-06,0.0009905438094922792,0.03
60.05911251670305,0.9309162440088973,0.004002044686968717,0.07543050183635536,2.2208708805813336e-06,0.0009902394740481924,0.03
60.05911251670305,0.9459310221380731,0.004002064418923647,0.07538310791821828,2.221090731999104e-06,0.0009897114158584235,0.03
60.05911251670305,0.9609458002672489,0.004002097675051494,0.07530323042031974,2.2214614059888376e-06,0.0009888210984013222,0.03
60.05911251670305,0.9759605783964246,0.004002152088125354,0.07517253622465452,2.222068221461671e-06,0.0009873635946346254,0.03
60.05911251670305,0.9909753565256004,0.004002238448785861,0.07496510732638477,2.223032077214447e-06,0.0009850485181437528,0.03
60.05911251670305,1.0059901346547762,0.004002371306517162,0.07464599733654499,2.2245166032787876e-06,0.000981482846180614,0.03
60.05911251670305,1.021004912783952,0.0040025692949659936,0.07417045008101579,2.2267326394209425e-06,0.0009761601625708397,0.03
60.05911251670305,1.0360196909131276,0.004002854968757876,0.07348429153161778,2.2299378777890587e-06,0.000968461515830842,0.03
60.05911251670305,1.0510344690423035,0.004003253967002543,0.07252593896532845,2.2344297974418824e-06,0.0009576723895363473,0.03
60.05911251670305,1.0660492471714793,0.004003793420992471,0.07123022550348952,2.2405310150701817e-06,0.0009430178883149307,0.03
60.05911251670305,1.081064025300655,0.0040044996892637874,0.06953384027328634,2.2485677260545866e-06,0.0009237145202867941,0.03
60.05911251670305,1.0960788034298308,0.004005395685409904,0.06738174675237689,2.2588435361829157e-06,0.0008990330508280056,0.03
60.05911251670305,1.1110935815590066,0.00400649819380988,0.06473363015494002,2.271612054442691e-06,0.0008683643322340254,0.03
60.05911251670305,1.1261083596881822,0.004007815587705321,0.0615693784237384,2.28705166184309e-06,0.0008312799068479039,0.03
60.05911251670305,1.1411231378173579,0.004009346259654317,0.057892852163532196,2.3052448583963024e-06,0.000787581613906573,0.03
60.05911251670305,1.1561379159465337,0.004011077888596893,0.053733645108460945,2.3261629647255034e-06,0.0007373383350493541,0.03
60.05911251670305,1.1711526940757095,0.004012987476917406,0.04914699512127534,2.3496554163548685e-06,0.0006809117085778944,0.03
60.05911251670305,1.1861674722048854,0.004015041967058072,0.044212303157059214,2.375442078561016e-06,0.0006189745885574232,0.03
60.05911251670305,1.201182250334061,0.004017199228697478,0.03903076215801712,2.4031073041142408e-06,0.0005525253176428332,0.03
60.05911251670305,1.2161970284632369,0.004019409292431314,0.03372239387152659,2.432095942998455e-06,0.0004828973114794065,0.03
60.05911251670305,1.2312118065924127,0.004021615863835628,0.02842241221895102,2.4617140519447906e-06,0.00041175735470855176,0.03
60.05911251670305,1.2462265847215883,0.0040237583362344315,0.023276388829796414,2.4911402434242065e-06,0.0003410783421671111,0.03
60.05911251670305,1.2612413628507642,0.004025774669005512,0.018433339641666026,2.519456552679861e-06,0.00027306513977092385,0.03
60.05911251670305,1.27625614097994,0.004027605520612719,0.014035797767383522,2.545708572034065e-06,0.0002100101482345095,0.03
60.05911251670305,1.2912709191091156,0.004029199799615769,0.010206480501063559,2.5690005631422887e-06,0.0001540648528622396,0.03
60.05911251670305,1.3062856972382915,0.004030521213041441,0.007032560727073875,2.588619538462765e-06,0.00010694179140936571,0.03
60.05911251670305,1.321300475367467,0.004031554485928643,0.004550728089483076,2.6041633703646755e-06,6.960684695079981e-05,0.03
60.05911251670305,1.336315253496643,0.004032309068115533,0.0027382855232267076,2.6156297031927142e-06,4.206568736503376e-05,0.03
60.05911251670305,1.3513300316258188,0.004032818067447994,0.0015157114564602228,2.623420133034827e-06,2.335372346547721e-05,0.03
60.05911251670305,1.3663448097549946,0.004033131510854905,0.0007628459885177763,2.628240366736161e-06,1.1775915977109708e-05,0.03
60.05911251670305,1.3813595878841702,0.004033305577785085,0.0003447511707846283,2.6309249588373782e-06,5.3277409436018735e-06,0.03
60.05911251670305,1.396374366013346,0.004033391636843239,0.00013804407865105063,2.632254365059488e-06,2.1346117223228833e-06,0.03
60.05911251670305,1.411389144142522,0.00403342899028702,4.8323987400635286e-05,2.632831870407869e-06,7.474884162729282e-07,0.03
60.05911251670305,1.4264039222716975,0.004033442998694519,1.4676852609585228e-05,2.633048541277777e-06,2.2706138325758543e-07,0.03
60.05911251670305,1.4414187004008734,0.004033447450790141,3.983249315381189e-06,2.6331174192087466e-06,6.162170885298881e-08,0.03
60.05911251670305,1.4564334785300492,0.0040334486201462905,1.1745411931008644e-06,2.6331355131303438e-06,1.8161428786686823e-08,0.03
60.05911251670305,1.4714482566592246,0.004033448865130806,5.86106315992893e-07,2.6331393043817723e-06,9.055114643411396e-09,0.03
60.05911251670305,1.4864630347884005,0.004033448903829128,4.931560089568766e-07,2.633139903330584e-06,7.616481947035053e-09,0.03
60.05911251670305,1.5014778129175763,0.004033448907971898,4.832060536393744e-07,2.63313996745396e-06,7.46246247553389e-09,0.03
75.0738906458788,0.015014778129175763,0.004002019716351379,0.0754904783615768,2.2205927900784084e-06,0.0009909074150612704,0.03
75.0738906458788,0.030029556258351527,0.004002019716349365,0.07549047836154077,2.2205927900774504e-06,0.0009909074150608688,0.03
75.0738906458788,0.04504433438752729,0.004002019716347351,0.07549047836150463,2.220592790076493e-06,0.0009909074150604659,0.03
75.0738906458788,0.06005911251670305,0.004002019716345337,0.07549047836146831,2.220592790075536e-06,0.0009909074150600608,0.03
75.0738906458788,0.07507389064587881,0.004002019716343323,0.07549047836143216,2.220592790074578e-06,0.0009909074150596575,0.03
75.0738906458788,0.09008866877505459,0.004002019716341309,0.07549047836139607,2.2205927900736206e-06,0.000990907415059255,0.03
75.0738906458788,0.10510344690423035,0.004002019716339294,0.07549047836135978,2.2205927900726634e-06,0.0009909074150588504,0.03
75.0738906458788,0.1201182250334061,0.00400201971633728,0.07549047836132335,2.2205927900717067e-06,0.000990907415058444,0.03
75.0738906458788,0.13513300316258187,0.004002019716335266,0.0754904783612873,2.2205927900707487e-06,0.0009909074150580423,0.03
75.0738906458788,0.15014778129175763,0.004002019716333251,0.0754904783612513,2.2205927900697907e-06,0.0009909074150576407,0.03
75.0738906458788,0.16516255942093339,0.004002019716331238,0.0754904783612155,2.2205927900688314e-06,0.0009909074150572413,0.03
75.0738906458788,0.18017733755010917,0.004002019716329224,0.07549047836117984,2.220592790067872e-06,0.0009909074150568438,0.03
75.0738906458788,0.19519211567928493,0.00400201971632721,0.07549047836114439,2.2205927900669112e-06,0.0009909074150564483,0.03
75.0738906458788,0.2102068938084607,0.004002019716325196,0.07549047836110866,2.220592790065952e-06,0.0009909074150560497,0.03
75.0738906458788,0.22522167193763643,0.004002019716323983,0.075490478361073,2.2205927900654336e-06,0.0009909074150556522,0.03
75.0738906458788,0.2402364500668122,0.004002019716325997,0.07549047836103714,2.220592790066709e-06,0.0009909074150552522,0.03
75.0738906458788,0.255251228195988,0.004002019716328011,0.07549047836100108,2.2205927900679857e-06,0.0009909074150548502,0.03
75.0738906458788,0.27026600632516373,0.004002019716330026,0.0754904783609648,2.220592790069263e-06,0.0009909074150544453,0.03
75.0738906458788,0.28528078445433946,0.00400201971633204,0.07549047836092848,2.2205927900705403e-06,0.0009909074150540403,0.03
75.0738906458788,0.30029556258351525,0.004002019716334054,0.07549047836089216,2.220592790071818e-06,0.0009909074150536348,0.03
75.0738906458788,0.31531034071269104,0.0040020197163360685,0.07549047836085605,2.2205927900730946e-06,0.0009909074150532317,0.03
75.0738906458788,0.33032511884186677,0.0040020197163380825,0.07549047836082007,2.220592790074371e-06,0.00099090741505283,0.03
75.0738906458788,0.34533989697104256,0.0040020197163400965,0.07549047836078428,2.220592790075646e-06,0.0009909074150524304,0.03
75.0738906458788,0.36035467510021835,0.0040020197163421105,0.07549047836074878,2.22059279007692e-06,0.0009909074150520345,0.03
75.0738906458788,0.3753694532293941,0.004002019716344125,0.07549047836071324,2.220592790078194e-06,0.0009909074150516377,0.03
75.0738906458788,0.39038423135856987,0.004002019716346139,0.07549047836067711,2.220592790079469e-06,0.00099090741505124,0.03
75.0738906458788,0.4053990094877456,0.004002019716348153,0.07549047836041678,2.220592790081732e-06,0.0009909074150483417,0.03
75.0738906458788,0.4204137876169214,0.0040020197163501674,0.07549047835990018,2.22059279008513e-06,0.0009909074150425779,0.03
75.0738906458788,0.4354285657460972,0.0040020197163521815,0.07549047835938358,2.220592790088527e-06,0.0009909074150368142,0.03
75.0738906458788,0.45044334387527285,0.0040020197163541955,0.07549047835886698,2.220592790091925e-06,0.0009909074150310506,0.03
75.0738906458788,0.46545812200444864,0.00400201971635621,0.0754904783583503,2.220592790095322e-06,0.000990907415025287,0.03
75.0738906458788,0.4804729001336244,0.004002019716358225,0.07549047835780005,2.2205927900988575e-06,0.0009909074150191747,0.03
75.0738906458788,0.4954876782628002,0.004002019716360239,0.07549047835626034,2.2205927901067442e-06,0.000990907415002064,0.03
75.0738906458788,0.510502456391976,0.004002019716362679,0.07549047835224333,2.2205927901257593e-06,0.000990907414957414,0.03
75.0738906458788,0.5255172345211517,0.004002019716368197,0.07549047834205336,2.220592790173633e-06,0.0009909074148441272,0.03
75.0738906458788,0.5405320126503275,0.004002019716379293,0.07549047831696258,2.220592790290142e-06,0.0009909074145651514,0.03
75.0738906458788,0.5555467907795033,0.004002019716404745,0.0754904782564239,2.220592790570552e-06,0.0009909074138919757,0.03
75.0738906458788,0.5705615689086789,0.004002019716464895,0.07549047811290413,2.2205927912352814e-06,0.000990907412295913,0.03
75.0738906458788,0.5855763470378548,0.004002019716604516,0.07549047777835621,2.220592792784596e-06,0.0009909074085751061,0.03
75.0738906458788,0.6005911251670305,0.004002019716924224,0.0754904770115427,2.2205927963359215e-06,0.0009909074000458865,0.03
75.0738906458788,0.6156059032962063,0.004002019717644064,0.07549047528370198,2.2205928043384707e-06,0.0009909073808254168,0.03
75.0738906458788,0.6306206814253821,0.004002019719237551,0.07549047145751832,2.2205928220609165e-06,0.0009909073382590185,0.03
75.0738906458788,0.6456354595545578,0.004002019722703618,0.07549046313348615,2.2205928606201377e-06,0.0009909072456452221,0.03
75.0738906458788,0.6606502376837335,0.004002019730108762,0.07549044534821261,2.220592943013883e-06,0.0009909070477463209,0.03
75.0738906458788,0.6756650158129094,0.004002019745641684,0.07549040804097525,2.2205931158628997e-06,0.0009909066325849924,0.03
75.0738906458788,0.6906797939420851,0.004002019777617773,0.07549033123914876,2.220593471728434e-06,0.0009909057778402838,0.03
75.0738906458788,0.705694572071261,0.004002019842195136,0.0754901761330472,2.2205941904888823e-06,0.0009909040514659083,0.03
75.0738906458788,0.7207093502004367,0.004002019970086164,0.07548986895491193,2.2205956140849857e-06,0.0009909006321605794,0.03
75.0738906458788,0.7357241283296123,0.0040020202183549194,0.075489272644038,2.220598377912447e-06,0.000990893993778538,0.03
75.0738906458788,0.7507389064587882,0.004002020690562501,0.07548813845835611,2.2206036352376835e-06,0.0009908813663073118,0.03
75.0738906458788,0.7657536845879639,0.004002021570134712,0.07548602583017852,2.220613428956447e-06,0.0009908578429453825,0.03
75.0738906458788,0.7807684627171397,0.004002023173845235,0.07548217390490057,2.2206312876100637e-06,0.0009908149485359668,0.03
75.0738906458788,0.7957832408463155,0.004002026034558677,0.075475302801708,2.220663147759848e-06,0.0009907384241231538,0.03
75.0738906458788,0.8107980189754912,0.004002031024368627,0.07546331784741822,2.220718727343426e-06,0.000990604928294187,0.03
75.0738906458788,0.825812797104667,0.004002039530115846,0.07544288800225604,2.2208134847782515e-06,0.0009903773316170639,0.03
75.0738906458788,0.8408275752338428,0.004002053691595983,0.07540887370747792,2.220971281519941e-06,0.0009899983214444227,0.03
75.0738906458788,0.8558423533630185,0.004002076706840028,0.07535359363185933,2.2212278029011904e-06,0.0009893821853965675,0.03
75.0738906458788,0.8708571314921943,0.004002113196932619,0.07526594841369898,2.2216346654639842e-06,0.0009884049459434206,0.03
75.0738906458788,0.8858719096213701,0.004002169604040507,0.07513046463255622,2.2222639403627986e-06,0.0009868934956058424,0.03
75.0738906458788,0.9008866877505457,0.004002254571764472,0.07492638123603657,2.223212565432842e-06,0.0009846149995485958,0.03
75.0738906458788,0.9159014658797215,0.0040023792309100276,0.07462696313936729,2.224605850512491e-06,0.000981268476062112,0.03
75.0738906458788,0.9309162440088973,0.004002557294295923,0.07419927349547675,2.2265990854374497e-06,0.0009764809342191117,0.03
75.0738906458788,0.9459310221380731,0.0040028048617770625,0.07360464200033368,2.2293762425381228e-06,0.0009698104902406585,0.03
75.0738906458788,0.9609458002672489,0.004003139860710687,0.07280000882909902,2.2331450125106025e-06,0.0009607582907511488,0.03
75.0738906458788,0.9759605783964246,0.004003581100787587,0.07174019483390637,2.2381279412279665e-06,0.0009487898012288719,0.03
75.0738906458788,0.9909753565256004,0.004004146997621813,0.0703809673567051,2.244550152673893e-06,0.0009333642943127444,0.03
75.0738906458788,1.0059901346547762,0.004004854097216774,0.06868258432485932,2.252624852465589e-06,0.0009139696689825889,0.03
75.0738906458788,1.021004912783952,0.004005715587899322,0.06661336845369387,2.262538270862832e-06,0.0008901586160989305,0.03
75.0738906458788,1.0360196909131276,0.004006739996751102,0.06415283830912603,2.2744357504251628e-06,0.0008615820346492353,0.03
75.0738906458788,1.0510344690423035,0.004007930228177599,0.06129401759042016,2.2884102863936414e-06,0.0008280165567998678,0.03
75.0738906458788,1.0660492471714793,0.004009283025850176,0.05804472750894809,2.304494126257188e-06,0.0007893847250668158,0.03
75.0738906458788,1.081064025300655,0.004010788851662566,0.054427877535770504,2.3226532692259693e-06,0.0007457682041566032,0.03
75.0738906458788,1.0960788034298308,0.004012432104002273,0.05048094114099469,2.342784117966515e-06,0.0006974158232410743,0.03
75.0738906458788,1.1110935815590066,0.004014191561157359,0.04625489077621187,2.3647112864694312e-06,0.0006447488412802842,0.03
75.0738906458788,1.1261083596881822,0.004016040939394234,0.0418128574240276,2.388185718551185e-06,0.0005883654662150154,0.03
75.0738906458788,1.1411231378173579,0.0040179494934322255,0.037228688313804804,2.412882802861162e-06,0.0005290453825601812,0.03
75.0738906458788,1.1561379159465337,0.004019882648349074,0.03258542914425302,2.438401027116898e-06,0.00046775298385614,0.03
75.0738906458788,1.1711526940757095,0.00402180272387188,0.027973584407244744,2.464262820641345e-06,0.0004056353490841998,0.03
75.0738906458788,1.1861674722048854,0.004023669881635898,0.023488842167372365,2.4899204578062797e-06,0.00034400806334117527,0.03
75.0738906458788,1.201182250334061,0.004025443476747318,0.019228827745342784,2.5147709545858774e-06,0.00028431943799087973,0.03
75.0738906458788,1.2161970284632369,0.004027084001371428,0.015288435413706352,2.53818423924078e-06,0.00022808284765031016,0.03
75.0738906458788,1.2312118065924127,0.004028555733534089,0.011753466233341314,2.559547663443988e-06,0.00017676981893200274,0.03
75.0738906458788,1.2462265847215883,0.004029830010796482,0.008692764994156736,2.5783262130114193e-06,0.00013166541002980622,0.03
75.0738906458788,1.2612413628507642,0.004030888726948796,0.0061498214670313136,2.594131280743597e-06,9.370302456775024e-05,0.03
75.0738906458788,1.27625614097994,0.004031727270631949,0.004135712069935764,2.6067830243063888e-06,6.331463312635818e-05,0.03
75.0738906458788,1.2912709191091156,0.004032355874371213,0.002625859556601348,2.6163460526198837e-06,4.034505680218458e-05,0.03
75.0738906458788,1.3062856972382915,0.004032798478557179,0.0015627615655088572,2.623120645370539e-06,2.4073055953287127e-05,0.03
75.0738906458788,1.321300475367467,0.004033088888914516,0.0008652199791417536,2.6275845535297313e-06,1.3351119105333389e-05,0.03
75.0738906458788,1.336315253496643,0.004033265037256644,0.00044212605192785957,2.630299568079037e-06,6.82987604609503e-06,0.03
75.0738906458788,1.3513300316258188,0.004033363001336571,0.00020682421077946881,2.63181202480137e-06,3.1970766635608663e-06,0.03
75.0738906458788,1.3663448097549946,0.004033412534819678,8.784870526354901e-05,2.632577495195028e-06,1.3584773794894425e-06,0.03
75.0738906458788,1.3813595878841702,0.004033435099203105,3.365081417756796e-05,2.6329263796320694e-06,5.204841458707444e-07,0.03
75.0738906458788,1.396374366013346,0.0040334442657132775,1.1633559542753904e-05,2.6330681518353642e-06,1.7995818631413468e-07,0.03
75.0738906458788,1.411389144142522,0.004033447546894752,3.752409167458094e-06,2.633118909067895e-06,5.804314566125478e-08,0.03
75.0738906458788,1.4264039222716975,0.00403344856670256,1.3029065249408823e-06,2.6331346868323057e-06,2.014612826865755e-08,0.03
75.0738906458788,1.4414187004008734,0.004033448836785976,6.541861024521181e-07,2.6331388658652057e-06,1.0108397239906445e-08,0.03
75.0738906458788,1.4564334785300492,0.00403344889620772,5.114595858304876e-07,2.6331397854042537e-06,7.899730879789881e-09,0.03
75.0738906458788,1.4714482566592246,0.004033448906676238,4.863153555858835e-07,2.633139947417331e-06,7.510587234000802e-09,0.03
75.0738906458788,1.4864630347884005,0.004033448908068238,4.82972015760646e-07,2.6331399689619367e-06,7.458838696073014e-09,0.03
75.0738906458788,1.5014778129175763,0.004033448908192942,4.826717895944174e-07,2.633139970896619e-06,7.454191265424375e-09,0.03
90.08866877505459,0.015014778129175763,0.004002019716351379,0.0754904783615768,2.2205927900784084e-06,0.0009909074150612704,0.03
90.08866877505459,0.030029556258351527,0.004002019716349365,0.07549047836154077,2.2205927900774504e-06,0.0009909074150608688,0.03
90.08866877505459,0.04504433438752729,0.004002019716347351,0.07549047836150463,2.220592790076493e-06,0.0009909074150604659,0.03
90.08866877505459,0.06005911251670305,0.004002019716345337,0.07549047836146831,2.220592790075536e-06,0.0009909074150600608,0.03
90.08866877505459,0.07507389064587881,0.004002019716343323,0.07549047836143216,2.220592790074578e-06,0.0009909074150596575,0.03
90.08866877505459,0.09008866877505459,0.004002019716341309,0.07549047836139607,2.2205927900736206e-06,0.000990907415059255,0.03
90.08866877505459,0.10510344690423035,0.004002019716340929,0.07549047836135978,2.220592790073568e-06,0.0009909074150588504,0.03
90.08866877505459,0.1201182250334061,0.004002019716342944,0.07549047836132335,2.2205927900748462e-06,0.000990907415058444,0.03
90.08866877505459,0.13513300316258187,0.004002019716344958,0.0754904783612873,2.2205927900761223e-06,0.0009909074150580423,0.03
90.08866877505459,0.15014778129175763,0.004002019716346972,0.07549047836125132,2.2205927900773983e-06,0.0009909074150576407,0.03
90.08866877505459,0.16516255942093339,0.004002019716348986,0.07549047836121553,2.2205927900786735e-06,0.0009909074150572413,0.03
90.08866877505459,0.18017733755010917,0.004002019716351,0.07549047836117992,2.220592790079948e-06,0.0009909074150568438,0.03
90.08866877505459,0.19519211567928493,0.004002019716353014,0.0754904783611445,2.2205927900812214e-06,0.0009909074150564483,0.03
90.08866877505459,0.2102068938084607,0.004002019716355028,0.0754904783611088,2.220592790082496e-06,0.0009909074150560497,0.03
90.08866877505459,0.22522167193763643,0.004002019716357043,0.07549047836107318,2.2205927900837706e-06,0.0009909074150556522,0.03
90.08866877505459,0.2402364500668122,0.004002019716359057,0.07549047836103652,2.220592790085046e-06,0.0009909074150552522,0.03
90.08866877505459,0.255251228195988,0.004002019716361071,0.07549047836065442,2.220592790087849e-06,0.000990907415050992,0.03
90.08866877505459,0.27026600632516373,0.004002019716363086,0.07549047836013782,2.220592790091246e-06,0.0009909074150452283,0.03
90.08866877505459,0.28528078445433946,0.0040020197163651,0.07549047835962122,2.220592790094644e-06,0.0009909074150394647,0.03
90.08866877505459,0.30029556258351525,0.004002019716367114,0.07549047835910463,2.220592790098041e-06,0.000990907415033701,0.03
90.08866877505459,0.31531034071269104,0.004002019716369128,0.07549047835858803,2.2205927901014384e-06,0.0009909074150279374,0.03
90.08866877505459,0.33032511884186677,0.004002019716371143,0.07549047835807145,2.220592790104836e-06,0.0009909074150221738,0.03
90.08866877505459,0.34533989697104256,0.004002019716373157,0.07549047835755471,2.2205927901082337e-06,0.0009909074150164102,0.03
90.08866877505459,0.36035467510021835,0.004002019716375171,0.07549047835698593,2.220592790111851e-06,0.0009909074150100913,0.03
90.08866877505459,0.3753694532293941,0.004002019716377169,0.07549047835540892,2.220592790119894e-06,0.0009909074149925619,0.03
90.08866877505459,0.39038423135856987,0.004002019716379398,0.07549047835146092,2.2205927901384944e-06,0.0009909074149486636,0.03
90.08866877505459,0.4053990094877456,0.004002019716384102,0.07549047834195753,2.2205927901829115e-06,0.0009909074148429778,0.03
90.08866877505459,0.4204137876169214,0.004002019716393703,0.07549047831981111,2.2205927902856736e-06,0.0009909074145966635,0.03
90.08866877505459,0.4354285657460972,0.004002019716414656,0.07549047826927074,2.220592790519679e-06,0.000990907414034493,0.03
90.08866877505459,0.45044334387527285,0.0040020197164625055,0.07549047815585626,2.2205927910453008e-06,0.0009909074127728563,0.03
90.08866877505459,0.46545812200444864,0.004002019716566737,0.07549047790526084,2.220592792205954e-06,0.0009909074099849822,0.03
90.08866877505459,0.4804729001336244,0.004002019716794074,0.07549047735984503,2.2205927947325538e-06,0.0009909074039167515,0.03
90.08866877505459,0.4954876782628002,0.0040020197172812196,0.07549047619056676,2.2205928001494527e-06,0.0009909073909064785,0.03
90.08866877505459,0.510502456391976,0.0040020197183092835,0.07549047372191699,2.2205928115865884e-06,0.000990907363436257,0.03
90.08866877505459,0.5255172345211517,0.0040020197204460334,0.07549046859035782,2.220592835362565e-06,0.0009909073063296692,0.03
90.08866877505459,0.5405320126503275,0.004002019724817727,0.0754904580906752,2.220592884014233e-06,0.0009909071894746795,0.03
90.08866877505459,0.5555467907795033,0.004002019733619752,0.0754904369497525,2.220592981981015e-06,0.000990906954170688,0.03
90.08866877505459,0.5705615689086789,0.004002019751054851,0.07549039507316503,2.2205931760517637e-06,0.000990906488036485,0.03
90.08866877505459,0.5855763470378548,0.00400201978502066,0.07549031349166248,2.220593554158671e-06,0.0009909055798692878,0.03
90.08866877505459,0.6005911251670305,0.004002019850078953,0.07549015722966622,2.2205942784455742e-06,0.0009909038402186176,0.03
90.08866877505459,0.6156059032962063,0.0040020199725596525,0.07548986304580449,2.220595642120074e-06,0.0009909005648338343,0.03
90.08866877505459,0.6306206814253821,0.004002020199124789,0.0754893188630753,2.220598164855045e-06,0.0009908945055202732,0.03
90.08866877505459,0.6456354595545578,0.004002020610776142,0.07548833012472246,2.2206027488478234e-06,0.000990883495302711,0.03
90.08866877505459,0.6606502376837335,0.004002021345155197,0.07548656623146184,2.2206109273095976e-06,0.0009908638515806032,0.03
90.08866877505459,0.6756650158129094,0.00400202263103926,0.07548347768560919,2.220625248925973e-06,0.0009908294526952829,0.03
90.08866877505459,0.6906797939420851,0.004002024840078699,0.07547817182392068,2.2206498546236007e-06,0.0009907703525979814,0.03
90.08866877505459,0.705694572071261,0.0040020285618292475,0.07546923259736418,2.2206913143644836e-06,0.0009906707709573007,0.03
90.08866877505459,0.7207093502004367,0.0040020347086191935,0.07545446869270343,2.2207597973941314e-06,0.0009905062823447977,0.03
90.08866877505459,0.7357241283296123,0.004002044656162412,0.07543057579180704,2.2208706430409563e-06,0.0009902400433325696,0.03
90.08866877505459,0.7507389064587882,0.004002060423355558,0.07539270471862447,2.221046372811355e-06,0.0009898179596416078,0.03
90.08866877505459,0.7657536845879639,0.004002084889585757,0.07533393948531245,2.2213191300065183e-06,0.0009891628264174584,0.03
90.08866877505459,0.7807684627171397,0.004002122039622361,0.07524470908649805,2.2217334451759647e-06,0.0009881676858713047,0.03
90.08866877505459,0.7957832408463155,0.004002177214874489,0.07511218400079984,2.222349106459525e-06,0.0009866889329768378,0.03
90.08866877505459,0.8107980189754912,0.004002257336735827,0.07491973973483707,2.2232437774241878e-06,0.0009845400276462426,0.03
90.08866877505459,0.825812797104667,0.004002371055611662,0.0746465988706232,2.2245148805979733e-06,0.0009814869706169633,0.03
90.08866877505459,0.8408275752338428,0.004002528772108578,0.0742677801635954,2.2262801947990758e-06,0.0009772468686658658,0.03
90.08866877505459,0.8558423533630185,0.00400274247937622,0.07375447721739062,2.22867664407464e-06,0.0009714908433987225,0.03
90.08866877505459,0.8708571314921943,0.004003025391222563,0.07307495170895244,2.2318569170017712e-06,0.0009638521513049944,0.03
90.08866877505459,0.8858719096213701,0.004003391349752461,0.07219595618006776,2.2359838447350214e-06,0.0009539396871054503,0.03
90.08866877505459,0.9008866877505457,0.004003854044588758,0.07108460939239786,2.2412228356581604e-06,0.000941356154977106,0.03
90.08866877505459,0.9159014658797215,0.0040044261143712435,0.06971055444233268,2.247733024077077e-06,0.0009257193285608272,0.03
90.08866877505459,0.9309162440088973,0.0040051182291507385,0.06804816277034528,2.2556580360891202e-06,0.000906684230508764,0.03
90.08866877505459,0.9459310221380731,0.004005938260312598,0.06607852793082482,2.2651173285400588e-06,0.0008839639355523671,0.03
90.08866877505459,0.9609458002672489,0.004006890629386826,0.0637910296993867,2.27619889607281e-06,0.0008573470875597922,0.03
90.08866877505459,0.9759605783964246,0.004007975892572526,0.06118433201492693,2.2889538138890014e-06,0.0008267110073837941,0.03
90.08866877505459,0.9909753565256004,0.004009190574069514,0.058266783308292526,2.3033926860861786e-06,0.0007920302236847765,0.03
90.08866877505459,1.0059901346547762,0.004010527220382968,0.05505628607355179,2.3194837090876925e-06,0.0007533811244352155,0.03
90.08866877505459,1.021004912783952,0.004011974619376328,0.05157977072672643,2.33715182057994e-06,0.0007109440011166152,0.03
90.08866877505459,1.0360196909131276,0.004013518116787496,0.04787243536405494,2.3562783279100726e-06,0.000665003941279389,0.03
90.08866877505459,1.0510344690423035,0.004015139968867604,0.04397689875668158,2.3767004976504303e-06,0.0006159518143665524,0.03
90.08866877505459,1.0660492471714793,0.0040168196889997804,0.03994236780297909,2.3982108181316525e-06,0.0005642860430342837,0.03
90.08866877505459,1.081064025300655,0.004018534373699256,0.03582385450653791,2.420555992039051e-06,0.0005106150228463286,0.03
90.08866877505459,1.0960788034298308,0.0040202590248339665,0.03168140203150507,2.4434361538185366e-06,0.00045565900201808467,0.03
90.08866877505459,1.1110935815590066,0.004021966916676666,0.02757920308037147,2.4665053131409697e-06,0.0004002490163178761,0.03
90.08866877505459,1.1261083596881822,0.004023630084934558,0.02358442529382478,2.4893745552693514e-06,0.0003453192021869899,0.03
90.08866877505459,1.1411231378173579,0.0040252200348816995,0.019765510389117932,2.5116199781079307e-06,0.0002918877328372988,0.03
90.08866877505459,1.1561379159465337,0.004026708768074255,0.016189708093842684,2.5327975129784366e-06,0.00024102122031250441,0.03
90.08866877505459,1.1711526940757095,0.004028070198280384,0.012919675220175383,2.5524663485792062e-06,0.00019377845350683378,0.03
90.08866877505459,1.1861674722048854,0.004029281951740073,0.010009151614712676,2.570221290488924e-06,0.00015113267378491025,0.03
90.08866877505459,1.201182250334061,0.004030327416090751,0.007498038825745914,2.585731823201713e-06,0.00011387775161061211,0.03
90.08866877505459,1.2161970284632369,0.0040311977302054285,0.005407620684645452,2.5987821681334146e-06,8.253197074081666e-05,0.03
90.08866877505459,1.2312118065924127,0.004031893246645431,0.003737050605398998,2.609303345213064e-06,5.7261018828599656e-05,0.03
90.08866877505459,1.2462265847215883,0.004032423941837688,0.0024623663433342123,2.6173870279893846e-06,3.784470813584459e-05,0.03
90.08866877505459,1.2612413628507642,0.004032808392327322,0.0015389489076811289,2.6232736788701633e-06,2.370547296086667e-05,0.03
90.08866877505459,1.27625614097994,0.004033071304250948,0.0009074565140235276,2.627314385243881e-06,1.4000035296355084e-05,0.03
90.08866877505459,1.2912709191091156,0.004033240067005449,0.0005021023487487461,2.6299146694964623e-06,7.754367869074785e-06,0.03
90.08866877505459,1.3062856972382915,0.004033341172418257,0.0002592554076792956,2.6314750221081284e-06,4.006528407251161e-06,0.03
90.08866877505459,1.321300475367467,0.00403339738360109,0.0001242406780189365,2.63234338429129e-06,1.9207924551737156e-06,0.03
90.08866877505459,1.336315253496643,0.004033426214485155,5.4991187690408526e-05,2.6327890295447844e-06,8.50388003237308e-07,0.03
90.08866877505459,1.3513300316258188,0.004033439770592882,2.243048046095336e-05,2.632998640889614e-06,3.46918001078786e-07,0.03
90.08866877505459,1.3663448097549946,0.0040334455729164505,8.493747978162087e-06,2.6330883782395115e-06,1.313758334816642e-07,0.03
90.08866877505459,1.3813595878841702,0.004033447815498924,3.107235914324427e-06,2.6331230665259514e-06,4.805721881835973e-08,0.03
90.08866877505459,1.396374366013346,0.004033448590704188,1.2452511566818012e-06,2.6331350587905995e-06,1.9252702832601175e-08,0.03
90.08866877505459,1.411389144142522,0.004033448827594054,6.762595165061603e-07,2.6331387238006323e-06,1.0449621419643251e-08,0.03
90.08866877505459,1.4264039222716975,0.004033448890659726,5.247803797101262e-07,2.6331396996073306e-06,8.10580532682822e-09,0.03
90.08866877505459,1.4414187004008734,0.004033448905011572,4.9030836488847e-07,2.6331399216917914e-06,7.572374590322743e-09,0.03
90.08866877505459,1.4564334785300492,0.004033448907731811,4.837743297411176e-07,2.633139963790826e-06,7.471255576191535e-09,0.03
90.08866877505459,1.4714482566592246,0.004033448908145362,4.827811106145237e-07,2.633139970190793e-06,7.455883372185478e-09,0.03
90.08866877505459,1.4864630347884005,0.004033448908192974,4.826671855979616e-07,2.6331399709250686e-06,7.454119975556846e-09,0.03
90.08866877505459,1.5014778129175763,0.0040334489081979355,4.826583835730997e-07,2.6331399709826427e-06,7.453983720072518e-09,0.03
105.10344690423034,0.015014778129175763,0.004002019716353637,0.0754904783615768,2.2205927900796586e-06,0.0009909074150612704,0.03
105.10344690423034,0.030029556258351527,0.004002019716355651,0.07549047836154077,2.220592790080935e-06,0.0009909074150608688,0.03
105.10344690423034,0.04504433438752729,0.004002019716357665,0.07549047836150463,2.220592790082211e-06,0.0009909074150604659,0.03
105.10344690423034,0.06005911251670305,0.00400201971635968,0.07549047836146834,2.220592790083489e-06,0.0009909074150600608,0.03
105.10344690423034,0.07507389064587881,0.004002019716361694,0.07549047836143222,2.2205927900847654e-06,0.0009909074150596575,0.03
105.10344690423034,0.09008866877505459,0.004002019716363708,0.07549047836138062,2.220592790086106e-06,0.0009909074150590935,0.03
105.10344690423034,0.10510344690423035,0.004002019716365723,0.07549047836089201,2.22059279008938e-06,0.0009909074150536421,0.03
105.10344690423034,0.1201182250334061,0.004002019716367737,0.07549047836037541,2.2205927900927775e-06,0.0009909074150478785,0.03
105.10344690423034,0.13513300316258187,0.004002019716369752,0.07549047835985882,2.2205927900961745e-06,0.000990907415042115,0.03
105.10344690423034,0.15014778129175763,0.004002019716371766,0.07549047835934222,2.2205927900995724e-06,0.0009909074150363513,0.03
105.10344690423034,0.16516255942093339,0.00400201971637378,0.07549047835882562,2.22059279010297e-06,0.0009909074150305877,0.03
105.10344690423034,0.18017733755010917,0.0040020197163757945,0.07549047835830903,2.2205927901063677e-06,0.000990907415024824,0.03
105.10344690423034,0.19519211567928493,0.0040020197163778085,0.07549047835779243,2.2205927901097656e-06,0.0009909074150190604,0.03
105.10344690423034,0.2102068938084607,0.004002019716379823,0.07549047835727583,2.220592790113163e-06,0.0009909074150132968,0.03
105.10344690423034,0.22522167193763643,0.004002019716381838,0.07549047835675923,2.2205927901165605e-06,0.0009909074150075332,0.03
105.10344690423034,0.2402364500668122,0.004002019716383852,0.07549047835624073,2.2205927901199584e-06,0.0009909074150017696,0.03
105.10344690423034,0.255251228195988,0.004002019716385867,0.07549047835498422,2.2205927901266016e-06,0.0009909074149878011,0.03
105.10344690423034,0.27026600632516373,0.004002019716388159,0.07549047835185312,2.2205927901416466e-06,0.0009909074149529816,0.03
105.10344690423034,0.28528078445433946,0.0040020197163922805,0.07549047834451354,2.2205927901762285e-06,0.0009909074148713403,0.03
105.10344690423034,0.30029556258351525,0.0040020197163999115,0.07549047832806077,2.2205927902528646e-06,0.0009909074146883102,0.03
105.10344690423034,0.31531034071269104,0.004002019716415176,0.07549047829198716,2.2205927904200947e-06,0.0009909074142869713,0.03
105.10344690423034,0.33032511884186677,0.004002019716447314,0.07549047821424994,2.2205927907800787e-06,0.0009909074134220334,0.03
105.10344690423034,0.34533989697104256,0.0040020197165159515,0.07549047804919619,2.2205927915446818e-06,0.0009909074115854429,0.03
105.10344690423034,0.36035467510021835,0.0040020197166597445,0.07549047770360048,2.220592793145791e-06,0.000990907407739658,0.03
105.10344690423034,0.3753694532293941,0.004002019716956962,0.07549047698980611,2.2205927964530712e-06,0.0009909073997960247,0.03
105.10344690423034,0.39038423135856987,0.004002019717562565,0.07549047553561301,2.220592803191408e-06,0.0009909073836115868,0.03
105.10344690423034,0.4053990094877456,0.00400201971877918,0.0754904726138207,2.2205928167310154e-06,0.0009909073510913054,0.03
105.10344690423034,0.4204137876169214,0.004002019721189308,0.07549046682522997,2.2205928435570855e-06,0.0009909072866584744,0.03
105.10344690423034,0.4354285657460972,0.00400201972589648,0.07549045551938728,2.2205928959552356e-06,0.0009909071608045516,0.03
105.10344690423034,0.45044334387527285,0.004002019734957905,0.07549043375504474,2.2205929968311773e-06,0.000990906918512671,0.03
105.10344690423034,0.46545812200444864,0.004002019752146929,0.07549039246911893,2.220593188200971e-06,0.0009909064588651925,0.03
105.10344690423034,0.4804729001336244,0.00400201978427011,0.07549031531308902,2.220593545861236e-06,0.0009909055998074507,0.03
105.10344690423034,0.4954876782628002,0.004002019843397751,0.07549017329543883,2.2205942042353287e-06,0.0009909040184699874,0.03
105.10344690423034,0.510502456391976,0.004002019950563633,0.07548991589547675,2.2205953975876648e-06,0.0009909011521764299,0.03
105.10344690423034,0.5255172345211517,0.004002020141769299,0.07548945664144524,2.220597526919261e-06,0.0009908960377676503,0.03
105.10344690423034,0.5405320126503275,0.004002020477509572,0.07548865023170122,2.2206012661023467e-06,0.0009908870566782612,0.03
105.10344690423034,0.5555467907795033,0.004002021057524876,0.07548725710097888,2.2206077262781087e-06,0.0009908715400708608,0.03
105.10344690423034,0.5705615689086789,0.0040020220430748,0.07548488992167719,2.2206187041085533e-06,0.00099084517256161,0.03
105.10344690423034,0.5855763470378548,0.00400202368966487,0.0754809349972639,2.220637046616367e-06,0.0009908011159132355,0.03
105.10344690423034,0.6005911251670305,0.004002026393743697,0.07547444010100725,2.220667171925946e-06,0.0009907287582696356,0.03
105.10344690423034,0.6156059032962063,0.004002030757237176,0.07546395947109749,2.220715789259774e-06,0.0009906119847984563,0.03
105.10344690423034,0.6306206814253821,0.00400203767363627,0.07544734703801403,2.220792860122366e-06,0.0009904268690255366,0.03
105.10344690423034,0.6456354595545578,0.004002048438348171,0.07542149136967884,2.2209128319437208e-06,0.0009901387097449566,0.03
105.10344690423034,0.6606502376837335,0.004002064883787068,0.07538199119831238,2.2210961514663424e-06,0.00098969839601228,0.03
105.10344690423034,0.6756650158129094,0.004002089535876711,0.07532277951524913,2.2213710245038977e-06,0.000989038180371755,0.03
105.10344690423034,0.6906797939420851,0.004002125783180032,0.07523571733781523,2.2217753305350967e-06,0.000988067080179541,0.03
105.10344690423034,0.705694572071261,0.004002178043056393,0.07511019461416324,2.2223585286416203e-06,0.0009866662997100486,0.03
105.10344690423034,0.7207093502004367,0.004002251902003481,0.07493279313320644,2.2231833157136544e-06,0.0009846852472831101,0.03
105.10344690423034,0.7357241283296123,0.004002354201266191,0.0746870808971639,2.224326735743154e-06,0.0009819388708173207,0.03
105.10344690423034,0.7507389064587882,0.004002493036028161,0.07435361406037738,2.2258804124380997e-06,0.0009782070990760475,0.03
105.10344690423034,0.7657536845879639,0.004002677639239434,0.07391021596024949,2.2279496079024348e-06,0.0009732371025881498,0.03
105.10344690423034,0.7807684627171397,0.0040029181308603055,0.07333257940524096,2.2306509107197714e-06,0.0009667488466122064,0.03
105.10344690423034,0.7957832408463155,0.004003225129905901,0.07259519850528325,2.23410852341516e-06,0.0009584440082711904,0.03
105.10344690423034,0.8107980189754912,0.004003609247862909,0.07167258543445607,2.2384493262374314e-06,0.0009480178328624935,0.03
105.10344690423034,0.825812797104667,0.0040040805034783815,0.07054067605373118,2.243797097107453e-06,0.0009351730169967476,0.03
105.10344690423034,0.8408275752338428,0.004004647715209221,0.06917828919204701,2.250266414999014e-06,0.00091963435212049,0.03
105.10344690423034,0.8558423533630185,0.004005317934113656,0.06756848879176006,2.257956824559458e-06,0.0009011627405824502,0.03
105.10344690423034,0.8708571314921943,0.0040060959744337155,0.06569971141071047,2.2669477773234796e-06,0.0008795673464070767,0.03
105.10344690423034,0.8858719096213701,0.004006984082715276,0.06356656096944666,2.277294704987971e-06,0.0008547150269669569,0.03
105.10344690423034,0.9008866877505457,0.004007981763218701,0.06117022810493201,2.289026364455534e-06,0.0008265367099841233,0.03
105.10344690423034,0.9159014658797215,0.0040090857532992935,0.058518549307391345,2.302143375434117e-06,0.0007950309061130446,0.03
105.10344690423034,0.9309162440088973,0.004010290122739708,0.0556257683366485,2.3166176962753334e-06,0.0007602649679512549,0.03
105.10344690423034,0.9459310221380731,0.004011586459155691,0.05251209089607149,2.332392681853345e-06,0.0007223749510301033,0.03
105.10344690423034,0.9609458002672489,0.004012964098618704,0.04920313069876433,2.3493833473685188e-06,0.000681564980183062,0.03
105.10344690423034,0.9759605783964246,0.004014410365508347,0.04572933336396361,2.3674765166685006e-06,0.0006381068932856107,0.03
105.10344690423034,0.9909753565256004,0.004015910796148702,0.042125439262056835,2.3865306480654428e-06,0.0005923406596166407,0.03
105.10344690423034,1.0059901346547762,0.004017449334634573,0.038430013157518206,2.406375290121693e-06,0.0005446756870044873,0.03
105.10344690423034,1.021004912783952,0.00401900850451159,0.03468503184854097,2.4268103147662215e-06,0.0004955926638120327,0.03
105.10344690423034,1.0360196909131276,0.004020569575380482,0.03093548399894455,2.4476053001445113e-06,0.0004456450412902956,0.03
105.10344690423034,1.0510344690423035,0.004022112758169125,0.02722890111484798,2.4684996843944034e-06,0.0003954586642602749,0.03
105.10344690423034,1.0660492471714793,0.004023617475664654,0.02361470775353946,2.4892045659488943e-06,0.00034572744701388,0.03
105.10344690423034,1.081064025300655,0.004025062763845777,0.020143257564843302,2.5094072416477544e-06,0.0002972024732794086,0.03
105.10344690423034,1.0960788034298308,0.004026427860772887,0.016864418837049058,2.528779665510241e-06,0.0002506716791453349,0.03
105.10344690423034,1.1110935815590066,0.004027693027418254,0.013825602942856516,2.546991845827804e-06,0.00020692767460568366,0.03
105.10344690423034,1.1261083596881822,0.004028840611796025,0.011069208403617853,2.5637306150423075e-06,0.00016672266015844674,0.03
105.10344690423034,1.1411231378173579,0.004029856308765204,0.00862959495954225,2.57872308025213e-06,0.00013071210091472805,0.03
105.10344690423034,1.1561379159465337,0.004030730484915581,0.006529901312498374,2.591762422361652e-06,9.939275938942387e-05,0.03
105.10344690423034,1.1711526940757095,0.004031459347141383,0.004779238311588295,2.602731888368092e-06,7.30450680830087e-05,0.03
105.10344690423034,1.1861674722048854,0.004032045669007981,0.003370944269455394,2.6116215091684678e-06,5.1692974561299546e-05,0.03
105.10344690423034,1.201182250334061,0.004032498796463557,0.002282571223175581,2.6185321748969537e-06,3.509415249761145e-05,0.03
105.10344690423034,1.2161970284632369,0.004032833769035949,0.0014779957180321996,2.6236638527382008e-06,2.276830103052511e-05,0.03
105.10344690423034,1.2312118065924127,0.004033069607977423,0.0009115305124333308,2.6272887263904125e-06,1.4061661042511426e-05,0.03
105.10344690423034,1.2462265847215883,0.004033227072191217,0.0005333146323474638,2.629714537035518e-06,8.235066706986804e-06,0.03
105.10344690423034,1.2612413628507642,0.004033326358546253,0.00029483701277293846,2.631246437973623e-06,4.555567280483774e-06,0.03
105.10344690423034,1.27625614097994,0.004033385235362914,0.00015341970904705164,2.6321557469229175e-06,2.3714814782585047e-06,0.03
105.10344690423034,1.2912709191091156,0.004033417934778886,7.487835204184153e-05,2.6326610717367375e-06,1.1577320813289081e-06,0.03
105.10344690423034,1.3062856972382915,0.004033434870518727,3.420005648191955e-05,2.6329228873855698e-06,5.288717879078957e-07,0.03
105.10344690423034,1.321300475367467,0.00403344301251091,1.46436335467588e-05,2.6330487864551288e-06,2.2647215320341818e-07,0.03
105.10344690423034,1.336315253496643,0.004033446627465351,5.960794704501995e-06,2.6331046929255693e-06,9.218916926568832e-08,0.03
105.10344690423034,1.3513300316258188,0.0040334481011599045,2.4210938374591795e-06,2.6331274867572862e-06,3.7440141553468505e-08,0.03
105.10344690423034,1.3663448097549946,0.00403344864910238,1.1049777228830813e-06,2.6331359626883223e-06,1.7081600614116223e-08,0.03
105.10344690423034,1.3813595878841702,0.004033448833456802,6.621721462733022e-07,2.6331388146589393e-06,1.0231381754686652e-08,0.03
105.10344690423034,1.396374366013346,0.004033448889052277,5.286358671393972e-07,2.633139674797218e-06,8.165393539418948e-09,0.03
105.10344690423034,1.411389144142522,0.004033448903905686,4.929589446361223e-07,2.6331399046196806e-06,7.613376800865876e-09,0.03
105.10344690423034,1.4264039222716975,0.004033448907369841,4.846378104739061e-07,2.6331399582267623e-06,7.484616169893373e-09,0.03
105.10344690423034,1.4414187004008734,0.0040334489080617675,4.829758605100797e-07,2.633139968934405e-06,7.458897185628173e-09,0.03
105.10344690423034,1.4564334785300492,0.004033448908177334,4.826990282457765e-07,2.6331399707183316e-06,7.454612809337999e-09,0.03
105.10344690423034,1.4714482566592246,0.0040334489081935414,4.826620291619364e-07,2.6331399709572736e-06,7.4540401493538e-09,0.03
105.10344690423034,1.4864630347884005,0.004033448908195946,4.826582998797047e-07,2.633139970981861e-06,7.453982424044679e-09,0.03
105.10344690423034,1.5014778129175763,0.004033448908197938,4.8265804718259e-07,2.633139970984721e-06,7.453978512242018e-09,0.03
120.1182250334061,0.015014778129175763,0.004002019716375174,0.0754904783590632,2.2205927901026946e-06,0.000990907415033238,0.03
120.1182250334061,0.030029556258351527,0.0040020197163771875,0.0754904783585466,2.220592790106092e-06,0.0009909074150274745,0.03
120.1182250334061,0.04504433438752729,0.0040020197163792015,0.07549047835803,2.220592790109489e-06,0.0009909074150217109,0.03
120.1182250334061,0.06005911251670305,0.0040020197163812155,0.07549047835751341,2.220592790112887e-06,0.0009909074150159472,0.03
120.1182250334061,0.07507389064587881,0.004002019716383229,0.0754904783569968,2.2205927901162835e-06,0.0009909074150101834,0.03
120.1182250334061,0.09008866877505459,0.004002019716385242,0.0754904783564802,2.220592790119681e-06,0.0009909074150044198,0.03
120.1182250334061,0.10510344690423035,0.004002019716387256,0.0754904783559636,2.2205927901230776e-06,0.0009909074149986562,0.03
120.1182250334061,0.1201182250334061,0.00400201971638927,0.07549047835544628,2.220592790126476e-06,0.0009909074149928926,0.03
120.1182250334061,0.13513300316258187,0.00400201971639119,0.0754904783546468,2.2205927901310545e-06,0.0009909074149840093,0.03
120.1182250334061,0.15014778129175763,0.004002019716392941,0.07549047835251363,2.2205927901414103e-06,0.0009909074149602856,0.03
120.1182250334061,0.16516255942093339,0.004002019716395957,0.07549047834756674,2.2205927901648532e-06,0.0009909074149052543,0.03
120.1182250334061,0.18017733755010917,0.004002019716401391,0.07549047833669187,2.2205927902157315e-06,0.0009909074147842582,0.03
120.1182250334061,0.19519211567928493,0.004002019716411206,0.07549047831348567,2.2205927903233246e-06,0.0009909074145260377,0.03
120.1182250334061,0.2102068938084607,0.004002019716431155,0.07549047826494427,2.2205927905480776e-06,0.0009909074139858613,0.03
120.1182250334061,0.22522167193763643,0.004002019716472224,0.07549047816494975,2.2205927910110815e-06,0.0009909074128730349,0.03
120.1182250334061,0.2402364500668122,0.004002019716557103,0.07549047796171338,2.2205927919529614e-06,0.000990907410611103,0.03
120.1182250334061,0.255251228195988,0.004002019716726944,0.07549047755387327,2.2205927938429045e-06,0.0009909074060717462,0.03
120.1182250334061,0.27026600632516373,0.004002019717063524,0.07549047674563714,2.220592797588514e-06,0.0009909073970753518,0.03
120.1182250334061,0.28528078445433946,0.004002019717722062,0.07549047516389937,2.22059280491911e-06,0.0009909073794681393,0.03
120.1182250334061,0.30029556258351525,0.004002019718994623,0.0754904721073772,2.22059281908547e-06,0.0009909073454422506,0.03
120.1182250334061,0.31531034071269104,0.004002019721422384,0.07549046627626803,2.2205928461130895e-06,0.0009909072805251776,0.03
120.1182250334061,0.33032511884186677,0.0040020197259941085,0.07549045529551708,2.220592897012651e-06,0.000990907158270455,0.03
120.1182250334061,0.34533989697104256,0.004002019734490608,0.07549043488790118,2.2205929916145847e-06,0.0009909069310477334,0.03
120.1182250334061,0.36035467510021835,0.004002019750071674,0.07549039746387512,2.2205931651084004e-06,0.0009909065143358143,0.03
120.1182250334061,0.3753694532293941,0.004002019778259966,0.07549032975869827,2.22059347900113e-06,0.0009909057604018758,0.03
120.1182250334061,0.39038423135856987,0.004002019828559681,0.07549020894440976,2.220594039150272e-06,0.000990904414988247,0.03
120.1182250334061,0.4053990094877456,0.004002019917070327,0.07548999635167924,2.220595024884686e-06,0.000990902047367166,0.03
120.1182250334061,0.4204137876169214,0.0040020200706256314,0.07548962752920191,2.2205967351177483e-06,0.0009908979395823307,0.03
120.1182250334061,0.4354285657460972,0.004002020333213153,0.07548899682340451,2.2205996598864383e-06,0.0009908909146191843,0.03
120.1182250334061,0.45044334387527285,0.004002020775721945,0.07548793396699266,2.2206045889763165e-06,0.000990879075500147,0.03
120.1182250334061,0.46545812200444864,0.004002021510408121,0.07548616933296341,2.2206127731577044e-06,0.0009908594180117513,0.03
120.1182250334061,0.4804729001336244,0.004002022711853441,0.07548328359494473,2.2206261578247508e-06,0.0009908272695285684,0.03
120.1182250334061,0.4954876782628002,0.004002024646555954,0.07547863665333619,2.220647712947196e-06,0.0009907754965032766,0.03
120.1182250334061,0.510502456391976,0.004002027713559916,0.07547127004633812,2.2206818862770136e-06,0.000990693415910869,0.03
120.1182250334061,0.5255172345211517,0.004002032498568214,0.07545977697720574,2.2207352072762633e-06,0.0009905653446751548,0.03
120.1182250334061,0.5405320126503275,0.004002039843614296,0.07544213497074494,2.22081706536464e-06,0.0009903687303968818,0.03
120.1182250334061,0.5555467907795033,0.004002050933394312,0.07541549850980715,2.2209406756431517e-06,0.0009900718317793823,0.03
120.1182250334061,0.5705615689086789,0.004002067397590006,0.07537595326712909,2.2211242261731308e-06,0.0009896309629761708,0.03
120.1182250334061,0.5855763470378548,0.004002091425802571,0.07531824004437213,2.2213921719021842e-06,0.0009889873857027885,0.03
120.1182250334061,0.6005911251670305,0.00400212588811619,0.0752354651895413,2.2217766019174677e-06,0.0009880640252199746,0.03
120.1182250334061,0.6156059032962063,0.0040021744500852,0.07511882440815858,2.222318562093998e-06,0.0009867622934490634,0.03
120.1182250334061,0.6306206814253821,0.004002241666709181,0.07495737704272981,2.223069171097722e-06,0.0009849594084239029,0.03
120.1182250334061,0.6456354595545578,0.004002333036674478,0.07473791578717306,2.224090334197223e-06,0.0009825066797622742,0.03
120.1182250334061,0.6606502376837335,0.004002454996975658,0.07444497960371182,2.2254548485283718e-06,0.0009792292558057842,0.03
120.1182250334061,0.6756650158129094,0.00400261484012196,0.07406105258238614,2.2272457165066297e-06,0.0009749277727113407,0.03
120.1182250334061,0.6906797939420851,0.004002820542199957,0.0735669769157605,2.2295545471660695e-06,0.0009693821942574099,0.03
120.1182250334061,0.705694572071261,0.0040030804999728106,0.0729425843596497,2.2324790255253996e-06,0.0009623578901660726,0.03
120.1182250334061,0.7207093502004367,0.004003403187716879,0.07216752047815654,2.2361195537863407e-06,0.0009536137036141449,0.03
120.1182250334061,0.7357241283296123,0.0040037967573490684,0.07122220509951543,2.240575291776001e-06,0.0009429114617143526,0.03
120.1182250334061,0.7507389064587882,0.004004268615741531,0.07008884756796026,2.24593991988436e-06,0.0009300261525498336,0.03
120.1182250334061,0.7657536845879639,0.0040048250183467885,0.06875242281994098,2.2522974920572563e-06,0.000914755885914577,0.03
120.1182250334061,0.7807684627171397,0.004005470716860945,0.06720151766715457,2.259718727108663e-06,0.0008969308012606763,0.03
120.1182250334061,0.7957832408463155,0.0040062086907661516,0.06542897560996604,2.268258007529555e-06,0.000876420276309531,0.03
120.1182250334061,0.8107980189754912,0.004007039979992111,0.063432298772353,2.277951234576731e-06,0.0008531380789587919,0.03
120.1182250334061,0.825812797104667,0.004007963621462739,0.06121380031390794,2.288814553770753e-06,0.0008270454285441494,0.03
120.1182250334061,0.8408275752338428,0.0040089766789734365,0.05878053267004877,2.300843843348654e-06,0.0007981522245487264,0.03
120.1182250334061,0.8558423533630185,0.0040100743460416,0.05614404051589213,2.3140147701882363e-06,0.000766516912290493,0.03
120.1182250334061,0.8708571314921943,0.004011250096303593,0.053319999527729985,2.3282831732727464e-06,0.0007322455618808967,0.03
120.1182250334061,0.8858719096213701,0.00401249585571099,0.05032780278351616,2.3435855338420967e-06,0.0006954907389636645,0.03
120.1182250334061,0.9008866877505457,0.004013802174352957,0.047190148061186404,2.3598393271196475e-06,0.0006564506598937491,0.03
120.1182250334061,0.9159014658797215,0.004015158381936097,0.04393266438908888,2.3769431135219867e-06,0.0006153689726512388,0.03
120.1182250334061,0.9309162440088973,0.0040165527185632155,0.040583597927750896,2.3947763093014407e-06,0.0005725353077295863,0.03
120.1182250334061,0.9459310221380731,0.004017972440537792,0.037173557835717914,2.413198672577367e-06,0.0005282865126357161,0.03
120.1182250334061,0.9609458002672489,0.004019403908950148,0.03373530349386263,2.432049648998826e-06,0.0004830082235496543,0.03
120.1182250334061,0.9759605783964246,0.00402083267651325,0.030303535933714213,2.451147841851095e-06,0.00043713613809058614,0.03
120.1182250334061,0.9909753565256004,0.004022243595344407,0.026914638957930552,2.470291002609303e-06,0.00039115603803054874,0.03
120.1182250334061,1.0059901346547762,0.004023620974726284,0.02360630021310177,2.489257071411725e-06,0.00034560129021173075,0.03
120.1182250334061,1.021004912783952,0.004024948822378755,0.02041693168123107,2.507806911422622e-06,0.00030104627891605097,0.03
120.1182250334061,1.0360196909131276,0.004026211203589236,0.017384807084276026,2.525689436183576e-06,0.00025809409051108837,0.03
120.1182250334061,1.0510344690423035,0.0040273927468760995,0.014546847330761174,2.5426497623839985e-06,0.00021735693132819158,0.03
120.1182250334061,1.0660492471714793,0.004028479309170296,0.011937022815086414,2.558440753884403e-06,0.00017942840006241262,0.03
120.1182250334061,1.081064025300655,0.004029458784698904,0.009584410556289495,2.5728377861026623e-06,0.00014484802513598937,0.03
120.1182250334061,1.0960788034298308,0.004030321999320672,0.007511046084971262,2.5856557370743347e-06,0.00011406045375011133,0.03
120.1182250334061,1.1110935815590066,0.004031063581054245,0.005729832512967796,2.5967662034717247e-06,8.737410054106613e-05,0.03
120.1182250334061,1.1261083596881822,0.004031682651111922,0.004242880724211279,2.6061120132388648e-06,6.49262894332479e-05,0.03
120.1182250334061,1.1411231378173579,0.004032183158732061,0.0030407051276012745,2.613715675046349e-06,4.6662958621936105e-05,0.03
120.1182250334061,1.1561379159465337,0.004032573709666485,0.0021026356004935952,2.6196788916660714e-06,3.233982915831444e-05,0.03
120.1182250334061,1.1711526940757095,0.004032866823611776,0.0013986010579393148,2.6241718551993978e-06,2.1548116599100046e-05,0.03
120.1182250334061,1.1861674722048854,0.004033077687351702,0.00089212428111506,2.627413449560075e-06,1.3762082669375024e-05,0.03
120.1182250334061,1.201182250334061,0.004033222607252434,0.000544038880678919,2.629645923820117e-06,8.399867521251032e-06,0.03
120.1182250334061,1.2161970284632369,0.004033317452411952,0.00031622871364714935,2.631109089822644e-06,4.885464778869098e-06,0.03
120.1182250334061,1.2312118065924127,0.004033376377723975,0.0001746949768105592,2.632018984292606e-06,2.6999733561939857e-06,0.03
120.1182250334061,1.2462265847215883,0.004033411022896418,9.14801020446852e-05,2.6325542824325416e-06,1.4142309495852783e-06,0.03
120.1182250334061,1.2612413628507642,0.0040334302394094655,4.5323590960258776e-05,2.632851308374486e-06,7.007986496378532e-07,0.03
120.1182250334061,1.27625614097994,0.004033440261895179,2.1250382002656126e-05,2.6330062619663017e-06,3.286125198087269e-07,0.03
120.1182250334061,1.2912709191091156,0.004033445159894844,9.485774433934315e-06,2.6330820003567793e-06,1.4669490298691392e-07,0.03
120.1182250334061,1.3062856972382915,0.0040334473941108515,4.119362514414975e-06,2.6331165524391114e-06,6.370350882945089e-08,0.03
120.1182250334061,1.321300475367467,0.004033448341244403,1.8444212089951478e-06,2.6331312012374736e-06,2.851823129460372e-08,0.03
120.1182250334061,1.336315253496643,0.004033448712550656,9.525724628258722e-07,2.633136944513495e-06,1.4723323370723697e-08,0.03
120.1182250334061,1.3513300316258188,0.0040334488463992365,6.310787088127465e-07,2.6331390150140773e-06,9.750138498670642e-09,0.03
120.1182250334061,1.3663448097549946,0.004033448890471397,5.252210218926403e-07,2.633139696816301e-06,8.112501028062686e-09,0.03
120.1182250334061,1.3813595878841702,0.004033448903622375,4.936337272499318e-07,2.6331399002772747e-06,7.623803153712895e-09,0.03
120.1182250334061,1.396374366013346,0.0040334489071450095,4.851730089258529e-07,2.633139954778796e-06,7.492894768938919e-09,0.03
120.1182250334061,1.411389144142522,0.004033448907982261,4.831624830113867e-07,2.6331399677310814e-06,7.461784643518933e-09,0.03
120.1182250334061,1.4264039222716975,0.004033448908156058,4.82744880908778e-07,2.6331399704214995e-06,7.455322355129634e-09,0.03
120.1182250334061,1.4414187004008734,0.004033448908186585,4.826705287912568e-07,2.6331399709002776e-06,7.454171691580168e-09,0.03
120.1182250334061,1.4564334785300492,0.004033448908191952,4.826594813998615e-07,2.633139970971962e-06,7.454000711312762e-09,0.03
120.1182250334061,1.4714482566592246,0.004033448908193954,4.826581642410451e-07,2.633139970981399e-06,7.453980324203783e-09,0.03
120.1182250334061,1.4864630347884005,0.0040334489081959475,4.826580458813755e-07,2.6331399709834296e-06,7.453978492089028e-09,0.03
120.1182250334061,1.5014778129175763,0.004033448908197938,4.826580387416702e-07,2.6331399709847734e-06,7.45397838156389e-09,0.03
135.13300316258184,0.015014778129175763,0.004002019716392935,0.07549047835413289,2.2205927901343007e-06,0.0009909074149782521,0.03
135.13300316258184,0.030029556258351527,0.004002019716394949,0.07549047835288875,2.220592790140891e-06,0.000990907414964418,0.03
135.13300316258184,0.04504433438752729,0.004002019716397114,0.07549047834990458,2.2205927901552233e-06,0.0009909074149312205,0.03
135.13300316258184,0.06005911251670305,0.00400201971640097,0.07549047834331625,2.2205927901863628e-06,0.0009909074148579126,0.03
135.13300316258184,0.07507389064587881,0.004002019716406809,0.07549047832947255,2.220592790250545e-06,0.000990907414703854,0.03
135.13300316258184,0.09008866877505459,0.004002019716418453,0.07549047830109441,2.2205927903819435e-06,0.000990907414388024,0.03
135.13300316258184,0.10510344690423035,0.004002019716441785,0.07549047824393017,2.2205927906465786e-06,0.000990907413751779,0.03
135.13300316258184,0.1201182250334061,0.004002019716489341,0.0754904781303762,2.2205927911729635e-06,0.0009909074124878354,0.03
135.13300316258184,0.13513300316258187,0.004002019716582347,0.07549047790760197,2.220592792205542e-06,0.0009909074100080493,0.03
135.13300316258184,0.15014778129175763,0.004002019716761836,0.0754904774756807,2.22059279420718e-06,0.0009909074051999067,0.03
135.13300316258184,0.16516255942093339,0.0040020197171066075,0.07549047664790258,2.220592798043959e-06,0.0009909073959845998,0.03
135.13300316258184,0.18017733755010917,0.004002019717759438,0.07549047507973078,2.2205928053126966e-06,0.0009909073785258726,0.03
135.13300316258184,0.19519211567928493,0.004002019718981992,0.07549047214339907,2.2205928189238884e-06,0.0009909073458334522,0.03
135.13300316258184,0.2102068938084607,0.004002019721244243,0.07549046670970642,2.2205928441127298e-06,0.0009909072853328022,0.03
135.13300316258184,0.22522167193763643,0.004002019725380864,0.07549045677391117,2.2205928901742777e-06,0.0009909071746982865,0.03
135.13300316258184,0.2402364500668122,0.00400201973285408,0.07549043882397714,2.2205929733931395e-06,0.0009909069748161782,0.03
135.13300316258184,0.255251228195988,0.004002019746190918,0.07549040679025451,2.2205931219146498e-06,0.0009909066180845824,0.03
135.13300316258184,0.27026600632516373,0.0040020197696986805,0.07549035032709825,2.220593383714973e-06,0.0009909059892701858,0.03
135.13300316258184,0.28528078445433946,0.00400201981061616,0.07549025204776955,2.220593839426871e-06,0.0009909048947021773,0.03
135.13300316258184,0.30029556258351525,0.004002019880934566,0.07549008315075595,2.2205946226282297e-06,0.0009909030135414178,0.03
135.13300316258184,0.31531034071269104,0.004002020000226827,0.07548979662395068,2.220595951368729e-06,0.0009908998220567308,0.03
135.13300316258184,0.33032511884186677,0.0040020201999629995,0.07548931687950303,2.2205981762591024e-06,0.0009908944781196604,0.03
135.13300316258184,0.34533989697104256,0.004002020529966155,0.0754885242484748,2.2206018524154505e-06,0.0009908856484024966,0.03
135.13300316258184,0.36035467510021835,0.004002021067873585,0.0754872322543893,2.2206078449204106e-06,0.0009908712550707837,0.03
135.13300316258184,0.3753694532293941,0.004002021932710136,0.0754851550122791,2.22061748012879e-06,0.0009908481123634975,0.03
135.13300316258184,0.39038423135856987,0.0040020233039179945,0.07548186152153638,2.2206327578410953e-06,0.0009908114169745186,0.03
135.13300316258184,0.4053990094877456,0.0040020254473893254,0.07547671313718621,2.2206566416406236e-06,0.0009907540506922212,0.03
135.13300316258184,0.4204137876169214,0.004002028750147122,0.07546878027103829,2.2206934458251583e-06,0.0009906656510294777,0.03
135.13300316258184,0.4354285657460972,0.004002033765219842,0.07545673460633477,2.2207493363830076e-06,0.000990531407929016,0.03
135.13300316258184,0.45044334387527285,0.004002041267858548,0.07543871407124476,2.2208329591795365e-06,0.0009903305549224817,0.03
135.13300316258184,0.46545812200444864,0.004002052323419182,0.07541215979060836,2.2209561996664544e-06,0.0009900345443820226,0.03
135.13300316258184,0.4804729001336244,0.004002068365893678,0.0753736274624252,2.2211350639662613e-06,0.0009896049312403822,0.03
135.13300316258184,0.4954876782628002,0.00400209128416056,0.07531858019229712,2.2213906507007633e-06,0.0009889910387502476,0.03
135.13300316258184,0.510502456391976,0.004002123510611054,0.0752411756214256,2.2217501571788586e-06,0.0009881275417129717,0.03
135.13300316258184,0.5255172345211517,0.004002168104098495,0.07513406668871732,2.2222478349382797e-06,0.0009869321713507132,0.03
135.13300316258184,0.5405320126503275,0.004002228816558052,0.07498824161617575,2.2229257825000574e-06,0.0009853038111751556,0.03
135.13300316258184,0.5555467907795033,0.004002310130723812,0.07479293331481462,2.2238344436553895e-06,0.000983121300135526,0.03
135.13300316258184,0.5705615689086789,0.00400241725581598,0.07453562974120193,2.2250326746644855e-06,0.0009802432711957564,0.03
135.13300316258184,0.5855763470378548,0.004002556069517912,0.07420221326199976,2.226587259657903e-06,0.0009765093152762661,0.03
135.13300316258184,0.6005911251670305,0.004002732998394426,0.07377724787585294,2.2285717936455227e-06,0.0009717426641423244,0.03
135.13300316258184,0.6156059032962063,0.004002954835050167,0.07324441838031735,2.23106491526762e-06,0.0009657544351535542,0.03
135.13300316258184,0.6306206814253821,0.004003228498107409,0.07258710688145145,2.234147949110712e-06,0.0009583492941882533,0.03
135.13300316258184,0.6456354595545578,0.004003560749246645,0.07178907243565413,2.2379020969955146e-06,0.0009493322019015144,0.03
135.13300316258184,0.6606502376837335,0.004003957888496419,0.07083518293522445,2.2424053832865805e-06,0.0009385157508079375,0.03
135.13300316258184,0.6756650158129094,0.0040044254531331385,0.0697121383232623,2.2477295964774796e-06,0.0009257275113175792,0.03
135.13300316258184,0.6906797939420851,0.004004967945911604,0.06840912336194499,2.253937469156487e-06,0.0009108168052119761,0.03
135.13300316258184,0.705694572071261,0.004005588614681745,0.06691833697328593,2.2610803004019234e-06,0.0008936604164480031,0.03
135.13300316258184,0.7207093502004367,0.004006289298490034,0.06523536189240701,2.2691961567258342e-06,0.0008741669123454826,0.03
135.13300316258184,0.7357241283296123,0.0040070703464375815,0.06335935956514856,2.2783087040190427e-06,0.0008522794491668079,0.03
135.13300316258184,0.7507389064587882,0.004007930606621678,0.06129309671056708,2.2884266397210535e-06,0.0008279771360086641,0.03
135.13300316258184,0.7657536845879639,0.004008867474987529,0.05904282798661547,2.299543625623664e-06,0.0008012751962148871,0.03
135.13300316258184,0.7807684627171397,0.004009876988902907,0.05661807123194565,2.311638576231595e-06,0.0007722242747675072,0.03
135.13300316258184,0.7957832408463155,0.00401095394813346,0.05403131689561789,2.3246761384178024e-06,0.0007409092862020195,0.03
135.13300316258184,0.8107980189754912,0.004012092046407197,0.05129771203110785,2.3386072031588813e-06,0.000707448185464404,0.03
135.13300316258184,0.825812797104667,0.004013283999320446,0.048434753077527384,2.353369314360728e-06,0.0006719909859448126,0.03
135.13300316258184,0.8408275752338428,0.004014521658199999,0.04546201237332076,2.3688868773323635e-06,0.000634719258736482,0.03
135.13300316258184,0.8558423533630185,0.00401579610401788,0.042400912580071365,2.385071115461668e-06,0.0005958462366891586,0.03
135.13300316258184,0.8708571314921943,0.004017097720069858,0.0392745521156647,2.4018197751645153e-06,0.0005556175230888218,0.03
135.13300316258184,0.8858719096213701,0.004018416246599804,0.03610757395066735,2.419016635380387e-06,0.0005143122698007116,0.03
135.13300316258184,0.9008866877505457,0.004019740824805116,0.032926059911870774,2.4365309394636586e-06,0.0004722445418160113,0.03
135.13300316258184,0.9159014658797215,0.0040210600416948905,0.02975742293634405,2.4542169352692322e-06,0.00042976442193100426,0.03
135.13300316258184,0.9309162440088973,0.0040223619910871805,0.0266302605635175,2.471913783085761e-06,0.00038725823189968156,0.03
135.13300316258184,0.9459310221380731,0.004023634369431589,0.02357412477854863,2.4894461664729627e-06,0.0003451470652840722,0.03
135.13300316258184,0.9609458002672489,0.004024864627640719,0.020619157330066817,2.5066260069024555e-06,0.000303882669082141,0.03
135.13300316258184,0.9759605783964246,0.004026040200738899,0.01779553813566952,2.523255718635067e-06,0.00026393962585809786,0.03
135.13300316258184,0.9909753565256004,0.004027148834429822,0.015132700900932597,2.53913341363644e-06,0.00022580285207007535,0.03
135.13300316258184,1.0059901346547762,0.00402817901975347,0.012658289114477696,2.5540603368412536e-06,0.00018994973930518046,0.03
135.13300316258184,1.021004912783952,0.004029120532045287,0.010396861521857035,2.5678505396879465e-06,0.00015682691938880895,0.03
135.13300316258184,1.0360196909131276,0.004029965047552698,0.008368411068462265,2.5803423645729043e-06,0.00012682267980788703,0.03
135.13300316258184,1.0510344690423035,0.0040307067818187315,0.006586831560107965,2.591410743294489e-06,0.00010023742397041857,0.03
135.13300316258184,1.0660492471714793,0.004031343063534841,0.005058539317943172,2.6009787139646934e-06,7.725600858578331e-05,0.03
135.13300316258184,1.081064025300655,0.004031874735552607,0.0037815099792267966,2.609026123196349e-06,5.7926841703175183e-05,0.03
135.13300316258184,1.0960788034298308,0.004032306273346451,0.0027449939518965787,2.615593440535688e-06,4.215272064588515e-05,0.03
135.13300316258184,1.1110935815590066,0.004032645540759408,0.0019301030818018505,2.620779158827857e-06,2.9697075929602958e-05,0.03
135.13300316258184,1.1261083596881822,0.004032903165106958,0.0013113115873115743,2.6247304011239837e-06,2.0206532462235615e-05,0.03
135.13300316258184,1.1411231378173579,0.004033091596598066,0.0008587152394048374,2.627627853715397e-06,1.3247098919415787e-05,0.03
135.13300316258184,1.1561379159465337,0.004033223995392884,0.0005407045446843092,2.629667523224683e-06,8.347985517218893e-06,0.03
135.13300316258184,1.1711526940757095,0.00403331313435095,0.00032660024820883757,2.6310425627624007e-06,5.045255972217549e-06,0.03
135.13300316258184,1.1861674722048854,0.004033370497714407,0.0001888182198422296,2.631928231938211e-06,2.917952283976252e-06,0.03
135.13300316258184,1.201182250334061,0.004033405697687269,0.00010427078563441716,2.6324720292341282e-06,1.611796000106773e-06,0.03
135.13300316258184,1.2161970284632369,0.004033426244848443,5.4918182082597926e-05,2.6327895809053494e-06,8.490628186570151e-07,0.03
135.13300316258184,1.2312118065924127,0.004033437626378598,2.7580667151128172e-05,2.6329655242186263e-06,4.264612160389961e-07,0.03
135.13300316258184,1.2462265847215883,0.004033443593609204,1.3247857154111632e-05,2.6330577853221426e-06,2.0485744134320878e-07,0.03
135.13300316258184,1.2612413628507642,0.004033446546640705,6.154909538407264e-06,2.6331034485684523e-06,9.517795022992526e-08,0.03
135.13300316258184,1.27625614097994,0.004033447921856862,2.8517482063114484e-06,2.6331247158052346e-06,4.409572081195592e-08,0.03
135.13300316258184,1.2912709191091156,0.004033448522503283,1.4090421479075993e-06,2.6331340053487394e-06,2.1782961444077498e-08,0.03
135.13300316258184,1.3062856972382915,0.004033448767616981,8.202979406777655e-07,2.6331377965372227e-06,1.2676819523006601e-08,0.03
135.13300316258184,1.321300475367467,0.004033448860674254,5.967812317253125e-07,2.6331392359634474e-06,9.219427719922005e-09,0.03
135.13300316258184,1.336315253496643,0.004033448893380497,5.182232396893665e-07,2.6331397419042664e-06,8.004196180792012e-09,0.03
135.13300316258184,1.3513300316258188,0.004033448903961727,4.928079718754807e-07,2.6331399055985656e-06,7.611014802030795e-09,0.03
135.13300316258184,1.3663448097549946,0.004033448907091929,4.852895335825955e-07,2.6331399540264813e-06,7.494694597979198e-09,0.03
135.13300316258184,1.3813595878841702,0.004033448907932011,4.832718602368915e-07,2.633139967023658e-06,7.463476433362866e-09,0.03
135.13300316258184,1.396374366013346,0.004033448908135359,4.827853312481004e-07,2.6331399701584275e-06,7.455948184187896e-09,0.03
135.13300316258184,1.411389144142522,0.004033448908179098,4.826811551245215e-07,2.633139970829822e-06,7.454336121228351e-09,0.03
135.13300316258184,1.4264039222716975,0.004033448908187952,4.826616425861712e-07,2.633139970956016e-06,7.4540341566889e-09,0.03
135.13300316258184,1.4414187004008734,0.004033448908189965,4.826585079726499e-07,2.633139970976674e-06,7.453985644102556e-09,0.03
135.13300316258184,1.4564334785300492,0.004033448908191964,4.826580876225149e-07,2.633139970980572e-06,7.45397913816604e-09,0.03
135.13300316258184,1.4714482566592246,0.004033448908193955,4.826580423948461e-07,2.633139970982152e-06,7.45397843811278e-09,0.03
135.13300316258184,1.4864630347884005,0.0040334489081959475,4.826580387293183e-07,2.633139970983474e-06,7.453978381372463e-09,0.03
135.13300316258184,1.5014778129175763,0.004033448908197938,4.826580385300465e-07,2.6331399709847747e-06,7.45397837828764e-09,0.03
150.1477812917576,0.015014778129175763,0.00400201971649727,0.07549047811372762,2.2205927912508287e-06,0.0009909074123021398,0.03
150.1477812917576,0.030029556258351527,0.0040020197165909575,0.07549047788924387,2.2205927922914484e-06,0.0009909074098029959,0.03
150.1477812917576,0.04504433438752729,0.004002019716767011,0.07549047746621823,2.220592794252253e-06,0.0009909074050932852,0.03
150.1477812917576,0.06005911251670305,0.00400201971709513,0.07549047667760544,2.220592797907752e-06,0.0009909073963129257,0.03
150.1477812917576,0.07507389064587881,0.004002019717700684,0.07549047522318895,2.2205928046500373e-06,0.0009909073801187794,0.03
150.1477812917576,0.09008866877505459,0.00400201971880538,0.07549047256971465,2.2205928169513664e-06,0.0009909073505723536,0.03
150.1477812917576,0.10510344690423035,0.004002019720799003,0.0754904677812139,2.2205928391516332e-06,0.0009909072972498687,0.03
150.1477812917576,0.1201182250334061,0.004002019724357238,0.07549045923463385,2.2205928787768437e-06,0.0009909072020746344,0.03
150.1477812917576,0.13513300316258187,0.004002019730637547,0.0754904441498653,2.220592948718928e-06,0.0009909070340816924,0.03
150.1477812917576,0.15014778129175763,0.004002019741597907,0.07549041782412777,2.2205930707867767e-06,0.0009909067408885846,0.03
150.1477812917576,0.16516255942093339,0.0040020197605083905,0.07549037240303055,2.2205932814065636e-06,0.000990906235003699,0.03
150.1477812917576,0.18017733755010917,0.004002019792760122,0.0754902949377361,2.2205936406340903e-06,0.0009909053721797322,0.03
150.1477812917576,0.19519211567928493,0.004002019847123999,0.07549016436148445,2.220594246180713e-06,0.0009909039177248213,0.03
150.1477812917576,0.2102068938084607,0.004002019937678072,0.07548994686037022,2.2205952548899e-06,0.0009909014949182609,0.03
150.1477812917576,0.22522167193763643,0.004002020086708912,0.07548958890441959,2.220596915070732e-06,0.000990897507348829,0.03
150.1477812917576,0.2402364500668122,0.004002020329003276,0.07548900693966458,2.220599614327243e-06,0.0009908910240338815,0.03
150.1477812917576,0.255251228195988,0.004002020718080142,0.07548807241983548,2.2206039490188158e-06,0.0009908806125830498,0.03
150.1477812917576,0.27026600632516373,0.004002021335065816,0.07548659048763652,2.220610823200626e-06,0.0009908641015527397,0.03
150.1477812917576,0.28528078445433946,0.00400202230107997,0.07548427022689912,2.220621586705401e-06,0.0009908382487892524,0.03
150.1477812917576,0.30029556258351525,0.004002023794144689,0.07548068404761686,2.220638223704878e-06,0.0009907982885229245,0.03
150.1477812917576,0.31531034071269104,0.004002026071737593,0.07547521351542233,2.2206636042780177e-06,0.0009907373271267857,0.03
150.1477812917576,0.33032511884186677,0.004002029500120302,0.07546697890847821,2.2207018116887666e-06,0.0009906455570288858,0.03
150.1477812917576,0.34533989697104256,0.0040020345914309014,0.07545475012390823,2.2207585565806144e-06,0.0009905092618576218,0.03
150.1477812917576,0.36035467510021835,0.004002042049168237,0.07543683743081296,2.220841685374856e-06,0.000990309595320174,0.03
150.1477812917576,0.3753694532293941,0.004002052822034,0.075410962144249,2.2209617830679553e-06,0.000990021133340326,0.03
150.1477812917576,0.39038423135856987,0.004002068165104827,0.07537410969862642,2.221132859840495e-06,0.0009896102248909498,0.03
150.1477812917576,0.4053990094877456,0.004002089705941945,0.07532237085592634,2.221373096329492e-06,0.0009890332019181576,0.03
150.1477812917576,0.4204137876169214,0.00400211951160137,0.07525078075472813,2.2217056047831394e-06,0.0009882345511176794,0.03
150.1477812917576,0.4354285657460972,0.004002160150703401,0.07515316982376179,2.2221591442998125e-06,0.0009871451959928854,0.03
150.1477812917576,0.45044334387527285,0.0040022147430438726,0.07502204462101218,2.222768710806232e-06,0.000985681079776127,0.03
150.1477812917576,0.46545812200444864,0.004002286988021324,0.07484851955203799,2.223575910158995e-06,0.0009837422692632275,0.03
150.1477812917576,0.4804729001336244,0.0040023811628432295,0.0746223211775786,2.2246290200216346e-06,0.0009812128061785204,0.03
150.1477812917576,0.4954876782628002,0.004002502082427186,0.07433188452620379,2.2259826567208743e-06,0.0009779615073414083,0.03
150.1477812917576,0.510502456391976,0.004002655015372172,0.07396455492210935,2.227696989175351e-06,0.0009738438527219854,0.03
150.1477812917576,0.5255172345211517,0.004002845554305774,0.07350689939703606,2.2298364824189935e-06,0.0009687050033672116,0.03
150.1477812917576,0.5405320126503275,0.004003079443941252,0.07294511968113866,2.2324682039098686e-06,0.0009623838694794136,0.03
150.1477812917576,0.5555467907795033,0.004003362375583277,0.07226554577996908,2.235659779169186e-06,0.000954718020774501,0.03
150.1477812917576,0.5705615689086789,0.004003699761666424,0.07145517751214567,2.2394771298593707e-06,0.0009455491194069139,0.03
150.1477812917576,0.5855763470378548,0.004004096507223583,0.07050223342155573,2.243982157958307e-06,0.000934728482371971,0.03
150.1477812917576,0.6005911251670305,0.004004556796233564,0.06939666395112133,2.2492305476821702e-06,0.0009221223610917585,0.03
150.1477812917576,0.6156059032962063,0.004005083909296275,0.06813058937231042,2.255269840239584e-06,0.0009076165656900195,0.03
150.1477812917576,0.6306206814253821,0.004005680085271061,0.06669863211741332,2.2621378984773094e-06,0.0008911201527848165,0.03
150.1477812917576,0.6456354595545578,0.004006346434117927,0.06509812612983275,2.2698618263671277e-06,0.0008725680207966786,0.03
150.1477812917576,0.6606502376837335,0.004007082902191114,0.0633292002268507,2.278457351664336e-06,0.0008519223927592858,0.03
150.1477812917576,0.6756650158129094,0.00400788828568601,0.06139474580224523,2.287928628330187e-06,0.000829173290893541,0.03
150.1477812917576,0.6906797939420851,0.004008760283634544,0.059300289537250916,2.2982683755842412e-06,0.0008043382026247673,0.03
150.1477812917576,0.705694572071261,0.004009695579239035,0.0570537980454662,2.309458246533362e-06,0.000777461195174916,0.03
150.1477812917576,0.7207093502004367,0.00401068993750259,0.05466544337316186,2.321469311626484e-06,0.0007486117543497058,0.03
150.1477812917576,0.7357241283296123,0.004011738307826859,0.05214735656945484,2.3342625485579265e-06,0.0007178836078348567,0.03
150.1477812917576,0.7507389064587882,0.004012834922086823,0.049513392118382,2.3477892471620813e-06,0.0006853937526720933,0.03
150.1477812917576,0.7657536845879639,0.004013973381211538,0.04677891998097887,2.361991261620479e-06,0.0006512818494768364,0.03
150.1477812917576,0.7807684627171397,0.004015146726090808,0.04396065528236154,2.376801069945031e-06,0.000615710079558753,0.03
150.1477812917576,0.7957832408463155,0.004016347491426234,0.04107652896593265,2.3921416304175965e-06,0.0005788634897354584,0.03
150.1477812917576,0.8107980189754912,0.004017567743791462,0.03814559637742501,2.4079260559129825e-06,0.0005409507745757047,0.03
150.1477812917576,0.825812797104667,0.00401879910762973,0.03518797481889595,2.424057160306155e-06,0.0005022053658845395,0.03
150.1477812917576,0.8408275752338428,0.0040200327852425435,0.03222479553898667,2.4404269675116346e-06,0.0004628866119476731,0.03
150.1477812917576,0.8558423533630185,0.00402125957904806,0.029278150269645222,2.4569163140023215e-06,0.00042328073224986534,0.03
150.1477812917576,0.8708571314921943,0.004022469926542243,0.02637100725466632,2.473394719717887e-06,0.0003837011275531913,0.03
150.1477812917576,0.8858719096213701,0.004023653960361525,0.023527066983839325,2.489720747597676e-06,0.00034448751634869073,0.03
150.1477812917576,0.9008866877505457,0.00402480160735508,0.02077052423278928,2.505743112356653e-06,0.0003060032717040349,0.03
150.1477812917576,0.9159014658797215,0.0040259027410746865,0.01812570179828298,2.521302823195706e-06,0.0002686302747026492,0.03
150.1477812917576,0.9309162440088973,0.00402694740077538,0.015616524480009974,2.536236635574425e-06,0.00023276062364032662,0.03
150.1477812917576,0.9459310221380731,0.0040279260858280515,0.01326581193048131,2.5503820215143015e-06,0.00019878469585437488,0.03
150.1477812917576,0.9609458002672489,0.004028830126278649,0.011094388607998188,2.563583722615292e-06,0.00016707540801821815,0.03
150.1477812917576,0.9759605783964246,0.004029652117431718,0.009120039947959506,2.5757017091839446e-06,0.00013796909907436042,0.03
150.1477812917576,0.9909753565256004,0.004030386389105265,0.007356385255948289,2.5866200379302214e-06,0.00011174425486828031,0.03
150.1477812917576,1.0059901346547762,0.004031029460715276,0.00581178463474569,2.5962557215924125e-06,8.860020410330694e-05,0.03
150.1477812917576,1.021004912783952,0.004031580416052959,0.004488438801359061,2.604566384871278e-06,6.863872943598319e-05,0.03
150.1477812917576,1.0360196909131276,0.00403204112301197,0.003381861316068126,2.6115553089532223e-06,5.185195090656486e-05,0.03
150.1477812917576,1.0510344690423035,0.004032416230528531,0.0024808859262832558,2.6172725919045064e-06,3.8119538668932e-05,0.03
150.1477812917576,1.0660492471714793,0.004032712901894253,0.0017683071188632031,2.621811647842583e-06,2.721712154546218e-05,0.03
150.1477812917576,1.081064025300655,0.004032940288616018,0.001222143854407577,2.6253010883223467e-06,1.8835787095232437e-05,0.03
150.1477812917576,1.0960788034298308,0.004033108802437722,0.0008173881006372044,2.627892984531118e-06,1.261027468648114e-05,0.03
150.1477812917576,1.1110935815590066,0.00403322928922559,0.0005279890844007053,2.6297493094209153e-06,8.15154024378081e-06,0.03
150.1477812917576,1.1261083596881822,0.004033312231119512,0.0003287696541836014,2.631028729698317e-06,5.0784807182927645e-06,0.03
150.1477812917576,1.1411231378173579,0.004033367093779007,0.00019699413808155734,2.6318757254026766e-06,3.0440679377110137e-06,0.03
150.1477812917576,1.1561379159465337,0.004033401896697993,0.00011340041565906625,2.6324133359395715e-06,1.7527720601868606e-06,0.03
150.1477812917576,1.1711526940757095,0.0040334230302005785,6.263948223428376e-05,2.6327399154892584e-06,9.683548696350945e-07,0.03
150.1477812917576,1.1861674722048854,0.004033435291016856,3.319000236489132e-05,2.632929432041265e-06,5.131515850797467e-07,0.03
150.1477812917576,1.201182250334061,0.004033442073791696,1.6898325928806415e-05,2.6330342921291847e-06,2.612861438129688e-07,0.03
150.1477812917576,1.2161970284632369,0.004033445644342796,8.322148448542932e-06,2.6330894988193583e-06,1.2868410636681292e-07,0.03
150.1477812917576,1.2312118065924127,0.004033447428913067,4.035752462687822e-06,2.6331170938791155e-06,6.240296978724858e-08,0.03
150.1477812917576,1.2462265847215883,0.004033448273693993,2.006655373296675e-06,2.6331301578773765e-06,3.102427743081765e-08,0.03
150.1477812917576,1.2612413628507642,0.0040334486514386125,1.099342391726072e-06,2.6331359998700215e-06,1.6992268506376033e-08,0.03
150.1477812917576,1.27625614097994,0.004033448810511544,7.172614981440414e-07,2.633138460169173e-06,1.1082820921359918e-08,0.03
150.1477812917576,1.2912709191091156,0.0040334488733870365,5.662392185765852e-07,2.6331394326954565e-06,8.746887539007286e-09,0.03
150.1477812917576,1.3062856972382915,0.004033448896625656,5.104215977408592e-07,2.633139792162281e-06,7.883475516748655e-09,0.03
150.1477812917576,1.321300475367467,0.004033448904622282,4.912137276278367e-07,2.633139915868952e-06,7.586341078616298e-09,0.03
150.1477812917576,1.336315253496643,0.004033448907171486,4.850898726817537e-07,2.6331399553113613e-06,7.491602810666091e-09,0.03
150.1477812917576,1.3513300316258188,0.004033448907920077,4.832912871212981e-07,2.633139966896289e-06,7.463776334886962e-09,0.03
150.1477812917576,1.3663448097549946,0.004033448908121683,4.828079001362905e-07,2.633139970010307e-06,7.45629725062472e-09,0.03
150.1477812917576,1.3813595878841702,0.004033448908171087,4.826899591425484e-07,2.6331399707702784e-06,7.454472328027692e-09,0.03
150.1477812917576,1.396374366013346,0.004033448908182383,4.826640851828922e-07,2.6331399709373086e-06,7.454071951512227e-09,0.03
150.1477812917576,1.411389144142522,0.0040334489081859754,4.826590418024918e-07,2.6331399709707766e-06,7.453993905032304e-09,0.03
150.1477812917576,1.4264039222716975,0.0040334489081879765,4.826581814535563e-07,2.633139970977392e-06,7.453980590313213e-09,0.03
150.1477812917576,1.4414187004008734,0.00403344890818997,4.826580555357074e-07,2.6331399709794697e-06,7.453978641499143e-09,0.03
150.1477812917576,1.4564334785300492,0.004033448908191964,4.826580401511675e-07,2.6331399709808656e-06,7.453978403380503e-09,0.03
150.1477812917576,1.4714482566592246,0.004033448908193955,4.826580386438999e-07,2.6331399709821747e-06,7.453978380049937e-09,0.03
150.1477812917576,1.4864630347884005,0.0040334489081959475,4.826580385331062e-07,2.633139970983475e-06,7.453978378334872e-09,0.03
150.1477812917576,1.5014778129175763,0.004033448908197938,4.826580385279707e-07,2.6331399709847747e-06,7.45397837825551e-09,0.03
165.16255942093338,0.015014778129175763,0.004002019723167312,0.07549046209164702,2.2205928655375176e-06,0.000990907233873298,0.03
165.16255942093338,0.030029556258351527,0.004002019728271063,0.07549044983283308,2.22059292238117e-06,0.0009909070973412291,0.03
165.16255942093338,0.04504433438752729,0.0040020197370133,0.07549042883474595,2.2205930197527494e-06,0.0009909068634656323,0.03
165.16255942093338,0.06005911251670305,0.004002019751829997,0.07549039324645963,2.220593184788689e-06,0.0009909064670678225,0.03
165.16255942093338,0.07507389064587881,0.004002019776673996,0.07549033357362402,2.2205934615256156e-06,0.0009909058023766747,0.03
165.16255942093338,0.09008866877505459,0.0040020198178817145,0.07549023459697635,2.220593920556874e-06,0.0009909046998348194,0.03
165.16255942093338,0.10510344690423035,0.004002019885484375,0.07549007222254218,2.2205946736459253e-06,0.0009909028909986435,0.03
165.16255942093338,0.1201182250334061,0.0040020199951620325,0.07548980878848409,2.2205958955016426e-06,0.0009908999562364595,0.03
165.16255942093338,0.13513300316258187,0.004002020171108576,0.07548938618398977,2.2205978557075863e-06,0.0009908952480379627,0.03
165.16255942093338,0.15014778129175763,0.004002020450162077,0.07548871592784026,2.2206009647621828e-06,0.0009908877804301376,0.03
165.16255942093338,0.16516255942093339,0.00400202088765717,0.07548766511213455,2.2206058393131664e-06,0.000990876072291246,0.03
165.16255942093338,0.18017733755010917,0.00400202156556455,0.0754860368519624,2.22061339290025e-06,0.0009908579293963016,0.03
165.16255942093338,0.19519211567928493,0.004002022603593331,0.07548354361893393,2.2206249597466972e-06,0.0009908301470825907,0.03
165.16255942093338,0.2102068938084607,0.0040020241740229105,0.07547977161601598,2.2206424601742315e-06,0.0009907881129396516,0.03
165.16255942093338,0.22522167193763643,0.004002026521081147,0.07547413423342408,2.220668616782793e-06,0.000990725287567536,0.03
165.16255942093338,0.2402364500668122,0.0040020299856571885,0.0754658126909693,2.22070723026747e-06,0.0009906325420922296,0.03
165.16255942093338,0.255251228195988,0.004002035035992505,0.07545368232101882,2.2207635221894173e-06,0.000990497334863745,0.03
165.16255942093338,0.27026600632516373,0.0040020423046860385,0.07543622368566498,2.2208445486921464e-06,0.0009903027177500519,0.03
165.16255942093338,0.28528078445433946,0.0040020526318370435,0.07541141895267715,2.2209596836139794e-06,0.0009900261757481562,0.03
165.16255942093338,0.30029556258351525,0.004002067113403131,0.07537663574234853,2.221121161417652e-06,0.0009896383229178452,0.03
165.16255942093338,0.31531034071269104,0.004002087152880756,0.07532850299740292,2.2213446598927707e-06,0.0009891015027856304,0.03
165.16255942093338,0.33032511884186677,0.004002114513253593,0.07526278620710164,2.2216498902276477e-06,0.0009883683710455182,0.03
165.16255942093338,0.34533989697104256,0.004002151364925005,0.07517427227768579,2.222061148994158e-06,0.0009873805697397813,0.03
165.16255942093338,0.36035467510021835,0.004002200324213733,0.0750566770687063,2.22260777471459e-06,0.0009860676306227706,0.03
165.16255942093338,0.3753694532293941,0.004002264476185346,0.07490259055303969,2.223324443443238e-06,0.0009843462651942625,0.03
165.16255942093338,0.39038423135856987,0.004002347375375082,0.07470347508040372,2.2242512358944777e-06,0.0009821202034554573,0.03
165.16255942093338,0.4053990094877456,0.00400245301856948,0.07444973075221631,2.2254334154685567e-06,0.000979280727060072,0.03
165.16255942093338,0.4204137876169214,0.0040025857854111245,0.07413083808227905,2.226920873439234e-06,0.0009757080019112043,0.03
165.16255942093338,0.4354285657460972,0.004002750345165806,0.07373558193249143,2.22876722424729e-06,0.0009712732511720126,0.03
165.16255942093338,0.45044334387527285,0.004002951531336225,0.07325235267825057,2.231028567855149e-06,0.0009658417279662877,0.03
165.16255942093338,0.46545812200444864,0.004003194189501443,0.07266951168331975,2.2337619729729586e-06,0.0009592763585225446,0.03
165.16255942093338,0.4804729001336244,0.004003483007230747,0.07197579983110457,2.2370237688052824e-06,0.0009514418452376153,0.03
165.16255942093338,0.4954876782628002,0.00400382233754358,0.07116076155675208,2.240867757749399e-06,0.0009422089596102925,0.03
165.16255942093338,0.510502456391976,0.0040042160286490455,0.07021515379899347,2.2453434724182946e-06,0.000931458728716238,0.03
165.16255942093338,0.5255172345211517,0.0040046672723061325,0.0691313102250493,2.2504945951522413e-06,0.0009190862314024156,0.03
165.16255942093338,0.5405320126503275,0.004005178481142228,0.06790343590098957,2.2563576376257503e-06,0.0009050037697589099,0.03
165.16255942093338,0.5555467907795033,0.004005751201986759,0.06652781545763863,2.2629609459376073e-06,0.0008891432588117886,0.03
165.16255942093338,0.5705615689086789,0.004006386068294481,0.06500292736727264,2.2703240583263642e-06,0.0008714577692423779,0.03
165.16255942093338,0.5855763470378548,0.004007082790704682,0.06332946662029286,2.278457404575265e-06,0.0008519222493983607,0.03
165.16255942093338,0.6005911251670305,0.004007840181304845,0.06151028644651275,2.287362303652286e-06,0.0008305335309696687,0.03
165.16255942093338,0.6156059032962063,0.004008656204655102,0.059550275760649016,2.297031192802396e-06,0.000807309778735916,0.03
165.16255942093338,0.6306206814253821,0.004009528047268218,0.05745619227725403,2.307448008666041e-06,0.0007822895751573718,0.03
165.16255942093338,0.6456354595545578,0.004010452197003925,0.05523647181380488,2.3185886386100643e-06,0.0007555308363208326,0.03
165.16255942093338,0.6606502376837335,0.004011424524521791,0.05290103264766387,2.330421366530884e-06,0.0007271097411597541,0.03
165.16255942093338,0.6756650158129094,0.004012440360277641,0.05046109057820227,2.342907249520247e-06,0.0006971198267353644,0.03
165.16255942093338,0.6906797939420851,0.004013494562248354,0.0479289962573635,2.3560003775805292e-06,0.0006656713644203737,0.03
165.16255942093338,0.705694572071261,0.004014581571396364,0.045318101968606285,2.3696479861600557e-06,0.0006328910895951439,0.03
165.16255942093338,0.7207093502004367,0.004015695453665777,0.042642660755925085,2.383790409494803e-06,0.000598922313712454,0.03
165.16255942093338,0.7357241283296123,0.004016829928952501,0.03991775683955733,2.3983608812139945e-06,0.0005639254032205511,0.03
165.16255942093338,0.7507389064587882,0.004017978388994727,0.037159262645230416,2.4132852076733527e-06,0.0005280785641844427,0.03
165.16255942093338,0.7657536845879639,0.004019133907513484,0.03438381444619207,2.4284813597355913e-06,0.0004915788227899259,0.03
165.16255942093338,0.7807684627171397,0.004020289247256835,0.03160879544542902,2.443859051083797e-06,0.0004546430381984016,0.03
165.16255942093338,0.7957832408463155,0.004021436869898271,0.028852311998905998,2.459319396227284e-06,0.0004175087239885288,0.03
165.16255942093338,0.8107980189754912,0.004022568956036593,0.02613314557899572,2.4747547690115075e-06,0.0003804343880109749,0.03
165.16255942093338,0.825812797104667,0.00402367744375786,0.023470660153129458,2.4900490111391212e-06,0.00034369903155266813,0.03
165.16255942093338,0.8408275752338428,0.004024754095192927,0.0208846423198414,2.50507816630081e-06,0.00030760038603954695,0.03
165.16255942093338,0.8558423533630185,0.004025790600912679,0.018395050560653728,2.5197119324479126e-06,0.00027245142483269685,0.03
165.16255942093338,0.8708571314921943,0.004026778731374896,0.0160216514814759,2.533816022587152e-06,0.00023857469284407353,0.03
165.16255942093338,0.8858719096213701,0.004027710542338842,0.0137835264279757,2.5472555902316396e-06,0.00020629407894796453,0.03
165.16255942093338,0.9008866877505457,0.004028578636529031,0.011698442991396458,2.5598997950582293e-06,0.00017592384971844876,0.03
165.16255942093338,0.9159014658797215,0.0040293764763306514,0.009782103947233863,2.571627446041245e-06,0.00014775509516661665,0.03
165.16255942093338,0.9309162440088973,0.004030098731860108,0.008047311220166154,2.58233346162508e-06,0.00012204021201119578,0.03
165.16255942093338,0.9459310221380731,0.0040307416362472814,0.006503112529105844,2.591935645744223e-06,9.897662829744411e-05,0.03
165.16255942093338,0.9609458002672489,0.004031303307463663,0.005154028383883386,2.6003810361928185e-06,7.869155517065155e-05,0.03
165.16255942093338,0.9759605783964246,0.0040317839869895,0.003999478826103337,2.607650905106888e-06,6.122997612760365e-05,0.03
165.16255942093338,0.9909753565256004,0.0040321861442519525,0.0030335325731647997,2.6137634608106553e-06,4.654815735877238e-05,0.03
165.16255942093338,1.0059901346547762,0.004032514405789077,0.002245077156191059,2.6187734832848325e-06,3.451452323835666e-05,0.03
165.16255942093338,1.021004912783952,0.0040327752907655025,0.001618454182269793,2.622768540017069e-06,2.4918745423041866e-05,0.03
165.16255942093338,1.0360196909131276,0.004032976766954103,0.00113452582148138,2.6258620149156144e-06,1.7488486696710585e-05,0.03
165.16255942093338,1.0510344690423035,0.004033127676284056,0.0007720545868051256,2.6281838012501565e-06,1.1911755637610058e-05,0.03
165.16255942093338,1.0660492471714793,0.004033237106544408,0.0005092124439568282,2.62986998101743e-06,7.86169583431377e-06,0.03
165.16255942093338,1.081064025300655,0.004033313796834417,0.00032500886723689124,2.631052986838954e-06,5.020216137165282e-06,0.03
165.16255942093338,1.0960788034298308,0.004033365654810151,0.0002004503722415387,2.631853561916719e-06,3.097302162570634e-06,0.03
165.16255942093338,1.1110935815590066,0.0040333994366463935,0.0001193092224180775,2.6323753632804116e-06,1.84397886335045e-06,0.03
165.16255942093338,1.1261083596881822,0.004033420604713983,6.846527847707257e-05,2.6327024506106523e-06,1.0583422057175847e-06,0.03
165.16255942093338,1.1411231378173579,0.004033433344147157,3.786620770608034e-05,2.6328993487990998e-06,5.854089527192504e-07,0.03
165.16255942093338,1.1561379159465337,0.00403344069635755,2.0206798277727455e-05,2.6330130028163487e-06,3.1242128075188375e-07,0.03
165.16255942093338,1.1711526940757095,0.004033444758774543,1.044920162001268e-05,2.6330758094145553e-06,1.615649197270758e-07,0.03
165.16255942093338,1.1861674722048854,0.004033446904166546,5.296142705566891e-06,2.6331089811684246e-06,8.18890338549578e-08,0.03
165.16255942093338,1.201182250334061,0.004033447985063126,2.699915438285128e-06,2.6331256951339807e-06,4.174342210109348e-08,0.03
165.16255942093338,1.2161970284632369,0.004033448503560155,1.4545266053172154e-06,2.6331337132270786e-06,2.2484597279655276e-08,0.03
165.16255942093338,1.2312118065924127,0.004033448739846282,8.869856753431195e-07,2.6331373674111197e-06,1.3707534172068364e-08,0.03
165.16255942093338,1.2462265847215883,0.0040334488418948,6.418727148466147e-07,2.6331389456960777e-06,9.916616510687684e-09,0.03
165.16255942093338,1.2612413628507642,0.004033448883551342,5.418163905891525e-07,2.6331395899972506e-06,8.36905459671739e-09,0.03
165.16255942093338,1.27625614097994,0.004033448899575082,5.033279278395536e-07,2.633139837853381e-06,7.773722765040856e-09,0.03
165.16255942093338,1.2912709191091156,0.004033448905363989,4.894230963270757e-07,2.6331399274021115e-06,7.558633328489522e-09,0.03
165.16255942093338,1.3062856972382915,0.00403344890732092,4.84723021094411e-07,2.6331399576729688e-06,7.485925229489756e-09,0.03
165.16255942093338,1.321300475367467,0.0040334489079373,4.832429649532933e-07,2.633139967205904e-06,7.463028121137609e-09,0.03
165.16255942093338,1.336315253496643,0.0040334489081170315,4.828109064850611e-07,2.633139969988784e-06,7.456343615516435e-09,0.03
165.16255942093338,1.3513300316258188,0.004033448908166016,4.826946506000463e-07,2.6331399707380357e-06,7.45454488585031e-09,0.03
165.16255942093338,1.3663448097549946,0.004033448908178391,4.826660099064365e-07,2.633139970922831e-06,7.454101727917921e-09,0.03
165.16255942093338,1.3813595878841702,0.004033448908181984,4.826596010239249e-07,2.6331399709647216e-06,7.454002557709252e-09,0.03
165.16255942093338,1.396374366013346,0.004033448908183989,4.826583109580884e-07,2.633139970973991e-06,7.453982594304959e-09,0.03
165.16255942093338,1.411389144142522,0.004033448908185984,4.826580801386122e-07,2.6331399709767164e-06,7.45397902224367e-09,0.03
165.16255942093338,1.4264039222716975,0.004033448908187978,4.826580439854002e-07,2.6331399709782415e-06,7.453978462721868e-09,0.03
165.16255942093338,1.4414187004008734,0.00403344890818997,4.826580391270363e-07,2.6331399709795705e-06,7.453978387527736e-09,0.03
165.16255942093338,1.4564334785300492,0.004033448908191964,4.826580385827461e-07,2.6331399709808754e-06,7.453978379103115e-09,0.03
165.16255942093338,1.4714482566592246,0.004033448908193955,4.826580385351906e-07,2.6331399709821755e-06,7.453978378367015e-09,0.03
165.16255942093338,1.4864630347884005,0.0040334489081959475,4.826580385315806e-07,2.633139970983475e-06,7.453978378311261e-09,0.03
165.16255942093338,1.5014778129175763,0.004033448908197938,4.826580385279707e-07,2.6331399709847747e-06,7.45397837825551e-09,0.03
180.17733755010917,0.015014778129175763,0.00400201992356871,0.07548998074574022,2.220595098090408e-06,0.0009909018715268463,0.03
180.17733755010917,0.030029556258351527,0.004002020050317428,0.07548967630875113,2.2205965102434354e-06,0.000990898479690174,0.03
180.17733755010917,0.04504433438752729,0.004002020249254826,0.07548919848264755,2.220598726766958e-06,0.0009908931558430033,0.03
180.17733755010917,0.06005911251670305,0.004002020558168017,0.07548845650645516,2.2206021687676615e-06,0.0009908848885319256,0.03
180.17733755010917,0.07507389064587881,0.00400202103267871,0.07548731678284895,2.220607456136924e-06,0.0009908721888438733,0.03
180.17733755010917,0.09008866877505459,0.004002021753595391,0.07548558521839246,2.220615489525195e-06,0.0009908528935117973,0.03
180.17733755010917,0.10510344690423035,0.004002022836753863,0.07548298358781726,2.2206275600738947e-06,0.0009908239013499932,0.03
180.17733755010917,0.1201182250334061,0.00400202444592909,0.0754791185208059,2.2206454934299926e-06,0.0009907808273455442,0.03
180.17733755010917,0.13513300316258187,0.004002026809420748,0.07547344166521806,2.220671834792321e-06,0.0009907175581957122,0.03
180.17733755010917,0.15014778129175763,0.00400203024087177,0.07546519968313033,2.220710081292178e-06,0.0009906256941529415,0.03
180.17733755010917,0.16516255942093339,0.004002035164747067,0.0754533730537183,2.2207649665859238e-06,0.0009904938654616648,0.03
180.17733755010917,0.18017733755010917,0.004002042146647581,0.07543660326069522,2.2208427998161234e-06,0.0009903069182060405,0.03
180.17733755010917,0.19519211567928493,0.004002051928241041,0.07541310889391885,2.220951856809485e-06,0.000990044974691248,0.03
180.17733755010917,0.2102068938084607,0.004002065466030223,0.07538059253003881,2.221102815374061e-06,0.0009896823878999682,0.03
180.17733755010917,0.22522167193763643,0.0040020839724752445,0.07533614196201652,2.221309218927168e-06,0.000989186627902109,0.03
180.17733755010917,0.2402364500668122,0.0040021089571531535,0.07527613133539683,2.221587943832401e-06,0.0009885171593525981,0.03
180.17733755010917,0.255251228195988,0.004002142264773279,0.07519612984098796,2.2219596365912783e-06,0.0009876243913967068,0.03
180.17733755010917,0.27026600632516373,0.004002186106062662,0.07509082752953525,2.222449078673485e-06,0.0009864488013774418,0.03
180.17733755010917,0.28528078445433946,0.004002243076968811,0.07495398918729582,2.2230854309172107e-06,0.0009849203478030548,0.03
180.17733755010917,0.30029556258351525,0.004002316161451769,0.07477844763096309,2.2239023078544873e-06,0.0009829582918188878,0.03
180.17733755010917,0.31531034071269104,0.004002408713515587,0.07455614686395354,2.2249376366073826e-06,0.0009804715361169836,0.03
180.17733755010917,0.33032511884186677,0.004002524415178495,0.07427824302806889,2.2262332661418498e-06,0.0009773595634642413,0.03
180.17733755010917,0.34533989697104256,0.0040026672087957954,0.07393526695740558,2.227834310590226e-06,0.0009735140139730589,0.03
180.17733755010917,0.36035467510021835,0.00400284120442637,0.07351734667319841,2.2297882336877363e-06,0.0009688208841919636,0.03
180.17733755010917,0.3753694532293941,0.004003050565521026,0.07301448195066719,2.232143707400012e-06,0.0009631632685718494,0.03
180.17733755010917,0.39038423135856987,0.004003299378740008,0.07241685700491039,2.2349493028327743e-06,0.0009564245037764847,0.03
180.17733755010917,0.4053990094877456,0.004003591515783431,0.07171517235989998,2.2382520914821775e-06,0.000948491528348473,0.03
180.17733755010917,0.4204137876169214,0.0040039304963671455,0.07090097397040221,2.2420962463023618e-06,0.0009392582428192627,0.03
180.17733755010917,0.4354285657460972,0.004004319361643876,0.06996695725203954,2.246521732783179e-06,0.0009286286536236533,0.03
180.17733755010917,0.45044334387527285,0.004004760566413214,0.06890722598234537,2.2515631699930846e-06,0.000916519608775633,0.03
180.17733755010917,0.46545812200444864,0.004005255896515674,0.06771749071700696,2.2572489220325074e-06,0.0009028629801235193,0.03
180.17733755010917,0.4804729001336244,0.004005806415178402,0.06639519765984006,2.2636004547901983e-06,0.0008876072083682685,0.03
180.17733755010917,0.4954876782628002,0.004006412439213095,0.06493958583567029,2.2706319653291385e-06,0.0008707181932532595,0.03
180.17733755010917,0.510502456391976,0.004007073543245638,0.06335167693182421,2.2783502655496634e-06,0.0008521795730017029,0.03
180.17733755010917,0.5255172345211517,0.004007788587955462,0.06163420747054157,2.286754881093561e-06,0.0008319924867636554,0.03
180.17733755010917,0.5405320126503275,0.004008555766816713,0.05979151654107097,2.295838312574489e-06,0.000810174947168178,0.03
180.17733755010917,0.5555467907795033,0.00400937266513547,0.05782940399832364,2.3055863996254503e-06,0.0007867609659170011,0.03
180.17733755010917,0.5705615689086789,0.004010236325201364,0.0557549739743336,2.3159787282894945e-06,0.0007617995752696582,0.03
180.17733755010917,0.5855763470378548,0.004011143311973232,0.05357647710759418,2.3269890275728814e-06,0.0007353538755583747,0.03
180.17733755010917,0.6005911251670305,0.004012089774703675,0.05130316252598479,2.338585509866308e-06,0.0007075002175252149,0.03
180.17733755010917,0.6156059032962063,0.004013071501097033,0.04894514776525189,2.3507311208528504e-06,0.0006783276020639776,0.03
180.17733755010917,0.6306206814253821,0.004014083961830514,0.046513311831266974,2.3633836762322583e-06,0.00064793735181663,0.03
180.17733755010917,0.6456354595545578,0.004015122344456627,0.04401921377008417,2.376495874349235e-06,0.0006164430808384018,0.03
180.17733755010917,0.6606502376837335,0.00401618157677823,0.04147503652400231,2.390015185336413e-06,0.0005839709608635877,0.03
180.17733755010917,0.6756650158129094,0.004017256340745702,0.0388935535497507,2.4038836288190295e-06,0.0005506602552347076,0.03
180.17733755010917,0.6906797939420851,0.004018341078790891,0.036288113605703116,2.4180374640280532e-06,0.0005166640632210765,0.03
180.17733755010917,0.705694572071261,0.004019429995311921,0.03367263718536907,2.4324068289355174e-06,0.00048215018678199,0.03
180.17733755010917,0.7207093502004367,0.004020517056812549,0.031061616182709376,2.4469153793700312e-06,0.0004473019973792622,0.03
180.17733755010917,0.7357241283296123,0.004021595995001792,0.028470106447456647,2.4614799953629596e-06,0.00041231914131010665,0.03
180.17733755010917,0.7507389064587882,0.004022660317979437,0.025913700918287503,2.476010640096319e-06,0.0003774178785069039,0.03
180.17733755010917,0.7657536845879639,0.004023703335429582,0.023408469111495765,2.4904104757994952e-06,0.00034283080417343723,0.03
180.17733755010917,0.7807684627171397,0.0040247182044038515,0.020970847153686356,2.5045763585295533e-06,0.00030880566038001635,0.03
180.17733755010917,0.7957832408463155,0.00402569800261297,0.018617461744631542,2.5183998460338063e-06,0.00027560291528729117,0.03
180.17733755010917,0.8107980189754912,0.004026635835856161,0.01636487212023717,2.5317688538899e-06,0.00024349178526778524,0.03
180.17733755010917,0.825812797104667,0.004027524984939075,0.01422921717244697,2.5445700770203897e-06,0.00021274441867337536,0.03
180.17733755010917,0.8408275752338428,0.004028359094709405,0.01222576140262074,2.5566922475891787e-06,0.00018362807068856915,0.03
180.17733755010917,0.8558423533630185,0.004029132403327128,0.01036834423870473,2.5680302183470975e-06,0.00015639529553082318,0.03
180.17733755010917,0.8708571314921943,0.004029840003405828,0.008668752795945476,2.5784897393115016e-06,0.00013127247331723327,0.03
180.17733755010917,0.8858719096213701,0.004030478118545647,0.007136057670790089,2.587992641055859e-06,0.00010844736028303717,0.03
180.17733755010917,0.9008866877505457,0.004031044370002776,0.005775972424877645,2.5964819694330746e-06,8.805675563749199e-05,0.03
180.17733755010917,0.9159014658797215,0.004031538000645348,0.004590315661770873,2.6039264698237408e-06,7.017573078413839e-05,0.03
180.17733755010917,0.9309162440088973,0.004031960019427217,0.003576664011949406,2.610323741992853e-06,5.481005160120909e-05,0.03
180.17733755010917,0.9459310221380731,0.004032313231996714,0.002728278610133565,2.615701428260536e-06,4.1893324508127794e-05,0.03
180.17733755010917,0.9609458002672489,0.004032602133534553,0.0020343624840184595,2.6201159888571593e-06,3.128993788726534e-05,0.03
180.17733755010917,0.9759605783964246,0.00403283265831018,0.0014806620953982347,2.623648951623268e-06,2.2804069903763663e-05,0.03
180.17733755010917,0.9909753565256004,0.0040330118038721975,0.0010503699968630888,2.626400941462929e-06,1.6194029166500223e-05,0.03
180.17733755010917,1.0059901346547762,0.004033147170905388,0.0007252300520354502,2.628484198947493e-06,1.119022433388756e-05,0.03
180.17733755010917,1.021004912783952,0.004033246476211497,0.00048670721116750765,2.630014575325158e-06,7.51439136982577e-06,0.03
180.17733755010917,1.0360196909131276,0.004033317100936247,0.0003170726301811163,2.6311040599127454e-06,4.897542089262528e-06,0.03
180.17733755010917,1.0510344690423035,0.0040333657274080875,0.0002002759537217068,2.6318547355416686e-06,3.0944826645300503e-06,0.03
180.17733755010917,1.0660492471714793,0.004033398098358516,0.0001225236470164598,2.6323547206210734e-06,1.8935604642264916e-06,0.03
180.17733755010917,1.081064025300655,0.004033418907706459,7.25413272192656e-05,2.6326762452378544e-06,1.1212851313872911e-06,0.03
180.17733755010917,1.0960788034298308,0.0040334318092833605,4.155280705496124e-05,2.6328756360466507e-06,6.423649109544206e-07,0.03
180.17733755010917,1.1110935815590066,0.0040334395141441,2.304636445072687e-05,2.6329947332675962e-06,3.563031743802621e-07,0.03
180.17733755010917,1.1261083596881822,0.0040334439406848,1.2414174837877755e-05,2.6330631645953363e-06,1.9193671008001837e-07,0.03
180.17733755010917,1.1411231378173579,0.004033446383857847,6.545871012666104e-06,2.6331009379392432e-06,1.0120819923672425e-07,0.03
180.17733755010917,1.1561379159465337,0.004033447677483907,3.438685398684036e-06,2.633120939912488e-06,5.316506927429251e-08,0.03
180.17733755010917,1.1711526940757095,0.004033448333561586,1.8628394149708302e-06,2.6331310848112428e-06,2.8797833304238267e-08,0.03
180.17733755010917,1.1861674722048854,0.004033448651735464,1.0986112798032063e-06,2.6331360050113014e-06,1.6979903378967685e-08,0.03
180.17733755010917,1.201182250334061,0.00403344879901458,7.448584077670782e-07,2.6331382826462667e-06,1.1509203638822362e-08,0.03
180.17733755010917,1.2161970284632369,0.004033448863954946,5.88876515876259e-07,2.633139286989087e-06,9.096850628421424e-09,0.03
180.17733755010917,1.2312118065924127,0.00403344889117114,5.235049620709876e-07,2.6331397079286835e-06,8.085786177664385e-09,0.03
180.17733755010917,1.2462265847215883,0.004033448901986012,4.975280313932426e-07,2.6331398752077545e-06,7.683994467442771e-09,0.03
180.17733755010917,1.2612413628507642,0.004033448906049616,4.877668870684513e-07,2.6331399380680427e-06,7.533008425757893e-09,0.03
180.17733755010917,1.27625614097994,0.004033448907489338,4.843088980699576e-07,2.6331399603382274e-06,7.479517210878331e-09,0.03
180.17733755010917,1.2912709191091156,0.004033448907968431,4.83157844128009e-07,2.63313996775155e-06,7.461710766997737e-09,0.03
180.17733755010917,1.3062856972382915,0.0040334489081186534,4.827991952372661e-07,2.633139970062152e-06,7.456162292964893e-09,0.03
180.17733755010917,1.321300475367467,0.004033448908161966,4.826950420364355e-07,2.6331399707329916e-06,7.454550908691098e-09,0.03
180.17733755010917,1.336315253496643,0.004033448908174239,4.826669904409325e-07,2.6331399709140745e-06,7.454116892039996e-09,0.03
180.17733755010917,1.3513300316258188,0.004033448908177993,4.826600236129539e-07,2.6331399709595102e-06,7.454009095175135e-09,0.03
180.17733755010917,1.3663448097549946,0.00403344890818,4.826584387800915e-07,2.633139970970599e-06,7.453984572003832e-09,0.03
180.17733755010917,1.3813595878841702,0.004033448908181996,4.826581111967878e-07,2.6331399709739225e-06,7.453979502832664e-09,0.03
180.17733755010917,1.396374366013346,0.004033448908183992,4.826580502675983e-07,2.633139970975601e-06,7.453978559939325e-09,0.03
180.17733755010917,1.411389144142522,0.004033448908185984,4.826580401927924e-07,2.6331399709769633e-06,7.453978404021469e-09,0.03
180.17733755010917,1.4264039222716975,0.004033448908187978,4.826580387351787e-07,2.6331399709782733e-06,7.453978381462227e-09,0.03
180.17733755010917,1.4414187004008734,0.00403344890818997,4.826580385557169e-07,2.6331399709795743e-06,7.453978378684528e-09,0.03
180.17733755010917,1.4564334785300492,0.004033448908191964,4.826580385388005e-07,2.6331399709808758e-06,7.453978378422765e-09,0.03
180.17733755010917,1.4714482566592246,0.004033448908193955,4.826580385351906e-07,2.6331399709821755e-06,7.453978378367015e-09,0.03
180.17733755010917,1.4864630347884005,0.0040334489081959475,4.826580385315806e-07,2.633139970983475e-06,7.453978378311261e-09,0.03
180.17733755010917,1.5014778129175763,0.004033448908197938,4.826580385279707e-07,2.6331399709847747e-06,7.45397837825551e-09,0.03
195.1921156792849,0.015014778129175763,0.004002023002668761,0.075482585071176,2.2206294110186305e-06,0.0009908194555525202,0.03
195.1921156792849,0.030029556258351527,0.004002024618621703,0.07547870372365721,2.220647420885396e-06,0.000990776197765911,0.03
195.1921156792849,0.04504433438752729,0.004002026956828665,0.0754730875978894,2.2206734817774285e-06,0.0009907136022600618,0.03
195.1921156792849,0.06005911251670305,0.0040020303035469135,0.0754650491329751,2.220710785628088e-06,0.0009906240023394926,0.03
195.1921156792849,0.07507389064587881,0.0040020350413568035,0.07545366941037575,2.22076359917127e-06,0.0009904971497464593,0.03
195.1921156792849,0.09008866877505459,0.004002041674176609,0.07543773806918289,2.220837543671583e-06,0.0009903195427754178,0.03
195.1921156792849,0.10510344690423035,0.004002050855830326,0.07541568469109493,2.2209399148710755e-06,0.0009900736577928935,0.03
195.1921156792849,0.1201182250334061,0.004002063421529705,0.07538550318104242,2.2210800364607256e-06,0.0009897371002310145,0.03
195.1921156792849,0.13513300316258187,0.004002080421114165,0.07534467192978296,2.2212696347394636e-06,0.000989281704692435,0.03
195.1921156792849,0.15014778129175763,0.0040021031522815415,0.07529007399610581,2.221523215650815e-06,0.0009886726293423132,0.03
195.1921156792849,0.16516255942093339,0.004002133191414787,0.07521792306355793,2.2218584186785323e-06,0.0009878675058820885,0.03
195.1921156792849,0.18017733755010917,0.00400217241902932,0.07512370231826841,2.222296315996504e-06,0.0009868157210165707,0.03
195.1921156792849,0.19519211567928493,0.004002223036441502,0.07500212441280518,2.2228616209079546e-06,0.0009854579157986241,0.03
195.1921156792849,0.2102068938084607,0.0040022875701056304,0.07484712104803987,2.2235827681800677e-06,0.000983725792667557,0.03
195.1921156792849,0.22522167193763643,0.004002368860295714,0.07465187015840367,2.224491831483917e-06,0.0009815423137451503,0.03
195.1921156792849,0.2402364500668122,0.00400247003149167,0.07440886703975486,2.225624250510103e-06,0.0009788223562716063,0.03
195.1921156792849,0.255251228195988,0.0040025944429943556,0.07411004296889415,2.2270183525323938e-06,0.0009754738617600317,0.03
195.1921156792849,0.27026600632516373,0.004002745619864804,0.0737469310784128,2.2287146694629074e-06,0.000971399476359544,0.03
195.1921156792849,0.28528078445433946,0.004002927166128886,0.07331087483222702,2.2307550701366054e-06,0.0009664986350236762,0.03
195.1921156792849,0.30029556258351525,0.004003142664057751,0.07279326994327473,2.23318174628189e-06,0.0009606699971113626,0.03
195.1921156792849,0.31531034071269104,0.004003395564978306,0.07218582663734356,2.236036106655896e-06,0.0009538141025708845,0.03
195.1921156792849,0.33032511884186677,0.004003689078203877,0.07148083643096272,2.2393576445778804e-06,0.0009458360920205495,0.03
195.1921156792849,0.34533989697104256,0.0040040260651148735,0.07067142654024812,2.2431828477513603e-06,0.0009366483252581021,0.03
195.1921156792849,0.36035467510021835,0.004004408945062842,0.06975178589163696,2.247544215121764e-06,0.0009261727426826942,0.03
195.1921156792849,0.3753694532293941,0.004004839618663261,0.06871734936558414,2.2524694341781356e-06,0.0009143428413457687,0.03
195.1921156792849,0.39038423135856987,0.004005319412350581,0.06756493097069137,2.2579807553463518e-06,0.0009011051776071745,0.03
195.1921156792849,0.4053990094877456,0.004005849046045538,0.06629280150498167,2.264094580475274e-06,0.0008864203555602461,0.03
195.1921156792849,0.4204137876169214,0.004006428623720767,0.06490071121760337,2.270821262653438e-06,0.0008702635078600232,0.03
195.1921156792849,0.4354285657460972,0.004007057644812848,0.06338986239771065,2.278165097175577e-06,0.0008526243174253944,0.03
195.1921156792849,0.45044334387527285,0.004007735033017808,0.0617628402118346,2.286124470171162e-06,0.0008335066604516215,0.03
195.1921156792849,0.46545812200444864,0.004008459178120195,0.060023512233384285,2.2946921230885104e-06,0.0008129279711458067,0.03
195.1921156792849,0.4804729001336244,0.004009227986167472,0.05817690792934017,2.303855487934047e-06,0.0007909184365148415,0.03
195.1921156792849,0.4954876782628002,0.0040100389334341,0.05622908904352052,2.313597049252335e-06,0.0007675201269228057,0.03
195.1921156792849,0.510502456391976,0.004010889120122595,0.05418702061105043,2.3238946932744798e-06,0.0007427861574674764,0.03
195.1921156792849,0.5255172345211517,0.004011775320487205,0.052058450566307514,2.3347220113014368e-06,0.000716779959280147,0.03
195.1921156792849,0.5405320126503275,0.004012694026916368,0.04985180386043574,2.3460485321683486e-06,0.0006895747211652517,0.03
195.1921156792849,0.5555467907795033,0.004013641486378585,0.047576094921440396,2.357839866742166e-06,0.0006612530425277371,0.03
195.1921156792849,0.5705615689086789,0.004014613728451722,0.04524086033040873,2.3700577553265017e-06,0.0006319068195083888,0.03
195.1921156792849,0.5855763470378548,0.0040156065848847644,0.04285611183498815,2.3826600163843356e-06,0.000601637368144084,0.03
195.1921156792849,0.6005911251670305,0.004016615701279495,0.04043230829228714,2.395600402211488e-06,0.000570555771025295,0.03
195.1921156792849,0.6156059032962063,0.004017636542033681,0.037980343794512816,2.4088283743708356e-06,0.0005387834166799305,0.03
195.1921156792849,0.6306206814253821,0.0040186643901960134,0.03551154801763212,2.4222888192398233e-06,0.0005064526828010676,0.03
195.1921156792849,0.6456354595545578,0.004019694344364861,0.033037693669540354,2.4359217323750792e-06,0.0004737076943734839,0.03
195.1921156792849,0.6606502376837335,0.004020721315258532,0.030571004729761042,2.449661909961513e-06,0.0004407050647866282,0.03
195.1921156792849,0.6756650158129094,0.0040217400251011445,0.028124157922484114,2.4634386966083134e-06,0.0004076145016066751,0.03
195.1921156792849,0.6906797939420851,0.00402274501352165,0.025710268550343904,2.4771758510833e-06,0.00037461912907622413,0.03
195.1921156792849,0.705694572071261,0.004023730654199978,0.0233428505095858,2.490791604584573e-06,0.0003419153481561826,0.03
195.1921156792849,0.7207093502004367,0.004024691186972306,0.021035739178333516,2.5041989984312046e-06,0.0003097120254339725,0.03
195.1921156792849,0.7357241283296123,0.004025620770374065,0.018802965214255948,2.5173065971395386e-06,0.0002782287803918852,0.03
195.1921156792849,0.7507389064587882,0.004026513559493696,0.016658567556359374,2.5300196750741012e-06,0.00024769313519407203,0.03
195.1921156792849,0.7657536845879639,0.004027363813282537,0.014616335677935162,2.542241965328227e-06,0.00021833631405252364,0.03
195.1921156792849,0.7807684627171397,0.004028166033833872,0.012689475052242596,2.553878032512369e-06,0.0001903875440247831,0.03
195.1921156792849,0.7957832408463155,0.004028915137352037,0.010890196500281956,2.564836281286834e-06,0.00016406682881023272,0.03
195.1921156792849,0.8107980189754912,0.004029606652423378,0.009229239963178587,2.57503253647248e-06,0.00013957634966614481,0.03
195.1921156792849,0.825812797104667,0.0040302369358554725,0.007715356077712965,2.5843940298793303e-06,0.00011709088941902811,0.03
195.1921156792849,0.8408275752338428,0.004030803390243576,0.0063547835990498645,2.5928635127634757e-06,9.67479547168812e-05,0.03
195.1921156792849,0.8558423533630185,0.004031304661532978,0.005150774875623199,2.600403099949458e-06,7.863854278791021e-05,0.03
195.1921156792849,0.8708571314921943,0.004031740790617125,0.0041032317211636745,2.606997370263166e-06,6.279969445805117e-05,0.03
195.1921156792849,0.8858719096213701,0.004032113292208099,0.003208515973538245,2.6126552307233043e-06,4.9210016497070086e-05,0.03
195.1921156792849,0.9008866877505457,0.004032425138352474,0.002459489084883507,2.617410126716706e-06,3.778917675104792e-05,0.03
195.1921156792849,0.9159014658797215,0.004032680633737277,0.0018458116239572545,2.621318357604437e-06,2.8401949855810293e-05,0.03
195.1921156792849,0.9309162440088973,0.00403288518451985,0.001354498521544151,2.6244555192463406e-06,2.086676192368047e-05,0.03
195.1921156792849,0.9459310221380731,0.004033044979301577,0.0009706853419386317,2.6269113932830436e-06,1.4967965990473088e-05,0.03
195.1921156792849,0.9609458002672489,0.0040331666161793605,0.0006785240694173017,2.6287838678497614e-06,1.0470443889801662e-05,0.03
195.1921156792849,0.9759605783964246,0.0040332567195040725,0.0004621036203738459,2.630172635765594e-06,7.134742630262751e-06,0.03
195.1921156792849,0.9909753565256004,0.004033321591197201,0.0003062873491057156,2.631173429090489e-06,4.73092248154138e-06,0.03
195.1921156792849,1.0059901346547762,0.004033366933762572,0.000197378351945049,2.6318734107579688e-06,3.049625883178483e-06,0.03
195.1921156792849,1.021004912783952,0.004033397667612883,0.00012355823299076802,2.6323480960696856e-06,1.9094717676254757e-06,0.03
195.1921156792849,1.0360196909131276,0.004033417848015311,7.508659555842675e-05,2.6326598884554687e-06,1.1605725645982818e-06,0.03
195.1921156792849,1.0510344690423035,0.004033430671202579,4.428636636869936e-05,2.63285805702067e-06,6.845881580844181e-07,0.03
195.1921156792849,1.0660492471714793,0.004033438548309886,2.5366205353453105e-05,2.6329798097014877e-06,3.9214828294405167e-07,0.03
195.1921156792849,1.081064025300655,0.004033443221185406,1.4142341969520924e-05,2.63305204491562e-06,2.1864523120878642e-07,0.03
195.1921156792849,1.0960788034298308,0.004033445895253244,7.719449011284358e-06,2.6330933855702025e-06,1.19348352190966e-07,0.03
195.1921156792849,1.1110935815590066,0.004033447369701966,4.17794251775714e-06,2.6331161820009045e-06,6.459317370637167e-08,0.03
195.1921156792849,1.1261083596881822,0.0040334481520884,2.2987133363787328e-06,2.6331282792318855e-06,3.55365993259296e-08,0.03
195.1921156792849,1.1411231378173579,0.004033448551088553,1.3403470363936626e-06,2.633134448908999e-06,2.0717528736072348e-08,0.03
195.1921156792849,1.1561379159465337,0.004033448746371634,8.712926036559948e-07,2.6331374687027106e-06,1.3464224341465561e-08,0.03
195.1921156792849,1.1711526940757095,0.004033448837956503,6.513129860685356e-07,2.633138885014113e-06,1.0062356234221195e-08,0.03
195.1921156792849,1.1861674722048854,0.004033448879044884,5.526219776424993e-07,2.6331395204558037e-06,8.536075202299999e-09,0.03
195.1921156792849,1.201182250334061,0.004033448896646559,5.103443702381331e-07,2.633139792682136e-06,7.882208934081151e-09,0.03
195.1921156792849,1.2161970284632369,0.004033448903832074,4.930857110951954e-07,2.6331399038165167e-06,7.615273015785314e-09,0.03
195.1921156792849,1.2312118065924127,0.004033448906621411,4.863867465990378e-07,2.6331399469557146e-06,7.51165651051051e-09,0.03
195.1921156792849,1.2462265847215883,0.0040334489076481505,4.839204018892937e-07,2.6331399628388266e-06,7.473506362073265e-09,0.03
195.1921156792849,1.2612413628507642,0.004033448908005856,4.830614421569954e-07,2.6331399683708217e-06,7.460219073898629e-09,0.03
195.1921156792849,1.27625614097994,0.004033448908123609,4.827793057550972e-07,2.633139970188134e-06,7.455854481700815e-09,0.03
195.1921156792849,1.2912709191091156,0.004033448908159554,4.826921993332425e-07,2.6331399707489683e-06,7.454506898369031e-09,0.03
195.1921156792849,1.3062856972382915,0.004033448908170306,4.826670169811806e-07,2.6331399709113475e-06,7.454117295123394e-09,0.03
195.1921156792849,1.321300475367467,0.0040334489081740015,4.82660229292883e-07,2.6331399709556376e-06,7.454012275877105e-09,0.03
195.1921156792849,1.336315253496643,0.00403344890817601,4.82658531929905e-07,2.6331399709674202e-06,7.453986012995238e-09,0.03
195.1921156792849,1.3513300316258188,0.004033448908178008,4.826581404062216e-07,2.63313997097114e-06,7.453979954758167e-09,0.03
195.1921156792849,1.3663448097549946,0.004033448908180004,4.826580576622513e-07,2.633139970972953e-06,7.453978674359864e-09,0.03
195.1921156792849,1.3813595878841702,0.004033448908181996,4.826580417697056e-07,2.6331399709743515e-06,7.453978428423522e-09,0.03
195.1921156792849,1.396374366013346,0.004033448908183992,4.826580390234597e-07,2.6331399709756708e-06,7.453978385923459e-09,0.03
195.1921156792849,1.411389144142522,0.004033448908185984,4.826580386028171e-07,2.633139970976973e-06,7.453978379413369e-09,0.03
195.1921156792849,1.4264039222716975,0.004033448908187978,4.826580385476934e-07,2.633139970978275e-06,7.453978378560165e-09,0.03
195.1921156792849,1.4414187004008734,0.00403344890818997,4.826580385424103e-07,2.6331399709795743e-06,7.453978378478517e-09,0.03
195.1921156792849,1.4564334785300492,0.004033448908191964,4.826580385388005e-07,2.6331399709808758e-06,7.453978378422765e-09,0.03
195.1921156792849,1.4714482566592246,0.004033448908193955,4.826580385351906e-07,2.6331399709821755e-06,7.453978378367015e-09,0.03
195.1921156792849,1.4864630347884005,0.0040334489081959475,4.826580385315806e-07,2.633139970983475e-06,7.453978378311261e-09,0.03
195.1921156792849,1.5014778129175763,0.004033448908197938,4.826580385279707e-07,2.6331399709847747e-06,7.45397837825551e-09,0.03
210.20689380846068,0.015014778129175763,0.004002049530191824,0.07541886871712807,2.2209251468877678e-06,0.0009901091287934497,0.03
210.20689380846068,0.030029556258351527,0.004002061131147508,0.0753910044174512,2.2210545120566656e-06,0.000989798406994907,0.03
210.20689380846068,0.04504433438752729,0.004002076685023897,0.07535364560286147,2.221227985817131e-06,0.0009893817408317377,0.03
210.20689380846068,0.06005911251670305,0.004002097311610749,0.0753041026499148,2.2214580837700185e-06,0.0009888290690724774,0.03
210.20689380846068,0.07507389064587881,0.004002124364634644,0.07523912404016289,2.221759950491696e-06,0.0009881040159375784,0.03
210.20689380846068,0.09008866877505459,0.004002159453166684,0.07515484494254517,2.2221516099167046e-06,0.000987163289702487,0.03
210.20689380846068,0.10510344690423035,0.004002204456391842,0.075046751737717,2.2226541470136924e-06,0.0009859562463255217,0.03
210.20689380846068,0.1201182250334061,0.004002261529021577,0.07490966901699972,2.223291792048945e-06,0.0009844246870508427,0.03
210.20689380846068,0.13513300316258187,0.0040023330947558285,0.07473777528584989,2.224091880213298e-06,0.0009825029553764699,0.03
210.20689380846068,0.15014778129175763,0.0040024218256489484,0.07452465252417301,2.225084664243386e-06,0.0009801183871155103,0.03
210.20689380846068,0.16516255942093339,0.004002530606026963,0.0742633728532982,2.226302966041674e-06,0.0009771921471674724,0.03
210.20689380846068,0.18017733755010917,0.0040026624807078925,0.07394662290621386,2.2277816647862304e-06,0.0009736404590267234,0.03
210.20689380846068,0.19519211567928493,0.00400282058860198,0.07356686331208966,2.229557032604871e-06,0.0009693762004268745,0.03
210.20689380846068,0.2102068938084607,0.004003008084173462,0.0731165173383025,2.2316659430258463e-06,0.0009643108045663542,0.03
210.20689380846068,0.22522167193763643,0.004003228050537904,0.0725881796228754,2.234144990231741e-06,0.0009583563755776706,0.03
210.20689380846068,0.2402364500668122,0.004003483408967787,0.07197483353259596,2.2370295667702852e-06,0.0009514279037801079,0.03
210.20689380846068,0.255251228195988,0.004003776830122446,0.07127006438137701,2.2403529523068637e-06,0.0009434454544139402,0.03
210.20689380846068,0.27026600632516373,0.0040041106523046426,0.070468255770901,2.244145465409713e-06,0.0009343362049771286,0.03
210.20689380846068,0.28528078445433946,0.004004486811471266,0.06956475769776617,2.2484337242764613e-06,0.0009240362208954577,0.03
210.20689380846068,0.30029556258351525,0.004004906786666391,0.06855601762052636,2.2532400516264613e-06,0.0009124918849221192,0.03
210.20689380846068,0.31531034071269104,0.004005371563145158,0.06743966903257816,2.25858204524472e-06,0.0008996609286564183,0.03
210.20689380846068,0.33032511884186677,0.0040058816139234244,0.06621457577733707,2.2644723207741666e-06,0.0008855130503373493,0.03
210.20689380846068,0.34533989697104256,0.004006436899010229,0.06488083389444517,2.2709184191845106e-06,0.0008700301371007024,0.03
210.20689380846068,0.36035467510021835,0.004007036880322147,0.06343973579597977,2.277922859437702e-06,0.0008532061384846039,0.03
210.20689380846068,0.3753694532293941,0.004007680549369543,0.06189370376737116,2.2854833082293354e-06,0.000835046658729435,0.03
210.20689380846068,0.39038423135856987,0.004008366464275814,0.060246201050343326,2.293592833697575e-06,0.0008155683473940032,0.03
210.20689380846068,0.4053990094877456,0.004009092792544925,0.05850162912055102,2.3022402085127195e-06,0.0007947981713639054,0.03
210.20689380846068,0.4204137876169214,0.004009857356163166,0.05666521935604498,2.311410229236471e-06,0.0007727726477792332,0.03
210.20689380846068,0.4354285657460972,0.004010657676036461,0.05474292630327141,2.3210840225097037e-06,0.0007495371085992095,0.03
210.20689380846068,0.45044334387527285,0.004011491013321963,0.052741328402415265,2.331239313670315e-06,0.0007251450554055628,0.03
210.20689380846068,0.46545812200444864,0.004012354405838584,0.05066754053272355,2.3418506390984364e-06,0.0006996576493672181,0.03
210.20689380846068,0.4804729001336244,0.00401324469836481,0.04852914123896363,2.3528894893765644e-06,0.0006731433673803274,0.03
210.20689380846068,0.4954876782628002,0.004014158566212891,0.0463341161090074,2.3643243758886756e-06,0.0006456778421016256,0.03
210.20689380846068,0.510502456391976,0.00401509253197743,0.04409081754493402,2.3761208186156357e-06,0.0006173438912604851,0.03
210.20689380846068,0.5255172345211517,0.004016042975795883,0.04180794011767467,2.3882412576471606e-06,0.0005882317301968237,0.03
210.20689380846068,0.5405320126503275,0.004017006139833068,0.039494509796057425,2.4006448954889958e-06,0.0005584393506233353,0.03
210.20689380846068,0.5555467907795033,0.004017978128028838,0.03715988455179878,2.413287481858323e-06,0.0005280730375252312,0.03
210.20689380846068,0.5705615689086789,0.004018954902456364,0.03481376310812816,2.4261210576459067e-06,0.0004972479841398187,0.03
210.20689380846068,0.5855763470378548,0.004019932277939481,0.03246619786664727,2.4390936803854013e-06,0.0004660889513528661,0.03
210.20689380846068,0.6005911251670305,0.004020905916906572,0.03012760726910161,2.4521491601762513e-06,0.0004347309019891186,0.03
210.20689380846068,0.6156059032962063,0.004021871326807164,0.027808782001985614,2.4652268426765696e-06,0.0004033195220451115,0.03
210.20689380846068,0.6306206814253821,0.004022823862801575,0.025520878537688488,2.478261484438041e-06,0.000372011520127429,0.03
210.20689380846068,0.6456354595545578,0.004023758738816517,0.023275392577567763,2.4911832750529366e-06,0.00034097457426100276,0.03
210.20689380846068,0.6606502376837335,0.0040246710504107785,0.021084104133455562,2.5039180694091276e-06,0.0003103867740422578,0.03
210.20689380846068,0.6756650158129094,0.004025555813111177,0.018958985447945453,2.51638790021145e-06,0.0002804353896182484,0.03
210.20689380846068,0.6906797939420851,0.004026408019866626,0.016912062995589318,2.5285118434931086e-06,0.00025131479281852165,0.03
210.20689380846068,0.705694572071261,0.00402722272085079,0.014955225804189712,2.5402073049571253e-06,0.0002232233674929982,0.03
210.20689380846068,0.7207093502004367,0.004027995127848449,0.013099974731192928,2.551391778936612e-06,0.0001963592846655808,0.03
210.20689380846068,0.7357241283296123,0.004028720743692028,0.011357111567159689,2.5619851007838633e-06,0.00017091509251389403,0.03
210.20689380846068,0.7507389064587882,0.004029395514558238,0.009736373234533092,2.5719121648548883e-06,0.00014707118803185728,0.03
210.20689380846068,0.7657536845879639,0.004030015999363459,0.008246024916734677,2.5811060137121627e-06,0.00012498839705652528,0.03
210.20689380846068,0.7807684627171397,0.004030579546242046,0.006892436172900693,2.589511123853504e-06,0.00010480008225042484,0.03
210.20689380846068,0.7957832408463155,0.004031084461668139,0.005679674721530814,2.597086629218189e-06,8.660440052917563e-05,0.03
210.20689380846068,0.8107980189754912,0.004031530154041358,0.004609161561781702,2.603809152321976e-06,7.045750292110712e-05,0.03
210.20689380846068,0.825812797104667,0.004031917231609247,0.003679435769482285,2.609674875190831e-06,5.6368560349027236e-05,0.03
210.20689380846068,0.8408275752338428,0.004032247535608344,0.00288607489446233,2.6147004994741834e-06,4.4297457495003964e-05,0.03
210.20689380846068,0.8558423533630185,0.004032524094270274,0.0022218054312598116,2.61892283138604e-06,3.4155789697276146e-05,0.03
210.20689380846068,0.8708571314921943,0.0040327509919364105,0.0016768171914914919,2.6223968819194057e-06,2.581142602497061e-05,0.03
210.20689380846068,0.8858719096213701,0.004032933158932894,0.0012392680041083662,2.6251925758096815e-06,1.909641401652663e-05,0.03
210.20689380846068,0.9008866877505457,0.004033076099989319,0.0008959360257568186,2.6273903750778224e-06,1.3817491506261736e-05,0.03
210.20689380846068,0.9159014658797215,0.0040331855891122875,0.0006329526279749093,2.629076296063064e-06,9.768055248874371e-06,0.03
210.20689380846068,0.9309162440088973,0.0040332673643485705,0.00043653554749408424,2.630336889073967e-06,6.740219342974416e-06,0.03
210.20689380846068,0.9459310221380731,0.004033326855269133,0.00029364344618186013,2.6312547336598676e-06,4.535635194076535e-06,0.03
210.20689380846068,0.9609458002672489,0.0040333689693508555,0.0001924890039221293,2.631904885315671e-06,2.9740262289884875e-06,0.03
210.20689380846068,0.9759605783964246,0.0040333979524769265,0.00012287398555203255,2.63235252349104e-06,1.898837189957988e-06,0.03
210.20689380846068,0.9909753565256004,0.004033417326297394,7.633969687477261e-05,2.6326518438417963e-06,1.1798948715250976e-06,0.03
210.20689380846068,1.0059901346547762,0.004033429894076392,4.61529416702328e-05,2.6328460569292216e-06,7.134112659508376e-07,0.03
210.20689380846068,1.021004912783952,0.004033437799016989,2.7165930449147452e-05,2.632968233940624e-06,4.199522336936577e-07,0.03
210.20689380846068,1.0360196909131276,0.0040334426157684735,1.559649080146634e-05,2.633042689484227e-06,2.411161659271053e-07,0.03
210.20689380846068,1.0510344690423035,0.004033445456514099,8.77325289861763e-06,2.633086604656595e-06,1.356355264259154e-07,0.03
210.20689380846068,1.0660492471714793,0.004033447076539437,4.882084121209451e-06,2.6331116504967932e-06,7.547746165546289e-08,0.03
210.20689380846068,1.081064025300655,0.004033447968997776,2.738471561262529e-06,2.633125448887342e-06,4.233484657731702e-08,0.03
210.20689380846068,1.0960788034298308,0.004033448443422861,1.5989411742696205e-06,2.633132784421881e-06,2.471548421446743e-08,0.03
210.20689380846068,1.1110935815590066,0.004033448686511242,1.015062720294397e-06,2.633136543231582e-06,1.568712472532538e-08,0.03
210.20689380846068,1.1261083596881822,0.004033448806418008,7.27056561513673e-07,2.6331383974066996e-06,1.1233543986411932e-08,0.03
210.20689380846068,1.1411231378173579,0.004033448863281008,5.904764292250981e-07,2.633139276747152e-06,9.121438018733914e-09,0.03
210.20689380846068,1.1561379159465337,0.004033448889169012,5.282956396707923e-07,2.633139677102822e-06,8.159815305073943e-09,0.03
210.20689380846068,1.1711526940757095,0.00403344890046629,5.011605156126609e-07,2.633139851822402e-06,7.740152571325575e-09,0.03
210.20689380846068,1.1861674722048854,0.004033448905183912,4.898292268051283e-07,2.633139924786472e-06,7.564898593139845e-09,0.03
210.20689380846068,1.201182250334061,0.004033448907065627,4.853096527219618e-07,2.6331399538901315e-06,7.494993958949241e-09,0.03
210.20689380846068,1.2161970284632369,0.004033448907780939,4.835913084344263e-07,2.633139964955782e-06,7.46841497122019e-09,0.03
210.20689380846068,1.2312118065924127,0.004033448908040062,4.829699308683693e-07,2.6331399689577562e-06,7.458803197487357e-09,0.03
210.20689380846068,1.2462265847215883,0.004033448908128437,4.827567375292823e-07,2.633139970330542e-06,7.455505268952244e-09,0.03
210.20689380846068,1.2612413628507642,0.004033448908157167,4.826875240849466e-07,2.633139970776264e-06,7.454434544709223e-09,0.03
210.20689380846068,1.27625614097994,0.004033448908166419,4.82666325884285e-07,2.633139970913077e-06,7.454106596197104e-09,0.03
210.20689380846068,1.2912709191091156,0.004033448908170012,4.826602215978351e-07,2.6331399709530825e-06,7.454012155106983e-09,0.03
210.20689380846068,1.3062856972382915,0.00403344890817202,4.826585751576528e-07,2.63313997096455e-06,7.453986681444303e-09,0.03
210.20689380846068,1.321300475367467,0.004033448908174018,4.826581610126953e-07,2.633139970968409e-06,7.453980273524029e-09,0.03
210.20689380846068,1.336315253496643,0.004033448908176013,4.826580643423324e-07,2.6331399709703073e-06,7.453978777711038e-09,0.03
210.20689380846068,1.3513300316258188,0.004033448908178009,4.826580435239072e-07,2.633139970971738e-06,7.453978455566296e-09,0.03
210.20689380846068,1.3663448097549946,0.004033448908180004,4.826580394164191e-07,2.6331399709730653e-06,7.453978392004095e-09,0.03
210.20689380846068,1.3813595878841702,0.004033448908181996,4.826580386811247e-07,2.6331399709743706e-06,7.453978380625053e-09,0.03
210.20689380846068,1.396374366013346,0.004033448908183992,4.826580385644443e-07,2.6331399709756733e-06,7.45397837881923e-09,0.03
210.20689380846068,1.411389144142522,0.004033448908185984,4.826580385496302e-07,2.6331399709769735e-06,7.45397837859002e-09,0.03
210.20689380846068,1.4264039222716975,0.004033448908187978,4.826580385460203e-07,2.633139970978275e-06,7.45397837853427e-09,0.03
210.20689380846068,1.4414187004008734,0.00403344890818997,4.826580385424103e-07,2.6331399709795743e-06,7.453978378478517e-09,0.03
210.20689380846068,1.4564334785300492,0.004033448908191964,4.826580385388005e-07,2.6331399709808758e-06,7.453978378422765e-09,0.03
210.20689380846068,1.4714482566592246,0.004033448908193955,4.826580385351906e-07,2.6331399709821755e-06,7.453978378367015e-09,0.03
210.20689380846068,1.4864630347884005,0.0040334489081959475,4.826580385315806e-07,2.633139970983475e-06,7.453978378311261e-09,0.03
210.20689380846068,1.5014778129175763,0.004033448908197938,4.826580385279707e-07,2.6331399709847747e-06,7.45397837825551e-09,0.03
225.22167193763642,0.015014778129175763,0.004002187350813843,0.07508783754578398,2.2224631609857753e-06,0.0009864149748414202,0.03
225.22167193763642,0.030029556258351527,0.004002237901461608,0.07496641996284205,2.2230278359192425e-06,0.0009850586823333162,0.03
225.22167193763642,0.04504433438752729,0.004002301040705929,0.07481476580954305,2.2237335370837555e-06,0.000983363658698523,0.03
225.22167193763642,0.06005911251670305,0.004002379068715083,0.07462735030121297,2.2246062644057857e-06,0.0009812674545974058,0.03
225.22167193763642,0.07507389064587881,0.004002474477826748,0.0743981870787287,2.2256743139241003e-06,0.000978702105629909,0.03
225.22167193763642,0.09008866877505459,0.004002589913623174,0.07412092170161798,2.2269678935069513e-06,0.0009755950553430625,0.03
225.22167193763642,0.10510344690423035,0.0040027281238903464,0.07378895424495703,2.2285186120606206e-06,0.0009718703821022387,0.03
225.22167193763642,0.1201182250334061,0.004002891897038198,0.07339558720598954,2.2303588584062077e-06,0.0009674502909676459,0.03
225.22167193763642,0.13513300316258187,0.004003083992586895,0.07293419247026277,2.2325210962360707e-06,0.0009622568071423834,0.03
225.22167193763642,0.15014778129175763,0.004003307067172936,0.07239838903806141,2.2350371099181698e-06,0.0009562135874800426,0.03
225.22167193763642,0.16516255942093339,0.004003563600089721,0.07178222186917319,2.2379372412025096e-06,0.0009492477538459545,0.03
225.22167193763642,0.18017733755010917,0.004003855822553044,0.07108033178130621,2.241249658286115e-06,0.0009412916487577012,0.03
225.22167193763642,0.19519211567928493,0.0040041856546387325,0.07028810691857632,2.2449996959630036e-06,0.0009322844202858776,0.03
225.22167193763642,0.2102068938084607,0.004004554653210788,0.06940180782626072,2.249209299087662e-06,0.0009221733588085146,0.03
225.22167193763642,0.22522167193763643,0.004004963973212936,0.06841866042351614,2.2538965922059036e-06,0.0009109149307211661,0.03
225.22167193763642,0.2402364500668122,0.004005414343583035,0.06733691385595146,2.259075587226151e-06,0.000898475480588166,0.03
225.22167193763642,0.255251228195988,0.004005906057886924,0.06615586299276362,2.264756029782785e-06,0.0008848316001677584,0.03
225.22167193763642,0.27026600632516373,0.00400643897870683,0.06487583788527805,2.270943374754793e-06,0.0008699701872169063,0.03
225.22167193763642,0.28528078445433946,0.004007012553960635,0.0634981645721254,2.277638873203427e-06,0.0008538882366792064,0.03
225.22167193763642,0.30029556258351525,0.0040076258427278084,0.06202510304598303,2.284839747337773e-06,0.0008365924204347811,0.03
225.22167193763642,0.31531034071269104,0.004008277547854801,0.06045976894045928,2.2925394271578895e-06,0.0008180985189076844,0.03
225.22167193763642,0.33032511884186677,0.0040089660525633045,0.05880604559817576,2.3007278219413664e-06,0.0007984307689795023,0.03
225.22167193763642,0.34533989697104256,0.004009689458468985,0.05706849275486141,2.3093916012936343e-06,0.0007776211889332083,0.03
225.22167193763642,0.36035467510021835,0.0040104456227488565,0.05525225726688384,2.3185144634906387e-06,0.0007557089339182706,0.03
225.22167193763642,0.3753694532293941,0.004011232192628246,0.05336299027529707,2.32807737273435e-06,0.0007327397260828847,0.03
225.22167193763642,0.39038423135856987,0.004012046635828044,0.051406774075938404,2.3380587512054488e-06,0.0007087653932806836,0.03
225.22167193763642,0.4053990094877456,0.004012886266068182,0.04939006086036707,2.3484346160430602e-06,0.0006838435400552842,0.03
225.22167193763642,0.4204137876169214,0.004013748263151074,0.04731962447889527,2.3591786553738337e-06,0.00065803736502473,0.03
225.22167193763642,0.4354285657460972,0.004014629687511319,0.0452025254923638,2.3702622411313724e-06,0.0006314156300880603,0.03
225.22167193763642,0.45044334387527285,0.004015527489433435,0.04304608903189076,2.381654379674923e-06,0.0006040527790330169,0.03
225.22167193763642,0.46545812200444864,0.004016438513397825,0.04085789436114008,2.393321604228067e-06,0.0005760291958874959,0.03
225.22167193763642,0.4804729001336244,0.0040173594982348985,0.03864577450420893,2.4052278160870606e-06,0.0005474315863201622,0.03
225.22167193763642,0.4954876782628002,0.00401828707396973,0.03641782382600947,2.4173340846085124e-06,0.0005183534580516508,0.03
225.22167193763642,0.510502456391976,0.004019217756426478,0.034182410990959144,2.429598419392225e-06,0.0004888956680493547,0.03
225.22167193763642,0.5255172345211517,0.004020147940867189,0.031948194242603374,2.441975532050711e-06,0.00045916699473553955,0.03
225.22167193763642,0.5405320126503275,0.004021073896159722,0.029724135412748282,2.45441660965824e-06,0.0004292846821432605,0.03
225.22167193763642,0.5555467907795033,0.00402199176121797,0.02751950846913688,2.4668691274798695e-06,0.0003993748897239665,0.03
225.22167193763642,0.5705615689086789,0.004022897545736716,0.025343897752340843,2.479276734825902e-06,0.00036957296651833166,0.03
225.22167193763642,0.5855763470378548,0.00402378713752061,0.02320718037232714,2.4915792545502715e-06,0.0003400234523648505,0.03
225.22167193763642,0.6005911251670305,0.004024656318969845,0.021119486610635882,2.5037128432071914e-06,0.0003108796932228963,0.03
225.22167193763642,0.6156059032962063,0.004025500795469461,0.019091131734471568,2.515610364154205e-06,0.00028230294502154426,0.03
225.22167193763642,0.6306206814253821,0.0040263162384514975,0.017132512563853,2.527202028397205e-06,0.0002544608344156982,0.03
225.22167193763642,0.6456354595545578,0.004027098345671611,0.01525396269360082,2.5384163556564745e-06,0.00022752505040344567,0.03
225.22167193763642,0.6606502376837335,0.004027842920618903,0.013465561758801842,2.5491814984839642e-06,0.00020166816392837983,0.03
225.22167193763642,0.6756650158129094,0.004028545971844752,0.011776896857559907,2.559426952672357e-06,0.00017705951964524716,0.03
225.22167193763642,0.6906797939420851,0.004029203831238633,0.010196778462375702,2.569085645502087e-06,0.0001538602201511477,0.03
225.22167193763642,0.705694572071261,0.004029813287868527,0.008732918949078683,2.5780963487776307e-06,0.00013221733010199718,0.03
225.22167193763642,0.7207093502004367,0.0040303717310186445,0.007391589033309219,2.586406307787856e-06,0.00011225756169472169,0.03
225.22167193763642,0.7357241283296123,0.004030877292785353,0.0061772752678152625,2.5939739155862014e-06,9.408085129000125e-05,0.03
225.22167193763642,0.7507389064587882,0.004031328977523027,0.0050923691248849065,2.6007712038558395e-06,7.775437657459955e-05,0.03
225.22167193763642,0.7657536845879639,0.0040317267632702675,0.00413692337867192,2.606785880432149e-06,6.330766260389235e-05,0.03
225.22167193763642,0.7807684627171397,0.004032071659842762,0.003308512570940229,2.612022634322271e-06,5.072944724317502e-05,0.03
225.22167193763642,0.7957832408463155,0.004032365710264736,0.0026022295710102414,2.6165034646260837e-06,3.996689110259378e-05,0.03
225.22167193763642,0.8107980189754912,0.00403261192698796,0.0020108387699693366,2.6202668757954473e-06,3.0927510421507446e-05,0.03
225.22167193763642,0.825812797104667,0.004032814161650008,0.0015250889079384516,2.6233659121831994e-06,2.3483897874229473e-05,0.03
225.22167193763642,0.8408275752338428,0.004032976915942694,0.001134167348922325,2.625865160410876e-06,1.74809225854951e-05,0.03
225.22167193763642,0.8558423533630185,0.004033105109844822,0.000826256765256534,2.6278369985685364e-06,1.274473919599133e-05,0.03
225.22167193763642,0.8708571314921943,0.0040332038300925745,0.0005891392873818486,2.629357483143489e-06,9.092667078364412e-06,0.03
225.22167193763642,0.8858719096213701,0.004033278084701228,0.0004107861196001297,2.63050231105111e-06,6.342889175034175e-06,0.03
225.22167193763642,0.9008866877505457,0.004033332587817518,0.00027987430803022687,2.6313432639859464e-06,4.322992357230978e-06,0.03
225.22167193763642,0.9159014658797215,0.004033371593519241,0.0001861859387930687,2.631945443869025e-06,2.876607646532871e-06,0.03
225.22167193763642,0.9309162440088973,0.004033398788787605,0.00012086521064733321,2.6323654665640056e-06,1.8677487654286494e-06,0.03
225.22167193763642,0.9459310221380731,0.004033417246716169,7.653082281548683e-05,2.6326506297857062e-06,1.1828107642719427e-06,0.03
225.22167193763642,0.9609458002672489,0.004033429433047867,4.726027626633142e-05,2.6328389417996247e-06,7.305011052880686e-07,0.03
225.22167193763642,0.9759605783964246,0.004033437253708207,2.847570218780048e-05,2.632959811355711e-06,4.4018251521040026e-07,0.03
225.22167193763642,0.9909753565256004,0.00403344212867995,1.6766424047561227e-05,2.6330351635933976e-06,2.591926913731981e-07,0.03
225.22167193763642,1.0059901346547762,0.004033445078049084,9.682282766049375e-06,2.633080755917155e-06,1.4968369103452167e-07,0.03
225.22167193763642,1.021004912783952,0.004033446808549646,5.525762703679936e-06,2.6331075084628344e-06,8.542627120620767e-08,0.03
225.22167193763642,1.0360196909131276,0.004033447792424644,3.162575562165103e-06,2.633122719512401e-06,4.8890571240404616e-08,0.03
225.22167193763642,1.0510344690423035,0.004033448333992085,1.8617749643070648e-06,2.6331310927736693e-06,2.8778677208812265e-08,0.03
225.22167193763642,1.0660492471714793,0.004033448622331243,1.1692079002844515e-06,2.6331355510482755e-06,1.8070261443252996e-08,0.03
225.22167193763642,1.081064025300655,0.00403344877067167,8.129064711663775e-07,2.633137844779787e-06,1.2560902578882328e-08,0.03
225.22167193763642,1.0960788034298308,0.004033448844335633,6.359718423629814e-07,2.6331389838678385e-06,9.824904145650614e-09,0.03
225.22167193763642,1.1110935815590066,0.004033448879604432,5.512592370644206e-07,2.6331395292633938e-06,8.514907443937979e-09,0.03
225.22167193763642,1.1261083596881822,0.0040334488958647,5.122034496735405e-07,2.6331397807227556e-06,7.910921947262515e-09,0.03
225.22167193763642,1.1411231378173579,0.0040334489030738295,4.948875529844195e-07,2.6331398922153307e-06,7.64312543863092e-09,0.03
225.22167193763642,1.1561379159465337,0.004033448906142841,4.875153021572765e-07,2.633139939685199e-06,7.529106041143914e-09,0.03
225.22167193763642,1.1711526940757095,0.004033448907395725,4.845059574466492e-07,2.6331399590632522e-06,7.482561450851672e-09,0.03
225.22167193763642,1.1861674722048854,0.004033448907885017,4.833301849440117e-07,2.633139966634576e-06,7.464375369092481e-09,0.03
225.22167193763642,1.201182250334061,0.004033448908066942,4.828912994808792e-07,2.633139969460409e-06,7.457586685977453e-09,0.03
225.22167193763642,1.2161970284632369,0.004033448908132232,4.827351005754057e-07,2.6331399704665163e-06,7.45517049774361e-09,0.03
225.22167193763642,1.2312118065924127,0.00403344890815465,4.826822145731971e-07,2.6331399708073835e-06,7.454352387379965e-09,0.03
225.22167193763642,1.2462265847215883,0.004033448908162432,4.826652212491467e-07,2.633139970917292e-06,7.454089501166631e-09,0.03
225.22167193763642,1.2612413628507642,0.004033448908166024,4.826600533301409e-07,2.6331399709515193e-06,7.454009550253766e-09,0.03
225.22167193763642,1.27625614097994,0.0040334489081680315,4.826585703198339e-07,2.633139970961977e-06,7.45398660620294e-09,0.03
225.22167193763642,1.2912709191091156,0.004033448908170028,4.826581701017385e-07,2.63313997096575e-06,7.453980414062595e-09,0.03
225.22167193763642,1.3062856972382915,0.004033448908172023,4.826580689170366e-07,2.6331399709676756e-06,7.453978848476258e-09,0.03
225.22167193763642,1.321300475367467,0.004033448908174019,4.826580450554417e-07,2.6331399709691253e-06,7.453978479260928e-09,0.03
225.22167193763642,1.336315253496643,0.004033448908176015,4.826580398337989e-07,2.6331399709704594e-06,7.453978398461985e-09,0.03
225.22167193763642,1.3513300316258188,0.004033448908178009,4.826580387807763e-07,2.6331399709717676e-06,7.453978382166937e-09,0.03
225.22167193763642,1.3663448097549946,0.004033448908180004,4.826580385877047e-07,2.633139970973071e-06,7.453978379179065e-09,0.03
225.22167193763642,1.3813595878841702,0.004033448908181996,4.8265803855685e-07,2.6331399709743714e-06,7.453978378701523e-09,0.03
225.22167193763642,1.396374366013346,0.004033448908183992,4.826580385532401e-07,2.6331399709756733e-06,7.453978378645771e-09,0.03
225.22167193763642,1.411389144142522,0.004033448908185984,4.826580385496302e-07,2.6331399709769735e-06,7.45397837859002e-09,0.03
225.22167193763642,1.4264039222716975,0.004033448908187978,4.826580385460203e-07,2.633139970978275e-06,7.45397837853427e-09,0.03
225.22167193763642,1.4414187004008734,0.00403344890818997,4.826580385424103e-07,2.6331399709795743e-06,7.453978378478517e-09,0.03
225.22167193763642,1.4564334785300492,0.004033448908191964,4.826580385388005e-07,2.6331399709808758e-06,7.453978378422765e-09,0.03
225.22167193763642,1.4714482566592246,0.004033448908193955,4.826580385351906e-07,2.6331399709821755e-06,7.453978378367015e-09,0.03
225.22167193763642,1.4864630347884005,0.0040334489081959475,4.826580385315806e-07,2.633139970983475e-06,7.453978378311261e-09,0.03
225.22167193763642,1.5014778129175763,0.004033448908197938,4.826580385279707e-07,2.6331399709847747e-06,7.45397837825551e-09,0.03
240.2364500668122,0.015014778129175763,0.00400264758762602,0.07398239425977106,2.227614890522269e-06,0.0009740410304597964,0.03
240.2364500668122,0.030029556258351527,0.004002791128136819,0.07363762403090215,2.229226392548632e-06,0.0009701703607243836,0.03
240.2364500668122,0.04504433438752729,0.004002959473051889,0.07323327599940622,2.231119245271392e-06,0.0009656239136041619,0.03
240.2364500668122,0.06005911251670305,0.004003155037241131,0.07276354986811535,2.233322045510496e-06,0.0009603330021631951,0.03
240.2364500668122,0.07507389064587881,0.004003380113794507,0.07222293784213346,2.235862454185415e-06,0.0009542311873921345,0.03
240.2364500668122,0.09008866877505459,0.004003636813018889,0.07160637115307988,2.238766567464358e-06,0.00094725578865086,0.03
240.2364500668122,0.10510344690423035,0.004003927006155266,0.0709093552452395,2.2420583312806388e-06,0.0009393492899479656,0.03
240.2364500668122,0.1201182250334061,0.004004252276727141,0.07012808663138216,2.2457590277879696e-06,0.0009304605734297778,0.03
240.2364500668122,0.13513300316258187,0.00400461388182357,0.06925954588993127,2.249886856150674e-06,0.0009205459262880321,0.03
240.2364500668122,0.15014778129175763,0.004005012724818163,0.0683015631898851,2.254456622148148e-06,0.0009095697863037013,0.03
240.2364500668122,0.16516255942093339,0.004005449340145716,0.06725285485764927,2.2594795424056422e-06,0.0008975052120707792,0.03
240.2364500668122,0.18017733755010917,0.004005923889880728,0.06611303159347817,2.2649631606207812e-06,0.0008843340842145396,0.03
240.2364500668122,0.19519211567928493,0.004006436171101235,0.06488258078662376,2.270911365797234e-06,0.0008700470615999227,0.03
240.2364500668122,0.2102068938084607,0.0040069856324197045,0.06356282680887282,2.277324496806574e-06,0.0008546433301852289,0.03
240.2364500668122,0.22522167193763643,0.0040075713976783015,0.06215587410060887,2.284199513891248e-06,0.0008381301910892939,0.03
240.2364500668122,0.2402364500668122,0.004008192294627036,0.060664538290367734,2.2915302160013658e-06,0.0008205225385705162,0.03
240.2364500668122,0.255251228195988,0.004008846886413716,0.05909227055687204,2.299307482917405e-06,0.0008018422784696853,0.03
240.2364500668122,0.27026600632516373,0.004009533503886216,0.05744308004242808,2.307519522592399e-06,0.000782117734117007,0.03
240.2364500668122,0.28528078445433946,0.004010250276978048,0.05572145846819417,2.3161521066161314e-06,0.0007613830807685685,0.03
240.2364500668122,0.30029556258351525,0.004010995163784175,0.0539323102963136,2.325188779745637e-06,0.0007396778423322767,0.03
240.2364500668122,0.31531034071269104,0.004011765976291642,0.05208089092815894,2.334611032698856e-06,0.000717046476332837,0.03
240.2364500668122,0.33032511884186677,0.00401256040207257,0.05017275459751298,2.344398430594379e-06,0.000693538065408766,0.03
240.2364500668122,0.34533989697104256,0.004013376021566227,0.048213712862504324,2.3545286923734157e-06,0.0006692061265478996,0.03
240.2364500668122,0.36035467510021835,0.004014210320842886,0.04620980394690264,2.364977719169656e-06,0.000644108542943617,0.03
240.2364500668122,0.3753694532293941,0.0040150606999744655,0.044167272635938774,2.375719571912657e-06,0.0006183076177889192,0.03
240.2364500668122,0.39038423135856987,0.004015924477318208,0.042092559984364245,2.386726400514516e-06,0.000591870244360565,0.03
240.2364500668122,0.4053990094877456,0.004016798890180208,0.039992301724798646,2.3979683289219996e-06,0.000564868182113419,0.03
240.2364500668122,0.4204137876169214,0.0040176810924512215,0.037873333945865256,2.4094133022446184e-06,0.0005373784238636028,0.03
240.2364500668122,0.4354285657460972,0.004018568149934813,0.03574270431337642,2.42102690426435e-06,0.0005094836341125943,0.03
240.2364500668122,0.45044334387527285,0.00401945703421249,0.03360768680552904,2.432772156043584e-06,0.00048127263277199814,0.03
240.2364500668122,0.46545812200444864,0.004020344616029322,0.03147579760026904,2.4446093092203387e-06,0.00045284089164964456,0.03
240.2364500668122,0.4804729001336244,0.00402122765934179,0.029354809371591902,2.456495651019979e-06,0.0004242910027939814,0.03
240.2364500668122,0.4954876782628002,0.0040221028173528075,0.02725276081348824,2.4683853420663374e-06,0.00039573306805834005,0.03
240.2364500668122,0.510502456391976,0.00402296663206101,0.025177957722367472,2.4802293126816303e-06,0.00036728494818091025,0.03
240.2364500668122,0.5255172345211517,0.0040238155390652924,0.02313896145754781,2.4919752483195944e-06,0.0003390722977762327,0.03
240.2364500668122,0.5405320126503275,0.004024645879564041,0.02114456011901788,2.5035676996542867e-06,0.00031122830091516815,0.03
240.2364500668122,0.5555467907795033,0.004025453921642439,0.0192037174201243,2.514948356954953e-06,0.00028389301210844463,0.03
240.2364500668122,0.5705615689086789,0.004026235892982586,0.017325494118980447,2.5260565306706425e-06,0.00025721220199150153,0.03
240.2364500668122,0.5855763470378548,0.004026988027011042,0.01551893717723849,2.53682987924806e-06,0.00023133560918058588,0.03
240.2364500668122,0.6005911251670305,0.004027706624106911,0.013792932745582501,2.547205419393535e-06,0.00020641451372527367,0.03
240.2364500668122,0.6156059032962063,0.004028388128752144,0.012156020854252613,2.5571208414274905e-06,0.00018259857775512143,0.03
240.2364500668122,0.6306206814253821,0.004029029222334643,0.010616172510827276,2.566516131418169e-06,0.00016003194927277672,0.03
240.2364500668122,0.6456354595545578,0.004029626929653681,0.009180533882505228,2.5753354714918887e-06,0.00013884869778894832,0.03
240.2364500668122,0.6606502376837335,0.004030178735078764,0.00785514729473487,2.583529350639782e-06,0.00011916774436370668,0.03
240.2364500668122,0.6756650158129094,0.004030682701897711,0.006644664567317479,2.5910567731983415e-06,0.00010108755703928663,0.03
240.2364500668122,0.6906797939420851,0.004031137585966659,0.005552074038301473,2.5978874065148486e-06,8.46809923416669e-05,0.03
240.2364500668122,0.705694572071261,0.004031542932768178,0.004578467436956156,2.604003471464656e-06,6.999075442114379e-05,0.03
240.2364500668122,0.7207093502004367,0.004031899145959863,0.00372287523711191,2.609401159766458e-06,5.7025990777438794e-05,0.03
240.2364500668122,0.7357241283296123,0.0040322075159955765,0.002982197909621377,2.6140913706123255e-06,4.576052292194922e-05,0.03
240.2364500668122,0.7507389064587882,0.004032470199850122,0.002351254620581537,2.6180996030319716e-06,3.613310488645077e-05,0.03
240.2364500668122,0.7657536845879639,0.004032690147332991,0.0018229602181258312,2.621464920206591e-06,2.8049910823447157e-05,0.03
240.2364500668122,0.7807684627171397,0.004032870975536873,0.0013886267930248706,2.6242380094101926e-06,2.1389194827397414e-05,0.03
240.2364500668122,0.7957832408463155,0.004033016799721364,0.0010383698812039442,2.626478479325018e-06,1.6007782520379194e-05,0.03
240.2364500668122,0.8107980189754912,0.004033132035094048,0.0007615845667743468,2.628251642318455e-06,1.1748799718943297e-05,0.03
240.2364500668122,0.825812797104667,0.004033221188199754,0.0005474465447534997,2.6296251000616096e-06,8.449873463658435e-06,0.03
240.2364500668122,0.8408275752338428,0.0040332886579537205,0.0003853900225038999,2.630665470487673e-06,5.950993572365814e-06,0.03
240.2364500668122,0.8558423533630185,0.004033338564406368,0.0002655190115384313,2.631435558261122e-06,4.101308926329822e-06,0.03
240.2364500668122,0.8708571314921943,0.004033374618553459,0.0001789200324864023,2.6319921887053887e-06,2.7643301937320682e-06,0.03
240.2364500668122,0.8858719096213701,0.004033400039996219,0.00011785988896249424,2.6323848159876625e-06,1.8212728595873908e-06,0.03
240.2364500668122,0.9008866877505457,0.004033417522435045,7.586855002818008e-05,2.6326549041477083e-06,1.1725439541863386e-06,0.03
240.2364500668122,0.9159014658797215,0.004033429241175598,4.772112187875023e-05,2.6328359857169524e-06,7.376012684288468e-07,0.03
240.2364500668122,0.9309162440088973,0.0040334368929436605,2.9342215539858413e-05,2.632954241083229e-06,4.5356178120697853e-07,0.03
240.2364500668122,0.9459310221380731,0.004033441756668902,1.765995251878317e-05,2.6330294167066673e-06,2.729961958698931e-07,0.03
240.2364500668122,0.9609458002672489,0.004033444764282036,1.0435914951060846e-05,2.633075907559131e-06,1.613290206909646e-07,0.03
240.2364500668122,0.9759605783964246,0.004033446572416472,6.092925283172933e-06,2.633103859130619e-06,9.41916501682498e-08,0.03
240.2364500668122,0.9909753565256004,0.004033447628485904,3.556333463551717e-06,2.6331201856309e-06,5.497673546215854e-08,0.03
240.2364500668122,1.0059901346547762,0.004033448227294936,2.11804319138928e-06,2.633129443501465e-06,3.2740085612867206e-08,0.03
240.2364500668122,1.021004912783952,0.004033448556662556,1.3269292699807783e-06,2.6331345359165628e-06,2.0508517980357737e-08,0.03
240.2364500668122,1.0360196909131276,0.00403344873225693,9.051656875209695e-07,2.633137250935948e-06,1.3987260500415466e-08,0.03
240.2364500668122,1.0510344690423035,0.004033448822912586,6.874177640632354e-07,2.6331386527044763e-06,1.062032482771134e-08,0.03
240.2364500668122,1.0660492471714793,0.004033448868194481,5.786537825341649e-07,2.6331393529097755e-06,8.938487300146125e-09,0.03
240.2364500668122,1.081064025300655,0.004033448890055031,5.261458449854588e-07,2.633139690961344e-06,8.1265138729293e-09,0.03
240.2364500668122,1.0960788034298308,0.004033448900244061,5.016718436750011e-07,2.6331398485338065e-06,7.748036773923303e-09,0.03
240.2364500668122,1.1110935815590066,0.004033448904823809,4.906710958012887e-07,2.633139919363407e-06,7.57790927793101e-09,0.03
240.2364500668122,1.1261083596881822,0.004033448906806698,4.859085851574688e-07,2.6331399500287543e-06,7.504253663945704e-09,0.03
240.2364500668122,1.1411231378173579,0.004033448907632555,4.839253975195873e-07,2.63313996279892e-06,7.473581018517282e-09,0.03
240.2364500668122,1.1561379159465337,0.004033448907962566,4.831322079182784e-07,2.633139967906447e-06,7.461312788345816e-09,0.03
240.2364500668122,1.1711526940757095,0.004033448908089084,4.828279827610281e-07,2.6331399698654626e-06,7.456607161881473e-09,0.03
240.2364500668122,1.1861674722048854,0.004033448908135254,4.827162759522916e-07,2.6331399705846253e-06,7.454879258955486e-09,0.03
240.2364500668122,1.201182250334061,0.004033448908152029,4.826770813264698e-07,2.6331399708373435e-06,7.454272964584273e-09,0.03
240.2364500668122,1.2161970284632369,0.004033448908158927,4.826639666615449e-07,2.633139970922746e-06,7.454070088207296e-09,0.03
240.2364500668122,1.2312118065924127,0.0040334489081620415,4.826597911678463e-07,2.6331399709505376e-06,7.454005493143384e-09,0.03
240.2364500668122,1.2462265847215883,0.004033448908164047,4.826585292933852e-07,2.6331399709596305e-06,7.453985971120392e-09,0.03
240.2364500668122,1.2612413628507642,0.004033448908166041,4.826581682952301e-07,2.633139970963159e-06,7.453980386022686e-09,0.03
240.2364500668122,1.27625614097994,0.004033448908168036,4.826580708276234e-07,2.6331399709650617e-06,7.453978878016302e-09,0.03
240.2364500668122,1.2912709191091156,0.00403344890817003,4.826580460763432e-07,2.633139970966516e-06,7.453978495052581e-09,0.03
240.2364500668122,1.3062856972382915,0.004033448908172023,4.826580401880809e-07,2.6331399709678526e-06,7.453978403942933e-09,0.03
240.2364500668122,1.321300475367467,0.004033448908174019,4.826580388826866e-07,2.633139970969164e-06,7.453978383743601e-09,0.03
240.2364500668122,1.336315253496643,0.004033448908176015,4.826580386157575e-07,2.633139970970467e-06,7.453978379612959e-09,0.03
240.2364500668122,1.3513300316258188,0.004033448908178009,4.826580385674567e-07,2.6331399709717685e-06,7.453978378865456e-09,0.03
240.2364500668122,1.3663448097549946,0.004033448908180004,4.826580385604599e-07,2.633139970973071e-06,7.453978378757274e-09,0.03
240.2364500668122,1.3813595878841702,0.004033448908181996,4.8265803855685e-07,2.6331399709743714e-06,7.453978378701523e-09,0.03
240.2364500668122,1.396374366013346,0.004033448908183992,4.826580385532401e-07,2.6331399709756733e-06,7.453978378645771e-09,0.03
240.2364500668122,1.411389144142522,0.004033448908185984,4.826580385496302e-07,2.6331399709769735e-06,7.45397837859002e-09,0.03
240.2364500668122,1.4264039222716975,0.004033448908187978,4.826580385460203e-07,2.633139970978275e-06,7.45397837853427e-09,0.03
240.2364500668122,1.4414187004008734,0.00403344890818997,4.826580385424103e-07,2.6331399709795743e-06,7.453978378478517e-09,0.03
240.2364500668122,1.4564334785300492,0.004033448908191964,4.826580385388005e-07,2.6331399709808758e-06,7.453978378422765e-09,0.03
240.2364500668122,1.4714482566592246,0.004033448908193955,4.826580385351906e-07,2.6331399709821755e-06,7.453978378367015e-09,0.03
240.2364500668122,1.4864630347884005,0.0040334489081959475,4.826580385315806e-07,2.633139970983475e-06,7.453978378311261e-09,0.03
240.2364500668122,1.5014778129175763,0.004033448908197938,4.826580385279707e-07,2.6331399709847747e-06,7.45397837825551e-09,0.03
255.25122819598798,0.015014778129175763,0.004003703685197961,0.07144575030978569,2.239524600807917e-06,0.000945435062204398,0.03
255.25122819598798,0.030029556258351527,0.004003991229645755,0.07075509623807262,2.2427884337470778e-06,0.0009375956501056611,0.03
255.25122819598798,0.04504433438752729,0.00400431155466342,0.0699857063111184,2.2464350894931844e-06,0.000928836733620728,0.03
255.25122819598798,0.06005911251670305,0.004004665678437395,0.06913513493071262,2.250479740750562e-06,0.0009191218692293642,0.03
255.25122819598798,0.07507389064587881,0.004005054307369756,0.06820168537549283,2.254934545208148e-06,0.0009084218551945228,0.03
255.25122819598798,0.09008866877505459,0.004005477827018593,0.06718443156022752,2.25980851815611e-06,0.0008967150375274787,0.03
255.25122819598798,0.10510344690423035,0.004005936302548955,0.06608321695486415,2.2651074959081844e-06,0.0008839873978476483,0.03
255.25122819598798,0.1201182250334061,0.004006429487701883,0.06489863304183666,2.270834180358941e-06,0.0008702324463622389,0.03
255.25122819598798,0.13513300316258187,0.004006956840877695,0.06363198068522996,2.2769882510401377e-06,0.0008554509527187281,0.03
255.25122819598798,0.15014778129175763,0.0040075175466747015,0.06228521839600462,2.2835665286033455e-06,0.0008396505533353817,0.03
255.25122819598798,0.16516255942093339,0.004008110541129332,0.06086090170968366,2.290563172706756e-06,0.0008228452760973088,0.03
255.25122819598798,0.18017733755010917,0.004008734538940993,0.05936211779286462,2.297969897623533e-06,0.0008050550224842719,0.03
255.25122819598798,0.19519211567928493,0.004009388061120773,0.05779241903454515,2.3057761902397733e-06,0.000786305043960092,0.03
255.25122819598798,0.2102068938084607,0.004010069461722883,0.05615575884038252,2.3139695171386983e-06,0.00076662544457549,0.03
255.25122819598798,0.22522167193763643,0.004010776952582441,0.05445643221315059,2.3225355098754257e-06,0.0007460507359535036,0.03
255.25122819598798,0.2402364500668122,0.0040115086252613934,0.05269902304095219,2.3314581200689736e-06,0.0007246194647720683,0.03
255.25122819598798,0.255251228195988,0.004012262469666259,0.050888359379362216,2.340719738375695e-06,0.0007023739269999208,0.03
255.25122819598798,0.27026600632516373,0.0040130363890408605,0.04902947744034104,2.3503012736397924e-06,0.0006793599777833265,0.03
255.25122819598798,0.28528078445433946,0.004013828211242219,0.04712759450817549,2.360182190479923e-06,0.0006556269411651803,0.03
255.25122819598798,0.30029556258351525,0.004014635696377983,0.045188090595039546,2.3703405052655934e-06,0.0006312276197482383,0.03
255.25122819598798,0.31531034071269104,0.00401545654102027,0.04321649831960106,2.3807527419033786e-06,0.0006062184008914369,0.03
255.25122819598798,0.33032511884186677,0.0040162883793215115,0.04121850022694828,2.3913938501685833e-06,0.0005806594528688313,0.03
255.25122819598798,0.34533989697104256,0.004017128781448973,0.03919993254853213,2.4022370905768935e-06,0.0005546150013963508,0.03
255.25122819598798,0.36035467510021835,0.0040179752498362776,0.037166794205604224,2.4132538911050333e-06,0.0005281536737749051,0.03
255.25122819598798,0.3753694532293941,0.004018825213829702,0.03512525966821265,2.42441368255051e-06,0.0005013488943405866,0.03
255.25122819598798,0.39038423135856987,0.0040196760233935196,0.033081694074754066,2.4356837210795838e-06,0.0004742793106881376,0.03
255.25122819598798,0.4053990094877456,0.004020524942637356,0.031042668778240825,2.4470289086448503e-06,0.00044702922501124406,0.03
255.25122819598798,0.4204137876169214,0.004021369144046718,0.029014975203619595,2.4584116245305915e-06,0.00041968899871536137,0.03
255.25122819598798,0.4354285657460972,0.004022205704435519,0.027005634571416887,2.469791584329877e-06,0.00039235539114395305,0.03
255.25122819598798,0.45044334387527285,0.004023031603789949,0.025021900672603244,2.48112574612466e-06,0.00036513178492559315,0.03
255.25122819598798,0.46545812200444864,0.004023843728342061,0.023071252487365943,2.492368287390053e-06,0.0003381282414508,0.03
255.25122819598798,0.4804729001336244,0.004024638879362641,0.02116137306458541,2.50347067987167e-06,0.0003114613210260652,0.03
255.25122819598798,0.4954876782628002,0.004025413789291616,0.01930011078048847,2.5143818929234493e-06,0.00028525359448046666,0.03
255.25122819598798,0.510502456391976,0.004026165146873605,0.017495418963326934,2.5250487578216225e-06,0.00025963276812054567,0.03
255.25122819598798,0.5255172345211517,0.004026889632908511,0.015755270024645527,2.5354165254446313e-06,0.00023473034424051456,0.03
255.25122819598798,0.5405320126503275,0.004027583967979756,0.014087540822025242,2.5454296462311896e-06,0.00021067974774196028,0.03
255.25122819598798,0.5555467907795033,0.004028244973033116,0.012499867153077847,2.555032793191323e-06,0.00018761386896119916,0.03
255.25122819598798,0.5705615689086789,0.004028869642884903,0.010999467196465586,2.564172134699029e-06,0.0001656620065453805,0.03
255.25122819598798,0.5855763470378548,0.004029455231587382,0.009592936473859288,2.5727968429789057e-06,0.0001449462442132149,0.03
255.25122819598798,0.6005911251670305,0.004029999347079795,0.0082860205035501,2.5808607966071424e-06,0.00012557736150620852,0.03
255.25122819598798,0.6156059032962063,0.004030500050786242,0.007083375578709676,2.5883244023438273e-06,0.00010765045791879563,0.03
255.25122819598798,0.6306206814253821,0.00403095595592805,0.005988332628999301,2.5951564263678366e-06,9.124055443837069e-05,0.03
255.25122819598798,0.6456354595545578,0.0040313663166056165,0.0050026832528972396,2.6013356927288412e-06,7.639851401357012e-05,0.03
255.25122819598798,0.6606502376837335,0.004031731098519595,0.004126509853341704,2.606852484464025e-06,6.31476761921568e-05,0.03
255.25122819598798,0.6756650158129094,0.004032051021959209,0.003358082380906935,2.6117094779335594e-06,5.148161291785823e-05,0.03
255.25122819598798,0.6906797939420851,0.004032327568763336,0.002693841613889061,2.61592205998356e-06,4.136336671764556e-05,0.03
255.25122819598798,0.705694572071261,0.004032562947531104,0.0021284827186668735,2.6195179236464877e-06,3.2726421773870635e-05,0.03
255.25122819598798,0.7207093502004367,0.0040327600153439455,0.001655143264054605,2.6225359089524594e-06,2.5477488170100298e-05,0.03
255.25122819598798,0.7357241283296123,0.004032922159203989,0.0012656879942851125,2.6250241423548975e-06,1.950097080404169e-05,0.03
255.25122819598798,0.7507389064587882,0.0040330531455110485,0.0009510703718001934,2.6270376170067674e-06,1.4664781331354885e-05,0.03
255.25122819598798,0.7657536845879639,0.004033156950228914,0.000701740501858669,2.628635429706896e-06,1.0826974761649106e-05,0.03
255.25122819598798,0.7807684627171397,0.004033237585021708,0.0005080627368796431,2.6298779334452178e-06,7.84258878429999e-06,0.03
255.25122819598798,0.7957832408463155,0.00403329893497044,0.00036070546627930744,2.6308240678065685e-06,5.570055899979038e-06,0.03
255.25122819598798,0.8107980189754912,0.004033344621416335,0.00025097055640340213,2.631529092622151e-06,3.876646993971497e-06,0.03
255.25122819598798,0.825812797104667,0.004033377899463545,0.00017103953802594826,2.632042881809667e-06,2.6425693876887614e-06,0.03
255.25122819598798,0.8408275752338428,0.0040334015945878285,0.00011412586955058888,2.6324088494061716e-06,1.7635464247611972e-06,0.03
255.25122819598798,0.8558423533630185,0.004033418077648911,7.453495540096719e-05,2.6326634955232085e-06,1.1519080577423433e-06,0.03
255.25122819598798,0.8708571314921943,0.0040334292733359344,4.764385996434063e-05,2.6328364910895156e-06,7.363873133789677e-07,0.03
255.25122819598798,0.8858719096213701,0.00403343669427422,2.9819389421111897e-05,2.6329511759014735e-06,4.6092403023436156e-07,0.03
255.25122819598798,0.9008866877505457,0.004033441491872196,1.8295959855924872e-05,2.633025327093158e-06,2.8281906679275903e-07,0.03
255.25122819598798,0.9159014658797215,0.004033444515333144,1.1033857918455647e-05,2.6330720613175654e-06,1.7056734740509553e-07,0.03
255.25122819598798,0.9309162440088973,0.0040334463716499855,6.575138323084148e-06,2.6331007566940067e-06,1.0164342843832761e-07,0.03
255.25122819598798,0.9459310221380731,0.004033447481358945,3.909708834598749e-06,2.6331179117954543e-06,6.043828784669017e-08,0.03
255.25122819598798,0.9609458002672489,0.004033448126871686,2.359239879052584e-06,2.633127891334146e-06,3.64682536923303e-08,0.03
255.25122819598798,0.9759605783964246,0.004033448492007627,1.4822132030653682e-06,2.6331335365378536e-06,2.290893484214287e-08,0.03
255.25122819598798,0.9909753565256004,0.004033448692711757,1.000137996679775e-06,2.6331366396671594e-06,1.5455469963773108e-08,0.03
255.25122819598798,1.0059901346547762,0.0040334487998366095,7.428325164443966e-07,2.633138296015525e-06,1.147705478526824e-08,0.03
255.25122819598798,1.021004912783952,0.004033448855313978,6.095800334588861e-07,2.6331391538334206e-06,9.416644927138967e-09,0.03
255.25122819598798,1.0360196909131276,0.004033448883166887,5.426792176717866e-07,2.633139584526676e-06,8.382153928227538e-09,0.03
255.25122819598798,1.0510344690423035,0.0040334488967115265,5.101456829095868e-07,2.633139793978698e-06,7.879066582217781e-09,0.03
255.25122819598798,1.0660492471714793,0.00403344890308531,4.94836120901206e-07,2.633139892545954e-06,7.642315678865323e-09,0.03
255.25122819598798,1.081064025300655,0.004033448905984972,4.878716903131082e-07,2.6331399373867436e-06,7.534611846900088e-09,0.03
255.25122819598798,1.0960788034298308,0.004033448907258848,4.848123446834248e-07,2.633139957085295e-06,7.487297735516621e-09,0.03
255.25122819598798,1.1110935815590066,0.004033448907799372,4.835161017868961e-07,2.6331399654323873e-06,7.467250011069713e-09,0.03
255.25122819598798,1.1261083596881822,0.00403344890802004,4.829870275541102e-07,2.6331399688394943e-06,7.459067025044844e-09,0.03
255.25122819598798,1.1411231378173579,0.004033448908106583,4.827792802995824e-07,2.6331399701773185e-06,7.455853757036309e-09,0.03
255.25122819598798,1.1561379159465337,0.0040334489081385975,4.827009170408641e-07,2.633139970681559e-06,7.454641651152766e-09,0.03
255.25122819598798,1.1711526940757095,0.004033448908150871,4.826725661464577e-07,2.6331399708644447e-06,7.454203109138255e-09,0.03
255.25122819598798,1.1861674722048854,0.004033448908156042,4.826627450766609e-07,2.633139970928402e-06,7.45405118752308e-09,0.03
255.25122819598798,1.201182250334061,0.004033448908158056,4.826594935767818e-07,2.6331399709497727e-06,7.454000888355208e-09,0.03
255.25122819598798,1.2161970284632369,0.00403344890816006,4.826584668330767e-07,2.6331399709574142e-06,7.453985004520723e-09,0.03
255.25122819598798,1.2312118065924127,0.004033448908162056,4.82658158281352e-07,2.6331399709606203e-06,7.453980231014539e-09,0.03
255.25122819598798,1.2462265847215883,0.004033448908164051,4.826580702547467e-07,2.6331399709624647e-06,7.453978869132027e-09,0.03
255.25122819598798,1.2612413628507642,0.004033448908166043,4.826580464794796e-07,2.633139970963911e-06,7.453978501284979e-09,0.03
255.25122819598798,1.27625614097994,0.004033448908168037,4.826580404193891e-07,2.6331399709652497e-06,7.453978407520718e-09,0.03
255.25122819598798,1.2912709191091156,0.00403344890817003,4.826580389677904e-07,2.63313997096656e-06,7.45397838506008e-09,0.03
255.25122819598798,1.3062856972382915,0.004033448908172023,4.826580386436804e-07,2.6331399709678624e-06,7.453978380044855e-09,0.03
255.25122819598798,1.321300475367467,0.004033448908174019,4.826580385779989e-07,2.633139970969165e-06,7.4539783790284e-09,0.03
255.25122819598798,1.336315253496643,0.004033448908176015,4.826580385676798e-07,2.633139970970467e-06,7.453978378868778e-09,0.03
255.25122819598798,1.3513300316258188,0.004033448908178009,4.826580385640698e-07,2.6331399709717685e-06,7.453978378813026e-09,0.03
255.25122819598798,1.3663448097549946,0.004033448908180004,4.826580385604599e-07,2.633139970973071e-06,7.453978378757274e-09,0.03
255.25122819598798,1.3813595878841702,0.004033448908181996,4.8265803855685e-07,2.6331399709743714e-06,7.453978378701523e-09,0.03
255.25122819598798,1.396374366013346,0.004033448908183992,4.826580385532401e-07,2.6331399709756733e-06,7.453978378645771e-09,0.03
255.25122819598798,1.411389144142522,0.004033448908185984,4.826580385496302e-07,2.6331399709769735e-06,7.45397837859002e-09,0.03
255.25122819598798,1.4264039222716975,0.004033448908187978,4.826580385460203e-07,2.633139970978275e-06,7.45397837853427e-09,0.03
255.25122819598798,1.4414187004008734,0.00403344890818997,4.826580385424103e-07,2.6331399709795743e-06,7.453978378478517e-09,0.03
255.25122819598798,1.4564334785300492,0.004033448908191964,4.826580385388005e-07,2.6331399709808758e-06,7.453978378422765e-09,0.03
255.25122819598798,1.4714482566592246,0.004033448908193955,4.826580385351906e-07,2.6331399709821755e-06,7.453978378367015e-09,0.03
255.25122819598798,1.4864630347884005,0.0040334489081959475,4.826580385315806e-07,2.633139970983475e-06,7.453978378311261e-09,0.03
255.25122819598798,1.5014778129175763,0.004033448908197938,4.826580385279707e-07,2.6331399709847747e-06,7.45397837825551e-09,0.03
270.2660063251637,0.015014778129175763,0.004005500836801517,0.06712916375420482,2.2600743672211083e-06,0.0008960764877455515,0.03
270.2660063251637,0.030029556258351527,0.004005944246487001,0.06606413583214762,2.2652000313913734e-06,0.000883765130255435,0.03
270.2660063251637,0.04504433438752729,0.0040064197192549375,0.06492209534658838,2.270721038546005e-06,0.000870504195586918,0.03
270.2660063251637,0.06005911251670305,0.004006926728787164,0.06370430645799147,2.2766365910799872e-06,0.0008562955994385705,0.03
270.2660063251637,0.07507389064587881,0.004007464515980497,0.06241259245524268,2.2829434525717776e-06,0.000841147115325523,0.03
270.2660063251637,0.09008866877505459,0.004008032111200003,0.061049282305922575,2.2896361271199114e-06,0.00082507194383034,0.03
270.2660063251637,0.10510344690423035,0.004008628357936512,0.05961715383289646,2.2967070513755835e-06,0.0008080882513584864,0.03
270.2660063251637,0.1201182250334061,0.004009251936633256,0.058119376484803566,2.3041467871193127e-06,0.0007902187075867555,0.03
270.2660063251637,0.13513300316258187,0.004009901387629971,0.05655945622674408,2.3119442039055974e-06,0.0007714900467674248,0.03
270.2660063251637,0.15014778129175763,0.004010575132382716,0.0549411845719141,2.320086643224984e-06,0.00075193267342535,0.03
270.2660063251637,0.16516255942093339,0.004011271492334512,0.05326859325607942,2.3285600576163265e-06,0.0007315803282224132,0.03
270.2660063251637,0.18017733755010917,0.004011988705016883,0.051545915563101015,2.3373491200592046e-06,0.0007104698252061617,0.03
270.2660063251637,0.19519211567928493,0.004012724937146876,0.04977755486701945,2.3464373006956456e-06,0.0006886408675303747,0.03
270.2660063251637,0.2102068938084607,0.00401347829464163,0.04796806057776271,2.3558069094274094e-06,0.0006661359451392723,0.03
270.2660063251637,0.22522167193763643,0.0040142468296022575,0.046122111366622774,2.365439104206415e-06,0.0006430003148538583,0.03
270.2660063251637,0.2402364500668122,0.004015028544421621,0.04424450529957722,2.3753138659089076e-06,0.0006192820607208763,0.03
270.2660063251637,0.255251228195988,0.004015821393252467,0.04234015631118487,2.3854099416111834e-06,0.0005950322302586345,0.03
270.2660063251637,0.27026600632516373,0.004016623281136261,0.04041409629562424,2.395704758931781e-06,0.0005703050401975914,0.03
270.2660063251637,0.28528078445433946,0.004017432061151171,0.038471481959478554,2.4061743149517895e-06,0.0005451581432844129,0.03
270.2660063251637,0.30029556258351525,0.004018245529982957,0.03651760545762925,2.416793044144698e-06,0.0005196529455003863,0.03
270.2660063251637,0.31531034071269104,0.00401906142238349,0.03455790770446616,2.4275336708343766e-06,0.0004938549604440699,0.03
270.2660063251637,0.33032511884186677,0.0040198774050379735,0.03259799310452232,2.43836705301529e-06,0.0004678341844607937,0.03
270.2660063251637,0.34533989697104256,0.0040206910704373095,0.030643644268976738,2.4492620259900072e-06,0.0004416654722101844,0.03
270.2660063251637,0.36035467510021835,0.004021499931443965,0.028700835070194906,2.460185256248527e-06,0.0004154288876363716,0.03
270.2660063251637,0.3753694532293941,0.004022301417339564,0.026775740133476493,2.4711011183409697e-06,0.00038920999970830665,0.03
270.2660063251637,0.39038423135856987,0.004023092872267176,0.024874738578410053,2.4819716101565506e-06,0.00036310008591306517,0.03
270.2660063251637,0.4053990094877456,0.00402387155710682,0.023004409516105967,2.4927563249007747e-06,0.00033719619956708335,0.03
270.2660063251637,0.4204137876169214,0.0040246346559443405,0.02117151651029509,2.5034125009578812e-06,0.00031160105005279687,0.03
270.2660063251637,0.4354285657460972,0.004025379288400408,0.019382977963167413,2.513895173405549e-06,0.00028642263889667194,0.03
270.2660063251637,0.45044334387527285,0.004026102529141989,0.017645820253637604,2.5241574527133188e-06,0.00026177359036687635,0.03
270.2660063251637,0.46545812200444864,0.004026801435866419,0.015967110520114455,2.5341509564346187e-06,0.00023777011459187648,0.03
270.2660063251637,0.4804729001336244,0.004027473086903701,0.014353866345259788,2.543826417670085e-06,0.00021453054609375856,0.03
270.2660063251637,0.4954876782628002,0.004028114629249865,0.012812940382928245,2.553134488770913e-06,0.00019217341337121358,0.03
270.2660063251637,0.510502456391976,0.0040287233373024625,0.01135087928212086,2.562026749238905e-06,0.00017081501802245194,0.03
270.2660063251637,0.5255172345211517,0.00402929668176025,0.009973758197348217,2.570456912317682e-06,0.0001505665366297783,0.03
270.2660063251637,0.5405320126503275,0.004029832407074527,0.008686994755292369,2.5783822051291186e-06,0.00013153070580130172,0.03
270.2660063251637,0.5555467907795033,0.004030328614534655,0.007495149493975479,2.585764873008471e-06,0.00011379820890056392,0.03
270.2660063251637,0.5705615689086789,0.004030783846612986,0.006401723272712097,2.592573731732513e-06,9.744394773658112e-05,0.03
270.2660063251637,0.5855763470378548,0.004031197166781594,0.005408965558205864,2.5987856648676706e-06,8.252344606755608e-05,0.03
270.2660063251637,0.6005911251670305,0.004031568227870892,0.0045177102359680605,2.6043869420715127e-06,6.906968315748338e-05,0.03
270.2660063251637,0.6156059032962063,0.004031897321463605,0.0037272569677648305,2.6093742233184553e-06,5.7090681707204396e-05,0.03
270.2660063251637,0.6306206814253821,0.004032185401118755,0.003035315408941977,2.613755119010209e-06,4.6568162507880415e-05,0.03
270.2660063251637,0.6456354595545578,0.004032434073592788,0.0024380262947710806,2.6175482004788314e-06,3.745751919961523e-05,0.03
270.2660063251637,0.6606502376837335,0.004032645554733187,0.0019300673781696618,2.6207824000778365e-06,2.9689259181531695e-05,0.03
270.2660063251637,0.6756650158129094,0.004032822590182332,0.0015048438921390589,2.623495801157714e-06,2.31719099657885e-05,0.03
270.2660063251637,0.6906797939420851,0.0040329683449955005,0.0011547536743531902,2.6257338875165058e-06,1.7796223823283015e-05,0.03
270.2660063251637,0.705694572071261,0.0040330862701203314,0.000871507872573631,2.627547387888752e-06,1.3440355116688656e-05,0.03
270.2660063251637,0.7207093502004367,0.004033179956668773,0.000646480969289678,2.6289899012989343e-06,9.975563980099843e-06,0.03
270.2660063251637,0.7357241283296123,0.0040332529904447975,0.00047106019284186436,2.630115513591158e-06,7.271941197929058e-06,0.03
270.2660063251637,0.7507389064587882,0.004033308818921222,0.0003369650277155453,2.63097660917069e-06,5.203664207567106e-06,0.03
270.2660063251637,0.7657536845879639,0.004033350640836213,0.00023651239351062263,2.6316220465594624e-06,3.653379256767469e-06,0.03
270.2660063251637,0.7807684627171397,0.004033381325225151,0.00016281112488810594,2.6320958095123377e-06,2.5154413107192913e-06,0.03
270.2660063251637,0.7957832408463155,0.004033403362687037,0.00010987902388263628,2.6324361788277622e-06,1.6979032970344442e-06,0.03
270.2660063251637,0.8107980189754912,0.0040334188477753555,7.268515839026852e-05,2.632675406076557e-06,1.1232997911550084e-06,0.03
270.2660063251637,0.825812797104667,0.004033429488223505,4.71277019906327e-05,2.6328398194678812e-06,7.283927430587115e-07,0.03
270.2660063251637,0.8408275752338428,0.0040334366346884715,2.9962494811349062e-05,2.6329502599892435e-06,4.631239162833497e-07,0.03
270.2660063251637,0.8558423533630185,0.004033441323901485,1.86993980214238e-05,2.6330227340302e-06,2.8904734799368614e-07,0.03
270.2660063251637,0.8708571314921943,0.004033444328429018,1.1482773421908226e-05,2.633069174207459e-06,1.7750191881133357e-07,0.03
270.2660063251637,0.8858719096213701,0.004033446207335393,6.96979615500759e-06,2.6330982178492306e-06,1.0774150433222666e-07,0.03
270.2660063251637,0.9008866877505457,0.004033447353546381,4.2166923265887736e-06,2.633115936640455e-06,6.51824333104569e-08,0.03
270.2660063251637,0.9159014658797215,0.004033448035291921,2.5791956143035743e-06,2.6331264759588454e-06,3.986785806749616e-08,0.03
270.2660063251637,0.9309162440088973,0.004033448430417469,1.6301367956186996e-06,2.633132584590252e-06,2.5195426164588843e-08,0.03
270.2660063251637,0.9459310221380731,0.004033448653438522,1.094458617093457e-06,2.63313603263002e-06,1.6913515958914054e-08,0.03
270.2660063251637,0.9609458002672489,0.004033448775951942,8.001915905783283e-07,2.633137926833894e-06,1.2363792166972757e-08,0.03
270.2660063251637,0.9759605783964246,0.004033448841409692,6.42967608558251e-07,2.633138938926585e-06,9.932827451492618e-09,0.03
270.2660063251637,0.9909753565256004,0.004033448875401447,5.613223525627111e-07,2.633139464518368e-06,8.670398381810352e-09,0.03
270.2660063251637,1.0059901346547762,0.004033448892544865,5.201453393112861e-07,2.6331397296053434e-06,8.033680750249995e-09,0.03
270.2660063251637,1.021004912783952,0.004033448900935276,4.999919984709841e-07,2.6331398593519957e-06,7.722039470234722e-09,0.03
270.2660063251637,1.0360196909131276,0.0040334489049169775,4.904279360307228e-07,2.633139920927339e-06,7.574140158582832e-09,0.03
270.2660063251637,1.0510344690423035,0.0040334489067470735,4.860309797761549e-07,2.6331399492365583e-06,7.506142860272746e-09,0.03
270.2660063251637,1.0660492471714793,0.004033448907561165,4.840745606514504e-07,2.633139961833021e-06,7.475886469056808e-09,0.03
270.2660063251637,1.081064025300655,0.004033448907911885,4.832329148679088e-07,2.6331399672525027e-06,7.462869788368752e-09,0.03
270.2660063251637,1.0960788034298308,0.004033448908057876,4.828832261658692e-07,2.6331399695044597e-06,7.457461396737173e-09,0.03
270.2660063251637,1.1110935815590066,0.004033448908116687,4.827430700280544e-07,2.633139970407277e-06,7.455293621525561e-09,0.03
270.2660063251637,1.1261083596881822,0.004033448908139295,4.826889476009304e-07,2.633139970755852e-06,7.45445648759575e-09,0.03
270.2660063251637,1.1411231378173579,0.004033448908148258,4.826688385207656e-07,2.633139970885737e-06,7.454145441034169e-09,0.03
270.2660063251637,1.1561379159465337,0.004033448908152052,4.826616601444387e-07,2.6331399709324916e-06,7.45403440219707e-09,0.03
270.2660063251637,1.1711526940757095,0.004033448908154066,4.826592020580216e-07,2.6331399709489676e-06,7.453996377892803e-09,0.03
270.2660063251637,1.1861674722048854,0.00403344890815607,4.826583960030157e-07,2.6331399709552475e-06,7.453983908531132e-09,0.03
270.2660063251637,1.201182250334061,0.004033448908158069,4.82658143351471e-07,2.63313997095811e-06,7.453979999970252e-09,0.03
270.2660063251637,1.2161970284632369,0.004033448908160063,4.826580678102932e-07,2.633139970959878e-06,7.453978831294492e-09,0.03
270.2660063251637,1.2312118065924127,0.004033448908162057,4.826580463139069e-07,2.633139970961312e-06,7.453978498718331e-09,0.03
270.2660063251637,1.2462265847215883,0.004033448908164051,4.826580405072474e-07,2.633139970962648e-06,7.453978408878775e-09,0.03
270.2660063251637,1.2612413628507642,0.004033448908166043,4.826580390235726e-07,2.633139970963957e-06,7.453978385922774e-09,0.03
270.2660063251637,1.27625614097994,0.004033448908168037,4.826580386674637e-07,2.6331399709652607e-06,7.453978380412634e-09,0.03
270.2660063251637,1.2912709191091156,0.00403344890817003,4.826580385890858e-07,2.6331399709665618e-06,7.453978379199767e-09,0.03
270.2660063251637,1.3062856972382915,0.004033448908172023,4.826580385748996e-07,2.6331399709678632e-06,7.45397837898028e-09,0.03
270.2660063251637,1.321300475367467,0.004033448908174019,4.826580385712897e-07,2.633139970969165e-06,7.453978378924528e-09,0.03
270.2660063251637,1.336315253496643,0.004033448908176015,4.826580385676798e-07,2.633139970970467e-06,7.453978378868778e-09,0.03
270.2660063251637,1.3513300316258188,0.004033448908178009,4.826580385640698e-07,2.6331399709717685e-06,7.453978378813026e-09,0.03
270.2660063251637,1.3663448097549946,0.004033448908180004,4.826580385604599e-07,2.633139970973071e-06,7.453978378757274e-09,0.03
270.2660063251637,1.3813595878841702,0.004033448908181996,4.8265803855685e-07,2.6331399709743714e-06,7.453978378701523e-09,0.03
270.2660063251637,1.396374366013346,0.004033448908183992,4.826580385532401e-07,2.6331399709756733e-06,7.453978378645771e-09,0.03
270.2660063251637,1.411389144142522,0.004033448908185984,4.826580385496302e-07,2.6331399709769735e-06,7.45397837859002e-09,0.03
270.2660063251637,1.4264039222716975,0.004033448908187978,4.826580385460203e-07,2.633139970978275e-06,7.45397837853427e-09,0.03
270.2660063251637,1.4414187004008734,0.00403344890818997,4.826580385424103e-07,2.6331399709795743e-06,7.453978378478517e-09,0.03
270.2660063251637,1.4564334785300492,0.004033448908191964,4.826580385388005e-07,2.6331399709808758e-06,7.453978378422765e-09,0.03
270.2660063251637,1.4714482566592246,0.004033448908193955,4.826580385351906e-07,2.6331399709821755e-06,7.453978378367015e-09,0.03
270.2660063251637,1.4864630347884005,0.0040334489081959475,4.826580385315806e-07,2.633139970983475e-06,7.453978378311261e-09,0.03
270.2660063251637,1.5014778129175763,0.004033448908197938,4.826580385279707e-07,2.6331399709847747e-06,7.45397837825551e-09,0.03
285.2807844543395,0.015014778129175763,0.004007956825900086,0.061230109864168394,2.2887468843036325e-06,0.0008272078136714305,0.03
285.2807844543395,0.030029556258351527,0.0040085277767829474,0.05985873962822433,2.295511991225541e-06,0.000810958665274242,0.03
285.2807844543395,0.04504433438752729,0.004009124124906408,0.05842636753873648,2.3026188529235738e-06,0.0007938886533260123,0.03
285.2807844543395,0.06005911251670305,0.004009744567048407,0.05693612381161502,2.3100575131496543e-06,0.0007760216917729385,0.03
285.2807844543395,0.07507389064587881,0.004010387699713421,0.05539137951047685,2.317816731166895e-06,0.000757384779788166,0.03
285.2807844543395,0.09008866877505459,0.004011052035476817,0.05379570728926504,2.325884106585099e-06,0.0007380077019279688,0.03
285.2807844543395,0.10510344690423035,0.004011736017005666,0.05215284771552979,2.334246179503765e-06,0.0007179227875967797,0.03
285.2807844543395,0.1201182250334061,0.00401243802856822,0.05046668162579613,2.3428885036011333e-06,0.0006971647354933621,0.03
285.2807844543395,0.13513300316258187,0.004013156404966957,0.04874120866900416,2.3517956909708644e-06,0.0006757705059163662,0.03
285.2807844543395,0.15014778129175763,0.0040138894379307295,0.04698053195259747,2.360951428483191e-06,0.0006537792814652781,0.03
285.2807844543395,0.16516255942093339,0.004014635380081924,0.04518884851495831,2.370338466254799e-06,0.0006312324947346767,0.03
285.2807844543395,0.18017733755010917,0.004015392446653463,0.0433704452003355,2.379938579484048e-06,0.0006081739199812478,0.03
285.2807844543395,0.19519211567928493,0.0040161588151809416,0.04152969939820486,2.3897325054987692e-06,0.0005846498243284981,0.03
285.2807844543395,0.2102068938084607,0.004016932623432074,0.039671084017211825,2.3996998584207e-06,0.0005607091727347324,0.03
285.2807844543395,0.22522167193763643,0.004017711965868082,0.03779917598298861,2.4098190244348864e-06,0.0005364038795448825,0.03
285.2807844543395,0.2402364500668122,0.004018494888969241,0.03591866746821655,2.4200670413258384e-06,0.0005117890978346602,0.03
285.2807844543395,0.255251228195988,0.004019279385788553,0.03403437897216974,2.4304194667536113e-06,0.00048692353579781687,0.03
285.2807844543395,0.27026600632516373,0.004020063390149704,0.03215127325675589,2.4408502407593486e-06,0.00046186978699513037,0.03
285.2807844543395,0.28528078445433946,0.004020844770959219,0.030274469009801474,2.4513315492432134e-06,0.0004366946582689344,0.03
285.2807844543395,0.30029556258351525,0.004021621327170647,0.028409252939510094,2.4618336966858495e-06,0.0004114694754541535,0.03
285.2807844543395,0.31531034071269104,0.004022390784024046,0.0265610888057997,2.472324998197403e-06,0.0003862703426666177,0.03
285.2807844543395,0.33032511884186677,0.004023150791278342,0.02473562166848666,2.4827717030457785e-06,0.0003611783259836945,0.03
285.2807844543395,0.34533989697104256,0.0040238989242503305,0.022938675389821823,2.493137964059365e-06,0.0003362795269364153,0.03
285.2807844543395,0.36035467510021835,0.004024632688580371,0.021176241189384472,2.5033858695822796e-06,0.0003116650057588611,0.03
285.2807844543395,0.3753694532293941,0.004025349529724365,0.019454454843801993,2.5134755567298743e-06,0.0002874305093604282,0.03
285.2807844543395,0.39038423135856987,0.004026046848229714,0.017779559997130812,2.5233654262127035e-06,0.00026367595534256314,0.03
285.2807844543395,0.4053990094877456,0.004026722021842593,0.016157855059804358,2.533012479480017e-06,0.0002405046222137731,0.03
285.2807844543395,0.4204137876169214,0.004027372435405376,0.014595621399603473,2.542372797792732e-06,0.0002180219987056059,0.03
285.2807844543395,0.4354285657460972,0.004027995519279259,0.013099031052439437,2.5514021793661493e-06,0.00019633425341780635,0.03
285.2807844543395,0.45044334387527285,0.004028588796653679,0.01167403309120024,2.5600569442254276e-06,0.00017554630163510473,0.03
285.2807844543395,0.46545812200444864,0.004029149939529021,0.010326219160947014,2.5682949062727768e-06,0.0001557594705158534,0.03
285.2807844543395,0.4804729001336244,0.004029676832383566,0.009060670554798728,2.5760764979741764e-06,0.00013706879770045198,0.03
285.2807844543395,0.4954876782628002,0.004030167641568252,0.007881791536791796,2.583366015254417e-06,0.00011956004119224878,0.03
285.2807844543395,0.510502456391976,0.00403062088735511,0.0067931362868954214,2.5901329296437077e-06,0.00010330652770224693,0.03
285.2807844543395,0.5255172345211517,0.004031035514425153,0.005797239595139761,2.5963531934554214e-06,8.836601773072338e-05,0.03
285.2807844543395,0.5405320126503275,0.004031410955560653,0.004895463878466608,2.6020104448094272e-06,7.477781120822125e-05,0.03
285.2807844543395,0.5555467907795033,0.004031747182623538,0.0040878767367600365,2.607097006505562e-06,6.256034828786675e-05,0.03
285.2807844543395,0.5705615689086789,0.004032044738775284,0.003373173560886911,2.6116145702088773e-06,5.1709565984641244e-05,0.03
285.2807844543395,0.5855763470378548,0.004032304746533308,0.0027486581812669396,2.6155744686264856e-06,4.2198244420196144e-05,0.03
285.2807844543395,0.6005911251670305,0.004032528887757777,0.0022102909386065594,2.6189974650849636e-06,3.3976512227026624e-05,0.03
285.2807844543395,0.6156059032962063,0.004032719353992251,0.0017528079601224276,2.6219130311823846e-06,2.6973581549120238e-05,0.03
285.2807844543395,0.6306206814253821,0.004032878768521473,0.0013699083668472576,2.624358134722095e-06,2.1100659300960026e-05,0.03
285.2807844543395,0.6456354595545578,0.004033010084659627,0.001054498577934222,2.6263756146474112e-06,1.625485041796493e-05,0.03
285.2807844543395,0.6606502376837335,0.004033116467617485,0.0007989760531539595,2.628012268102707e-06,1.2323752553829251e-05,0.03
285.2807844543395,0.6756650158129094,0.004033201169315764,0.0005955299800241092,2.629316808189033e-06,9.190361362910564e-06,0.03
285.2807844543395,0.6906797939420851,0.00403326740629265,0.0004364345288341965,2.6303378630095315e-06,6.737876612044153e-06,0.03
285.2807844543395,0.705694572071261,0.0040333182502420495,0.00031431177114483555,2.631122174959773e-06,4.854027326490592e-06,0.03
285.2807844543395,0.7207093502004367,0.004033356538822204,0.00022234590748240732,2.6317131264670634e-06,3.4346128355998736e-06,0.03
285.2807844543395,0.7357241283296123,0.004033384811575705,0.00015443718367422684,2.6321496712189276e-06,2.3860698743521316e-06,0.03
285.2807844543395,0.7507389064587882,0.004033405272615872,0.00010529151623201257,2.6324656973599663e-06,1.6270021360843932e-06,0.03
285.2807844543395,0.7657536845879639,0.004033419778732233,7.044906088814013e-05,2.6326898002769447e-06,1.0887260293252858e-06,0.03
285.2807844543395,0.7807684627171397,0.004033429849196569,4.626065953636536e-05,2.6328454045561804e-06,7.149777539367819e-07,0.03
285.2807844543395,0.7957832408463155,0.004033436692070027,2.9824655296612218e-05,2.6329511514185024e-06,4.609827240557445e-07,0.03
285.2807844543395,0.8107980189754912,0.004033441241275556,1.8897845861496828e-05,2.633021459940226e-06,2.9210756820002943e-07,0.03
285.2807844543395,0.825812797104667,0.004033444198994053,1.1793653567860207e-05,2.633067175403235e-06,1.8230285408527207e-07,0.03
285.2807844543395,0.8408275752338428,0.004033446078807576,7.278498012104048e-06,2.633096232242807e-06,1.1251074773754797e-07,0.03
285.2807844543395,0.8558423533630185,0.004033447246197732,4.474524040937732e-06,2.6331142778897457e-06,6.91666017785225e-08,0.03
285.2807844543395,0.8708571314921943,0.004033447954240168,2.7738645586738683e-06,2.63312522339318e-06,4.287640695461469e-08,0.03
285.2807844543395,0.8858719096213701,0.004033448373452892,1.7669502982782587e-06,2.633131704197271e-06,2.7310048833698435e-08,0.03
285.2807844543395,0.9008866877505457,0.004033448615622814,1.185278003742741e-06,2.6331354481607907e-06,1.8317355121229763e-08,0.03
285.2807844543395,0.9159014658797215,0.004033448752044688,8.576037769665997e-07,2.6331375573308773e-06,1.3251300548114908e-08,0.03
285.2807844543395,0.9309162440088973,0.004033448826944421,6.777006843204053e-07,2.633138715370942e-06,1.0469782311088479e-08,0.03
285.2807844543395,0.9459310221380731,0.004033448866998756,5.814933951363487e-07,2.6331393346812233e-06,8.982249059743866e-09,0.03
285.2807844543395,0.9609458002672489,0.004033448887849243,5.314120488622497e-07,2.6331396570785517e-06,8.207876513832584e-09,0.03
285.2807844543395,0.9759605783964246,0.004033448898407421,5.060518666788918e-07,2.6331398203396567e-06,7.815736231786187e-09,0.03
285.2807844543395,0.9909753565256004,0.004033448903604464,4.935685598768363e-07,2.6331399007060694e-06,7.622702240535055e-09,0.03
285.2807844543395,1.0059901346547762,0.004033448906089412,4.87599829845025e-07,2.6331399391335745e-06,7.530402371756645e-09,0.03
285.2807844543395,1.021004912783952,0.0040334489072429095,4.848299336103386e-07,2.6331399569673624e-06,7.487567486966822e-09,0.03
285.2807844543395,1.0360196909131276,0.004033448907762053,4.835833910155977e-07,2.6331399649934383e-06,7.4682897459153e-09,0.03
285.2807844543395,1.0510344690423035,0.004033448907988219,4.830398625341267e-07,2.633139968493029e-06,7.459883807467435e-09,0.03
285.2807844543395,1.0660492471714793,0.004033448908083511,4.82810462645031e-07,2.6331399699700017e-06,7.456335902746658e-09,0.03
285.2807844543395,1.081064025300655,0.004033448908121541,4.827168409988327e-07,2.6331399705722336e-06,7.454887898516313e-09,0.03
285.2807844543395,1.0960788034298308,0.0040334489081374665,4.826799349460343e-07,2.6331399708102537e-06,7.454317069637269e-09,0.03
285.2807844543395,1.1110935815590066,0.0040334489081444765,4.826658987375973e-07,2.6331399709014038e-06,7.454099963102527e-09,0.03
285.2807844543395,1.1261083596881822,0.00403344890814807,4.826607548849341e-07,2.633139970935477e-06,7.454020397322458e-09,0.03
285.2807844543395,1.1411231378173579,0.0040334489081500806,4.826589409229743e-07,2.6331399709479774e-06,7.453992337774696e-09,0.03
285.2807844543395,1.1561379159465337,0.004033448908152079,4.826583262600632e-07,2.6331399709530736e-06,7.453982829446609e-09,0.03
285.2807844543395,1.1711526940757095,0.004033448908154075,4.826581264439431e-07,2.6331399709556084e-06,7.45397973835195e-09,0.03
285.2807844543395,1.1861674722048854,0.004033448908156072,4.826580642337157e-07,2.6331399709572956e-06,7.453978775946238e-09,0.03
285.2807844543395,1.201182250334061,0.004033448908158069,4.826580457196253e-07,2.6331399709587127e-06,7.45397848951958e-09,0.03
285.2807844543395,1.2161970284632369,0.004033448908160064,4.826580404644727e-07,2.633139970960047e-06,7.45397840821571e-09,0.03
285.2807844543395,1.2312118065924127,0.004033448908162057,4.826580390461723e-07,2.6331399709613567e-06,7.453978386272011e-09,0.03
285.2807844543395,1.2462265847215883,0.004033448908164051,4.826580386844494e-07,2.63313997096266e-06,7.453978380675226e-09,0.03
285.2807844543395,1.2612413628507642,0.004033448908166043,4.826580385990415e-07,2.6331399709639597e-06,7.453978379353633e-09,0.03
285.2807844543395,1.27625614097994,0.004033448908168037,4.826580385821194e-07,2.633139970965261e-06,7.453978379091784e-09,0.03
285.2807844543395,1.2912709191091156,0.00403344890817003,4.826580385785095e-07,2.6331399709665618e-06,7.453978379036032e-09,0.03
285.2807844543395,1.3062856972382915,0.004033448908172023,4.826580385748996e-07,2.6331399709678632e-06,7.45397837898028e-09,0.03
285.2807844543395,1.321300475367467,0.004033448908174019,4.826580385712897e-07,2.633139970969165e-06,7.453978378924528e-09,0.03
285.2807844543395,1.336315253496643,0.004033448908176015,4.826580385676798e-07,2.633139970970467e-06,7.453978378868778e-09,0.03
285.2807844543395,1.3513300316258188,0.004033448908178009,4.826580385640698e-07,2.6331399709717685e-06,7.453978378813026e-09,0.03
285.2807844543395,1.3663448097549946,0.004033448908180004,4.826580385604599e-07,2.633139970973071e-06,7.453978378757274e-09,0.03
285.2807844543395,1.3813595878841702,0.004033448908181996,4.8265803855685e-07,2.6331399709743714e-06,7.453978378701523e-09,0.03
285.2807844543395,1.396374366013346,0.004033448908183992,4.826580385532401e-07,2.6331399709756733e-06,7.453978378645771e-09,0.03
285.2807844543395,1.411389144142522,0.004033448908185984,4.826580385496302e-07,2.6331399709769735e-06,7.45397837859002e-09,0.03
285.2807844543395,1.4264039222716975,0.004033448908187978,4.826580385460203e-07,2.633139970978275e-06,7.45397837853427e-09,0.03
285.2807844543395,1.4414187004008734,0.00403344890818997,4.826580385424103e-07,2.6331399709795743e-06,7.453978378478517e-09,0.03
285.2807844543395,1.4564334785300492,0.004033448908191964,4.826580385388005e-07,2.6331399709808758e-06,7.453978378422765e-09,0.03
285.2807844543395,1.4714482566592246,0.004033448908193955,4.826580385351906e-07,2.6331399709821755e-06,7.453978378367015e-09,0.03
285.2807844543395,1.4864630347884005,0.0040334489081959475,4.826580385315806e-07,2.633139970983475e-06,7.453978378311261e-09,0.03
285.2807844543395,1.5014778129175763,0.004033448908197938,4.826580385279707e-07,2.6331399709847747e-06,7.45397837825551e-09,0.03
300.2955625835152,0.015014778129175763,0.004010848141462537,0.05428544089875672,2.323403147924341e-06,0.0007439667231596062,0.03
300.2955625835152,0.030029556258351527,0.004011501840352134,0.052715317387977405,2.3313775368930726e-06,0.0007248129892154965,0.03
300.2955625835152,0.04504433438752729,0.00401217264543311,0.05110410635030494,2.3396150373984234e-06,0.0007050272853851029,0.03
300.2955625835152,0.06005911251670305,0.004012859081922141,0.04945535007756185,2.3481021468167472e-06,0.0006846420436973714,0.03
300.2955625835152,0.07507389064587881,0.0040135596403216515,0.047772674242094436,2.3568246127464698e-06,0.000663691497078703,0.03
300.2955625835152,0.09008866877505459,0.004014272780218377,0.04605977877327299,2.365767431079127e-06,0.0006422116839856923,0.03
300.2955625835152,0.10510344690423035,0.004014996932160961,0.04432043334698004,2.3749148215771816e-06,0.0006202405070639832,0.03
300.2955625835152,0.1201182250334061,0.004015730497788225,0.042558477077202596,2.3842501822868986e-06,0.0005978178426436086,0.03
300.2955625835152,0.13513300316258187,0.004016471848407311,0.0407778219331717,2.393756024492987e-06,0.0005749856969726056,0.03
300.2955625835152,0.15014778129175763,0.00401721932223985,0.038982459351269025,2.4034138902969117e-06,0.000551788404184382,0.03
300.2955625835152,0.16516255942093339,0.004017971220581686,0.03717646945992409,2.413204255323416e-06,0.0005282728599878434,0.03
300.2955625835152,0.18017733755010917,0.004018725803140097,0.03536403228013099,2.4231064195607377e-06,0.0005044887838594348,0.03
300.2955625835152,0.19519211567928493,0.004019481282841196,0.03354944019692904,2.4330983899703605e-06,0.00048048900100312457,0.03
300.2955625835152,0.2102068938084607,0.004020235820436808,0.03173711091235357,2.4431567592961656e-06,0.00045632973343911625,0.03
300.2955625835152,0.22522167193763643,0.00402098751928505,0.02993159998312533,2.4532565864921093e-06,0.00043207088720633623,0.03
300.2955625835152,0.2402364500668122,0.004021734420731307,0.028137611914006683,2.4633712853915566e-06,0.0004077763197680956,0.03
300.2955625835152,0.255251228195988,0.004022474500585818,0.02636000861989566,2.47347252967112e-06,0.00038351406828168277,0.03
300.2955625835152,0.27026600632516373,0.004023205667264597,0.024603813889613788,2.4835301837881747e-06,0.00035935651548000836,0.03
300.2955625835152,0.28528078445433946,0.004023925762246458,0.022874212289897656,2.4935122713489404e-06,0.00033538046565076814,0.03
300.2955625835152,0.30029556258351525,0.004024632563574291,0.021176540753801452,2.5033849941746404e-06,0.00031166709884170555,0.03
300.2955625835152,0.31531034071269104,0.004025323793206246,0.019516270926101274,2.5131128170189036e-06,0.000288301767380583,0.03
300.2955625835152,0.33032511884186677,0.004025997129064217,0.017898980221820092,2.5226586341838486e-06,0.00026537359567977586,0.03
300.2955625835152,0.34533989697104256,0.004026650222641742,0.01633030953623018,2.531984034858753e-06,0.00024297484292168172,0.03
300.2955625835152,0.36035467510021835,0.004027280722969586,0.01481590568011874,2.54104968341174e-06,0.0002211999896353492,0.03
300.2955625835152,0.3753694532293941,0.0040278863075970854,0.013361346966159798,2.549815828609439e-06,0.00020014451460175774,0.03
300.2955625835152,0.39038423135856987,0.004028464720979232,0.011972051007489862,2.558242951267447e-06,0.00017990333926125578,0.03
300.2955625835152,0.4053990094877456,0.004029013820252142,0.010653164768022895,2.5662925526641666e-06,0.00016056893401902031,0.03
300.2955625835152,0.4204137876169214,0.004029531627816314,0.009409438263588117,2.5739280758654673e-06,0.00014222910531209833,0.03
300.2955625835152,0.4354285657460972,0.0040300163894209,0.008245085049477791,2.5811159389216025e-06,0.00012496451396845558,0.03
300.2955625835152,0.45044334387527285,0.004030466635591926,0.007163634674069722,2.5878266432543066e-06,0.00010884601296365842,0.03
300.2955625835152,0.46545812200444864,0.0040308812433356295,0.006167784473961309,2.594035903668841e-06,9.39319332362711e-05,0.03
300.2955625835152,0.4804729001336244,0.004031259494173566,0.005259260178940878,2.5997257302834734e-06,8.026548499069896e-05,0.03
300.2955625835152,0.4954876782628002,0.0040316011238837055,0.004438696438303333,2.604885379955312e-06,6.787247245548548e-05,0.03
300.2955625835152,0.510502456391976,0.004031906358992332,0.003705549168698099,2.6095120885785823e-06,5.675953496256614e-05,0.03
300.2955625835152,0.5255172345211517,0.004032175935256995,0.0030580511619172244,2.613611498895767e-06,4.691311937729344e-05,0.03
300.2955625835152,0.5405320126503275,0.004032411094208768,0.0024932203870905393,2.6171977132631462e-06,3.829935334884092e-05,0.03
300.2955625835152,0.5555467907795033,0.004032613555339434,0.0020069267946735197,2.620292927578655e-06,3.0864924571644635e-05,0.03
300.2955625835152,0.5705615689086789,0.004032785463609948,0.0015940183970537868,2.62292663944122e-06,2.4538982704479292e-05,0.03
300.2955625835152,0.5855763470378548,0.004032929314407419,0.0012485015120804902,2.625134466302032e-06,1.9235978052093627e-05,0.03
300.2955625835152,0.6005911251670305,0.0040330478605452155,0.0009637641416111052,2.626956651686261e-06,1.4859249478040688e-05,0.03
300.2955625835152,0.6156059032962063,0.004033144007964454,0.0007328264856867004,2.6284363725018775e-06,1.1305090089257646e-05,0.03
300.2955625835152,0.6306206814253821,0.004033220708104175,0.0005485994611717544,2.629617981794389e-06,8.466967978734616e-06,0.03
300.2955625835152,0.6456354595545578,0.004033280855188428,0.00040413140639817353,2.6305453251101673e-06,6.239570167519835e-06,0.03
300.2955625835152,0.6606502376837335,0.004033327195891229,0.00029282506016314983,2.631260254316304e-06,4.522372279875282e-06,0.03
300.2955625835152,0.6756650158129094,0.004033362257107095,0.0002086110503472533,2.631801433184793e-06,3.2225074274118795e-06,0.03
300.2955625835152,0.6906797939420851,0.004033388295220893,0.00014606974224673234,2.632203489957376e-06,2.2568016776422773e-06,0.03
300.2955625835152,0.705694572071261,0.004033407267738402,0.0001004993816152588,2.6324965304360425e-06,1.5529435748811682e-06,0.03
300.2955625835152,0.7207093502004367,0.004033420825816262,6.793403614300091e-05,2.632705987553698e-06,1.0498454637241352e-06,0.03
300.2955625835152,0.7357241283296123,0.0040334303244494146,4.51191263879991e-05,2.6328527548641343e-06,6.973228638623997e-07,0.03
300.2955625835152,0.7507389064587882,0.004033436845995312,2.94549251316544e-05,2.6329535344982996e-06,4.5525871633248125e-07,0.03
300.2955625835152,0.7657536845879639,0.004033441232360721,1.8919245032949978e-05,2.6330213249489195e-06,2.9243177017187383e-07,0.03
300.2955625835152,0.7807684627171397,0.004033444121454392,1.1979884295534821e-05,2.6330659786969348e-06,1.8517721685956107e-07,0.03
300.2955625835152,0.7957832408463155,0.004033445984210466,7.505699939817682e-06,2.633094771147184e-06,1.1602015895932888e-07,0.03
300.2955625835152,0.8107980189754912,0.004033447159427826,4.682925898298004e-06,2.6331129372985097e-06,7.238657628123215e-08,0.03
300.2955625835152,0.825812797104667,0.004033447884651979,2.9409975751618926e-06,2.633124148091277e-06,4.545918162329532e-08,0.03
300.2955625835152,0.8408275752338428,0.004033448322209365,1.890021240456125e-06,2.6331309122901953e-06,2.921213459815984e-08,0.03
300.2955625835152,0.8558423533630185,0.004033448580205965,1.2703347895746177e-06,2.633134900808847e-06,1.9632040860521824e-08,0.03
300.2955625835152,0.8708571314921943,0.004033448728802205,9.134189883921823e-07,2.63313719812545e-06,1.4114074613887916e-08,0.03
300.2955625835152,0.8858719096213701,0.004033448812363336,7.127121886244666e-07,2.6331384900351153e-06,1.1011013077477218e-08,0.03
300.2955625835152,0.9008866877505457,0.004033448858217592,6.025741161117901e-07,2.6331391989959057e-06,9.308146900382897e-09,0.03
300.2955625835152,0.9159014658797215,0.0040334488827588905,5.436278381505338e-07,2.6331395784468116e-06,8.396736461831567e-09,0.03
300.2955625835152,0.9309162440088973,0.004033448895561811,5.128760486606596e-07,2.633139776409745e-06,7.921245299827816e-09,0.03
300.2955625835152,0.9459310221380731,0.004033448902068262,4.972475490282936e-07,2.633139877020541e-06,7.679585890825042e-09,0.03
300.2955625835152,0.9609458002672489,0.0040334489052871675,4.895150447124822e-07,2.633139926801136e-06,7.560016256160197e-09,0.03
300.2955625835152,0.9759605783964246,0.004033448906836813,4.857929585883861e-07,2.6331399507642335e-06,7.502458823553641e-09,0.03
300.2955625835152,0.9909753565256004,0.00403344890756191,4.840511255616935e-07,2.6331399619786037e-06,7.475522659787827e-09,0.03
300.2955625835152,1.0059901346547762,0.004033448907891305,4.832592575332514e-07,2.633139967076858e-06,7.46327660422806e-09,0.03
300.2955625835152,1.021004912783952,0.004033448908036878,4.829098132017943e-07,2.6331399693268856e-06,7.457872352382306e-09,0.03
300.2955625835152,1.0360196909131276,0.004033448908099629,4.82760253850256e-07,2.633139970290201e-06,7.455559300967018e-09,0.03
300.2955625835152,1.0510344690423035,0.004033448908126146,4.826982286854652e-07,2.633139970690043e-06,7.454600002512643e-09,0.03
300.2955625835152,1.0660492471714793,0.004033448908136902,4.826733272556056e-07,2.633139970850645e-06,7.454214857587035e-09,0.03
300.2955625835152,1.081064025300655,0.004033448908142073,4.826636592182395e-07,2.6331399709136514e-06,7.454065319347051e-09,0.03
300.2955625835152,1.0960788034298308,0.004033448908144087,4.826600331547282e-07,2.6331399709373302e-06,7.454009232196847e-09,0.03
300.2955625835152,1.1110935815590066,0.0040334489081460916,4.826587209324625e-07,2.633139970946732e-06,7.453988934378263e-09,0.03
300.2955625835152,1.1261083596881822,0.004033448908148089,4.826582633085282e-07,2.633139970950858e-06,7.453981855496362e-09,0.03
300.2955625835152,1.1411231378173579,0.004033448908150088,4.82658109722751e-07,2.63313997095311e-06,7.453979479636129e-09,0.03
300.2955625835152,1.1561379159465337,0.004033448908152081,4.826580601897871e-07,2.633139970954716e-06,7.453978713372609e-09,0.03
300.2955625835152,1.1711526940757095,0.0040334489081540765,4.826580448638033e-07,2.6331399709561128e-06,7.453978476275532e-09,0.03
300.2955625835152,1.1861674722048854,0.004033448908156073,4.826580403232291e-07,2.633139970957443e-06,7.453978406029324e-09,0.03
300.2955625835152,1.201182250334061,0.004033448908158069,4.82658039038808e-07,2.633139970958754e-06,7.45397838615763e-09,0.03
300.2955625835152,1.2161970284632369,0.004033448908160064,4.826580386939791e-07,2.6331399709600582e-06,7.453978380822443e-09,0.03
300.2955625835152,1.2312118065924127,0.004033448908162057,4.826580386075045e-07,2.6331399709613597e-06,7.453978379484382e-09,0.03
300.2955625835152,1.2462265847215883,0.004033448908164051,4.826580385893391e-07,2.6331399709626603e-06,7.453978379203286e-09,0.03
300.2955625835152,1.2612413628507642,0.004033448908166043,4.826580385857293e-07,2.6331399709639597e-06,7.453978379147534e-09,0.03
300.2955625835152,1.27625614097994,0.004033448908168037,4.826580385821194e-07,2.633139970965261e-06,7.453978379091784e-09,0.03
300.2955625835152,1.2912709191091156,0.00403344890817003,4.826580385785095e-07,2.6331399709665618e-06,7.453978379036032e-09,0.03
300.2955625835152,1.3062856972382915,0.004033448908172023,4.826580385748996e-07,2.6331399709678632e-06,7.45397837898028e-09,0.03
300.2955625835152,1.321300475367467,0.004033448908174019,4.826580385712897e-07,2.633139970969165e-06,7.453978378924528e-09,0.03
300.2955625835152,1.336315253496643,0.004033448908176015,4.826580385676798e-07,2.633139970970467e-06,7.453978378868778e-09,0.03
300.2955625835152,1.3513300316258188,0.004033448908178009,4.826580385640698e-07,2.6331399709717685e-06,7.453978378813026e-09,0.03
300.2955625835152,1.3663448097549946,0.004033448908180004,4.826580385604599e-07,2.633139970973071e-06,7.453978378757274e-09,0.03
300.2955625835152,1.3813595878841702,0.004033448908181996,4.8265803855685e-07,2.6331399709743714e-06,7.453978378701523e-09,0.03
300.2955625835152,1.396374366013346,0.004033448908183992,4.826580385532401e-07,2.6331399709756733e-06,7.453978378645771e-09,0.03
300.2955625835152,1.411389144142522,0.004033448908185984,4.826580385496302e-07,2.6331399709769735e-06,7.45397837859002e-09,0.03
300.2955625835152,1.4264039222716975,0.004033448908187978,4.826580385460203e-07,2.633139970978275e-06,7.45397837853427e-09,0.03
300.2955625835152,1.4414187004008734,0.00403344890818997,4.826580385424103e-07,2.6331399709795743e-06,7.453978378478517e-09,0.03
300.2955625835152,1.4564334785300492,0.004033448908191964,4.826580385388005e-07,2.6331399709808758e-06,7.453978378422765e-09,0.03
300.2955625835152,1.4714482566592246,0.004033448908193955,4.826580385351906e-07,2.6331399709821755e-06,7.453978378367015e-09,0.03
300.2955625835152,1.4864630347884005,0.0040334489081959475,4.826580385315806e-07,2.633139970983475e-06,7.453978378311261e-09,0.03
300.2955625835152,1.5014778129175763,0.004033448908197938,4.826580385279707e-07,2.6331399709847747e-06,7.45397837825551e-09,0.03
315.3103407126911,0.015014778129175763,0.004013937152334926,0.046865924908631965,2.3615513600152785e-06,0.0006523382834368415,0.03
315.3103407126911,0.030029556258351527,0.004014630955421036,0.04519947461833257,2.370284225745453e-06,0.0006313627563647266,0.03
315.3103407126911,0.04504433438752729,0.004015334176256493,0.04351040372784172,2.3791987222696316e-06,0.0006099509685532101,0.03
315.3103407126911,0.06005911251670305,0.004016045379590879,0.04180215957498486,2.388279707111141e-06,0.0005881392908072072,0.03
315.3103407126911,0.07507389064587881,0.0040167631050626994,0.04007824981142495,2.3975112696408313e-06,0.0005659659389604964,0.03
315.3103407126911,0.09008866877505459,0.004017485864103824,0.03834224983945976,2.4068766530309757e-06,0.0005434711613358262,0.03
315.3103407126911,0.10510344690423035,0.004018212136033711,0.03659781219145293,2.416358164735132e-06,0.0005206974537626293,0.03
315.3103407126911,0.1201182250334061,0.004018940363559868,0.03484867733906768,2.425937077962136e-06,0.0004976897962282652,0.03
315.3103407126911,0.13513300316258187,0.004019668947916544,0.03309868536779937,2.435593527106393e-06,0.00047449590404353433,0.03
315.3103407126911,0.15014778129175763,0.004020396243907837,0.03135178788502468,2.445306400733015e-06,0.00045116648488375286,0.03
315.3103407126911,0.16516255942093339,0.004021120555150649,0.02961205944372893,2.4550532365025423e-06,0.0004277554911686244,0.03
315.3103407126911,0.18017733755010917,0.0040218401298645215,0.027883707657358897,2.464810123387373e-06,0.0004043203549311085,0.03
315.3103407126911,0.19519211567928493,0.004022553157600768,0.026171081053918112,2.474551617665767e-06,0.00038092218959117507,0.03
315.3103407126911,0.2102068938084607,0.0040232577673714204,0.02447867357196453,2.4842506804826486e-06,0.0003576259399308673,0.03
315.3103407126911,0.22522167193763643,0.004023952027697329,0.022811124443565003,2.4938786461800604e-06,0.0003345004581616508,0.03
315.3103407126911,0.2402364500668122,0.0040246339491668065,0.02117321205022585,2.5034052320626347e-06,0.00031161848047087435,0.03
315.3103407126911,0.255251228195988,0.004025301490150894,0.019569840193892376,2.512798601635639e-06,0.00028905647513050714,0.03
315.3103407126911,0.27026600632516373,0.004025952566369915,0.01800601512014063,2.522025494464703e-06,0.00026689433058872376,0.03
315.3103407126911,0.28528078445433946,0.004026585065016597,0.016486811596630145,2.5310514363958158e-06,0.00024521485054372107,0.03
315.3103407126911,0.30029556258351525,0.004027196864108986,0.0150173264271317,2.53984104362952e-06,0.00022410302358688005,0.03
315.3103407126911,0.31531034071269104,0.004027785857652057,0.013602618017348921,2.5483584326860937e-06,0.00020364503850818893,0.03
315.3103407126911,0.33032511884186677,0.004028349986996624,0.012247631054505515,2.5565677452090825e-06,0.000183927023770087,0.03
315.3103407126911,0.34533989697104256,0.004028887278492315,0.010957106066513289,2.564433791450672e-06,0.00016503350191683267,0.03
315.3103407126911,0.36035467510021835,0.004029395887119353,0.009735474623899287,2.5719228088703925e-06,0.00014704556749408428,0.03
315.3103407126911,0.3753694532293941,0.004029874145238474,0.00858674224721502,2.5790033224736894e-06,0.00013003882059743467,0.03
315.3103407126911,0.39038423135856987,0.004030320614948034,0.007514362649816931,2.585647081591116e-06,0.00011408111681644764,0.03
315.3103407126911,0.4053990094877456,0.004030734141812827,0.00652110868642253,2.591830034480747e-06,9.923022632998204e-05,0.03
315.3103407126911,0.4204137876169214,0.00403111390700057,0.005608947125544344,2.597533288719492e-06,8.553152713328039e-05,0.03
315.3103407126911,0.4354285657460972,0.004031459474232154,0.0047789258795034074,2.602743993686099e-06,7.301588539242549e-05,0.03
315.3103407126911,0.45044334387527285,0.004031770827539528,0.004031083312801748,2.607456073794111e-06,6.169789428129755e-05,0.03
315.3103407126911,0.46545812200444864,0.004032048395766443,0.003364389393293936,2.6116707398779913e-06,5.1574645672741914e-05,0.03
315.3103407126911,0.4804729001336244,0.004032293060151636,0.002776727478741451,2.615396713253828e-06,4.262519195815384e-05,0.03
315.3103407126911,0.4954876782628002,0.00403250614226486,0.0022649232909728876,2.6186501134947958e-06,3.4810815590488246e-05,0.03
315.3103407126911,0.510502456391976,0.004032689371014605,0.0018248241615072501,2.621453986420279e-06,2.8076162803072432e-05,0.03
315.3103407126911,0.5255172345211517,0.00403284482927831,0.0014514272187092037,2.623837480919169e-06,2.2351220794970364e-05,0.03
315.3103407126911,0.5405320126503275,0.00403297488272487,0.0011390503503219073,2.62583471804677e-06,1.7554034050138873e-05,0.03
315.3103407126911,0.5555467907795033,0.004033082095294616,0.0008815352132396391,2.627483428215631e-06,1.3593977675635464e-05,0.03
315.3103407126911,0.5705615689086789,0.004033169137278132,0.0006724680170516705,2.628823456971299e-06,1.0375346387215038e-05,0.03
315.3103407126911,0.5855763470378548,0.004033238692732279,0.0005054019051356465,2.6298952525401615e-06,7.800987282962147e-06,0.03
315.3103407126911,0.6005911251670305,0.004033293372923743,0.00037406485415583673,2.630738446828153e-06,5.775708156289233e-06,0.03
315.3103407126911,0.6156059032962063,0.004033335641625943,0.00027253910365211844,2.6313906262450877e-06,4.209229867609514e-06,0.03
315.3103407126911,0.6306206814253821,0.004033367756549141,0.0001954018377611214,2.631886362528104e-06,3.018514224906605e-06,0.03
315.3103407126911,0.6456354595545578,0.004033391729233163,0.0001378215171814124,2.632256541354889e-06,2.129376598278126e-06,0.03
315.3103407126911,0.6606502376837335,0.004033409303714297,9.560912248705023e-05,2.632527993374903e-06,1.4773721573636661e-06,0.03
315.3103407126911,0.6756650158129094,0.004033421952471395,6.522788918609035e-05,2.6327234032252948e-06,1.0080144109043566e-06,0.03
315.3103407126911,0.6906797939420851,0.004033430886817636,4.3768350474736735e-05,2.6328614506469523e-06,6.764362651112575e-07,0.03
315.3103407126911,0.705694572071261,0.004033437078113135,2.889738388695024e-05,2.6329571255851213e-06,4.4663318226683504e-07,0.03
315.3103407126911,0.7207093502004367,0.004033441285963003,1.8790484002064425e-05,2.633022155989736e-06,2.9043564663987784e-07,0.03
315.3103407126911,0.7357241283296123,0.004033444089812859,1.20558726206362e-05,2.633065491330904e-06,1.8634780520556008e-07,0.03
315.3103407126911,0.7507389064587882,0.004033445920941421,7.657655478839075e-06,2.633093794279773e-06,1.1836649522922517e-07,0.03
315.3103407126911,0.7657536845879639,0.004033447092603721,4.843420443086747e-06,2.633111905040459e-06,7.486596050990644e-08,0.03
315.3103407126911,0.7807684627171397,0.0040334478268649054,3.0797859385152876e-06,2.633123255239931e-06,4.7603725335401154e-08,0.03
315.3103407126911,0.7957832408463155,0.004033448277372466,1.997704163766739e-06,2.6331302194485017e-06,3.0876273354594146e-08,0.03
315.3103407126911,0.8107980189754912,0.004033448547885549,1.3479539155360963e-06,2.6331344013493943e-06,2.083169238516605e-08,0.03
315.3103407126911,0.825812797104667,0.004033448706788863,9.662809959220847e-07,2.633136857943864e-06,1.493115422302203e-08,0.03
315.3103407126911,0.8408275752338428,0.004033448798063739,7.470460720656866e-07,2.633138269071276e-06,1.1541741591533448e-08,0.03
315.3103407126911,0.8558423533630185,0.004033448849308363,6.239604616618715e-07,2.633139061349695e-06,9.638753291379658e-09,0.03
315.3103407126911,0.8708571314921943,0.00403344887741574,5.564486601386053e-07,2.633139495924061e-06,8.594940846711766e-09,0.03
315.3103407126911,0.8858719096213701,0.0040334488924697355,5.202900175509154e-07,2.6331397286850755e-06,8.035867602868607e-09,0.03
315.3103407126911,0.9008866877505457,0.0040334489003387335,5.013892925770093e-07,2.6331398503569864e-06,7.743621460425428e-09,0.03
315.3103407126911,0.9159014658797215,0.004033448904350868,4.917523178704382e-07,2.633139912396149e-06,7.594608267389751e-09,0.03
315.3103407126911,0.9309162440088973,0.004033448906345228,4.869621780639683e-07,2.6331399432342677e-06,7.520537673985643e-09,0.03
315.3103407126911,0.9459310221380731,0.004033448907310795,4.846424523071979e-07,2.6331399581685805e-06,7.48466631114514e-09,0.03
315.3103407126911,0.9609458002672489,0.00403344890776645,4.835486788114433e-07,2.633139965210722e-06,7.467752082627235e-09,0.03
315.3103407126911,0.9759605783964246,0.004033448907975952,4.830468839069404e-07,2.6331399684418733e-06,7.45999203149173e-09,0.03
315.3103407126911,0.9909753565256004,0.00403344890806958,4.828230518233972e-07,2.6331399698833316e-06,7.456530452993944e-09,0.03
315.3103407126911,1.0059901346547762,0.004033448908109319,4.827260484512656e-07,2.6331399705074966e-06,7.45503024261959e-09,0.03
315.3103407126911,1.021004912783952,0.004033448908127081,4.826852379944454e-07,2.63313997077078e-06,7.454399066950518e-09,0.03
315.3103407126911,1.0360196909131276,0.0040334489081345,4.826685844438018e-07,2.6331399708783327e-06,7.454141494700876e-09,0.03
315.3103407126911,1.0510344690423035,0.004033448908138093,4.826619987634676e-07,2.633139970921296e-06,7.45403963408733e-09,0.03
315.3103407126911,1.0660492471714793,0.004033448908140105,4.826594774003451e-07,2.6331399709381595e-06,7.454000635001504e-09,0.03
315.3103407126911,1.081064025300655,0.004033448908142104,4.826585437893894e-07,2.633139970945223e-06,7.453986193965981e-09,0.03
315.3103407126911,1.0960788034298308,0.004033448908144101,4.826582098127069e-07,2.633139970948586e-06,7.45398102787691e-09,0.03
315.3103407126911,1.1110935815590066,0.004033448908146097,4.82658094527304e-07,2.6331399709506e-06,7.453979244540002e-09,0.03
315.3103407126911,1.1261083596881822,0.004033448908148092,4.826580561756014e-07,2.6331399709521376e-06,7.453978651263623e-09,0.03
315.3103407126911,1.1411231378173579,0.004033448908150088,4.826580438976366e-07,2.633139970953516e-06,7.453978461325466e-09,0.03
315.3103407126911,1.1561379159465337,0.004033448908152081,4.826580401215398e-07,2.63313997095484e-06,7.45397840290802e-09,0.03
315.3103407126911,1.1711526940757095,0.0040334489081540765,4.826580390088944e-07,2.6331399709561488e-06,7.453978385694427e-09,0.03
315.3103407126911,1.1861674722048854,0.004033448908156073,4.826580386967712e-07,2.6331399709574536e-06,7.453978380865401e-09,0.03
315.3103407126911,1.201182250334061,0.004033448908158069,4.826580386147071e-07,2.6331399709587564e-06,7.45397837959562e-09,0.03
315.3103407126911,1.2161970284632369,0.004033448908160064,4.826580385965589e-07,2.633139970960059e-06,7.453978379314789e-09,0.03
315.3103407126911,1.2312118065924127,0.004033448908162057,4.826580385929491e-07,2.6331399709613597e-06,7.453978379259038e-09,0.03
315.3103407126911,1.2462265847215883,0.004033448908164051,4.826580385893391e-07,2.6331399709626603e-06,7.453978379203286e-09,0.03
315.3103407126911,1.2612413628507642,0.004033448908166043,4.826580385857293e-07,2.6331399709639597e-06,7.453978379147534e-09,0.03
315.3103407126911,1.27625614097994,0.004033448908168037,4.826580385821194e-07,2.633139970965261e-06,7.453978379091784e-09,0.03
315.3103407126911,1.2912709191091156,0.00403344890817003,4.826580385785095e-07,2.6331399709665618e-06,7.453978379036032e-09,0.03
315.3103407126911,1.3062856972382915,0.004033448908172023,4.826580385748996e-07,2.6331399709678632e-06,7.45397837898028e-09,0.03
315.3103407126911,1.321300475367467,0.004033448908174019,4.826580385712897e-07,2.633139970969165e-06,7.453978378924528e-09,0.03
315.3103407126911,1.336315253496643,0.004033448908176015,4.826580385676798e-07,2.633139970970467e-06,7.453978378868778e-09,0.03
315.3103407126911,1.3513300316258188,0.004033448908178009,4.826580385640698e-07,2.6331399709717685e-06,7.453978378813026e-09,0.03
315.3103407126911,1.3663448097549946,0.004033448908180004,4.826580385604599e-07,2.633139970973071e-06,7.453978378757274e-09,0.03
315.3103407126911,1.3813595878841702,0.004033448908181996,4.8265803855685e-07,2.6331399709743714e-06,7.453978378701523e-09,0.03
315.3103407126911,1.396374366013346,0.004033448908183992,4.826580385532401e-07,2.6331399709756733e-06,7.453978378645771e-09,0.03
315.3103407126911,1.411389144142522,0.004033448908185984,4.826580385496302e-07,2.6331399709769735e-06,7.45397837859002e-09,0.03
315.3103407126911,1.4264039222716975,0.004033448908187978,4.826580385460203e-07,2.633139970978275e-06,7.45397837853427e-09,0.03
315.3103407126911,1.4414187004008734,0.00403344890818997,4.826580385424103e-07,2.6331399709795743e-06,7.453978378478517e-09,0.03
315.3103407126911,1.4564334785300492,0.004033448908191964,4.826580385388005e-07,2.6331399709808758e-06,7.453978378422765e-09,0.03
315.3103407126911,1.4714482566592246,0.004033448908193955,4.826580385351906e-07,2.6331399709821755e-06,7.453978378367015e-09,0.03
315.3103407126911,1.4864630347884005,0.0040334489081959475,4.826580385315806e-07,2.633139970983475e-06,7.453978378311261e-09,0.03
315.3103407126911,1.5014778129175763,0.004033448908197938,4.826580385279707e-07,2.6331399709847747e-06,7.45397837825551e-09,0.03
330.32511884186675,0.015014778129175763,0.0040170348390624454,0.03942556934060902,2.4010249557968894e-06,0.0005575263836651873,0.03
330.32511884186675,0.030029556258351527,0.004017734381707643,0.037745332975940314,2.41011384244481e-06,0.0005356957251697571,0.03
330.32511884186675,0.04504433438752729,0.004018436684801023,0.036058466232267924,2.419304902313196e-06,0.0005136196556146902,0.03
330.32511884186675,0.06005911251670305,0.004019140348932167,0.03436833036311426,2.4285811364059068e-06,0.0004913390049869381,0.03
330.32511884186675,0.07507389064587881,0.004019843937544445,0.0326783758429663,2.437924535535826e-06,0.00046889702965574636,0.03
330.32511884186675,0.09008866877505459,0.004020545972408559,0.030992153240732945,2.4473159856157478e-06,0.0004463396398560084,0.03
330.32511884186675,0.10510344690423035,0.0040212449293062615,0.029313323585596945,2.4567351750089022e-06,0.0004237156222229755,0.03
330.32511884186675,0.1201182250334061,0.0040219392342041825,0.027645667558896324,2.4661605082957798e-06,0.00040107684691769645,0.03
330.32511884186675,0.13513300316258187,0.00402262726023582,0.025993092741756332,2.47556903172866e-06,0.00037847844667794096,0.03
330.32511884186675,0.15014778129175763,0.004023307325863693,0.024359638029556607,2.4849363766940604e-06,0.0003559789526168187,0.03
330.32511884186675,0.16516255942093339,0.004023977694645339,0.022749474195344045,2.494236728646448e-06,0.00033364036884277236,0.03
330.32511884186675,0.18017733755010917,0.004024636577079643,0.02116689945313195,2.503442830159547e-06,0.00031152816513042067,0.03
330.32511884186675,0.19519211567928493,0.004025282135065303,0.01961632875079024,2.512526027877652e-06,0.0002897111641502086,0.03
330.32511884186675,0.2102068938084607,0.004025912489537024,0.018102275428772043,2.52145637409216e-06,0.0002682612974926327,0.03
330.32511884186675,0.22522167193763643,0.004026525731864694,0.01662932383888316,2.53020279424486e-06,0.0002472532033417853,0.03
330.32511884186675,0.2402364500668122,0.0040271199395864165,0.01520209155690032,2.5387333316272222e-06,0.00022676363873358056,0.03
330.32511884186675,0.255251228195988,0.004027693196975977,0.013825179979892674,2.5470154796154112e-06,0.00020687068155938508,0.03
330.32511884186675,0.27026600632516373,0.0040282436208201764,0.012503112412973567,2.5550166096496443e-06,0.00018765270260257306,0.03
330.32511884186675,0.28528078445433946,0.0040287693915644325,0.011240259259622193,2.562704499509128e-06,0.00016918709667297565,0.03
330.32511884186675,0.30029556258351525,0.0040292687896826326,0.01004075066595481,2.5700479610075197e-06,0.0001515487749435674,0.03
330.32511884186675,0.31531034071269104,0.004029740236716485,0.00890837794668166,2.5770175589076835e-06,0.00013480843818486628,0.03
330.32511884186675,0.33032511884186677,0.004030182339932231,0.007846486324565556,2.5835864037439707e-06,0.00011903067248095177,0.03
330.32511884186675,0.34533989697104256,0.0040305939389671825,0.006857862890246088,2.589730990767552e-06,0.00010427193416118346,0.03
330.32511884186675,0.36035467510021835,0.004030974152240153,0.0059446251276993566,2.5954320462369403e-06,9.057851708736952e-05,0.03
330.32511884186675,0.3753694532293941,0.004031322420344713,0.005108116688226483,2.6006753320294334e-06,7.798462004989563e-05,0.03
330.32511884186675,0.39038423135856987,0.004031638543215779,0.004348818118376335,2.605452351688336e-06,6.651065090331047e-05,0.03
330.32511884186675,0.4053990094877456,0.004031922707670392,0.003666280711424183,2.6097608973908785e-06,5.616191279636682e-05,0.03
330.32511884186675,0.4204137876169214,0.004032175502054866,0.0030590913243218275,2.6136053796415953e-06,4.692781227170292e-05,0.03
330.32511884186675,0.4354285657460972,0.00403239791527289,0.00252487471104197,2.6169968909914292e-06,3.87817062108452e-05,0.03
330.32511884186675,0.45044334387527285,0.004032591318427909,0.0020603376176733597,2.6199529720162973e-06,3.168146392595451e-05,0.03
330.32511884186675,0.46545812200444864,0.004032757428642646,0.0016613556815965407,2.62249707116197e-06,2.5570764553556574e-05,0.03
330.32511884186675,0.4804729001336244,0.00403289825620533,0.001323100382566308,2.6246577175066387e-06,2.0381083997136585e-05,0.03
330.32511884186675,0.4954876782628002,0.004033016037815627,0.0010401993802883918,2.6264674534605214e-06,1.6034258479824434e-05,0.03
330.32511884186675,0.510502456391976,0.004033113160146093,0.0008069201103559022,2.6279615988031527e-06,1.244545320849766e-05,0.03
330.32511884186675,0.5255172345211517,0.0040331920789605765,0.0006173640554486906,2.6291769343488524e-06,9.526324088022102e-06,0.03
330.32511884186675,0.5405320126503275,0.004033255239453106,0.0004656580848268311,2.6301504001030605e-06,7.1881446317598475e-06,0.03
330.32511884186675,0.5555467907795033,0.00403330500322387,0.00034612985037127576,2.6309178979626043e-06,5.344681767920685e-06,0.03
330.32511884186675,0.5705615689086789,0.0040333435864297485,0.00025345634480941696,2.6315132737590376e-06,3.914640883325081e-06,0.03
330.32511884186675,0.5855763470378548,0.004033373012278728,0.0001827780044449564,2.6319675304718415e-06,2.8235556174411604e-06,0.03
330.32511884186675,0.6005911251670305,0.004033395079422745,0.00012977462882477365,2.6323082976377587e-06,2.0050622993567625e-06,0.03
330.32511884186675,0.6156059032962063,0.004033411346175841,9.070328658185883e-05,2.632559555505463e-06,1.4015625077106665e-06,0.03
330.32511884186675,0.6306206814253821,0.004033423129088793,6.240173846574082e-05,2.6327415899465904e-06,9.643313743967025e-07,0.03
330.32511884186675,0.6456354595545578,0.004033431513392911,4.226335501108003e-05,2.6328711379610047e-06,6.531680996128703e-07,0.03
330.32511884186675,0.6606502376837335,0.004033437372255292,2.8190865176505273e-05,2.6329616748141047e-06,4.3570627559505543e-07,0.03
330.32511884186675,0.6756650158129094,0.004033441391668989,1.853657341165779e-05,2.633023792100918e-06,2.8650581350137664e-07,0.03
330.32511884186675,0.6906797939420851,0.004033444098034725,1.2036111080136112e-05,2.633065620012061e-06,1.8603870005204055e-07,0.03
330.32511884186675,0.705694572071261,0.004033445885979874,7.741616974569893e-06,2.6330932549391577e-06,1.1966192790009284e-07,0.03
330.32511884186675,0.7207093502004367,0.004033447044576837,4.958763833544888e-06,2.633111163354516e-06,7.66474135893528e-08,0.03
330.32511884186675,0.7357241283296123,0.004033447780755999,3.1905228002001165e-06,2.6331225429358495e-06,4.931460839245391e-08,0.03
330.32511884186675,0.7507389064587882,0.0040334482392829826,2.089179370191211e-06,2.6331296309371403e-06,3.2289818468607334e-08,0.03
330.32511884186675,0.7657536845879639,0.004033448519134414,1.4169995973008014e-06,2.633133957086462e-06,2.1898766047776587e-08,0.03
330.32511884186675,0.7807684627171397,0.004033448686442246,1.0151402506176517e-06,2.63313654353856e-06,1.5686321574847273e-08,0.03
330.32511884186675,0.7957832408463155,0.0040334487843841586,7.79892218606578e-07,2.633138057693072e-06,1.204944708042684e-08,0.03
330.32511884186675,0.8107980189754912,0.004033448840503668,6.450981578713794e-07,2.633138925310932e-06,9.965500248016315e-09,0.03
330.32511884186675,0.825812797104667,0.0040334488719647186,5.695316071561707e-07,2.633139411718878e-06,8.797188230269233e-09,0.03
330.32511884186675,0.8408275752338428,0.004033448889213491,5.281016013956322e-07,2.633139678404268e-06,8.156631675455523e-09,0.03
330.32511884186675,0.8558423533630185,0.004033448898457617,5.058976575358944e-07,2.6331398213355e-06,7.81332222114301e-09,0.03
330.32511884186675,0.8708571314921943,0.004033448903298165,4.942706397212883e-07,2.63313989618312e-06,7.633543999935937e-09,0.03
330.32511884186675,0.8858719096213701,0.004033448905773304,4.883248080900664e-07,2.633139934459743e-06,7.541606137356865e-09,0.03
330.32511884186675,0.9008866877505457,0.004033448907008506,4.853570064900831e-07,2.6331399535655468e-06,7.495714909248149e-09,0.03
330.32511884186675,0.9159014658797215,0.004033448907610596,4.839119150474791e-07,2.633139962869301e-06,7.473368737366582e-09,0.03
330.32511884186675,0.9309162440088973,0.004033448907895882,4.832258872157661e-07,2.633139967285846e-06,7.462760029156333e-09,0.03
330.32511884186675,0.9459310221380731,0.004033448908027449,4.829085591535607e-07,2.63313996932856e-06,7.457852733909552e-09,0.03
330.32511884186675,0.9609458002672489,0.0040334489080871986,4.827656316935992e-07,2.633139970248964e-06,7.455642377538045e-09,0.03
330.32511884186675,0.9759605783964246,0.004033448908113316,4.827029893361846e-07,2.6331399706523257e-06,7.454673592081701e-09,0.03
330.32511884186675,0.9909753565256004,0.004033448908125254,4.826762928578108e-07,2.63313997082476e-06,7.45426070968742e-09,0.03
330.32511884186675,1.0059901346547762,0.004033448908130686,4.826652382405213e-07,2.633139970896483e-06,7.454089736129006e-09,0.03
330.32511884186675,1.021004912783952,0.004033448908134112,4.826607940944376e-07,2.6331399709261286e-06,7.454020999790512e-09,0.03
330.32511884186675,1.0360196909131276,0.004033448908136123,4.826590610179126e-07,2.63313997093813e-06,7.453994194000176e-09,0.03
330.32511884186675,1.0510344690423035,0.004033448908138121,4.826584060219346e-07,2.6331399709434738e-06,7.453984062767262e-09,0.03
330.32511884186675,1.0660492471714793,0.0040334489081401146,4.826581663419872e-07,2.6331399709462525e-06,7.4539803553784e-09,0.03
330.32511884186675,1.081064025300655,0.004033448908142108,4.826580815124675e-07,2.633139970948076e-06,7.453979043189939e-09,0.03
330.32511884186675,1.0960788034298308,0.004033448908144103,4.826580525059685e-07,2.6331399709495576e-06,7.45397859448867e-09,0.03
330.32511884186675,1.1110935815590066,0.004033448908146098,4.826580429357279e-07,2.633139970950918e-06,7.453978446442312e-09,0.03
330.32511884186675,1.1261083596881822,0.004033448908148092,4.82658039893961e-07,2.633139970952238e-06,7.453978399386414e-09,0.03
330.32511884186675,1.1411231378173579,0.004033448908150088,4.826580389652038e-07,2.6331399709535467e-06,7.453978385018108e-09,0.03
330.32511884186675,1.1561379159465337,0.004033448908152081,4.826580386945953e-07,2.633139970954849e-06,7.453978380831479e-09,0.03
330.32511884186675,1.1711526940757095,0.0040334489081540765,4.826580386208382e-07,2.6331399709561513e-06,7.453978379690266e-09,0.03
330.32511884186675,1.1861674722048854,0.004033448908156073,4.826580386037788e-07,2.6331399709574536e-06,7.453978379426293e-09,0.03
330.32511884186675,1.201182250334061,0.004033448908158069,4.826580386001689e-07,2.6331399709587564e-06,7.45397837937054e-09,0.03
330.32511884186675,1.2161970284632369,0.004033448908160064,4.826580385965589e-07,2.633139970960059e-06,7.453978379314789e-09,0.03
330.32511884186675,1.2312118065924127,0.004033448908162057,4.826580385929491e-07,2.6331399709613597e-06,7.453978379259038e-09,0.03
330.32511884186675,1.2462265847215883,0.004033448908164051,4.826580385893391e-07,2.6331399709626603e-06,7.453978379203286e-09,0.03
330.32511884186675,1.2612413628507642,0.004033448908166043,4.826580385857293e-07,2.6331399709639597e-06,7.453978379147534e-09,0.03
330.32511884186675,1.27625614097994,0.004033448908168037,4.826580385821194e-07,2.633139970965261e-06,7.453978379091784e-09,0.03
330.32511884186675,1.2912709191091156,0.00403344890817003,4.826580385785095e-07,2.6331399709665618e-06,7.453978379036032e-09,0.03
330.32511884186675,1.3062856972382915,0.004033448908172023,4.826580385748996e-07,2.6331399709678632e-06,7.45397837898028e-09,0.03
330.32511884186675,1.321300475367467,0.004033448908174019,4.826580385712897e-07,2.633139970969165e-06,7.453978378924528e-09,0.03
330.32511884186675,1.336315253496643,0.004033448908176015,4.826580385676798e-07,2.633139970970467e-06,7.453978378868778e-09,0.03
330.32511884186675,1.3513300316258188,0.004033448908178009,4.826580385640698e-07,2.6331399709717685e-06,7.453978378813026e-09,0.03
330.32511884186675,1.3663448097549946,0.004033448908180004,4.826580385604599e-07,2.633139970973071e-06,7.453978378757274e-09,0.03
330.32511884186675,1.3813595878841702,0.004033448908181996,4.8265803855685e-07,2.6331399709743714e-06,7.453978378701523e-09,0.03
330.32511884186675,1.396374366013346,0.004033448908183992,4.826580385532401e-07,2.6331399709756733e-06,7.453978378645771e-09,0.03
330.32511884186675,1.411389144142522,0.004033448908185984,4.826580385496302e-07,2.6331399709769735e-06,7.45397837859002e-09,0.03
330.32511884186675,1.4264039222716975,0.004033448908187978,4.826580385460203e-07,2.633139970978275e-06,7.45397837853427e-09,0.03
330.32511884186675,1.4414187004008734,0.00403344890818997,4.826580385424103e-07,2.6331399709795743e-06,7.453978378478517e-09,0.03
330.32511884186675,1.4564334785300492,0.004033448908191964,4.826580385388005e-07,2.6331399709808758e-06,7.453978378422765e-09,0.03
330.32511884186675,1.4714482566592246,0.004033448908193955,4.826580385351906e-07,2.6331399709821755e-06,7.453978378367015e-09,0.03
330.32511884186675,1.4864630347884005,0.0040334489081959475,4.826580385315806e-07,2.633139970983475e-06,7.453978378311261e-09,0.03
330.32511884186675,1.5014778129175763,0.004033448908197938,4.826580385279707e-07,2.6331399709847747e-06,7.45397837825551e-09,0.03
345.33989697104255,0.015014778129175763,0.004020007581966975,0.03228531649639169,2.44010826888768e-06,0.00046365189691821335,0.03
345.33989697104255,0.030029556258351527,0.004020686125959267,0.030655516785597785,2.4491999132366527e-06,0.00044181461251684736,0.03
345.33989697104255,0.04504433438752729,0.004021361539143713,0.029033236947056482,2.4583141067238015e-06,0.0004199231666559225,0.03
345.33989697104255,0.06005911251670305,0.004022032401153187,0.02742188856923401,2.4674312696263056e-06,0.00039802458798292724,0.03
345.33989697104255,0.07507389064587881,0.0040226972437956065,0.02582499811261635,2.4765306117099353e-06,0.0003761688126807976,0.03
345.33989697104255,0.09008866877505459,0.0040233545492776,0.024246211174157845,2.48559008094532e-06,0.00035440880764585163,0.03
345.33989697104255,0.10510344690423035,0.004024002749776019,0.0226892935185676,2.4945863334425634e-06,0.00033280064270403063,0.03
345.33989697104255,0.1201182250334061,0.004024640228746538,0.02115812793483931,2.503494731673517e-06,0.00031140349488147865,0.03
345.33989697104255,0.13513300316258187,0.004025265324404527,0.019656705873984055,2.51228937899217e-06,0.0002902795654898758,0.03
345.33989697104255,0.15014778129175763,0.004025876335849262,0.018189112741245617,2.5209431992728767e-06,0.0002694938888453287,0.03
345.33989697104255,0.16516255942093339,0.004026471532316738,0.01675950567110268,2.529428071022617e-06,0.00024911401014429365,0.03
345.33989697104255,0.18017733755010917,0.004027049166043528,0.015372082628756101,2.5377150254185457e-06,0.0002292095097970082,0.03
345.33989697104255,0.19519211567928493,0.004027607489181036,0.014031041784932585,2.5457745171524655e-06,0.0002098513528868651,0.03
345.33989697104255,0.2102068938084607,0.004028144775105007,0.012740530332158483,2.5535767754881478e-06,0.00019111104596514203,0.03
345.33989697104255,0.22522167193763643,0.00402865934431329,0.011504582281161226,2.561092240311852e-06,0.00017305958970039625,0.03
345.33989697104255,0.2402364500668122,0.004029149594875433,0.010327045322540307,2.568292083959006e-06,0.00015576622550031227,0.03
345.33989697104255,0.255251228195988,0.0040296140370930855,0.009211497577426507,2.5751488141038856e-06,0.00013929698742940613,0.03
345.33989697104255,0.27026600632516373,0.004030051331639613,0.00816115598845318,2.5816369460147286e-06,0.0001237130875150206,0.03
345.33989697104255,0.28528078445433946,0.004030460330000288,0.007178779187363644,2.5877337242571577e-06,0.00010906918228399046,0.03
345.33989697104255,0.30029556258351525,0.004030840115541759,0.006266568848936958,2.593419864996385e-06,9.541158982062234e-05,0.03
345.33989697104255,0.31531034071269104,0.004031190043064339,0.005426074690750034,2.598680281278045e-06,8.277654770853202e-05,0.03
345.33989697104255,0.33032511884186677,0.0040315097742826085,0.004658109250971696,2.6035047462273667e-06,7.118862008454043e-05,0.03
345.33989697104255,0.34533989697104256,0.0040317993064283375,0.003962679187687208,2.6078884444025732e-06,6.065937333583247e-05,0.03
345.33989697104255,0.36035467510021835,0.004032058991141922,0.0033389399017665715,2.6118323609906806e-06,5.1186441281910516e-05,0.03
345.33989697104255,0.3753694532293941,0.0040322895410965075,0.0027851796277714946,2.6153434633349537e-06,4.2753089157804114e-05,0.03
345.33989697104255,0.39038423135856987,0.004032492022404015,0.002298837671597724,2.618434640039466e-06,3.5328359871610537e-05,0.03
345.33989697104255,0.4053990094877456,0.004032667831796511,0.0018765592197283257,2.621124379375441e-06,2.8867846437200177e-05,0.03
345.33989697104255,0.4204137876169214,0.0040328186587705655,0.0015142862637409964,2.62343618961525e-06,2.3315084271823846e-05,0.03
345.33989697104255,0.4354285657460972,0.0040329464342214755,0.001207380977664422,2.625397786957573e-06,1.8603501721051675e-05,0.03
345.33989697104255,0.45044334387527285,0.004033053268387866,0.0009507747667045806,2.6270400988394736e-06,1.4658814006021982e-05,0.03
345.33989697104255,0.46545812200444864,0.00403314138200681,0.0007391336281885014,2.628396148427541e-06,1.1401702572294606e-05,0.03
345.33989697104255,0.4804729001336244,0.004033213035250207,0.0005670288379235278,2.629499897110789e-06,8.750595313960785e-06,0.03
345.33989697104255,0.4954876782628002,0.004033270459188036,0.000429101571448788,2.630385124129606e-06,6.624357604877244e-06,0.03
345.33989697104255,0.510502456391976,0.004033315794144637,0.000320210964387083,2.631084415728596e-06,4.9447202621522596e-06,0.03
345.33989697104255,0.5255172345211517,0.004033351038469189,0.00023555716381853402,2.6316283216430975e-06,3.638305593826689e-06,0.03
345.33989697104255,0.5405320126503275,0.004033378010040308,0.0001707737883893794,2.6320447167619946e-06,2.6381606292568426e-06,0.03
345.33989697104255,0.5555467907795033,0.004033398321487135,0.00012198744781241934,2.6323583836419585e-06,1.8847598880989636e-06,0.03
345.33989697104255,0.5705615689086789,0.004033413368798783,8.584510081159394e-05,2.6325908103685024e-06,1.3264909031534903e-06,0.03
345.33989697104255,0.5855763470378548,0.00403342433190779,5.951265300716748e-05,2.6327601807358535e-06,9.19677810706263e-07,0.03
345.33989697104255,0.6005911251670305,0.004033432185062525,4.065004635902089e-05,2.6328815215256907e-06,6.282276054249776e-07,0.03
345.33989697104255,0.6156059032962063,0.004033437714393216,2.7369064819333706e-05,2.632966965394856e-06,4.229987087290662e-07,0.03
345.33989697104255,0.6306206814253821,0.004033441540024791,1.8180222507554874e-05,2.6330260871465137e-06,2.8099327832705214e-07,0.03
345.33989697104255,0.6456354595545578,0.004033444140305334,1.1934568533112486e-05,2.6330662748312583e-06,1.844658574847396e-07,0.03
345.33989697104255,0.6606502376837335,0.00403344587613401,7.765254455813863e-06,2.633093103746409e-06,1.2002506355352974e-07,0.03
345.33989697104255,0.6756650158129094,0.004033447013875659,5.0324945315293705e-06,2.6331106894520966e-06,7.778567458517598e-08,0.03
345.33989697104255,0.6906797939420851,0.004033447745870066,3.274305230854586e-06,2.633122004106255e-06,5.060882158110938e-08,0.03
345.33989697104255,0.705694572071261,0.004033448208008401,2.164287706106234e-06,2.6331291477721025e-06,3.345033163069719e-08,0.03
345.33989697104255,0.7207093502004367,0.004033448494230878,1.4768049560159951e-06,2.6331335723068513e-06,2.2822966418332034e-08,0.03
345.33989697104255,0.7357241283296123,0.004033448668077126,1.0592404016715322e-06,2.633136259774214e-06,1.6367891958100407e-08,0.03
345.33989697104255,0.7507389064587882,0.00403344877159433,8.106002621080273e-07,2.6331378600841243e-06,1.2524079220297314e-08,0.03
345.33989697104255,0.7657536845879639,0.00403344883200236,6.655047380936029e-07,2.6331387939829536e-06,1.0280930662318261e-08,0.03
345.33989697104255,0.7807684627171397,0.004033448866536929,5.825551327811269e-07,2.6331393278988966e-06,8.998507991642574e-09,0.03
345.33989697104255,0.7957832408463155,0.004033448885871087,5.361156731188163e-07,2.6331396268211957e-06,8.28052074028947e-09,0.03
345.33989697104255,0.8107980189754912,0.0040334488964668454,5.106649733650583e-07,2.6331397906473423e-06,7.887023284738272e-09,0.03
345.33989697104255,0.825812797104667,0.004033448902148812,4.970169094294133e-07,2.633139878502417e-06,7.676002217327786e-09,0.03
345.33989697104255,0.8408275752338428,0.004033448905129042,4.898585829807741e-07,2.6331399245832396e-06,7.56531976070372e-09,0.03
345.33989697104255,0.8558423533630185,0.004033448906657555,4.861881073203074e-07,2.633139948212389e-06,7.50856502223804e-09,0.03
345.33989697104255,0.8708571314921943,0.004033448907423886,4.843490501858603e-07,2.6331399600522047e-06,7.480127781147493e-09,0.03
345.33989697104255,0.8858719096213701,0.004033448907799364,4.834491143743505e-07,2.633139965846452e-06,7.466211723877897e-09,0.03
345.33989697104255,0.9008866877505457,0.0040334489079785225,4.830192397095216e-07,2.6331399686141556e-06,7.459564214855264e-09,0.03
345.33989697104255,0.9159014658797215,0.004033448908061353,4.828189100836342e-07,2.6331399699035617e-06,7.45646626305925e-09,0.03
345.33989697104255,0.9309162440088973,0.004033448908098554,4.827278835092747e-07,2.6331399704891787e-06,7.455058563271814e-09,0.03
345.33989697104255,0.9459310221380731,0.004033448908116165,4.826875798591025e-07,2.6331399707492233e-06,7.454435261190916e-09,0.03
345.33989697104255,0.9609458002672489,0.004033448908124306,4.826702021297422e-07,2.6331399708617076e-06,7.454166504332159e-09,0.03
345.33989697104255,0.9759605783964246,0.004033448908128117,4.826629106076273e-07,2.633139970909164e-06,7.454053733434739e-09,0.03
345.33989697104255,0.9909753565256004,0.004033448908130131,4.826599354673361e-07,2.6331399709288264e-06,7.454007718524153e-09,0.03
345.33989697104255,1.0059901346547762,0.004033448908132137,4.82658755879151e-07,2.6331399709374103e-06,7.453989473946129e-09,0.03
345.33989697104255,1.021004912783952,0.004033448908134134,4.826583017943574e-07,2.633139970941514e-06,7.453982450461638e-09,0.03
345.33989697104255,1.0360196909131276,0.004033448908136131,4.826581322222112e-07,2.6331399709438634e-06,7.453979827557403e-09,0.03
345.33989697104255,1.0510344690423035,0.004033448908138124,4.826580708483517e-07,2.6331399709455422e-06,7.45397887821343e-09,0.03
345.33989697104255,1.0660492471714793,0.004033448908140115,4.826580493410084e-07,2.633139970946975e-06,7.453978545523844e-09,0.03
345.33989697104255,1.081064025300655,0.004033448908142108,4.826580420521656e-07,2.63313997094832e-06,7.453978432772054e-09,0.03
345.33989697104255,1.0960788034298308,0.004033448908144103,4.826580396670254e-07,2.6331399709496364e-06,7.453978395874992e-09,0.03
345.33989697104255,1.1110935815590066,0.004033448908146098,4.826580389156247e-07,2.633139970950943e-06,7.453978384250754e-09,0.03
345.33989697104255,1.1261083596881822,0.004033448908148092,4.82658038689384e-07,2.6331399709522456e-06,7.453978380750607e-09,0.03
345.33989697104255,1.1411231378173579,0.004033448908150088,4.826580386260257e-07,2.633139970953549e-06,7.453978379770302e-09,0.03
345.33989697104255,1.1561379159465337,0.004033448908152081,4.826580386109986e-07,2.633139970954849e-06,7.453978379537793e-09,0.03
345.33989697104255,1.1711526940757095,0.0040334489081540765,4.826580386073888e-07,2.6331399709561513e-06,7.453978379482043e-09,0.03
345.33989697104255,1.1861674722048854,0.004033448908156073,4.826580386037788e-07,2.6331399709574536e-06,7.453978379426293e-09,0.03
345.33989697104255,1.201182250334061,0.004033448908158069,4.826580386001689e-07,2.6331399709587564e-06,7.45397837937054e-09,0.03
345.33989697104255,1.2161970284632369,0.004033448908160064,4.826580385965589e-07,2.633139970960059e-06,7.453978379314789e-09,0.03
345.33989697104255,1.2312118065924127,0.004033448908162057,4.826580385929491e-07,2.6331399709613597e-06,7.453978379259038e-09,0.03
345.33989697104255,1.2462265847215883,0.004033448908164051,4.826580385893391e-07,2.6331399709626603e-06,7.453978379203286e-09,0.03
345.33989697104255,1.2612413628507642,0.004033448908166043,4.826580385857293e-07,2.6331399709639597e-06,7.453978379147534e-09,0.03
345.33989697104255,1.27625614097994,0.004033448908168037,4.826580385821194e-07,2.633139970965261e-06,7.453978379091784e-09,0.03
345.33989697104255,1.2912709191091156,0.00403344890817003,4.826580385785095e-07,2.6331399709665618e-06,7.453978379036032e-09,0.03
345.33989697104255,1.3062856972382915,0.004033448908172023,4.826580385748996e-07,2.6331399709678632e-06,7.45397837898028e-09,0.03
345.33989697104255,1.321300475367467,0.004033448908174019,4.826580385712897e-07,2.633139970969165e-06,7.453978378924528e-09,0.03
345.33989697104255,1.336315253496643,0.004033448908176015,4.826580385676798e-07,2.633139970970467e-06,7.453978378868778e-09,0.03
345.33989697104255,1.3513300316258188,0.004033448908178009,4.826580385640698e-07,2.6331399709717685e-06,7.453978378813026e-09,0.03
345.33989697104255,1.3663448097549946,0.004033448908180004,4.826580385604599e-07,2.633139970973071e-06,7.453978378757274e-09,0.03
345.33989697104255,1.3813595878841702,0.004033448908181996,4.8265803855685e-07,2.6331399709743714e-06,7.453978378701523e-09,0.03
345.33989697104255,1.396374366013346,0.004033448908183992,4.826580385532401e-07,2.6331399709756733e-06,7.453978378645771e-09,0.03
345.33989697104255,1.411389144142522,0.004033448908185984,4.826580385496302e-07,2.6331399709769735e-06,7.45397837859002e-09,0.03
345.33989697104255,1.4264039222716975,0.004033448908187978,4.826580385460203e-07,2.633139970978275e-06,7.45397837853427e-09,0.03
345.33989697104255,1.4414187004008734,0.00403344890818997,4.826580385424103e-07,2.6331399709795743e-06,7.453978378478517e-09,0.03
345.33989697104255,1.4564334785300492,0.004033448908191964,4.826580385388005e-07,2.6331399709808758e-06,7.453978378422765e-09,0.03
345.33989697104255,1.4714482566592246,0.004033448908193955,4.826580385351906e-07,2.6331399709821755e-06,7.453978378367015e-09,0.03
345.33989697104255,1.4864630347884005,0.0040334489081959475,4.826580385315806e-07,2.633139970983475e-06,7.453978378311261e-09,0.03
345.33989697104255,1.5014778129175763,0.004033448908197938,4.826580385279707e-07,2.6331399709847747e-06,7.45397837825551e-09,0.03
360.35467510021834,0.015014778129175763,0.004022763485910757,0.02566589012783997,2.4774414290436404e-06,0.00037398110641697436,0.03
360.35467510021834,0.030029556258351527,0.00402339962060844,0.024137953462612643,2.4862142831494635e-06,0.000352909524409883,0.03
360.35467510021834,0.04504433438752729,0.004024027188951574,0.02263059234710263,2.4949274020312594e-06,0.0003319814202813846,0.03
360.35467510021834,0.06005911251670305,0.004024644724909521,0.021147328050213163,2.503558430169738e-06,0.0003112504898866337,0.03
360.35467510021834,0.07507389064587881,0.004025250720322355,0.01969178303181455,2.5120838721483396e-06,0.0002907731670099362,0.03
360.35467510021834,0.09008866877505459,0.004025843629828657,0.01826766910501752,2.52047915515054e-06,0.00027060847325207217,0.03
360.35467510021834,0.10510344690423035,0.004026421878413918,0.016878769308487543,2.528718736767151e-06,0.00025081775909019583,0.03
360.35467510021834,0.1201182250334061,0.004026983871984542,0.015528912506672909,2.536776266072515e-06,0.0002314643169879616,0.03
360.35467510021834,0.13513300316258187,0.004027528011352561,0.014221939801923721,2.544624805603048e-06,0.0002126128482265472,0.03
360.35467510021834,0.15014778129175763,0.004028052709943806,0.01296166199838356,2.5522371208536443e-06,0.00019432876756114993,0.03
360.35467510021834,0.16516255942093339,0.004028556415437565,0.011751807627971872,2.559586042018912e-06,0.0001766773343553638,0.03
360.35467510021834,0.18017733755010917,0.004029037635368394,0.010595961456377118,2.566644899746472e-06,0.00015972260594336295,0.03
360.35467510021834,0.19519211567928493,0.004029494966492599,0.009497493947605205,2.573388032527491e-06,0.0001435262189264931,0.03
360.35467510021834,0.2102068938084607,0.004029927127421787,0.00845948288240826,2.579791357983851e-06,0.00012814601699648692,0.03
360.35467510021834,0.22522167193763643,0.004030332993667371,0.007484629182115077,2.5858329938523125e-06,0.00011363455938819666,0.03
360.35467510021834,0.2402364500668122,0.0040307116338489015,0.00657516994144269,2.591493907254453e-06,0.00010003756139469698,0.03
360.35467510021834,0.255251228195988,0.0040310623454085474,0.005732792645982217,2.5967585634490083e-06,8.739233612381925e-05,0.03
360.35467510021834,0.27026600632516373,0.004031384687808487,0.004958555432900538,2.601615538541232e-06,7.572632282396611e-05,0.03
360.35467510021834,0.28528078445433946,0.004031678510918621,0.0042528189092409146,2.606058055615047e-06,6.505579914362605e-05,0.03
360.35467510021834,0.30029556258351525,0.0040319439761791025,0.003615195318760869,2.6100844015918726e-06,5.538487986971393e-05,0.03
360.35467510021834,0.31531034071269104,0.004032181568232993,0.0030445206017869885,2.613698183878541e-06,4.670490047885652e-05,0.03
360.35467510021834,0.33032511884186677,0.004032392095082856,0.0025388540185695505,2.6169083922624246e-06,3.8994268465613557e-05,0.03
360.35467510021834,0.34533989697104256,0.004032576675466204,0.0020955084728833634,2.6197292427319856e-06,3.2218838466102134e-05,0.03
360.35467510021834,0.36035467510021835,0.004032736713027316,0.0017111125469338856,2.6221797953579537e-06,2.6332830065548825e-05,0.03
360.35467510021834,0.3753694532293941,0.0040328738579235735,0.001381702721458826,2.6242833566726083e-06,2.128026322468392e-05,0.03
360.35467510021834,0.39038423135856987,0.004032989957607935,0.0011028415890881266,2.6260666960093297e-06,1.699684055434423e-05,0.03
360.35467510021834,0.4053990094877456,0.004033086999555024,0.0008697554229182111,2.627559122501293e-06,1.3412164278203421e-05,0.03
360.35467510021834,0.4204137876169214,0.004033167049470172,0.0006774825906218862,2.628791482372098e-06,1.0452144645806374e-05,0.03
360.35467510021834,0.4354285657460972,0.004033232188946334,0.0005210232986903445,2.6297951428317806e-06,8.041440522404887e-06,0.03
360.35467510021834,0.45044334387527285,0.004033284456516725,0.00039548117687525185,2.6306010282795367e-06,6.105774341940406e-06,0.03
360.35467510021834,0.46545812200444864,0.004033325795617026,0.0002961882701167807,2.6312387667820106e-06,4.573982191825426e-06,0.03
360.35467510021834,0.4804729001336244,0.0040333580121648645,0.00021880692741228224,2.6317359912275405e-06,3.3796923789664063e-06,0.03
360.35467510021834,0.4954876782628002,0.004033382743434227,0.00015940456478716333,2.632117822330131e-06,2.4625672121600223e-06,0.03
360.35467510021834,0.510502456391976,0.004033401438779042,0.00011449996343526447,2.632406542324488e-06,1.7690867593192908e-06,0.03
360.35467510021834,0.5255172345211517,0.004033415351719726,8.108227842032711e-05,2.632621451239735e-06,1.2528940693711966e-06,0.03
360.35467510021834,0.5405320126503275,0.004033425542049447,5.660598133311533e-05,2.6327788839921222e-06,8.747541213887848e-07,0.03
360.35467510021834,0.5555467907795033,0.00403343288603471,3.896635716236704e-05,2.63289235736284e-06,6.022007983348645e-07,0.03
360.35467510021834,0.5705615689086789,0.004033438092503762,2.6460862252378395e-05,2.6329728115364774e-06,4.0895673610712997e-07,0.03
360.35467510021834,0.5855763470378548,0.004033441722599711,1.7741679968246776e-05,2.6330289108339557e-06,2.7421099216492596e-07,0.03
360.35467510021834,0.6005911251670305,0.004033444211181216,1.1764317625679467e-05,2.6330673716549277e-06,1.8183135801575038e-07,0.03
360.35467510021834,0.6156059032962063,0.004033445888205025,7.73624760550153e-06,2.6330932912656665e-06,1.1957464079644862e-07,0.03
360.35467510021834,0.6306206814253821,0.004033446998843795,5.06858661455612e-06,2.6331104577435653e-06,7.834220490000983e-08,0.03
360.35467510021834,0.6456354595545578,0.004033447721517542,3.332784904577205e-06,2.633121628109535e-06,5.1511922268258114e-08,0.03
360.35467510021834,0.6606502376837335,0.004033448183402333,2.2233766587330786e-06,2.6331287677081133e-06,3.436320318548439e-08,0.03
360.35467510021834,0.6756650158129094,0.0040334484732890905,1.5270931251446776e-06,2.6331332487865626e-06,2.3600025989044692e-08,0.03
360.35467510021834,0.6906797939420851,0.004033448651898172,1.098089305274996e-06,2.6331360098150027e-06,1.696826496040074e-08,0.03
360.35467510021834,0.705694572071261,0.004033448759899891,8.386784806247181e-07,2.6331376794081003e-06,1.2958040600085356e-08,0.03
360.35467510021834,0.7207093502004367,0.004033448823972993,6.847805013503285e-07,2.6331386699388956e-06,1.057886744291976e-08,0.03
360.35467510021834,0.7357241283296123,0.004033448861254948,5.952325480048718e-07,2.633139246311117e-06,9.194468834508346e-09,0.03
360.35467510021834,0.7507389064587882,0.00403344888252423,5.441455835154561e-07,2.6331395751397587e-06,8.404649406716517e-09,0.03
360.35467510021834,0.7657536845879639,0.004033448894416997,5.155799806988475e-07,2.633139759011457e-06,7.963004482442522e-09,0.03
360.35467510021834,0.7807684627171397,0.0040334489009321,4.999306485652287e-07,2.6331398597460735e-06,7.721047737186755e-09,0.03
360.35467510021834,0.7957832408463155,0.004033448904427594,4.915341089569832e-07,2.6331399137959248e-06,7.591223942607589e-09,0.03
360.35467510021834,0.8107980189754912,0.00403344890626346,4.871236644461948e-07,2.6331399421872986e-06,7.523029604498758e-09,0.03
360.35467510021834,0.825812797104667,0.004033448907207398,4.848566243006894e-07,2.6331399567815047e-06,7.487975640403966e-09,0.03
360.35467510021834,0.8408275752338428,0.0040334489076816575,4.83716795167106e-07,2.633139964119204e-06,7.47035062007346e-09,0.03
360.35467510021834,0.8558423533630185,0.004033448907914273,4.831564909367452e-07,2.6331399677259484e-06,7.461686475306234e-09,0.03
360.35467510021834,0.8708571314921943,0.004033448908026687,4.828873361673161e-07,2.633139969459016e-06,7.45752434393414e-09,0.03
360.35467510021834,0.8858719096213701,0.004033448908079681,4.827610503329938e-07,2.633139970272346e-06,7.455571442932e-09,0.03
360.35467510021834,0.9008866877505457,0.0040334489081042,4.827032072809032e-07,2.6331399706450492e-06,7.454676925807356e-09,0.03
360.35467510021834,0.9159014658797215,0.004033448908115143,4.82677357911665e-07,2.6331399708116005e-06,7.454277165878286e-09,0.03
360.35467510021834,0.9309162440088973,0.00403344890812055,4.826660938030881e-07,2.6331399708845944e-06,7.454102961939322e-09,0.03
360.35467510021834,0.9459310221380731,0.004033448908124137,4.826613105359792e-07,2.633139970916435e-06,7.454028984789829e-09,0.03
360.35467510021834,0.9609458002672489,0.004033448908126147,4.826593324188939e-07,2.6331399709299454e-06,7.453998390755191e-09,0.03
360.35467510021834,0.9759605783964246,0.004033448908128148,4.826585362923604e-07,2.6331399709361618e-06,7.45398607733659e-09,0.03
360.35467510021834,0.9909753565256004,0.004033448908130147,4.826582246897892e-07,2.633139970939388e-06,7.45398125775485e-09,0.03
360.35467510021834,1.0059901346547762,0.004033448908132142,4.826581061743156e-07,2.6331399709414206e-06,7.45397942461694e-09,0.03
360.35467510021834,1.021004912783952,0.004033448908134137,4.82658062407459e-07,2.6331399709429922e-06,7.453978747634802e-09,0.03
360.35467510021834,1.0360196909131276,0.004033448908136132,4.826580467285794e-07,2.6331399709443907e-06,7.453978505108581e-09,0.03
360.35467510021834,1.0510344690423035,0.004033448908138125,4.826580412859572e-07,2.6331399709457256e-06,7.45397842091791e-09,0.03
360.35467510021834,1.0660492471714793,0.004033448908140115,4.826580394581773e-07,2.633139970947036e-06,7.453978392643583e-09,0.03
360.35467510021834,1.081064025300655,0.004033448908142108,4.826580388663419e-07,2.6331399709483395e-06,7.453978383488017e-09,0.03
360.35467510021834,1.0960788034298308,0.004033448908144103,4.826580386831893e-07,2.6331399709496427e-06,7.453978380654551e-09,0.03
360.35467510021834,1.1110935815590066,0.004033448908146098,4.826580386303499e-07,2.6331399709509446e-06,7.453978379836971e-09,0.03
360.35467510021834,1.1261083596881822,0.004033448908148092,4.826580386182184e-07,2.633139970952246e-06,7.453978379649297e-09,0.03
360.35467510021834,1.1411231378173579,0.004033448908150088,4.826580386146086e-07,2.633139970953549e-06,7.453978379593545e-09,0.03
360.35467510021834,1.1561379159465337,0.004033448908152081,4.826580386109986e-07,2.633139970954849e-06,7.453978379537793e-09,0.03
360.35467510021834,1.1711526940757095,0.0040334489081540765,4.826580386073888e-07,2.6331399709561513e-06,7.453978379482043e-09,0.03
360.35467510021834,1.1861674722048854,0.004033448908156073,4.826580386037788e-07,2.6331399709574536e-06,7.453978379426293e-09,0.03
360.35467510021834,1.201182250334061,0.004033448908158069,4.826580386001689e-07,2.6331399709587564e-06,7.45397837937054e-09,0.03
360.35467510021834,1.2161970284632369,0.004033448908160064,4.826580385965589e-07,2.633139970960059e-06,7.453978379314789e-09,0.03
360.35467510021834,1.2312118065924127,0.004033448908162057,4.826580385929491e-07,2.6331399709613597e-06,7.453978379259038e-09,0.03
360.35467510021834,1.2462265847215883,0.004033448908164051,4.826580385893391e-07,2.6331399709626603e-06,7.453978379203286e-09,0.03
360.35467510021834,1.2612413628507642,0.004033448908166043,4.826580385857293e-07,2.6331399709639597e-06,7.453978379147534e-09,0.03
360.35467510021834,1.27625614097994,0.004033448908168037,4.826580385821194e-07,2.633139970965261e-06,7.453978379091784e-09,0.03
360.35467510021834,1.2912709191091156,0.00403344890817003,4.826580385785095e-07,2.6331399709665618e-06,7.453978379036032e-09,0.03
360.35467510021834,1.3062856972382915,0.004033448908172023,4.826580385748996e-07,2.6331399709678632e-06,7.45397837898028e-09,0.03
360.35467510021834,1.321300475367467,0.004033448908174019,4.826580385712897e-07,2.633139970969165e-06,7.453978378924528e-09,0.03
360.35467510021834,1.336315253496643,0.004033448908176015,4.826580385676798e-07,2.633139970970467e-06,7.453978378868778e-09,0.03
360.35467510021834,1.3513300316258188,0.004033448908178009,4.826580385640698e-07,2.6331399709717685e-06,7.453978378813026e-09,0.03
360.35467510021834,1.3663448097549946,0.004033448908180004,4.826580385604599e-07,2.633139970973071e-06,7.453978378757274e-09,0.03
360.35467510021834,1.3813595878841702,0.004033448908181996,4.8265803855685e-07,2.6331399709743714e-06,7.453978378701523e-09,0.03
360.35467510021834,1.396374366013346,0.004033448908183992,4.826580385532401e-07,2.6331399709756733e-06,7.453978378645771e-09,0.03
360.35467510021834,1.411389144142522,0.004033448908185984,4.826580385496302e-07,2.6331399709769735e-06,7.45397837859002e-09,0.03
360.35467510021834,1.4264039222716975,0.004033448908187978,4.826580385460203e-07,2.633139970978275e-06,7.45397837853427e-09,0.03
360.35467510021834,1.4414187004008734,0.00403344890818997,4.826580385424103e-07,2.6331399709795743e-06,7.453978378478517e-09,0.03
360.35467510021834,1.4564334785300492,0.004033448908191964,4.826580385388005e-07,2.6331399709808758e-06,7.453978378422765e-09,0.03
360.35467510021834,1.4714482566592246,0.004033448908193955,4.826580385351906e-07,2.6331399709821755e-06,7.453978378367015e-09,0.03
360.35467510021834,1.4864630347884005,0.0040334489081959475,4.826580385315806e-07,2.633139970983475e-06,7.453978378311261e-09,0.03
360.35467510021834,1.5014778129175763,0.004033448908197938,4.826580385279707e-07,2.6331399709847747e-06,7.45397837825551e-09,0.03
368.11586396444966,0.015014778129175763,0.004024080994483087,0.022501356175547403,2.4956774788687355e-06,0.00033017980163819197,0.03
368.11586396444966,0.030029556258351527,0.004024688036644137,0.021043297013115962,2.5041662425350684e-06,0.00030979057736036525,0.03
368.11586396444966,0.04504433438752729,0.004025283841404877,0.019612229004501193,2.5125517494483325e-06,0.00028964936560953115,0.03
368.11586396444966,0.06005911251670305,0.004025866933904194,0.018211694629246357,2.520810529531887e-06,0.00026981253930958904,0.03
368.11586396444966,0.07507389064587881,0.004026435810435006,0.016845305651088802,2.5289181882317664e-06,0.0002503386918959771,0.03
368.11586396444966,0.09008866877505459,0.0040269889482200056,0.015516719639970254,2.5368495550799e-06,0.00023128828048341846,0.03
368.11586396444966,0.10510344690423035,0.004027524818333084,0.014229608934594696,2.544578888361026e-06,0.00021272313427559637,0.03
368.11586396444966,0.1201182250334061,0.0040280419020648816,0.012987621335414506,2.5520801420300767e-06,0.00019470581345688208,0.03
368.11586396444966,0.13513300316258187,0.004028538710926398,0.011794332055530075,2.559327299365807e-06,0.00017729880778744958,0.03
368.11586396444966,0.15014778129175763,0.004029013810341179,0.010653186816637307,2.5662947752504885e-06,0.0001605635703678636,0.03
368.11586396444966,0.16516255942093339,0.004029465846863021,0.009567436473669222,2.5729578852989457e-06,0.00014455939083549106,0.03
368.11586396444966,0.18017733755010917,0.004029893578495852,0.008540064189216445,2.5792933753031406e-06,0.00012934212368886466,0.03
368.11586396444966,0.19519211567928493,0.00403029590737176,0.007573706944445463,2.585279998694519e-06,0.00011496280127777009,0.03
368.11586396444966,0.2102068938084607,0.004030671913685756,0.006670574031242133,2.590899123236186e-06,0.00010146617658525588,0.03
368.11586396444966,0.22522167193763643,0.004031020889416516,0.005832366056945935,2.596135341430211e-06,8.888925708460366e-05,0.03
368.11586396444966,0.2402364500668122,0.004031342370022149,0.005060198814836951,2.600977052879533e-06,7.725990595911982e-05,0.03
368.11586396444966,0.255251228195988,0.0040316361620318965,0.004354537010983461,2.6054169819833063e-06,6.659559864331685e-05,0.03
368.11586396444966,0.27026600632516373,0.004031902364324012,0.003715143156370139,2.60945259188694e-06,5.690242854983058e-05,0.03
368.11586396444966,0.28528078445433946,0.00403214138093474,0.0031410468014453274,2.6130863565143918e-06,4.817445366938234e-05,0.03
368.11586396444966,0.30029556258351525,0.0040323539235260246,0.002630538606908826,2.6163258575020063e-06,4.039346373878041e-05,0.03
368.11586396444966,0.31531034071269104,0.00403254100217575,0.0021811924668693463,2.6191836821984286e-06,3.352922523212896e-05,0.03
368.11586396444966,0.33032511884186677,0.004032703903909958,0.0017899170697442408,2.6216771122100907e-06,2.7540229439103063e-05,0.03
368.11586396444966,0.34533989697104256,0.004032844159338528,0.0014530360382607722,2.623827608178194e-06,2.2374929979786115e-05,0.03
368.11586396444966,0.36035467510021835,0.004032963498756898,0.0011663933665290837,2.625660113795743e-06,1.7973414486093094e-05,0.03
368.11586396444966,0.3753694532293941,0.004033063800042531,0.0009254785702408551,2.6272022183384466e-06,1.4269416124115968e-05,0.03
368.11586396444966,0.39038423135856987,0.004033147031441432,0.0007255641055913155,2.6284832299037964e-06,1.1192539585346743e-05,0.03
368.11586396444966,0.4053990094877456,0.004033215192822657,0.0005618464728157419,2.6295332192397576e-06,8.670557723523069e-06,0.03
368.11586396444966,0.4204137876169214,0.0040332702590700755,0.00042958218204797014,2.630382095320339e-06,6.631631937039561e-06,0.03
368.11586396444966,0.4354285657460972,0.004033314128994164,0.0003242104644298688,2.6310587685559772e-06,5.00632206424365e-06,0.03
368.11586396444966,0.45044334387527285,0.004033348582498726,0.00024145615170019708,2.6315904465794872e-06,3.7292778427100926e-06,0.03
368.11586396444966,0.46545812200444864,0.004033375247854351,0.0001774082859538749,2.6320020926768445e-06,2.7405397147213376e-06,0.03
368.11586396444966,0.4804729001336244,0.004033395579913719,0.00012857244126647264,2.632316060338617e-06,1.9864166028473227e-06,0.03
368.11586396444966,0.4954876782628002,0.004033410849127942,9.189710707829707e-05,2.6325519013846744e-06,1.4199467813844076e-06,0.03
368.11586396444966,0.510502456391976,0.00403342214037192,6.47765104405034e-05,2.632726331551307e-06,1.000980536634082e-06,0.03
368.11586396444966,0.5255172345211517,0.004033430359970195,4.503374010562085e-05,2.6328533276209603e-06,6.959468724060691e-07,0.03
368.11586396444966,0.5405320126503275,0.004033436248960219,3.088888910124827e-05,2.632944324645091e-06,4.773798004805924e-07,0.03
368.11586396444966,0.5555467907795033,0.004033440400531451,2.091716834663843e-05,2.63300848039563e-06,3.2328315412895047e-07,0.03
368.11586396444966,0.5705615689086789,0.004033443279696297,1.4001658893842356e-05,2.6330529761887426e-06,2.164080376451859e-07,0.03
368.11586396444966,0.5855763470378548,0.004033445243524209,9.284710622384524e-06,2.633083327663779e-06,1.4350636336670206e-07,0.03
368.11586396444966,0.6005911251670305,0.004033446560634895,6.121122116631959e-06,2.6331036848966056e-06,9.461000725667982e-08,0.03
368.11586396444966,0.6156059032962063,0.004033447429034938,4.035298743746177e-06,2.633117107403706e-06,6.237027376325095e-08,0.03
368.11586396444966,0.6306206814253821,0.004033447991751391,2.683701336851441e-06,2.633125805394433e-06,4.1478428884729513e-08,0.03
368.11586396444966,0.6456354595545578,0.004033448350030482,1.823144954400903e-06,2.6331313435495356e-06,2.817624271422848e-08,0.03
368.11586396444966,0.6606502376837335,0.00403344857410951,1.28492585840512e-06,2.6331348073927446e-06,1.9856379557492907e-08,0.03
368.11586396444966,0.6756650158129094,0.004033448711738367,9.543526719321367e-07,2.6331369349414286e-06,1.4746183962214273e-08,0.03
368.11586396444966,0.6906797939420851,0.00403344879472769,7.550189338553874e-07,2.633138217877655e-06,1.1664676993493996e-08,0.03
368.11586396444966,0.705694572071261,0.004033448843842186,6.370495753136875e-07,2.633138977163994e-06,9.840933479756062e-09,0.03
368.11586396444966,0.7207093502004367,0.004033448872361291,5.685484444298793e-07,2.6331394180699872e-06,8.781913087363485e-09,0.03
368.11586396444966,0.7357241283296123,0.004033448888604016,5.295340082391683e-07,2.633139669192291e-06,8.178737368877692e-09,0.03
368.11586396444966,0.7507389064587882,0.004033448897674541,5.077466424518321e-07,2.6331398094336916e-06,7.841888493659264e-09,0.03
368.11586396444966,0.7657536845879639,0.0040334489026393324,4.958209910571561e-07,2.6331398861990035e-06,7.657504041236137e-09,0.03
368.11586396444966,0.7807684627171397,0.004033448905301958,4.894251619627867e-07,2.6331399273699877e-06,7.558614397665967e-09,0.03
368.11586396444966,0.7957832408463155,0.004033448906701099,4.860656118462119e-07,2.633139948996887e-06,7.506669029436643e-09,0.03
368.11586396444966,0.8107980189754912,0.004033448907420776,4.843379467478324e-07,2.6331399601190305e-06,7.479955148624234e-09,0.03
368.11586396444966,0.825812797104667,0.004033448907783336,4.834684883027253e-07,2.6331399657167168e-06,7.466510856161664e-09,0.03
368.11586396444966,0.8408275752338428,0.004033448907961604,4.830404750590188e-07,2.633139968472257e-06,7.459892380049364e-09,0.03
368.11586396444966,0.8558423533630185,0.004033448908047131,4.828344670644637e-07,2.633139969798389e-06,7.456706741256109e-09,0.03
368.11586396444966,0.8708571314921943,0.004033448908086847,4.827375680439869e-07,2.633139970421836e-06,7.455208287017013e-09,0.03
368.11586396444966,0.8858719096213701,0.00403344890810589,4.826930492819688e-07,2.6331399707087974e-06,7.45451982687779e-09,0.03
368.11586396444966,0.9008866877505457,0.004033448908115006,4.826730817492069e-07,2.6331399708378826e-06,7.454211030829365e-09,0.03
368.11586396444966,0.9159014658797215,0.0040334489081201306,4.82664343564661e-07,2.633139970895117e-06,7.454075892006406e-09,0.03
368.11586396444966,0.9309162440088973,0.0040334489081221446,4.826606146786305e-07,2.6331399709194273e-06,7.454018222052479e-09,0.03
368.11586396444966,0.9459310221380731,0.004033448908124154,4.826590639688999e-07,2.6331399709303016e-06,7.453994238552182e-09,0.03
368.11586396444966,0.9609458002672489,0.0040334489081261535,4.826584359200239e-07,2.63313997093548e-06,7.453984524799454e-09,0.03
368.11586396444966,0.9759605783964246,0.004033448908128151,4.826581883660929e-07,2.6331399709383094e-06,7.453980695891171e-09,0.03
368.11586396444966,0.9909753565256004,0.004033448908130148,4.826580934712519e-07,2.633139970940198e-06,7.453979228116908e-09,0.03
368.11586396444966,1.0059901346547762,0.004033448908132143,4.826580581228349e-07,2.6331399709417174e-06,7.453978681355078e-09,0.03
368.11586396444966,1.021004912783952,0.004033448908134137,4.8265804533876e-07,2.633139970943098e-06,7.453978483608437e-09,0.03
368.11586396444966,1.0360196909131276,0.004033448908136132,4.826580408547381e-07,2.633139970944427e-06,7.453978414246785e-09,0.03
368.11586396444966,1.0510344690423035,0.004033448908138125,4.82658039332009e-07,2.6331399709457375e-06,7.453978390691563e-09,0.03
368.11586396444966,1.0660492471714793,0.004033448908140115,4.82658038833201e-07,2.6331399709470394e-06,7.453978382975184e-09,0.03
368.11586396444966,1.081064025300655,0.004033448908142108,4.826580386771692e-07,2.633139970948341e-06,7.453978380561284e-09,0.03
368.11586396444966,1.0960788034298308,0.004033448908144103,4.826580386320478e-07,2.633139970949643e-06,7.453978379863128e-09,0.03
368.11586396444966,1.1110935815590066,0.004033448908146098,4.826580386218284e-07,2.6331399709509446e-06,7.453978379705047e-09,0.03
368.11586396444966,1.1261083596881822,0.004033448908148092,4.826580386182184e-07,2.633139970952246e-06,7.453978379649297e-09,0.03
368.11586396444966,1.1411231378173579,0.004033448908150088,4.826580386146086e-07,2.633139970953549e-06,7.453978379593545e-09,0.03
368.11586396444966,1.1561379159465337,0.004033448908152081,4.826580386109986e-07,2.633139970954849e-06,7.453978379537793e-09,0.03
368.11586396444966,1.1711526940757095,0.0040334489081540765,4.826580386073888e-07,2.6331399709561513e-06,7.453978379482043e-09,0.03
368.11586396444966,1.1861674722048854,0.004033448908156073,4.826580386037788e-07,2.6331399709574536e-06,7.453978379426293e-09,0.03
368.11586396444966,1.201182250334061,0.004033448908158069,4.826580386001689e-07,2.6331399709587564e-06,7.45397837937054e-09,0.03
368.11586396444966,1.2161970284632369,0.004033448908160064,4.826580385965589e-07,2.633139970960059e-06,7.453978379314789e-09,0.03
368.11586396444966,1.2312118065924127,0.004033448908162057,4.826580385929491e-07,2.6331399709613597e-06,7.453978379259038e-09,0.03
368.11586396444966,1.2462265847215883,0.004033448908164051,4.826580385893391e-07,2.6331399709626603e-06,7.453978379203286e-09,0.03
368.11586396444966,1.2612413628507642,0.004033448908166043,4.826580385857293e-07,2.6331399709639597e-06,7.453978379147534e-09,0.03
368.11586396444966,1.27625614097994,0.004033448908168037,4.826580385821194e-07,2.633139970965261e-06,7.453978379091784e-09,0.03
368.11586396444966,1.2912709191091156,0.00403344890817003,4.826580385785095e-07,2.6331399709665618e-06,7.453978379036032e-09,0.03
368.11586396444966,1.3062856972382915,0.004033448908172023,4.826580385748996e-07,2.6331399709678632e-06,7.45397837898028e-09,0.03
368.11586396444966,1.321300475367467,0.004033448908174019,4.826580385712897e-07,2.633139970969165e-06,7.453978378924528e-09,0.03
368.11586396444966,1.336315253496643,0.004033448908176015,4.826580385676798e-07,2.633139970970467e-06,7.453978378868778e-09,0.03
368.11586396444966,1.3513300316258188,0.004033448908178009,4.826580385640698e-07,2.6331399709717685e-06,7.453978378813026e-09,0.03
368.11586396444966,1.3663448097549946,0.004033448908180004,4.826580385604599e-07,2.633139970973071e-06,7.453978378757274e-09,0.03
368.11586396444966,1.3813595878841702,0.004033448908181996,4.8265803855685e-07,2.6331399709743714e-06,7.453978378701523e-09,0.03
368.11586396444966,1.396374366013346,0.004033448908183992,4.826580385532401e-07,2.6331399709756733e-06,7.453978378645771e-09,0.03
368.11586396444966,1.411389144142522,0.004033448908185984,4.826580385496302e-07,2.6331399709769735e-06,7.45397837859002e-09,0.03
368.11586396444966,1.4264039222716975,0.004033448908187978,4.826580385460203e-07,2.633139970978275e-06,7.45397837853427e-09,0.03
368.11586396444966,1.4414187004008734,0.00403344890818997,4.826580385424103e-07,2.6331399709795743e-06,7.453978378478517e-09,0.03
368.11586396444966,1.4564334785300492,0.004033448908191964,4.826580385388005e-07,2.6331399709808758e-06,7.453978378422765e-09,0.03
368.11586396444966,1.4714482566592246,0.004033448908193955,4.826580385351906e-07,2.6331399709821755e-06,7.453978378367015e-09,0.03
368.11586396444966,1.4864630347884005,0.0040334489081959475,4.826580385315806e-07,2.633139970983475e-06,7.453978378311261e-09,0.03
368.11586396444966,1.5014778129175763,0.004033448908197938,4.826580385279707e-07,2.6331399709847747e-06,7.45397837825551e-09,0.03
