time_s,C_H2_out_kmol_per_m3,C_CH4_out_kmol_per_m3,y_CH4_out,u_out_m_per_s,is_product_cut
4.423771430479852e-05,0.08831266640088589,0.15161976810595348,0.6319269356708482,0.024,False
0.04419347659049372,0.08831266640089817,0.1516197681059343,0.6319269356707864,0.024,False
0.08843119089529224,0.0883126664009101,0.1516197681059343,0.631926935670755,0.024,False
0.13266890520009075,0.088312666400922,0.1516197681059345,0.631926935670724,0.024,False
0.17690661950488926,0.08831266640093392,0.15161976810593467,0.6319269356706929,0.024,False
0.22114433380968782,0.08831266640094584,0.15161976810593486,0.6319269356706617,0.024,False
0.2653820481144863,0.08831266640095775,0.151619768105935,0.6319269356706306,0.024,False
0.30961976241928485,0.08831266640096964,0.1516197681059352,0.6319269356705995,0.024,False
0.35385747672408335,0.08831266640098158,0.1516197681059354,0.6319269356705683,0.024,False
0.39809519102888186,0.08831266640099347,0.15161976810593555,0.6319269356705374,0.024,False
0.44233290533368036,0.0883126664010054,0.15161976810593575,0.6319269356705063,0.024,False
0.48657061963847886,0.0883126664010173,0.15161976810593594,0.6319269356704752,0.024,False
0.5308083339432774,0.08831266640102922,0.15161976810593608,0.631926935670444,0.024,False
0.5750460482480759,0.08831266640104113,0.15161976810593628,0.6319269356704129,0.024,False
0.6192837625528745,0.08831266640105305,0.15161976810593647,0.6319269356703818,0.024,False
0.663521476857673,0.08831266640106496,0.15161976810593664,0.6319269356703507,0.024,False
0.7077591911624714,0.08831266640107685,0.15161976810593683,0.6319269356703197,0.024,False
0.7519969054672699,0.08831266640108876,0.15161976810593697,0.6319269356702886,0.024,False
0.7962346197720684,0.08831266640110068,0.15161976810593716,0.6319269356702575,0.024,False
0.8404723340768671,0.08831266640111259,0.15161976810593736,0.6319269356702264,0.024,False
0.8847100483816656,0.0883126664011245,0.15161976810593752,0.6319269356701953,0.024,False
0.9289477626864641,0.08831266640113643,0.15161976810593772,0.6319269356701642,0.024,False
0.9731854769912626,0.08831266640114833,0.15161976810593789,0.631926935670133,0.024,False
1.0174231912960612,0.08831266640116023,0.15161976810593805,0.6319269356701019,0.024,False
1.0616609056008595,0.08831266640117215,0.15161976810593825,0.631926935670071,0.024,False
1.105898619905658,0.08831266640118406,0.1516197681059384,0.6319269356700398,0.024,False
1.1501363342104567,0.08831266640119598,0.1516197681059386,0.6319269356700087,0.024,False
1.1943740485152552,0.08831266640120788,0.1516197681059388,0.6319269356699776,0.024,False
1.2386117628200537,0.08831266640121979,0.15161976810593897,0.6319269356699465,0.024,False
1.2828494771248522,0.08831266640123171,0.15161976810593916,0.6319269356699154,0.024,False
1.327087191429651,0.0883126664012436,0.15161976810593933,0.6319269356698843,0.024,False
1.3713249057344494,0.08831266640125554,0.1516197681059395,0.6319269356698531,0.024,False
1.415562620039248,0.08831266640126743,0.1516197681059397,0.631926935669822,0.024,False
1.4598003343440464,0.08831266640127934,0.15161976810593986,0.6319269356697911,0.024,False
1.504038048648845,0.08831266640129126,0.15161976810594005,0.6319269356697599,0.024,False
1.5482757629536437,0.08831266640130317,0.15161976810594022,0.6319269356697288,0.024,False
1.5925134772584422,0.08831266640131509,0.1516197681059404,0.6319269356696978,0.024,False
1.6367511915632407,0.08831266640132701,0.15161976810594058,0.6319269356696666,0.024,False
1.6809889058680387,0.08831266640133892,0.15161976810594074,0.6319269356696355,0.024,False
1.7252266201728372,0.08831266640135081,0.15161976810594094,0.6319269356696045,0.024,False
1.7694643344776357,0.08831266640136272,0.15161976810594113,0.6319269356695735,0.024,False
1.8137020487824342,0.08831266640137464,0.1516197681059413,0.6319269356695423,0.024,False
1.8579397630872327,0.08831266640138655,0.1516197681059415,0.6319269356695112,0.024,False
1.9021774773920315,0.08831266640139847,0.15161976810594166,0.63192693566948,0.024,False
1.94641519169683,0.08831266640141038,0.15161976810594183,0.631926935669449,0.024,False
1.9906529060016285,0.0883126664014223,0.15161976810594202,0.6319269356694178,0.024,False
2.034890620306427,0.08831266640143419,0.1516197681059422,0.6319269356693867,0.024,False
2.0791283346112257,0.08831266640144612,0.15161976810594238,0.6319269356693556,0.024,False
2.123366048916024,0.08831266640145802,0.15161976810594258,0.6319269356693246,0.024,False
2.1676037632208223,0.08831266640146992,0.15161976810594271,0.6319269356692935,0.024,False
2.211841477525621,0.08831266640148185,0.1516197681059429,0.6319269356692624,0.024,False
2.2560791918304193,0.08831266640149375,0.15161976810594308,0.6319269356692312,0.024,False
2.300316906135218,0.08831266640150565,0.15161976810594327,0.6319269356692002,0.024,False
2.3445546204400163,0.0883126664015176,0.15161976810594346,0.6319269356691691,0.024,False
2.388792334744815,0.08831266640152947,0.1516197681059436,0.6319269356691379,0.024,False
2.4330300490496133,0.0883126664015414,0.1516197681059438,0.6319269356691068,0.024,False
2.477267763354412,0.0883126664015533,0.151619768105944,0.6319269356690759,0.024,False
2.5215054776592107,0.08831266640156525,0.15161976810594416,0.6319269356690447,0.024,False
2.565743191964009,0.08831266640157817,0.15161976810594435,0.6319269356690109,0.024,False
2.6099809062688077,0.08831266640159678,0.15161976810594466,0.6319269356689624,0.024,False
2.654218620573606,0.08831266640161639,0.15161976810594494,0.6319269356689111,0.024,False
2.6984563348784047,0.088312666401636,0.1516197681059452,0.6319269356688598,0.024,False
2.742694049183203,0.08831266640165561,0.15161976810594552,0.6319269356688088,0.024,False
2.786931763488002,0.08831266640167522,0.15161976810594582,0.6319269356687576,0.024,False
2.8311694777928005,0.08831266640169483,0.15161976810594613,0.6319269356687064,0.024,False
2.875407192097599,0.08831266640171444,0.15161976810594643,0.6319269356686551,0.024,False
2.9196449064023975,0.08831266640173405,0.1516197681059467,0.6319269356686039,0.024,False
2.963882620707196,0.08831266640175366,0.151619768105947,0.6319269356685527,0.024,False
3.0081203350119945,0.08831266640177327,0.1516197681059473,0.6319269356685016,0.024,False
3.052358049316793,0.08831266640179287,0.15161976810594757,0.6319269356684504,0.024,False
3.0965957636215915,0.08831266640181248,0.15161976810594788,0.6319269356683992,0.024,False
3.1408334779263902,0.0883126664018321,0.15161976810594818,0.6319269356683479,0.024,False
3.1850711922311885,0.0883126664018517,0.1516197681059485,0.6319269356682968,0.024,False
3.2293089065359872,0.08831266640187131,0.15161976810594877,0.6319269356682455,0.024,False
3.2735466208407855,0.08831266640189092,0.15161976810594907,0.6319269356681944,0.024,False
3.3177843351455842,0.08831266640191053,0.15161976810594935,0.6319269356681432,0.024,False
3.3620220494503825,0.08831266640193014,0.15161976810594965,0.631926935668092,0.024,False
3.4062597637551812,0.08831266640194975,0.15161976810594996,0.6319269356680409,0.024,False
3.4504974780599795,0.08831266640196936,0.15161976810595024,0.6319269356679896,0.024,False
3.4947351923647783,0.08831266640198897,0.15161976810595054,0.6319269356679384,0.024,False
3.5389729066695765,0.08831266640200858,0.15161976810595085,0.6319269356678873,0.024,False
3.5832106209743753,0.08831266640202819,0.15161976810595112,0.6319269356678361,0.024,False
3.6274483352791735,0.0883126664020478,0.15161976810595143,0.6319269356677849,0.024,False
3.6716860495839723,0.0883126664020674,0.15161976810595174,0.6319269356677336,0.024,False
3.715923763888771,0.08831266640208701,0.151619768105952,0.6319269356676824,0.024,False
3.7601614781935693,0.08831266640210662,0.15161976810595232,0.6319269356676313,0.024,False
3.804399192498368,0.08831266640212623,0.15161976810595262,0.6319269356675801,0.024,False
3.8486369068031663,0.08831266640214584,0.15161976810595293,0.631926935667529,0.024,False
3.892874621107965,0.08831266640216545,0.1516197681059532,0.6319269356674777,0.024,False
3.9371123354127633,0.08831266640218506,0.15161976810595348,0.6319269356674264,0.024,False
3.981350049717562,0.08831266640220467,0.1516197681059538,0.6319269356673753,0.024,False
4.025587764022361,0.08831266640222428,0.1516197681059541,0.6319269356673242,0.024,False
4.069825478327159,0.08831266640224389,0.15161976810595437,0.6319269356672729,0.024,False
4.114063192631957,0.0883126664022635,0.15161976810595468,0.6319269356672218,0.024,False
4.1583009069367565,0.08831266640228311,0.15161976810595498,0.6319269356671705,0.024,False
4.202538621241555,0.08831266640230272,0.1516197681059553,0.6319269356671193,0.024,False
4.246776335546353,0.08831266640232233,0.15161976810595554,0.6319269356670681,0.024,False
4.291014049851152,0.08831266640234194,0.15161976810595584,0.631926935667017,0.024,False
4.3352517641559505,0.08831266640236154,0.15161976810595615,0.6319269356669658,0.024,False
4.379489478460749,0.08831266640238115,0.15161976810595645,0.6319269356669145,0.024,False
4.423727192765547,0.08831266640240076,0.15161976810595673,0.6319269356668633,0.024,False
4.467964907070346,0.08831266640242037,0.15161976810595704,0.6319269356668121,0.024,False
4.5122026213751445,0.08831266640243998,0.15161976810595734,0.631926935666761,0.024,False
4.556440335679943,0.08831266640245959,0.15161976810595762,0.6319269356667098,0.024,False
4.600678049984741,0.0883126664024792,0.15161976810595792,0.6319269356666586,0.024,False
4.64491576428954,0.08831266640249881,0.15161976810595823,0.6319269356666074,0.024,False
4.6891534785943385,0.08831266640251842,0.1516197681059585,0.6319269356665562,0.024,False
4.733391192899137,0.08831266640253803,0.1516197681059588,0.631926935666505,0.024,False
4.777628907203935,0.08831266640255764,0.15161976810595912,0.6319269356664539,0.024,False
4.821866621508734,0.08831266640257725,0.15161976810595942,0.6319269356664027,0.024,False
4.8661043358135325,0.08831266640259686,0.1516197681059597,0.6319269356663515,0.024,False
4.910342050118331,0.08831266640261647,0.15161976810595998,0.6319269356663003,0.024,False
4.95457976442313,0.08831266640263608,0.15161976810596028,0.631926935666249,0.024,False
4.998817478727928,0.08831266640265568,0.1516197681059606,0.6319269356661978,0.024,False
5.0430551930327265,0.0883126664026753,0.1516197681059609,0.6319269356661467,0.024,False
5.087292907337525,0.0883126664026949,0.15161976810596117,0.6319269356660955,0.024,False
5.131530621642324,0.08831266640271451,0.15161976810596148,0.6319269356660443,0.024,False
5.175768335947122,0.08831266640273412,0.15161976810596178,0.6319269356659931,0.024,False
5.2200060502519205,0.08831266640275373,0.15161976810596203,0.6319269356659418,0.024,False
5.264243764556719,0.08831266640277334,0.15161976810596234,0.6319269356658906,0.024,False
5.308481478861518,0.08831266640279295,0.15161976810596264,0.6319269356658395,0.024,False
5.352719193166316,0.08831266640281256,0.15161976810596295,0.6319269356657884,0.024,False
5.396956907471115,0.08831266640283217,0.15161976810596323,0.6319269356657371,0.024,False
5.441194621775913,0.08831266640285178,0.15161976810596353,0.6319269356656859,0.024,False
5.485432336080711,0.08831266640287139,0.15161976810596384,0.6319269356656347,0.024,False
5.529670050385509,0.088312666402891,0.15161976810596411,0.6319269356655836,0.024,False
5.573907764690309,0.0883126664029106,0.15161976810596442,0.6319269356655324,0.024,False
5.618145478995107,0.08831266640293021,0.15161976810596473,0.6319269356654811,0.024,False
5.662383193299905,0.08831266640294982,0.151619768105965,0.6319269356654299,0.024,False
5.706620907604703,0.08831266640296943,0.1516197681059653,0.6319269356653787,0.024,False
5.750858621909503,0.08831266640298904,0.1516197681059656,0.6319269356653275,0.024,False
5.795096336214301,0.08831266640300865,0.1516197681059659,0.6319269356652764,0.024,False
5.839334050519099,0.08831266640302826,0.1516197681059662,0.6319269356652252,0.024,False
5.883571764823897,0.08831266640304787,0.15161976810596647,0.6319269356651739,0.024,False
5.927809479128697,0.08831266640306748,0.15161976810596678,0.6319269356651228,0.024,False
5.972047193433495,0.08831266640308709,0.15161976810596708,0.6319269356650716,0.024,False
6.016284907738293,0.0883126664031067,0.1516197681059674,0.6319269356650205,0.024,False
6.0605226220430914,0.08831266640312631,0.15161976810596767,0.6319269356649693,0.024,False
6.104760336347891,0.08831266640314592,0.15161976810596797,0.6319269356649181,0.024,False
6.148998050652689,0.08831266640316553,0.15161976810596825,0.6319269356648668,0.024,False
6.193235764957487,0.08831266640318514,0.15161976810596853,0.6319269356648156,0.024,False
6.2374734792622855,0.08831266640320475,0.15161976810596883,0.6319269356647644,0.024,False
6.281711193567085,0.08831266640322435,0.15161976810596914,0.6319269356647133,0.024,False
6.325948907871883,0.08831266640324396,0.15161976810596944,0.6319269356646621,0.024,False
6.370186622176681,0.08831266640326357,0.15161976810596975,0.6319269356646109,0.024,False
6.4144243364814795,0.08831266640328318,0.15161976810597003,0.6319269356645596,0.024,False
6.458662050786279,0.08831266640330279,0.15161976810597033,0.6319269356645085,0.024,False
6.502899765091077,0.0883126664033224,0.1516197681059706,0.6319269356644572,0.024,False
6.547137479395875,0.08831266640334201,0.15161976810597091,0.631926935664406,0.024,False
6.5913751937006735,0.08831266640336162,0.1516197681059712,0.6319269356643549,0.024,False
6.635612908005473,0.08831266640338123,0.1516197681059715,0.6319269356643037,0.024,False
6.679850622310271,0.08831266640340084,0.1516197681059718,0.6319269356642525,0.024,False
6.724088336615069,0.08831266640342045,0.1516197681059721,0.6319269356642013,0.024,False
6.768326050919868,0.08831266640344006,0.15161976810597239,0.6319269356641501,0.024,False
6.812563765224667,0.08831266640345967,0.1516197681059727,0.631926935664099,0.024,False
6.856801479529465,0.08831266640347928,0.15161976810597297,0.6319269356640478,0.024,False
6.901039193834263,0.08831266640349889,0.15161976810597327,0.6319269356639965,0.024,False
6.945276908139062,0.0883126664035185,0.15161976810597358,0.6319269356639453,0.024,False
6.989514622443861,0.0883126664035381,0.15161976810597388,0.6319269356638941,0.024,False
7.033752336748659,0.08831266640355771,0.15161976810597416,0.631926935663843,0.024,False
7.077990051053457,0.08831266640357732,0.15161976810597447,0.6319269356637918,0.024,False
7.122227765358256,0.08831266640359693,0.15161976810597474,0.6319269356637405,0.024,False
7.166465479663055,0.08831266640361654,0.15161976810597505,0.6319269356636894,0.024,False
7.210703193967853,0.08831266640363615,0.15161976810597533,0.6319269356636381,0.024,False
7.254940908272651,0.08831266640365576,0.15161976810597563,0.6319269356635869,0.024,False
7.29917862257745,0.08831266640367537,0.15161976810597594,0.6319269356635359,0.024,False
7.343416336882249,0.08831266640369498,0.15161976810597624,0.6319269356634846,0.024,False
7.387654051187047,0.08831266640371459,0.15161976810597655,0.6319269356634334,0.024,False
7.431891765491845,0.0883126664037342,0.1516197681059768,0.6319269356633822,0.024,False
7.476129479796645,0.0883126664037538,0.1516197681059771,0.631926935663331,0.024,False
7.520367194101444,0.08831266640377342,0.1516197681059774,0.6319269356632798,0.024,False
7.564604908406242,0.08831266640379302,0.1516197681059777,0.6319269356632287,0.024,False
7.60884262271104,0.08831266640381263,0.151619768105978,0.6319269356631775,0.024,False
7.653080337015839,0.08831266640383224,0.1516197681059783,0.6319269356631262,0.024,False
7.697318051320638,0.08831266640385185,0.1516197681059786,0.6319269356630751,0.024,False
7.741555765625436,0.08831266640387146,0.15161976810597888,0.6319269356630238,0.024,False
7.785793479930234,0.08831266640389107,0.15161976810597919,0.6319269356629726,0.024,False
7.830031194235033,0.08831266640391068,0.15161976810597946,0.6319269356629215,0.024,False
7.874268908539832,0.08831266640393029,0.15161976810597977,0.6319269356628703,0.024,False
7.91850662284463,0.0883126664039499,0.15161976810598007,0.6319269356628191,0.024,False
7.962744337149429,0.08831266640396951,0.15161976810598035,0.6319269356627679,0.024,False
8.006982051454226,0.08831266640398912,0.15161976810598066,0.6319269356627167,0.024,False
8.051219765759026,0.08831266640400873,0.15161976810598096,0.6319269356626656,0.024,False
8.095457480063823,0.08831266640402834,0.15161976810598124,0.6319269356626144,0.024,False
8.139695194368622,0.08831266640404795,0.15161976810598154,0.6319269356625631,0.024,False
8.183932908673421,0.08831266640406756,0.15161976810598185,0.6319269356625119,0.024,False
8.228170622978219,0.08831266640408716,0.15161976810598213,0.6319269356624607,0.024,False
8.272408337283018,0.08831266640410677,0.15161976810598243,0.6319269356624095,0.024,False
8.316646051587817,0.08831266640412638,0.15161976810598274,0.6319269356623584,0.024,False
8.360883765892615,0.08831266640414599,0.15161976810598304,0.6319269356623072,0.024,False
8.405121480197414,0.0883126664041656,0.1516197681059833,0.6319269356622559,0.024,False
8.449359194502211,0.08831266640418521,0.1516197681059836,0.6319269356622047,0.024,False
8.49359690880701,0.08831266640420482,0.1516197681059839,0.6319269356621535,0.024,False
8.537834623111808,0.08831266640422443,0.15161976810598418,0.6319269356621023,0.024,False
8.582072337416607,0.08831266640424404,0.1516197681059845,0.6319269356620512,0.024,False
8.626310051721406,0.08831266640426365,0.1516197681059848,0.631926935662,0.024,False
8.670547766026203,0.08831266640428326,0.1516197681059851,0.6319269356619488,0.024,False
8.714785480331003,0.08831266640430287,0.15161976810598538,0.6319269356618976,0.024,False
8.759023194635802,0.08831266640432248,0.15161976810598565,0.6319269356618463,0.024,False
8.803260908940599,0.08831266640434209,0.15161976810598596,0.6319269356617953,0.024,False
8.847498623245398,0.0883126664043617,0.15161976810598626,0.631926935661744,0.024,False
8.891736337550196,0.0883126664043813,0.15161976810598657,0.6319269356616928,0.024,False
8.935974051854995,0.08831266640440091,0.15161976810598685,0.6319269356616416,0.024,False
8.980211766159794,0.08831266640442052,0.15161976810598715,0.6319269356615904,0.024,False
9.024449480464591,0.08831266640444013,0.15161976810598743,0.6319269356615392,0.024,False
9.06868719476939,0.08831266640445974,0.15161976810598773,0.631926935661488,0.024,False
9.11292490907419,0.08831266640447935,0.15161976810598804,0.6319269356614369,0.024,False
9.157162623378987,0.08831266640449896,0.15161976810598835,0.6319269356613857,0.024,False
9.201400337683786,0.08831266640451857,0.15161976810598862,0.6319269356613345,0.024,False
9.245638051988587,0.08831266640453818,0.15161976810598893,0.6319269356612833,0.024,False
9.289875766293383,0.08831266640455779,0.15161976810598923,0.6319269356612321,0.024,False
9.334113480598184,0.0883126664045774,0.15161976810598954,0.6319269356611809,0.024,False
9.37835119490298,0.088312666404597,0.1516197681059898,0.6319269356611297,0.024,False
9.42258890920778,0.08831266640461662,0.1516197681059901,0.6319269356610785,0.024,False
9.46682662351258,0.08831266640463623,0.1516197681059904,0.6319269356610273,0.024,False
9.511064337817377,0.08831266640465583,0.1516197681059907,0.6319269356609761,0.024,False
9.555302052122176,0.08831266640467544,0.151619768105991,0.631926935660925,0.024,False
9.599539766426975,0.08831266640469505,0.1516197681059913,0.6319269356608737,0.024,False
9.643777480731773,0.08831266640471466,0.1516197681059916,0.6319269356608226,0.024,False
9.688015195036572,0.08831266640473427,0.15161976810599187,0.6319269356607713,0.024,False
9.73225290934137,0.08831266640475388,0.15161976810599215,0.6319269356607201,0.024,False
9.776490623646168,0.08831266640477349,0.15161976810599245,0.6319269356606689,0.024,False
9.820728337950968,0.0883126664047931,0.15161976810599276,0.6319269356606178,0.024,False
9.864966052255765,0.08831266640481271,0.15161976810599306,0.6319269356605666,0.024,False
9.909203766560564,0.08831266640483232,0.15161976810599334,0.6319269356605154,0.024,False
9.953441480865363,0.08831266640485193,0.15161976810599365,0.6319269356604642,0.024,False
9.99767919517016,0.08831266640487154,0.15161976810599392,0.6319269356604129,0.024,False
10.04191690947496,0.08831266640489115,0.15161976810599423,0.6319269356603618,0.024,False
10.086154623779757,0.08831266640491076,0.15161976810599453,0.6319269356603106,0.024,False
10.130392338084556,0.08831266640493037,0.15161976810599484,0.6319269356602594,0.024,False
10.174630052389356,0.08831266640494997,0.15161976810599512,0.6319269356602082,0.024,False
10.218867766694153,0.08831266640496958,0.15161976810599542,0.631926935660157,0.024,False
10.263105480998952,0.08831266640498919,0.15161976810599573,0.6319269356601058,0.024,False
10.307343195303751,0.0883126664050088,0.151619768105996,0.6319269356600546,0.024,False
10.351580909608549,0.08831266640502841,0.1516197681059963,0.6319269356600035,0.024,False
10.395818623913348,0.08831266640504802,0.1516197681059966,0.6319269356599522,0.024,False
10.440056338218147,0.08831266640506763,0.1516197681059969,0.6319269356599011,0.024,False
10.484294052522944,0.08831266640508724,0.1516197681059972,0.6319269356598499,0.024,False
10.528531766827744,0.08831266640510685,0.1516197681059975,0.6319269356597987,0.024,False
10.572769481132541,0.08831266640512646,0.15161976810599778,0.6319269356597476,0.024,False
10.61700719543734,0.08831266640514607,0.1516197681059981,0.6319269356596963,0.024,False
10.66124490974214,0.08831266640516568,0.15161976810599836,0.6319269356596451,0.024,False
10.705482624046937,0.08831266640518529,0.15161976810599864,0.6319269356595939,0.024,False
10.749720338351736,0.0883126664052049,0.15161976810599895,0.6319269356595427,0.024,False
10.793958052656535,0.0883126664052245,0.15161976810599925,0.6319269356594915,0.024,False
10.838195766961332,0.08831266640524411,0.15161976810599956,0.6319269356594402,0.024,False
10.882433481266132,0.08831266640526372,0.15161976810599986,0.6319269356593892,0.024,False
10.926671195570929,0.08831266640528333,0.15161976810600014,0.6319269356593379,0.024,False
10.97090890987573,0.08831266640530294,0.15161976810600042,0.6319269356592867,0.024,False
11.015146624180527,0.08831266640532255,0.15161976810600072,0.6319269356592355,0.024,False
11.059384338485327,0.08831266640534216,0.15161976810600103,0.6319269356591843,0.024,False
11.103622052790124,0.08831266640536177,0.1516197681060013,0.631926935659133,0.024,False
11.147859767094923,0.08831266640538138,0.1516197681060016,0.631926935659082,0.024,False
11.19209748139972,0.08831266640540099,0.15161976810600192,0.6319269356590308,0.024,False
11.236335195704521,0.0883126664054206,0.15161976810600222,0.6319269356589796,0.024,False
11.280572910009317,0.08831266640544021,0.1516197681060025,0.6319269356589284,0.024,False
11.324810624314118,0.08831266640545982,0.1516197681060028,0.6319269356588771,0.024,False
11.369048338618915,0.08831266640547943,0.15161976810600308,0.631926935658826,0.024,False
11.413286052923715,0.08831266640549904,0.1516197681060034,0.6319269356587748,0.024,False
11.457523767228512,0.08831266640551864,0.1516197681060037,0.6319269356587236,0.024,False
11.501761481533311,0.08831266640553825,0.151619768106004,0.6319269356586724,0.024,False
11.545999195838109,0.08831266640555786,0.15161976810600428,0.6319269356586211,0.024,False
11.590236910142906,0.08831266640557747,0.15161976810600455,0.6319269356585699,0.024,False
11.634474624447707,0.08831266640559708,0.15161976810600486,0.6319269356585188,0.024,False
11.678712338752504,0.08831266640561669,0.15161976810600516,0.6319269356584677,0.024,False
11.722950053057303,0.0883126664056363,0.15161976810600544,0.6319269356584164,0.024,False
11.7671877673621,0.08831266640565591,0.15161976810600575,0.6319269356583652,0.024,False
11.8114254816669,0.08831266640567552,0.15161976810600605,0.6319269356583141,0.024,False
11.855663195971697,0.08831266640569513,0.15161976810600636,0.6319269356582629,0.024,False
11.899900910276497,0.08831266640571474,0.1516197681060066,0.6319269356582116,0.024,False
11.944138624581294,0.08831266640573435,0.1516197681060069,0.6319269356581605,0.024,False
11.988376338886095,0.08831266640575396,0.15161976810600722,0.6319269356581093,0.024,False
12.032614053190892,0.08831266640577869,0.1516197681060076,0.6319269356580447,0.024,False
12.076851767495691,0.08831266640581514,0.15161976810600813,0.6319269356579496,0.024,False
12.121089481800489,0.08831266640585436,0.15161976810600875,0.6319269356578472,0.024,False
12.165327196105288,0.08831266640589852,0.1516197681060094,0.6319269356577318,0.024,False
12.209564910410085,0.08831266640595735,0.1516197681060103,0.6319269356575783,0.024,False
12.253802624714885,0.08831266640602321,0.1516197681060113,0.6319269356574064,0.024,False
12.298040339019682,0.08831266640610298,0.1516197681060125,0.631926935657198,0.024,False
12.342278053324483,0.08831266640619952,0.15161976810601396,0.6319269356569461,0.024,False
12.38651576762928,0.08831266640631477,0.15161976810601568,0.6319269356566452,0.024,False
12.43075348193408,0.08831266640645281,0.15161976810601777,0.6319269356562848,0.024,False
12.474991196238877,0.08831266640661774,0.15161976810602026,0.6319269356558542,0.024,False
12.519228910543676,0.08831266640681423,0.15161976810602323,0.6319269356553413,0.024,False
12.563466624848473,0.08831266640704825,0.15161976810602676,0.6319269356547303,0.024,False
12.607704339153273,0.08831266640732639,0.15161976810603098,0.6319269356540043,0.024,False
12.65194205345807,0.08831266640765834,0.1516197681060358,0.6319269356531374,0.024,False
12.696179767762871,0.08831266640805321,0.15161976810604177,0.6319269356521066,0.024,False
12.740417482067668,0.08831266640852145,0.15161976810604882,0.6319269356508841,0.024,False
12.784655196372468,0.08831266640907696,0.1516197681060572,0.6319269356494339,0.024,False
12.828892910677265,0.0883126664097351,0.15161976810606717,0.6319269356477158,0.024,False
12.873130624982064,0.08831266641051456,0.15161976810607894,0.6319269356456809,0.024,False
12.917368339286861,0.08831266641143608,0.15161976810609287,0.6319269356432753,0.024,False
12.96160605359166,0.08831266641252444,0.1516197681061093,0.631926935640434,0.024,False
13.005843767896458,0.08831266641380883,0.1516197681061287,0.6319269356370809,0.024,False
13.050081482201259,0.08831266641532262,0.15161976810615158,0.6319269356331291,0.024,False
13.094319196506056,0.08831266641710511,0.15161976810617844,0.6319269356284756,0.024,False
13.138556910810856,0.08831266641920203,0.15161976810621008,0.6319269356230013,0.024,False
13.182794625115653,0.08831266642166609,0.15161976810624658,0.6319269356165675,0.024,False
13.227032339420452,0.08831266642455834,0.15161976810629024,0.631926935609017,0.024,False
13.27127005372525,0.08831266642795046,0.1516197681063415,0.6319269356001616,0.024,False
13.315507768030049,0.08831266643192458,0.15161976810640151,0.6319269355897867,0.024,False
13.359745482334846,0.08831266643657576,0.15161976810647093,0.6319269355776431,0.024,False
13.403983196639647,0.08831266644201391,0.1516197681065531,0.6319269355634463,0.024,False
13.448220910944444,0.0883126664483662,0.15161976810664876,0.6319269355468626,0.024,False
13.492458625249244,0.08831266645577836,0.15161976810676017,0.6319269355275116,0.024,False
13.536696339554041,0.08831266646441895,0.15161976810688985,0.6319269355049532,0.024,False
13.58093405385884,0.08831266647448109,0.15161976810704178,0.631926935478685,0.024,False
13.625171768163638,0.08831266648618723,0.1516197681072178,0.6319269354481236,0.024,False
13.669409482468437,0.0883126664997923,0.15161976810742267,0.6319269354126053,0.024,False
13.713647196773234,0.08831266651558867,0.15161976810766067,0.6319269353713663,0.024,False
13.757884911078035,0.08831266653391082,0.1516197681079368,0.6319269353235336,0.024,False
13.802122625382832,0.08831266655514176,0.15161976810825636,0.6319269352681064,0.024,False
13.846360339687632,0.08831266657971987,0.15161976810864491,0.6319269352039694,0.024,False
13.890598053992429,0.08831266660814502,0.15161976810911448,0.6319269351298245,0.024,False
13.934835768297228,0.08831266664098555,0.1516197681096524,0.6319269350441552,0.024,False
13.979073482602026,0.08831266667889098,0.15161976811026626,0.6319269349452628,0.024,False
14.023311196906826,0.08831266672260074,0.15161976811096792,0.6319269348312176,0.024,False
14.067548911211624,0.08831266677295592,0.15161976811176966,0.6319269346998235,0.024,False
14.111786625516423,0.08831266683091152,0.15161976811268613,0.6319269345485878,0.024,False
14.15602433982122,0.08831266689755196,0.15161976811373287,0.631926934374678,0.024,False
14.20026205412602,0.08831266697410925,0.1516197681149598,0.6319269341749258,0.024,False
14.244499768430817,0.08831266706197488,0.15161976811636976,0.6319269339456709,0.024,False
14.288737482735616,0.08831266716272525,0.1516197681179739,0.6319269336827785,0.024,False
14.332975197040414,0.0883126672781434,0.1516197681198003,0.6319269333815954,0.024,False
14.377212911345215,0.0883126674102458,0.15161976812191896,0.6319269330369182,0.024,False
14.421450625650012,0.08831266756130435,0.15161976812432398,0.6319269326427541,0.024,False
14.465688339954811,0.08831266773388402,0.15161976812707584,0.6319269321924404,0.024,False
14.509926054259608,0.08831266793087308,0.1516197681302161,0.6319269316784338,0.024,False
14.554163768564408,0.08831266815552248,0.15161976813380065,0.6319269310922578,0.024,False
14.598401482869205,0.08831266841148769,0.15161976813787761,0.6319269304243587,0.024,False
14.642639197174004,0.0883126687028769,0.15161976814252603,0.6319269296640374,0.024,False
14.686876911478802,0.08831266903430064,0.15161976814781358,0.6319269287992549,0.024,False
14.731114625783603,0.08831266941092883,0.15161976815382033,0.6319269278165175,0.024,False
14.7753523400884,0.08831266983855447,0.15161976816063957,0.6319269267007109,0.024,False
14.819590054393199,0.08831267032366327,0.15161976816837627,0.6319269254349145,0.024,False
14.863827768697996,0.08831267087350873,0.151619768177149,0.6319269240002058,0.024,False
14.908065483002796,0.08831267149619595,0.1516197681870791,0.6319269223754241,0.024,False
14.952303197307593,0.0883126722007748,0.15161976819831804,0.6319269205369668,0.024,False
14.996540911612392,0.08831267299734008,0.1516197682110242,0.6319269184584889,0.024,False
15.04077862591719,0.08831267389714302,0.15161976822537754,0.6319269161106337,0.024,False
15.08501634022199,0.08831267491271232,0.1516197682415782,0.6319269134607105,0.024,False
15.129254054526788,0.08831267605798748,0.15161976825984727,0.6319269104723451,0.024,False
15.173491768831587,0.08831267734846449,0.15161976828043233,0.6319269071051041,0.024,False
15.217729483136385,0.08831267880135445,0.1516197683036079,0.6319269033140789,0.024,False
15.261967197441184,0.08831268043575728,0.15161976832967933,0.631926899049433,0.024,False
15.306204911745981,0.0883126822728505,0.15161976835898494,0.6319268942559089,0.024,False
15.35044262605078,0.08831268433609661,0.1516197683918974,0.6319268888722831,0.024,False
15.394680340355578,0.08831268665146613,0.15161976842883132,0.6319268828307917,0.024,False
15.438918054660379,0.08831268924768361,0.1516197684702459,0.6319268760564851,0.024,False
15.483155768965176,0.08831269215649146,0.15161976851664732,0.6319268684665378,0.024,False
15.527393483269975,0.08831269541293765,0.15161976856859422,0.6319268599694984,0.024,False
15.571631197574773,0.08831269905568911,0.15161976862670348,0.6319268504644737,0.024,False
15.615868911879572,0.08831270312737025,0.15161976869165494,0.6319268398402438,0.024,False
15.660106626184369,0.08831270767492834,0.1516197687641983,0.6319268279743105,0.024,False
15.704344340489168,0.08831271275003048,0.15161976884515702,0.6319268147318582,0.024,False
15.748582054793966,0.08831271840949051,0.15161976893543785,0.6319267999646433,0.024,False
15.792819769098767,0.0883127247157331,0.15161976903603655,0.6319267835097815,0.024,False
15.837057483403564,0.08831273173729043,0.1516197691480464,0.6319267651884524,0.024,False
15.881295197708363,0.0883127395493404,0.15161976927266677,0.631926744804495,0.024,False
15.92553291201316,0.08831274823428366,0.15161976941121227,0.6319267221429021,0.024,False
15.96977062631796,0.08831275788236641,0.1516197695651227,0.6319266969681955,0.024,False
16.01400834062276,0.0883127685923483,0.1516197697359736,0.6319266690226827,0.024,False
16.058246054927558,0.08831278047221881,0.15161976992548767,0.6319266380245879,0.024,False
16.102483769232354,0.08831279363996788,0.15161977013554725,0.6319266036660418,0.024,False
16.146721483537156,0.08831280822440919,0.15161977036820767,0.6319265656109332,0.024,False
16.190959197841952,0.08831282436606315,0.15161977062571041,0.6319265234926039,0.024,False
16.23519691214675,0.08831284221810039,0.15161977091049905,0.6319264769113887,0.024,False
16.27943462645155,0.08831286194735002,0.15161977122523518,0.6319264254319837,0.024,False
16.32367234075635,0.08831288373537656,0.15161977157281623,0.631926368580638,0.024,False
16.367910055061145,0.08831290777962748,0.15161977195639112,0.6319263058421549,0.024,False
16.412147769365948,0.08831293429465732,0.1516197723793834,0.631926236656704,0.024,False
16.456385483670743,0.08831296351342932,0.15161977284550954,0.6319261604164206,0.024,False
16.500623197975543,0.08831299568869971,0.1516197733588021,0.6319260764617961,0.024,False
16.544860912280342,0.08831303109449128,0.1516197739236327,0.6319259840778325,0.024,False
16.58909862658514,0.08831307002765247,0.15161977454473732,0.6319258824899746,0.024,False
16.633336340889937,0.08831311280951536,0.15161977522724232,0.631925770859784,0.024,False
16.677574055194736,0.08831315978764974,0.15161977597669332,0.6319256482803636,0.024,False
16.721811769499535,0.0883132113377202,0.15161977679908362,0.6319255137715111,0.024,False
16.766049483804334,0.08831326786544948,0.151619777700886,0.6319253662745965,0.024,False
16.81028719810913,0.08831332980869283,0.1516197786890862,0.6319252046471514,0.024,False
16.854524912413932,0.08831339763962613,0.15161977977121732,0.6319250276571591,0.024,False
16.898762626718728,0.08831347186705392,0.15161978095539694,0.6319248339770338,0.024,False
16.94300034102353,0.08831355303883878,0.1516197822503659,0.6319246221772825,0.024,False
16.987238055328326,0.08831364174445851,0.1516197836655289,0.6319243907198334,0.024,False
17.031475769633126,0.08831373861769161,0.15161978521099786,0.6319241379510314,0.024,False
17.07571348393792,0.08831384433944044,0.15161978689763608,0.6319238620942713,0.024,False
17.119951198242724,0.08831395964068887,0.15161978873710577,0.6319235612422828,0.024,False
17.16418891254752,0.08831408530560164,0.15161979074191836,0.6319232333490472,0.024,False
17.20842662685232,0.08831422217477065,0.15161979292548486,0.6319228762213274,0.024,False
17.252664341157114,0.08831437114860594,0.15161979530217104,0.6319224875098236,0.024,False
17.296902055461917,0.08831453319087959,0.15161979788735364,0.6319220646999296,0.024,False
17.341139769766713,0.08831470933242098,0.15161980069747935,0.631921605102095,0.024,False
17.385377484071515,0.0883149006749676,0.15161980375012576,0.6319211058417806,0.024,False
17.42961519837631,0.08831510839517491,0.15161980706406683,0.6319205638490027,0.024,False
17.47385291268111,0.08831533374878395,0.15161981065933702,0.6319199758474616,0.024,False
17.518090626985906,0.08831557807494925,0.15161981455730292,0.6319193383432593,0.024,False
17.56232834129071,0.08831584280072842,0.1516198187807331,0.6319186476131896,0.024,False
17.606566055595504,0.08831612944573304,0.1516198233538725,0.6319178996926123,0.024,False
17.650803769900307,0.08831643962694116,0.15161982830252121,0.631917090362909,0.024,False
17.695041484205102,0.0883167750636702,0.1516198336541095,0.6319162151385123,0.024,False
17.7392791985099,0.08831713758271005,0.15161983943778456,0.6319152692535328,0.024,False
17.783516912814697,0.08831752912361306,0.1516198456844926,0.631914247647968,0.024,False
17.8277546271195,0.08831795174413962,0.15161985242706574,0.6319131449535098,0.024,False
17.871992341424296,0.08831840762585562,0.1516198597003106,0.6319119554789577,0.024,False
17.916230055729095,0.08831889907987882,0.15161986754110213,0.6319106731952503,0.024,False
17.96046777003389,0.08831942855276737,0.15161987598847565,0.6319092917201226,0.024,False
18.004705484338693,0.08831999863254698,0.15161988508372432,0.631907804302409,0.024,False
18.04894319864349,0.08832061205486942,0.15161989487049654,0.6319062038060054,0.024,False
18.09318091294829,0.08832127170929557,0.15161990539489514,0.6319044826935085,0.024,False
18.137418627253087,0.08832198064569442,0.15161991670558553,0.631902633009569,0.024,False
18.181656341557886,0.08832274208074867,0.1516199288538896,0.6319006463639464,0.024,False
18.225894055862682,0.088323559404558,0.1516199418938983,0.631898513914341,0.024,False
18.270131770167485,0.08832443618732745,0.15161995588257618,0.6318962263489964,0.024,False
18.31436948447228,0.08832537618612961,0.15161997087987034,0.6318937738691194,0.024,False
18.358607198777083,0.08832638335172582,0.1516199869488179,0.6318911461711506,0.024,False
18.40284491308188,0.08832746183543379,0.1516200041556563,0.6318883324289258,0.024,False
18.447082627386678,0.08832861599602554,0.1516200225699329,0.6318853212757644,0.024,False
18.491320341691473,0.08832985040663646,0.15162004226461587,0.6318821007865406,0.024,False
18.535558055996276,0.08833116986167237,0.1516200633162046,0.631878658459771,0.024,False
18.57979577030107,0.0883325793836883,0.15162008580483796,0.6318749811997835,0.024,False
18.624033484605874,0.0883340842302254,0.15162010981440485,0.6318710552990138,0.024,False
18.668271198910666,0.08833568990058,0.15162013543265346,0.6318668664204934,0.024,False
18.71250891321547,0.08833740214248287,0.15162016275129395,0.6318623995805774,0.024,False
18.756746627520265,0.08833922695866471,0.1516201918661064,0.6318576391319988,0.024,False
18.800984341825068,0.08834117061328069,0.15162022287704288,0.6318525687473012,0.024,False
18.845222056129863,0.08834323963816958,0.15162025588832642,0.6318471714027228,0.024,False
18.889459770434662,0.08834544083891727,0.15162029100854768,0.6318414293626127,0.024,False
18.933697484739458,0.08834778130069672,0.15162032835076186,0.6318353241644593,0.024,False
18.97793519904426,0.08835026839385146,0.15162036803256976,0.6318288366045941,0.024,False
19.022172913349056,0.0883529097791944,0.15162041017621103,0.6318219467246894,0.024,False
19.06641062765386,0.08835571341298423,0.15162045490863948,0.6318146337991067,0.024,False
19.110648341958655,0.08835868755155005,0.15162050236159727,0.6318068763231987,0.024,False
19.154886056263454,0.0883618407555249,0.15162055267168104,0.6317986520026613,0.024,False
19.19912377056825,0.08836518189365483,0.15162060598040564,0.6317899377440341,0.024,False
19.243361484873052,0.08836872014614365,0.15162066243425687,0.6317807096464418,0.024,False
19.287599199177848,0.08837246500749822,0.15162072218473524,0.6317709429946765,0.024,False
19.33183691348265,0.08837642628882988,0.15162078538839346,0.6317606122537417,0.024,False
19.376074627787446,0.08838061411957858,0.15162085220686383,0.6317496910649452,0.024,False
19.420312342092245,0.08838503894861396,0.15162092280687736,0.6317381522436631,0.024,False
19.46455005639704,0.08838971154467488,0.15162099736026902,0.6317259677788728,0.024,False
19.508787770701844,0.08839464299610202,0.15162107604397487,0.6317131088345833,0.024,False
19.55302548500664,0.08839984470982709,0.1516211590400144,0.6316995457532517,0.024,False
19.59726319931144,0.0884053284095689,0.1516212465354632,0.6316852480613265,0.024,False
19.641500913616234,0.08841110613319968,0.15162133872241115,0.631670184477009,0.024,False
19.685738627921037,0.08841719022923306,0.1516214357979042,0.6316543229203572,0.024,False
19.729976342225832,0.08842359335239591,0.15162153796387667,0.631637630525849,0.024,False
19.774214056530635,0.08843032845823631,0.1516216454270625,0.6316200736575075,0.024,False
19.81845177083543,0.08843740879672901,0.15162175839889636,0.6316016179267133,0.024,False
19.86268948514023,0.08844484790483334,0.15162187709539202,0.6315822282128007,0.024,False
19.906927199445025,0.08845265959796385,0.151622001737008,0.6315618686865605,0.024,False
19.951164913749828,0.08846085796033021,0.15162213254849297,0.6315405028367505,0.024,False
19.995402628054624,0.08846945733410995,0.15162226975871226,0.6315180934997121,0.024,False
20.039640342359426,0.08847847230741147,0.15162241360045778,0.6314946028922103,0.024,False
20.083878056664222,0.08848791770099199,0.1516225643102337,0.6314699926475722,0.024,False
20.12811577096902,0.08849780855369216,0.15162272212802713,0.6314442238552423,0.024,False
20.172353485273817,0.08850816010655375,0.1516228872970518,0.6314172571038191,0.024,False
20.21659119957862,0.08851898778558584,0.15162306006347406,0.6313890525276772,0.024,False
20.260828913883415,0.08853030718315043,0.15162324067611666,0.6313595698572387,0.024,False
20.305066628188214,0.08854213403793496,0.15162342938613818,0.6313287684729747,0.024,False
20.34930434249301,0.088554484213487,0.1516236264466914,0.6312966074631989,0.024,False
20.393542056797813,0.08856737367528729,0.15162383211255792,0.6312630456857085,0.024,False
20.43777977110261,0.08858081846633492,0.1516240466397572,0.6312280418333279,0.024,False
20.48201748540741,0.08859483468123151,0.15162427028513162,0.6311915545033895,0.024,False
20.52625519971221,0.08860943843874229,0.15162450330591465,0.6311535422712055,0.024,False
20.570492914017006,0.088624645852825,0.1516247459592624,0.6311139637675198,0.024,False
20.6147306283218,0.08864047300211401,0.15162499850176894,0.6310727777599893,0.024,False
20.658968342626604,0.0886569358978549,0.15162526118895614,0.6310299432386819,0.024,False
20.703206056931403,0.08867405045028831,0.15162553427473513,0.6309854195055782,0.024,False
20.747443771236203,0.08869183243347814,0.15162581801084515,0.6309391662680797,0.024,False
20.791681485541,0.08871029744859689,0.15162611264627018,0.6308911437364791,0.024,False
20.835919199845797,0.08872946088567106,0.15162641842662614,0.6308413127253533,0.024,False
20.880156914150596,0.08874933788380257,0.15162673559352535,0.63078963475883,0.024,False
20.924394628455396,0.08876994328988387,0.1516270643839222,0.6307360721796691,0.024,False
20.968632342760195,0.08879129161582933,0.15162740502942576,0.6306805882620539,0.024,False
21.012870057064994,0.08881339699434582,0.15162775775559603,0.6306231473280375,0.024,False
21.057107771369793,0.08883627313328069,0.1516281227812156,0.6305637148675064,0.024,False
21.10134548567459,0.08885993326857577,0.15162850031754052,0.6305022576615685,0.024,False
21.145583199979388,0.0888843901158742,0.1516288905675248,0.6304387439092077,0.024,False
21.189820914284187,0.0889096558208238,0.151629293725029,0.6303731433570787,0.024,False
21.234058628588986,0.08893574190812654,0.15162970997400774,0.6303054274322779,0.024,False
21.278296342893782,0.08896265922939489,0.1516301394876781,0.6302355693779046,0.024,False
21.32253405719858,0.08899041790986804,0.15163058242766628,0.6301635443912396,0.024,False
21.36677177150338,0.08901902729406377,0.1516310389431433,0.6300893297643295,0.024,False
21.41100948580818,0.08904849589042876,0.15163150916994128,0.6300129050267693,0.024,False
21.45524720011298,0.08907883131506913,0.15163199322965698,0.6299342520904475,0.024,False
21.499484914417778,0.08911004023463856,0.15163249122873274,0.6298533553960051,0.024,False
21.543722628722573,0.0891421283084738,0.1516330032575444,0.6297702020607892,0.024,False
21.587960343027373,0.08917510013006613,0.15163352938945984,0.6296847820279823,0.024,False
21.63219805733217,0.08920895916796513,0.15163406967989812,0.6295970882166699,0.024,False
21.67643577163697,0.08924370770621556,0.1516346241653789,0.6295071166725411,0.024,False
21.72067348594177,0.089279346784434,0.15163519286256552,0.6294148667189173,0.024,False
21.76491120024657,0.08931587613763191,0.1516357757673058,0.6293203411078104,0.024,False
21.809148914551365,0.08935329413590276,0.1516363728536685,0.6292235461706767,0.024,False
21.853386628856164,0.08939159772408702,0.1516369840729805,0.6291244919685512,0.024,False
21.89762434316096,0.08943078236154214,0.15163760935286616,0.6290231924412137,0.024,False
21.941862057465762,0.08947084196213924,0.15163824859629046,0.6289196655550524,0.024,False
21.986099771770558,0.08951176883461864,0.15163890168060462,0.6288139334492625,0.024,False
22.030337486075357,0.089553553623435,0.15163956845660498,0.6287060225800443,0.024,False
22.074575200380153,0.08959618525022832,0.15164024874759702,0.6285959638624239,0.024,False
22.11881291468496,0.08963965085606124,0.15164094234847383,0.6284837928093406,0.024,False
22.163050628989755,0.08968393574456006,0.15164164902480906,0.6283695496676429,0.024,False
22.207288343294554,0.08972902332610624,0.15164236851196589,0.6282532795506172,0.024,False
22.25152605759935,0.08977489506322105,0.15164310051422727,0.6281350325666973,0.024,False
22.295763771904152,0.08982153041729116,0.15164384470394135,0.6280148639439734,0.024,False
22.340001486208948,0.08986890679678287,0.15164460072069896,0.6278928341501654,0.024,False
22.384239200513747,0.0899169995070922,0.15164536817053095,0.6277690090076826,0.024,False
22.428476914818543,0.08996578170218424,0.1516461466251382,0.6276434598034267,0.024,False
22.472714629123345,0.09001522433816433,0.15164693562114856,0.6275162633929962,0.024,False
22.51695234342814,0.09006529612893714,0.15164773465941123,0.6273875022989506,0.024,False
22.56119005773294,0.09011596350409741,0.15164854320432222,0.627257264802803,0.024,False
22.605427772037736,0.09016719056920125,0.151649360683192,0.6271256450304336,0.024,False
22.64966548634254,0.09021893906856512,0.1516501864856509,0.6269927430306017,0.024,False
22.693903200647334,0.09027116835073201,0.1516510199630981,0.6268586648462809,0.024,False
22.738140914952133,0.0903238353367535,0.1516518604281963,0.6267235225785146,0.024,False
22.78237862925693,0.09037689449142146,0.15165270715440982,0.6265874344425336,0.024,False
22.826616343561735,0.09043029779758632,0.15165355937559644,0.6264505248158947,0.024,False
22.87085405786653,0.09048399473369473,0.15165441628564913,0.6263129242783947,0.024,False
22.91509177217133,0.09053793225467754,0.15165527703819098,0.6261747696435374,0.024,False
22.959329486476125,0.09059205477630795,0.1516561407463233,0.6260362039813638,0.024,False
23.003567200780928,0.09064630416315173,0.15165700648243421,0.625897376632468,0.024,False
23.047804915085724,0.09070061972022324,0.15165787327806557,0.6257584432130313,0.024,False
23.092042629390523,0.09075493818845677,0.15165874012384103,0.6256195656107384,0.024,False
23.13628034369532,0.0908091937440932,0.15165960596945507,0.6254809119714584,0.024,False
23.18051805800012,0.09086331800208243,0.15166046972372677,0.6253426566765895,0.024,False
23.224755772304917,0.09091724002358781,0.1516613302547212,0.625204980311002,0.024,False
23.268993486609716,0.09097088632767668,0.15166218638993212,0.6250680696215137,0.024,False
23.31323120091451,0.09102418090727223,0.15166303691654248,0.6249321174658912,0.024,False
23.357468915219318,0.09107704524943509,0.15166388058173988,0.6247973227523295,0.024,False
23.401706629524114,0.09112939836003137,0.1516647160931171,0.6246638903694824,0.024,False
23.445944343828913,0.0911811567928433,0.15166554211913227,0.624532031107025,0.024,False
23.490182058133705,0.09123223468315983,0.15166635728964495,0.6244019615668488,0.024,False
23.53441977243851,0.09128254378588493,0.15166716019652715,0.6242739040649616,0.024,False
23.578657486743307,0.09133199351818677,0.15166794939433945,0.6241480865241851,0.024,False
23.622895201048106,0.0913804910067036,0.15166872340108717,0.6240247423577994,0.024,False
23.6671329153529,0.09142794113931325,0.15166948069904382,0.6239041103442615,0.024,False
23.711370629657704,0.09147424662146172,0.1516702197356527,0.6237864344931855,0.024,False
23.7556083439625,0.09151930803703745,0.15167093892449615,0.623671963902757,0.024,False
23.7998460582673,0.09156302391377022,0.15167163664633856,0.623560952608796,0.024,False
23.844083772572095,0.09160529079311902,0.15167231125024302,0.6234536594256992,0.024,False
23.888321486876897,0.0916460033046082,0.1516729610547561,0.6233503477794943,0.024,False
23.932559201181693,0.09168505424455715,0.1516735843491641,0.6232512855332736,0.024,False
23.976796915486492,0.09172233465914198,0.15167417939482,0.6231567448052819,0.024,False
24.021034629791288,0.0917577339317147,0.15167474442653442,0.6230670017799401,0.024,False
24.065272344096094,0.09179113987429753,0.15167527765403724,0.6229823365121195,0.024,False
24.10951005840089,0.09182243882315941,0.15167577726350107,0.6229030327249707,0.024,False
24.15374777270569,0.09185151573837305,0.15167624141913097,0.6228293776016376,0.024,False
24.197985487010484,0.09187825430723809,0.15167666826481463,0.6227616615711923,0.024,False
24.242223201315287,0.09190253705144993,0.15167705592583147,0.6227001780891323,0.024,False
24.286460915620083,0.0919242454378833,0.15167740251062145,0.6226452234127937,0.024,False
24.330698629924882,0.09194325999285095,0.15167770611260958,0.6225970963720346,0.024,False
24.374936344229678,0.0919594604196853,0.15167796481207763,0.622556098135548,0.024,False
24.41917405853448,0.09197272571949199,0.15167817667809683,0.6225225319731787,0.024,False
24.463411772839276,0.09198293431489957,0.15167833977049675,0.622496703014603,0.024,False
24.507649487144075,0.09198996417664622,0.1516784521418902,0.6224789180047364,0.024,False
24.55188720144887,0.09199369295280468,0.15167851183973263,0.6224694850562534,0.024,False
24.596124915753673,0.09199399810047301,0.1516785169084242,0.622468713399564,0.024,False
24.64036263005847,0.09199075701972557,0.1516784653914472,0.6224769131306277,0.024,False
24.684600344363268,0.09198384718962689,0.1516783553335377,0.6224943949569605,0.024,False
24.728838058668064,0.09197314630609892,0.15167818478288456,0.6225214699421874,0.024,False
24.77307577297287,0.09195853242143105,0.15167795179335353,0.6225584492494876,0.024,False
24.817313487277666,0.09193988408521121,0.15167765442674225,0.6226056438842968,0.024,False
24.861551201582465,0.09191708048645696,0.15167729075504116,0.6226633644365662,0.024,False
24.90578891588726,0.09189000159672028,0.1516768588627224,0.6227319208229427,0.024,False
24.950026630192063,0.09185852831393336,0.1516763568490345,0.6228116220291653,0.024,False
24.99426434449686,0.091822542606764,0.15167578283030309,0.622902775852987,0.024,False
25.038502058801658,0.09178192765924273,0.1516751349422412,0.6230056886479362,0.024,False
25.082739773106454,0.09173656801542318,0.15167441134226056,0.623120665068195,0.024,False
25.126977487411256,0.0916863497238383,0.15167361021176942,0.6232480078148508,0.024,False
25.171215201716052,0.09163116048150827,0.15167272975847979,0.6233880173838326,0.024,False
25.21545291602085,0.09157088977726276,0.1516717682186878,0.6235409918157233,0.024,False
25.259690630325647,0.09150542903413224,0.1516707238595485,0.6237072264477372,0.024,False
25.30392834463045,0.09143467175057352,0.15166959498132998,0.6238870136680567,0.024,False
25.348166058935245,0.09135851364028502,0.15166837991964574,0.6240806426727589,0.024,False
25.392403773240044,0.09127685277037903,0.15166707704765775,0.6242883992255138,0.024,False
25.43664148754484,0.09118958969767296,0.15166568477825293,0.6245105654202601,0.024,False
25.480879201849646,0.09109662760286914,0.1516642015661822,0.624747419447014,0.024,False
25.525116916154442,0.09099787242239486,0.15166262591016869,0.6249992353609887,0.024,False
25.56935463045924,0.0908932329776777,0.15166095635496682,0.6252662828551496,0.024,False
25.613592344764037,0.09078262110163444,0.151659191493384,0.6255488270363649,0.024,False
25.65783005906884,0.0906659517621601,0.1516573299682517,0.6258471282052573,0.024,False
25.702067773373635,0.09054314318240493,0.15165537047434052,0.6261614416398661,0.024,False
25.746305487678434,0.09041411695763898,0.15165331176023158,0.6264920173832367,0.024,False
25.79054320198323,0.09027879816850001,0.1516511526301198,0.6268391000350046,0.024,False
25.834780916288032,0.09013711549044075,0.1516488919455622,0.6272029285470597,0.024,False
25.879018630592828,0.08998900129918383,0.15164652862716024,0.6275837360233634,0.024,False
25.923256344897627,0.08983439177201392,0.15164406165617902,0.6279817495239696,0.024,False
25.967494059202423,0.08967322698473416,0.15164149007609062,0.6283971898732911,0.024,False
26.011731773507226,0.08950545100412763,0.1516388129940543,0.6288302714726715,0.024,False
26.05596948781202,0.08933101197577147,0.1516360295823149,0.6292812021172707,0.024,False
26.10020720211682,0.08914986220705971,0.15163313907952986,0.6297501828173079,0.024,False
26.144444916421616,0.0889619582452994,0.15163014079201376,0.630237407623671,0.024,False
26.188682630726422,0.08876726095075824,0.1516270340949071,0.6307430634579078,0.024,False
26.232920345031218,0.08856573556454289,0.15162381843325795,0.6312673299466063,0.024,False
26.277158059336017,0.08835735177120652,0.15162049332302296,0.6318103792601679,0.024,False
26.321395773640813,0.08814208375598745,0.1516170583519781,0.6323723759559653,0.024,False
26.365633487945615,0.08791991025659174,0.15161351318054922,0.6329534768259014,0.024,False
26.40987120225041,0.087690814609446,0.1516098575425472,0.633553830748337,0.024,False
26.45410891655521,0.08745478479035372,0.1516060912458185,0.6341735785443999,0.024,False
26.498346630860006,0.08721181344949931,0.1516022141728052,0.634812852838658,0.024,False
26.54258434516481,0.08696189794075457,0.15159822628101102,0.6354717779241482,0.024,False
26.586822059469604,0.08670504034525371,0.15159412760337856,0.6361504696317537,0.024,False
26.631059773774403,0.08644124748921213,0.15158991824857412,0.6368490352039223,0.024,False
26.6752974880792,0.08617053095597418,0.1515855984011807,0.6375675731727207,0.024,False
26.719535202384,0.08589290709228718,0.15158116832179755,0.6383061732422148,0.024,False
26.763772916688797,0.085608397008807,0.1515766283470497,0.639064916175185,0.024,False
26.808010630993596,0.08531702657485184,0.1515719788895034,0.6398438736841693,0.024,False
26.852248345298392,0.08501882640743087,0.15156722043749207,0.6406431083268452,0.024,False
26.8964860596032,0.08471383185458334,0.1515623535548496,0.6414626734057588,0.024,False
26.940723773907994,0.08440208297307344,0.15155737888055681,0.64230261287242,0.024,False
26.984961488212793,0.08408362450049757,0.15155229712829582,0.6431629612357753,0.024,False
27.02919920251759,0.08375850582186609,0.15154710908591512,0.644043743475089,0.024,False
27.07343691682239,0.0834267809307347,0.15154181561481198,0.6449449749572678,0.024,False
27.117674631127187,0.08308850838496651,0.1515364176492257,0.6458666613586576,0.024,False
27.161912345431986,0.08274375125721581,0.15153091619544956,0.6468087985913629,0.024,False
27.206150059736782,0.0823925770802312,0.15152531233095373,0.6477713727341302,0.024,False
27.250387774041585,0.08203505778708647,0.15151960720343732,0.648754359967869,0.024,False
27.29462548834638,0.08167126964645187,0.15151380202979042,0.6497577265158487,0.024,False
27.33886320265118,0.08130129319302723,0.15150789809498888,0.6507814285886735,0.024,False
27.383100916955975,0.08092521315326728,0.1515018967509064,0.6518254123340794,0.024,False
27.427338631260774,0.08054311836653141,0.15149579941505686,0.6528896137916641,0.024,False
27.471576345565573,0.0801551017018018,0.15148960756926605,0.653973958852627,0.024,False
27.515814059870372,0.07976125997011589,0.1514833227582747,0.6550783632246215,0.024,False
27.560051774175168,0.0793616938328655,0.1514769465882739,0.6562027324018245,0.024,False
27.604289488479967,0.07895650770612228,0.1514704807253799,0.657346961640332,0.024,False
27.64852720278477,0.07854580966115106,0.15146392689404659,0.6585109359390025,0.024,False
27.69276491708957,0.07812971132127797,0.15145728687541835,0.6596945300258635,0.024,False
27.737002631394365,0.07770832775528638,0.15145056250563077,0.6608976083502205,0.024,False
27.781240345699164,0.07728177736751415,0.15144375567405807,0.6621200250805942,0.024,False
27.825478060003963,0.076850181784831,0.15143686832150333,0.6633616241086178,0.024,False
27.869715774308762,0.07641366574067711,0.15142990243835666,0.6646222390590671,0.024,False
27.913953488613558,0.07597235695634738,0.15142286006269504,0.665901693306129,0.024,False
27.958191202918357,0.0755263860197062,0.15141574327834928,0.6671997999960895,0.024,False
28.002428917223156,0.07507588626152122,0.15140855421292912,0.6685163620765794,0.024,False
28.046666631527955,0.07462099362960548,0.15140129503581673,0.6698511723325395,0.024,False
28.09090434583275,0.0741618465609563,0.15139396795612428,0.6712040134290563,0.024,False
28.13514206013755,0.07369858585208465,0.15138657522062682,0.672574657961228,0.024,False
28.179379774442356,0.07323135452772432,0.15137911911166507,0.673962868511213,0.024,False
28.223617488747152,0.0727602977081113,0.15137160194502747,0.6753683977126264,0.024,False
28.267855203051944,0.07228556247502743,0.15136402606781604,0.6767909883224309,0.024,False
28.312092917356743,0.07180729773679453,0.1513563938562887,0.6782303733004741,0.024,False
28.35633063166155,0.07132565409241051,0.15134870771368938,0.6796862758968212,0.024,False
28.400568345966345,0.07084078369501523,0.15134097006807415,0.681158409747039,0.024,False
28.444806060271144,0.07035284011487135,0.15133318337012222,0.6826464789755513,0.024,False
28.48904377457594,0.06986197820204469,0.15132535009094314,0.6841501783072106,0.024,False
28.533281488880743,0.06936835394896561,0.1513174727198848,0.6856691931872176,0.024,False
28.57751920318554,0.06887212435305304,0.1513095537623415,0.6872031999094947,0.024,False
28.621756917490337,0.06837344727957394,0.15130159573756513,0.6887518657536376,0.024,False
28.665994631795133,0.06787248132491633,0.15129360117648147,0.6903148491305289,0.024,False
28.710232346099936,0.06736938568044239,0.15128557261952127,0.6918917997367289,0.024,False
28.75447006040473,0.06686431999709178,0.15127751261445554,0.6934823587176909,0.024,False
28.79870777470953,0.06635744425089547,0.151269423714252,0.695086158839898,0.024,False
28.842945489014326,0.06584891860956267,0.1512613084749437,0.6967028246719481,0.024,False
28.887183203319132,0.06533890330029238,0.1512531694535218,0.6983319727746511,0.024,False
28.931420917623928,0.06482755847896303,0.1512450092058452,0.6999732119001382,0.024,False
28.975658631928727,0.06431504410084654,0.15123683028458054,0.7016261432000115,0.024,False
29.019896346233523,0.06380151979298632,0.15122863523716293,0.7032903604425121,0.024,False
29.064134060538326,0.06328714472837968,0.15122042660378693,0.7049654502386815,0.024,False
29.10837177484312,0.06277207750209361,0.15121220691543352,0.7066509922774868,0.024,False
29.15260948914792,0.06225647600944281,0.15120397869192326,0.7083465595698256,0.024,False
29.196847203452716,0.06174049732635161,0.15119574444000694,0.71005171870134,0.024,False
29.24108491775752,0.061224297592015774,0.1511875066514944,0.7117660300939402,0.024,False
29.285322632062314,0.06070803189397637,0.15117926780141613,0.7134890482759007,0.024,False
29.329560346367114,0.06019185415571226,0.15117103034623433,0.7152203221604032,0.024,False
29.37379806067191,0.05967591702685019,0.15116279672208913,0.7169593953323461,0.024,False
29.418035774976712,0.059160371776087406,0.15115456934308943,0.7187058063432419,0.024,False
29.462273489281507,0.058645368186919775,0.15114635059964554,0.7204590890139781,0.024,False
29.506511203586307,0.05813105445625442,0.15113814285685712,0.7222187727452412,0.024,False
29.550748917891102,0.05761757709598805,0.15112994845293676,0.7239843828353115,0.024,False
29.59498663219591,0.057105080837624354,0.1511217696976923,0.7257554408049842,0.024,False
29.639224346500704,0.05659370853999463,0.15111360887104966,0.7275314647292951,0.024,False
29.683462060805503,0.056083601100146444,0.15110546822163395,0.7293119695757485,0.024,False
29.7276997751103,0.05557489736745299,0.15109734996539678,0.7310964675486955,0.024,False
29.7719374894151,0.05506773406099793,0.151089256284299,0.7328844684394947,0.024,False
29.816175203719897,0.054562245690274486,0.1510811893250417,0.7346754799820829,0.024,False
29.860412918024696,0.05405856447924489,0.15107315119785913,0.7364690082135422,0.024,False
29.904650632329492,0.05355682029378927,0.15106514397535803,0.7382645578392363,0.024,False
29.948888346634295,0.05305714057257425,0.15105716969141378,0.7400616326020766,0.024,False
29.99312606093909,0.05255965026136565,0.15104923034012138,0.7418597356554507,0.024,False
30.03736377524389,0.052064471750802574,0.15104132787480415,0.7436583699393363,0.024,False
30.081601489548685,0.051571724817644944,0.15103346420707595,0.7454570385591042,0.024,False
30.125839203853488,0.05108152656950513,0.15102564120595707,0.7472552451664858,0.024,False
30.170076918158284,0.0505939913930648,0.15101786069704842,0.7490524943421921,0.024,False
30.214314632463083,0.05010923090577577,0.15101012446176143,0.7508482919796394,0.024,False
30.25855234676788,0.04962735391103897,0.15100243423660287,0.7526421456692233,0.024,False
30.302790061072685,0.04914846635684958,0.15099479171251157,0.754433565082583,0.024,False
30.34702777537748,0.04867267129789515,0.150987198534257,0.7562220623562824,0.024,False
30.39126548968228,0.04820006886108314,0.15097965629988697,0.7580071524743318,0.024,False
30.435503203987075,0.047730756214478184,0.15097216656023316,0.7597883536489538,0.024,False
30.479740918291878,0.047264827539617714,0.1509647308184674,0.7615651876990123,0.024,False
30.523978632596673,0.046802374007174435,0.15095735052971337,0.7633371804255095,0.024,False
30.568216346901472,0.04634348375593243,0.15095002710071315,0.7651038619835507,0.024,False
30.612454061206268,0.04588824187503247,0.15094276188954087,0.7668647672501903,0.024,False
30.65669177551107,0.045436730389448204,0.15093555620537177,0.7686194361875565,0.024,False
30.700929489815866,0.04498902824864388,0.15092841130830142,0.7703674142006772,0.024,False
30.745167204120666,0.044545211318364114,0.1509213284092142,0.7721082524894196,0.024,False
30.78940491842546,0.04410535237550427,0.15091430866970076,0.7738415083939626,0.024,False
30.833642632730264,0.04366952110600312,0.15090735320202533,0.7755667457332505,0.024,False
30.87788034703506,0.043237784105702684,0.1509004630691383,0.7772835351358524,0.024,False
30.92211806133986,0.042810204884110414,0.15089363928473695,0.7789914543627038,0.024,False
30.966355775644654,0.042386843871001716,0.1508868828133692,0.78069008862119,0.024,False
31.01059348994946,0.04196775842579723,0.15088019457058546,0.7823790308700636,0.024,False
31.054831204254256,0.04155300284964503,0.15087357542312793,0.7840578821146948,0.024,False
31.099068918559055,0.0411426284001386,0.1508670261891692,0.7857262516921915,0.024,False
31.14330663286385,0.04073668330859787,0.15086054763858456,0.7873837575459128,0.024,False
31.187544347168654,0.040335212799839724,0.15085414049326978,0.7890300264889624,0.024,False
31.23178206147345,0.03993825911436165,0.15084780542749324,0.7906646944562351,0.024,False
31.27601977577825,0.03954586153286253,0.15084154306828848,0.79228740674464,0.024,False
31.320257490083044,0.039158056403021675,0.15083535399587988,0.7938978182411317,0.024,False
31.364495204387847,0.03877487716845715,0.150829238744147,0.7954955936382204,0.024,False
31.408732918692642,0.038396354399782055,0.1508231978011171,0.7970804076366501,0.024,False
31.45297063299744,0.038022515827679244,0.15081723160949467,0.7986519451349661,0.024,False
31.497208347302237,0.03765338637791031,0.1508113405672198,0.8002099014057268,0.024,False
31.54144606160704,0.03728898820817809,0.15080552502805655,0.8017539822581348,0.024,False
31.585683775911836,0.036929340746758944,0.15079978530220942,0.8032839041868971,0.024,False
31.629921490216635,0.03657446073282138,0.15079412165696632,0.8047993945071613,0.024,False
31.67415920452143,0.03622436225834756,0.15078853431736675,0.8063001914753953,0.024,False
31.718396918826237,0.035879056811574626,0.15078302346689623,0.807786044396116,0.024,False
31.762634633131032,0.035538553321871696,0.15077758924820148,0.8092567137144023,0.024,False
31.80687234743583,0.035202858205969544,0.15077223176382923,0.8107119710941596,0.024,False
31.851110061740627,0.03487197541546027,0.15076695107698274,0.8121515994821278,0.024,False
31.89534777604543,0.03454590648548327,0.15076174721229976,0.813575393157673,0.024,False
31.939585490350225,0.03422465058451673,0.15075662015664612,0.8149831577684101,0.024,False
31.983823204655025,0.033908204565192585,0.15075156985992905,0.8163747103517548,0.024,False
32.028060918959824,0.03359656301605409,0.15074659623591752,0.8177498793425134,0.024,False
32.07229863326462,0.03328971831417621,0.15074169916308908,0.8191085045666796,0.024,False
32.11653634756942,0.032987660678570375,0.15073687848547726,0.820450437221586,0.024,False
32.160774061874214,0.03269037822429446,0.15073213401353736,0.8217755398426393,0.024,False
32.20501177617901,0.0323978570171927,0.15072746552501834,0.8230836862568536,0.024,False
32.24924949048381,0.032110081129188006,0.15072287276584495,0.8243747615234458,0.024,False
32.29348720478861,0.03182703269405456,0.15071835545101,0.8256486618617701,0.024,False
32.33772491909341,0.031548691963595006,0.15071391326546926,0.826905294566896,0.024,False
32.38196263339821,0.031275037364152464,0.1507095458650434,0.8281445779131527,0.024,False
32.42620034770301,0.031006045553386416,0.15070525287732348,0.8293664410459891,0.024,False
32.47043806200781,0.030741691477243923,0.15070103390258316,0.8305708238625157,0.024,False
32.51467577631261,0.030481948427058616,0.15069688851468524,0.8317576768811041,0.024,False
32.55891349061741,0.030226788096712656,0.15069281626199696,0.8329269611004567,0.024,False
32.603151204922206,0.029976180639797262,0.1506888166683012,0.8340786478485528,0.024,False
32.647388919227005,0.02973009472671029,0.1506848892337083,0.8352127186219034,0.024,False
32.6916266335318,0.029488497601630265,0.15068103343556458,0.8363291649155563,0.024,False
32.735864347836596,0.029251355139308044,0.15067724872935911,0.8374279880443074,0.024,False
32.780102062141395,0.02901863190162006,0.15067353454962595,0.8385091989555739,0.024,False
32.824339776446195,0.028790291193828733,0.1506698903108433,0.839572818034405,0.024,False
32.868577490750994,0.028566295120495418,0.15066631540832423,0.8406188749011045,0.024,False
32.91281520505579,0.028346604640997287,0.15066280921910213,0.8416474082019457,0.024,False
32.95705291936059,0.0281311796245974,0.15065937110281108,0.8426584653934682,0.024,False
33.00129063366539,0.02791997890502143,0.15065600040255636,0.8436521025208419,0.024,False
33.04552834797019,0.027712960334496627,0.15065269644577625,0.8446283839907814,0.024,False
33.08976606227498,0.02751008083720866,0.15064945854509676,0.8455873823395116,0.024,False
33.13400377657979,0.027311296462136085,0.15064628599917482,0.8465291779962579,0.024,False
33.17824149088459,0.027116562435223132,0.15064317809352787,0.8474538590427495,0.024,False
33.22247920518938,0.026925833210853286,0.1506401341013564,0.8483615209692166,0.024,False
33.26671691949418,0.026739062522588987,0.1506371532843586,0.8492522664273592,0.024,False
33.31095463379898,0.0265562034331433,0.15063423489352057,0.8501262049807398,0.024,False
33.35519234810378,0.026377208383553296,0.15063137816990602,0.8509834528530797,0.024,False
33.39943006240858,0.026202029241525128,0.15062858234542606,0.8518241326748958,0.024,False
33.443667776713376,0.026030617348923278,0.15062584664359738,0.8526483732289276,0.024,False
33.487905491018175,0.025862923568378642,0.15062317028028566,0.8534563091947861,0.024,False
33.532143205322974,0.02569889832899207,0.15062055246443568,0.8542480808932397,0.024,False
33.576380919627766,0.025538491671110476,0.15061799239878662,0.8550238340305597,0.024,False
33.620618633932565,0.02538165329015674,0.1506154892805687,0.855783719443303,0.024,False
33.66485634823737,0.025228332579494413,0.15061304230219177,0.8565278928439387,0.024,False
33.70909406254217,0.025078478672310906,0.15061065065191015,0.8572565145676687,0.024,False
33.75333177684696,0.024932040482504796,0.15060831351447468,0.8579697493208097,0.024,False
33.79756949115176,0.02478896674456371,0.15060603007177276,0.8586677659310813,0.024,False
33.84180720545656,0.024649206052421768,0.1506037995034455,0.8593507371001173,0.024,False
33.88604491976136,0.02451270689728669,0.15060162098749288,0.8600188391585217,0.024,False
33.93028263406615,0.024379417704429005,0.15059949370086023,0.8606722518237585,0.024,False
33.97452034837095,0.024249286868925704,0.15059741682000946,0.861311157961165,0.024,False
34.01875806267576,0.02412226279035414,0.15059538952147244,0.8619357433483479,0.024,False
34.06299577698056,0.023998293906432426,0.15059341098238693,0.8625461964432123,0.024,False
34.10723349128535,0.02387732872560394,0.15059148038101802,0.8631427081558632,0.024,False
34.15147120559015,0.023759315858564917,0.15058959689726037,0.8637254716245939,0.024,False
34.195708919894955,0.023644204048736447,0.15058775971312569,0.8642946819961634,0.024,False
34.239946634199754,0.02353194220168195,0.15058596801321145,0.8648505362105529,0.024,False
34.284184348504546,0.02342247941347342,0.15058422098515273,0.8653932327903716,0.024,False
34.328422062809345,0.023315764998010965,0.15058251782005955,0.8659229716350705,0.024,False
34.372659777114144,0.02321174851330052,0.1505808577129378,0.8664399538201061,0.024,False
34.41689749141894,0.023110379786696573,0.15057923986308794,0.8669443814011757,0.024,False
34.461135205723735,0.02301160893911788,0.15057766347449453,0.8674364572236472,0.024,False
34.505372920028535,0.02291538640824397,0.15057612775619772,0.8679163847372735,0.024,False
34.54961063433334,0.022821662970702046,0.1505746319226425,0.8683843678162814,0.024,False
34.59384834863814,0.022730389763255886,0.15057317519402147,0.8688406105849042,0.024,False
34.63808606294293,0.022641518303006314,0.15057175679659618,0.8692853172484222,0.024,False
34.68232377724773,0.022555000506617053,0.1505703759630036,0.8697186919297477,0.024,False
34.72656149155254,0.02247078870857766,0.15056903193254623,0.8701409385115986,0.024,False
34.77079920585734,0.022388835678517845,0.15056772395146956,0.8705522604842791,0.024,False
34.81503692016213,0.02230909463758733,0.1505664512732266,0.8709528607990829,0.024,False
34.85927463446693,0.02223151927391647,0.15056521315871843,0.8713429417273069,0.024,False
34.90351234877173,0.02215606375717246,0.15056400887653196,0.8717227047248881,0.024,False
34.947750063076526,0.02208268275222867,0.15056283770315546,0.8720923503026227,0.024,False
34.99198777738132,0.02201133143196197,0.15056169892318244,0.8724520779019524,0.024,False
35.03622549168612,0.021941965489196805,0.1505605918295053,0.8728020857762789,0.024,False
35.080463205990924,0.021874541147812454,0.1505595157234904,0.873142570877755,0.024,False
35.12470092029572,0.021809015173031927,0.15055846991514163,0.8734737287495048,0.024,False
35.168938634600515,0.021745344880910535,0.1505574537232525,0.8737957534232114,0.024,False
35.213176348905314,0.021683488147042997,0.1505564664755469,0.8741088373220047,0.024,False
35.25741406321011,0.02162340341450751,0.15055550750880198,0.8744131711685711,0.024,False
35.30165177751491,0.02156504970106645,0.15055457616896942,0.8747089438984151,0.024,False
35.345889491819705,0.02150838660564223,0.1505536718112727,0.8749963425781742,0.024,False
35.390127206124504,0.02145337431408861,0.15055279380029993,0.8752755523289051,0.024,False
35.43436492042931,0.021399973604276416,0.1505519415100898,0.8755467562542518,0.024,False
35.47860263473411,0.02134814585051355,0.1505511143241983,0.8758101353733801,0.024,False
35.5228403490389,0.021297853027319173,0.15055031163575833,0.8760658685585885,0.024,False
35.5670780633437,0.021249057712571705,0.1505495328475326,0.8763141324774859,0.024,False
35.61131577764851,0.02120172309005033,0.1505487773719523,0.876555101539626,0.024,False
35.655553491953306,0.021155812951390216,0.150548044631149,0.8767889478474852,0.024,False
35.699791206258105,0.02111129169747055,0.15054733405697746,0.877015841151673,0.024,False
35.7440289205629,0.02106812433925554,0.15054664509102864,0.8772359488102559,0.024,False
35.788266634867696,0.02102627649810788,0.1505459771846334,0.8774494357520761,0.024,False
35.832504349172495,0.020985714405593926,0.15054532979886123,0.8776564644439512,0.024,False
35.87674206347729,0.020946404902799864,0.1505447024045086,0.87785719486163,0.024,False
35.92097977778209,0.02090831543917841,0.15054409448208142,0.878051784464385,0.024,False
35.96521749208689,0.020871414070944432,0.15054350552176746,0.8782403881731201,0.024,False
36.00945520639169,0.020835669459038794,0.15054293502340557,0.878423158351875,0.024,False
36.05369292069649,0.020801050866678366,0.15054238249644789,0.8786002447926037,0.024,False
36.09793063500128,0.020767528156511256,0.15054184745990978,0.8787717947031,0.024,False
36.14216834930609,0.020735071787394418,0.15054132944232432,0.8789379526979657,0.024,False
36.18640606361089,0.020703652810812056,0.15054082798168014,0.8790988607924831,0.024,False
36.23064377791569,0.020673242866952234,0.150540342625363,0.8792546583992884,0.024,False
36.27488149222048,0.02064381418045867,0.15053987293008425,0.8794054823277185,0.024,False
36.31911920652528,0.020615339555874634,0.15053941846180913,0.8795514667857224,0.024,False
36.36335692083008,0.020587792372795868,0.15053897879568176,0.8796927433842202,0.024,False
36.40759463513488,0.020561146580748382,0.15053855351594286,0.8798294411437956,0.024,False
36.45183234943967,0.020535376693807134,0.1505381422158409,0.8799616865036087,0.024,False
36.496070063744476,0.020510457784971438,0.1505377444975447,0.880089603332429,0.024,False
36.540307778049275,0.02048636548031211,0.15053735997204926,0.8802133129416679,0.024,False
36.584545492354074,0.020463075952905106,0.15053698825908096,0.8803329341003208,0.024,False
36.628783206658866,0.020440565916566542,0.15053662898699519,0.8804485830516996,0.024,False
36.673020920963666,0.020418812619402812,0.1505362817926725,0.8805603735318662,0.024,False
36.717258635268465,0.02039779383719003,0.15053594632141618,0.8806684167896677,0.024,False
36.761496349573264,0.020377487866595906,0.1505356222268445,0.8807728216082706,0.024,False
36.805734063878056,0.020357873518256995,0.15053530917077518,0.8808736943281029,0.024,False
36.84997177818286,0.020338930109724457,0.1505350068231171,0.8809711388711184,0.024,False
36.89420949248766,0.020320637458290068,0.15053471486175446,0.881065256766287,0.024,False
36.93844720679246,0.020302975873704797,0.15053443297243158,0.8811561471762279,0.024,False
36.98268492109725,0.02028592615080121,0.1505341608486332,0.8812439069249017,0.024,False
37.02692263540206,0.02026946956203104,0.15053389819146815,0.8813286305262807,0.024,False
37.07116034970686,0.020253587849928457,0.15053364470954644,0.8814104102139172,0.024,False
37.11539806401166,0.020238263219509882,0.15053340011885943,0.8814893359713344,0.024,False
37.15963577831645,0.02022347833061981,0.15053316414265672,0.881565495563168,0.024,False
37.20387349262125,0.02020921629023275,0.1505329365113252,0.881638974566986,0.024,False
37.24811120692605,0.020195460644720352,0.15053271696226309,0.8817098564057168,0.024,False
37.29234892123085,0.020182195372092895,0.15053250523975853,0.8817782223806225,0.024,False
37.33658663553564,0.0201694048742234,0.15053230109486293,0.881844151704752,0.024,False
37.380824349840445,0.020157073969062765,0.1505321042852694,0.8819077215368153,0.024,False
37.425062064145244,0.02014518788285386,0.1505319145751863,0.8819690070154173,0.024,False
37.46929977845004,0.02013373224235207,0.15053173173521323,0.8820280812935959,0.024,False
37.513537492754836,0.02012269306705943,0.15053155554222183,0.8820850155736173,0.024,False
37.55777520705964,0.020112056761479303,0.1505313857792247,0.8821398791419603,0.024,False
37.60201292136444,0.020101810107397918,0.15053122223525667,0.8821927394044623,0.024,False
37.64625063566924,0.02009194025619944,0.15053106470525043,0.8822436619215622,0.024,False
37.69048834997403,0.020082434721220087,0.15053091298991692,0.8822927104436086,0.024,False
37.73472606427883,0.020073281370146974,0.1505307668956213,0.8823399469461788,0.024,False
37.77896377858363,0.02006446841746705,0.15053062623426303,0.8823854316653791,0.024,False
37.82320149288843,0.020055984416971335,0.15053049082315997,0.882429223133083,0.024,False
37.86743920719322,0.02004781825431856,0.1505303604849231,0.8824713782120682,0.024,False
37.91167692149803,0.020039959139663204,0.15053023504734342,0.8825119521310262,0.024,False
37.95591463580283,0.0200323966003521,0.15053011434327504,0.8825509985194048,0.024,False
38.000152350107626,0.020025120473693155,0.1505299982105182,0.8825885694420562,0.024,False
38.04439006441242,0.020018120899800016,0.1505298864917052,0.882624715433661,0.024,False
38.088627778717225,0.02001138831451602,0.1505297790341895,0.8826594855329052,0.024,False
38.132865493022024,0.020004913442420863,0.15052967568993236,0.8826929273163763,0.024,False
38.17710320732682,0.019998687289922386,0.15052957631539302,0.882725086932164,0.024,False
38.221340921631615,0.019992701138436417,0.15052948077142025,0.8827560091331391,0.024,False
38.265578635936414,0.0199869465376573,0.15052938892314294,0.8827857373098891,0.024,False
38.30981635024121,0.019981415298921036,0.1505293006398671,0.8828143135232968,0.024,False
38.35405406454601,0.01997609948866331,0.15052921579497083,0.8828417785367381,0.024,False
38.398291778850805,0.019970991421974008,0.15052913426579892,0.8828681718478864,0.024,False
38.44252949315561,0.019966083656250164,0.15052905593356503,0.8828935317201096,0.024,False
38.48676720746041,0.01996136898494846,0.15052898068324844,0.8829178952134437,0.024,False
38.53100492176521,0.01995684043143885,0.15052890840350094,0.8829412982151336,0.024,False
38.57524263607,0.01995249124296006,0.15052883898654454,0.8829637754697262,0.024,False
38.6194803503748,0.019948314884678502,0.15052877232808085,0.8829853606087102,0.024,False
38.6637180646796,0.019944305033850515,0.150528708327195,0.8830060861796911,0.024,False
38.7079557789844,0.019940455574089508,0.15052864688626702,0.8830259836750959,0.024,False
38.75219349328919,0.0199367605897376,0.15052858791087975,0.8830450835603965,0.024,False
38.796431207594,0.019933214360342816,0.15052853130973293,0.883063415301853,0.024,False
38.840668921898796,0.0199298113552416,0.15052847699455324,0.8830810073937623,0.024,False
38.884906636203596,0.019926546228246893,0.15052842488001286,0.8830978873852198,0.024,False
38.92914435050839,0.019923413812441927,0.15052837488364496,0.8831140819063795,0.024,False
38.973382064813194,0.019920409115078908,0.15052832692576318,0.8831296166942201,0.024,False
39.01761977911799,0.01991752731258345,0.1505282809293796,0.8831445166178054,0.024,False
39.06185749342279,0.01991476374566305,0.15052823682013053,0.8831588057030499,0.024,False
39.106095207727584,0.019912113914520507,0.15052819452619587,0.8831725071569766,0.024,False
39.15033292203238,0.01990957347417048,0.15052815397822758,0.8831856433914782,0.024,False
39.19457063633718,0.01990713822985963,0.15052811510927466,0.8831982360465758,0.024,False
39.23880835064198,0.019904804132588688,0.15052807785471248,0.8832103060131802,0.024,False
39.283046064946774,0.019902567274736542,0.15052804215217414,0.8832218734553562,0.024,False
39.32728377925158,0.019900423885784613,0.15052800794147733,0.8832329578320903,0.024,False
39.37152149355638,0.01989837032814129,0.15052797516456545,0.8832435779185747,0.024,False
39.41575920786118,0.01989640309306501,0.1505279437654367,0.8832537518269945,0.024,False
39.45999692216597,0.019894518796685096,0.15052791369008173,0.8832634970268372,0.024,False
39.50423463647078,0.01989271417611912,0.15052788488642282,0.8832728303647215,0.024,False
39.548472350775576,0.019890986085685847,0.150527857304253,0.8832817680837507,0.024,False
39.592710065080375,0.019889331493212318,0.15052783089517638,0.8832903258423961,0.024,False
39.63694777938517,0.019887747476433907,0.15052780561255258,0.8832985187329172,0.024,False
39.681185493689966,0.019886231219486204,0.15052778141143758,0.8833063612993196,0.024,False
39.725423207994766,0.01988478000948716,0.15052775824853235,0.8833138675548635,0.024,False
39.769660922299565,0.019883391233208418,0.15052773608212716,0.8833210509991205,0.024,False
39.81389863660436,0.019882062373834147,0.15052771487205233,0.8833279246345939,0.024,False
39.85813635090916,0.01988079100780621,0.1505276945796258,0.8833345009828991,0.024,False
39.90237406521396,0.019879574801754164,0.1505276751676051,0.8833407921005197,0.024,False
39.94661177951876,0.01987841150950867,0.1505276566001401,0.8833468095941408,0.024,False
39.99084949382355,0.019877298969196842,0.15052763884272571,0.8833525646355648,0.024,False
40.03508720812835,0.01987623510041785,0.15052762186215649,0.883358067976224,0.024,False
40.07932492243315,0.019875217901497814,0.15052760562648387,0.8833633299612894,0.024,False
40.12356263673795,0.019874245446822036,0.1505275901049743,0.8833683605433877,0.024,False
40.16780035104274,0.01987331588424304,0.15052757526806534,0.8833731692959294,0.024,False
40.21203806534755,0.01987242743256344,0.1505275610873288,0.8833777654260606,0.024,False
40.25627577965235,0.019871578379091467,0.1505275475354278,0.8833821577872409,0.024,False
40.30051349395715,0.019870767077268016,0.15052753458608192,0.883386354891459,0.024,False
40.34475120826194,0.019869991944363945,0.15052752221402918,0.883390364921088,0.024,False
40.388988922566746,0.01986925145924536,0.1505275103949918,0.883394195740397,0.024,False
40.433226636871545,0.019868544160206364,0.15052749910563917,0.8833978549067116,0.024,False
40.477464351176344,0.019867868642866875,0.15052748832355592,0.8834013496812478,0.024,False
40.521702065481136,0.019867223558134722,0.15052747802721003,0.8834046870396147,0.024,False
40.565939779785936,0.019866607610230163,0.15052746819591936,0.8834078736819959,0.024,False
40.610177494090735,0.01986601955477148,0.1505274588098225,0.88341091604302,0.024,False
40.654415208395534,0.01986545819692026,0.15052744984984837,0.8834138203013256,0.024,False
40.698652922700326,0.019864922389584854,0.15052744129768894,0.883416592388826,0.024,False
40.74289063700513,0.019864411031680473,0.15052743313577005,0.8834192379996841,0.024,False
40.78712835130993,0.01986392306644501,0.1505274253472233,0.8834217625990006,0.024,False
40.83136606561473,0.01986345747980844,0.15052741791586416,0.8834241714312308,0.024,False
40.87560377991952,0.01986301329881512,0.15052741082616367,0.8834264695283234,0.024,False
40.91984149422433,0.019862589590097318,0.15052740406322404,0.8834286617175999,0.024,False
40.96407920852913,0.01986218545839843,0.1505273976127561,0.8834307526293788,0.024,False
41.00831692283393,0.019861800045145175,0.15052739146105606,0.8834327467043452,0.024,False
41.05255463713872,0.019861432527066982,0.15052738559498405,0.8834346482006814,0.024,False
41.09679235144352,0.01986108211486121,0.1505273800019415,0.883436461200957,0.024,False
41.14103006574832,0.01986074805190338,0.15052737466985286,0.8834381896187918,0.024,False
41.18526778005312,0.01986042961300097,0.15052736958714202,0.8834398372052903,0.024,False
41.22950549435791,0.019860126103189515,0.15052736474271733,0.8834414075552623,0.024,False
41.273743208662715,0.019859836856569807,0.1505273601259504,0.8834429041132287,0.024,False
41.317980922967514,0.019859561235185032,0.1505273557266585,0.8834443301792215,0.024,False
41.36221863727231,0.019859298627936922,0.15052735153508812,0.8834456889143859,0.024,False
41.406456351577106,0.01985904844953949,0.150527347541897,0.8834469833463842,0.024,False
41.450694065881905,0.01985881013950933,0.15052734373814,0.8834482163746151,0.024,False
41.494931780186704,0.01985858316119148,0.15052734011525115,0.8834493907752465,0.024,False
41.5391694944915,0.019858367000819933,0.1505273366650303,0.883450509206072,0.024,False
41.583407208796295,0.019858161166611217,0.15052733337962795,0.8834515742111949,0.024,False
41.6276449231011,0.019857965187890722,0.150527330251531,0.8834525882255435,0.024,False
41.6718826374059,0.01985777861425026,0.15052732727355156,0.8834535535792281,0.024,False
41.7161203517107,0.019857601014736083,0.15052732443881062,0.8834544725017355,0.024,False
41.76035806601549,0.019857431977066558,0.15052732174072775,0.8834553471259752,0.024,False
41.8045957803203,0.01985727110687819,0.15052731917300857,0.8834561794921765,0.024,False
41.8488334946251,0.019857118026999583,0.15052731672963285,0.8834569715516422,0.024,False
41.893071208929896,0.01985697237675197,0.15052731440484354,0.8834577251703655,0.024,False
41.93730892323469,0.019856833811275766,0.15052731219313667,0.883458442132512,0.024,False
41.98154663753949,0.01985670200088232,0.1505273100892496,0.8834591241437708,0.024,False
42.02578435184429,0.019856576630429803,0.15052730808815248,0.883459772834583,0.024,False
42.070022066149086,0.019856457398722542,0.15052730618503818,0.8834603897632469,0.024,False
42.11425978045388,0.019856344017933354,0.15052730437531214,0.8834609764189055,0.024,False
42.158497494758684,0.01985623621304746,0.15052730265458522,0.8834615342244221,0.024,False
42.20273520906348,0.019856133721327836,0.15052730101866352,0.8834620645391454,0.024,False
42.24697292336828,0.01985603629180101,0.15052729946354138,0.8834625686615691,0.024,False
42.291210637673075,0.019855943684762737,0.15052729798539274,0.8834630478318882,0.024,False
42.33544835197788,0.01985585567130257,0.15052729658056377,0.8834635032344574,0.024,False
42.37968606628268,0.01985577203284727,0.15052729524556602,0.8834639360001538,0.024,False
42.42392378058748,0.019855692560721738,0.15052729397706852,0.8834643472086469,0.024,False
42.46816149489227,0.01985561705572722,0.150527292771892,0.8834647378905803,0.024,False
42.51239920919707,0.019855545327736333,0.1505272916270017,0.8834651090296675,0.024,False
42.55663692350187,0.01985547719530378,0.1505272905395017,0.8834654615647041,0.024,False
42.60087463780667,0.019855412485292687,0.15052728950662858,0.8834657963915015,0.024,False
42.64511235211146,0.01985535103251593,0.1505272885257455,0.8834661143647414,0.024,False
42.68935006641627,0.019855292679391755,0.15052728759433728,0.8834664162997583,0.024,False
42.73358778072107,0.019855237275613138,0.15052728671000498,0.8834667029742492,0.024,False
42.777825495025866,0.019855184677830567,0.15052728587046038,0.8834669751299147,0.024,False
42.82206320933066,0.019855134749347813,0.15052728507352167,0.8834672334740327,0.024,False
42.866300923635464,0.0198550873598299,0.15052728431710863,0.883467478680969,0.024,False
42.91053863794026,0.01985504238502316,0.15052728359923787,0.8834677113936262,0.024,False
42.95477635224506,0.019854999706486555,0.15052728291801903,0.883467932224833,0.024,False
42.99901406654986,0.019854959211334358,0.15052728227165016,0.8834681417586749,0.024,False
43.04325178085465,0.0198549207919892,0.15052728165841422,0.8834683405517735,0.024,False
43.08748949515945,0.019854884345945522,0.1505272810766752,0.8834685291345084,0.024,False
43.13172720946425,0.019854849775542912,0.15052728052487407,0.8834687080121904,0.024,False
43.175964923769044,0.019854816987748748,0.1505272800015264,0.8834688776661874,0.024,False
43.22020263807384,0.01985478589395013,0.15052727950521733,0.8834690385549984,0.024,False
43.26444035237865,0.019854756409754558,0.15052727903460011,0.8834691911152865,0.024,False
43.30867806668345,0.01985472845479883,0.15052727858839182,0.8834693357628673,0.024,False
43.35291578098825,0.01985470195256649,0.15052727816537115,0.8834694728936524,0.024,False
43.39715349529304,0.019854676830212466,0.15052727776437555,0.8834696028845584,0.024,False
43.44139120959784,0.01985465301839569,0.15052727738429802,0.8834697260943711,0.024,False
43.48562892390264,0.019854630451118727,0.15052727702408553,0.8834698428645765,0.024,False
43.52986663820743,0.019854609065574243,0.15052727668273538,0.8834699535201546,0.024,False
43.57410435251223,0.019854588801998137,0.15052727635929364,0.8834700583703388,0.024,False
43.618342066817036,0.01985456960352904,0.15052727605285243,0.8834701577093439,0.024,False
43.662579781121835,0.019854551416074163,0.15052727576254885,0.8834702518170598,0.024,False
43.70681749542664,0.019854534188180478,0.15052727548756148,0.8834703409597178,0.024,False
43.751055209731426,0.019854517870911977,0.150527275227109,0.883470425390525,0.024,False
43.79529292403623,0.019854502417732203,0.15052727498044888,0.8834705053502737,0.024,False
43.839530638341024,0.019854487784391917,0.15052727474687483,0.8834705810679214,0.024,False
43.88376835264583,0.019854473928821722,0.15052727452571527,0.8834706527611466,0.024,False
43.92800606695062,0.01985446081102956,0.15052727431633184,0.8834707206368791,0.024,False
43.97224378125542,0.01985444839300257,0.15052727411811756,0.8834707848918082,0.024,False
44.01648149556022,0.01985443663861358,0.1505272739304964,0.8834708457128663,0.024,False
44.06071920986503,0.019854425513531577,0.15052727375291988,0.8834709032776916,0.024,False
44.10495692416981,0.019854414985136293,0.15052727358486762,0.8834709577550711,0.024,False
44.14919463847462,0.019854405022436645,0.15052727342584465,0.8834710093053615,0.024,False
44.19343235277941,0.01985439559599286,0.15052727327538132,0.8834710580808931,0.024,False
44.23767006708422,0.01985438667784208,0.15052727313303146,0.883471104226354,0.024,False
44.281907781389016,0.019854378241427377,0.15052727299837074,0.8834711478791576,0.024,False
44.32614549569381,0.019854370261530085,0.15052727287099707,0.8834711891697931,0.024,False
44.370383209998614,0.019854362714205053,0.15052727275052785,0.8834712282221597,0.024,False
44.414620924303414,0.019854355576719107,0.15052727263660032,0.8834712651538859,0.024,False
44.458858638608206,0.01985434882749211,0.15052727252887024,0.883471300076634,0.024,False
44.503096352913005,0.019854342446040917,0.1505272724270103,0.8834713330963901,0.024,False
44.547334067217804,0.01985433641292578,0.15052727233071073,0.883471364313742,0.024,False
44.5915717815226,0.019854330709699414,0.15052727223967635,0.8834713938241409,0.024,False
44.6358094958274,0.01985432531885826,0.15052727215362893,0.8834714217181566,0.024,False
44.680047210132194,0.01985432022379617,0.1505272720723024,0.883471448081714,0.024,False
44.724284924437,0.019854315408760197,0.15052727199544513,0.8834714729963236,0.024,False
44.7685226387418,0.019854310858808354,0.1505272719228197,0.8834714965393008,0.024,False
44.81276035304659,0.019854306559769608,0.1505272718541989,0.8834715187839703,0.024,False
44.85699806735139,0.019854302498205592,0.15052727178936898,0.8834715397998674,0.024,False
44.90123578165619,0.01985429866137408,0.15052727172812563,0.8834715596529232,0.024,False
44.94547349596099,0.01985429503719439,0.1505272716702775,0.8834715784056486,0.024,False
44.98971121026579,0.019854291614214262,0.1505272716156403,0.8834715961173001,0.024,False
45.03394892457058,0.019854288381578402,0.1505272715640415,0.8834716128440471,0.024,False
45.07818663887539,0.019854285328998512,0.15052727151531609,0.8834716286391239,0.024,False
45.12242435318019,0.019854282446724863,0.15052727146930997,0.88347164355298,0.024,False
45.16666206748498,0.01985427972551892,0.15052727142587327,0.8834716576334168,0.024,False
45.210899781789784,0.019854277156627614,0.15052727138486913,0.8834716709257279,0.024,False
45.25513749609458,0.019854274731758822,0.15052727134616337,0.8834716834728177,0.024,False
45.29937521039938,0.01985427244305789,0.15052727130963206,0.8834716953153299,0.024,False
45.343612924704175,0.01985427028308536,0.15052727127515544,0.8834717064917583,0.024,False
45.387850639008974,0.019854268244795727,0.15052727124261894,0.8834717170385571,0.024,False
45.43208835331377,0.01985426632151756,0.1505272712119205,0.8834717269902492,0.024,False
45.47632606761858,0.019854264506934047,0.15052727118295658,0.8834717363795186,0.024,False
45.520563781923364,0.019854262795064883,0.15052727115563164,0.8834717452373088,0.024,False
45.56480149622817,0.019854261180249147,0.15052727112985584,0.8834717535929119,0.024,False
45.60903921053296,0.019854259657128417,0.15052727110554354,0.8834717614740542,0.024,False
45.65327692483777,0.01985425822063161,0.1505272710826128,0.8834717689069742,0.024,False
45.69751463914257,0.01985425686595981,0.1505272710609887,0.8834717759165044,0.024,False
45.74175235344736,0.019854255588572258,0.15052727104060026,0.8834717825261413,0.024,False
45.78599006775217,0.01985425438417272,0.15052727102137267,0.8834717887581107,0.024,False
45.830227782056966,0.019854253248697145,0.15052727100324986,0.8834717946334475,0.024,False
45.87446549636176,0.01985425217830112,0.15052727098616372,0.8834718001720391,0.024,False
45.91870321066656,0.019854251169348632,0.15052727097005575,0.8834718053926992,0.024,False
45.962940924971356,0.01985425021840119,0.150527270954876,0.8834718103132233,0.024,False
46.007178639276155,0.01985424932220714,0.1505272709405716,0.8834718149504359,0.024,False
46.051416353580954,0.019854248477692082,0.15052727092709137,0.8834718193202433,0.024,False
46.09565406788575,0.019854247681949398,0.15052727091438892,0.8834718234376854,0.024,False
46.13989178219055,0.019854246932231572,0.1505272709024201,0.8834718273169787,0.024,False
46.18412949649535,0.019854246225941462,0.1505272708911434,0.8834718309715615,0.024,False
46.228367210800144,0.019854245560624543,0.15052727088052262,0.8834718344141363,0.024,False
46.27260492510494,0.01985424493396139,0.15052727087052228,0.8834718376567059,0.024,False
46.31684263940974,0.01985424434376003,0.15052727086110168,0.8834718407106082,0.024,False
46.36108035371454,0.01985424378794964,0.15052727085222514,0.8834718435865568,0.024,False
46.40531806801934,0.0198542432645739,0.1505272708438708,0.8834718462946805,0.024,False
46.44955578232413,0.019854242771784773,0.15052727083600687,0.8834718488445402,0.024,False
46.49379349662894,0.01985424230783659,0.1505272708285922,0.8834718512451595,0.024,False
46.538031210933745,0.019854241871081126,0.15052727082162798,0.8834718535050856,0.024,False
46.58226892523853,0.019854241459961328,0.1505272708150582,0.8834718556323541,0.024,False
46.62650663954334,0.019854241073007543,0.15052727080888723,0.8834718576345881,0.024,False
46.67074435384813,0.0198542407088316,0.15052727080306366,0.883471859518951,0.024,False
46.714982068152935,0.01985424036612374,0.150527270797602,0.8834718612922439,0.024,False
46.75921978245773,0.019854240043646734,0.1505272707924449,0.8834718629608427,0.024,False
46.803457496762526,0.01985423974023378,0.15052727078760753,0.8834718645308084,0.024,False
46.847695211067325,0.01985423945478288,0.15052727078305106,0.8834718660078283,0.024,False
46.89193292537213,0.01985423918625438,0.1505272707787507,0.8834718673972765,0.024,False
46.93617063967692,0.019854238933667927,0.15052727077473063,0.8834718687042526,0.024,False
46.98040835398172,0.019854238696097495,0.15052727077093817,0.8834718699335224,0.024,False
47.024646068286515,0.01985423847266999,0.15052727076735845,0.8834718710896032,0.024,False
47.06888378259132,0.019854238262562322,0.1505272707640102,0.8834718721767755,0.024,False
47.11312149689612,0.019854238064997417,0.15052727076086306,0.8834718731990479,0.024,False
47.15735921120091,0.01985423787924255,0.150527270757894,0.883471874160204,0.024,False
47.20159692550572,0.01985423770460699,0.15052727075509217,0.883471875063818,0.024,False
47.24583463981052,0.019854237540439735,0.150527270752475,0.8834718759132772,0.024,False
47.29007235411531,0.019854237386126367,0.15052727075002217,0.8834718767117542,0.024,False
47.33431006842011,0.019854237241087872,0.15052727074770905,0.8834718774622341,0.024,False
47.37854778272491,0.01985423710477836,0.15052727074552744,0.8834718781675419,0.024,False
47.42278549702971,0.019854236976683554,0.15052727074346928,0.8834718788303386,0.024,False
47.46702321133451,0.019854236856318676,0.15052727074153202,0.8834718794531365,0.024,False
47.5112609256393,0.01985423674322735,0.1505272707397412,0.8834718800383194,0.024,False
47.555498639944105,0.019854236636978672,0.15052727073805533,0.8834718805880931,0.024,False
47.59973635424891,0.01985423653716706,0.15052727073646627,0.8834718811045551,0.024,False
47.643974068553696,0.01985423644341034,0.15052727073496852,0.8834718815896835,0.024,False
47.6882117828585,0.019854236355348574,0.15052727073355643,0.8834718820453404,0.024,False
47.732449497163294,0.01985423627264287,0.150527270732225,0.8834718824732802,0.024,False
47.7766872114681,0.019854236194973885,0.15052727073096928,0.883471882875155,0.024,False
47.82092492577289,0.019854236122040986,0.15052727072979236,0.8834718832525259,0.024,False
47.86516264007769,0.019854236053561382,0.1505272707287143,0.883471883606873,0.024,False
47.90940035438249,0.019854235989268106,0.15052727072770306,0.8834718839395584,0.024,False
47.9536380686873,0.019854235928910165,0.15052727072675118,0.883471884251879,0.024,False
47.99787578299208,0.019854235872251273,0.15052727072585476,0.8834718845450568,0.024,False
48.04211349729689,0.019854235819069102,0.15052727072501085,0.8834718848202427,0.024,False
48.08635121160168,0.019854235769154342,0.1505272707242162,0.8834718850785201,0.024,False
48.13058892590649,0.01985423572230998,0.15052727072346778,0.8834718853209084,0.024,False
48.17482664021128,0.01985423567835062,0.15052727072276256,0.8834718855483666,0.024,False
48.21906435451608,0.019854235637102063,0.1505272707220986,0.8834718857617969,0.024,False
48.26330206882088,0.01985423559840009,0.15052727072147293,0.8834718859620486,0.024,False
48.307539783125684,0.019854235562090348,0.15052727072088326,0.8834718861499208,0.024,False
48.35177749743047,0.01985423552802771,0.15052727072032737,0.8834718863261641,0.024,False
48.396015211735275,0.01985423549607556,0.1505272707198032,0.8834718864914857,0.024,False
48.44025292604007,0.0198542354661054,0.15052727071930885,0.8834718866465505,0.024,False
48.48449064034487,0.019854235437996436,0.15052727071884267,0.8834718867919839,0.024,False
48.52872835464967,0.01985423541163524,0.15052727071841177,0.8834718869283787,0.024,False
48.572966068954464,0.019854235386915064,0.15052727071802502,0.8834718870562948,0.024,False
48.61720378325927,0.0198542353637354,0.15052727071767416,0.8834718871762473,0.024,False
48.66144149756407,0.019854235342001703,0.1505272707173468,0.8834718872887182,0.024,False
48.70567921186886,0.019854235321625308,0.1505272707170401,0.8834718873941653,0.024,False
48.74991692617366,0.01985423530252281,0.15052727071675262,0.8834718874930201,0.024,False
48.79415464047846,0.019854235284615815,0.1505272707164831,0.8834718875856882,0.024,False
48.83839235478326,0.019854235267830738,0.15052727071623045,0.8834718876725502,0.024,False
48.88263006908806,0.019854235252098406,0.1505272707159936,0.8834718877539645,0.024,False
48.92686778339285,0.019854235237353773,0.15052727071577163,0.8834718878302673,0.024,False
48.97110549769766,0.01985423522353579,0.15052727071556388,0.883471887901775,0.024,False
49.01534321200246,0.01985423521058712,0.15052727071536892,0.8834718879687838,0.024,False
49.05958092630725,0.019854235198453814,0.15052727071518618,0.8834718880315733,0.024,False
49.103818640612054,0.019854235187085307,0.15052727071501493,0.8834718880904047,0.024,False
49.14805635491685,0.01985423517643409,0.15052727071485483,0.8834718881455246,0.024,False
49.19229406922165,0.01985423516645551,0.1505272707147045,0.8834718881971632,0.024,False
49.236531783526445,0.019854235157107648,0.15052727071456398,0.8834718882455381,0.024,False
49.280769497831244,0.019854235148351187,0.15052727071443198,0.8834718882908523,0.024,False
49.32500721213604,0.01985423514014918,0.15052727071430874,0.8834718883332977,0.024,False
49.36924492644085,0.019854235132466983,0.1505272707141929,0.8834718883730526,0.024,False
49.413482640745634,0.019854235125272013,0.15052727071408475,0.8834718884102863,0.024,False
49.45772035505044,0.019854235118533743,0.15052727071398309,0.8834718884451566,0.024,False
49.50195806935523,0.019854235112223523,0.15052727071388824,0.8834718884778117,0.024,False
49.54619578366004,0.019854235106314424,0.15052727071379945,0.8834718885083912,0.024,False
49.59043349796483,0.019854235100781246,0.1505272707137159,0.8834718885370251,0.024,False
49.63467121226963,0.019854235095600282,0.15052727071363806,0.8834718885638364,0.024,False
49.67890892657443,0.01985423509074933,0.15052727071356511,0.88347188858894,0.024,False
49.723146640879236,0.01985423508620756,0.15052727071349667,0.8834718886124433,0.024,False
49.76738435518402,0.01985423508195541,0.15052727071343258,0.883471888634448,0.024,False
49.81162206948883,0.01985423507797456,0.15052727071337277,0.8834718886550488,0.024,False
49.85585978379362,0.01985423507424781,0.15052727071331673,0.8834718886743347,0.024,False
49.900097498098425,0.019854235070759046,0.15052727071326427,0.883471888692389,0.024,False
49.94433521240323,0.01985423506749315,0.15052727071321484,0.8834718887092896,0.024,False
49.98857292670802,0.01985423506443596,0.1505272707131689,0.8834718887251106,0.024,False
50.03281064101282,0.01985423506157419,0.15052727071312585,0.8834718887399201,0.024,False
50.07704835531762,0.019854235058895373,0.1505272707130856,0.883471888753783,0.024,False
50.121286069622414,0.01985423505638785,0.15052727071304792,0.8834718887667592,0.024,False
50.16552378392721,0.019854235054040676,0.15052727071301264,0.8834718887789058,0.024,False
50.20976149823201,0.019854235051843586,0.15052727071297925,0.8834718887902755,0.024,False
50.25399921253681,0.019854235049786978,0.15052727071294833,0.8834718888009184,0.024,False
50.29823692684162,0.019854235047861858,0.1505272707129194,0.8834718888108809,0.024,False
50.3424746411464,0.01985423504605976,0.15052727071289232,0.8834718888202067,0.024,False
50.38671235545121,0.019854235044372833,0.15052727071286698,0.8834718888289365,0.024,False
50.430950069756015,0.019854235042793638,0.15052727071284322,0.8834718888371088,0.024,False
50.4751877840608,0.01985423504131524,0.15052727071282102,0.8834718888447596,0.024,False
50.51942549836561,0.019854235039931147,0.1505272707128002,0.8834718888519222,0.024,False
50.5636632126704,0.019854235038635277,0.15052727071278074,0.8834718888586282,0.024,False
50.607900926975205,0.019854235037421918,0.15052727071276248,0.8834718888649074,0.024,False
50.652138641280004,0.019854235036285747,0.15052727071274535,0.883471888870787,0.024,False
50.696376355584796,0.019854235035221806,0.15052727071272906,0.8834718888762927,0.024,False
50.740614069889595,0.019854235034225346,0.15052727071271407,0.8834718888814493,0.024,False
50.7848517841944,0.019854235033292044,0.15052727071270006,0.8834718888862791,0.024,False
50.82908949849919,0.019854235032417802,0.1505272707126869,0.8834718888908033,0.024,False
50.87332721280399,0.019854235031598777,0.1505272707126746,0.8834718888950417,0.024,False
50.917564927108785,0.019854235030831353,0.15052727071266306,0.8834718888990131,0.024,False
50.96180264141359,0.019854235030112206,0.15052727071265226,0.8834718889027346,0.024,False
51.00604035571839,0.019854235029438175,0.1505272707126421,0.8834718889062227,0.024,False
51.05027807002318,0.01985423502880635,0.15052727071263264,0.8834718889094925,0.024,False
51.09451578432798,0.01985423502821395,0.15052727071262373,0.8834718889125581,0.024,False
51.13875349863279,0.019854235027658394,0.15052727071261537,0.883471888915433,0.024,False
51.18299121293757,0.0198542350271373,0.15052727071260755,0.8834718889181298,0.024,False
51.22722892724238,0.01985423502664841,0.1505272707126002,0.8834718889206598,0.024,False
51.27146664154717,0.019854235026189618,0.1505272707125933,0.8834718889230341,0.024,False
51.31570435585198,0.019854235025758987,0.1505272707125868,0.8834718889252625,0.024,False
51.359942070156784,0.019854235025354636,0.15052727071258074,0.883471888927355,0.024,False
51.40417978446157,0.019854235024974815,0.15052727071257505,0.8834718889293205,0.024,False
51.448417498766375,0.019854235024618007,0.15052727071256966,0.883471888931167,0.024,False
51.492655213071174,0.019854235024282615,0.15052727071256464,0.8834718889329027,0.024,False
51.53689292737597,0.019854235023967295,0.1505272707125599,0.8834718889345344,0.024,False
51.581130641680765,0.019854235023670726,0.15052727071255545,0.8834718889360692,0.024,False
51.625368355985565,0.01985423502339163,0.15052727071255123,0.8834718889375136,0.024,False
51.669606070290364,0.019854235023128934,0.1505272707125473,0.883471888938873,0.024,False
51.71384378459517,0.0198542350228815,0.15052727071254354,0.8834718889401534,0.024,False
51.758081498899955,0.01985423502264832,0.15052727071254007,0.8834718889413601,0.024,False
51.80231921320476,0.01985423502242851,0.15052727071253674,0.8834718889424976,0.024,False
51.84655692750957,0.019854235022221143,0.15052727071253366,0.8834718889435708,0.024,False
51.89079464181436,0.019854235022025424,0.1505272707125307,0.8834718889445835,0.024,False
51.93503235611916,0.019854235021840614,0.15052727071252792,0.88347188894554,0.024,False
51.97927007042395,0.019854235021665948,0.15052727071252528,0.8834718889464439,0.024,False
52.02350778472876,0.019854235021500785,0.1505272707125228,0.8834718889472986,0.024,False
52.067745499033556,0.01985423502134455,0.15052727071252045,0.883471888948107,0.024,False
52.11198321333835,0.0198542350211965,0.15052727071251826,0.8834718889488733,0.024,False
52.15622092764315,0.01985423502105628,0.15052727071251615,0.8834718889495989,0.024,False
52.200458641947954,0.019854235020923296,0.15052727071251412,0.883471888950287,0.024,False
52.244696356252746,0.019854235020797105,0.15052727071251223,0.8834718889509401,0.024,False
52.288934070557545,0.019854235020677184,0.15052727071251046,0.8834718889515607,0.024,False
52.33317178486234,0.019854235020563184,0.15052727071250874,0.8834718889521507,0.024,False
52.37740949916714,0.019854235020454792,0.1505272707125071,0.8834718889527116,0.024,False
52.42164721347195,0.019854235020351458,0.15052727071250552,0.8834718889532462,0.024,False
52.465884927776735,0.01985423502025296,0.15052727071250407,0.8834718889537561,0.024,False
52.51012264208154,0.019854235020158973,0.15052727071250263,0.8834718889542423,0.024,False
52.55436035638634,0.019854235020069316,0.1505272707125013,0.8834718889547064,0.024,False
52.59859807069114,0.01985423501998345,0.15052727071250002,0.8834718889551507,0.024,False
52.64283578499593,0.01985423501990136,0.15052727071249877,0.8834718889555756,0.024,False
52.68707349930072,0.019854235019822742,0.15052727071249758,0.8834718889559824,0.024,False
52.73131121360553,0.019854235019747427,0.15052727071249647,0.8834718889563722,0.024,False
52.775548927910336,0.019854235019675023,0.15052727071249536,0.8834718889567469,0.024,False
52.81978664221512,0.019854235019605405,0.15052727071249433,0.8834718889571072,0.024,False
52.86402435651993,0.019854235019538466,0.1505272707124933,0.8834718889574537,0.024,False
52.908262070824726,0.019854235019474094,0.15052727071249233,0.8834718889577867,0.024,False
52.952499785129525,0.01985423501941209,0.15052727071249142,0.8834718889581076,0.024,False
52.99673749943432,0.019854235019352313,0.1505272707124905,0.8834718889584168,0.024,False
53.04097521373912,0.0198542350192943,0.15052727071248967,0.8834718889587172,0.024,False
53.085212928043916,0.019854235019238237,0.1505272707124888,0.8834718889590072,0.024,False
53.12945064234872,0.019854235019184124,0.15052727071248798,0.8834718889592872,0.024,False
53.17368835665351,0.01985423501913175,0.15052727071248723,0.8834718889595583,0.024,False
53.21792607095831,0.01985423501908086,0.15052727071248645,0.8834718889598218,0.024,False
53.26216378526312,0.019854235019031462,0.1505272707124857,0.8834718889600772,0.024,False
53.30640149956791,0.019854235018983597,0.15052727071248498,0.883471888960325,0.024,False
53.35063921387271,0.019854235018936902,0.15052727071248426,0.8834718889605666,0.024,False
53.3948769281775,0.019854235018891456,0.1505272707124836,0.8834718889608018,0.024,False
53.43911464248231,0.019854235018847345,0.1505272707124829,0.8834718889610301,0.024,False
53.48335235678711,0.019854235018803505,0.15052727071248226,0.883471888961257,0.024,False
53.5275900710919,0.019854235018761827,0.15052727071248162,0.8834718889614727,0.024,False
53.5718277853967,0.019854235018720464,0.150527270712481,0.8834718889616866,0.024,False
53.616065499701506,0.019854235018680097,0.1505272707124804,0.8834718889618955,0.024,False
53.6603032140063,0.01985423501864088,0.15052727071247982,0.8834718889620985,0.024,False
53.7045409283111,0.019854235018602083,0.15052727071247923,0.8834718889622992,0.024,False
53.74877864261589,0.019854235018564013,0.15052727071247868,0.8834718889624963,0.024,False
53.793016356920695,0.019854235018527226,0.1505272707124781,0.8834718889626866,0.024,False
53.8372540712255,0.019854235018490457,0.15052727071247754,0.883471888962877,0.024,False
53.88149178553029,0.019854235018455006,0.15052727071247698,0.8834718889630604,0.024,False
53.92572949983509,0.019854235018419784,0.15052727071247649,0.8834718889632427,0.024,False
53.96996721413989,0.019854235018385284,0.15052727071247596,0.8834718889634212,0.024,False
54.01420492844469,0.019854235018350968,0.15052727071247546,0.8834718889635989,0.024,False
54.05844264274948,0.01985423501831665,0.15052727071247493,0.8834718889637764,0.024,False
54.10268035705428,0.01985423501828405,0.15052727071247443,0.8834718889639451,0.024,False
54.14691807135908,0.019854235018251763,0.15052727071247396,0.8834718889641122,0.024,False
54.19115578566389,0.019854235018219587,0.1505272707124735,0.8834718889642786,0.024,False
54.23539349996867,0.01985423501818772,0.150527270712473,0.8834718889644436,0.024,False
54.27963121427348,0.019854235018155857,0.15052727071247252,0.8834718889646085,0.024,False
54.32386892857828,0.01985423501812399,0.15052727071247204,0.8834718889647734,0.024,False
54.36810664288308,0.019854235018092473,0.15052727071247157,0.8834718889649366,0.024,False
54.41234435718787,0.01985423501806263,0.1505272707124711,0.8834718889650909,0.024,False
54.45658207149267,0.019854235018033135,0.15052727071247068,0.8834718889652436,0.024,False
54.50081978579747,0.019854235018003635,0.15052727071247024,0.8834718889653963,0.024,False
54.545057500102274,0.019854235017974127,0.15052727071246977,0.883471888965549,0.024,False
54.58929521440706,0.019854235017944633,0.15052727071246935,0.8834718889657015,0.024,False
54.633532928711865,0.019854235017915185,0.1505272707124689,0.8834718889658539,0.024,False
54.67777064301667,0.019854235017885757,0.15052727071246846,0.8834718889660064,0.024,False
54.722008357321464,0.019854235017856322,0.15052727071246802,0.8834718889661586,0.024,False
54.76624607162626,0.0198542350178269,0.15052727071246758,0.8834718889663108,0.024,False
54.810483785931055,0.019854235017797473,0.15052727071246713,0.8834718889664631,0.024,False
54.85472150023586,0.01985423501776805,0.1505272707124667,0.8834718889666153,0.024,False
54.89895921454066,0.019854235017738617,0.15052727071246624,0.8834718889667678,0.024,False
54.94319692884545,0.01985423501770919,0.1505272707124658,0.88347188896692,0.024,False
54.98743464315025,0.019854235017679765,0.15052727071246536,0.8834718889670722,0.024,False
55.03167235745506,0.019854235017650334,0.1505272707124649,0.8834718889672246,0.024,False
55.07591007175985,0.019854235017620913,0.1505272707124645,0.8834718889673769,0.024,False
55.12014778606465,0.019854235017591485,0.15052727071246402,0.8834718889675292,0.024,False
55.16438550036944,0.019854235017562057,0.15052727071246358,0.8834718889676814,0.024,False
55.20862321467425,0.019854235017532633,0.15052727071246313,0.8834718889678336,0.024,False
55.252860928979054,0.019854235017503205,0.1505272707124627,0.8834718889679859,0.024,False
55.29709864328384,0.019854235017473777,0.15052727071246227,0.8834718889681383,0.024,False
55.341336357588645,0.01985423501744435,0.1505272707124618,0.8834718889682905,0.024,False
55.385574071893444,0.019854235017414935,0.1505272707124614,0.8834718889684428,0.024,False
55.42981178619824,0.01985423501738552,0.15052727071246091,0.8834718889685949,0.024,False
55.474049500503035,0.019854235017356107,0.1505272707124605,0.8834718889687472,0.024,False
55.518287214807835,0.0198542350173267,0.15052727071246005,0.8834718889688994,0.024,False
55.562524929112634,0.019854235017297345,0.15052727071245958,0.8834718889690512,0.024,False
55.60676264341744,0.01985423501726799,0.15052727071245917,0.8834718889692031,0.024,False
55.651000357722225,0.019854235017239052,0.15052727071245872,0.883471888969353,0.024,False
55.69523807202703,0.019854235017211626,0.1505272707124583,0.8834718889694949,0.024,False
55.73947578633184,0.019854235017184658,0.1505272707124579,0.8834718889696344,0.024,False
55.78371350063663,0.01985423501715769,0.1505272707124575,0.883471888969774,0.024,False
55.82795121494142,0.01985423501713073,0.1505272707124571,0.8834718889699135,0.024,False
55.87218892924622,0.019854235017103764,0.1505272707124567,0.883471888970053,0.024,False
55.91642664355102,0.0198542350170768,0.1505272707124563,0.8834718889701926,0.024,False
55.960664357855826,0.01985423501704983,0.1505272707124559,0.8834718889703321,0.024,False
56.00490207216061,0.019854235017022864,0.15052727071245547,0.8834718889704718,0.024,False
56.04913978646542,0.0198542350169959,0.15052727071245506,0.8834718889706112,0.024,False
56.093377500770224,0.019854235016968935,0.15052727071245467,0.8834718889707508,0.024,False
56.137615215075016,0.01985423501694197,0.15052727071245425,0.8834718889708904,0.024,False
56.181852929379815,0.019854235016915002,0.15052727071245386,0.8834718889710299,0.024,False
56.22609064368461,0.019854235016888037,0.15052727071245342,0.8834718889711694,0.024,False
56.27032835798941,0.019854235016861073,0.15052727071245303,0.883471888971309,0.024,False
56.31456607229421,0.01985423501683411,0.15052727071245262,0.8834718889714485,0.024,False
56.358803786599005,0.019854235016807144,0.15052727071245223,0.8834718889715881,0.024,False
56.403041500903804,0.01985423501678018,0.1505272707124518,0.8834718889717276,0.024,False
56.44727921520861,0.019854235016753218,0.15052727071245142,0.8834718889718671,0.024,False
56.4915169295134,0.019854235016726254,0.15052727071245103,0.8834718889720067,0.024,False
56.5357546438182,0.019854235016699293,0.15052727071245062,0.8834718889721462,0.024,False
56.57999235812299,0.019854235016672328,0.1505272707124502,0.8834718889722857,0.024,False
56.6242300724278,0.01985423501664549,0.15052727071244978,0.8834718889724246,0.024,False
56.668467786732606,0.01985423501661906,0.1505272707124494,0.8834718889725613,0.024,False
56.71270550103739,0.019854235016592642,0.150527270712449,0.8834718889726981,0.024,False
56.7569432153422,0.019854235016566222,0.1505272707124486,0.8834718889728348,0.024,False
56.801180929646996,0.019854235016540593,0.1505272707124482,0.8834718889729674,0.024,False
56.845418643951795,0.019854235016516016,0.15052727071244784,0.8834718889730947,0.024,False
56.88965635825659,0.019854235016491438,0.15052727071244748,0.8834718889732218,0.024,False
56.93389407256139,0.01985423501646685,0.1505272707124471,0.883471888973349,0.024,False
56.978131786866186,0.019854235016442272,0.15052727071244676,0.8834718889734763,0.024,False
57.02236950117099,0.019854235016417695,0.15052727071244637,0.8834718889736034,0.024,False
57.06660721547578,0.019854235016393176,0.15052727071244598,0.8834718889737304,0.024,False
57.11084492978058,0.01985423501636866,0.15052727071244565,0.8834718889738572,0.024,False
57.15508264408539,0.019854235016344143,0.15052727071244526,0.883471888973984,0.024,False
57.19932035839018,0.01985423501631963,0.15052727071244487,0.8834718889741109,0.024,False
57.24355807269499,0.019854235016295116,0.15052727071244454,0.8834718889742377,0.024,False
57.28779578699977,0.019854235016270597,0.15052727071244415,0.8834718889743647,0.024,False
57.33203350130458,0.019854235016246082,0.15052727071244376,0.8834718889744915,0.024,False
57.37627121560938,0.019854235016221567,0.15052727071244343,0.8834718889746184,0.024,False
57.42050892991417,0.019854235016197055,0.15052727071244304,0.8834718889747453,0.024,False
57.46474664421897,0.019854235016172544,0.15052727071244268,0.8834718889748722,0.024,False
57.508984358523776,0.01985423501614803,0.15052727071244232,0.883471888974999,0.024,False
57.55322207282857,0.019854235016123517,0.15052727071244196,0.8834718889751259,0.024,False
57.597459787133374,0.019854235016099005,0.15052727071244157,0.8834718889752526,0.024,False
57.64169750143816,0.019854235016074494,0.15052727071244118,0.8834718889753794,0.024,False
57.685935215742965,0.019854235016049982,0.15052727071244085,0.8834718889755063,0.024,False
57.730172930047765,0.019854235016026033,0.15052727071244046,0.8834718889756302,0.024,False
57.77441064435256,0.019854235016002544,0.15052727071244013,0.8834718889757518,0.024,False
57.818648358657356,0.01985423501597906,0.15052727071243976,0.8834718889758734,0.024,False
57.86288607296216,0.019854235015955568,0.1505272707124394,0.8834718889759949,0.024,False
57.907123787266954,0.01985423501593208,0.15052727071243904,0.8834718889761164,0.024,False
57.95136150157176,0.019854235015909143,0.1505272707124387,0.8834718889762352,0.024,False
57.995599215876545,0.019854235015887005,0.15052727071243838,0.8834718889763497,0.024,False
58.03983693018135,0.019854235015864887,0.15052727071243804,0.8834718889764641,0.024,False
58.08407464448616,0.019854235015842738,0.1505272707124377,0.8834718889765788,0.024,False
58.12831235879094,0.019854235015820603,0.15052727071243738,0.8834718889766934,0.024,False
58.17255007309575,0.019854235015798492,0.15052727071243704,0.8834718889768077,0.024,False
58.21678778740055,0.019854235015776427,0.1505272707124367,0.883471888976922,0.024,False
58.26102550170535,0.01985423501575436,0.15052727071243638,0.8834718889770361,0.024,False
58.30526321601015,0.0198542350157323,0.15052727071243607,0.8834718889771503,0.024,False
58.34950093031494,0.019854235015710233,0.1505272707124357,0.8834718889772645,0.024,False
58.39373864461974,0.019854235015688167,0.15052727071243538,0.8834718889773787,0.024,False
58.437976358924544,0.019854235015666105,0.15052727071243507,0.8834718889774928,0.024,False
58.48221407322933,0.019854235015644043,0.15052727071243474,0.8834718889776071,0.024,False
58.526451787534135,0.019854235015621984,0.15052727071243438,0.8834718889777212,0.024,False
58.57068950183894,0.019854235015599922,0.15052727071243407,0.8834718889778354,0.024,False
58.614927216143734,0.019854235015577863,0.15052727071243374,0.8834718889779495,0.024,False
58.65916493044854,0.0198542350155558,0.15052727071243338,0.8834718889780637,0.024,False
58.703402644753325,0.019854235015534,0.15052727071243308,0.8834718889781766,0.024,False
58.74764035905813,0.019854235015513415,0.15052727071243277,0.883471888978283,0.024,False
58.79187807336293,0.019854235015492855,0.15052727071243244,0.8834718889783895,0.024,False
58.83611578766773,0.019854235015472295,0.15052727071243213,0.8834718889784958,0.024,False
58.88035350197252,0.019854235015451735,0.15052727071243183,0.8834718889786022,0.024,False
58.92459121627732,0.019854235015431175,0.15052727071243152,0.8834718889787087,0.024,False
58.96882893058212,0.019854235015410615,0.15052727071243122,0.883471888978815,0.024,False
59.013066644886926,0.019854235015390055,0.15052727071243088,0.8834718889789215,0.024,False
59.05730435919171,0.01985423501536949,0.15052727071243058,0.8834718889790278,0.024,False
59.10154207349652,0.019854235015348935,0.15052727071243027,0.8834718889791342,0.024,False
59.14577978780132,0.019854235015328375,0.15052727071242997,0.8834718889792406,0.024,False
59.190017502106116,0.019854235015307815,0.15052727071242966,0.883471888979347,0.024,False
59.23425521641091,0.019854235015287255,0.15052727071242936,0.8834718889794535,0.024,False
59.27849293071571,0.019854235015266695,0.15052727071242905,0.8834718889795597,0.024,False
59.322730645020506,0.01985423501524614,0.15052727071242872,0.8834718889796662,0.024,False
59.36696835932531,0.01985423501522559,0.15052727071242844,0.8834718889797725,0.024,False
59.4112060736301,0.019854235015205033,0.1505272707124281,0.8834718889798789,0.024,False
59.455443787934904,0.01985423501518448,0.1505272707124278,0.8834718889799852,0.024,False
59.49968150223971,0.019854235015163934,0.1505272707124275,0.8834718889800917,0.024,False
59.5439192165445,0.019854235015143697,0.1505272707124272,0.8834718889801964,0.024,False
59.5881569308493,0.019854235015124087,0.1505272707124269,0.8834718889802978,0.024,False
59.63239464515409,0.019854235015104478,0.1505272707124266,0.8834718889803993,0.024,False
59.6766323594589,0.01985423501508487,0.1505272707124263,0.8834718889805007,0.024,False
59.7208700737637,0.01985423501506526,0.150527270712426,0.8834718889806022,0.024,False
59.76510778806849,0.01985423501504624,0.15052727071242572,0.8834718889807006,0.024,False
59.80934550237329,0.019854235015028393,0.15052727071242544,0.883471888980793,0.024,False
59.853583216678096,0.01985423501501077,0.1505272707124252,0.8834718889808842,0.024,False
59.89782093098289,0.019854235014993143,0.15052727071242494,0.8834718889809754,0.024,False
59.94205864528769,0.019854235014975522,0.15052727071242464,0.8834718889810667,0.024,False
59.98629635959248,0.0198542350149579,0.15052727071242442,0.8834718889811578,0.024,False
60.030534073897286,0.01985423501494028,0.15052727071242414,0.8834718889812491,0.024,False
60.07477178820209,0.019854235014922655,0.15052727071242386,0.8834718889813402,0.024,False
60.11900950250688,0.01985423501490503,0.15052727071242358,0.8834718889814315,0.024,False
60.16324721681168,0.01985423501488741,0.15052727071242333,0.8834718889815225,0.024,False
60.20748493111648,0.019854235014869784,0.15052727071242306,0.8834718889816139,0.024,False
60.25172264542128,0.019854235014852162,0.1505272707124228,0.8834718889817049,0.024,False
60.295960359726074,0.01985423501483454,0.15052727071242256,0.8834718889817962,0.024,False
60.34019807403087,0.01985423501481692,0.15052727071242228,0.8834718889818873,0.024,False
60.38443578833567,0.019854235014799295,0.150527270712422,0.8834718889819786,0.024,False
60.42867350264048,0.01985423501478167,0.15052727071242172,0.8834718889820697,0.024,False
60.47291121694526,0.01985423501476405,0.15052727071242147,0.883471888982161,0.024,False
60.51714893125007,0.019854235014746424,0.15052727071242122,0.8834718889822522,0.024,False
60.56138664555487,0.019854235014728803,0.15052727071242095,0.8834718889823434,0.024,False
60.60562435985967,0.01985423501471118,0.1505272707124207,0.8834718889824347,0.024,False
60.64986207416446,0.019854235014693557,0.15052727071242042,0.8834718889825258,0.024,False
60.69409978846926,0.019854235014675932,0.15052727071242014,0.883471888982617,0.024,False
60.73833750277406,0.019854235014658307,0.1505272707124199,0.8834718889827082,0.024,False
60.782575217078865,0.01985423501464069,0.15052727071241964,0.8834718889827993,0.024,False
60.82681293138365,0.019854235014623065,0.15052727071241936,0.8834718889828906,0.024,False
60.871050645688456,0.01985423501460544,0.1505272707124191,0.8834718889829817,0.024,False
60.91528835999326,0.01985423501458782,0.15052727071241884,0.8834718889830729,0.024,False
60.959526074298054,0.019854235014570197,0.15052727071241856,0.8834718889831641,0.024,False
61.00376378860285,0.019854235014552572,0.1505272707124183,0.8834718889832553,0.024,False
61.048001502907645,0.019854235014534947,0.150527270712418,0.8834718889833465,0.024,False
61.09223921721245,0.019854235014517326,0.15052727071241778,0.8834718889834378,0.024,False
61.13647693151725,0.0198542350144997,0.1505272707124175,0.8834718889835289,0.024,False
61.18071464582204,0.01985423501448208,0.15052727071241723,0.8834718889836202,0.024,False
61.22495236012684,0.01985423501446446,0.15052727071241698,0.8834718889837114,0.024,False
61.26919007443165,0.019854235014446837,0.15052727071241673,0.8834718889838026,0.024,False
61.31342778873644,0.019854235014429213,0.15052727071241642,0.8834718889838937,0.024,False
61.35766550304124,0.019854235014411584,0.15052727071241617,0.883471888983985,0.024,False
61.40190321734603,0.019854235014393967,0.15052727071241592,0.8834718889840762,0.024,False
61.44614093165084,0.01985423501437634,0.15052727071241565,0.8834718889841674,0.024,False
61.490378645955644,0.01985423501435872,0.15052727071241537,0.8834718889842587,0.024,False
61.53461636026043,0.019854235014341096,0.1505272707124151,0.8834718889843497,0.024,False
61.578854074565236,0.019854235014323474,0.15052727071241484,0.8834718889844408,0.024,False
61.623091788870035,0.01985423501430585,0.1505272707124146,0.8834718889845321,0.024,False
61.667329503174834,0.019854235014288225,0.1505272707124143,0.8834718889846233,0.024,False
61.711567217479626,0.019854235014270607,0.15052727071241406,0.8834718889847145,0.024,False
61.755804931784425,0.01985423501425299,0.15052727071241379,0.8834718889848057,0.024,False
61.800042646089224,0.019854235014235368,0.1505272707124135,0.8834718889848969,0.024,False
61.84428036039403,0.019854235014217746,0.15052727071241326,0.8834718889849882,0.024,False
61.888518074698815,0.019854235014200135,0.150527270712413,0.8834718889850792,0.024,False
61.93275578900362,0.01985423501418253,0.15052727071241273,0.8834718889851703,0.024,False
61.97699350330843,0.01985423501416526,0.15052727071241248,0.8834718889852597,0.024,False
62.02123121761322,0.0198542350141481,0.1505272707124122,0.8834718889853486,0.024,False
62.06546893191802,0.019854235014130944,0.15052727071241195,0.8834718889854373,0.024,False
62.10970664622281,0.019854235014113784,0.15052727071241168,0.8834718889855261,0.024,False
62.15394436052762,0.019854235014097797,0.15052727071241145,0.8834718889856088,0.024,False
62.19818207483242,0.019854235014082833,0.15052727071241123,0.8834718889856862,0.024,False
62.24241978913721,0.019854235014068026,0.150527270712411,0.8834718889857629,0.024,False
62.28665750344201,0.0198542350140533,0.1505272707124108,0.8834718889858391,0.024,False
62.330895217746814,0.019854235014038574,0.15052727071241057,0.8834718889859153,0.024,False
62.375132932051606,0.01985423501402384,0.15052727071241032,0.8834718889859915,0.024,False
62.419370646356406,0.019854235014009115,0.15052727071241012,0.8834718889860677,0.024,False
62.4636083606612,0.01985423501399439,0.1505272707124099,0.8834718889861439,0.024,False
62.507846074966004,0.01985423501397966,0.15052727071240968,0.8834718889862202,0.024,False
62.5520837892708,0.01985423501396493,0.15052727071240946,0.8834718889862964,0.024,False
62.596321503575595,0.019854235013950203,0.15052727071240923,0.8834718889863726,0.024,False
62.640559217880394,0.01985423501393548,0.150527270712409,0.8834718889864488,0.024,False
62.6847969321852,0.01985423501392075,0.1505272707124088,0.8834718889865251,0.024,False
62.72903464648999,0.019854235013906027,0.15052727071240857,0.8834718889866011,0.024,False
62.77327236079479,0.0198542350138913,0.15052727071240835,0.8834718889866774,0.024,False
62.817510075099584,0.019854235013876575,0.15052727071240812,0.8834718889867537,0.024,False
62.86174778940439,0.019854235013861847,0.1505272707124079,0.8834718889868298,0.024,False
62.905985503709196,0.01985423501384712,0.15052727071240768,0.8834718889869061,0.024,False
62.95022321801398,0.019854235013832395,0.15052727071240746,0.8834718889869823,0.024,False
62.99446093231879,0.019854235013817664,0.15052727071240724,0.8834718889870585,0.024,False
63.03869864662359,0.01985423501380294,0.150527270712407,0.8834718889871348,0.024,False
63.082936360928386,0.01985423501378821,0.1505272707124068,0.8834718889872109,0.024,False
63.12717407523318,0.019854235013773484,0.15052727071240657,0.8834718889872871,0.024,False
63.17141178953798,0.019854235013758756,0.15052727071240635,0.8834718889873633,0.024,False
63.215649503842776,0.019854235013744028,0.15052727071240612,0.8834718889874396,0.024,False
63.25988721814758,0.019854235013729304,0.1505272707124059,0.8834718889875158,0.024,False
63.30412493245237,0.019854235013714576,0.15052727071240568,0.8834718889875919,0.024,False
63.348362646757174,0.019854235013699848,0.15052727071240546,0.8834718889876682,0.024,False
63.39260036106198,0.019854235013685134,0.15052727071240524,0.8834718889877443,0.024,False
63.43683807536677,0.019854235013670417,0.15052727071240501,0.8834718889878205,0.024,False
63.48107578967157,0.019854235013655703,0.1505272707124048,0.8834718889878965,0.024,False
63.52531350397636,0.019854235013640986,0.15052727071240457,0.8834718889879728,0.024,False
63.56955121828117,0.01985423501362627,0.15052727071240435,0.883471888988049,0.024,False
63.61378893258597,0.019854235013611558,0.15052727071240413,0.8834718889881251,0.024,False
63.65802664689076,0.019854235013596844,0.15052727071240393,0.8834718889882013,0.024,False
63.70226436119556,0.01985423501358213,0.15052727071240368,0.8834718889882773,0.024,False
63.746502075500366,0.019854235013567416,0.15052727071240346,0.8834718889883535,0.024,False
63.79073978980516,0.019854235013552702,0.15052727071240324,0.8834718889884297,0.024,False
63.83497750410996,0.019854235013537978,0.15052727071240302,0.8834718889885059,0.024,False
63.87921521841475,0.019854235013523267,0.15052727071240282,0.883471888988582,0.024,False
63.923452932719556,0.01985423501350855,0.1505272707124026,0.8834718889886581,0.024,False
63.967690647024355,0.019854235013493836,0.15052727071240235,0.8834718889887343,0.024,False
64.01192836132915,0.019854235013479122,0.15052727071240213,0.8834718889888103,0.024,False
64.05616607563395,0.019854235013464408,0.1505272707124019,0.8834718889888866,0.024,False
64.10040378993875,0.019854235013449694,0.1505272707124017,0.8834718889889628,0.024,False
64.14464150424354,0.01985423501343498,0.1505272707124015,0.883471888989039,0.024,False
64.18887921854835,0.019854235013420263,0.15052727071240124,0.883471888989115,0.024,False
64.23311693285314,0.019854235013405545,0.15052727071240102,0.8834718889891912,0.024,False
64.27735464715794,0.01985423501339083,0.15052727071240082,0.8834718889892673,0.024,False
64.32159236146275,0.019854235013376118,0.1505272707124006,0.8834718889893436,0.024,False
64.36583007576753,0.019854235013361404,0.15052727071240038,0.8834718889894196,0.024,False
64.41006779007235,0.019854235013346686,0.15052727071240013,0.8834718889894958,0.024,False
64.45430550437713,0.019854235013331972,0.1505272707123999,0.883471888989572,0.024,False
64.49854321868193,0.019854235013317255,0.1505272707123997,0.883471888989648,0.024,False
64.54278093298673,0.01985423501330254,0.1505272707123995,0.8834718889897242,0.024,False
64.58701864729153,0.019854235013287827,0.15052727071239927,0.8834718889898003,0.024,False
64.63125636159633,0.019854235013273113,0.15052727071239905,0.8834718889898766,0.024,False
64.67549407590113,0.019854235013258396,0.1505272707123988,0.8834718889899527,0.024,False
64.71973179020593,0.019854235013243682,0.1505272707123986,0.8834718889900288,0.024,False
64.76396950451073,0.019854235013228964,0.15052727071239838,0.883471888990105,0.024,False
64.80820721881554,0.01985423501321425,0.15052727071239816,0.883471888990181,0.024,False
64.85244493312032,0.019854235013199537,0.15052727071239794,0.8834718889902573,0.024,False
64.89668264742512,0.019854235013184823,0.15052727071239774,0.8834718889903335,0.024,False
64.94092036172992,0.01985423501317011,0.1505272707123975,0.8834718889904096,0.024,False
64.98515807603472,0.019854235013155395,0.15052727071239727,0.8834718889904858,0.024,False
65.02939579033952,0.019854235013140677,0.15052727071239705,0.8834718889905618,0.024,False
65.07363350464432,0.01985423501312596,0.15052727071239683,0.883471888990638,0.024,False
65.11787121894912,0.019854235013111243,0.15052727071239663,0.8834718889907143,0.024,False
65.16210893325392,0.01985423501309653,0.15052727071239638,0.8834718889907904,0.024,False
65.2063466475587,0.019854235013081815,0.15052727071239616,0.8834718889908665,0.024,False
65.25058436186352,0.0198542350130671,0.15052727071239594,0.8834718889909426,0.024,False
65.2948220761683,0.019854235013052383,0.15052727071239572,0.8834718889910188,0.024,False
65.3390597904731,0.01985423501303767,0.15052727071239552,0.8834718889910949,0.024,False
65.3832975047779,0.019854235013022956,0.15052727071239527,0.8834718889911711,0.024,False
65.4275352190827,0.019854235013008238,0.15052727071239505,0.8834718889912473,0.024,False
65.4717729333875,0.019854235012993524,0.15052727071239483,0.8834718889913235,0.024,False
65.51601064769231,0.019854235012978814,0.1505272707123946,0.8834718889913995,0.024,False
65.5602483619971,0.019854235012964107,0.15052727071239438,0.8834718889914757,0.024,False
65.6044860763019,0.0198542350129494,0.15052727071239416,0.8834718889915518,0.024,False
65.6487237906067,0.019854235012934693,0.15052727071239394,0.8834718889916279,0.024,False
65.6929615049115,0.019854235012920014,0.15052727071239372,0.8834718889917037,0.024,False
65.7371992192163,0.019854235012905348,0.15052727071239352,0.8834718889917798,0.024,False
65.78143693352109,0.019854235012890742,0.15052727071239327,0.8834718889918552,0.024,False
65.82567464782589,0.019854235012877534,0.15052727071239308,0.8834718889919236,0.024,False
65.86991236213069,0.019854235012865262,0.1505272707123929,0.8834718889919871,0.024,False
65.91415007643549,0.01985423501285299,0.15052727071239272,0.8834718889920506,0.024,False
65.95838779074029,0.019854235012840712,0.15052727071239255,0.8834718889921143,0.024,False
66.00262550504509,0.019854235012828438,0.15052727071239236,0.8834718889921778,0.024,False
66.04686321934987,0.019854235012816163,0.15052727071239216,0.8834718889922413,0.024,False
66.09110093365469,0.019854235012803884,0.15052727071239197,0.8834718889923047,0.024,False
66.13533864795947,0.019854235012791616,0.15052727071239178,0.8834718889923682,0.024,False
66.17957636226429,0.01985423501277934,0.1505272707123916,0.8834718889924318,0.024,False
66.22381407656908,0.019854235012767067,0.15052727071239144,0.8834718889924953,0.024,False
66.26805179087387,0.01985423501275479,0.15052727071239125,0.8834718889925588,0.024,False
66.31228950517868,0.019854235012742517,0.15052727071239105,0.8834718889926223,0.024,False
66.35652721948347,0.019854235012730242,0.15052727071239086,0.8834718889926859,0.024,False
66.40076493378828,0.019854235012717967,0.15052727071239067,0.8834718889927494,0.024,False
66.44500264809307,0.019854235012705695,0.1505272707123905,0.8834718889928129,0.024,False
66.48924036239787,0.019854235012693424,0.15052727071239033,0.8834718889928764,0.024,False
66.53347807670266,0.01985423501268115,0.15052727071239014,0.8834718889929398,0.024,False
66.57771579100748,0.019854235012668874,0.15052727071238994,0.8834718889930034,0.024,False
66.62195350531226,0.019854235012656606,0.15052727071238975,0.883471888993067,0.024,False
66.66619121961706,0.01985423501264434,0.15052727071238958,0.8834718889931304,0.024,False
66.71042893392186,0.01985423501263207,0.1505272707123894,0.883471888993194,0.024,False
66.75466664822666,0.019854235012619792,0.15052727071238922,0.8834718889932575,0.024,False
66.79890436253146,0.01985423501260752,0.15052727071238903,0.883471888993321,0.024,False
66.84314207683626,0.019854235012595246,0.15052727071238883,0.8834718889933844,0.024,False
66.88737979114106,0.01985423501258297,0.15052727071238864,0.8834718889934481,0.024,False
66.93161750544586,0.019854235012570696,0.15052727071238847,0.8834718889935115,0.024,False
66.97585521975066,0.01985423501255842,0.15052727071238828,0.883471888993575,0.024,False
67.02009293405546,0.01985423501254615,0.1505272707123881,0.8834718889936385,0.024,False
67.06433064836025,0.019854235012533878,0.15052727071238792,0.883471888993702,0.024,False
67.10856836266505,0.019854235012521607,0.15052727071238772,0.8834718889937655,0.024,False
67.15280607696984,0.01985423501250933,0.15052727071238756,0.8834718889938291,0.024,False
67.19704379127465,0.019854235012497057,0.15052727071238736,0.8834718889938926,0.024,False
67.24128150557944,0.019854235012484785,0.15052727071238717,0.8834718889939561,0.024,False
67.28551921988425,0.019854235012472514,0.150527270712387,0.8834718889940195,0.024,False
67.32975693418904,0.019854235012460236,0.15052727071238683,0.8834718889940832,0.024,False
67.37399464849383,0.01985423501244796,0.15052727071238664,0.8834718889941466,0.024,False
67.41823236279863,0.019854235012435686,0.15052727071238645,0.8834718889942101,0.024,False
67.46247007710343,0.019854235012423414,0.15052727071238625,0.8834718889942736,0.024,False
67.50670779140823,0.019854235012411143,0.15052727071238606,0.8834718889943372,0.024,False
67.55094550571303,0.019854235012398875,0.1505272707123859,0.8834718889944007,0.024,False
67.59518322001783,0.0198542350123866,0.15052727071238572,0.8834718889944643,0.024,False
67.63942093432264,0.01985423501237433,0.15052727071238553,0.8834718889945278,0.024,False
67.68365864862743,0.019854235012362054,0.15052727071238534,0.8834718889945913,0.024,False
67.72789636293223,0.019854235012349782,0.15052727071238514,0.8834718889946547,0.024,False
67.77213407723703,0.01985423501233751,0.15052727071238495,0.8834718889947182,0.024,False
67.81637179154183,0.01985423501232524,0.15052727071238478,0.8834718889947817,0.024,False
67.86060950584663,0.019854235012312964,0.15052727071238461,0.8834718889948453,0.024,False
67.90484722015142,0.01985423501230069,0.15052727071238442,0.8834718889949088,0.024,False
67.94908493445622,0.019854235012288415,0.15052727071238423,0.8834718889949723,0.024,False
67.99332264876102,0.019854235012276143,0.15052727071238403,0.8834718889950358,0.024,False
68.03756036306582,0.019854235012263865,0.15052727071238384,0.8834718889950994,0.024,False
68.0817980773706,0.019854235012251593,0.15052727071238367,0.8834718889951629,0.024,False
68.12603579167542,0.019854235012239322,0.15052727071238348,0.8834718889952263,0.024,False
68.1702735059802,0.019854235012227047,0.1505272707123833,0.8834718889952898,0.024,False
68.214511220285,0.01985423501221478,0.15052727071238312,0.8834718889953533,0.024,False
68.2587489345898,0.019854235012202508,0.15052727071238292,0.8834718889954168,0.024,False
68.3029866488946,0.01985423501219023,0.15052727071238275,0.8834718889954805,0.024,False
68.34722436319942,0.019854235012177958,0.15052727071238256,0.883471888995544,0.024,False
68.3914620775042,0.019854235012165683,0.15052727071238237,0.8834718889956075,0.024,False
68.435699791809,0.01985423501215342,0.1505272707123822,0.883471888995671,0.024,False
68.4799375061138,0.019854235012141164,0.15052727071238203,0.8834718889957343,0.024,False
68.5241752204186,0.019854235012128907,0.1505272707123818,0.8834718889957978,0.024,False
68.5684129347234,0.019854235012116653,0.15052727071238164,0.8834718889958613,0.024,False
68.6126506490282,0.019854235012104395,0.15052727071238145,0.8834718889959245,0.024,False
68.656888363333,0.01985423501209214,0.15052727071238126,0.883471888995988,0.024,False
68.70112607763781,0.019854235012079884,0.1505272707123811,0.8834718889960514,0.024,False
68.7453637919426,0.01985423501206791,0.15052727071238092,0.8834718889961135,0.024,False
68.7896015062474,0.01985423501205617,0.15052727071238073,0.8834718889961742,0.024,False
68.83383922055219,0.019854235012044436,0.15052727071238053,0.8834718889962349,0.024,False
68.87807693485699,0.0198542350120327,0.15052727071238037,0.8834718889962956,0.024,False
68.92231464916179,0.01985423501202183,0.1505272707123802,0.8834718889963519,0.024,False
68.96655236346659,0.01985423501201186,0.15052727071238006,0.8834718889964035,0.024,False
69.01079007777139,0.019854235012001894,0.15052727071237992,0.883471888996455,0.024,False
69.05502779207619,0.019854235011991916,0.15052727071237976,0.8834718889965067,0.024,False
69.09926550638099,0.019854235011981945,0.15052727071237962,0.8834718889965583,0.024,False
69.14350322068577,0.019854235011971973,0.15052727071237948,0.8834718889966099,0.024,False
69.18774093499059,0.019854235011962006,0.15052727071237929,0.8834718889966614,0.024,False
69.23197864929537,0.019854235011952028,0.15052727071237917,0.8834718889967131,0.024,False
69.27621636360017,0.019854235011942056,0.150527270712379,0.8834718889967647,0.024,False
69.32045407790497,0.01985423501193209,0.15052727071237884,0.8834718889968163,0.024,False
69.36469179220977,0.01985423501192212,0.1505272707123787,0.8834718889968678,0.024,False
69.40892950651458,0.019854235011912146,0.15052727071237856,0.8834718889969195,0.024,False
69.45316722081937,0.01985423501190218,0.15052727071237842,0.8834718889969712,0.024,False
69.49740493512417,0.019854235011892197,0.15052727071237826,0.8834718889970227,0.024,False
69.54164264942897,0.019854235011882226,0.1505272707123781,0.8834718889970744,0.024,False
69.58588036373376,0.019854235011872258,0.15052727071237798,0.8834718889971259,0.024,False
69.63011807803856,0.01985423501186229,0.1505272707123778,0.8834718889971774,0.024,False
69.67435579234336,0.019854235011852364,0.15052727071237765,0.883471888997229,0.024,False
69.71859350664816,0.01985423501184255,0.1505272707123775,0.8834718889972796,0.024,False
69.76283122095298,0.01985423501183274,0.15052727071237737,0.8834718889973303,0.024,False
69.80706893525776,0.01985423501182293,0.15052727071237723,0.8834718889973812,0.024,False
69.85130664956256,0.01985423501181311,0.15052727071237706,0.883471888997432,0.024,False
69.89554436386736,0.019854235011803303,0.15052727071237693,0.8834718889974827,0.024,False
69.93978207817216,0.019854235011793498,0.15052727071237676,0.8834718889975334,0.024,False
69.98401979247694,0.019854235011783683,0.15052727071237665,0.8834718889975843,0.024,False
70.02825750678176,0.019854235011773875,0.15052727071237648,0.883471888997635,0.024,False
70.07249522108654,0.01985423501176406,0.15052727071237634,0.8834718889976858,0.024,False
70.11673293539135,0.019854235011754245,0.15052727071237618,0.8834718889977367,0.024,False
70.16097064969614,0.01985423501174443,0.15052727071237604,0.8834718889977874,0.024,False
70.20520836400094,0.019854235011734618,0.15052727071237587,0.8834718889978382,0.024,False
70.24944607830574,0.019854235011724806,0.15052727071237576,0.883471888997889,0.024,False
70.29368379261054,0.01985423501171499,0.1505272707123756,0.8834718889979397,0.024,False
70.33792150691534,0.019854235011705176,0.15052727071237545,0.8834718889979907,0.024,False
70.38215922122014,0.019854235011695368,0.1505272707123753,0.8834718889980413,0.024,False
70.42639693552493,0.019854235011685564,0.15052727071237515,0.883471888998092,0.024,False
70.47063464982975,0.019854235011675752,0.150527270712375,0.8834718889981429,0.024,False
70.51487236413453,0.01985423501166594,0.15052727071237484,0.8834718889981935,0.024,False
70.55911007843933,0.019854235011656132,0.1505272707123747,0.8834718889982445,0.024,False
70.60334779274413,0.01985423501164632,0.15052727071237454,0.8834718889982951,0.024,False
70.64758550704893,0.019854235011636513,0.15052727071237443,0.8834718889983458,0.024,False
70.69182322135373,0.019854235011626697,0.15052727071237426,0.8834718889983967,0.024,False
70.73606093565853,0.01985423501161688,0.15052727071237412,0.8834718889984475,0.024,False
70.78029864996333,0.01985423501160707,0.15052727071237396,0.8834718889984982,0.024,False
70.82453636426814,0.01985423501159726,0.15052727071237382,0.8834718889985491,0.024,False
70.86877407857293,0.019854235011587444,0.15052727071237365,0.8834718889985997,0.024,False
70.91301179287773,0.019854235011577636,0.1505272707123735,0.8834718889986506,0.024,False
70.95724950718252,0.01985423501156783,0.15052727071237337,0.8834718889987013,0.024,False
71.00148722148731,0.019854235011558013,0.15052727071237323,0.8834718889987522,0.024,False
71.04572493579211,0.019854235011548198,0.1505272707123731,0.8834718889988029,0.024,False
71.08996265009691,0.019854235011538383,0.15052727071237293,0.8834718889988538,0.024,False
71.1342003644017,0.019854235011528578,0.1505272707123728,0.8834718889989044,0.024,False
71.17843807870652,0.01985423501151877,0.15052727071237265,0.8834718889989551,0.024,False
71.2226757930113,0.019854235011508965,0.15052727071237249,0.883471888999006,0.024,False
71.2669135073161,0.019854235011499157,0.15052727071237235,0.8834718889990567,0.024,False
71.3111512216209,0.019854235011489352,0.1505272707123722,0.8834718889991073,0.024,False
71.3553889359257,0.019854235011479548,0.15052727071237207,0.8834718889991582,0.024,False
71.3996266502305,0.019854235011469743,0.1505272707123719,0.8834718889992089,0.024,False
71.4438643645353,0.019854235011459935,0.15052727071237174,0.8834718889992597,0.024,False
71.4881020788401,0.01985423501145013,0.1505272707123716,0.8834718889993105,0.024,False
71.53233979314491,0.019854235011440322,0.15052727071237146,0.8834718889993611,0.024,False
71.5765775074497,0.019854235011430514,0.15052727071237132,0.8834718889994119,0.024,False
71.6208152217545,0.01985423501142071,0.15052727071237115,0.8834718889994627,0.024,False
71.6650529360593,0.019854235011410905,0.15052727071237101,0.8834718889995135,0.024,False
71.7092906503641,0.0198542350114011,0.15052727071237088,0.8834718889995641,0.024,False
71.75352836466891,0.019854235011391292,0.15052727071237074,0.8834718889996148,0.024,False
71.7977660789737,0.019854235011381487,0.15052727071237057,0.8834718889996657,0.024,False
71.8420037932785,0.01985423501137168,0.15052727071237043,0.8834718889997164,0.024,False
71.88624150758329,0.019854235011361875,0.15052727071237026,0.883471888999767,0.024,False
71.93047922188809,0.01985423501135207,0.15052727071237015,0.8834718889998178,0.024,False
71.97471693619288,0.019854235011342262,0.15052727071236996,0.8834718889998686,0.024,False
72.01895465049769,0.019854235011332457,0.15052727071236985,0.8834718889999194,0.024,False
72.06319236480248,0.01985423501132265,0.15052727071236968,0.8834718889999702,0.024,False
72.10743007910727,0.019854235011312844,0.15052727071236954,0.8834718890000209,0.024,False
72.15166779341207,0.01985423501130304,0.15052727071236938,0.8834718890000716,0.024,False
72.19590550771687,0.019854235011293235,0.15052727071236924,0.8834718890001223,0.024,False
72.24014322202169,0.01985423501128343,0.1505272707123691,0.8834718890001731,0.024,False
72.28438093632647,0.019854235011273626,0.15052727071236896,0.8834718890002239,0.024,False
72.32861865063127,0.019854235011263825,0.1505272707123688,0.8834718890002745,0.024,False
72.37285636493607,0.01985423501125476,0.15052727071236865,0.8834718890003214,0.024,False
72.41709407924087,0.019854235011245957,0.15052727071236852,0.883471889000367,0.024,False
72.46133179354568,0.01985423501123716,0.15052727071236838,0.8834718890004125,0.024,False
72.50556950785047,0.019854235011228353,0.15052727071236827,0.8834718890004581,0.024,False
72.54980722215527,0.01985423501121956,0.15052727071236813,0.8834718890005037,0.024,False
72.59404493646008,0.019854235011211488,0.15052727071236802,0.8834718890005453,0.024,False
72.63828265076486,0.01985423501120406,0.1505272707123679,0.8834718890005838,0.024,False
72.68252036506966,0.01985423501119652,0.1505272707123678,0.8834718890006229,0.024,False
72.72675807937446,0.019854235011188964,0.15052727071236766,0.8834718890006619,0.024,False
72.77099579367926,0.01985423501118157,0.15052727071236754,0.8834718890007001,0.024,False
72.81523350798405,0.019854235011174174,0.15052727071236746,0.8834718890007385,0.024,False
72.85947122228886,0.01985423501116678,0.15052727071236732,0.8834718890007767,0.024,False
72.90370893659365,0.019854235011159377,0.15052727071236724,0.8834718890008151,0.024,False
72.94794665089846,0.01985423501115198,0.15052727071236713,0.8834718890008533,0.024,False
72.99218436520324,0.01985423501114459,0.15052727071236702,0.8834718890008916,0.024,False
73.03642207950804,0.0198542350111372,0.15052727071236688,0.8834718890009298,0.024,False
73.08065979381284,0.019854235011129793,0.1505272707123668,0.8834718890009682,0.024,False
73.12489750811764,0.019854235011122393,0.15052727071236668,0.8834718890010064,0.024,False
73.16913522242245,0.01985423501111501,0.15052727071236655,0.8834718890010447,0.024,False
73.21337293672724,0.019854235011107616,0.15052727071236646,0.8834718890010829,0.024,False
73.25761065103204,0.01985423501110023,0.15052727071236632,0.8834718890011211,0.024,False
73.30184836533685,0.019854235011092826,0.1505272707123662,0.8834718890011595,0.024,False
73.34608607964164,0.019854235011085436,0.1505272707123661,0.8834718890011977,0.024,False
73.39032379394644,0.01985423501107804,0.150527270712366,0.883471889001236,0.024,False
73.43456150825124,0.019854235011070653,0.1505272707123659,0.8834718890012743,0.024,False
73.47879922255603,0.019854235011063245,0.1505272707123658,0.8834718890013126,0.024,False
73.52303693686085,0.019854235011055838,0.15052727071236569,0.8834718890013508,0.024,False
73.56727465116563,0.019854235011048417,0.15052727071236557,0.8834718890013893,0.024,False
73.61151236547043,0.019854235011040746,0.15052727071236544,0.8834718890014289,0.024,False
73.65575007977525,0.019854235011033332,0.15052727071236535,0.8834718890014673,0.024,False
73.69998779408003,0.019854235011025855,0.1505272707123652,0.8834718890015061,0.024,False
73.74422550838483,0.019854235011018274,0.1505272707123651,0.8834718890015453,0.024,False
73.78846322268963,0.019854235011010822,0.15052727071236502,0.8834718890015838,0.024,False
73.83270093699443,0.019854235011003436,0.15052727071236488,0.883471889001622,0.024,False
73.87693865129923,0.01985423501099604,0.15052727071236477,0.8834718890016603,0.024,False
73.92117636560403,0.019854235010988645,0.15052727071236466,0.8834718890016985,0.024,False
73.96541407990881,0.019854235010981252,0.15052727071236455,0.8834718890017369,0.024,False
74.00965179421362,0.01985423501097384,0.15052727071236444,0.8834718890017752,0.024,False
74.05388950851841,0.019854235010966444,0.15052727071236432,0.8834718890018134,0.024,False
74.09812722282321,0.01985423501095904,0.1505272707123642,0.8834718890018518,0.024,False
74.14236493712801,0.019854235010951647,0.1505272707123641,0.88347188900189,0.024,False
74.1866026514328,0.019854235010944257,0.150527270712364,0.8834718890019283,0.024,False
74.23084036573762,0.019854235010936864,0.1505272707123639,0.8834718890019666,0.024,False
74.2750780800424,0.019854235010929488,0.15052727071236377,0.8834718890020048,0.024,False
74.3193157943472,0.01985423501092209,0.15052727071236366,0.883471889002043,0.024,False
74.36355350865202,0.019854235010914698,0.15052727071236355,0.8834718890020812,0.024,False
74.4077912229568,0.019854235010907304,0.15052727071236344,0.8834718890021195,0.024,False
74.4520289372616,0.0198542350108999,0.15052727071236333,0.8834718890021579,0.024,False
74.4962666515664,0.0198542350108925,0.15052727071236321,0.8834718890021961,0.024,False
74.5405043658712,0.019854235010885114,0.1505272707123631,0.8834718890022343,0.024,False
74.58474208017601,0.01985423501087772,0.150527270712363,0.8834718890022726,0.024,False
74.6289797944808,0.019854235010870143,0.15052727071236288,0.8834718890023119,0.024,False
74.6732175087856,0.019854235010862597,0.15052727071236274,0.8834718890023509,0.024,False
74.7174552230904,0.019854235010855186,0.15052727071236266,0.8834718890023893,0.024,False
74.7616929373952,0.01985423501084762,0.15052727071236252,0.8834718890024283,0.024,False
74.80593065169998,0.01985423501084011,0.1505272707123624,0.8834718890024672,0.024,False
74.8501683660048,0.019854235010832718,0.15052727071236233,0.8834718890025055,0.024,False
74.89440608030958,0.019854235010825328,0.1505272707123622,0.8834718890025437,0.024,False
74.93864379461439,0.01985423501081793,0.1505272707123621,0.883471889002582,0.024,False
74.98288150891918,0.019854235010810545,0.150527270712362,0.8834718890026202,0.024,False
75.02711922322398,0.019854235010803134,0.15052727071236188,0.8834718890026586,0.024,False
75.07135693752878,0.019854235010795748,0.15052727071236177,0.8834718890026968,0.024,False
75.11559465183358,0.01985423501078834,0.15052727071236166,0.8834718890027351,0.024,False
75.15983236613837,0.019854235010780957,0.15052727071236155,0.8834718890027734,0.024,False
75.20407008044317,0.019854235010773564,0.1505272707123614,0.8834718890028116,0.024,False
75.24830779474797,0.019854235010766164,0.1505272707123613,0.8834718890028499,0.024,False
75.29254550905279,0.01985423501075877,0.15052727071236122,0.8834718890028881,0.024,False
75.33678322335757,0.01985423501075138,0.15052727071236108,0.8834718890029265,0.024,False
75.38102093766237,0.019854235010743997,0.15052727071236097,0.8834718890029647,0.024,False
75.42525865196717,0.019854235010736597,0.15052727071236086,0.8834718890030029,0.024,False
75.46949636627197,0.019854235010729183,0.15052727071236077,0.8834718890030412,0.024,False
75.51373408057677,0.019854235010721803,0.15052727071236063,0.8834718890030794,0.024,False
75.55797179488157,0.019854235010714406,0.15052727071236055,0.8834718890031178,0.024,False
75.60220950918637,0.01985423501070703,0.15052727071236044,0.8834718890031559,0.024,False
75.64644722349118,0.019854235010699613,0.1505272707123603,0.8834718890031943,0.024,False
75.69068493779596,0.01985423501069194,0.15052727071236022,0.883471889003234,0.024,False
75.73492265210076,0.01985423501068452,0.15052727071236008,0.8834718890032723,0.024,False
75.77916036640556,0.019854235010677034,0.15052727071235997,0.8834718890033111,0.024,False
75.82339808071035,0.019854235010669477,0.15052727071235986,0.8834718890033502,0.024,False
75.86763579501515,0.01985423501066205,0.15052727071235975,0.8834718890033887,0.024,False
75.91187350931995,0.01985423501065465,0.15052727071235963,0.883471889003427,0.024,False
75.95611122362475,0.01985423501064725,0.15052727071235952,0.8834718890034652,0.024,False
76.00034893792956,0.01985423501063985,0.1505272707123594,0.8834718890035036,0.024,False
76.04458665223434,0.019854235010632448,0.1505272707123593,0.8834718890035419,0.024,False
76.08882436653914,0.019854235010625058,0.1505272707123592,0.8834718890035801,0.024,False
76.13306208084394,0.019854235010617657,0.15052727071235905,0.8834718890036183,0.024,False
76.17729979514874,0.019854235010610257,0.15052727071235897,0.8834718890036567,0.024,False
76.22153750945354,0.019854235010602878,0.15052727071235886,0.8834718890036949,0.024,False
76.26577522375834,0.019854235010595477,0.15052727071235875,0.8834718890037333,0.024,False
76.31001293806314,0.019854235010588084,0.15052727071235864,0.8834718890037715,0.024,False
76.35425065236795,0.019854235010580687,0.15052727071235852,0.8834718890038098,0.024,False
76.39848836667274,0.01985423501057328,0.1505272707123584,0.883471889003848,0.024,False
76.44272608097754,0.01985423501056588,0.1505272707123583,0.8834718890038864,0.024,False
76.48696379528234,0.019854235010558472,0.1505272707123582,0.8834718890039247,0.024,False
76.53120150958713,0.01985423501055108,0.15052727071235808,0.8834718890039629,0.024,False
76.57543922389193,0.01985423501054367,0.15052727071235794,0.8834718890040013,0.024,False
76.61967693819673,0.019854235010536278,0.15052727071235786,0.8834718890040396,0.024,False
76.66391465250153,0.01985423501052889,0.15052727071235775,0.8834718890040778,0.024,False
76.70815236680633,0.0198542350105213,0.1505272707123576,0.883471889004117,0.024,False
76.75239008111113,0.019854235010513758,0.15052727071235752,0.8834718890041561,0.024,False
76.79662779541592,0.019854235010506344,0.15052727071235739,0.8834718890041945,0.024,False
76.84086550972073,0.0198542350104988,0.15052727071235728,0.8834718890042336,0.024,False
76.88510322402551,0.019854235010491276,0.15052727071235716,0.8834718890042724,0.024,False
76.92934093833031,0.019854235010483876,0.15052727071235705,0.8834718890043106,0.024,False
76.97357865263511,0.01985423501047649,0.15052727071235694,0.883471889004349,0.024,False
77.01781636693991,0.0198542350104691,0.15052727071235686,0.8834718890043872,0.024,False
77.06205408124472,0.019854235010461716,0.15052727071235675,0.8834718890044254,0.024,False
77.10629179554951,0.019854235010454316,0.15052727071235664,0.8834718890044636,0.024,False
77.15052950985431,0.01985423501044691,0.1505272707123565,0.883471889004502,0.024,False
77.19476722415911,0.0198542350104395,0.15052727071235641,0.8834718890045403,0.024,False
77.2390049384639,0.019854235010432087,0.15052727071235628,0.8834718890045786,0.024,False
77.2832426527687,0.019854235010424697,0.15052727071235616,0.883471889004617,0.024,False
77.3274803670735,0.019854235010417304,0.15052727071235605,0.8834718890046552,0.024,False
77.3717180813783,0.019854235010409903,0.15052727071235594,0.8834718890046935,0.024,False
77.41595579568312,0.019854235010402507,0.1505272707123558,0.8834718890047317,0.024,False
77.4601935099879,0.019854235010395106,0.1505272707123557,0.8834718890047701,0.024,False
77.5044312242927,0.01985423501038772,0.1505272707123556,0.8834718890048083,0.024,False
77.5486689385975,0.019854235010380323,0.1505272707123555,0.8834718890048465,0.024,False
77.5929066529023,0.019854235010372936,0.1505272707123554,0.8834718890048849,0.024,False
77.63714436720709,0.019854235010365543,0.15052727071235528,0.8834718890049231,0.024,False
77.6813820815119,0.01985423501035816,0.15052727071235517,0.8834718890049613,0.024,False
77.72561979581668,0.019854235010350753,0.15052727071235503,0.8834718890049996,0.024,False
77.7698575101215,0.01985423501034305,0.15052727071235483,0.8834718890050394,0.024,False
77.81409522442628,0.01985423501033563,0.1505272707123546,0.8834718890050778,0.024,False
77.85833293873108,0.019854235010328146,0.15052727071235436,0.8834718890051163,0.024,False
77.90257065303588,0.019854235010320565,0.15052727071235406,0.8834718890051554,0.024,False
77.94680836734068,0.019854235010313137,0.15052727071235375,0.8834718890051938,0.024,False
77.99104608164548,0.019854235010305744,0.15052727071235342,0.8834718890052319,0.024,False
78.03528379595028,0.01985423501029836,0.1505272707123531,0.88347188900527,0.024,False
78.07952151025508,0.019854235010290974,0.1505272707123528,0.8834718890053082,0.024,False
78.12375922455989,0.019854235010283584,0.1505272707123525,0.8834718890053462,0.024,False
78.16799693886468,0.019854235010276198,0.15052727071235214,0.8834718890053842,0.024,False
78.21223465316947,0.019854235010268808,0.15052727071235178,0.8834718890054223,0.024,False
78.25647236747427,0.019854235010261408,0.15052727071235142,0.8834718890054605,0.024,False
78.30071008177907,0.01985423501025403,0.15052727071235106,0.8834718890054984,0.024,False
78.34494779608387,0.019854235010246624,0.15052727071235072,0.8834718890055365,0.024,False
78.38918551038867,0.019854235010239234,0.15052727071235034,0.8834718890055747,0.024,False
78.43342322469347,0.01985423501023184,0.15052727071234998,0.8834718890056128,0.024,False
78.47766093899828,0.019854235010224434,0.15052727071234961,0.8834718890056509,0.024,False
78.52189865330307,0.01985423501021704,0.15052727071234925,0.883471889005689,0.024,False
78.56613636760787,0.019854235010209643,0.15052727071234887,0.8834718890057272,0.024,False
78.61037408191267,0.01985423501020227,0.1505272707123485,0.883471889005765,0.024,False
78.65461179621747,0.019854235010194902,0.15052727071234814,0.8834718890058031,0.024,False
78.69884951052225,0.019854235010187533,0.15052727071234778,0.883471889005841,0.024,False
78.74308722482706,0.019854235010180164,0.1505272707123474,0.8834718890058789,0.024,False
78.78732493913185,0.019854235010172645,0.15052727071233893,0.8834718890059122,0.024,False
78.83156265343666,0.01985423501016513,0.15052727071232208,0.8834718890059395,0.024,False
78.87580036774145,0.019854235010157716,0.15052727071230462,0.8834718890059662,0.024,False
78.92003808204625,0.019854235010150174,0.1505272707122739,0.8834718890059842,0.024,False
78.96427579635105,0.019854235010142728,0.15052727071224023,0.8834718890059998,0.024,False
79.00851351065585,0.019854235010135345,0.15052727071220656,0.883471889006015,0.024,False
79.05275122496064,0.019854235010127973,0.1505272707121729,0.8834718890060301,0.024,False
79.09698893926544,0.019854235010120583,0.15052727071213923,0.8834718890060456,0.024,False
79.14122665357024,0.0198542350101132,0.1505272707121056,0.8834718890060609,0.024,False
79.18546436787506,0.019854235010105793,0.1505272707120705,0.8834718890060751,0.024,False
79.22970208217984,0.019854235010098427,0.15052727071203004,0.8834718890060858,0.024,False
79.27393979648464,0.01985423501009107,0.15052727071198682,0.8834718890060943,0.024,False
79.31817751078944,0.01985423501008372,0.1505272707119436,0.883471889006103,0.024,False
79.36241522509424,0.019854235010076365,0.15052727071190045,0.8834718890061115,0.024,False
79.40665293939905,0.019854235010069013,0.15052727071185718,0.8834718890061201,0.024,False
79.45089065370384,0.019854235010061658,0.15052727071181396,0.8834718890061287,0.024,False
79.49512836800864,0.01985423501005431,0.1505272707117706,0.883471889006137,0.024,False
79.53936608231344,0.01985423501004697,0.15052727071172745,0.8834718890061456,0.024,False
79.58360379661823,0.01985423501004028,0.15052727071168415,0.8834718890061507,0.024,False
79.62784151092302,0.019854235010034756,0.15052727071164093,0.8834718890061498,0.024,False
79.67207922522783,0.01985423501002955,0.1505272707115977,0.8834718890061471,0.024,False
79.71631693953262,0.01985423501002439,0.15052727071155436,0.8834718890061443,0.024,False
79.76055465383742,0.01985423501001923,0.1505272707115108,0.8834718890061413,0.024,False
79.80479236814222,0.019854235010014067,0.15052727071146732,0.8834718890061383,0.024,False
79.84903008244702,0.01985423501000912,0.1505272707114239,0.8834718890061342,0.024,False
79.89326779675183,0.01985423501000411,0.1505272707113804,0.8834718890061305,0.024,False
79.93750551105661,0.019854235009998968,0.1505272707113369,0.8834718890061274,0.024,False
79.98174322536141,0.019854235009993816,0.1505272707112935,0.8834718890061244,0.024,False
80.02598093966621,0.019854235009988657,0.15052727071124997,0.8834718890061215,0.024,False
80.07021865397101,0.019854235009983498,0.15052727071120647,0.8834718890061183,0.024,False
80.11445636827582,0.01985423500997834,0.15052727071116298,0.8834718890061154,0.024,False
80.15869408258061,0.019854235009973183,0.15052727071111952,0.8834718890061124,0.024,False
80.20293179688541,0.019854235009968035,0.15052727071107605,0.8834718890061094,0.024,False
80.24716951119022,0.019854235009962664,0.15052727071103258,0.8834718890061075,0.024,False
80.291407225495,0.01985423500995681,0.15052727071098904,0.8834718890061081,0.024,False
80.3356449397998,0.019854235009951055,0.15052727071094554,0.8834718890061081,0.024,False
80.3798826541046,0.019854235009945553,0.15052727071090202,0.883471889006107,0.024,False
80.4241203684094,0.019854235009940074,0.15052727071085853,0.8834718890061056,0.024,False
80.46835808271422,0.019854235009934593,0.15052727071081504,0.8834718890061043,0.024,False
80.512595797019,0.019854235009929114,0.15052727071077152,0.883471889006103,0.024,False
80.5568335113238,0.019854235009923647,0.15052727071072802,0.8834718890061015,0.024,False
80.6010712256286,0.019854235009918165,0.1505272707106845,0.8834718890061001,0.024,False
80.64530893993339,0.01985423500991268,0.15052727071064098,0.8834718890060989,0.024,False
80.68954665423819,0.01985423500990721,0.1505272707105975,0.8834718890060974,0.024,False
80.73378436854298,0.019854235009901793,0.15052727071055402,0.8834718890060957,0.024,False
80.77802208284778,0.019854235009896633,0.15052727071051056,0.8834718890060929,0.024,False
80.8222597971526,0.019854235009891474,0.15052727071046704,0.8834718890060899,0.024,False
80.86649751145738,0.019854235009886312,0.15052727071042354,0.8834718890060869,0.024,False
80.91073522576218,0.019854235009881177,0.15052727071038002,0.8834718890060838,0.024,False
80.954972940067,0.019854235009876268,0.15052727071033659,0.8834718890060795,0.024,False
80.99921065437178,0.019854235009871365,0.15052727071029307,0.8834718890060752,0.024,False
81.04344836867658,0.019854235009866463,0.1505272707102496,0.8834718890060708,0.024,False
81.08768608298138,0.01985423500986156,0.1505272707102061,0.8834718890060665,0.024,False
81.13192379728618,0.01985423500985665,0.15052727071016264,0.8834718890060623,0.024,False
81.17616151159099,0.019854235009851742,0.15052727071011915,0.8834718890060579,0.024,False
81.22039922589578,0.019854235009846836,0.15052727071007566,0.8834718890060536,0.024,False
81.26463694020057,0.01985423500984181,0.15052727071003213,0.8834718890060499,0.024,False
81.30887465450539,0.01985423500983665,0.15052727070998864,0.8834718890060469,0.024,False
81.35311236881017,0.01985423500983149,0.15052727070994515,0.8834718890060439,0.024,False
81.39735008311497,0.019854235009826332,0.15052727070990166,0.8834718890060409,0.024,False
81.44158779741977,0.019854235009821176,0.15052727070985814,0.8834718890060379,0.024,False
81.48582551172457,0.019854235009816017,0.15052727070981464,0.883471889006035,0.024,False
81.53006322602937,0.01985423500981086,0.15052727070977115,0.883471889006032,0.024,False
81.57430094033417,0.019854235009805668,0.15052727070972766,0.8834718890060291,0.024,False
81.61853865463895,0.019854235009800204,0.15052727070968422,0.8834718890060277,0.024,False
81.66277636894377,0.019854235009794722,0.15052727070964073,0.8834718890060265,0.024,False
81.70701408324855,0.01985423500978926,0.1505272707095972,0.883471889006025,0.024,False
81.75125179755335,0.019854235009783797,0.15052727070955374,0.8834718890060236,0.024,False
81.79548951185815,0.01985423500977833,0.15052727070951025,0.8834718890060222,0.024,False
81.83972722616295,0.019854235009772864,0.15052727070946673,0.8834718890060207,0.024,False
81.88396494046776,0.01985423500976764,0.15052727070942326,0.8834718890060181,0.024,False
81.92820265477255,0.019854235009762477,0.15052727070937974,0.8834718890060151,0.024,False
81.97244036907735,0.019854235009757318,0.15052727070933627,0.883471889006012,0.024,False
82.01667808338216,0.019854235009752162,0.15052727070929278,0.883471889006009,0.024,False
82.06091579768695,0.01985423500974702,0.1505272707092493,0.8834718890060062,0.024,False
82.10515351199174,0.01985423500974211,0.1505272707092058,0.8834718890060017,0.024,False
82.14939122629654,0.019854235009737205,0.15052727070916228,0.8834718890059974,0.024,False
82.19362894060134,0.019854235009732296,0.15052727070911878,0.8834718890059932,0.024,False
82.23786665490616,0.01985423500972739,0.1505272707090753,0.8834718890059888,0.024,False
82.28210436921094,0.019854235009722488,0.1505272707090318,0.8834718890059844,0.024,False
82.32634208351574,0.019854235009717586,0.1505272707089883,0.8834718890059802,0.024,False
82.37057979782054,0.019854235009712676,0.1505272707089448,0.8834718890059758,0.024,False
82.41481751212534,0.019854235009707774,0.15052727070890132,0.8834718890059715,0.024,False
82.45905522643012,0.019854235009702872,0.15052727070885782,0.8834718890059672,0.024,False
82.50329294073494,0.019854235009697963,0.15052727070881433,0.883471889005963,0.024,False
82.54753065503972,0.01985423500969306,0.1505272707087708,0.8834718890059586,0.024,False
82.59176836934454,0.019854235009688154,0.15052727070872735,0.8834718890059542,0.024,False
82.63600608364932,0.01985423500968318,0.15052727070868382,0.8834718890059504,0.024,False
82.68024379795412,0.01985423500967802,0.15052727070864033,0.8834718890059474,0.024,False
82.72448151225893,0.01985423500967286,0.15052727070859684,0.8834718890059443,0.024,False
82.76871922656372,0.0198542350096677,0.15052727070855332,0.8834718890059413,0.024,False
82.81295694086852,0.01985423500966254,0.15052727070850985,0.8834718890059383,0.024,False
82.85719465517332,0.019854235009657377,0.15052727070846633,0.8834718890059353,0.024,False
82.90143236947812,0.019854235009652218,0.15052727070842284,0.8834718890059323,0.024,False
82.94567008378293,0.01985423500964706,0.15052727070837932,0.8834718890059293,0.024,False
82.98990779808771,0.019854235009641896,0.15052727070833583,0.8834718890059264,0.024,False
83.03414551239251,0.019854235009636734,0.1505272707082924,0.8834718890059234,0.024,False
83.07838322669733,0.01985423500963157,0.15052727070824887,0.8834718890059204,0.024,False
83.12262094100211,0.019854235009626412,0.15052727070820537,0.8834718890059174,0.024,False
83.16685865530691,0.01985423500962148,0.15052727070816185,0.8834718890059133,0.024,False
83.21109636961171,0.019854235009616573,0.1505272707081184,0.8834718890059089,0.024,False
83.25533408391651,0.019854235009611667,0.1505272707080749,0.8834718890059047,0.024,False
83.29957179822132,0.01985423500960676,0.1505272707080314,0.8834718890059003,0.024,False
83.34380951252611,0.01985423500960186,0.15052727070798788,0.8834718890058959,0.024,False
83.3880472268309,0.019854235009596953,0.1505272707079444,0.8834718890058917,0.024,False
83.4322849411357,0.019854235009592047,0.15052727070790092,0.8834718890058875,0.024,False
83.4765226554405,0.01985423500958714,0.15052727070785737,0.8834718890058831,0.024,False
83.52076036974529,0.019854235009582236,0.1505272707078139,0.8834718890058788,0.024,False
83.5649980840501,0.01985423500957733,0.15052727070777042,0.8834718890058745,0.024,False
83.60923579835489,0.019854235009572428,0.15052727070772692,0.8834718890058701,0.024,False
83.6534735126597,0.01985423500956752,0.1505272707076834,0.8834718890058659,0.024,False
83.69771122696449,0.019854235009562616,0.1505272707076399,0.8834718890058615,0.024,False
83.74194894126929,0.019854235009557714,0.15052727070759642,0.8834718890058572,0.024,False
83.7861866555741,0.019854235009552808,0.15052727070755295,0.8834718890058529,0.024,False
83.83042436987888,0.019854235009547902,0.15052727070750943,0.8834718890058485,0.024,False
83.87466208418368,0.019854235009542996,0.15052727070746594,0.8834718890058443,0.024,False
83.91889979848848,0.01985423500953809,0.15052727070742244,0.88347188900584,0.024,False
83.96313751279328,0.019854235009533185,0.15052727070737892,0.8834718890058356,0.024,False
84.0073752270981,0.019854235009528282,0.15052727070733543,0.8834718890058313,0.024,False
84.05161294140288,0.019854235009523373,0.15052727070729194,0.883471889005827,0.024,False
84.09585065570768,0.01985423500951847,0.15052727070724847,0.8834718890058227,0.024,False
84.14008837001249,0.01985423500951357,0.15052727070720492,0.8834718890058183,0.024,False
84.18432608431728,0.01985423500950866,0.15052727070716146,0.883471889005814,0.024,False
84.22856379862208,0.019854235009503757,0.15052727070711797,0.8834718890058098,0.024,False
84.27280151292688,0.01985423500949885,0.15052727070707447,0.8834718890058055,0.024,False
84.31703922723167,0.019854235009493945,0.15052727070703095,0.8834718890058012,0.024,False
84.36127694153647,0.019854235009489043,0.15052727070698746,0.8834718890057968,0.024,False
84.40551465584127,0.019854235009484137,0.15052727070694397,0.8834718890057925,0.024,False
84.44975237014606,0.019854235009479235,0.15052727070690047,0.8834718890057881,0.024,False
84.49399008445087,0.019854235009474332,0.15052727070685698,0.8834718890057838,0.024,False
84.53822779875566,0.01985423500946943,0.1505272707068135,0.8834718890057796,0.024,False
84.58246551306046,0.019854235009464524,0.15052727070677,0.8834718890057752,0.024,False
84.62670322736525,0.019854235009459615,0.15052727070672647,0.8834718890057708,0.024,False
84.67094094167005,0.019854235009454713,0.15052727070668298,0.8834718890057666,0.024,False
84.71517865597487,0.01985423500944981,0.15052727070663952,0.8834718890057623,0.024,False
84.75941637027965,0.019854235009444908,0.150527270706596,0.8834718890057579,0.024,False
84.80365408458445,0.01985423500944,0.1505272707065525,0.8834718890057536,0.024,False
84.84789179888926,0.019854235009435096,0.150527270706509,0.8834718890057494,0.024,False
84.89212951319405,0.01985423500943019,0.15052727070646552,0.8834718890057449,0.024,False
84.93636722749885,0.01985423500942528,0.15052727070642205,0.8834718890057407,0.024,False
84.98060494180365,0.01985423500942038,0.15052727070637856,0.8834718890057364,0.024,False
85.02484265610845,0.019854235009415477,0.15052727070633506,0.8834718890057321,0.024,False
85.06908037041326,0.019854235009410574,0.15052727070629157,0.8834718890057277,0.024,False
85.11331808471805,0.019854235009405672,0.1505272707062481,0.8834718890057235,0.024,False
85.15755579902284,0.019854235009400766,0.1505272707062046,0.8834718890057192,0.024,False
85.20179351332766,0.019854235009395864,0.15052727070616112,0.8834718890057147,0.024,False
85.24603122763244,0.019854235009390958,0.15052727070611763,0.8834718890057105,0.024,False
85.29026894193724,0.019854235009386056,0.15052727070607413,0.8834718890057062,0.024,False
85.33450665624204,0.01985423500938115,0.15052727070603064,0.8834718890057018,0.024,False
85.37874437054684,0.019854235009376244,0.15052727070598715,0.8834718890056975,0.024,False
85.42298208485164,0.019854235009371342,0.15052727070594366,0.8834718890056933,0.024,False
85.46721979915642,0.019854235009366433,0.1505272707059002,0.883471889005689,0.024,False
85.51145751346122,0.01985423500936153,0.1505272707058567,0.8834718890056846,0.024,False
85.55569522776604,0.019854235009356628,0.1505272707058132,0.8834718890056803,0.024,False
85.59993294207082,0.019854235009351722,0.1505272707057697,0.8834718890056761,0.024,False
85.64417065637562,0.01985423500934682,0.1505272707057262,0.8834718890056716,0.024,False
85.68840837068042,0.019854235009341914,0.15052727070568273,0.8834718890056673,0.024,False
85.73264608498522,0.01985423500933701,0.1505272707056392,0.8834718890056631,0.024,False
85.77688379929003,0.01985423500933211,0.15052727070559568,0.8834718890056587,0.024,False
85.82112151359482,0.019854235009327207,0.1505272707055522,0.8834718890056543,0.024,False
85.86535922789962,0.0198542350093223,0.15052727070550873,0.8834718890056501,0.024,False
85.90959694220443,0.019854235009317395,0.15052727070546523,0.8834718890056457,0.024,False
85.95383465650922,0.019854235009312493,0.15052727070542174,0.8834718890056414,0.024,False
85.99807237081401,0.019854235009307587,0.15052727070537827,0.8834718890056371,0.024,False
86.04231008511881,0.019854235009302685,0.15052727070533478,0.8834718890056328,0.024,False
86.08654779942361,0.01985423500929778,0.1505272707052913,0.8834718890056285,0.024,False
86.13078551372843,0.019854235009292877,0.1505272707052478,0.8834718890056242,0.024,False
86.17502322803321,0.019854235009287974,0.1505272707052043,0.8834718890056198,0.024,False
86.21926094233801,0.019854235009283072,0.1505272707051608,0.8834718890056155,0.024,False
86.26349865664281,0.01985423500927817,0.15052727070511732,0.8834718890056112,0.024,False
86.30773637094761,0.019854235009273264,0.1505272707050738,0.8834718890056068,0.024,False
86.3519740852524,0.019854235009268358,0.1505272707050303,0.8834718890056026,0.024,False
86.39621179955721,0.019854235009263456,0.15052727070498684,0.8834718890055983,0.024,False
86.44044951386199,0.01985423500925855,0.15052727070494332,0.883471889005594,0.024,False
86.4846872281668,0.019854235009253644,0.15052727070489982,0.8834718890055896,0.024,False
86.52892494247159,0.01985423500924874,0.1505272707048563,0.8834718890055853,0.024,False
86.57316265677639,0.019854235009243836,0.15052727070481284,0.883471889005581,0.024,False
86.6174003710812,0.019854235009238927,0.15052727070476932,0.8834718890055767,0.024,False
86.66163808538599,0.019854235009234025,0.15052727070472582,0.8834718890055723,0.024,False
86.70587579969079,0.019854235009229122,0.15052727070468233,0.8834718890055681,0.024,False
86.75011351399559,0.019854235009224213,0.15052727070463884,0.8834718890055637,0.024,False
86.79435122830039,0.01985423500921931,0.15052727070459535,0.8834718890055594,0.024,False
86.8385889426052,0.01985423500921441,0.15052727070455185,0.8834718890055551,0.024,False
86.88282665690998,0.019854235009209506,0.15052727070450836,0.8834718890055508,0.024,False
86.92706437121478,0.0198542350092046,0.15052727070446484,0.8834718890055464,0.024,False
86.9713020855196,0.019854235009199698,0.15052727070442135,0.8834718890055421,0.024,False
87.01553979982438,0.019854235009194792,0.15052727070437785,0.8834718890055379,0.024,False
87.0597775141292,0.019854235009189886,0.15052727070433436,0.8834718890055334,0.024,False
87.10401522843398,0.019854235009184984,0.1505272707042909,0.8834718890055292,0.024,False
87.14825294273878,0.01985423500918008,0.1505272707042474,0.8834718890055249,0.024,False
87.19249065704358,0.01985423500917518,0.15052727070420394,0.8834718890055205,0.024,False
87.23672837134838,0.019854235009170274,0.15052727070416044,0.8834718890055162,0.024,False
87.28096608565316,0.019854235009165368,0.1505272707041169,0.8834718890055119,0.024,False
87.32520379995798,0.019854235009160462,0.15052727070407343,0.8834718890055075,0.024,False
87.36944151426276,0.01985423500915556,0.15052727070402994,0.8834718890055032,0.024,False
87.41367922856756,0.019854235009150657,0.15052727070398644,0.883471889005499,0.024,False
87.45791694287237,0.019854235009145755,0.15052727070394295,0.8834718890054946,0.024,False
87.50215465717717,0.019854235009140853,0.15052727070389949,0.8834718890054903,0.024,False
87.54639237148196,0.01985423500913595,0.150527270703856,0.883471889005486,0.024,False
87.59063008578676,0.019854235009131048,0.15052727070381253,0.8834718890054817,0.024,False
87.63486780009156,0.019854235009126146,0.15052727070376903,0.8834718890054774,0.024,False
87.67910551439637,0.019854235009121243,0.15052727070372554,0.8834718890054731,0.024,False
87.72334322870117,0.01985423500911634,0.15052727070368205,0.8834718890054687,0.024,False
87.76758094300594,0.01985423500911144,0.15052727070363855,0.8834718890054644,0.024,False
87.81181865731075,0.019854235009106536,0.15052727070359506,0.88347188900546,0.024,False
87.85605637161555,0.019854235009101634,0.15052727070355157,0.8834718890054557,0.024,False
87.90029408592036,0.01985423500909673,0.1505272707035081,0.8834718890054515,0.024,False
87.94453180022516,0.01985423500909183,0.1505272707034646,0.883471889005447,0.024,False
87.98876951452993,0.019854235009086927,0.15052727070342112,0.8834718890054428,0.024,False
88.03300722883475,0.019854235009082025,0.15052727070337765,0.8834718890054384,0.024,False
88.07724494313955,0.019854235009077258,0.1505272707033342,0.8834718890054334,0.024,False
88.12148265744436,0.0198542350090728,0.15052727070329067,0.8834718890054268,0.024,False
88.16572037174915,0.019854235009068376,0.1505272707032472,0.88347188900542,0.024,False
88.20995808605394,0.019854235009063956,0.15052727070320374,0.8834718890054133,0.024,False
88.25419580035874,0.019854235009059536,0.15052727070316024,0.8834718890054064,0.024,False
88.29843351466354,0.01985423500905512,0.1505272707031168,0.8834718890053995,0.024,False
88.34267122896833,0.019854235009050942,0.15052727070307334,0.8834718890053914,0.024,False
88.38690894327314,0.019854235009047535,0.15052727070302988,0.8834718890053794,0.024,False
88.43114665757794,0.019854235009044183,0.15052727070298638,0.8834718890053671,0.024,False
88.47538437188274,0.019854235009040794,0.15052727070294292,0.8834718890053549,0.024,False
88.51962208618752,0.019854235009037335,0.15052727070289942,0.8834718890053431,0.024,False
88.56385980049232,0.019854235009033983,0.15052727070285596,0.8834718890053307,0.024,False
88.60809751479714,0.019854235009030632,0.1505272707028125,0.8834718890053184,0.024,False
88.65233522910194,0.01985423500902728,0.150527270702769,0.883471889005306,0.024,False
88.69657294340671,0.01985423500902393,0.15052727070272554,0.8834718890052937,0.024,False
88.74081065771152,0.019854235009020123,0.15052727070268204,0.8834718890052837,0.024,False
88.78504837201632,0.01985423500901582,0.15052727070263855,0.8834718890052763,0.024,False
88.82928608632113,0.019854235009011498,0.15052727070259508,0.8834718890052689,0.024,False
88.87352380062593,0.019854235009007654,0.15052727070255165,0.8834718890052592,0.024,False
88.91776151493072,0.01985423500900384,0.15052727070250818,0.8834718890052491,0.024,False
88.96199922923552,0.01985423500900039,0.15052727070246472,0.8834718890052374,0.024,False
89.00623694354032,0.019854235008997037,0.15052727070242125,0.883471889005225,0.024,False
89.05047465784511,0.01985423500899365,0.15052727070237779,0.8834718890052128,0.024,False
89.09471237214991,0.019854235008989776,0.1505272707023343,0.8834718890052032,0.024,False
89.13895008645471,0.01985423500898546,0.1505272707022908,0.8834718890051959,0.024,False
89.18318780075951,0.01985423500898118,0.15052727070224733,0.8834718890051884,0.024,False
89.22742551506431,0.01985423500897737,0.15052727070220384,0.8834718890051783,0.024,False
89.2716632293691,0.019854235008973563,0.15052727070216038,0.8834718890051683,0.024,False
89.31590094367391,0.01985423500897021,0.15052727070211688,0.8834718890051559,0.024,False
89.36013865797871,0.019854235008966534,0.15052727070207345,0.8834718890051453,0.024,False
89.4043763722835,0.01985423500896272,0.15052727070202998,0.8834718890051354,0.024,False
89.4486140865883,0.019854235008958908,0.15052727070198652,0.8834718890051254,0.024,False
89.49285180089309,0.01985423500895515,0.15052727070194302,0.8834718890051152,0.024,False
89.5370895151979,0.0198542350089518,0.15052727070189956,0.8834718890051028,0.024,False
89.5813272295027,0.019854235008948867,0.1505272707018561,0.8834718890050882,0.024,False
89.6255649438075,0.019854235008945974,0.1505272707018126,0.8834718890050735,0.024,False
89.66980265811229,0.01985423500894299,0.15052727070176913,0.8834718890050594,0.024,False
89.71404037241709,0.019854235008939992,0.1505272707017257,0.8834718890050451,0.024,False
89.75827808672189,0.0198542350089369,0.15052727070168223,0.8834718890050314,0.024,False
89.8025158010267,0.019854235008933678,0.15052727070163874,0.8834718890050184,0.024,False
89.8467535153315,0.019854235008930327,0.15052727070159527,0.8834718890050061,0.024,False
89.89099122963628,0.019854235008926923,0.15052727070155184,0.8834718890049941,0.024,False
89.93522894394108,0.01985423500892357,0.15052727070150834,0.8834718890049815,0.024,False
89.97946665824588,0.019854235008920366,0.15052727070146488,0.8834718890049685,0.024,False
90.0237043725507,0.019854235008917174,0.1505272707014214,0.8834718890049553,0.024,False
90.06794208685548,0.019854235008913822,0.15052727070137795,0.883471889004943,0.024,False
90.11217980116027,0.01985423500891012,0.15052727070133445,0.8834718890049325,0.024,False
90.15641751546508,0.01985423500890583,0.15052727070129096,0.883471889004925,0.024,False
90.20065522976986,0.019854235008901617,0.15052727070124747,0.883471889004917,0.024,False
90.24489294407468,0.019854235008897797,0.150527270701204,0.8834718890049071,0.024,False
90.28913065837948,0.019854235008894425,0.15052727070116054,0.8834718890048949,0.024,False
90.33336837268426,0.019854235008891385,0.15052727070111707,0.8834718890048809,0.024,False
90.37760608698906,0.019854235008888242,0.15052727070107358,0.8834718890048674,0.024,False
90.42184380129386,0.01985423500888489,0.1505272707010301,0.8834718890048551,0.024,False
90.46608151559866,0.01985423500888105,0.15052727070098662,0.8834718890048452,0.024,False
90.51031922990347,0.019854235008876744,0.15052727070094316,0.8834718890048378,0.024,False
90.55455694420827,0.019854235008872484,0.15052727070089963,0.8834718890048302,0.024,False
90.59879465851306,0.019854235008868657,0.15052727070085614,0.8834718890048203,0.024,False
90.64303237281786,0.0198542350088652,0.15052727070081268,0.8834718890048084,0.024,False
90.68727008712266,0.019854235008861847,0.1505272707007692,0.8834718890047961,0.024,False
90.73150780142747,0.0198542350088585,0.15052727070072575,0.8834718890047838,0.024,False
90.77574551573227,0.019854235008854897,0.15052727070068225,0.8834718890047728,0.024,False
90.81998323003704,0.01985423500885108,0.15052727070063876,0.8834718890047627,0.024,False
90.86422094434185,0.019854235008847653,0.15052727070059527,0.8834718890047508,0.024,False
90.90845865864665,0.01985423500884453,0.15052727070055177,0.8834718890047372,0.024,False
90.95269637295146,0.01985423500884171,0.15052727070050817,0.8834718890047221,0.024,False
90.99693408725625,0.019854235008838893,0.1505272707004645,0.8834718890047067,0.024,False
91.04117180156103,0.01985423500883597,0.1505272707004208,0.8834718890046921,0.024,False
91.08540951586585,0.019854235008832988,0.15052727070037705,0.8834718890046775,0.024,False
91.12964723017065,0.01985423500883,0.15052727070033334,0.8834718890046632,0.024,False
91.17388494447543,0.019854235008827013,0.15052727070028962,0.8834718890046487,0.024,False
91.21812265878025,0.019854235008823756,0.15052727070024585,0.8834718890046358,0.024,False
91.26236037308504,0.019854235008820404,0.15052727070020214,0.8834718890046231,0.024,False
91.30659808738984,0.0198542350088173,0.1505272707001584,0.8834718890046094,0.024,False
91.35083580169463,0.019854235008814274,0.15052727070011468,0.8834718890045952,0.024,False
91.39507351599943,0.019854235008811245,0.15052727070007094,0.883471889004581,0.024,False
91.43931123030424,0.019854235008807956,0.15052727070002722,0.8834718890045682,0.024,False
91.48354894460904,0.019854235008804254,0.15052727069998348,0.8834718890045573,0.024,False
91.52778665891381,0.01985423500879995,0.15052727069993974,0.8834718890045498,0.024,False
91.57202437321862,0.01985423500879577,0.150527270699896,0.8834718890045415,0.024,False
91.61626208752342,0.019854235008792197,0.15052727069985222,0.8834718890045302,0.024,False
91.66049980182824,0.01985423500878907,0.1505272706998085,0.8834718890045165,0.024,False
91.70473751613304,0.019854235008786088,0.1505272706997648,0.883471889004502,0.024,False
91.74897523043781,0.019854235008783108,0.15052727069972108,0.8834718890044876,0.024,False
91.79321294474262,0.019854235008779815,0.15052727069967722,0.8834718890044747,0.024,False
91.83745065904742,0.019854235008775922,0.15052727069963326,0.8834718890044648,0.024,False
91.88168837335222,0.019854235008771606,0.15052727069958927,0.8834718890044572,0.024,False
91.92592608765702,0.019854235008767297,0.15052727069954527,0.8834718890044494,0.024,False
91.97016380196182,0.019854235008763554,0.15052727069950125,0.8834718890044387,0.024,False
92.01440151626662,0.0198542350087602,0.15052727069945726,0.8834718890044259,0.024,False
92.05863923057142,0.019854235008757028,0.1505272706994133,0.8834718890044123,0.024,False
92.1028769448762,0.019854235008753853,0.1505272706993693,0.8834718890043987,0.024,False
92.14711465918101,0.01985423500875042,0.1505272706993253,0.8834718890043864,0.024,False
92.19135237348581,0.0198542350087466,0.1505272706992813,0.883471889004376,0.024,False
92.2355900877906,0.01985423500874308,0.1505272706992373,0.8834718890043642,0.024,False
92.2798278020954,0.01985423500874009,0.15052727069919256,0.8834718890043491,0.024,False
92.3240655164002,0.019854235008737238,0.15052727069913716,0.8834718890043262,0.024,False
92.36830323070501,0.019854235008734542,0.15052727069906638,0.8834718890042916,0.024,False
92.41254094500981,0.019854235008731614,0.1505272706989811,0.8834718890042484,0.024,False
92.45677865931458,0.01985423500872863,0.15052727069889368,0.8834718890042043,0.024,False
92.5010163736194,0.019854235008725647,0.15052727069880628,0.8834718890041598,0.024,False
92.54525408792419,0.01985423500872266,0.15052727069871888,0.8834718890041156,0.024,False
92.58949180222899,0.019854235008719676,0.15052727069863148,0.8834718890040713,0.024,False
92.6337295165338,0.019854235008716692,0.15052727069854405,0.883471889004027,0.024,False
92.6779672308386,0.019854235008713705,0.15052727069845664,0.8834718890039828,0.024,False
92.72220494514339,0.019854235008710683,0.15052727069836924,0.8834718890039385,0.024,False
92.76644265944819,0.019854235008707657,0.1505272706982818,0.8834718890038945,0.024,False
92.81068037375299,0.01985423500870461,0.1505272706981944,0.8834718890038504,0.024,False
92.8549180880578,0.019854235008700965,0.1505272706981068,0.8834718890038096,0.024,False
92.89915580236259,0.019854235008696743,0.1505272706980191,0.8834718890037714,0.024,False
92.94339351666737,0.019854235008692822,0.15052727069793145,0.8834718890037317,0.024,False
92.98763123097218,0.01985423500868981,0.15052727069784377,0.8834718890036873,0.024,False
93.03186894527698,0.01985423500868683,0.15052727069775612,0.8834718890036429,0.024,False
93.07610665958178,0.01985423500868385,0.15052727069766844,0.8834718890035984,0.024,False
93.12034437388658,0.019854235008680866,0.1505272706975808,0.883471889003554,0.024,False
93.16458208819137,0.019854235008677813,0.15052727069749108,0.8834718890035085,0.024,False
93.20881980249618,0.019854235008674035,0.15052727069738064,0.8834718890034525,0.024,False
93.25305751680096,0.019854235008669573,0.15052727069724975,0.8834718890033861,0.024,False
93.29729523110576,0.019854235008665226,0.1505272706971186,0.8834718890033189,0.024,False
93.34153294541058,0.019854235008661732,0.15052727069698751,0.8834718890032474,0.024,False
93.38577065971538,0.019854235008658527,0.15052727069685642,0.8834718890031744,0.024,False
93.43000837402016,0.01985423500865545,0.1505272706967253,0.8834718890031007,0.024,False
93.47424608832496,0.019854235008652375,0.15052727069659425,0.8834718890030269,0.024,False
93.51848380262976,0.019854235008649166,0.1505272706964631,0.8834718890029539,0.024,False
93.56272151693457,0.01985423500864547,0.15052727069633176,0.8834718890028832,0.024,False
93.60695923123937,0.019854235008642005,0.15052727069620037,0.8834718890028114,0.024,False
93.65119694554414,0.019854235008639164,0.15052727069606905,0.8834718890027362,0.024,False
93.69543465984896,0.019854235008636572,0.1505272706959377,0.8834718890026599,0.024,False
93.73967237415376,0.019854235008634074,0.15052727069580635,0.883471889002583,0.024,False
93.78391008845857,0.01985423500863154,0.150527270695665,0.8834718890024995,0.024,False
93.82814780276335,0.019854235008628585,0.15052727069549296,0.883471889002397,0.024,False
93.87238551706814,0.019854235008625546,0.1505272706953182,0.8834718890022933,0.024,False
93.91662323137295,0.01985423500862251,0.15052727069514343,0.8834718890021895,0.024,False
93.96086094567775,0.019854235008619485,0.15052727069496866,0.8834718890020857,0.024,False
94.00509865998254,0.019854235008616456,0.1505272706947939,0.8834718890019818,0.024,False
94.04933637428735,0.019854235008613427,0.150527270694619,0.883471889001878,0.024,False
94.09357408859215,0.0198542350086104,0.15052727069444394,0.883471889001774,0.024,False
94.13781180289695,0.019854235008607373,0.1505272706942689,0.88347188900167,0.024,False
94.18204951720173,0.01985423500860434,0.15052727069409388,0.883471889001566,0.024,False
94.22628723150653,0.019854235008601236,0.15052727069391678,0.883471889001461,0.024,False
94.27052494581135,0.019854235008597114,0.15052727069370808,0.8834718890013395,0.024,False
94.31476266011614,0.019854235008593946,0.15052727069348962,0.8834718890012065,0.024,False
94.35900037442092,0.01985423500859129,0.15052727069327118,0.883471889001071,0.024,False
94.40323808872573,0.01985423500858878,0.15052727069305272,0.8834718890009345,0.024,False
94.44747580303053,0.019854235008586258,0.15052727069283423,0.8834718890007982,0.024,False
94.49171351733534,0.01985423500858374,0.15052727069261554,0.8834718890006616,0.024,False
94.53595123164014,0.019854235008581224,0.15052727069239683,0.8834718890005252,0.024,False
94.58018894594491,0.019854235008578726,0.1505272706921781,0.8834718890003885,0.024,False
94.62442666024972,0.019854235008576165,0.15052727069194438,0.883471889000242,0.024,False
94.66866437455452,0.01985423500857309,0.15052727069168226,0.8834718890000787,0.024,False
94.71290208885934,0.019854235008570018,0.15052727069142013,0.8834718889999152,0.024,False
94.75713980316414,0.019854235008566937,0.150527270691158,0.883471888999752,0.024,False
94.80137751746892,0.019854235008563863,0.15052727069089575,0.8834718889995885,0.024,False
94.84561523177372,0.019854235008560792,0.15052727069063335,0.8834718889994251,0.024,False
94.88985294607852,0.019854235008557722,0.15052727069037097,0.8834718889992615,0.024,False
94.93409066038332,0.019854235008554516,0.15052727069009977,0.8834718889990927,0.024,False
94.97832837468812,0.019854235008551456,0.15052727068979452,0.8834718889988997,0.024,False
95.02256608899292,0.019854235008548805,0.1505272706894887,0.8834718889987043,0.024,False
95.0668038032977,0.019854235008546352,0.1505272706891829,0.8834718889985079,0.024,False
95.1110415176025,0.019854235008543903,0.1505272706888769,0.8834718889983113,0.024,False
95.1552792319073,0.01985423500854145,0.15052727068857083,0.8834718889981148,0.024,False
95.19951694621211,0.019854235008539,0.15052727068826235,0.8834718889979164,0.024,False
95.24375466051691,0.019854235008536017,0.15052727068791671,0.8834718889976956,0.024,False
95.28799237482168,0.01985423500853318,0.1505272706875672,0.8834718889974712,0.024,False
95.3322300891265,0.01985423500853073,0.15052727068721772,0.8834718889972448,0.024,False
95.3764678034313,0.019854235008528277,0.15052727068686803,0.8834718889970183,0.024,False
95.42070551773611,0.019854235008525827,0.15052727068651828,0.883471888996792,0.024,False
95.46494323204091,0.019854235008523374,0.15052727068614843,0.8834718889965517,0.024,False
95.50918094634571,0.019854235008520925,0.15052727068575528,0.8834718889962955,0.024,False
95.5534186606505,0.019854235008518472,0.1505272706853621,0.8834718889960393,0.024,False
95.59765637495529,0.019854235008516023,0.1505272706849688,0.8834718889957831,0.024,False
95.64189408926009,0.019854235008513573,0.15052727068457536,0.8834718889955266,0.024,False
95.6861318035649,0.019854235008511138,0.15052727068415842,0.8834718889952542,0.024,False
95.73036951786969,0.019854235008508688,0.15052727068372157,0.8834718889949681,0.024,False
95.77460723217447,0.019854235008506235,0.1505272706832847,0.8834718889946819,0.024,False
95.81884494647929,0.019854235008503786,0.15052727068284766,0.8834718889943959,0.024,False
95.86308266078409,0.019854235008501333,0.15052727068240707,0.8834718889941071,0.024,False
95.90732037508889,0.019854235008498883,0.1505272706819278,0.883471888993792,0.024,False
95.95155808939369,0.019854235008496708,0.15052727068144725,0.8834718889934747,0.024,False
95.99579580369847,0.01985423500849498,0.15052727068096663,0.883471888993155,0.024,False
96.04003351800328,0.01985423500849319,0.15052727068048447,0.8834718889928346,0.024,False
96.08427123230807,0.01985423500849074,0.1505272706799631,0.8834718889924906,0.024,False
96.12850894661288,0.019854235008488288,0.15052727067943886,0.8834718889921448,0.024,False
96.17274666091768,0.019854235008485936,0.15052727067891453,0.8834718889917984,0.024,False
96.21698437522248,0.019854235008484253,0.15052727067838195,0.8834718889914428,0.024,False
96.26122208952727,0.019854235008482483,0.15052727067781418,0.8834718889910637,0.024,False
96.30545980383206,0.019854235008480714,0.15052727067724628,0.8834718889906845,0.024,False
96.34969751813686,0.019854235008478945,0.1505272706766782,0.8834718889903052,0.024,False
96.39393523244168,0.019854235008476714,0.15052727067608038,0.8834718889899078,0.024,False
96.43817294674648,0.019854235008475562,0.15052727067546884,0.8834718889894957,0.024,False
96.48241066105125,0.019854235008475055,0.1505272706748572,0.8834718889890799,0.024,False
96.52664837535606,0.019854235008474077,0.15052727067422725,0.8834718889886541,0.024,False
96.57088608966086,0.01985423500847226,0.15052727067357208,0.8834718889882155,0.024,False
96.61512380396567,0.019854235008470448,0.1505272706729168,0.8834718889877767,0.024,False
96.65936151827046,0.01985423500846837,0.1505272706722462,0.8834718889873289,0.024,False
96.70359923257524,0.019854235008467436,0.15052727067154742,0.8834718889868557,0.024,False
96.74783694688006,0.019854235008466982,0.15052727067084848,0.8834718889863802,0.024,False
96.79207466118486,0.019854235008465865,0.1505272706701291,0.8834718889858939,0.024,False
96.83631237548965,0.019854235008464005,0.15052727066938662,0.8834718889853957,0.024,False
96.88055008979445,0.019854235008462146,0.15052727066864394,0.8834718889848975,0.024,False
96.92478780409925,0.019854235008460334,0.15052727066786908,0.8834718889843769,0.024,False
96.96902551840405,0.01985423500845975,0.15052727066708282,0.8834718889838421,0.024,False
97.01326323270884,0.019854235008459044,0.15052727066628935,0.8834718889833032,0.024,False
97.05750094701364,0.01985423500845714,0.1505272706654596,0.8834718889827455,0.024,False
97.10173866131845,0.019854235008455227,0.1505272706646296,0.8834718889821878,0.024,False
97.14597637562325,0.019854235008453684,0.1505272706637688,0.8834718889816071,0.024,False
97.19021408992802,0.019854235008453208,0.1505272706628952,0.883471888981012,0.024,False
97.23445180423283,0.01985423500845216,0.15052727066200555,0.8834718889804091,0.024,False
97.27868951853763,0.019854235008450207,0.15052727066108837,0.8834718889797919,0.024,False
97.32292723284245,0.019854235008449298,0.15052727066016502,0.8834718889791652,0.024,False
97.36716494714724,0.01985423500844878,0.15052727065920452,0.8834718889785108,0.024,False
97.41140266145202,0.01985423500844823,0.1505272706582425,0.8834718889778558,0.024,False
97.45564037575683,0.019854235008446432,0.15052727065723906,0.8834718889771788,0.024,False
97.49987809006163,0.019854235008446356,0.1505272706562341,0.883471888976492,0.024,False
97.54411580436644,0.019854235008445853,0.15052727065518845,0.8834718889757793,0.024,False
97.58835351867124,0.019854235008445263,0.15052727065413943,0.8834718889750649,0.024,False
97.63259123297603,0.01985423500844448,0.15052727065304886,0.8834718889743232,0.024,False
97.67682894728082,0.019854235008444455,0.1505272706519529,0.8834718889735736,0.024,False
97.72106666158562,0.01985423500844385,0.15052727065081747,0.8834718889728003,0.024,False
97.76530437589042,0.01985423500844339,0.15052727064967006,0.883471888972018,0.024,False
97.80954209019522,0.01985423500844339,0.15052727064849114,0.8834718889712118,0.024,False
97.85377980450002,0.019854235008443098,0.1505272706472898,0.8834718889703915,0.024,False
97.89801751880482,0.01985423500844283,0.1505272706460669,0.8834718889695566,0.024,False
97.94225523310962,0.01985423500844283,0.15052727064480897,0.8834718889686963,0.024,False
97.9864929474144,0.019854235008442765,0.1505272706435353,0.8834718889678255,0.024,False
98.03073066171922,0.019854235008442533,0.15052727064222518,0.8834718889669307,0.024,False
98.07496837602402,0.019854235008442533,0.15052727064089025,0.8834718889660178,0.024,False
98.1192060903288,0.019854235008442533,0.15052727063953494,0.8834718889650909,0.024,False
98.1634438046336,0.019854235008442456,0.15052727063813812,0.8834718889641358,0.024,False
98.2076815189384,0.019854235008442456,0.15052727063671795,0.8834718889631645,0.024,False
98.25191923324321,0.019854235008442456,0.15052727063527377,0.8834718889621768,0.024,False
98.29615694754801,0.019854235008442456,0.15052727063378926,0.8834718889611615,0.024,False
98.34039466185281,0.019854235008442456,0.150527270632276,0.8834718889601265,0.024,False
98.3846323761576,0.019854235008442456,0.15052727063073554,0.883471888959073,0.024,False
98.4288700904624,0.019854235008442456,0.1505272706291634,0.8834718889579978,0.024,False
98.4731078047672,0.019854235008442626,0.15052727062755045,0.8834718889568938,0.024,False
98.51734551907201,0.019854235008442817,0.1505272706259073,0.883471888955769,0.024,False
98.5615832333768,0.01985423500844323,0.15052727062423255,0.8834718889546214,0.024,False
98.6058209476816,0.01985423500844371,0.15052727062252452,0.8834718889534507,0.024,False
98.65005866198639,0.019854235008444878,0.1505272706207778,0.8834718889522502,0.024,False
98.69429637629119,0.019854235008445513,0.150527270618992,0.8834718889510255,0.024,False
98.73853409059599,0.019854235008446856,0.15052727061717044,0.8834718889497728,0.024,False
98.78277180490079,0.01985423500844796,0.1505272706153124,0.8834718889484963,0.024,False
98.82700951920557,0.01985423500844958,0.15052727061341656,0.8834718889471913,0.024,False
98.87124723351039,0.019854235008451,0.15052727061148163,0.8834718889458605,0.024,False
98.91548494781517,0.01985423500845266,0.15052727060950694,0.8834718889445013,0.024,False
98.95972266211999,0.01985423500845425,0.15052727060749105,0.8834718889431145,0.024,False
99.00396037642479,0.01985423500845569,0.15052727060543342,0.8834718889416997,0.024,False
99.04819809072958,0.019854235008457323,0.150527270603333,0.8834718889402547,0.024,False
99.09243580503437,0.01985423500845906,0.1505272706011892,0.8834718889387795,0.024,False
99.13667351933917,0.019854235008460727,0.15052727059900095,0.8834718889372742,0.024,False
99.18091123364397,0.019854235008463016,0.15052727059676718,0.8834718889357347,0.024,False
99.22514894794878,0.019854235008465088,0.1505272705944877,0.883471888934165,0.024,False
99.26938666225358,0.01985423500846736,0.15052727059216142,0.8834718889325621,0.024,False
99.31362437655837,0.019854235008469782,0.1505272705897876,0.8834718889309261,0.024,False
99.35786209086316,0.019854235008472217,0.15052727058736567,0.883471888929257,0.024,False
99.40209980516796,0.019854235008474667,0.15052727058489473,0.8834718889275543,0.024,False
99.44633751947278,0.01985423500847712,0.15052727058237453,0.8834718889258181,0.024,False
99.49057523377758,0.01985423500847957,0.150527270579803,0.8834718889240466,0.024,False
99.53481294808235,0.019854235008482022,0.1505272705771747,0.8834718889222363,0.024,False
99.57905066238716,0.019854235008484555,0.15052727057449417,0.88347188892039,0.024,False
99.62328837669196,0.019854235008487132,0.15052727057176143,0.8834718889185076,0.024,False
99.66752609099677,0.01985423500848968,0.15052727056897436,0.8834718889165882,0.024,False
99.71176380530156,0.01985423500849244,0.1505272705661254,0.8834718889146254,0.024,False
99.75600151960636,0.019854235008495723,0.1505272705632216,0.8834718889126224,0.024,False
99.80023923391116,0.019854235008499532,0.15052727056026172,0.8834718889105783,0.024,False
99.84447694821594,0.019854235008503304,0.15052727055723591,0.8834718889084893,0.024,False
99.88871466252074,0.019854235008507238,0.15052727055415402,0.8834718889063611,0.024,False
99.93295237682555,0.019854235008511315,0.150527270551007,0.8834718889041877,0.024,False
99.97719009113035,0.019854235008515804,0.1505272705477976,0.8834718889019695,0.024,False
100.02142780543514,0.01985423500852026,0.15052727054452353,0.8834718888997071,0.024,False
100.06566551973994,0.019854235008524734,0.15052727054118353,0.8834718888973996,0.024,False
100.10990323404474,0.019854235008529245,0.1505272705377755,0.8834718888950452,0.024,False
100.15414094834955,0.01985423500853388,0.1505272705343015,0.8834718888926455,0.024,False
100.19837866265435,0.01985423500853873,0.15052727053075365,0.8834718888901938,0.024,False
100.24261637695912,0.019854235008543632,0.15052727052713813,0.8834718888876956,0.024,False
100.28685409126393,0.019854235008548535,0.15052727052344894,0.8834718888851469,0.024,False
100.33109180556873,0.019854235008553447,0.15052727051968445,0.883471888882547,0.024,False
100.37532951987355,0.01985423500855844,0.15052727051584652,0.8834718888798962,0.024,False
100.41956723417834,0.019854235008563495,0.1505272705119329,0.8834718888771933,0.024,False
100.46380494848313,0.01985423500856883,0.15052727050793913,0.8834718888744342,0.024,False
100.50804266278793,0.019854235008574434,0.15052727050386502,0.8834718888716188,0.024,False
100.55228037709273,0.01985423500858047,0.15052727049971032,0.8834718888687461,0.024,False
100.59651809139753,0.019854235008586865,0.15052727049547354,0.8834718888658153,0.024,False
100.64075580570233,0.019854235008593606,0.15052727049115247,0.883471888862825,0.024,False
100.68499352000713,0.01985423500860055,0.15052727048674547,0.8834718888597749,0.024,False
100.72923123431192,0.019854235008607578,0.15052727048225117,0.8834718888566647,0.024,False
100.77346894861672,0.01985423500861469,0.15052727047766767,0.883471888853493,0.024,False
100.81770666292151,0.019854235008622004,0.15052727047299375,0.8834718888502586,0.024,False
100.86194437722632,0.019854235008629356,0.15052727046822756,0.8834718888469607,0.024,False
100.90618209153112,0.01985423500863671,0.15052727046336772,0.8834718888435988,0.024,False
100.9504198058359,0.0198542350086441,0.15052727045841008,0.8834718888401698,0.024,False
100.9946575201407,0.01985423500865163,0.15052727045335426,0.8834718888366729,0.024,False
101.0388952344455,0.01985423500865937,0.1505272704482002,0.8834718888331078,0.024,False
101.08313294875032,0.01985423500866739,0.15052727044294523,0.8834718888294723,0.024,False
101.12737066305512,0.019854235008676075,0.15052727043758424,0.8834718888257607,0.024,False
101.17160837735992,0.019854235008685064,0.15052727043212105,0.8834718888219778,0.024,False
101.2158460916647,0.019854235008694557,0.15052727042654776,0.8834718888181167,0.024,False
101.2600838059695,0.01985423500870419,0.1505272704208679,0.8834718888141821,0.024,False
101.3043215202743,0.0198542350087139,0.15052727041507383,0.8834718888101692,0.024,False
101.34855923457911,0.019854235008723704,0.15052727040916905,0.8834718888060799,0.024,False
101.3927969488839,0.01985423500873351,0.15052727040314703,0.8834718888019104,0.024,False
101.4370346631887,0.01985423500874335,0.15052727039700742,0.8834718887976605,0.024,False
101.4812723774935,0.01985423500875346,0.15052727039074842,0.8834718887933273,0.024,False
101.5255100917983,0.01985423500876379,0.15052727038436817,0.8834718887889101,0.024,False
101.5697478061031,0.01985423500877478,0.15052727037786284,0.883471888784404,0.024,False
101.6139855204079,0.019854235008786286,0.15052727037123045,0.8834718887798083,0.024,False
101.65822323471268,0.01985423500879809,0.1505272703644692,0.8834718887751228,0.024,False
101.70246094901749,0.01985423500881031,0.15052727035757713,0.8834718887703459,0.024,False
101.74669866332228,0.01985423500882257,0.15052727035055102,0.8834718887654769,0.024,False
101.79093637762709,0.019854235008834823,0.15052727034338798,0.8834718887605144,0.024,False
101.83517409193189,0.019854235008847084,0.15052727033608623,0.883471888755457,0.024,False
101.87941180623669,0.019854235008859623,0.1505272703286435,0.8834718887503017,0.024,False
101.92364952054147,0.019854235008872748,0.1505272703210582,0.8834718887450458,0.024,False
101.96788723484627,0.019854235008886337,0.15052727031332397,0.8834718887396859,0.024,False
102.01212494915107,0.01985423500890054,0.1505272703054421,0.8834718887342216,0.024,False
102.05636266345589,0.01985423500891518,0.15052727029740764,0.8834718887286507,0.024,False
102.10060037776068,0.019854235008929886,0.15052727028921944,0.8834718887229743,0.024,False
102.14483809206547,0.019854235008944593,0.1505272702808719,0.883471888717189,0.024,False
102.18907580637027,0.01985423500895936,0.15052727027236512,0.8834718887112945,0.024,False
102.23331352067507,0.01985423500897459,0.1505272702636952,0.8834718887052858,0.024,False
102.27755123497988,0.019854235008990494,0.15052727025485813,0.8834718886991595,0.024,False
102.32178894928468,0.01985423500900703,0.1505272702458517,0.8834718886929139,0.024,False
102.36602666358945,0.019854235009023998,0.15052727023667284,0.8834718886865484,0.024,False
102.41026437789426,0.019854235009041158,0.15052727022731865,0.8834718886800619,0.024,False
102.45450209219906,0.019854235009058314,0.15052727021778567,0.883471888673453,0.024,False
102.49873980650388,0.019854235009075613,0.1505272702080698,0.8834718886667186,0.024,False
102.54297752080866,0.01985423500909336,0.15052727019816858,0.8834718886598547,0.024,False
102.58721523511346,0.019854235009112233,0.1505272701880798,0.8834718886528569,0.024,False
102.63145294941826,0.019854235009131374,0.1505272701777975,0.8834718886457255,0.024,False
102.67569066372306,0.01985423500915096,0.1505272701673207,0.8834718886384585,0.024,False
102.71992837802784,0.01985423500917057,0.15052727015664383,0.8834718886310545,0.024,False
102.76416609233266,0.019854235009190303,0.15052727014576506,0.8834718886235119,0.024,False
102.80840380663746,0.019854235009210672,0.1505272701346795,0.8834718886158248,0.024,False
102.85264152094226,0.01985423500923197,0.15052727012338332,0.8834718886079885,0.024,False
102.89687923524704,0.019854235009253807,0.15052727011187356,0.8834718886000035,0.024,False
102.94111694955184,0.019854235009275852,0.15052727010014616,0.8834718885918685,0.024,False
102.98535466385665,0.01985423500929799,0.15052727008819722,0.8834718885835815,0.024,False
103.02959237816145,0.019854235009320542,0.15052727007602243,0.8834718885751379,0.024,False
103.07383009246622,0.01985423500934393,0.15052727006361738,0.8834718885665326,0.024,False
103.11806780677104,0.01985423500936815,0.15052727005097943,0.8834718885577636,0.024,False
103.16230552107584,0.019854235009392637,0.15052727003810293,0.8834718885488301,0.024,False
103.20654323538065,0.019854235009417187,0.15052727002498476,0.8834718885397309,0.024,False
103.25078094968545,0.019854235009442285,0.1505272700116191,0.8834718885304598,0.024,False
103.29501866399023,0.019854235009468292,0.150527269998003,0.8834718885210124,0.024,False
103.33925637829503,0.019854235009495035,0.15052726998413135,0.8834718885113866,0.024,False
103.38349409259983,0.019854235009522003,0.1505272699699997,0.8834718885015819,0.024,False
103.42773180690465,0.019854235009549137,0.15052726995560342,0.8834718884915951,0.024,False
103.47196952120943,0.019854235009577215,0.1505272699409378,0.8834718884814193,0.024,False
103.51620723551423,0.019854235009606102,0.1505272699259986,0.8834718884710523,0.024,False
103.56044494981903,0.01985423500963551,0.15052726991077942,0.883471888460491,0.024,False
103.60468266412383,0.01985423500966502,0.1505272698952774,0.8834718884497358,0.024,False
103.64892037842861,0.019854235009695305,0.15052726987948564,0.8834718884387784,0.024,False
103.69315809273343,0.019854235009726648,0.15052726986339987,0.8834718884276144,0.024,False
103.73739580703823,0.019854235009758484,0.15052726984701498,0.8834718884162434,0.024,False
103.78163352134301,0.01985423500979046,0.15052726983032555,0.8834718884046631,0.024,False
103.82587123564781,0.019854235009823282,0.15052726981332631,0.8834718883928668,0.024,False
103.87010894995261,0.01985423500985727,0.15052726979601203,0.8834718883808488,0.024,False
103.91434666425742,0.019854235009891582,0.1505272697783762,0.8834718883686093,0.024,False
103.95858437856222,0.0198542350099262,0.15052726976041442,0.8834718883561454,0.024,False
104.00282209286702,0.019854235009961883,0.15052726974211977,0.8834718883434481,0.024,False
104.0470598071718,0.019854235009998614,0.15052726972348726,0.8834718883305145,0.024,False
104.0912975214766,0.01985423501003539,0.15052726970451072,0.8834718883173452,0.024,False
104.13553523578142,0.019854235010073055,0.15052726968518426,0.8834718883039322,0.024,False
104.17977295008622,0.019854235010111996,0.15052726966550162,0.8834718882902688,0.024,False
104.22401066439102,0.019854235010151218,0.15052726964545665,0.8834718882763561,0.024,False
104.2682483786958,0.019854235010191002,0.1505272696250425,0.883471888262188,0.024,False
104.3124860930006,0.01985423501023222,0.15052726960425358,0.8834718882477562,0.024,False
104.3567238073054,0.019854235010273887,0.15052726958308302,0.8834718882330612,0.024,False
104.40096152161021,0.019854235010316055,0.15052726956152385,0.8834718882180977,0.024,False
104.445199235915,0.019854235010359666,0.1505272695395696,0.8834718882028566,0.024,False
104.48943695021978,0.019854235010403787,0.1505272695172132,0.8834718881873377,0.024,False
104.5336746645246,0.01985423501044854,0.15052726949444842,0.8834718881715362,0.024,False
104.57791237882938,0.019854235010494697,0.15052726947126716,0.8834718881554426,0.024,False
104.6221500931342,0.019854235010541305,0.1505272694476627,0.8834718881390572,0.024,False
104.666387807439,0.019854235010588795,0.15052726942362782,0.883471888122373,0.024,False
104.7106255217438,0.01985423501063765,0.15052726939915487,0.883471888105382,0.024,False
104.75486323604858,0.019854235010686852,0.15052726937423652,0.8834718880880845,0.024,False
104.79910095035338,0.019854235010737364,0.1505272693488648,0.8834718880704704,0.024,False
104.84333866465819,0.019854235010788843,0.15052726932303215,0.8834718880525358,0.024,False
104.88757637896299,0.01985423501084098,0.15052726929673013,0.883471888034277,0.024,False
104.93181409326779,0.019854235010894606,0.15052726926995144,0.8834718880156842,0.024,False
104.97605180757257,0.0198542350109487,0.1505272692426874,0.8834718879967571,0.024,False
105.02028952187737,0.01985423501100428,0.1505272692149294,0.8834718879774847,0.024,False
105.06452723618217,0.01985423501106069,0.15052726918666984,0.8834718879578648,0.024,False
105.10876495048699,0.019854235011118115,0.1505272691578994,0.8834718879378902,0.024,False
105.15300266479179,0.01985423501117688,0.15052726912860961,0.8834718879175534,0.024,False
105.19724037909656,0.019854235011236312,0.15052726909879147,0.8834718878968518,0.024,False
105.24147809340137,0.019854235011297395,0.15052726906843597,0.8834718878757742,0.024,False
105.28571580770617,0.019854235011359002,0.15052726903753413,0.8834718878543203,0.024,False
105.32995352201098,0.01985423501142241,0.15052726900607646,0.8834718878324768,0.024,False
105.37419123631577,0.019854235011486396,0.15052726897405347,0.8834718878102438,0.024,False
105.41842895062057,0.019854235011552156,0.15052726894145543,0.8834718877876082,0.024,False
105.46266666492537,0.019854235011618582,0.15052726890827298,0.8834718877645693,0.024,False
105.50690437923016,0.0198542350116868,0.15052726887449575,0.8834718877411146,0.024,False
105.55114209353496,0.019854235011755744,0.15052726884011397,0.8834718877172426,0.024,False
105.59537980783976,0.019854235011826486,0.1505272688051173,0.8834718876929407,0.024,False
105.63961752214456,0.019854235011898043,0.15052726876949532,0.883471887668207,0.024,False
105.68385523644936,0.01985423501197137,0.1505272687332375,0.8834718876430291,0.024,False
105.72809295075415,0.019854235012045657,0.15052726869633304,0.8834718876174039,0.024,False
105.77233066505894,0.019854235012121586,0.150527268658771,0.8834718875913207,0.024,False
105.81656837936376,0.019854235012198785,0.15052726862054022,0.8834718875647734,0.024,False
105.86080609366856,0.01985423501227733,0.15052726858162965,0.8834718875377543,0.024,False
105.90504380797333,0.01985423501235759,0.1505272685420277,0.8834718875102533,0.024,False
105.94928152227814,0.019854235012438874,0.15052726850172285,0.8834718874822662,0.024,False
105.99351923658294,0.019854235012522075,0.15052726846070327,0.8834718874537807,0.024,False
106.03775695088775,0.019854235012606587,0.1505272684189569,0.883471887424791,0.024,False
106.08199466519255,0.019854235012692494,0.15052726837647154,0.8834718873952888,0.024,False
106.12623237949732,0.019854235012780348,0.15052726833323482,0.8834718873652625,0.024,False
106.17047009380214,0.019854235012869464,0.15052726828923432,0.8834718873347075,0.024,False
106.21470780810694,0.01985423501296026,0.15052726824445714,0.8834718873036124,0.024,False
106.25894552241175,0.01985423501305291,0.15052726819889015,0.8834718872719676,0.024,False
106.30318323671654,0.019854235013146992,0.15052726815252065,0.8834718872397666,0.024,False
106.34742095102133,0.01985423501324276,0.15052726810533482,0.8834718872069984,0.024,False
106.39165866532613,0.019854235013340507,0.15052726805731928,0.8834718871736524,0.024,False
106.43589637963093,0.0198542350134399,0.15052726800846,0.883471887139721,0.024,False
106.48013409393572,0.019854235013540885,0.15052726795874333,0.883471887105195,0.024,False
106.52437180824053,0.019854235013643844,0.1505272679081547,0.8834718870700624,0.024,False
106.56860952254533,0.019854235013748767,0.15052726785668002,0.8834718870343135,0.024,False
106.61284723685013,0.019854235013855456,0.15052726780430434,0.8834718869979393,0.024,False
106.65708495115491,0.019854235013963887,0.15052726775101286,0.8834718869609297,0.024,False
106.70132266545971,0.019854235014074344,0.1505272676967903,0.8834718869232727,0.024,False
106.74556037976453,0.01985423501418688,0.15052726764162153,0.883471886884958,0.024,False
106.78979809406933,0.019854235014301443,0.15052726758549068,0.8834718868459747,0.024,False
106.8340358083741,0.019854235014417982,0.15052726752838208,0.8834718868063123,0.024,False
106.87827352267891,0.01985423501453651,0.15052726747027964,0.8834718867659601,0.024,False
106.92251123698371,0.019854235014657138,0.15052726741116673,0.8834718867249058,0.024,False
106.96674895128852,0.01985423501477993,0.15052726735102723,0.8834718866831383,0.024,False
107.01098666559332,0.01985423501490493,0.15052726728984384,0.8834718866406452,0.024,False
107.05522437989812,0.019854235015032175,0.15052726722759974,0.8834718865974152,0.024,False
107.0994620942029,0.01985423501516166,0.15052726716427745,0.8834718865534361,0.024,False
107.1436998085077,0.019854235015293407,0.15052726709985925,0.8834718865086958,0.024,False
107.1879375228125,0.019854235015427466,0.15052726703432726,0.8834718864631816,0.024,False
107.23217523711732,0.01985423501556387,0.1505272669676633,0.8834718864168812,0.024,False
107.2764129514221,0.019854235015702666,0.15052726689984894,0.8834718863697817,0.024,False
107.3206506657269,0.019854235015843887,0.15052726683086542,0.8834718863218699,0.024,False
107.3648883800317,0.019854235015987584,0.15052726676069375,0.8834718862731327,0.024,False
107.4091260943365,0.019854235016133797,0.15052726668931463,0.8834718862235565,0.024,False
107.4533638086413,0.019854235016282553,0.15052726661670832,0.8834718861731279,0.024,False
107.4976015229461,0.01985423501643389,0.15052726654285478,0.883471886121833,0.024,False
107.54183923725088,0.019854235016587854,0.150527266467734,0.8834718860696578,0.024,False
107.5860769515557,0.0198542350167445,0.1505272663913254,0.8834718860165877,0.024,False
107.63031466586048,0.019854235016903903,0.15052726631360822,0.8834718859626085,0.024,False
107.6745523801653,0.019854235017066103,0.15052726623456109,0.8834718859077051,0.024,False
107.7187900944701,0.01985423501723114,0.15052726615416265,0.8834718858518629,0.024,False
107.7630278087749,0.01985423501739899,0.15052726607239109,0.8834718857950669,0.024,False
107.80726552307968,0.01985423501756968,0.1505272659892243,0.883471885737302,0.024,False
107.85150323738448,0.019854235017743308,0.15052726590463972,0.8834718856785523,0.024,False
107.89574095168928,0.01985423501792001,0.15052726581861478,0.8834718856188013,0.024,False
107.93997866599409,0.01985423501809981,0.150527265731126,0.8834718855580332,0.024,False
107.98421638029889,0.019854235018282575,0.15052726564215016,0.8834718854962329,0.024,False
108.02845409460367,0.019854235018468457,0.1505272655516632,0.8834718854333828,0.024,False
108.07269180890847,0.01985423501865768,0.15052726545964107,0.8834718853694654,0.024,False
108.11692952321327,0.01985423501885008,0.1505272653660591,0.8834718853044647,0.024,False
108.16116723751809,0.0198542350190457,0.15052726527089239,0.8834718852383635,0.024,False
108.20540495182287,0.019854235019244843,0.15052726517411563,0.8834718851711428,0.024,False
108.24964266612766,0.019854235019447226,0.15052726507570308,0.8834718851027867,0.024,False
108.29388038043247,0.01985423501965311,0.15052726497562866,0.8834718850332758,0.024,False
108.33811809473727,0.019854235019862568,0.15052726487386586,0.8834718849625917,0.024,False
108.38235580904207,0.019854235020075474,0.150527264770388,0.8834718848907166,0.024,False
108.42659352334687,0.01985423502029216,0.15052726466516764,0.8834718848176303,0.024,False
108.47083123765167,0.01985423502051235,0.1505272645581772,0.8834718847433152,0.024,False
108.51506895195647,0.01985423502073645,0.15052726444938877,0.8834718846677501,0.024,False
108.55930666626125,0.019854235020964228,0.15052726433877348,0.8834718845909163,0.024,False
108.60354438056605,0.0198542350211959,0.15052726422630255,0.8834718845127935,0.024,False
108.64778209487086,0.019854235021431545,0.15052726411194686,0.8834718844333609,0.024,False
108.69201980917566,0.019854235021671048,0.15052726399567645,0.8834718843525987,0.024,False
108.73625752348045,0.019854235021914718,0.15052726387746096,0.8834718842704848,0.024,False
108.78049523778525,0.019854235022162485,0.15052726375727002,0.8834718841869985,0.024,False
108.82473295209005,0.019854235022414332,0.15052726363507218,0.8834718841021184,0.024,False
108.86897066639486,0.01985423502267049,0.1505272635108362,0.8834718840158221,0.024,False
108.91320838069966,0.01985423502293099,0.15052726338453004,0.8834718839280875,0.024,False
108.95744609500443,0.019854235023195815,0.1505272632561209,0.8834718838388922,0.024,False
109.00168380930924,0.019854235023465037,0.15052726312557593,0.8834718837482133,0.024,False
109.04592152361404,0.01985423502373877,0.15052726299286162,0.8834718836560274,0.024,False
109.09015923791885,0.019854235024017102,0.15052726285794402,0.8834718835623107,0.024,False
109.13439695222365,0.019854235024300122,0.15052726272078878,0.8834718834670392,0.024,False
109.17863466652844,0.01985423502458786,0.1505272625813608,0.8834718833701889,0.024,False
109.22287238083324,0.0198542350248804,0.15052726243962483,0.8834718832717353,0.024,False
109.26711009513804,0.01985423502517782,0.1505272622955447,0.883471883171653,0.024,False
109.31134780944285,0.019854235025480168,0.150527262149084,0.8834718830699173,0.024,False
109.35558552374764,0.019854235025787544,0.1505272620002053,0.8834718829665017,0.024,False
109.39982323805243,0.019854235026100026,0.1505272618488717,0.8834718828613805,0.024,False
109.44406095235723,0.01985423502641771,0.1505272616950448,0.8834718827545274,0.024,False
109.48829866666202,0.01985423502674069,0.15052726153868592,0.8834718826459148,0.024,False
109.53253638096682,0.01985423502706897,0.15052726137975547,0.8834718825355162,0.024,False
109.57677409527163,0.019854235027402647,0.15052726121821408,0.8834718824233039,0.024,False
109.62101180957643,0.019854235027741824,0.15052726105402117,0.8834718823092494,0.024,False
109.6652495238812,0.01985423502808669,0.15052726088713553,0.8834718821933241,0.024,False
109.70948723818601,0.019854235028437195,0.1505272607175162,0.8834718820754998,0.024,False
109.75372495249081,0.01985423502879343,0.15052726054512064,0.883471881955747,0.024,False
109.79796266679563,0.01985423502915562,0.15052726036990613,0.8834718818340354,0.024,False
109.84220038110043,0.019854235029523666,0.1505272601918295,0.883471881710336,0.024,False
109.88643809540523,0.019854235029897863,0.1505272600108465,0.883471881584617,0.024,False
109.93067580971001,0.019854235030278083,0.1505272598269126,0.8834718814568484,0.024,False
109.97491352401481,0.01985423503066462,0.1505272596399826,0.883471881326998,0.024,False
110.01915123831961,0.019854235031057387,0.1505272594500105,0.883471881195035,0.024,False
110.06338895262442,0.019854235031456655,0.1505272592569498,0.8834718810609257,0.024,False
110.1076266669292,0.019854235031862413,0.150527259060753,0.8834718809246377,0.024,False
110.151864381234,0.019854235032274736,0.15052725886137241,0.8834718807861385,0.024,False
110.1961020955388,0.019854235032693835,0.1505272586587595,0.8834718806453933,0.024,False
110.2403398098436,0.019854235033119796,0.15052725845286494,0.8834718805023681,0.024,False
110.2845775241484,0.019854235033552638,0.15052725824363836,0.8834718803570286,0.024,False
110.3288152384532,0.019854235033992508,0.15052725803102973,0.8834718802093395,0.024,False
110.37305295275799,0.01985423503443952,0.15052725781498738,0.8834718800592649,0.024,False
110.4172906670628,0.01985423503489377,0.1505272575954591,0.8834718799067686,0.024,False
110.46152838136759,0.019854235035355394,0.15052725737239203,0.883471879751814,0.024,False
110.5057660956724,0.019854235035824484,0.15052725714573278,0.8834718795943637,0.024,False
110.5500038099772,0.01985423503630115,0.15052725691542662,0.88347187943438,0.024,False
110.594241524282,0.019854235036785503,0.15052725668141856,0.8834718792718247,0.024,False
110.63847923858678,0.01985423503727764,0.15052725644365267,0.8834718791066587,0.024,False
110.68271695289158,0.01985423503777777,0.15052725620207208,0.8834718789388425,0.024,False
110.72695466719638,0.019854235038285952,0.15052725595661948,0.8834718787683363,0.024,False
110.7711923815012,0.019854235038802247,0.1505272557072367,0.8834718785951002,0.024,False
110.815430095806,0.01985423503932688,0.15052725545386408,0.883471878419092,0.024,False
110.85966781011078,0.01985423503985992,0.15052725519644206,0.8834718782402707,0.024,False
110.90390552441558,0.019854235040401482,0.15052725493490987,0.8834718780585943,0.024,False
110.94814323872038,0.01985423504095173,0.15052725466920566,0.8834718778740194,0.024,False
110.99238095302519,0.0198542350415108,0.15052725439926695,0.8834718776865027,0.024,False
111.03661866732998,0.019854235042078745,0.1505272541250307,0.8834718774960008,0.024,False
111.08085638163476,0.019854235042655818,0.15052725384643212,0.883471877302468,0.024,False
111.12509409593957,0.01985423504324208,0.15052725356340632,0.8834718771058598,0.024,False
111.16933181024437,0.019854235043837678,0.1505272532758872,0.8834718769061299,0.024,False
111.21356952454917,0.01985423504444274,0.15052725298380773,0.8834718767032321,0.024,False
111.25780723885397,0.01985423504505742,0.15052725268710002,0.8834718764971191,0.024,False
111.30204495315877,0.019854235045681876,0.15052725238569545,0.8834718762877432,0.024,False
111.34628266746357,0.019854235046316237,0.15052725207952394,0.8834718760750556,0.024,False
111.39052038176835,0.019854235046960652,0.1505272517685144,0.8834718758590069,0.024,False
111.43475809607315,0.01985423504761526,0.15052725145259593,0.8834718756395481,0.024,False
111.47899581037797,0.01985423504828021,0.15052725113169524,0.8834718754166283,0.024,False
111.52323352468277,0.019854235048955716,0.15052725080573884,0.8834718751901959,0.024,False
111.56747123898755,0.019854235049641882,0.1505272504746518,0.8834718749601994,0.024,False
111.61170895329235,0.019854235050338804,0.15052725013835846,0.8834718747265862,0.024,False
111.65594666759715,0.019854235051046797,0.15052724979678184,0.8834718744893023,0.024,False
111.70018438190196,0.019854235051765853,0.15052724944984433,0.8834718742482948,0.024,False
111.74442209620676,0.01985423505249624,0.15052724909746618,0.8834718740035074,0.024,False
111.78865981051153,0.019854235053238127,0.15052724873956844,0.8834718737548852,0.024,False
111.83289752481635,0.019854235053991646,0.15052724837606976,0.8834718735023723,0.024,False
111.87713523912115,0.019854235054756947,0.15052724800688774,0.8834718732459114,0.024,False
111.92137295342596,0.019854235055534238,0.15052724763193895,0.883471872985444,0.024,False
111.96561066773076,0.019854235056323704,0.15052724725113917,0.8834718727209121,0.024,False
112.00984838203554,0.019854235057125504,0.15052724686440266,0.8834718724522559,0.024,False
112.05408609634034,0.019854235057939845,0.15052724647164248,0.8834718721794148,0.024,False
112.09832381064514,0.019854235058766892,0.15052724607277093,0.8834718719023281,0.024,False
112.14256152494995,0.019854235059606783,0.1505272456676989,0.8834718716209343,0.024,False
112.18679923925474,0.01985423506045978,0.15052724525633562,0.8834718713351698,0.024,False
112.23103695355954,0.019854235061326043,0.15052724483858973,0.883471871044971,0.024,False
112.27527466786434,0.01985423506220573,0.15052724441436846,0.8834718707502742,0.024,False
112.31951238216914,0.0198542350630991,0.15052724398357764,0.8834718704510133,0.024,False
112.36375009647392,0.019854235064006343,0.15052724354612182,0.8834718701471221,0.024,False
112.40798781077874,0.01985423506492761,0.15052724310190474,0.883471869838534,0.024,False
112.45222552508353,0.01985423506586314,0.15052724265082834,0.8834718695251806,0.024,False
112.49646323938833,0.019854235066813136,0.15052724219279334,0.8834718692069932,0.024,False
112.54070095369312,0.01985423506777778,0.15052724172769913,0.8834718688839017,0.024,False
112.58493866799792,0.019854235068757338,0.1505272412554436,0.8834718685558353,0.024,False
112.62917638230273,0.019854235069752004,0.15052724077592336,0.8834718682227217,0.024,False
112.67341409660753,0.01985423507076195,0.1505272402890345,0.8834718678844895,0.024,False
112.71765181091233,0.01985423507178743,0.15052723979467061,0.8834718675410643,0.024,False
112.76188952521711,0.019854235072828706,0.15052723929272405,0.8834718671923714,0.024,False
112.80612723952191,0.019854235073885916,0.15052723878308596,0.8834718668383352,0.024,False
112.85036495382673,0.019854235074959384,0.15052723826564623,0.8834718664788792,0.024,False
112.89460266813153,0.01985423507604929,0.15052723774029278,0.8834718661139254,0.024,False
112.93884038243631,0.019854235077155866,0.15052723720691222,0.8834718657433953,0.024,False
112.98307809674111,0.01985423507827937,0.15052723666539006,0.883471865367209,0.024,False
113.02731581104591,0.01985423507942002,0.15052723611560972,0.8834718649852861,0.024,False
113.07155352535071,0.019854235080578098,0.15052723555745326,0.883471864597544,0.024,False
113.11579123965551,0.019854235081753813,0.1505272349908013,0.8834718642039002,0.024,False
113.1600289539603,0.019854235082947456,0.15052723441553353,0.8834718638042709,0.024,False
113.2042666682651,0.01985423508415925,0.1505272338315258,0.88347186339857,0.024,False
113.2485043825699,0.019854235085389457,0.15052723323865494,0.883471862986712,0.024,False
113.29274209687469,0.01985423508663833,0.1505272326367951,0.8834718625686092,0.024,False
113.3369798111795,0.019854235087906187,0.15052723202581875,0.8834718621441731,0.024,False
113.3812175254843,0.019854235089193255,0.15052723140559662,0.8834718617133138,0.024,False
113.4254552397891,0.019854235090499803,0.15052723077599756,0.8834718612759406,0.024,False
113.46969295409389,0.019854235091826107,0.15052723013688935,0.8834718608319613,0.024,False
113.51393066839869,0.01985423509317244,0.15052722948813754,0.8834718603812827,0.024,False
113.5581683827035,0.01985423509453913,0.15052722882960592,0.8834718599238098,0.024,False
113.6024060970083,0.019854235095926414,0.1505272281611568,0.8834718594594473,0.024,False
113.6466438113131,0.019854235097334597,0.1505272274826504,0.8834718589880981,0.024,False
113.69088152561788,0.01985423509876396,0.15052722679394565,0.8834718585096639,0.024,False
113.73511923992268,0.019854235100214848,0.15052722609489874,0.883471858024045,0.024,False
113.77935695422748,0.01985423510168753,0.15052722538536492,0.883471857531141,0.024,False
113.8235946685323,0.019854235103182308,0.1505272246651968,0.8834718570308492,0.024,False
113.8678323828371,0.019854235104699476,0.15052722393424614,0.8834718565230668,0.024,False
113.91207009714188,0.0198542351062394,0.15052722319236014,0.8834718560076874,0.024,False
113.95630781144668,0.019854235107802324,0.15052722243938765,0.8834718554846066,0.024,False
114.00054552575148,0.01985423510938865,0.1505272216751735,0.8834718549537159,0.024,False
114.04478324005629,0.01985423511099864,0.1505272208995606,0.8834718544149065,0.024,False
114.08902095436108,0.019854235112632648,0.1505272201123906,0.8834718538680685,0.024,False
114.13325866866587,0.019854235114291012,0.1505272193135023,0.8834718533130897,0.024,False
114.17749638297067,0.019854235115974075,0.15052721850273273,0.883471852749857,0.024,False
114.22173409727546,0.019854235117682188,0.150527217679917,0.8834718521782556,0.024,False
114.26597181158027,0.019854235119415635,0.15052721684488785,0.8834718515981699,0.024,False
114.31020952588507,0.019854235121174867,0.15052721599747607,0.8834718510094817,0.024,False
114.35444724018987,0.01985423512296014,0.15052721513751,0.8834718504120722,0.024,False
114.39868495449466,0.019854235124771868,0.1505272142648159,0.8834718498058206,0.024,False
114.44292266879945,0.01985423512661043,0.1505272133792182,0.8834718491906046,0.024,False
114.48716038310425,0.0198542351284762,0.15052721248053877,0.8834718485663007,0.024,False
114.53139809740907,0.019854235130369522,0.15052721156859716,0.8834718479327835,0.024,False
114.57563581171387,0.01985423513229076,0.15052721064321078,0.8834718472899264,0.024,False
114.61987352601865,0.01985423513424036,0.15052720970419445,0.8834718466376004,0.024,False
114.66411124032345,0.019854235136218663,0.15052720875136083,0.8834718459756754,0.024,False
114.70834895462825,0.01985423513822607,0.15052720778452036,0.8834718453040201,0.024,False
114.75258666893306,0.01985423514026299,0.15052720680348092,0.8834718446225005,0.024,False
114.79682438323786,0.01985423514232979,0.15052720580804707,0.8834718439309814,0.024,False
114.84106209754265,0.019854235144426934,0.15052720479802265,0.883471843229326,0.024,False
114.88529981184745,0.019854235146554804,0.15052720377320833,0.8834718425173962,0.024,False
114.92953752615225,0.01985423514871385,0.15052720273340178,0.8834718417950511,0.024,False
114.97377524045706,0.01985423515090446,0.15052720167839848,0.8834718410621488,0.024,False
115.01801295476184,0.019854235153127096,0.15052720060799124,0.8834718403185454,0.024,False
115.06225066906664,0.01985423515538217,0.1505271995219706,0.8834718395640954,0.024,False
115.10648838337144,0.019854235157670146,0.15052719842012396,0.8834718387986509,0.024,False
115.15072609767624,0.01985423515999144,0.1505271973022364,0.8834718380220629,0.024,False
115.19496381198103,0.01985423516234653,0.1505271961680899,0.8834718372341798,0.024,False
115.23920152628584,0.01985423516473589,0.1505271950174646,0.8834718364348485,0.024,False
115.28343924059064,0.019854235167159947,0.15052719385013646,0.883471835623914,0.024,False
115.32767695489544,0.01985423516961918,0.1505271926658802,0.8834718348012195,0.024,False
115.37191466920022,0.01985423517211409,0.15052719146446678,0.8834718339666057,0.024,False
115.41615238350502,0.019854235174645136,0.15052719024566483,0.8834718331199121,0.024,False
115.46039009780984,0.019854235177212794,0.1505271890092393,0.8834718322609754,0.024,False
115.50462781211463,0.019854235179817572,0.15052718775495313,0.8834718313896309,0.024,False
115.54886552641945,0.01985423518245996,0.15052718648256597,0.8834718305057117,0.024,False
115.59310324072422,0.01985423518514046,0.1505271851918344,0.8834718296090486,0.024,False
115.63734095502902,0.01985423518785962,0.15052718388251227,0.8834718286994704,0.024,False
115.68157866933383,0.019854235190617905,0.15052718255434974,0.8834718277768039,0.024,False
115.72581638363863,0.019854235193415868,0.15052718120709457,0.8834718268408738,0.024,False
115.77005409794342,0.01985423519625405,0.1505271798404914,0.8834718258915025,0.024,False
115.81429181224821,0.019854235199132958,0.1505271784542813,0.8834718249285103,0.024,False
115.85852952655301,0.019854235202053164,0.15052717704820234,0.8834718239517153,0.024,False
115.90276724085781,0.019854235205015214,0.1505271756219892,0.8834718229609327,0.024,False
115.94700495516261,0.01985423520801964,0.1505271741753738,0.883471821955977,0.024,False
115.99124266946741,0.019854235211067068,0.15052717270808433,0.8834718209366587,0.024,False
116.03548038377221,0.01985423521415802,0.15052717121984602,0.8834718199027872,0.024,False
116.07971809807701,0.019854235217293063,0.15052716971038044,0.8834718188541693,0.024,False
116.1239558123818,0.019854235220472825,0.15052716817940692,0.8834718177906097,0.024,False
116.16819352668661,0.019854235223697895,0.15052716662663754,0.8834718167119083,0.024,False
116.2124312409914,0.019854235226968834,0.150527165051785,0.8834718156178658,0.024,False
116.2566689552962,0.01985423523028626,0.15052716345455738,0.8834718145082794,0.024,False
116.30090666960099,0.01985423523365082,0.15052716183465903,0.8834718133829434,0.024,False
116.34514438390579,0.01985423523706313,0.1505271601917906,0.8834718122416502,0.024,False
116.3893820982106,0.019854235240523786,0.15052715852564916,0.8834718110841889,0.024,False
116.4336198125154,0.01985423524403345,0.15052715683592796,0.8834718099103469,0.024,False
116.4778575268202,0.019854235247592757,0.1505271551223168,0.8834718087199086,0.024,False
116.52209524112499,0.019854235251202373,0.15052715338450168,0.8834718075126555,0.024,False
116.56633295542979,0.01985423525486295,0.15052715162216473,0.8834718062883671,0.024,False
116.61057066973459,0.01985423525857514,0.15052714983498403,0.8834718050468198,0.024,False
116.6548083840394,0.019854235262339613,0.15052714802263423,0.8834718037877874,0.024,False
116.6990460983442,0.01985423526615711,0.15052714618478596,0.8834718025110412,0.024,False
116.74328381264898,0.01985423527002828,0.15052714432110628,0.8834718012163498,0.024,False
116.78752152695378,0.019854235273953837,0.15052714243125653,0.8834717999034781,0.024,False
116.83175924125858,0.019854235277934482,0.15052714051489632,0.8834717985721894,0.024,False
116.8759969555634,0.01985423528197096,0.15052713857167965,0.8834717972222434,0.024,False
116.92023466986818,0.01985423528606396,0.15052713660125705,0.8834717958533974,0.024,False
116.96447238417298,0.019854235290214267,0.15052713460327471,0.8834717944654055,0.024,False
117.00871009847778,0.019854235294422592,0.15052713257737454,0.8834717930580188,0.024,False
117.05294781278258,0.019854235298689685,0.1505271305231941,0.883471791630986,0.024,False
117.09718552708738,0.019854235303016308,0.15052712844036722,0.8834717901840523,0.024,False
117.14142324139218,0.019854235307403215,0.1505271263285222,0.8834717887169597,0.024,False
117.18566095569697,0.019854235311851196,0.1505271241872839,0.8834717872294476,0.024,False
117.22989867000177,0.019854235316361036,0.15052712201627266,0.8834717857212522,0.024,False
117.27413638430656,0.01985423532093354,0.1505271198151043,0.8834717841921066,0.024,False
117.31837409861136,0.01985423532556953,0.15052711758338977,0.8834717826417404,0.024,False
117.36261181291617,0.019854235330269823,0.15052711532073612,0.8834717810698808,0.024,False
117.40684952722097,0.01985423533503521,0.15052711302674476,0.8834717794762509,0.024,False
117.45108724152576,0.019854235339866577,0.15052711070101288,0.8834717778605706,0.024,False
117.49532495583055,0.019854235344764746,0.1505271083431334,0.8834717762225575,0.024,False
117.53956267013535,0.019854235349730572,0.1505271059526938,0.8834717745619246,0.024,False
117.58380038444017,0.019854235354764948,0.15052710352927684,0.8834717728783823,0.024,False
117.62803809874497,0.019854235359868723,0.15052710107246067,0.8834717711716373,0.024,False
117.67227581304975,0.019854235365042803,0.15052709858181793,0.883471769441393,0.024,False
117.71651352735455,0.019854235370288062,0.15052709605691736,0.8834717676873498,0.024,False
117.76075124165935,0.019854235375605437,0.15052709349732155,0.8834717659092034,0.024,False
117.80498895596416,0.01985423538099585,0.15052709090258878,0.8834717641066473,0.024,False
117.84922667026895,0.01985423538646019,0.15052708827227154,0.8834717622793705,0.024,False
117.89346438457375,0.019854235391999462,0.15052708560591785,0.8834717604270591,0.024,False
117.93770209887855,0.019854235397614543,0.15052708290306954,0.8834717585493947,0.024,False
117.98193981318335,0.019854235403306438,0.1505270801632641,0.8834717566460561,0.024,False
118.02617752748813,0.019854235409076108,0.15052707738603263,0.8834717547167176,0.024,False
118.07041524179294,0.019854235414924516,0.15052707457090173,0.8834717527610502,0.024,False
118.11465295609774,0.019854235420852684,0.15052707171739202,0.8834717507787209,0.024,False
118.15889067040254,0.019854235426861624,0.15052706882501876,0.8834717487693928,0.024,False
118.20312838470733,0.01985423543295233,0.15052706589329165,0.8834717467327257,0.024,False
118.24736609901213,0.01985423543912584,0.15052706292171467,0.8834717446683747,0.024,False
118.29160381331694,0.01985423544538327,0.150527059909786,0.8834717425759909,0.024,False
118.33584152762174,0.0198542354517256,0.1505270568569984,0.8834717404552225,0.024,False
118.38007924192655,0.019854235458153905,0.15052705376283837,0.8834717383057124,0.024,False
118.42431695623132,0.019854235464669252,0.1505270506267869,0.8834717361271002,0.024,False
118.46855467053612,0.019854235471272744,0.15052704744831893,0.883471733919021,0.024,False
118.51279238484094,0.019854235477965495,0.1505270442269039,0.8834717316811063,0.024,False
118.55703009914573,0.019854235484748534,0.15052704096199876,0.8834717294129794,0.024,False
118.60126781345053,0.019854235491623094,0.15052703765306838,0.8834717271142677,0.024,False
118.64550552775532,0.01985423549859029,0.1505270342995605,0.883471724784588,0.024,False
118.68974324206012,0.019854235505651286,0.1505270309009192,0.8834717224235537,0.024,False
118.73398095636493,0.01985423551280723,0.15052702745658228,0.8834717200307746,0.024,False
118.77821867066973,0.01985423552005931,0.15052702396598128,0.8834717176058557,0.024,False
118.82245638497452,0.019854235527408726,0.15052702042854132,0.8834717151483976,0.024,False
118.86669409927931,0.01985423553485671,0.15052701684368117,0.8834717126579963,0.024,False
118.91093181358411,0.01985423554240445,0.15052701321081274,0.8834717101342435,0.024,False
118.95516952788891,0.0198542355500532,0.1505270095293414,0.8834717075767261,0.024,False
118.99940724219371,0.019854235557804193,0.15052700579866551,0.883471704985026,0.024,False
119.04364495649851,0.01985423556565872,0.1505270020181777,0.8834717023587213,0.024,False
119.08788267080332,0.01985423557361801,0.1505269981872619,0.8834716996973841,0.024,False
119.1321203851081,0.019854235581683383,0.15052699430529765,0.8834716970005834,0.024,False
119.1763580994129,0.019854235589856165,0.15052699037165593,0.883471694267882,0.024,False
119.22059581371771,0.01985423559813768,0.15052698638569995,0.8834716914988375,0.024,False
119.2648335280225,0.019854235606529245,0.15052698234678746,0.8834716886930039,0.024,False
119.3090712423273,0.01985423561503223,0.1505269782542682,0.8834716858499292,0.024,False
119.35330895663209,0.01985423562364801,0.15052697410748495,0.883471682969157,0.024,False
119.39754667093689,0.019854235632377912,0.15052696990577255,0.8834716800502255,0.024,False
119.4417843852417,0.019854235641223385,0.15052696564845916,0.8834716770926673,0.024,False
119.4860220995465,0.0198542356501858,0.15052696133486476,0.8834716740960106,0.024,False
119.5302598138513,0.0198542356592666,0.1505269569643025,0.8834716710597779,0.024,False
119.57449752815609,0.019854235668467217,0.1505269525360782,0.8834716679834872,0.024,False
119.61873524246089,0.019854235677789118,0.1505269480494882,0.8834716648666495,0.024,False
119.66297295676569,0.01985423568723379,0.150526943503823,0.883471661708772,0.024,False
119.7072106710705,0.019854235696802697,0.15052693889836424,0.8834716585093557,0.024,False
119.75144838537528,0.019854235706497376,0.1505269342323858,0.883471655267896,0.024,False
119.7956860996801,0.019854235716319328,0.15052692950515395,0.8834716519838832,0.024,False
119.83992381398488,0.019854235726270122,0.15052692471592624,0.8834716486568015,0.024,False
119.88416152828968,0.019854235736351294,0.15052691986395275,0.8834716452861301,0.024,False
119.92839924259448,0.01985423574656443,0.1505269149484747,0.8834716418713416,0.024,False
119.97263695689928,0.01985423575691112,0.15052690996872573,0.8834716384119038,0.024,False
120.01687467120408,0.019854235767392994,0.1505269049239298,0.8834716349072773,0.024,False
120.06111238550888,0.019854235778011667,0.15052689981330367,0.8834716313569183,0.024,False
120.10535009981366,0.019854235788768777,0.15052689463605498,0.8834716277602763,0.024,False
120.14958781411848,0.019854235799665988,0.15052688939138278,0.8834716241167947,0.024,False
120.19382552842328,0.01985423581070501,0.15052688407847772,0.8834716204259113,0.024,False
120.23806324272807,0.01985423582188752,0.1505268786965213,0.8834716166870573,0.024,False
120.28230095703286,0.019854235833215238,0.15052687324468556,0.8834716128996578,0.024,False
120.32653867133766,0.01985423584468991,0.15052686772213494,0.8834716090631324,0.024,False
120.37077638564246,0.019854235856313292,0.15052686212802321,0.8834716051768927,0.024,False
120.41501409994727,0.019854235868087163,0.15052685646149574,0.8834716012403454,0.024,False
120.45925181425207,0.019854235880013324,0.1505268507216897,0.8834715972528908,0.024,False
120.50348952855687,0.019854235892093584,0.15052684490773163,0.8834715932139224,0.024,False
120.54772724286165,0.019854235904329776,0.15052683901873892,0.8834715891228269,0.024,False
120.59196495716645,0.019854235916723733,0.15052683305381878,0.883471584978984,0.024,False
120.63620267147127,0.019854235929277337,0.15052682701207074,0.8834715807817682,0.024,False
120.68044038577605,0.01985423594199248,0.15052682089258304,0.8834715765305463,0.024,False
120.72467810008085,0.019854235954871076,0.15052681469443416,0.8834715722246779,0.024,False
120.76891581438565,0.019854235967915097,0.15052680841669355,0.8834715678635162,0.024,False
120.81315352869045,0.019854235981126577,0.15052680205841995,0.8834715634464073,0.024,False
120.85739124299525,0.019854235994507502,0.15052679561866236,0.88347155897269,0.024,False
120.90162895730005,0.019854236008059717,0.1505267890964596,0.8834715544416977,0.024,False
120.94586667160485,0.019854236021785265,0.15052678249084014,0.8834715498527552,0.024,False
120.99010438590965,0.019854236035686142,0.15052677580082244,0.8834715452051808,0.024,False
121.03434210021443,0.019854236049764464,0.15052676902541434,0.883471540498285,0.024,False
121.07857981451923,0.0198542360640223,0.15052676216361485,0.8834715357313726,0.024,False
121.12281752882404,0.019854236078461717,0.15052675521440556,0.883471530903736,0.024,False
121.16705524312884,0.019854236093084923,0.15052674817676567,0.8834715260146657,0.024,False
121.21129295743366,0.019854236107894035,0.15052674104966005,0.8834715210634431,0.024,False
121.25553067173843,0.01985423612289124,0.1505267338320426,0.8834715160493408,0.024,False
121.29976838604323,0.019854236138078744,0.15052672652285665,0.8834715109716252,0.024,False
121.34400610034804,0.019854236153458722,0.15052671912103358,0.8834715058295539,0.024,False
121.38824381465284,0.019854236169033472,0.1505267116254947,0.8834715006223771,0.024,False
121.43248152895764,0.01985423618480523,0.15052670403514887,0.8834714953493372,0.024,False
121.47671924326242,0.019854236200776296,0.1505266963488943,0.8834714900096685,0.024,False
121.52095695756722,0.019854236216948963,0.1505266885656173,0.8834714846025975,0.024,False
121.56519467187204,0.01985423623332561,0.15052668068419214,0.8834714791273418,0.024,False
121.60943238617683,0.01985423624990858,0.15052667270348197,0.8834714735831118,0.024,False
121.65367010048162,0.019854236266700246,0.1505266646223376,0.8834714679691094,0.024,False
121.69790781478642,0.019854236283703034,0.15052665643959817,0.8834714622845278,0.024,False
121.74214552909122,0.019854236300919367,0.1505266481540906,0.8834714565285521,0.024,False
121.78638324339602,0.01985423631835171,0.15052663976462952,0.883471450700359,0.024,False
121.83062095770082,0.019854236336002577,0.15052663127001784,0.8834714447991164,0.024,False
121.87485867200562,0.01985423635387448,0.150526622669045,0.8834714388239837,0.024,False
121.91909638631041,0.019854236371970004,0.15052661396048908,0.8834714327741114,0.024,False
121.96333410061521,0.019854236390291664,0.1505266051431144,0.8834714266486418,0.024,False
122.00757181492,0.019854236408842083,0.15052659621567263,0.8834714204467069,0.024,False
122.05180952922481,0.019854236427623816,0.15052658717690331,0.8834714141674317,0.024,False
122.09604724352961,0.019854236446639553,0.1505265780255325,0.8834714078099309,0.024,False
122.14028495783441,0.01985423646589194,0.15052656876027376,0.883471401373311,0.024,False
122.1845226721392,0.01985423648538371,0.15052655937982637,0.883471394856668,0.024,False
122.228760386444,0.01985423650511757,0.15052654988287692,0.8834713882590899,0.024,False
122.27299810074881,0.019854236525096287,0.1505265402680988,0.8834713815796544,0.024,False
122.3172358150536,0.019854236545322625,0.1505265305341511,0.8834713748174308,0.024,False
122.3614735293584,0.019854236565799457,0.1505265206796794,0.8834713679714773,0.024,False
122.40571124366319,0.01985423658652959,0.15052651070331555,0.8834713610408438,0.024,False
122.44994895796799,0.01985423660751588,0.1505265006036777,0.8834713540245704,0.024,False
122.49418667227279,0.019854236628761235,0.15052649037936955,0.8834713469216869,0.024,False
122.5384243865776,0.01985423665026859,0.15052648002898097,0.8834713397312138,0.024,False
122.58266210088239,0.019854236672040917,0.15052646955108706,0.8834713324521609,0.024,False
122.62689981518719,0.019854236694081207,0.15052645894424946,0.8834713250835291,0.024,False
122.67113752949199,0.0198542367163924,0.15052644820700894,0.883471317624305,0.024,False
122.71537524379679,0.01985423673897768,0.1505264373379056,0.8834713100734737,0.024,False
122.75961295810158,0.019854236761840064,0.15052642633545252,0.8834713024300024,0.024,False
122.80385067240638,0.01985423678498272,0.15052641519815113,0.8834712946928498,0.024,False
122.84808838671118,0.019854236808408726,0.1505264039244886,0.8834712868609653,0.024,False
122.89232610101598,0.01985423683212127,0.15052639251293612,0.8834712789332867,0.024,False
122.93656381532077,0.01985423685612355,0.15052638096194987,0.8834712709087413,0.024,False
122.98080152962558,0.019854236880418832,0.1505263692699699,0.8834712627862455,0.024,False
123.02503924393038,0.01985423690501038,0.15052635743542173,0.8834712545647057,0.024,False
123.06927695823518,0.0198542369299015,0.150526345456714,0.8834712462430155,0.024,False
123.11351467253996,0.01985423695509553,0.150526333332241,0.8834712378200603,0.024,False
123.15775238684476,0.019854236980595866,0.15052632106037953,0.8834712292947118,0.024,False
123.20199010114956,0.01985423700640588,0.15052630863949054,0.8834712206658316,0.024,False
123.24622781545438,0.019854237032529035,0.150526296067919,0.8834712119322696,0.024,False
123.29046552975917,0.019854237058968775,0.15052628334399282,0.8834712030928645,0.024,False
123.33470324406396,0.019854237085728633,0.15052627046602346,0.8834711941464429,0.024,False
123.37894095836876,0.019854237112812128,0.15052625743230633,0.883471185091821,0.024,False
123.42317867267356,0.019854237140222827,0.15052624424111966,0.8834711759278022,0.024,False
123.46741638697837,0.01985423716796434,0.15052623089072392,0.8834711666531785,0.024,False
123.51165410128317,0.01985423719604058,0.15052621737936345,0.8834711572667284,0.024,False
123.55589181558796,0.019854237224455035,0.1505262037052648,0.8834711477672211,0.024,False
123.60012952989275,0.019854237253211338,0.15052618986663693,0.8834711381534127,0.024,False
123.64436724419755,0.019854237282313277,0.1505261758616713,0.8834711284240465,0.024,False
123.68860495850237,0.019854237311764642,0.15052616168854166,0.8834711185778539,0.024,False
123.73284267280715,0.01985423734156929,0.15052614734540384,0.8834711086135533,0.024,False
123.77708038711195,0.019854237371731087,0.15052613283039573,0.8834710985298514,0.024,False
123.82131810141675,0.019854237402253956,0.1505261181416364,0.8834710883254411,0.024,False
123.86555581572154,0.01985423743314184,0.15052610327722665,0.8834710779990028,0.024,False
123.90979353002633,0.019854237464398704,0.15052608823524985,0.8834710675492056,0.024,False
123.95403124433115,0.019854237496028562,0.15052607301376972,0.8834710569747037,0.024,False
123.99826895863595,0.019854237528035498,0.15052605761083113,0.8834710462741392,0.024,False
124.04250667294073,0.01985423756042364,0.1505260420244607,0.8834710354461406,0.024,False
124.08674438724553,0.0198542375931971,0.15052602625266523,0.8834710244893235,0.024,False
124.13098210155033,0.019854237626360075,0.15052601029343243,0.8834710134022896,0.024,False
124.17521981585514,0.01985423765991679,0.15052599414473014,0.8834710021836273,0.024,False
124.21945753015994,0.019854237693871485,0.1505259778045073,0.8834709908319115,0.024,False
124.26369524446476,0.019854237728228485,0.15052596127069243,0.8834709793457031,0.024,False
124.30793295876953,0.019854237762992142,0.15052594454119447,0.8834709677235492,0.024,False
124.35217067307433,0.019854237798166828,0.15052592761390182,0.8834709559639828,0.024,False
124.39640838737914,0.019854237833756973,0.1505259104866831,0.8834709440655234,0.024,False
124.44064610168394,0.019854237869767106,0.15052589315738593,0.8834709320266751,0.024,False
124.48488381598872,0.01985423790620166,0.15052587562383848,0.8834709198459296,0.024,False
124.52912153029352,0.019854237943065203,0.15052585788384645,0.8834709075217622,0.024,False
124.57335924459832,0.019854237980362354,0.1505258399351957,0.8834708950526347,0.024,False
124.61759695890312,0.019854238018097763,0.15052582177565116,0.8834708824369939,0.024,False
124.66183467320792,0.01985423805627611,0.15052580340295527,0.8834708696732718,0.024,False
124.70607238751272,0.019854238094902114,0.1505257848148293,0.8834708567598853,0.024,False
124.75031010181752,0.019854238133980594,0.15052576600897266,0.8834708436952357,0.024,False
124.79454781612232,0.01985423817351637,0.15052574698306653,0.883470830477712,0.024,False
124.8387855304271,0.019854238213514327,0.15052572773476564,0.8834708171056846,0.024,False
124.88302324473192,0.019854238253979348,0.15052570826170383,0.8834708035775103,0.024,False
124.92726095903672,0.019854238294916393,0.1505256885614929,0.8834707898915293,0.024,False
124.97149867334153,0.019854238336330488,0.15052566863172154,0.8834707760460665,0.024,False
125.0157363876463,0.019854238378226665,0.1505256484699562,0.8834707620394313,0.024,False
125.0599741019511,0.019854238420610053,0.15052562807374065,0.8834707478699172,0.024,False
125.10421181625591,0.01985423846348577,0.15052560744059548,0.8834707335358014,0.024,False
125.14844953056071,0.01985423850685901,0.15052558656801707,0.8834707190353449,0.024,False
125.19268724486551,0.01985423855073531,0.15052556545347992,0.8834707043667915,0.024,False
125.2369249591703,0.019854238595119658,0.1505255440944342,0.8834706895283714,0.024,False
125.2811626734751,0.01985423864001739,0.15052552248830575,0.8834706745182958,0.024,False
125.3254003877799,0.01985423868543397,0.15052550063249684,0.8834706593347598,0.024,False
125.3696381020847,0.01985423873137482,0.1505254785243855,0.8834706439759421,0.024,False
125.41387581638949,0.01985423877784546,0.15052545616132518,0.8834706284400036,0.024,False
125.45811353069429,0.019854238824851433,0.15052543354064546,0.883470612725089,0.024,False
125.50235124499909,0.01985423887239836,0.15052541065965003,0.883470596829325,0.024,False
125.54658895930389,0.019854238920491915,0.15052538751561825,0.8834705807508215,0.024,False
125.59082667360869,0.019854238969137766,0.15052536410580444,0.8834705644876706,0.024,False
125.63506438791349,0.01985423901834171,0.1505253404274375,0.8834705480379471,0.024,False
125.6793021022183,0.019854239068109517,0.15052531647772036,0.8834705313997079,0.024,False
125.72353981652309,0.01985423911844709,0.1505252922538305,0.8834705145709917,0.024,False
125.76777753082787,0.019854239169360344,0.1505252677529194,0.8834704975498194,0.024,False
125.81201524513268,0.01985423922085523,0.1505252429721125,0.8834704803341943,0.024,False
125.85625295943748,0.019854239272937866,0.1505252179085089,0.8834704629221001,0.024,False
125.90049067374228,0.01985423932561424,0.15052519255918034,0.8834704453115028,0.024,False
125.94472838804707,0.019854239378890488,0.1505251669211723,0.88347042750035,0.024,False
125.98896610235187,0.019854239432772827,0.15052514099150402,0.8834704094865703,0.024,False
126.03320381665667,0.01985423948726753,0.15052511476716662,0.8834703912680734,0.024,False
126.07744153096148,0.01985423954238092,0.15052508824512428,0.8834703728427498,0.024,False
126.12167924526628,0.019854239598119314,0.15052506142231362,0.8834703542084713,0.024,False
126.16591695957106,0.019854239654489174,0.15052503429564348,0.8834703353630899,0.024,False
126.21015467387586,0.019854239711496923,0.15052500686199277,0.8834703163044381,0.024,False
126.25439238818066,0.019854239769149143,0.15052497911821514,0.8834702970303288,0.024,False
126.29863010248548,0.019854239827452422,0.150524951061134,0.8834702775385556,0.024,False
126.34286781679027,0.019854239886413397,0.15052492268754425,0.8834702578268917,0.024,False
126.38710553109507,0.019854239946038767,0.15052489399421262,0.8834702378930904,0.024,False
126.43134324539986,0.019854240006335552,0.15052486497787637,0.883470217734884,0.024,False
126.47558095970466,0.019854240067310402,0.15052483563524346,0.883470197349986,0.024,False
126.51981867400947,0.019854240128970194,0.15052480596299195,0.8834701767360884,0.024,False
126.56405638831426,0.01985424019132191,0.15052477595776984,0.8834701558908624,0.024,False
126.60829410261906,0.019854240254372598,0.15052474561619622,0.8834701348119586,0.024,False
126.65253181692385,0.019854240318129334,0.15052471493485914,0.8834701134970067,0.024,False
126.69676953122865,0.01985424038259927,0.15052468391031676,0.883470091943615,0.024,False
126.74100724553344,0.019854240447789617,0.150524652539096,0.883470070149371,0.024,False
126.78524495983825,0.0198542405137077,0.15052462081769316,0.8834700481118395,0.024,False
126.82948267414305,0.019854240580360814,0.15052458874257307,0.883470025828565,0.024,False
126.87372038844785,0.019854240647756375,0.15052455631016998,0.8834700032970698,0.024,False
126.91795810275264,0.019854240715901857,0.15052452351688558,0.8834699805148537,0.024,False
126.96219581705743,0.019854240784804876,0.150524490359091,0.8834699574793952,0.024,False
127.00643353136225,0.01985424085447297,0.1505244568331248,0.8834699341881506,0.024,False
127.05067124566705,0.019854240924913825,0.1505244229352917,0.8834699106385522,0.024,False
127.09490895997186,0.019854240996135194,0.15052438866186588,0.8834698868280114,0.024,False
127.13914667427663,0.019854241068144842,0.15052435400908765,0.8834698627539161,0.024,False
127.18338438858143,0.0198542411409507,0.15052431897316534,0.8834698384136318,0.024,False
127.22762210288624,0.01985424121456074,0.15052428355027325,0.8834698138044997,0.024,False
127.27185981719104,0.019854241288982995,0.15052424773655276,0.8834697889238394,0.024,False
127.31609753149583,0.019854241364225488,0.15052421152810957,0.883469763768945,0.024,False
127.36033524580063,0.01985424144029633,0.150524174921018,0.8834697383370892,0.024,False
127.40457296010543,0.019854241517203976,0.15052413791131705,0.8834697126255187,0.024,False
127.44881067441024,0.0198542415949566,0.15052410049501094,0.8834696866314578,0.024,False
127.49304838871502,0.019854241673562503,0.1505240626680698,0.883469660352107,0.024,False
127.53728610301982,0.019854241753030185,0.15052402442642815,0.883469633784641,0.024,False
127.58152381732462,0.019854241833368168,0.15052398576598602,0.8834696069262113,0.024,False
127.62576153162942,0.019854241914585038,0.15052394668260777,0.8834695797739444,0.024,False
127.6699992459342,0.019854241996689465,0.15052390717212116,0.8834695523249411,0.024,False
127.71423696023902,0.019854242079690193,0.1505238672303189,0.8834695245762783,0.024,False
127.75847467454382,0.019854242163596048,0.1505238268529573,0.8834694965250071,0.024,False
127.80271238884863,0.01985424224841591,0.150523786035756,0.8834694681681536,0.024,False
127.8469501031534,0.019854242334158785,0.15052374477439823,0.8834694395027183,0.024,False
127.8911878174582,0.01985424242083372,0.1505237030645297,0.8834694105256755,0.024,False
127.93542553176302,0.01985424250844982,0.15052366090175928,0.8834693812339742,0.024,False
127.97966324606782,0.019854242597016295,0.1505236182816574,0.8834693516245369,0.024,False
128.02390096037263,0.01985424268654242,0.1505235751997585,0.8834693216942604,0.024,False
128.06813867467739,0.01985424277703754,0.15052353165155746,0.8834692914400146,0.024,False
128.1123763889822,0.019854242868511115,0.15052348763251097,0.8834692608586425,0.024,False
128.156614103287,0.019854242960972646,0.15052344313803695,0.8834692299469603,0.024,False
128.2008518175918,0.01985424305443169,0.15052339816351587,0.8834691987017587,0.024,False
128.2450895318966,0.01985424314889819,0.15052335270428807,0.8834691671197983,0.024,False
128.2893272462014,0.019854243244381686,0.1505233067556543,0.8834691351978152,0.024,False
128.3335649605062,0.019854243340892,0.1505232603128754,0.8834691029325162,0.024,False
128.377802674811,0.019854243438439122,0.15052321337117333,0.8834690703205815,0.024,False
128.4220403891158,0.01985424353703306,0.15052316592572856,0.8834690373586618,0.024,False
128.4662781034206,0.019854243636683932,0.15052311797168202,0.8834690040433809,0.024,False
128.5105158177254,0.019854243737401907,0.15052306950413366,0.8834689703713339,0.024,False
128.5547535320302,0.019854243839197237,0.15052302051814248,0.8834689363390877,0.024,False
128.59899124633498,0.019854243942080282,0.1505229710087244,0.8834689019431791,0.024,False
128.6432289606398,0.01985424404606151,0.15052292097085634,0.8834688671801174,0.024,False
128.6874666749446,0.01985424415115139,0.15052287039947182,0.8834688320463826,0.024,False
128.7317043892494,0.019854244257360577,0.1505228192894627,0.8834687965384249,0.024,False
128.77594210355417,0.019854244364699764,0.15052276763567735,0.8834687606526647,0.024,False
128.82017981785899,0.019854244473179745,0.1505227154329236,0.8834687243854942,0.024,False
128.86441753216377,0.019854244582811414,0.1505226626759638,0.8834686877332737,0.024,False
128.90865524646858,0.019854244693605652,0.1505226093595186,0.8834686506923353,0.024,False
128.9528929607734,0.019854244805573774,0.15052255547826193,0.8834686132589765,0.024,False
128.99713067507815,0.019854244918726758,0.1505225010268302,0.8834685754294715,0.024,False
129.04136838938297,0.01985424503307583,0.15052244599980974,0.8834685372000585,0.024,False
129.08560610368778,0.01985424514863236,0.15052239039174445,0.883468498566946,0.024,False
129.12984381799257,0.019854245265407744,0.15052233419713293,0.883468459526311,0.024,False
129.17408153229738,0.01985424538341364,0.1505222774104288,0.8834684200742992,0.024,False
129.21831924660216,0.01985424550266159,0.15052222002604068,0.8834683802070252,0.024,False
129.26255696090695,0.019854245623163302,0.1505221620383315,0.8834683399205724,0.024,False
129.30679467521176,0.019854245744930544,0.15052210344161648,0.8834682992109902,0.024,False
129.35103238951658,0.01985424586797524,0.15052204423016805,0.8834682580742987,0.024,False
129.39527010382136,0.019854245992309397,0.15052198439820885,0.8834682165064833,0.024,False
129.43950781812617,0.01985424611794514,0.15052192393991537,0.8834681745034969,0.024,False
129.48374553243096,0.01985424624489465,0.15052186284941765,0.8834681320612606,0.024,False
129.52798324673577,0.019854246373170188,0.15052180112079808,0.8834680891756627,0.024,False
129.57222096104056,0.019854246502784247,0.1505217387480903,0.8834680458425561,0.024,False
129.61645867534534,0.019854246633749337,0.1505216757252803,0.883468002057762,0.024,False
129.66069638965016,0.019854246766077974,0.1505216120463052,0.8834679578170676,0.024,False
129.70493410395494,0.01985424689978286,0.15052154770505477,0.8834679131162267,0.024,False
129.74917181825975,0.019854247034876777,0.1505214826953678,0.8834678679509578,0.024,False
129.79340953256454,0.019854247171372668,0.1505214170110348,0.883467822316946,0.024,False
129.83764724686935,0.019854247309283538,0.15052135064579672,0.8834677762098412,0.024,False
129.88188496117417,0.019854247448622547,0.15052128359334313,0.8834677296252582,0.024,False
129.92612267547895,0.0198542475894028,0.1505212158473128,0.8834676825587772,0.024,False
129.97036038978374,0.01985424773163772,0.15052114740129896,0.883467635005945,0.024,False
130.01459810408855,0.019854247875340698,0.1505210782488381,0.8834675869622702,0.024,False
130.05883581839333,0.019854248020525246,0.15052100838341687,0.883467538423227,0.024,False
130.10307353269815,0.01985424816720496,0.15052093779847053,0.8834674893842529,0.024,False
130.14731124700293,0.019854248315393837,0.15052086648738344,0.8834674398407496,0.024,False
130.19154896130772,0.019854248465105483,0.15052079444348632,0.8834673897880835,0.024,False
130.23578667561253,0.019854248616353886,0.15052072166005556,0.8834673392215819,0.024,False
130.28002438991734,0.019854248769153204,0.15052064813032007,0.883467288136539,0.024,False
130.32426210422213,0.019854248923517608,0.15052057384745043,0.8834672365282085,0.024,False
130.36849981852694,0.01985424907946135,0.15052049880456458,0.8834671843918083,0.024,False
130.41273753283173,0.019854249236998908,0.15052042299472826,0.8834671317225187,0.024,False
130.45697524713654,0.019854249396144764,0.15052034641095102,0.883467078515482,0.024,False
130.50121296144133,0.019854249556913634,0.1505202690461886,0.8834670247658024,0.024,False
130.5454506757461,0.01985424971932017,0.15052019089334145,0.8834669704685465,0.024,False
130.58968839005092,0.019854249883379266,0.15052011194525522,0.8834669156187418,0.024,False
130.63392610435574,0.019854250049105918,0.15052003219471924,0.8834668602113773,0.024,False
130.6781638186605,0.01985425021651531,0.15051995163446705,0.8834668042414027,0.024,False
130.7224015329653,0.01985425038562253,0.15051987025717634,0.8834667477037293,0.024,False
130.76663924727012,0.01985425055644295,0.150519788055468,0.883466690593229,0.024,False
130.81087696157493,0.019854250728992034,0.15051970502190443,0.8834666329047328,0.024,False
130.85511467587972,0.01985425090328536,0.15051962114899275,0.8834665746330329,0.024,False
130.8993523901845,0.019854251079338654,0.15051953642918037,0.8834665157728802,0.024,False
130.94359010448932,0.019854251257167707,0.1505194508548594,0.8834664563189876,0.024,False
130.9878278187941,0.01985425143678844,0.15051936441836095,0.8834663962660252,0.024,False
131.03206553309892,0.019854251618216887,0.1505192771119567,0.8834663356086218,0.024,False
131.07630324740373,0.019854251801469255,0.1505191889278634,0.883466274341368,0.024,False
131.12054096170849,0.019854251986561905,0.15051909985823433,0.88346621245881,0.024,False
131.1647786760133,0.019854252173511222,0.15051900989516453,0.8834661499554538,0.024,False
131.2090163903181,0.019854252362333694,0.15051891903068815,0.8834660868257638,0.024,False
131.2532541046229,0.019854252553046018,0.15051882725678015,0.8834660230641618,0.024,False
131.2974918189277,0.01985425274566503,0.15051873456535222,0.8834659586650264,0.024,False
131.3417295332325,0.019854252940207644,0.15051864094825682,0.8834658936226948,0.024,False
131.38596724753728,0.019854253136690946,0.15051854639728443,0.8834658279314612,0.024,False
131.4302049618421,0.019854253335132147,0.15051845090416294,0.8834657615855761,0.024,False
131.47444267614688,0.019854253535548493,0.1505183544605581,0.8834656945792472,0.024,False
131.5186803904517,0.01985425373795744,0.1505182570580728,0.883465626906638,0.024,False
131.5629181047565,0.019854253942376738,0.15051815868824714,0.8834655585618677,0.024,False
131.6071558190613,0.019854254148823892,0.15051805934255766,0.8834654895390134,0.024,False
131.65139353336608,0.01985425435731684,0.15051795901241788,0.8834654198321064,0.024,False
131.6956312476709,0.019854254567873524,0.1505178576891762,0.8834653494351334,0.024,False
131.73986896197567,0.019854254780512056,0.15051775536411538,0.8834652783420355,0.024,False
131.7841066762805,0.019854254995250717,0.1505176520284554,0.8834652065467099,0.024,False
131.82834439058527,0.01985425521210786,0.15051754767334966,0.8834651340430081,0.024,False
131.87258210489009,0.01985425543110199,0.15051744228988623,0.8834650608247351,0.024,False
131.91681981919487,0.01985425565225177,0.15051733586908633,0.8834649868856503,0.024,False
131.96105753349968,0.019854255875576144,0.15051722840190754,0.8834649122194677,0.024,False
132.0052952478045,0.019854256101093908,0.1505171198792374,0.8834648368198541,0.024,False
132.04953296210928,0.019854256328824104,0.15051701029189743,0.8834647606804298,0.024,False
132.09377067641407,0.019854256558785983,0.15051689963064188,0.8834646837947678,0.024,False
132.13800839071888,0.01985425679099891,0.15051678788615708,0.8834646061563943,0.024,False
132.18224610502367,0.019854257025482384,0.15051667504905997,0.8834645277587873,0.024,False
132.22648381932848,0.019854257262256054,0.15051656110989994,0.8834644485953771,0.024,False
132.27072153363326,0.01985425750133968,0.15051644605915665,0.8834643686595466,0.024,False
132.31495924793805,0.019854257742753175,0.1505163298872409,0.88346428794463,0.024,False
132.35919696224286,0.01985425798651675,0.15051621258449369,0.8834642064439125,0.024,False
132.40343467654765,0.01985425823265042,0.15051609414118397,0.883464124150631,0.024,False
132.44767239085246,0.019854258481174614,0.15051597454751198,0.8834640410579728,0.024,False
132.49191010515727,0.01985425873210989,0.15051585379360666,0.8834639571590763,0.024,False
132.53614781946206,0.019854258985476873,0.15051573186952505,0.8834638724470297,0.024,False
132.58038553376684,0.019854259241296603,0.1505156087652517,0.8834637869148698,0.024,False
132.62462324807166,0.019854259499589872,0.1505154844707004,0.8834637005555861,0.024,False
132.66886096237644,0.019854259760377725,0.15051535897571164,0.8834636133621164,0.024,False
132.71309867668126,0.019854260023681493,0.15051523227005234,0.8834635253273468,0.024,False
132.75733639098607,0.019854260289522502,0.15051510434341783,0.8834634364441144,0.024,False
132.80157410529083,0.019854260557922346,0.15051497518542806,0.8834633467052032,0.024,False
132.84581181959564,0.01985426082890274,0.1505148447856289,0.8834632561033456,0.024,False
132.89004953390045,0.01985426110248561,0.15051471313349135,0.8834631646312221,0.024,False
132.93428724820527,0.019854261378692964,0.15051458021841313,0.8834630722814623,0.024,False
132.97852496251005,0.019854261657547008,0.15051444602971475,0.8834629790466417,0.024,False
133.02276267681484,0.019854261939070132,0.15051431055664224,0.883462884919284,0.024,False
133.06700039111965,0.019854262223284836,0.15051417378836304,0.8834627898918587,0.024,False
133.11123810542443,0.019854262510213747,0.15051403571397193,0.8834626939567845,0.024,False
133.15547581972925,0.0198542627998797,0.1505138963224837,0.8834625971064242,0.024,False
133.19971353403403,0.01985426309230569,0.15051375560283647,0.8834624993330874,0.024,False
133.24395124833882,0.019854263387514844,0.1505136135438902,0.8834624006290298,0.024,False
133.28818896264363,0.019854263685530497,0.15051347013442792,0.8834623009864524,0.024,False
133.33242667694844,0.019854263986376085,0.15051332536315287,0.883462200397502,0.024,False
133.37666439125323,0.019854264290075408,0.15051317921868895,0.8834620988542683,0.024,False
133.42090210555804,0.019854264596652082,0.15051303168958202,0.8834619963487892,0.024,False
133.46513981986283,0.01985426490613012,0.15051288276429625,0.8834618928730438,0.024,False
133.5093775341676,0.01985426521853367,0.15051273243121668,0.883461788418957,0.024,False
133.55361524847243,0.019854265533887083,0.1505125806786487,0.8834616829783976,0.024,False
133.5978529627772,0.019854265852214753,0.15051242749481442,0.8834615765431773,0.024,False
133.64209067708202,0.019854266173541357,0.15051227286785548,0.883461469105051,0.024,False
133.68632839138684,0.019854266497891793,0.15051211678583165,0.8834613606557167,0.024,False
133.7305661056916,0.01985426682529092,0.15051195923672084,0.8834612511868158,0.024,False
133.7748038199964,0.019854267155763963,0.15051180020841678,0.8834611406899312,0.024,False
133.81904153430122,0.019854267489336216,0.15051163968873052,0.8834610291565876,0.024,False
133.86327924860603,0.01985426782603321,0.1505114776653909,0.8834609165782529,0.024,False
133.90751696291082,0.0198542681658806,0.15051131412604135,0.8834608029463354,0.024,False
133.9517546772156,0.01985426850890428,0.1505111490582402,0.883460688252184,0.024,False
133.99599239152042,0.01985426885513027,0.15051098244946273,0.8834605724870902,0.024,False
134.0402301058252,0.01985426920458473,0.15051081428709873,0.8834604556422858,0.024,False
134.08446782013002,0.019854269557294125,0.15051064455845076,0.8834603377089413,0.024,False
134.1287055344348,0.019854269913284928,0.15051047325073572,0.8834602186781687,0.024,False
134.1729432487396,0.01985427027258391,0.15051030035108548,0.8834600985410198,0.024,False
134.2171809630444,0.019854270635217986,0.1505101258465434,0.8834599772884851,0.024,False
134.2614186773492,0.01985427100121437,0.15050994972406576,0.8834598549114943,0.024,False
134.305656391654,0.01985427137060021,0.15050977197052054,0.8834597314009158,0.024,False
134.3498941059588,0.01985427174340304,0.15050959257268892,0.883459606747558,0.024,False
134.39413182026362,0.019854272119650525,0.1505094115172622,0.8834594809421654,0.024,False
134.43836953456838,0.019854272499370443,0.15050922879084247,0.883459353975422,0.024,False
134.4826072488732,0.01985427288259085,0.1505090443799439,0.8834592258379493,0.024,False
134.526844963178,0.019854273269340045,0.1505088582709879,0.8834590965203043,0.024,False
134.57108267748282,0.01985427365964632,0.150508670450308,0.8834589660129839,0.024,False
134.61532039178758,0.0198542740535383,0.15050848090414604,0.8834588343064198,0.024,False
134.6595581060924,0.019854274451044807,0.15050828961865212,0.8834587013909802,0.024,False
134.7037958203972,0.019854274852194768,0.15050809657988484,0.8834585672569703,0.024,False
134.748033534702,0.01985427525701741,0.15050790177381046,0.8834584318946295,0.024,False
134.79227124900677,0.019854275665542095,0.15050770518630438,0.8834582952941351,0.024,False
134.8365089633116,0.019854276077798275,0.1505075068031464,0.883458157445598,0.024,False
134.88074667761637,0.01985427649381574,0.1505073066100242,0.883458018339064,0.024,False
134.92498439192119,0.019854276913624385,0.1505071045925325,0.8834578779645149,0.024,False
134.96922210622597,0.01985427733725436,0.15050690073616965,0.8834577363118646,0.024,False
135.01345982053076,0.01985427776473605,0.15050669502634148,0.8834575933709631,0.024,False
135.05769753483557,0.019854278196099927,0.15050648744835737,0.8834574491315931,0.024,False
135.10193524914038,0.01985427863137675,0.15050627798743038,0.8834573035834697,0.024,False
135.14617296344514,0.0198542790705974,0.15050606662867863,0.883457156716243,0.024,False
135.19041067774995,0.019854279513793035,0.15050585335712416,0.8834570085194948,0.024,False
135.23464839205477,0.019854279960994974,0.1505056381576906,0.8834568589827392,0.024,False
135.27888610635958,0.019854280412234786,0.150505421015206,0.8834567080954232,0.024,False
135.32312382066436,0.019854280867544174,0.15050520191439873,0.8834565558469246,0.024,False
135.36736153496915,0.01985428132695509,0.15050498083990044,0.8834564022265536,0.024,False
135.41159924927396,0.019854281790499636,0.1505047577762435,0.883456247223552,0.024,False
135.45583696357875,0.01985428225821019,0.15050453270786038,0.8834560908270906,0.024,False
135.50007467788356,0.01985428273011938,0.15050430561908532,0.8834559330262726,0.024,False
135.54431239218837,0.019854283206259864,0.15050407649415184,0.8834557738101309,0.024,False
135.58855010649316,0.01985428368666464,0.1505038453171931,0.8834556131676286,0.024,False
135.63278782079794,0.019854284171366914,0.15050361207224183,0.8834554510876581,0.024,False
135.67702553510276,0.019854284660400016,0.15050337674322847,0.8834552875590418,0.024,False
135.72126324940754,0.01985428515379772,0.15050313931398215,0.8834551225705293,0.024,False
135.76550096371236,0.019854285651593678,0.15050289976823059,0.8834549561108019,0.024,False
135.80973867801717,0.01985428615382196,0.15050265808959737,0.883454788168467,0.024,False
135.85397639232193,0.019854286660516828,0.15050241426160388,0.8834546187320609,0.024,False
135.89821410662674,0.01985428717171274,0.15050216826766805,0.8834544477900479,0.024,False
135.94245182093155,0.019854287687444388,0.15050192009110297,0.883454275330819,0.024,False
135.98668953523637,0.01985428820774662,0.15050166971511836,0.8834541013426933,0.024,False
136.03092724954115,0.019854288732654563,0.15050141712281895,0.8834539258139169,0.024,False
136.07516496384594,0.01985428926220353,0.15050116229720262,0.883453748732661,0.024,False
136.11940267815075,0.019854289796429076,0.1505009052211637,0.8834535700870249,0.024,False
136.16364039245553,0.019854290335367026,0.1505006458774885,0.8834533898650319,0.024,False
136.20787810676035,0.019854290879053306,0.15050038424885745,0.8834532080546325,0.024,False
136.25211582106516,0.019854291427524137,0.15050012031784335,0.8834530246437012,0.024,False
136.29635353536995,0.019854291980815925,0.150499854066913,0.8834528396200392,0.024,False
136.34059124967473,0.019854292538965482,0.1504995854784242,0.8834526529713709,0.024,False
136.38482896397954,0.0198542931020096,0.15049931453462562,0.8834524646853452,0.024,False
136.42906667828433,0.019854293669985586,0.15049904121765728,0.8834522747495342,0.024,False
136.4733043925891,0.019854294242930528,0.15049876550955119,0.883452083151437,0.024,False
136.51754210689393,0.019854294820881985,0.15049848739222782,0.8834518898784732,0.024,False
136.5617798211987,0.019854295403877883,0.1504982068474993,0.8834516949179867,0.024,False
136.60601753550353,0.019854295991956133,0.15049792385706395,0.8834514982572426,0.024,False
136.6502552498083,0.019854296585155053,0.1504976384025133,0.8834512998834307,0.024,False
136.69449296411312,0.01985429718351308,0.15049735046532361,0.8834510997836618,0.024,False
136.7387306784179,0.019854297787069087,0.15049706002686106,0.8834508979449676,0.024,False
136.78296839272272,0.019854298395861877,0.15049676706837878,0.8834506943543032,0.024,False
136.8272061070275,0.01985429900993071,0.15049647157101786,0.8834504889985444,0.024,False
136.8714438213323,0.019854299629314964,0.1504961735158034,0.8834502818644863,0.024,False
136.9156815356371,0.019854300254054418,0.1504958728836513,0.8834500729388468,0.024,False
136.95991924994192,0.019854300884188873,0.15049556965535998,0.8834498622082636,0.024,False
137.0041569642467,0.019854301519758477,0.15049526381161313,0.8834496496592932,0.024,False
137.0483946785515,0.019854302160803628,0.15049495533298046,0.8834494352784126,0.024,False
137.0926323928563,0.019854302807364974,0.15049464419991482,0.8834492190520173,0.024,False
137.1368701071611,0.019854303459483382,0.15049433039275417,0.8834490009664225,0.024,False
137.1811078214659,0.019854304117199923,0.15049401389172043,0.8834487810078626,0.024,False
137.2253455357707,0.019854304780555932,0.1504936946769174,0.8834485591624897,0.024,False
137.26958325007547,0.019854305449593046,0.150493372728332,0.8834483354163737,0.024,False
137.31382096438028,0.019854306124353082,0.15049304802583424,0.8834481097555031,0.024,False
137.3580586786851,0.019854306804878093,0.15049272054917498,0.8834478821657835,0.024,False
137.4022963929899,0.019854307491210397,0.15049239027798564,0.883447652633037,0.024,False
137.4465341072947,0.019854308183392604,0.15049205719178071,0.8834474211430037,0.024,False
137.49077182159948,0.019854308881467508,0.1504917212699531,0.883447187681339,0.024,False
137.5350095359043,0.01985430958547816,0.15049138249177765,0.8834469522336159,0.024,False
137.57924725020908,0.0198543102954679,0.1504910408364064,0.8834467147853214,0.024,False
137.6234849645139,0.019854311011480334,0.15049069628287298,0.88344647532186,0.024,False
137.6677226788187,0.019854311733559234,0.15049034881008755,0.88344623382855,0.024,False
137.71196039312346,0.0198543124617487,0.150489998396841,0.8834459902906259,0.024,False
137.75619810742828,0.019854313196093123,0.1504896450217992,0.883445744693235,0.024,False
137.8004358217331,0.01985431393663707,0.15048928866350683,0.8834454970214403,0.024,False
137.84467353603787,0.019854314683425307,0.15048892930038704,0.8834452472602198,0.024,False
137.8889112503427,0.019854315436502977,0.15048856691073692,0.8834449953944631,0.024,False
137.9331489646475,0.019854316195915402,0.15048820147273026,0.883444741408974,0.024,False
137.97738667895226,0.019854316961708276,0.15048783296441734,0.8834444852884694,0.024,False
138.02162439325707,0.019854317733927405,0.15048746136372382,0.8834442270175799,0.024,False
138.06586210756188,0.019854318512618933,0.15048708664844807,0.8834439665808462,0.024,False
138.1100998218667,0.019854319297829333,0.1504867087962659,0.8834437039627239,0.024,False
138.15433753617148,0.01985432008960517,0.15048632778472437,0.8834434391475786,0.024,False
138.19857525047627,0.019854320887993382,0.15048594359124584,0.8834431721196887,0.024,False
138.24281296478108,0.019854321693041122,0.15048555619312476,0.8834429028632432,0.024,False
138.28705067908587,0.01985432250479593,0.15048516556752722,0.8834426313623407,0.024,False
138.33128839339068,0.019854323323305466,0.15048477169149346,0.8834423576009927,0.024,False
138.37552610769546,0.01985432414861769,0.1504843745419342,0.8834420815631197,0.024,False
138.41976382200025,0.019854324980780914,0.1504839740956326,0.8834418032325526,0.024,False
138.46400153630506,0.0198543258198436,0.1504835703292412,0.8834415225930319,0.024,False
138.50823925060988,0.019854326665854533,0.15048316321928368,0.883441239628207,0.024,False
138.55247696491463,0.019854327518862788,0.15048275274215503,0.883440954321638,0.024,False
138.59671467921945,0.01985432837891773,0.15048233887411772,0.8834406666567916,0.024,False
138.64095239352426,0.019854329246068912,0.15048192159130455,0.8834403766170443,0.024,False
138.68519010782904,0.019854330120366158,0.15048150086971693,0.883440084185681,0.024,False
138.72942782213383,0.019854331001859675,0.15048107668522478,0.8834397893458935,0.024,False
138.77366553643864,0.019854331890599854,0.15048064901356592,0.8834394920807821,0.024,False
138.81790325074346,0.019854332786637386,0.1504802178303448,0.8834391923733532,0.024,False
138.86214096504824,0.019854333690023415,0.1504797831110349,0.8834388902065212,0.024,False
138.90637867935303,0.019854334600809154,0.15047934483097453,0.8834385855631062,0.024,False
138.95061639365784,0.01985433551904597,0.15047890296536925,0.8834382784258367,0.024,False
138.99485410796262,0.019854336444785688,0.1504784574892896,0.8834379687773454,0.024,False
139.03909182226744,0.019854337378080466,0.15047800837767147,0.8834376566001705,0.024,False
139.08332953657225,0.019854338318982565,0.15047755560531706,0.8834373418767574,0.024,False
139.127567250877,0.01985433926754467,0.1504770991468925,0.8834370245894557,0.024,False
139.17180496518182,0.019854340223819805,0.15047663897692826,0.8834367047205198,0.024,False
139.21604267948663,0.019854341187861065,0.15047617506981847,0.8834363822521092,0.024,False
139.26028039379142,0.01985434215972196,0.15047570739981989,0.8834360571662869,0.024,False
139.30451810809623,0.019854343139456325,0.15047523594105294,0.88343572944502,0.024,False
139.34875582240105,0.019854344127118194,0.15047476066750015,0.8834353990701799,0.024,False
139.3929935367058,0.01985434512276191,0.1504742815530076,0.8834350660235416,0.024,False
139.43723125101062,0.019854346126442178,0.15047379857128151,0.883434730286782,0.024,False
139.48146896531543,0.01985434713821386,0.1504733116958898,0.8834343918414821,0.024,False
139.52570667962024,0.019854348158132154,0.15047282090026085,0.8834340506691242,0.024,False
139.56994439392503,0.019854349186252677,0.15047232615768516,0.8834337067510939,0.024,False
139.6141821082298,0.019854350222631142,0.15047182744131235,0.8834333600686789,0.024,False
139.65841982253463,0.019854351267323624,0.1504713247241515,0.8834330106030676,0.024,False
139.7026575368394,0.019854352320386553,0.15047081797907222,0.883432658335351,0.024,False
139.74689525114422,0.019854353381876588,0.15047030717880122,0.8834323032465196,0.024,False
139.79113296544904,0.019854354451850676,0.1504697922959253,0.883431945317466,0.024,False
139.8353706797538,0.019854355530366134,0.15046927330288876,0.8834315845289831,0.024,False
139.8796083940586,0.01985435661748053,0.15046875017199374,0.8834312208617633,0.024,False
139.92384610836342,0.01985435771325164,0.1504682228754004,0.8834308542964006,0.024,False
139.9680838226682,0.019854358817737675,0.15046769138512425,0.8834304848133865,0.024,False
140.01232153697302,0.01985435993099707,0.15046715567303984,0.883430112393114,0.024,False
140.05655925127783,0.01985436105308853,0.15046661571087605,0.8834297370158742,0.024,False
140.1007969655826,0.019854362184071203,0.150466071470218,0.8834293586618565,0.024,False
140.1450346798874,0.019854363324004348,0.15046552292250676,0.8834289773111503,0.024,False
140.18927239419222,0.019854364472947625,0.15046497003903855,0.8834285929437425,0.024,False
140.23351010849703,0.019854365630961036,0.15046441279096306,0.8834282055395172,0.024,False
140.27774782280179,0.019854366798104796,0.15046385114928618,0.8834278150782582,0.024,False
140.3219855371066,0.0198543679744395,0.15046328508486556,0.8834274215396442,0.024,False
140.3662232514114,0.019854369160025975,0.1504627145684157,0.8834270249032543,0.024,False
140.4104609657162,0.01985437035492539,0.15046213957050172,0.8834266251485624,0.024,False
140.45469868002098,0.01985437155919922,0.15046156006154213,0.8834262222549395,0.024,False
140.4989363943258,0.019854372772909273,0.15046097601180713,0.8834258162016521,0.024,False
140.54317410863058,0.019854373996117617,0.15046038739142076,0.8834254069678641,0.024,False
140.5874118229354,0.01985437522888667,0.15045979417035832,0.8834249945326352,0.024,False
140.63164953724018,0.019854376471279103,0.15045919631844606,0.8834245788749204,0.024,False
140.67588725154496,0.019854377723357877,0.1504585938053608,0.8834241599735697,0.024,False
140.72012496584978,0.019854378985186553,0.15045798660063123,0.8834237378073277,0.024,False
140.7643626801546,0.019854380256828626,0.150457374673637,0.883423312354836,0.024,False
140.80860039445935,0.019854381538347964,0.1504567579936051,0.8834228835946285,0.024,False
140.85283810876416,0.019854382829808837,0.15045613652961465,0.883422451505135,0.024,False
140.89707582306897,0.0198543841312758,0.1504555102505932,0.8834220160646786,0.024,False
140.9413135373738,0.01985438544281383,0.15045487912531652,0.8834215772514754,0.024,False
140.98555125167857,0.01985438676448806,0.15045424312240993,0.883421135043636,0.024,False
141.02978896598336,0.019854388096364018,0.1504536022103472,0.8834206894191644,0.024,False
141.07402668028817,0.019854389438507557,0.1504529563574492,0.883420240355957,0.024,False
141.11826439459296,0.019854390790984812,0.15045230553188574,0.8834197878318039,0.024,False
141.16250210889777,0.019854392153862303,0.15045164970167182,0.8834193318243857,0.024,False
141.20673982320258,0.019854393527206762,0.15045098883467078,0.8834188723112776,0.024,False
141.25097753750734,0.019854394911085295,0.1504503228985929,0.8834184092699457,0.024,False
141.29521525181215,0.019854396305565347,0.1504496518609934,0.8834179426777479,0.024,False
141.33945296611697,0.019854397710714594,0.1504489756892741,0.8834174725119337,0.024,False
141.38369068042175,0.019854399126601186,0.15044829435068277,0.883416998749644,0.024,False
141.42792839472656,0.019854400553293457,0.15044760781231242,0.8834165213679109,0.024,False
141.47216610903138,0.019854401990860134,0.15044691604110097,0.8834160403436573,0.024,False
141.51640382333613,0.019854403439370213,0.15044621900383118,0.8834155556536968,0.024,False
141.56064153764095,0.01985440489889313,0.1504455166671301,0.8834150672747326,0.024,False
141.60487925194576,0.019854406369498527,0.15044480899746793,0.8834145751833583,0.024,False
141.64911696625057,0.01985440785125634,0.15044409596115985,0.8834140793560584,0.024,False
141.69335468055536,0.01985440934423694,0.1504433775243634,0.8834135797692054,0.024,False
141.73759239486014,0.019854410848510983,0.15044265365307985,0.8834130763990621,0.024,False
141.78183010916496,0.01985441236414944,0.15044192431315323,0.8834125692217801,0.024,False
141.82606782346974,0.019854413891223676,0.1504411894702709,0.8834120582134011,0.024,False
141.87030553777456,0.019854415429805265,0.15044044908996182,0.8834115433498545,0.024,False
141.91454325207937,0.019854416979966205,0.1504397031375956,0.8834110246069576,0.024,False
141.95878096638413,0.01985441854177876,0.15043895157838522,0.8834105019604174,0.024,False
142.00301868068894,0.01985442011531557,0.1504381943773848,0.8834099753858283,0.024,False
142.04725639499375,0.01985442170064956,0.15043743149948943,0.8834094448586731,0.024,False
142.09149410929854,0.01985442329785404,0.1504366629094349,0.8834089103543212,0.024,False
142.13573182360335,0.019854424907002587,0.15043588857179702,0.8834083718480301,0.024,False
142.17996953790814,0.01985442652816916,0.15043510845099245,0.8834078293149444,0.024,False
142.22420725221295,0.019854428161428038,0.15043432251127808,0.8834072827300957,0.024,False
142.26844496651773,0.019854429806853802,0.15043353071675009,0.8834067320684027,0.024,False
142.31268268082255,0.019854431464521573,0.15043273303134377,0.8834061773046691,0.024,False
142.35692039512733,0.019854433134506563,0.15043192941883513,0.8834056184135872,0.024,False
142.40115810943212,0.019854434816884318,0.150431119842837,0.8834050553697341,0.024,False
142.44539582373693,0.019854436511730723,0.150430304266802,0.8834044881475739,0.024,False
142.48963353804174,0.01985443821912216,0.15042948265402123,0.8834039167214551,0.024,False
142.5338712523465,0.019854439939135198,0.15042865496762325,0.8834033410656129,0.024,False
142.5781089666513,0.01985444167184682,0.15042782117057568,0.8834027611541672,0.024,False
142.62234668095613,0.019854443417334347,0.15042698122568346,0.8834021769611236,0.024,False
142.6665843952609,0.019854445175675382,0.1504261350955879,0.8834015884603722,0.024,False
142.7108221095657,0.01985444694694792,0.15042528274276895,0.8834009956256882,0.024,False
142.7550598238705,0.019854448731230254,0.1504244241295428,0.8834003984307316,0.024,False
142.7992975381753,0.019854450528601075,0.15042355921806252,0.8833997968490461,0.024,False
142.8435352524801,0.01985445233913931,0.15042268797031763,0.8833991908540607,0.024,False
142.88777296678492,0.01985445416292434,0.1504218103481334,0.8833985804190873,0.024,False
142.93201068108968,0.019854456000035766,0.1504209263131713,0.8833979655173219,0.024,False
142.9762483953945,0.01985445785055371,0.15042003582692967,0.883397346121845,0.024,False
143.0204861096993,0.019854459714558504,0.1504191388507416,0.8833967222056195,0.024,False
143.06472382400412,0.019854461592130793,0.15041823534577464,0.8833960937414925,0.024,False
143.1089615383089,0.01985446348335164,0.15041732527303361,0.883395460702194,0.024,False
143.1531992526137,0.019854465388302444,0.15041640859335756,0.8833948230603376,0.024,False
143.1974369669185,0.019854467307064846,0.15041548526741833,0.8833941807884178,0.024,False
143.2416746812233,0.01985446923972103,0.1504145552557261,0.8833935338588146,0.024,False
143.2859123955281,0.01985447118635332,0.15041361851862273,0.8833928822437886,0.024,False
143.3301501098329,0.01985447314704451,0.15041267501628383,0.8833922259154823,0.024,False
143.37438782413767,0.019854475121877702,0.15041172470872122,0.8833915648459219,0.024,False
143.41862553844248,0.019854477110936384,0.15041076755577792,0.8833908990070138,0.024,False
143.4628632527473,0.01985447911430427,0.15040980351713396,0.8833902283705493,0.024,False
143.50710096705208,0.019854481132065553,0.1504088325522999,0.8833895529081981,0.024,False
143.5513386813569,0.019854483164304694,0.15040785462062042,0.8833888725915133,0.024,False
143.5955763956617,0.019854485211106488,0.15040686968127295,0.8833881873919286,0.024,False
143.6398141099665,0.019854487272556298,0.15040587769326982,0.8833874972807595,0.024,False
143.68405182427128,0.019854489348739582,0.150404878615453,0.8833868022292012,0.024,False
143.7282895385761,0.019854491439742078,0.15040387240650033,0.8833861022083335,0.024,False
143.7725272528809,0.019854493545650078,0.15040285902491862,0.8833853971891127,0.024,False
143.8167649671857,0.01985449566655013,0.1504018384290504,0.8833846871423788,0.024,False
143.86100268149048,0.019854497802529215,0.15040081057706858,0.8833839720388511,0.024,False
143.9052403957953,0.019854499953674512,0.15039977542697777,0.8833832518491292,0.024,False
143.94947811010007,0.01985450212007371,0.15039873293661635,0.8833825265436944,0.024,False
143.9937158244049,0.01985450430181478,0.15039768306365128,0.8833817960929055,0.024,False
144.0379535387097,0.019854506498986006,0.1503966257655832,0.8833810604670034,0.024,False
144.08219125301446,0.01985450871167613,0.15039556099974524,0.883380319636109,0.024,False
144.12642896731927,0.019854510939974146,0.1503944887233006,0.8833795735702226,0.024,False
144.17066668162408,0.019854513183969375,0.15039340889324204,0.883378822239223,0.024,False
144.21490439592887,0.019854515443751577,0.15039232146639658,0.8833780656128708,0.024,False
144.25914211023365,0.01985451771941087,0.15039122639942026,0.8833773036608041,0.024,False
144.30337982453847,0.01985452001103764,0.15039012364880006,0.8833765363525413,0.024,False
144.34761753884328,0.019854522318722645,0.15038901317085498,0.8833757636574803,0.024,False
144.39185525314807,0.019854524642556968,0.15038789492173252,0.883374985544897,0.024,False
144.43609296745285,0.019854526982632147,0.15038676885741314,0.8833742019839476,0.024,False
144.48033068175766,0.019854529339040028,0.15038563493370652,0.8833734129436663,0.024,False
144.52456839606245,0.01985453171187279,0.1503844931062523,0.8833726183929661,0.024,False
144.56880611036726,0.019854534101222936,0.15038334333052306,0.8833718183006407,0.024,False
144.61304382467205,0.019854536507183395,0.1503821855618181,0.8833710126353596,0.024,False
144.65728153897683,0.019854538929847402,0.15038101975526869,0.8833702013656721,0.024,False
144.70151925328165,0.019854541369308514,0.15037984586583558,0.8833693844600062,0.024,False
144.74575696758646,0.019854543825660702,0.15037866384831014,0.8833685618866681,0.024,False
144.78999468189122,0.01985454629899823,0.1503774736573134,0.8833677336138424,0.024,False
144.83423239619603,0.01985454878941578,0.1503762752472968,0.883366899609592,0.024,False
144.87847011050084,0.019854551297008617,0.15037506857254007,0.8833660598418556,0.024,False
144.92270782480563,0.019854553821871814,0.15037385358715444,0.8833652142784539,0.024,False
144.96694553911044,0.019854556364101085,0.1503726302450794,0.8833643628870836,0.024,False
145.01118325341525,0.01985455892379256,0.15037139850008704,0.8833635056353202,0.024,False
145.05542096772004,0.01985456150104267,0.1503701583057744,0.8833626424906147,0.024,False
145.09965868202482,0.01985456409594822,0.1503689096155727,0.8833617734202986,0.024,False
145.14389639632964,0.019854566708606323,0.15036765238274027,0.8833608983915798,0.024,False
145.18813411063445,0.01985456933911447,0.15036638656036438,0.8833600173715435,0.024,False
145.23237182493924,0.0198545719875705,0.15036511210136438,0.8833591303271537,0.024,False
145.27660953924402,0.01985457465407261,0.15036382895848718,0.8833582372252514,0.024,False
145.32084725354883,0.019854577338719325,0.15036253708431008,0.883357338032555,0.024,False
145.36508496785362,0.019854580041609587,0.1503612364312396,0.8833564327156604,0.024,False
145.40932268215843,0.019854582762842684,0.1503599269515119,0.8833555212410408,0.024,False
145.45356039646325,0.019854585502518157,0.150358608597193,0.8833546035750478,0.024,False
145.497798110768,0.019854588260736,0.15035728132017753,0.8833536796839087,0.024,False
145.54203582507282,0.01985459103759651,0.1503559450721899,0.883352749533729,0.024,False
145.58627353937763,0.019854593833200426,0.15035459980478408,0.8833518130904909,0.024,False
145.6305112536824,0.01985459664764873,0.15035324546934503,0.8833508703200555,0.024,False
145.67474896798723,0.019854599481042817,0.1503518820170853,0.8833499211881589,0.024,False
145.71898668229204,0.019854602333484413,0.150350509399048,0.8833489656604158,0.024,False
145.76322439659683,0.019854605205075634,0.15034912756610622,0.8833480037023177,0.024,False
145.8074621109016,0.019854608095918925,0.15034773646896205,0.8833470352792328,0.024,False
145.85169982520642,0.019854611006117052,0.15034633605814746,0.8833460603564072,0.024,False
145.89593753951124,0.01985461393577319,0.15034492628402507,0.8833450788989639,0.024,False
145.94017525381602,0.019854616884991034,0.1503435070967865,0.8833440908719017,0.024,False
145.9844129681208,0.019854619853874215,0.15034207844645306,0.8833430962400989,0.024,False
146.02865068242562,0.01985462284252701,0.1503406402828769,0.8833420949683091,0.024,False
146.0728883967304,0.01985462585105395,0.15033919255574008,0.8833410870211642,0.024,False
146.1171261110352,0.019854628879559976,0.1503377352145536,0.883340072363172,0.024,False
146.16136382534,0.01985463192815039,0.15033626820866036,0.883339050958718,0.024,False
146.2056015396448,0.01985463499693077,0.15033479148723292,0.8833380227720653,0.024,False
146.2498392539496,0.019854638086007088,0.15033330499927297,0.8833369877673528,0.024,False
146.2940769682544,0.019854641195485728,0.1503318086936153,0.8833359459085982,0.024,False
146.33831468255917,0.019854644325473323,0.15033030251892293,0.883334897159695,0.024,False
146.38255239686399,0.019854647476076962,0.1503287864236905,0.8833338414844144,0.024,False
146.4267901111688,0.01985465064740401,0.15032726035624275,0.8833327788464042,0.024,False
146.47102782547358,0.019854653839562246,0.1503257242647372,0.8833317092091909,0.024,False
146.51526553977837,0.019854657052659683,0.15032417809715956,0.8833306325361766,0.024,False
146.55950325408318,0.019854660286804805,0.15032262180133008,0.8833295487906425,0.024,False
146.603740968388,0.019854663542106358,0.15032105532489703,0.8833284579357453,0.024,False
146.64797868269278,0.019854666818673553,0.1503194786153414,0.8833273599345196,0.024,False
146.69221639699757,0.019854670116615826,0.15031789161997577,0.8833262547498776,0.024,False
146.73645411130238,0.019854673436043035,0.15031629428594465,0.8833251423446091,0.024,False
146.78069182560716,0.01985467677706538,0.1503146865602239,0.8833240226813811,0.024,False
146.82492953991198,0.019854680139793385,0.15031306838962244,0.8833228957227389,0.024,False
146.8691672542168,0.01985468352433795,0.15031143972077993,0.8833217614311044,0.024,False
146.91340496852155,0.019854686930810272,0.15030980050016837,0.8833206197687773,0.024,False
146.95764268282636,0.019854690359322216,0.1503081506740943,0.8833194706979348,0.024,False
147.00188039713117,0.019854693809985356,0.15030649018869432,0.8833183141806334,0.024,False
147.04611811143596,0.01985469728291209,0.15030481898994,0.8833171501788067,0.024,False
147.09035582574077,0.019854700778214995,0.15030313702363438,0.8833159786542657,0.024,False
147.13459354004559,0.01985470429600708,0.15030144423541256,0.8833147995686981,0.024,False
147.17883125435037,0.01985470783640171,0.15029974057074694,0.8833136128836725,0.024,False
147.22306896865516,0.01985471139951249,0.15029802597494094,0.8833124185606347,0.024,False
147.26730668295997,0.019854714985453447,0.1502963003931315,0.8833112165609073,0.024,False
147.31154439726478,0.019854718594339012,0.15029456377029168,0.8833100068456929,0.024,False
147.35578211156957,0.019854722226283806,0.1502928160512258,0.8833087893760715,0.024,False
147.40001982587435,0.019854725881402906,0.15029105718057598,0.8833075641130027,0.024,False
147.44425754017917,0.019854729559811702,0.15028928710281603,0.8833063310173233,0.024,False
147.48849525448395,0.019854733261625897,0.15028750576225686,0.8833050900497501,0.024,False
147.53273296878876,0.01985473698696153,0.1502857131030426,0.8833038411708775,0.024,False
147.57697068309358,0.019854740735935086,0.15028390906915437,0.883302584341179,0.024,False
147.62120839739833,0.01985474450866332,0.15028209360440908,0.8833013195210087,0.024,False
147.66544611170315,0.019854748305263282,0.1502802666524586,0.8833000466705978,0.024,False
147.70968382600796,0.019854752125852457,0.15027842815679188,0.8832987657500582,0.024,False
147.75392154031277,0.019854755970548615,0.1502765780607334,0.8832974767193801,0.024,False
147.79815925461756,0.019854759839469816,0.15027471630744468,0.8832961795384338,0.024,False
147.84239696892234,0.01985476373273455,0.15027284283992426,0.883294874166969,0.024,False
147.88663468322716,0.019854767650461822,0.15027095760100814,0.8832935605646138,0.024,False
147.93087239753194,0.0198547715927705,0.15026906053337044,0.8832922386908798,0.024,False
147.97511011183676,0.019854775559780095,0.1502671515795227,0.8832909085051558,0.024,False
148.01934782614154,0.01985477955161042,0.15026523068181447,0.8832895699667118,0.024,False
148.06358554044633,0.019854783568381607,0.15026329778243191,0.8832882230346959,0.024,False
148.10782325475114,0.01985478761021416,0.15026135282340358,0.8832868676681397,0.024,False
148.15206096905595,0.019854791677228877,0.1502593957465942,0.8832855038259533,0.024,False
148.1962986833607,0.019854795769546928,0.15025742649371027,0.8832841314669286,0.024,False
148.24053639766552,0.0198547998872898,0.15025544500629676,0.8832827505497386,0.024,False
148.28477411197034,0.01985480403057926,0.15025345122573852,0.8832813610329363,0.024,False
148.32901182627512,0.01985480819953744,0.15025144509326077,0.8832799628749566,0.024,False
148.3732495405799,0.019854812394286877,0.15024942654992995,0.8832785560341152,0.024,False
148.41748725488472,0.01985481661495032,0.1502473955366529,0.8832771404686098,0.024,False
148.4617249691895,0.019854820861650913,0.15024535199417996,0.8832757161365207,0.024,False
148.50596268349432,0.01985482513451213,0.15024329586310087,0.8832742829958082,0.024,False
148.55020039779913,0.019854829433657763,0.15024122708384827,0.883272841004316,0.024,False
148.59443811210392,0.019854833759211904,0.1502391455966976,0.8832713901197697,0.024,False
148.6386758264087,0.01985483811129899,0.1502370513417681,0.883269930299778,0.024,False
148.6829135407135,0.019854842490043774,0.15023494425902045,0.8832684615018309,0.024,False
148.72715125501833,0.01985484689557135,0.15023282428826082,0.8832669836833026,0.024,False
148.7713889693231,0.019854851328007236,0.1502306913691386,0.8832654968014491,0.024,False
148.8156266836279,0.019854855787477196,0.15022854544114708,0.8832640008134097,0.024,False
148.8598643979327,0.019854860274107114,0.15022638644362526,0.8832624956762085,0.024,False
148.9041021122375,0.019854864788023462,0.1502242143157576,0.8832609813467525,0.024,False
148.9483398265423,0.019854869329352907,0.1502220289965746,0.8832594577818326,0.024,False
148.99257754084712,0.019854873898222488,0.1502198304249508,0.8832579249381226,0.024,False
149.03681525515188,0.019854878494759556,0.15021761853961094,0.8832563827721832,0.024,False
149.0810529694567,0.019854883119091817,0.15021539327912317,0.8832548312404566,0.024,False
149.1252906837615,0.019854887771347206,0.1502131545819058,0.8832532702992719,0.024,False
149.16952839806632,0.01985489245165397,0.15021090238622165,0.8832516999048414,0.024,False
149.2137661123711,0.01985489716014082,0.1502086366301869,0.883250120013265,0.024,False
149.25800382667592,0.019854901896936603,0.1502063572517615,0.8832485305805251,0.024,False
149.3022415409807,0.019854906662170595,0.1502040641887573,0.8832469315624918,0.024,False
149.3464792552855,0.01985491145597233,0.15020175737883718,0.8832453229149215,0.024,False
149.3907169695903,0.019854916278471656,0.15019943675951053,0.8832437045934542,0.024,False
149.4349546838951,0.019854921129798742,0.15019710226813973,0.8832420765536186,0.024,False
149.4791923981999,0.019854926010084067,0.15019475384193884,0.8832404387508297,0.024,False
149.52343011250468,0.019854930919458433,0.15019239141797208,0.8832387911403883,0.024,False
149.5676678268095,0.019854935858052886,0.15019001493315695,0.8832371336774837,0.024,False
149.61190554111428,0.01985494082599899,0.15018762432426255,0.8832354663171909,0.024,False
149.6561432554191,0.019854945823428345,0.15018521952791106,0.8832337890144734,0.024,False
149.7003809697239,0.019854950850472914,0.15018280048058139,0.8832321017241848,0.024,False
149.74461868402867,0.019854955907265028,0.15018036711860264,0.8832304044010639,0.024,False
149.78885639833348,0.019854960993937337,0.15017791937816086,0.8832286969997395,0.024,False
149.8330941126383,0.019854966110622697,0.15017545719529607,0.8832269794747282,0.024,False
149.8773318269431,0.019854971257454408,0.15017298050590516,0.8832252517804364,0.024,False
149.92156954124786,0.01985497643456591,0.1501704892457405,0.8832235138711597,0.024,False
149.96580725555268,0.019854981642091055,0.15016798335041276,0.8832217657010838,0.024,False
150.0100449698575,0.019854986880163926,0.15016546275538836,0.8832200072242831,0.024,False
150.05428268416227,0.01985499214891899,0.1501629273959926,0.8832182383947234,0.024,False
150.09852039846706,0.01985499744849086,0.15016037720740888,0.88321645916626,0.024,False
150.14275811277187,0.019855002779014582,0.1501578121246794,0.8832146694926396,0.024,False
150.18699582707666,0.019855008140625446,0.15015523208270776,0.8832128693275005,0.024,False
150.23123354138147,0.019855013533458962,0.15015263701625675,0.8832110586243721,0.024,False
150.27547125568626,0.019855018957651068,0.15015002685994988,0.8832092373366753,0.024,False
150.31970896999104,0.019855024413337828,0.15014740154827255,0.8832074054177236,0.024,False
150.36394668429585,0.019855029900655716,0.1501447610155709,0.8832055628207215,0.024,False
150.40818439860067,0.019855035419741526,0.1501421051960554,0.8832037094987674,0.024,False
150.45242211290542,0.019855040970732266,0.15013943402379906,0.8832018454048521,0.024,False
150.49665982721024,0.019855046553765104,0.15013674743273833,0.8831999704918609,0.024,False
150.54089754151505,0.019855052168977642,0.15013404535667477,0.8831980847125717,0.024,False
150.58513525581986,0.01985505781650773,0.15013132772927526,0.883196188019657,0.024,False
150.62937297012465,0.01985506349649353,0.1501285944840722,0.8831942803656834,0.024,False
150.67361068442946,0.019855069209073428,0.15012584555446526,0.8831923617031129,0.024,False
150.71784839873425,0.019855074954386098,0.1501230808737196,0.8831904319843016,0.024,False
150.76208611303903,0.01985508073257051,0.15012030037496787,0.8831884911615008,0.024,False
150.80632382734385,0.019855086543765922,0.1501175039912138,0.883186539186859,0.024,False
150.85056154164866,0.019855092388111832,0.15011469165532676,0.8831845760124192,0.024,False
150.89479925595344,0.019855098265747977,0.15011186330004705,0.8831826015901216,0.024,False
150.93903697025823,0.019855104176814433,0.1501090188579871,0.8831806158718041,0.024,False
150.98327468456304,0.019855110121451525,0.15010615826162774,0.8831786188092002,0.024,False
151.02751239886783,0.019855116099799817,0.15010328144332316,0.8831766103539423,0.024,False
151.07175011317264,0.01985512211200011,0.150100388335299,0.8831745904575603,0.024,False
151.11598782747745,0.019855128158193545,0.1500974788696544,0.883172559071482,0.024,False
151.1602255417822,0.01985513423852142,0.1500945529783624,0.8831705161470348,0.024,False
151.20446325608702,0.01985514035312557,0.1500916105932716,0.8831684616354444,0.024,False
151.24870097039184,0.01985514650214776,0.15008865164610352,0.8831663954878364,0.024,False
151.29293868469665,0.019855152685730102,0.15008567606845702,0.8831643176552363,0.024,False
151.33717639900144,0.019855158904015024,0.1500826837918077,0.8831622280885699,0.024,False
151.38141411330625,0.01985516515714516,0.1500796747475073,0.8831601267386632,0.024,False
151.42565182761103,0.01985517144526344,0.15007664886678765,0.8831580135562441,0.024,False
151.46988954191582,0.01985517776851304,0.15007360608075765,0.883155888491941,0.024,False
151.51412725622063,0.01985518412703738,0.15007054632040712,0.883153751496285,0.024,False
151.55836497052545,0.019855190520980136,0.15006746951660505,0.8831516025197088,0.024,False
151.60260268483023,0.019855196950485213,0.15006437560010144,0.8831494415125477,0.024,False
151.64684039913502,0.019855203415696694,0.15006126450152937,0.8831472684250413,0.024,False
151.69107811343983,0.01985520991675905,0.1500581361514045,0.8831450832073321,0.024,False
151.7353158277446,0.019855216453816923,0.1500549904801247,0.8831428858094658,0.024,False
151.77955354204943,0.019855223027015194,0.15005182741797307,0.8831406761813935,0.024,False
151.8237912563542,0.019855229636498932,0.15004864689511627,0.8831384542729704,0.024,False
151.868028970659,0.019855236282413515,0.15004544884160895,0.8831362200339582,0.024,False
151.9122666849638,0.01985524296490453,0.15004223318738993,0.8831339734140224,0.024,False
151.95650439926862,0.01985524968411791,0.1500389998622878,0.8831317143627362,0.024,False
152.0007421135734,0.0198552564401997,0.15003574879601664,0.883129442829578,0.024,False
152.0449798278782,0.019855263233296082,0.1500324799181811,0.8831271587639343,0.024,False
152.089217542183,0.019855270063553605,0.1500291931582759,0.8831248621150996,0.024,False
152.13345525648782,0.019855276931119062,0.15002588844568554,0.8831225528322749,0.024,False
152.17769297079258,0.019855283836139388,0.15002256570968486,0.8831202308645693,0.024,False
152.2219306850974,0.019855290778761803,0.15001922487944308,0.883117896161002,0.024,False
152.2661683994022,0.019855297759133726,0.1500158658840215,0.8831155486705011,0.024,False
152.310406113707,0.019855304777402803,0.15001248865237468,0.8831131883419038,0.024,False
152.35464382801177,0.019855311833716888,0.1500090931133538,0.8831108151239587,0.024,False
152.3988815423166,0.019855318928224064,0.15000567919570393,0.8831084289653242,0.024,False
152.44311925662137,0.019855326061072598,0.15000224682806731,0.8831060298145702,0.024,False
152.4873569709262,0.019855333232411038,0.14999879593898222,0.883103617620177,0.024,False
152.531594685231,0.01985534044238804,0.14999532645688754,0.8831011923305394,0.024,False
152.57583239953576,0.019855347691152575,0.14999183831011928,0.8830987538939628,0.024,False
152.62007011384057,0.019855354978853726,0.1499883314269137,0.8830963022586662,0.024,False
152.66430782814538,0.019855362305640806,0.14998480573540907,0.8830938373727832,0.024,False
152.7085455424502,0.01985536967166366,0.14998126116364316,0.8830913591843581,0.024,False
152.75278325675498,0.019855377077071728,0.1499776976395594,0.883088867641355,0.024,False
152.7970209710598,0.01985538452201504,0.14997411509100264,0.8830863626916492,0.024,False
152.84125868536458,0.019855392006643706,0.14997051344572115,0.8830838442830323,0.024,False
152.88549639966936,0.019855399531108143,0.14996689263137075,0.8830813123632124,0.024,False
152.92973411397418,0.019855407095558827,0.14996325257551224,0.883078766879814,0.024,False
152.973971828279,0.019855414700146515,0.14995959320561386,0.8830762077803784,0.024,False
153.01820954258378,0.019855422345022085,0.14995591444905146,0.8830736350123649,0.024,False
153.06244725688856,0.01985543003033674,0.1499522162331105,0.88307104852315,0.024,False
153.10668497119337,0.019855437756241722,0.14994849848498693,0.8830684482600305,0.024,False
153.15092268549816,0.0198554455228885,0.14994476113178584,0.8830658341702206,0.024,False
153.19516039980297,0.01985545333042878,0.14994100410052527,0.8830632062008549,0.024,False
153.2393981141078,0.01985546117901442,0.14993722731813575,0.8830605642989882,0.024,False
153.28363582841254,0.019855469068797402,0.1499334307114612,0.8830579084115957,0.024,False
153.32787354271736,0.019855476999929896,0.149929614207261,0.8830552384855747,0.024,False
153.37211125702217,0.01985548497256434,0.14992577773220886,0.8830525544677427,0.024,False
153.41634897132698,0.019855492986853438,0.1499219212128959,0.8830498563048397,0.024,False
153.46058668563177,0.019855501042949687,0.14991804457583074,0.8830471439435305,0.024,False
153.50482439993655,0.019855509141006065,0.14991414774744077,0.8830444173304018,0.024,False
153.54906211424137,0.019855517281175628,0.14991023065407244,0.8830416764119644,0.024,False
153.59329982854615,0.019855525463611627,0.1499062932219918,0.8830389211346528,0.024,False
153.63753754285096,0.01985553368846742,0.14990233537738812,0.883036151444828,0.024,False
153.68177525715578,0.0198555419558966,0.14989835704637247,0.8830333672887761,0.024,False
153.72601297146053,0.019855550266052825,0.14989435815497926,0.8830305686127091,0.024,False
153.77025068576535,0.019855558619090042,0.14989033862916665,0.8830277553627649,0.024,False
153.81448840007016,0.019855567015162164,0.14988629839481826,0.8830249274850098,0.024,False
153.85872611437495,0.01985557545442342,0.1498822373777455,0.8830220849254375,0.024,False
153.90296382867973,0.019855583937028163,0.14987815550368774,0.8830192276299712,0.024,False
153.94720154298454,0.019855592463130848,0.1498740526983106,0.8830163555444611,0.024,False
153.99143925728933,0.019855601032886083,0.1498699288872106,0.8830134686146881,0.024,False
154.03567697159414,0.01985560964644861,0.14986578399591405,0.8830105667863628,0.024,False
154.07991468589893,0.019855618303973307,0.14986161794988,0.8830076500051273,0.024,False
154.12415240020374,0.01985562700561547,0.14985743067449891,0.8830047182165525,0.024,False
154.16839011450853,0.01985563575153008,0.1498532220950949,0.8830017713661436,0.024,False
154.21262782881334,0.01985564454187248,0.14984899213692904,0.8829988093993385,0.024,False
154.25686554311812,0.019855653376798114,0.14984474072519582,0.8829958322615067,0.024,False
154.3011032574229,0.01985566225646259,0.14984046778502708,0.8829928398979516,0.024,False
154.34534097172772,0.019855671181021602,0.149836173241492,0.8829898322539107,0.024,False
154.38957868603254,0.019855680150631036,0.14983185701960086,0.8829868092745571,0.024,False
154.43381640033732,0.01985568916544684,0.1498275190443017,0.8829837709049981,0.024,False
154.4780541146421,0.019855698225625072,0.14982315924048473,0.8829807170902781,0.024,False
154.52229182894692,0.019855707331321956,0.14981877753298145,0.882977647775377,0.024,False
154.5665295432517,0.019855716482693853,0.14981437384656693,0.8829745629052123,0.024,False
154.61076725755652,0.019855725679897164,0.149809948105962,0.8829714624246402,0.024,False
154.65500497186133,0.0198557349230885,0.14980550023583028,0.8829683462784532,0.024,False
154.6992426861661,0.019855744212424475,0.1498010301607846,0.8829652144113855,0.024,False
154.7434804004709,0.019855753548061877,0.14979653780538388,0.8829620667681092,0.024,False
154.7877181147757,0.019855762930157554,0.14979202309413486,0.8829589032932363,0.024,False
154.83195582908053,0.019855772358868685,0.1497874859514956,0.8829557239313199,0.024,False
154.8761935433853,0.019855781834352163,0.14978292630187412,0.8829525286268555,0.024,False
154.9204312576901,0.019855791356765233,0.1497783440696325,0.882949317324281,0.024,False
154.9646689719949,0.01985580092626517,0.14977373917908215,0.8829460899679746,0.024,False
155.0089066862997,0.019855810543009365,0.14976911155449257,0.8829428465022606,0.024,False
155.0531444006045,0.019855820207155303,0.14976446112008654,0.8829395868714058,0.024,False
155.09738211490932,0.01985582991886055,0.14975978780004354,0.8829363110196216,0.024,False
155.1416198292141,0.019855839678282784,0.1497550915185013,0.8829330188910651,0.024,False
155.1858575435189,0.019855849485579675,0.1497503721995551,0.8829297104298389,0.024,False
155.2300952578237,0.019855859340909117,0.14974562976726147,0.8829263855799923,0.024,False
155.2743329721285,0.01985586924442896,0.14974086414563706,0.8829230442855215,0.024,False
155.3185706864333,0.019855879196297214,0.14973607525866145,0.8829196864903713,0.024,False
155.36280840073812,0.01985588919667192,0.14973126303027662,0.882916312138434,0.024,False
155.40704611504287,0.019855899245711222,0.14972642738438954,0.8829129211735511,0.024,False
155.4512838293477,0.019855909343573317,0.149721568244873,0.8829095135395142,0.024,False
155.4955215436525,0.019855919490416526,0.14971668553556622,0.8829060891800646,0.024,False
155.53975925795731,0.019855929686399217,0.14971177918027553,0.882902648038895,0.024,False
155.5839969722621,0.019855939931679726,0.14970684910277834,0.8828991900596501,0.024,False
155.62823468656688,0.019855950226416487,0.1497018952268202,0.8828957151859266,0.024,False
155.6724724008717,0.01985596057076809,0.14969691747612032,0.8828922233612745,0.024,False
155.71671011517648,0.019855970964893083,0.14969191577436816,0.8828887145291965,0.024,False
155.76094782948127,0.01985598140895009,0.14968689004522773,0.8828851886331502,0.024,False
155.80518554378608,0.01985599190309779,0.14968184021233855,0.8828816456165485,0.024,False
155.84942325809087,0.01985600244749501,0.14967676619931705,0.8828780854227595,0.024,False
155.89366097239568,0.01985601304230048,0.14967166792975548,0.8828745079951077,0.024,False
155.93789868670046,0.019856023687672992,0.14966654532722432,0.8828709132768741,0.024,False
155.98213640100525,0.019856034383771454,0.14966139831527525,0.8828673012112983,0.024,False
156.02637411531006,0.019856045130754764,0.14965622681743987,0.8828636717415772,0.024,False
156.07061182961488,0.019856055928781872,0.14965103075723168,0.8828600248108669,0.024,False
156.11484954391963,0.01985606677801177,0.1496458100581483,0.8828563603622833,0.024,False
156.15908725822445,0.019856077678603517,0.14964056464367168,0.8828526783389028,0.024,False
156.20332497252926,0.01985608863071624,0.149635294437268,0.882848978683761,0.024,False
156.24756268683407,0.019856099634508826,0.1496299993623927,0.8828452613398587,0.024,False
156.29180040113886,0.019856110690140445,0.14962467934248766,0.8828415262501562,0.024,False
156.33603811544364,0.01985612179777022,0.14961933430098434,0.8828377733575774,0.024,False
156.38027582974846,0.019856132957557275,0.14961396416130618,0.882834002605011,0.024,False
156.42451354405324,0.019856144169660774,0.14960856884686627,0.8828302139353087,0.024,False
156.46875125835805,0.01985615543423991,0.1496031482810708,0.882826407291287,0.024,False
156.51298897266287,0.01985616675145387,0.1495977023873216,0.8828225826157293,0.024,False
156.55722668696765,0.01985617812146182,0.14959223108901493,0.8828187398513851,0.024,False
156.60146440127244,0.01985618954442298,0.14958673430954506,0.8828148789409715,0.024,False
156.64570211557725,0.019856201020496535,0.14958121197230198,0.8828109998271724,0.024,False
156.68993982988204,0.019856212549841715,0.14957566400067673,0.8828071024526408,0.024,False
156.73417754418685,0.019856224132617697,0.14957009031805893,0.8828031867599986,0.024,False
156.77841525849166,0.019856235768983672,0.1495644908478406,0.8827992526918377,0.024,False
156.82265297279642,0.0198562474590988,0.1495588655134172,0.8827953001907212,0.024,False
156.86689068710123,0.01985625920312259,0.14955321423818782,0.8827913291991814,0.024,False
156.91112840140605,0.019856271001213878,0.1495475369455564,0.8827873396597256,0.024,False
156.95536611571086,0.01985628285353191,0.14954183355893444,0.8827833315148323,0.024,False
156.99960383001564,0.019856294760235777,0.14953610400173944,0.8827793047069531,0.024,False
157.04384154432043,0.019856306721484668,0.14953034819739988,0.8827752591785144,0.024,False
157.08807925862524,0.019856318737437702,0.14952456606935338,0.8827711948719162,0.024,False
157.13231697293003,0.019856330808253976,0.14951875754105085,0.8827671117295363,0.024,False
157.17655468723484,0.01985634293409254,0.14951292253595364,0.8827630096937261,0.024,False
157.22079240153965,0.019856355115112374,0.1495070609775378,0.8827588887068151,0.024,False
157.26503011584444,0.01985636735147252,0.14950117278929584,0.8827547487111108,0.024,False
157.30926783014922,0.01985637964333193,0.14949525789473578,0.8827505896488984,0.024,False
157.35350554445404,0.019856391990849532,0.14948931621738382,0.882746411462442,0.024,False
157.39774325875882,0.01985640439418417,0.14948334768078436,0.8827422140939858,0.024,False
157.44198097306364,0.019856416853494725,0.14947735220850356,0.8827379974857543,0.024,False
157.48621868736842,0.019856429368939946,0.1494713297241298,0.8827337615799545,0.024,False
157.53045640167323,0.01985644194067875,0.1494652801512717,0.8827295063187718,0.024,False
157.57469411597802,0.019856454568869704,0.14945920341356447,0.882725231644378,0.024,False
157.61893183028283,0.019856467253671458,0.14945309943466858,0.8827209374989268,0.024,False
157.66316954458762,0.019856479995242583,0.14944696813826885,0.8827166238245548,0.024,False
157.7074072588924,0.019856492793741656,0.14944080944808139,0.8827122905633854,0.024,False
157.75164497319722,0.019856505649327113,0.14943462328784987,0.8827079376575263,0.024,False
157.79588268750203,0.01985651856215738,0.14942840958134793,0.8827035650490708,0.024,False
157.8401204018068,0.019856531532390788,0.14942216825238214,0.8826991726801003,0.024,False
157.8843581161116,0.019856544560185624,0.14941589922479181,0.882694760492683,0.024,False
157.9285958304164,0.019856557645700098,0.14940960242244916,0.8826903284288747,0.024,False
157.9728335447212,0.019856570789092344,0.149403277769266,0.8826858764307232,0.024,False
158.01707125902598,0.01985658399052042,0.14939692518918793,0.8826814044402631,0.024,False
158.0613089733308,0.01985659725014227,0.14939054460619827,0.8826769123995202,0.024,False
158.10554668763558,0.0198566105681158,0.14938413594432187,0.8826724002505123,0.024,False
158.1497844019404,0.019856623944598733,0.14937769912762333,0.8826678679352489,0.024,False
158.1940221162452,0.019856637379748875,0.14937123408021089,0.8826633153957322,0.024,False
158.23825983054996,0.019856650873723982,0.14936474072623326,0.8826587425739559,0.024,False
158.28249754485478,0.01985666442668141,0.1493582189898858,0.8826541494119109,0.024,False
158.3267352591596,0.01985667803877862,0.14935166879540962,0.8826495358515812,0.024,False
158.3709729734644,0.01985669171017295,0.14934509006709276,0.8826449018349466,0.024,False
158.4152106877692,0.019856705441021662,0.14933848272927175,0.8826402473039832,0.024,False
158.45944840207397,0.01985671923148188,0.1493318467063335,0.8826355722006642,0.024,False
158.5036861163788,0.019856733081710667,0.1493251819227153,0.8826308764669604,0.024,False
158.54792383068357,0.019856746991864908,0.1493184883029079,0.8826261600448417,0.024,False
158.5921615449884,0.019856760962101472,0.14931176577145358,0.8826214228762753,0.024,False
158.6363992592932,0.01985677499257698,0.1493050142529523,0.882616664903231,0.024,False
158.68063697359798,0.01985678908344805,0.14929823367205822,0.8826118860676772,0.024,False
158.72487468790277,0.019856803234871143,0.14929142395348433,0.8826070863115842,0.024,False
158.76911240220758,0.01985681744700256,0.1492845850220012,0.8826022655769249,0.024,False
158.81335011651237,0.01985683171999852,0.14927771680244106,0.8825974238056747,0.024,False
158.85758783081718,0.019856846054015134,0.14927081921969726,0.8825925609398128,0.024,False
158.901825545122,0.01985686044920832,0.14926389219872432,0.8825876769213217,0.024,False
158.94606325942678,0.019856874905734078,0.1492569356645435,0.8825827716921897,0.024,False
158.99030097373156,0.019856889423747925,0.1492499495422396,0.8825778451944115,0.024,False
159.03453868803638,0.019856904003405382,0.1492429337569635,0.8825728973699871,0.024,False
159.0787764023412,0.01985691864486191,0.14923588823393544,0.8825679281609241,0.024,False
159.12301411664598,0.019856933348272737,0.14922881289844392,0.8825629375092383,0.024,False
159.16725183095076,0.019856948113793023,0.14922170767584822,0.8825579253569534,0.024,False
159.21148954525557,0.019856962941577686,0.14921457249158002,0.8825528916461037,0.024,False
159.25572725956036,0.019856977831781586,0.14920740727114276,0.882547836318732,0.024,False
159.29996497386517,0.01985699278455938,0.14920021194011673,0.8825427593168942,0.024,False
159.34420268817,0.019857007800065524,0.1491929864241548,0.8825376605826554,0.024,False
159.38844040247474,0.019857022878454377,0.14918573064898816,0.8825325400580939,0.024,False
159.43267811677956,0.019857038019880133,0.1491784445404279,0.882527397685302,0.024,False
159.47691583108437,0.01985705322449681,0.14917112802436214,0.8825222334063845,0.024,False
159.52115354538915,0.019857068492458232,0.14916378102676073,0.8825170471634605,0.024,False
159.56539125969394,0.01985708382391807,0.1491564034736765,0.8825118388986659,0.024,False
159.60962897399875,0.01985709921902987,0.149148995291244,0.8825066085541504,0.024,False
159.65386668830357,0.01985711467794707,0.14914155640568416,0.8825013560720811,0.024,False
159.69810440260835,0.01985713020082262,0.14913408674330317,0.882496081394644,0.024,False
159.74234211691314,0.019857145787809564,0.1491265862304935,0.8824907844640407,0.024,False
159.78657983121795,0.019857161439060664,0.14911905479373813,0.8824854652224937,0.024,False
159.83081754552273,0.01985717715472847,0.14911149235960952,0.8824801236122448,0.024,False
159.87505525982755,0.019857192934965462,0.14910389885476996,0.8824747595755545,0.024,False
159.91929297413233,0.01985720877992384,0.14909627420597488,0.8824693730547054,0.024,False
159.96353068843712,0.019857224689755544,0.14908861834007442,0.8824639639920028,0.024,False
160.00776840274193,0.019857240664612558,0.14908093118401314,0.8824585323297726,0.024,False
160.05200611704674,0.019857256704646397,0.14907321266483073,0.8824530780103648,0.024,False
160.09624383135153,0.01985727281000849,0.1490654627096661,0.8824476009761535,0.024,False
160.1404815456563,0.01985728898085003,0.1490576812457552,0.8824421011695364,0.024,False
160.18471925996113,0.01985730521732204,0.14904986820043614,0.882436578532938,0.024,False
160.2289569742659,0.019857321519575317,0.1490420235011469,0.8824310330088075,0.024,False
160.27319468857073,0.019857337887760416,0.14903414707542875,0.8824254645396218,0.024,False
160.31743240287554,0.01985735432202781,0.1490262388509262,0.8824198730678837,0.024,False
160.36167011718032,0.01985737082252762,0.14901829875539135,0.8824142585361271,0.024,False
160.4059078314851,0.019857387389409686,0.14901032671667952,0.8824086208869121,0.024,False
160.45014554578992,0.01985740402282372,0.14900232266275565,0.8824029600628298,0.024,False
160.49438326009474,0.019857420722919232,0.14899428652169416,0.8823972760065018,0.024,False
160.53862097439952,0.019857437489845427,0.14898621822167804,0.8823915686605798,0.024,False
160.5828586887043,0.019857454323751356,0.14897811769100358,0.8823858379677479,0.024,False
160.62709640300912,0.01985747122478577,0.14896998485807808,0.8823800838707223,0.024,False
160.6713341173139,0.01985748819309724,0.14896181965142619,0.8823743063122538,0.024,False
160.71557183161872,0.01985750522883409,0.14895362199968348,0.8823685052351246,0.024,False
160.75980954592353,0.019857522332144325,0.14894539183160588,0.882362680582154,0.024,False
160.80404726022832,0.01985753950317578,0.14893712907606435,0.8823568322961947,0.024,False
160.8482849745331,0.019857556742076045,0.14892883366205134,0.8823509603201369,0.024,False
160.89252268883791,0.01985757404899241,0.14892050551867836,0.8823450645969069,0.024,False
160.9367604031427,0.019857591424071924,0.14891214457517854,0.8823391450694684,0.024,False
160.9809981174475,0.01985760886746142,0.14890375076090895,0.8823332016808239,0.024,False
161.02523583175233,0.019857626379307387,0.14889532400534916,0.8823272343740137,0.024,False
161.0694735460571,0.01985764395975634,0.14888686423810546,0.8823212430921177,0.024,False
161.1137112603619,0.01985766160895413,0.1488783713889111,0.8823152277782579,0.024,False
161.1579489746667,0.01985767932704647,0.14886984538762554,0.8823091883755958,0.024,False
161.20218668897152,0.01985769711417894,0.14886128616423794,0.882303124827334,0.024,False
161.2464244032763,0.019857714970496754,0.1488526936488686,0.8822970370767189,0.024,False
161.2906621175811,0.01985773289614486,0.14884406777176906,0.8822909250670393,0.024,False
161.3348998318859,0.01985775089126789,0.14883540846332302,0.8822847887416279,0.024,False
161.3791375461907,0.019857768956010238,0.14882671565404823,0.8822786280438614,0.024,False
161.4233752604955,0.019857787090516076,0.14881798927459963,0.8822724429171626,0.024,False
161.4676129748003,0.01985780529492924,0.14880922925576656,0.8822662333049992,0.024,False
161.51185068910507,0.01985782356939323,0.14880043552847605,0.8822599991508859,0.024,False
161.5560884034099,0.019857841914051298,0.1487916080237946,0.8822537403983843,0.024,False
161.6003261177147,0.019857860329046406,0.14878274667292996,0.8822474569911049,0.024,False
161.64456383201946,0.019857878814521262,0.14877385140722973,0.8822411488727055,0.024,False
161.68880154632427,0.01985789737061822,0.14876492215818463,0.8822348159868941,0.024,False
161.73303926062908,0.019857915997479325,0.14875595885742912,0.8822284582774284,0.024,False
161.7772769749339,0.019857934695246344,0.1487469614367419,0.8822220756881162,0.024,False
161.82151468923865,0.019857953464060905,0.14873792982804993,0.8822156681628173,0.024,False
161.86575240354347,0.01985797230406403,0.14872886396342522,0.8822092356454435,0.024,False
161.90999011784828,0.019857991215396567,0.14871976377509025,0.8822027780799596,0.024,False
161.95422783215307,0.01985801019819907,0.14871062919541592,0.8821962954103831,0.024,False
161.99846554645785,0.019858029252611747,0.148701460156924,0.8821897875807856,0.024,False
162.04270326076266,0.019858048378774574,0.1486922565922909,0.882183254535294,0.024,False
162.08694097506745,0.019858067576827156,0.14868301843434276,0.8821766962180897,0.024,False
162.13117868937226,0.01985808684690876,0.14867374561606392,0.8821701125734114,0.024,False
162.17541640367708,0.01985810618915827,0.14866443807059201,0.8821635035455542,0.024,False
162.21965411798186,0.019858125603714395,0.14865509573122154,0.8821568690788689,0.024,False
162.26389183228665,0.019858145090715384,0.1486457185314057,0.8821502091177664,0.024,False
162.30812954659146,0.01985816465029916,0.1486363064047573,0.8821435236067159,0.024,False
162.35236726089624,0.019858184282603414,0.14862685928504885,0.8821368124902451,0.024,False
162.39660497520106,0.019858203987765416,0.14861737710621561,0.8821300757129433,0.024,False
162.44084268950587,0.019858223765922133,0.1486078598023543,0.8821233132194591,0.024,False
162.48508040381066,0.01985824361721017,0.148598307307726,0.8821165249545032,0.024,False
162.52931811811544,0.01985826354176577,0.14858871955675665,0.8821097108628481,0.024,False
162.57355583242025,0.019858283539724887,0.14857909648403947,0.8821028708893291,0.024,False
162.61779354672507,0.01985830361122333,0.1485694380243346,0.8820960049788443,0.024,False
162.66203126102985,0.019858323756395964,0.14855974411256742,0.882089113076356,0.024,False
162.70626897533464,0.019858343975377817,0.14855001468383863,0.8820821951268923,0.024,False
162.75050668963945,0.019858364268303414,0.1485402496734157,0.8820752510755452,0.024,False
162.79474440394424,0.019858384635306932,0.14853044901674034,0.8820682808674737,0.024,False
162.83898211824905,0.019858405076522135,0.14852061264942457,0.8820612844479017,0.024,False
162.88321983255386,0.019858425592082486,0.14851074050725657,0.8820542617621218,0.024,False
162.92745754685865,0.01985844618212109,0.1485008325262,0.8820472127554939,0.024,False
162.97169526116343,0.01985846684677062,0.14849088864239324,0.8820401373734463,0.024,False
163.01593297546825,0.0198584875861635,0.14848090879215392,0.8820330355614765,0.024,False
163.06017068977306,0.019858508400431636,0.1484708929119775,0.8820259072651518,0.024,False
163.10440840407784,0.01985852928970666,0.1484608409385397,0.8820187524301103,0.024,False
163.14864611838266,0.019858550254119766,0.14845075280869582,0.8820115710020602,0.024,False
163.19288383268744,0.01985857129380182,0.14844062845948466,0.8820043629267819,0.024,False
163.23712154699223,0.019858592408883276,0.14843046782812552,0.8819971281501272,0.024,False
163.28135926129704,0.01985861359949423,0.14842027085202503,0.8819898666180221,0.024,False
163.32559697560185,0.01985863486576435,0.1484100374687742,0.8819825782764662,0.024,False
163.3698346899066,0.019858656207822914,0.14839976761614873,0.881975263071532,0.024,False
163.41407240421142,0.019858677625799046,0.14838946123211258,0.8819679209493662,0.024,False
163.45831011851624,0.019858699119821105,0.1483791182548178,0.8819605518561922,0.024,False
163.50254783282102,0.019858720690017203,0.14836873862260716,0.8819531557383097,0.024,False
163.5467855471258,0.019858742336515127,0.1483583222740132,0.8819457325420942,0.024,False
163.59102326143062,0.019858764059442195,0.14834786914775985,0.8819382822139983,0.024,False
163.6352609757354,0.019858785858925358,0.14833737918276332,0.8819308047005517,0.024,False
163.67949869004022,0.01985880773509118,0.14832685231813467,0.8819232999483638,0.024,False
163.723736404345,0.019858829688065793,0.14831628849317904,0.8819157679041222,0.024,False
163.7679741186498,0.019858851717974906,0.14830568764739768,0.8819082085145941,0.024,False
163.8122118329546,0.019858873824943807,0.14829504972048949,0.881900621726628,0.024,False
163.85644954725942,0.019858896009097484,0.14828437465234964,0.8818930074871509,0.024,False
163.9006872615642,0.01985891827056044,0.1482736623830723,0.8818853657431721,0.024,False
163.944924975869,0.019858940609456675,0.1482629128529527,0.8818776964417837,0.024,False
163.9891626901738,0.019858963025909893,0.1482521260024868,0.8818699995301595,0.024,False
164.0334004044786,0.019858985520043317,0.14824130177237266,0.881862274955557,0.024,False
164.0776381187834,0.019859008091979775,0.14823044010351138,0.881854522665317,0.024,False
164.12187583308818,0.019859030741841647,0.148219540937007,0.8818467426068641,0.024,False
164.166113547393,0.019859053469750896,0.14820860421416934,0.8818389347277082,0.024,False
164.21035126169778,0.019859076275829078,0.14819762987651441,0.8818310989754445,0.024,False
164.2545889760026,0.01985909916019725,0.14818661786576431,0.8818232352977542,0.024,False
164.2988266903074,0.019859122122976296,0.14817556812384997,0.8818153436424037,0.024,False
164.3430644046122,0.019859145164286288,0.14816448059291226,0.8818074239572499,0.024,False
164.38730211891698,0.01985916828424703,0.14815335521529993,0.8817994761902342,0.024,False
164.4315398332218,0.019859191482977916,0.14814219193357364,0.8817915002893877,0.024,False
164.4757775475266,0.01985921476059783,0.14813099069050556,0.8817834962028295,0.024,False
164.5200152618314,0.01985923811722531,0.1481197514290815,0.8817754638787685,0.024,False
164.5642529761362,0.019859261552978364,0.1481084740924999,0.8817674032655033,0.024,False
164.608490690441,0.019859285067974655,0.14809715862417575,0.8817593143114235,0.024,False
164.65272840474577,0.019859308662331265,0.14808580496773818,0.881751196965009,0.024,False
164.6969661190506,0.019859332336164912,0.1480744130670327,0.881743051174831,0.024,False
164.7412038333554,0.019859356089591863,0.14806298286612382,0.8817348768895534,0.024,False
164.78544154766018,0.0198593799227279,0.14805151430929372,0.8817266740579326,0.024,False
164.82967926196497,0.019859403835688304,0.14804000734104425,0.8817184426288184,0.024,False
164.87391697626978,0.019859427828587992,0.1480284619060964,0.8817101825511529,0.024,False
164.91815469057457,0.01985945190154141,0.14801687794939436,0.8817018937739739,0.024,False
164.96239240487938,0.019859476054662505,0.1480052554161039,0.8816935762464134,0.024,False
165.0066301191842,0.019859500288064776,0.14799359425161418,0.8816852299176995,0.024,False
165.05086783348898,0.019859524601861252,0.1479818944015373,0.8816768547371545,0.024,False
165.09510554779376,0.019859548996164468,0.1479701558117109,0.8816684506541982,0.024,False
165.13934326209858,0.01985957347108649,0.14795837842819812,0.8816600176183467,0.024,False
165.1835809764034,0.019859598026738912,0.14794656219728908,0.8816515555792138,0.024,False
165.22781869070815,0.019859622663233018,0.14793470706550077,0.8816430644865101,0.024,False
165.27205640501296,0.019859647380679513,0.14792281297957996,0.8816345442900453,0.024,False
165.31629411931777,0.019859672179188395,0.14791087988650092,0.8816259949397289,0.024,False
165.36053183362256,0.019859697058869457,0.1478989077334704,0.881617416385569,0.024,False
165.40476954792734,0.019859722019831917,0.14788689646792333,0.8816088085776729,0.024,False
165.44900726223216,0.01985974706218455,0.1478748460375294,0.8816001714662495,0.024,False
165.49324497653694,0.019859772186035615,0.1478627563901891,0.8815915050016077,0.024,False
165.53748269084176,0.019859797391492948,0.14785062747403588,0.881582809134157,0.024,False
165.58172040514654,0.019859822678663822,0.14783845923744,0.8815740838144108,0.024,False
165.62595811945133,0.019859848047655015,0.1478262516290053,0.8815653289929837,0.024,False
165.67019583375614,0.01985987349857288,0.1478140045975703,0.8815565446205917,0.024,False
165.71443354806095,0.01985989903152323,0.14780171809221307,0.8815477306480566,0.024,False
165.75867126236574,0.01985992464661143,0.14778939206224861,0.8815388870263027,0.024,False
165.80290897667052,0.019859950343942293,0.14777702645722982,0.8815300137063589,0.024,False
165.84714669097534,0.01985997612362015,0.14776462122694894,0.8815211106393586,0.024,False
165.89138440528015,0.01986000198574884,0.14775217632143742,0.8815121777765396,0.024,False
165.93562211958493,0.019860027930431724,0.14773969169097012,0.8815032150692471,0.024,False
165.97985983388975,0.019860053957771646,0.14772716728605997,0.8814942224689304,0.024,False
166.02409754819453,0.019860080067870923,0.14771460305746567,0.8814851999271471,0.024,False
166.06833526249932,0.019860106260831355,0.1477019989561876,0.8814761473955617,0.024,False
166.11257297680413,0.019860132536754345,0.14768935493347,0.8814670648259444,0.024,False
166.15681069110894,0.019860158895740644,0.14767667094080214,0.8814579521701754,0.024,False
166.20104840541373,0.019860185337890548,0.14766394692991774,0.8814488093802416,0.024,False
166.24528611971851,0.019860211863303886,0.14765118285279805,0.8814396364082399,0.024,False
166.28952383402333,0.01986023847208018,0.14763837866167037,0.8814304332063743,0.024,False
166.3337615483281,0.01986026516431784,0.1476255343090099,0.8814211997269619,0.024,False
166.37799926263293,0.01986029194011523,0.14761264974754146,0.8814119359224284,0.024,False
166.42223697693774,0.019860318799570065,0.1475997249302374,0.8814026417453098,0.024,False
166.46647469124252,0.01986034574277955,0.14758675981032066,0.881393317148253,0.024,False
166.5107124055473,0.019860372769840408,0.14757375434126505,0.881383962084017,0.024,False
166.55495011985212,0.019860399880848787,0.14756070847679445,0.8813745765054715,0.024,False
166.59918783415694,0.01986042707590033,0.1475476221708857,0.8813651603655992,0.024,False
166.64342554846172,0.0198604543550902,0.14753449537776842,0.8813557136174957,0.024,False
166.68766326276653,0.01986048171851296,0.14752132805192517,0.8813462362143691,0.024,False
166.73190097707132,0.019860509166262644,0.14750812014809184,0.8813367281095413,0.024,False
166.7761386913761,0.01986053669843282,0.1474948716212597,0.8813271892564475,0.024,False
166.82037640568092,0.019860564315116548,0.14748158242667675,0.8813176196086385,0.024,False
166.86461411998573,0.019860592016406206,0.1474682525198444,0.8813080191197785,0.024,False
166.90885183429052,0.019860619802393783,0.14745488185652236,0.8812983877436474,0.024,False
166.9530895485953,0.01986064767317068,0.14744147039272823,0.881288725434141,0.024,False
166.99732726290011,0.019860675628827765,0.14742801808473588,0.88127903214527,0.024,False
167.0415649772049,0.019860703669455373,0.14741452488907933,0.8812693078311621,0.024,False
167.0858026915097,0.019860731795143284,0.14740099076255123,0.8812595524460618,0.024,False
167.1300404058145,0.01986076000598078,0.147387415662204,0.8812497659443299,0.024,False
167.17427812011928,0.019860788302056537,0.14737379954535063,0.881239948280445,0.024,False
167.2185158344241,0.019860816683458758,0.14736014236956485,0.8812300994090032,0.024,False
167.2627535487289,0.019860845150275027,0.1473464440926836,0.8812202192847199,0.024,False
167.3069912630337,0.01986087370259246,0.14733270467280563,0.8812103078624286,0.024,False
167.35122897733848,0.019860902340497585,0.14731892406829025,0.8812003650970797,0.024,False
167.3954666916433,0.019860931064076277,0.14730510223776386,0.8811903909437465,0.024,False
167.4397044059481,0.01986095987341435,0.14729123914011433,0.8811803853576172,0.024,False
167.48394212025286,0.01986098876859637,0.1472773347344954,0.8811703482940046,0.024,False
167.52817983455768,0.019861017749706687,0.14726338898032543,0.8811602797083397,0.024,False
167.5724175488625,0.01986104681682908,0.14724940183728866,0.8811501795561741,0.024,False
167.61665526316727,0.019861075970046813,0.14723537326533678,0.8811400477931813,0.024,False
167.66089297747206,0.01986110520944252,0.14722130322468693,0.8811298843751552,0.024,False
167.70513069177687,0.019861134535098385,0.14720719167582424,0.8811196892580115,0.024,False
167.74936840608166,0.019861163947095962,0.1471930385795018,0.8811094623977882,0.024,False
167.79360612038647,0.01986119344551628,0.1471788438967417,0.8810992037506461,0.024,False
167.83784383469128,0.019861223030439735,0.1471646075888342,0.881088913272868,0.024,False
167.88208154899607,0.019861252701946257,0.14715032961734018,0.8810785909208605,0.024,False
167.92631926330085,0.01986128246011518,0.14713600994409023,0.881068236651153,0.024,False
167.97055697760567,0.019861312305025212,0.14712164853118417,0.8810578504203981,0.024,False
168.01479469191048,0.01986134223675456,0.14710724534099442,0.8810474321853736,0.024,False
168.05903240621527,0.019861372255380885,0.14709280033616468,0.881036981902981,0.024,False
168.10327012052008,0.019861402360981193,0.14707831347960926,0.8810264995302454,0.024,False
168.14750783482486,0.019861432553632128,0.14706378473451787,0.8810159850243185,0.024,False
168.19174554912965,0.01986146283340949,0.14704921406435037,0.8810054383424765,0.024,False
168.23598326343446,0.019861493200388696,0.14703460143284242,0.8809948594421213,0.024,False
168.28022097773928,0.019861523654644546,0.14701994680400193,0.8809842482807804,0.024,False
168.32445869204406,0.019861554196251234,0.14700525014211138,0.8809736048161073,0.024,False
168.36869640634885,0.019861584825282507,0.14699051141172914,0.8809629290058824,0.024,False
168.41293412065366,0.019861615541811307,0.14697573057768695,0.8809522208080119,0.024,False
168.45717183495844,0.01986164634591024,0.1469609076050949,0.8809414801805305,0.024,False
168.50140954926326,0.019861677237651237,0.146946042459337,0.8809307070815989,0.024,False
168.54564726356807,0.019861708217105655,0.1469311351060742,0.8809199014695052,0.024,False
168.58988497787288,0.019861739284344284,0.14691618551124547,0.8809090633026662,0.024,False
168.63412269217764,0.01986177043943731,0.14690119364106557,0.880898192539626,0.024,False
168.67836040648245,0.019861801682454404,0.1468861594620287,0.880887289139058,0.024,False
168.72259812078727,0.019861833013464603,0.14687108294090534,0.8808763530597628,0.024,False
168.76683583509205,0.019861864432536347,0.1468559640447465,0.8808653842606716,0.024,False
168.81107354939687,0.019861895939737553,0.14684080274088085,0.8808543827008435,0.024,False
168.85531126370165,0.0198619275351357,0.14682559899691563,0.8808433483394659,0.024,False
168.89954897800644,0.01986195921879745,0.14681035278073992,0.880832281135858,0.024,False
168.94378669231125,0.019861990990788822,0.14679506406052145,0.8808211810494687,0.024,False
168.98802440661606,0.019862022851175436,0.14677973280470896,0.8808100480398768,0.024,False
169.03226212092082,0.019862054800022275,0.14676435898203113,0.8807988820667908,0.024,False
169.07649983522563,0.019862086837393763,0.14674894256149712,0.8807876830900488,0.024,False
169.12073754953045,0.01986211896335371,0.1467334835124003,0.8807764510696229,0.024,False
169.16497526383523,0.01986215117796536,0.14671798180431292,0.8807651859656133,0.024,False
169.20921297814002,0.01986218348129135,0.14670243740709024,0.8807538877382526,0.024,False
169.25345069244483,0.019862215873393728,0.14668685029087083,0.8807425563479055,0.024,False
169.29768840674961,0.019862248354334023,0.1466712204260745,0.8807311917550673,0.024,False
169.34192612105443,0.019862280924173043,0.14665554778340506,0.8807197939203664,0.024,False
169.3861638353592,0.019862313582971157,0.14663983233384903,0.8807083628045622,0.024,False
169.43040154966403,0.019862346330788035,0.14662407404867597,0.8806968983685468,0.024,False
169.4746392639688,0.01986237916768282,0.14660827289944123,0.8806854005733459,0.024,False
169.51887697827362,0.019862412093714022,0.14659242885798268,0.8806738693801168,0.024,False
169.5631146925784,0.01986244510893958,0.1465765418964225,0.8806623047501504,0.024,False
169.6073524068832,0.019862478213416825,0.14656061198716888,0.8806507066448708,0.024,False
169.651590121188,0.019862511407202497,0.14654463910291357,0.8806390750258353,0.024,False
169.69582783549282,0.019862544690352778,0.14652862321663462,0.880627409854735,0.024,False
169.7400655497976,0.019862578062923235,0.14651256430159368,0.8806157110933936,0.024,False
169.7843032641024,0.0198626115249689,0.14649646233134067,0.8806039787037708,0.024,False
169.8285409784072,0.01986264507654406,0.14648031727970942,0.8805922126479591,0.024,False
169.872778692712,0.019862678717702517,0.14646412912081944,0.8805804128881849,0.024,False
169.9170164070168,0.019862712448497463,0.14644789782908002,0.8805685793868112,0.024,False
169.96125412132162,0.019862746268981497,0.14643162337918297,0.8805567121063336,0.024,False
170.00549183562637,0.01986278017920663,0.14641530574610878,0.8805448110093829,0.024,False
170.0497295499312,0.019862814179224194,0.14639894490512423,0.8805328760587253,0.024,False
170.093967264236,0.019862848269085076,0.14638254083178384,0.8805209072172622,0.024,False
170.1382049785408,0.019862882448839464,0.14636609350192972,0.8805089044480301,0.024,False
170.1824426928456,0.019862916718536964,0.1463496028916897,0.8804968677142004,0.024,False
170.2266804071504,0.01986295107822657,0.14633306897748216,0.880484796979082,0.024,False
170.2709181214552,0.01986298552795668,0.14631649173601052,0.8804726922061177,0.024,False
170.31515583575998,0.019863020067775152,0.14629987114426735,0.8804605533588862,0.024,False
170.3593935500648,0.019863054697729192,0.14628320717953447,0.8804483804011038,0.024,False
170.4036312643696,0.01986308941786536,0.14626649981937936,0.8804361732966217,0.024,False
170.4478689786744,0.019863124228229775,0.146249749041661,0.8804239320094277,0.024,False
170.49210669297918,0.01986315912886779,0.14623295482452522,0.8804116565036467,0.024,False
170.536344407284,0.019863194119824203,0.14621611714640628,0.8803993467435395,0.024,False
170.58058212158878,0.01986322920114328,0.14619923598602785,0.8803870026935035,0.024,False
170.6248198358936,0.019863264372868616,0.14618231132240295,0.8803746243180736,0.024,False
170.6690575501984,0.01986329963504327,0.14616534313483362,0.8803622115819215,0.024,False
170.71329526450316,0.01986333498770964,0.14614833140290995,0.8803497644498555,0.024,False
170.75753297880797,0.01986337043090952,0.14613127610651191,0.8803372828868214,0.024,False
170.8017706931128,0.019863405964684156,0.14611417722580972,0.880324766857903,0.024,False
170.8460084074176,0.019863441589074073,0.14609703474126118,0.8803122163283204,0.024,False
170.89024612172238,0.019863477304119314,0.1460798486336149,0.8802996312634318,0.024,False
170.93448383602717,0.019863513109859534,0.1460626188839093,0.8802870116287319,0.024,False
170.97872155033198,0.019863549006333383,0.14604534547347103,0.8802743573898546,0.024,False
171.02295926463677,0.019863584993578893,0.14602802838391812,0.8802616685125725,0.024,False
171.06719697894158,0.019863621071633728,0.1460106675971565,0.8802489449627938,0.024,False
171.11143469324637,0.01986365724053495,0.14599326309538382,0.8802361867065659,0.024,False
171.15567240755115,0.019863693500318916,0.14597581486108643,0.8802233937100742,0.024,False
171.19991012185596,0.019863729851021406,0.1459583228770407,0.8802105659396419,0.024,False
171.24414783616078,0.01986376629267768,0.1459407871263135,0.8801977033617311,0.024,False
171.28838555046553,0.019863802825322262,0.14592320759225919,0.8801848059429405,0.024,False
171.33262326477035,0.01986383944898918,0.1459055842585258,0.8801718736500097,0.024,False
171.37686097907516,0.01986387616371182,0.14588791710904872,0.880158906449815,0.024,False
171.42109869337997,0.019863912969522966,0.1458702061280546,0.8801459043093721,0.024,False
171.46533640768473,0.019863949866454754,0.14585245130005953,0.8801328671958355,0.024,False
171.50957412198954,0.01986398685453886,0.14583465260986858,0.8801197950764967,0.024,False
171.55381183629436,0.019864023933806183,0.1458168100425775,0.8801066879187871,0.024,False
171.59804955059914,0.019864061104287116,0.14579892358357247,0.8800935456902773,0.024,False
171.64228726490396,0.019864098366011457,0.14578099321852914,0.8800803683586761,0.024,False
171.68652497920874,0.019864135719008323,0.14576301893341248,0.8800671558918313,0.024,False
171.73076269351353,0.019864173163306322,0.14574500071447768,0.8800539082577294,0.024,False
171.77500040781834,0.01986421069893334,0.14572693854826926,0.8800406254244961,0.024,False
171.81923812212315,0.019864248325916878,0.1457088324216215,0.8800273073603953,0.024,False
171.86347583642794,0.01986428604428356,0.14569068232166016,0.8800139540338323,0.024,False
171.90771355073272,0.01986432385405959,0.14567248823579684,0.8800005654133483,0.024,False
171.95195126503754,0.019864361755270517,0.1456542501517369,0.8799871414676266,0.024,False
171.99618897934232,0.019864399747941363,0.14563596805747228,0.8799736821654872,0.024,False
172.04042669364713,0.019864437832096432,0.14561764194128474,0.8799601874758903,0.024,False
172.08466440795195,0.01986447600775953,0.14559927179174523,0.879946657367935,0.024,False
172.1289021222567,0.019864514274953702,0.1455808575977134,0.8799330918108597,0.024,False
172.17313983656152,0.019864552633701595,0.14556239934834003,0.8799194907740424,0.024,False
172.21737755086633,0.01986459108402508,0.1455438970330621,0.8799058542269995,0.024,False
172.26161526517114,0.019864629625945558,0.1455253506416079,0.8798921821393877,0.024,False
172.30585297947593,0.019864668259483735,0.14550676016399208,0.8798784744810018,0.024,False
172.35009069378074,0.019864706984659867,0.14548812559051952,0.8798647312217759,0.024,False
172.39432840808553,0.019864745801493396,0.14546944691178337,0.8798509523317847,0.024,False
172.4385661223903,0.01986478471000332,0.14545072411866383,0.8798371377812401,0.024,False
172.48280383669513,0.01986482371020799,0.14543195720233132,0.8798232875404953,0.024,False
172.52704155099994,0.019864862802125145,0.14541314615424236,0.879809401580041,0.024,False
172.57127926530472,0.019864901985771975,0.14539429096614254,0.8797954798705082,0.024,False
172.6155169796095,0.019864941261165017,0.1453753916300644,0.8797815223826665,0.024,False
172.65975469391432,0.01986498062832023,0.14535644813832865,0.8797675290874247,0.024,False
172.7039924082191,0.01986502008725297,0.1453374604835435,0.8797534999558319,0.024,False
172.74823012252392,0.019865059637978046,0.14531842865860353,0.8797394349590743,0.024,False
172.79246783682873,0.019865099280509585,0.14529935265669072,0.8797253340684786,0.024,False
172.83670555113352,0.01986513901486116,0.14528023247127347,0.8797111972555101,0.024,False
172.8809432654383,0.019865178841045793,0.14526106809610856,0.8796970244917738,0.024,False
172.92518097974312,0.019865218759075817,0.14524185952523735,0.8796828157490132,0.024,False
172.96941869404793,0.01986525876896307,0.14522260675298831,0.8796685709991107,0.024,False
173.0136564083527,0.019865298870718757,0.14520330977397522,0.8796542902140873,0.024,False
173.0578941226575,0.019865339064353397,0.14518396858309782,0.8796399733661036,0.024,False
173.10213183696231,0.019865379349877053,0.14516458317554198,0.8796256204274587,0.024,False
173.1463695512671,0.019865419727299116,0.14514515354677915,0.8796112313705913,0.024,False
173.19060726557188,0.01986546019662842,0.14512567969256462,0.8795968061680771,0.024,False
173.2348449798767,0.019865500757873227,0.14510616160894046,0.8795823447926325,0.024,False
173.27908269418148,0.019865541411041188,0.14508659929223142,0.8795678472171107,0.024,False
173.3233204084863,0.0198655821561393,0.14506699273904744,0.8795533134145047,0.024,False
173.36755812279108,0.019865622993173963,0.14504734194628163,0.8795387433579451,0.024,False
173.41179583709587,0.01986566392215112,0.14502764691111436,0.8795241370207031,0.024,False
173.45603355140068,0.019865704943076,0.14500790763100585,0.8795094943761856,0.024,False
173.5002712657055,0.019865746055953325,0.1449881241037021,0.8794948153979399,0.024,False
173.54450898001025,0.019865787260787242,0.14496829632723088,0.8794801000596499,0.024,False
173.58874669431506,0.019865828557581174,0.14494842429990287,0.8794653483351389,0.024,False
173.63298440861988,0.019865869946338065,0.14492850802031107,0.8794505601983673,0.024,False
173.6772221229247,0.01986591142706031,0.14490854748733226,0.8794357356234347,0.024,False
173.72145983722947,0.019865952999749616,0.14488854270012266,0.8794208745845774,0.024,False
173.7656975515343,0.019865994664407166,0.14486849365812263,0.8794059770561705,0.024,False
173.80993526583907,0.019866036421033528,0.14484840036105215,0.8793910430127267,0.024,False
173.85417298014386,0.019866078269628724,0.14482826280891334,0.8793760724288963,0.024,False
173.89841069444867,0.01986612021019223,0.14480808100198747,0.8793610652794659,0.024,False
173.94264840875348,0.019866162242722817,0.14478785494083848,0.8793460215393627,0.024,False
173.98688612305827,0.019866204367218695,0.14476758462630746,0.879330941183648,0.024,False
174.03112383736305,0.019866246583677527,0.14474727005951732,0.8793158241875224,0.024,False
174.07536155166787,0.019866288892096465,0.1447269112418694,0.8793006705263227,0.024,False
174.11959926597265,0.019866331292471992,0.14470650817504546,0.8792854801755238,0.024,False
174.16383698027747,0.019866373784800027,0.14468606086100438,0.8792702531107366,0.024,False
174.20807469458228,0.019866416369075938,0.14466556930198318,0.8792549893077088,0.024,False
174.25231240888706,0.01986645904529447,0.14464503350049818,0.8792396887423258,0.024,False
174.29655012319185,0.01986650181344991,0.14462445345934294,0.8792243513906088,0.024,False
174.34078783749666,0.019866544673535835,0.14460382918158743,0.8792089772287157,0.024,False
174.38502555180148,0.019866587625545277,0.14458316067057944,0.8791935662329412,0.024,False
174.42926326610626,0.019866630669470624,0.14456244792994374,0.8791781183797173,0.024,False
174.47350098041107,0.01986667380530381,0.14454169096357855,0.8791626336456088,0.024,False
174.51773869471586,0.01986671703303622,0.14452088977566094,0.8791471120073199,0.024,False
174.56197640902064,0.019866760352658577,0.14450004437064126,0.8791315534416886,0.024,False
174.60621412332546,0.019866803764161115,0.1444791547532463,0.8791159579256899,0.024,False
174.65045183763027,0.0198668472675334,0.14445822092847646,0.8791003254364339,0.024,False
174.69468955193506,0.019866890862764466,0.14443724290160656,0.8790846559511666,0.024,False
174.73892726623984,0.01986693454984281,0.14441622067818452,0.8790689494472684,0.024,False
174.78316498054465,0.019866978328756304,0.14439515426403277,0.8790532059022564,0.024,False
174.82740269484944,0.019867022199492296,0.14437404366524528,0.8790374252937814,0.024,False
174.87164040915422,0.019867066162037553,0.1443528888881894,0.8790216075996294,0.024,False
174.91587812345904,0.019867110216378277,0.14433168993950451,0.8790057527977223,0.024,False
174.96011583776385,0.019867154362500097,0.14431044682610175,0.8789898608661155,0.024,False
175.00435355206864,0.019867198600388082,0.14428915955516247,0.8789739317829992,0.024,False
175.04859126637342,0.019867242930026747,0.14426782813413952,0.8789579655266976,0.024,False
175.09282898067823,0.01986728735140031,0.14424645257075583,0.8789419620756682,0.024,False
175.13706669498302,0.019867331864491848,0.14422503287300412,0.878925921408505,0.024,False
175.18130440928783,0.019867376469284236,0.14420356904914686,0.8789098435039346,0.024,False
175.22554212359265,0.019867421165759732,0.1441820611077137,0.8788937283408161,0.024,False
175.2697798378974,0.019867465953900106,0.14416050905750635,0.8788775758981446,0.024,False
175.31401755220222,0.019867510833686496,0.14413891290759118,0.8788613861550463,0.024,False
175.35825526650703,0.019867555805099517,0.14411727266730345,0.8788451590907812,0.024,False
175.4024929808118,0.0198676008681192,0.14409558834624528,0.8788288946847428,0.024,False
175.44673069511663,0.019867646022725057,0.14407385995428493,0.8788125929164566,0.024,False
175.4909684094214,0.019867691268896016,0.14405208750155732,0.8787962537655817,0.024,False
175.53520612372625,0.0198677366066105,0.14403027099846272,0.8787798772119086,0.024,False
175.579443838031,0.01986778203584629,0.14400841045566637,0.8787634632353613,0.024,False
175.6236815523358,0.01986782755658069,0.14398650588409848,0.8787470118159949,0.024,False
175.66791926664064,0.01986787316879045,0.14396455729495236,0.8787305229339966,0.024,False
175.7121569809454,0.019867918872451772,0.14394256469968597,0.8787139965696856,0.024,False
175.75639469525024,0.019867964667540303,0.1439205281100199,0.8786974327035123,0.024,False
175.80063240955502,0.01986801055403116,0.14389844753793785,0.878680831316059,0.024,False
175.84487012385978,0.01986805653189891,0.14387632299568467,0.8786641923880384,0.024,False
175.88910783816462,0.019868102601117432,0.14385415449576713,0.8786475159002954,0.024,False
175.9333455524694,0.019868148761660154,0.14383194205095295,0.878630801833805,0.024,False
175.97758326677422,0.019868195013500192,0.14380968567427055,0.8786140501696719,0.024,False
176.021820981079,0.019868241356609938,0.1437873853790078,0.878597260889131,0.024,False
176.0660586953838,0.019868287790961194,0.14376504117871233,0.8785804339735493,0.024,False
176.1102964096886,0.01986833431652526,0.14374265308718975,0.8785635694044217,0.024,False
176.1545341239934,0.019868380933272946,0.14372022111850644,0.878546667163375,0.024,False
176.19877183829823,0.019868427641174406,0.14369774528698398,0.8785297272321642,0.024,False
176.24300955260298,0.019868474440199388,0.14367522560720128,0.8785127495926728,0.024,False
176.28724726690777,0.019868521330317045,0.14365266209399494,0.8784957342269146,0.024,False
176.3314849812126,0.019868568311496027,0.14363005476245735,0.8784786811170323,0.024,False
176.3757226955174,0.01986861538370443,0.1436074036279369,0.8784615902452972,0.024,False
176.41996040982218,0.019868662546909843,0.14358470870603518,0.8784444615941083,0.024,False
176.464198124127,0.019868709801079344,0.14356197001261037,0.8784272951459934,0.024,False
176.50843583843178,0.019868757146179403,0.14353918756377199,0.8784100908836079,0.024,False
176.5526735527366,0.019868804582176075,0.14351636137588641,0.8783928487897367,0.024,False
176.59691126704138,0.019868852109034787,0.14349349146556897,0.8783755688472897,0.024,False
176.6411489813462,0.019868899726720537,0.1434705778496887,0.8783582510393056,0.024,False
176.68538669565098,0.019868947435197598,0.14344762054536567,0.8783408953489504,0.024,False
176.72962440995576,0.019868995234430066,0.14342461956997174,0.878323501759516,0.024,False
176.77386212426057,0.019869043124381244,0.1434015749411276,0.8783060702544212,0.024,False
176.81809983856536,0.01986909110501374,0.14337848667670577,0.8782886008172143,0.024,False
176.86233755287017,0.019869139176290164,0.1433553547948244,0.8782710934315633,0.024,False
176.906575267175,0.019869187338172403,0.14333217931385323,0.8782535480812668,0.024,False
176.9508129814798,0.019869235590621686,0.1433089602524083,0.8782359647502478,0.024,False
176.99505069578456,0.01986928393359884,0.14328569762935353,0.8782183434225549,0.024,False
177.03928841008937,0.01986933236706413,0.14326239146379874,0.8782006840823622,0.024,False
177.08352612439418,0.01986938089097738,0.14323904177510174,0.8781829867139687,0.024,False
177.12776383869894,0.01986942950529779,0.1432156485828638,0.8781652513017981,0.024,False
177.17200155300378,0.01986947820998409,0.14319221190693038,0.878147477830398,0.024,False
177.21623926730857,0.019869527004994635,0.14316873176739323,0.8781296662844406,0.024,False
177.26047698161335,0.019869575890287094,0.14314520818458526,0.8781118166487216,0.024,False
177.30471469591816,0.019869624865818756,0.14312164117908457,0.8780939289081615,0.024,False
177.34895241022295,0.01986967393154631,0.14309803077170982,0.8780760030478032,0.024,False
177.39319012452776,0.019869723087426027,0.14307437698352227,0.8780580390528135,0.024,False
177.43742783883255,0.019869772333413634,0.14305067983582279,0.8780400369084811,0.024,False
177.48166555313733,0.01986982166946431,0.14302693935015395,0.8780219966002191,0.024,False
177.52590326744215,0.019869871095532805,0.14300315554829685,0.8780039181135609,0.024,False
177.57014098174693,0.019869920611573395,0.14297932845227268,0.877985801434164,0.024,False
177.61437869605177,0.01986997021753987,0.14295545808434118,0.877967646547807,0.024,False
177.65861641035653,0.01987001991338536,0.1429315444669969,0.877949453440389,0.024,False
177.70285412466131,0.019870069699062715,0.14290758762297484,0.8779312220979322,0.024,False
177.74709183896616,0.01987011957452421,0.14288358757524428,0.8779129525065783,0.024,False
177.79132955327094,0.01987016953972152,0.14285954434701068,0.8778946446525917,0.024,False
177.83556726757575,0.019870219594606033,0.142835457961715,0.8778762985223555,0.024,False
177.87980498188054,0.019870269739128525,0.14281132844303226,0.8778579141023742,0.024,False
177.92404269618532,0.019870319973239323,0.14278715581487209,0.8778394913792728,0.024,False
177.96828041049014,0.019870370296888245,0.14276294010137397,0.8778210303397934,0.024,False
178.01251812479492,0.019870420710024612,0.142738681326913,0.8778025309708005,0.024,False
178.05675583909976,0.019870471212597246,0.14271437951609428,0.8777839932592768,0.024,False
178.10099355340452,0.019870521804554606,0.1426900346937539,0.8777654171923226,0.024,False
178.1452312677093,0.019870572485844642,0.14266564688495906,0.8777468027571583,0.024,False
178.18946898201415,0.019870623256414744,0.14264121611500577,0.8777281499411222,0.024,False
178.2337066963189,0.019870674116211854,0.1426167424094184,0.8777094587316704,0.024,False
178.27794441062375,0.01987072506518251,0.1425922257939507,0.8776907291163767,0.024,False
178.32218212492853,0.019870776103272602,0.14256766629458303,0.8776719610829332,0.024,False
178.36641983923334,0.019870827230427775,0.142543063937523,0.8776531546191482,0.024,False
178.41065755353813,0.019870878446593087,0.14251841874920373,0.877634309712947,0.024,False
178.45489526784291,0.01987092975171313,0.14249373075628424,0.877615426352372,0.024,False
178.49913298214773,0.019870981145732054,0.1424689999856475,0.8775965045255812,0.024,False
178.5433706964525,0.019871032628593466,0.1424442264644013,0.8775775442208498,0.024,False
178.58760841075733,0.019871084200240623,0.14241941021987561,0.8775585454265672,0.024,False
178.63184612506214,0.019871135860616236,0.14239455127962355,0.8775395081312392,0.024,False
178.6760838393669,0.019871187609662635,0.14236964967142057,0.8775204323234865,0.024,False
178.7203215536717,0.01987123944732161,0.1423447054232616,0.8775013179920446,0.024,False
178.76455926797652,0.01987129137353447,0.1423197185633632,0.8774821651257636,0.024,False
178.8087969822813,0.019871343388242244,0.14229468912016122,0.8774629737136074,0.024,False
178.8530346965861,0.01987139549138534,0.14226961712231004,0.8774437437446541,0.024,False
178.8972724108909,0.01987144768290376,0.14224450259868227,0.8774244752080951,0.024,False
178.9415101251957,0.01987149996273706,0.14221934557836818,0.8774051680932359,0.024,False
178.9857478395005,0.019871552330824094,0.1421941460906748,0.8773858223894956,0.024,False
179.02998555380532,0.01987160478710371,0.1421689041651252,0.8773664380864045,0.024,False
179.07422326811007,0.019871657331514195,0.14214361983145704,0.8773470151736044,0.024,False
179.1184609824149,0.019871709963993282,0.14211829311962332,0.8773275536408514,0.024,False
179.1626986967197,0.01987176268447819,0.14209292405978996,0.8773080534780127,0.024,False
179.2069364110245,0.01987181549290587,0.1420675126823363,0.8772885146750662,0.024,False
179.2511741253293,0.019871868389212708,0.14204205901785413,0.8772689372221022,0.024,False
179.29541183963408,0.019871921373334763,0.14201656309714647,0.8772493211093206,0.024,False
179.3396495539389,0.019871974445207403,0.14199102495122734,0.8772296663270338,0.024,False
179.38388726824368,0.01987202760476589,0.14196544461132027,0.877209972865662,0.024,False
179.42812498254847,0.019872080851944852,0.14193982210885825,0.8771902407157364,0.024,False
179.4723626968533,0.019872134186678596,0.1419141574754828,0.8771704698678974,0.024,False
179.51660041115807,0.01987218760890084,0.1418884507430435,0.8771506603128958,0.024,False
179.56083812546285,0.01987224111854501,0.14186270194359674,0.87713081204159,0.024,False
179.6050758397677,0.019872294715544088,0.1418369111094052,0.8771109250449483,0.024,False
179.64931355407245,0.01987234839983058,0.1418110782729366,0.8770909993140458,0.024,False
179.6935512683773,0.019872402171336585,0.1417852034668637,0.8770710348400665,0.024,False
179.73778898268208,0.019872456029993803,0.14175928672406338,0.8770510316143023,0.024,False
179.78202669698692,0.019872509975733522,0.14173332807761546,0.8770309896281515,0.024,False
179.82626441129167,0.01987256400848642,0.14170732756080276,0.8770109088731217,0.024,False
179.87050212559646,0.01987261812818305,0.14168128520710832,0.8769907893408238,0.024,False
179.9147398399013,0.019872672334753427,0.141655201050218,0.8769706310229775,0.024,False
179.95897755420606,0.019872726628127082,0.14162907512401596,0.8769504339114075,0.024,False
180.0032152685109,0.019872781008233174,0.14160290746258702,0.8769301979980453,0.024,False
180.04745298281568,0.019872835475000523,0.14157669810021362,0.876909923274926,0.024,False
180.09169069712044,0.019872890028357404,0.141550447071377,0.8768896097341919,0.024,False
180.13592841142528,0.01987294466823176,0.14152415441075458,0.8768692573680887,0.024,False
180.18016612573007,0.01987299939455116,0.14149782015322002,0.8768488661689662,0.024,False
180.22440384003485,0.019873054207242703,0.14147144433384315,0.8768284361292796,0.024,False
180.26864155433967,0.019873109106233144,0.1414450269878877,0.8768079672415865,0.024,False
180.31287926864445,0.019873164091448712,0.14141856815081155,0.8767874594985489,0.024,False
180.35711698294926,0.019873219162815408,0.1413920678582664,0.8767669128929314,0.024,False
180.40135469725405,0.01987327432025873,0.14136552614609554,0.8767463274176014,0.024,False
180.44559241155886,0.01987332956370371,0.14133894305033362,0.8767257030655291,0.024,False
180.48983012586368,0.0198733848930752,0.141312318607206,0.8767050398297854,0.024,False
180.53406784016843,0.019873440308297467,0.14128565285312922,0.8766843377035447,0.024,False
180.57830555447325,0.019873495809294102,0.14125894582470758,0.8766635966800838,0.024,False
180.62254326877806,0.019873551395989102,0.14123219755873484,0.8766428167527763,0.024,False
180.66678098308284,0.01987360706830552,0.14120540809219165,0.8766219979150996,0.024,False
180.71101869738766,0.019873662826166084,0.1411785774622459,0.8766011401606312,0.024,False
180.75525641169244,0.01987371866949318,0.14115170570625088,0.8765802434830481,0.024,False
180.79949412599723,0.019873774598208802,0.14112479286174595,0.8765593078761275,0.024,False
180.84373184030204,0.019873830612234532,0.1410978389664543,0.8765383333337456,0.024,False
180.88796955460685,0.0198738867114916,0.1410708440582834,0.8765173198498782,0.024,False
180.9322072689116,0.019873942895900838,0.1410438081753225,0.876496267418599,0.024,False
180.97644498321642,0.01987399916538274,0.14101673135584386,0.8764751760340803,0.024,False
181.02068269752124,0.019874055519857357,0.1409896136383008,0.8764540456905932,0.024,False
181.06492041182602,0.019874111959244455,0.14096245506132699,0.8764328763825051,0.024,False
181.10915812613084,0.01987416848346336,0.14093525566373566,0.8764116681042818,0.024,False
181.15339584043562,0.019874225092433015,0.14090801548451917,0.8763904208504858,0.024,False
181.19763355474046,0.019874281786072062,0.14088073456284733,0.8763691346157755,0.024,False
181.24187126904522,0.019874338564298606,0.14085341293806786,0.8763478093949073,0.024,False
181.28610898335,0.019874395427030626,0.14082605064970422,0.8763264451827312,0.024,False
181.33034669765485,0.019874452374185645,0.140798647737456,0.876305041974194,0.024,False
181.3745844119596,0.019874509405680706,0.14077120424119843,0.8762835997643389,0.024,False
181.41882212626444,0.0198745665214327,0.14074372020097883,0.8762621185483015,0.024,False
181.46305984056923,0.019874623721357933,0.1407161956570193,0.8762405983213138,0.024,False
181.507297554874,0.019874681005372513,0.14068863064971363,0.8762190390787014,0.024,False
181.55153526917883,0.01987473837339216,0.1406610252196282,0.876197440815884,0.024,False
181.5957729834836,0.019874795825332164,0.14063337940749887,0.8761758035283745,0.024,False
181.64001069778843,0.019874853361107572,0.14060569325423267,0.8761541272117792,0.024,False
181.6842484120932,0.01987491098063299,0.14057796680090484,0.8761324118617968,0.024,False
181.728486126398,0.019874968683822693,0.14055020008876004,0.8761106574742192,0.024,False
181.7727238407028,0.019875026470590654,0.14052239315920947,0.8760888640449295,0.024,False
181.8169615550076,0.01987508434085047,0.1404945460538316,0.876067031569903,0.024,False
181.86119926931244,0.019875142294515303,0.14046665881437068,0.8760451600452064,0.024,False
181.90543698361722,0.01987520033149801,0.14043873148273653,0.8760232494669983,0.024,False
181.94967469792198,0.019875258451711376,0.14041076410100342,0.8760012998315259,0.024,False
181.99391241222682,0.019875316655067542,0.1403827567114082,0.875979311135128,0.024,False
182.0381501265316,0.01987537494147843,0.1403547093563518,0.8759572833742335,0.024,False
182.08238784083642,0.01987543331085549,0.1403266220783953,0.875935216545361,0.024,False
182.1266255551412,0.019875491763110043,0.14029849492026258,0.8759131106451178,0.024,False
182.170863269446,0.01987555029815292,0.14027032792483657,0.8758909656702004,0.024,False
182.2151009837508,0.019875608915894655,0.14024212113516044,0.8758687816173941,0.024,False
182.2593386980556,0.01987566761624554,0.14021387459443618,0.8758465584835724,0.024,False
182.3035764123604,0.019875726399115345,0.14018558834602274,0.8758242962656967,0.024,False
182.34781412666518,0.019875785264413717,0.14015726243343693,0.8758019949608155,0.024,False
182.39205184096997,0.01987584421204991,0.14012889690035113,0.8757796545660643,0.024,False
182.4362895552748,0.01987590324193281,0.14010049179059397,0.8757572750786665,0.024,False
182.48052726957957,0.019875962353971047,0.1400720471481483,0.8757348564959311,0.024,False
182.52476498388438,0.019876021548072796,0.14004356301715012,0.8757123988152533,0.024,False
182.5690026981892,0.019876080824146162,0.14001503944188934,0.8756899020341138,0.024,False
182.613240412494,0.01987614018209871,0.13998647646680776,0.8756673661500793,0.024,False
182.65747812679876,0.019876199621837815,0.13995787413649796,0.8756447911608009,0.024,False
182.70171584110358,0.01987625914327047,0.1399292324957037,0.8756221770640144,0.024,False
182.7459535554084,0.019876318746303336,0.13990055158931872,0.8755995238575409,0.024,False
182.79019126971318,0.019876378430842855,0.13987183146238438,0.8755768315392838,0.024,False
182.834428984018,0.0198764381967951,0.1398430721600915,0.8755541001072316,0.024,False
182.87866669832277,0.019876498044065896,0.13981427372777777,0.8755313295594551,0.024,False
182.92290441262756,0.019876557972560674,0.13978543621092732,0.8755085198941085,0.024,False
182.96714212693237,0.01987661798218466,0.13975655965516964,0.8754856711094279,0.024,False
183.01137984123716,0.019876678072842737,0.1397276441062794,0.8754627832037319,0.024,False
183.05561755554197,0.01987673824443936,0.13969868961017584,0.8754398561754225,0.024,False
183.09985526984676,0.01987679849687881,0.13966969621291989,0.8754168900229805,0.024,False
183.14409298415154,0.01987685883006518,0.13964066396071625,0.8753938847449688,0.024,False
183.18833069845635,0.019876919243902162,0.13961159289991104,0.8753708403400312,0.024,False
183.23256841276114,0.01987697973829311,0.13958248307699073,0.875347756806892,0.024,False
183.27680612706598,0.019877040313141137,0.1395533345385823,0.8753246341443557,0.024,False
183.32104384137077,0.01987710096834906,0.13952414733145102,0.8753014723513054,0.024,False
183.36528155567552,0.01987716170381935,0.13949492150250178,0.8752782714267052,0.024,False
183.40951926998036,0.019877222519454334,0.1394656570987762,0.8752550313695965,0.024,False
183.45375698428515,0.01987728341515588,0.1394363541674527,0.8752317521791005,0.024,False
183.49799469858996,0.019877344390825735,0.13940701275584594,0.8752084338544158,0.024,False
183.54223241289475,0.01987740544636525,0.13937763291140515,0.8751850763948192,0.024,False
183.58647012719953,0.01987746658167562,0.13934821468171493,0.8751616797996652,0.024,False
183.63070784150435,0.019877527796657524,0.1393187581144918,0.875138244068385,0.024,False
183.67494555580913,0.019877589091211637,0.13928926325758645,0.8751147692004873,0.024,False
183.71918327011397,0.019877650465238216,0.13925973015898102,0.8750912551955564,0.024,False
183.76342098441873,0.019877711918637304,0.1392301588667883,0.8750677020532531,0.024,False
183.80765869872351,0.019877773451308613,0.139200549429252,0.8750441097733141,0.024,False
183.85189641302836,0.019877835063151623,0.13917090189474512,0.8750204783555516,0.024,False
183.8961341273331,0.01987789675406554,0.13914121631176904,0.8749968077998523,0.024,False
183.94037184163795,0.01987795852394935,0.13911149272895323,0.8749730981061773,0.024,False
183.98460955594274,0.019878020372701668,0.13908173119505374,0.8749493492745627,0.024,False
184.02884727024755,0.019878082300220954,0.1390519317589543,0.8749255613051187,0.024,False
184.07308498455234,0.019878144306405384,0.13902209446966246,0.8749017341980277,0.024,False
184.11732269885712,0.019878206391152817,0.1389922193763112,0.8748778679535472,0.024,False
184.16156041316196,0.019878268554360774,0.1389623065281571,0.8748539625720065,0.024,False
184.20579812746672,0.019878330795926713,0.13893235597458042,0.8748300180538081,0.024,False
184.25003584177153,0.019878393115747836,0.1389023677650831,0.8748060343994253,0.024,False
184.29427355607635,0.019878455513720996,0.13887234194928846,0.8747820116094038,0.024,False
184.3385112703811,0.019878517989742803,0.13884227857694129,0.8747579496843619,0.024,False
184.38274898468592,0.019878580543709633,0.13881217769790516,0.8747338486249875,0.024,False
184.42698669899073,0.019878643175517637,0.1387820393621633,0.8747097084320397,0.024,False
184.47122441329552,0.019878705885062686,0.13875186361981692,0.8746855291063479,0.024,False
184.5154621276003,0.019878768672240386,0.13872165052108537,0.8746613106488124,0.024,False
184.55969984190511,0.019878831536946175,0.13869140011630388,0.8746370530604018,0.024,False
184.6039375562099,0.019878894479075194,0.13866111245592352,0.8746127563421545,0.024,False
184.6481752705147,0.01987895749852235,0.13863078759051103,0.8745884204951783,0.024,False
184.69241298481953,0.01987902059518224,0.13860042557074773,0.8745640455206497,0.024,False
184.7366506991243,0.019879083768949434,0.1385700264474277,0.8745396314198125,0.024,False
184.7808884134291,0.019879147019718088,0.1385395902714576,0.8745151781939787,0.024,False
184.8251261277339,0.019879210347382194,0.1385091170938571,0.8744906858445285,0.024,False
184.8693638420387,0.019879273751835454,0.13847860696575578,0.8744661543729085,0.024,False
184.9136015563435,0.019879337232971455,0.13844805993839407,0.8744415837806323,0.024,False
184.9578392706483,0.019879400790683413,0.13841747606312232,0.8744169740692804,0.024,False
185.0020769849531,0.019879464424864428,0.1383868553913995,0.874392325240499,0.024,False
185.0463146992579,0.019879528135407352,0.13835619797479184,0.874367637296,0.024,False
185.09055241356268,0.019879591922204776,0.13832550386497397,0.8743429102375609,0.024,False
185.13479012786752,0.019879655785149147,0.13829477311372607,0.8743181440670243,0.024,False
185.17902784217227,0.019879719724132407,0.13826400577293455,0.8742933387862984,0.024,False
185.22326555647706,0.019879783739046718,0.1382332018945893,0.8742684943973532,0.024,False
185.2675032707819,0.019879847829783855,0.1382023615307867,0.8742436109022249,0.024,False
185.31174098508666,0.019879911996235303,0.1381714847337243,0.8742186883030123,0.024,False
185.3559786993915,0.019879976238292366,0.1381405715557035,0.8741937266018784,0.024,False
185.40021641369628,0.019880040555846128,0.13810962204912633,0.8741687258010484,0.024,False
185.44445412800107,0.019880104948787454,0.13807863626649652,0.8741436859028106,0.024,False
185.48869184230588,0.01988016941700709,0.1380476142604182,0.8741186069095147,0.024,False
185.53292955661067,0.01988023396039544,0.13801655608359434,0.8740934888235737,0.024,False
185.5771672709155,0.019880298578842815,0.13798546178882679,0.8740683316474606,0.024,False
185.62140498522027,0.01988036327223926,0.1379543314290154,0.8740431353837108,0.024,False
185.6656426995251,0.01988042804047468,0.13792316505715727,0.87401790003492,0.024,False
185.7098804138299,0.019880492883438662,0.13789196272634535,0.8739926256037445,0.024,False
185.75411812813465,0.01988055780102077,0.13786072448976877,0.8739673120929005,0.024,False
185.7983558424395,0.019880622793110224,0.13782945040071082,0.8739419595051641,0.024,False
185.84259355674428,0.019880687859596114,0.13779814051254946,0.8739165678433712,0.024,False
185.88683127104906,0.0198807530003673,0.1377667948787553,0.8738911371104167,0.024,False
185.93106898535387,0.01988081821531251,0.13773541355289184,0.8738656673092534,0.024,False
185.97530669965866,0.019880883504320167,0.13770399658861412,0.8738401584428939,0.024,False
186.0195444139635,0.019880948867278658,0.1376725440396687,0.8738146105144078,0.024,False
186.06378212826826,0.019881014304076055,0.13764105595989187,0.873789023526923,0.024,False
186.10801984257307,0.019881079814600335,0.1376095324032099,0.8737633974836245,0.024,False
186.15225755687788,0.01988114539873928,0.13757797342363667,0.873737732387754,0.024,False
186.19649527118264,0.01988121105638018,0.13754637907527564,0.8737120282426121,0.024,False
186.24073298548745,0.019881276787410675,0.1375147494123163,0.8736862850515527,0.024,False
186.28497069979227,0.01988134259171794,0.13748308448903462,0.8736605028179862,0.024,False
186.32920841409705,0.019881408469189052,0.1374513843597932,0.8736346815453802,0.024,False
186.37344612840187,0.01988147441971078,0.1374196490790385,0.8736088212372567,0.024,False
186.41768384270665,0.019881540443169844,0.13738787870130198,0.8735829218971927,0.024,False
186.46192155701144,0.01988160653945273,0.13735607328119812,0.8735569835288197,0.024,False
186.50615927131625,0.019881672708445725,0.13732423287342477,0.8735310061358245,0.024,False
186.55039698562106,0.01988173895003505,0.13729235753276042,0.873504989721946,0.024,False
186.59463469992582,0.019881805264106683,0.13726044731406614,0.8734789342909783,0.024,False
186.63887241423063,0.01988187165054647,0.13722850227228311,0.873452839846768,0.024,False
186.68311012853545,0.019881938109239966,0.13719652246243205,0.8734267063932155,0.024,False
186.72734784284026,0.0198820046400728,0.13716450793961302,0.8734005339342723,0.024,False
186.77158555714504,0.019882071242930233,0.13713245875900365,0.8733743224739433,0.024,False
186.81582327144983,0.01988213791769742,0.13710037497585992,0.8733480720162852,0.024,False
186.86006098575464,0.01988220466425944,0.1370682566455145,0.8733217825654056,0.024,False
186.90429870005943,0.01988227148250109,0.13703610382337528,0.8732954541254638,0.024,False
186.9485364143642,0.019882338372307115,0.13700391656492658,0.8732690867006703,0.024,False
186.99277412866905,0.019882405333562038,0.1369716949257265,0.8732426802952852,0.024,False
187.0370118429738,0.01988247236615026,0.136939438961408,0.87321623491362,0.024,False
187.08124955727865,0.01988253946995602,0.13690714872767631,0.8731897505600354,0.024,False
187.12548727158344,0.019882606644863292,0.1368748242803098,0.8731632272389428,0.024,False
187.1697249858882,0.019882673890756025,0.1368424656751577,0.8731366649548015,0.024,False
187.21396270019304,0.019882741207518147,0.13681007296814074,0.8731100637121189,0.024,False
187.25820041449782,0.019882808595033243,0.13677764621525026,0.8730834235154531,0.024,False
187.30243812880263,0.019882876053184808,0.1367451854725459,0.8730567443694087,0.024,False
187.34667584310742,0.01988294358185617,0.1367126907961581,0.87303002627864,0.024,False
187.3909135574122,0.019883011180930575,0.13668016224228324,0.8730032692478467,0.024,False
187.43515127171705,0.019883078850291058,0.13664759986718691,0.8729764732817775,0.024,False
187.4793889860218,0.019883146589820568,0.13661500372720073,0.8729496383852275,0.024,False
187.52362670032664,0.019883214399401952,0.13658237387872177,0.8729227645630375,0.024,False
187.56786441463143,0.01988328227891778,0.13654971037821326,0.8728958518200962,0.024,False
187.6121021289362,0.019883350228250635,0.13651701328220212,0.8728689001613364,0.024,False
187.65633984324103,0.01988341824728296,0.13648428264727994,0.8728419095917376,0.024,False
187.7005775575458,0.01988348633589697,0.13645151853010118,0.8728148801163245,0.024,False
187.74481527185063,0.0198835544939748,0.13641872098738259,0.8727878117401664,0.024,False
187.7890529861554,0.019883622721398438,0.13638589007590252,0.8727607044683775,0.024,False
187.8332907004602,0.019883691018049786,0.13635302585250111,0.8727335583061162,0.024,False
187.877528414765,0.019883759383810613,0.13632012837407811,0.8727063732585847,0.024,False
187.9217661290698,0.01988382781856252,0.13628719769759334,0.8726791493310292,0.024,False
187.9660038433746,0.019883896322187077,0.1362542338800655,0.8726518865287385,0.024,False
188.0102415576794,0.019883964894565575,0.13622123697857116,0.8726245848570452,0.024,False
188.05447927198418,0.019884033535579163,0.1361882070502452,0.872597244321325,0.024,False
188.09871698628902,0.01988410224510923,0.13615514415227856,0.8725698649269937,0.024,False
188.1429547005938,0.019884171023036752,0.13612204834191963,0.8725424466795115,0.024,False
188.1871924148986,0.019884239869242638,0.13608891967647063,0.8725149895843786,0.024,False
188.2314301292034,0.01988430878360764,0.1360557582132903,0.8724874936471382,0.024,False
188.2756678435082,0.01988437776601248,0.13602256400979026,0.8724599588733732,0.024,False
188.31990555781297,0.019884446816337713,0.13598933712343642,0.8724323852687083,0.024,False
188.3641432721178,0.019884515934463817,0.1359560776117476,0.872404772838808,0.024,False
188.4083809864226,0.01988458512027119,0.13592278553229342,0.8723771215893765,0.024,False
188.45261870072738,0.01988465437364005,0.13588946094269655,0.8723494315261587,0.024,False
188.4968564150322,0.019884723694450494,0.13585610390062933,0.8723217026549389,0.024,False
188.54109412933698,0.019884793082582657,0.13582271446381544,0.8722939349815401,0.024,False
188.58533184364177,0.019884862537916433,0.13578929269002643,0.8722661285118238,0.024,False
188.62956955794658,0.01988493206033169,0.1357558386370841,0.8722382832516914,0.024,False
188.67380727225137,0.01988500164970813,0.13572235236285696,0.8722103992070809,0.024,False
188.71804498655618,0.01988507130592543,0.1356888339252621,0.8721824763839693,0.024,False
188.76228270086096,0.019885141028863094,0.13565528338226293,0.872154514788371,0.024,False
188.80652041516578,0.019885210818400622,0.13562170079186883,0.8721265144263374,0.024,False
188.8507581294706,0.019885280674417347,0.1355880862121351,0.872098475303957,0.024,False
188.89499584377535,0.01988535059679254,0.1355544397011611,0.8720703974273547,0.024,False
188.9392335580802,0.019885420585405274,0.13552076131709084,0.8720422808026926,0.024,False
188.98347127238497,0.01988549064013464,0.13548705111811243,0.8720141254361687,0.024,False
189.02770898668973,0.019885560760859716,0.13545330916245565,0.8719859313340156,0.024,False
189.07194670099457,0.019885630947459394,0.13541953550839336,0.871957698502502,0.024,False
189.11618441529936,0.01988570119981246,0.13538573021423933,0.8719294269479322,0.024,False
189.16042212960417,0.019885771517797662,0.13535189333834866,0.8719011166766444,0.024,False
189.20465984390896,0.01988584190129364,0.13531802493911663,0.8718727676950122,0.024,False
189.24889755821374,0.019885912350178944,0.13528412507497842,0.8718443800094432,0.024,False
189.29313527251855,0.019885982864332078,0.13525019380440748,0.8718159536263783,0.024,False
189.33737298682334,0.019886053443631452,0.13521623118591622,0.8717874885522926,0.024,False
189.38161070112818,0.01988612408795537,0.1351822372780544,0.8717589847936943,0.024,False
189.42584841543294,0.019886194797182052,0.13514821213940914,0.8717304423571247,0.024,False
189.47008612973772,0.019886265571189707,0.13511415582860406,0.8717018612491582,0.024,False
189.51432384404256,0.019886336409856462,0.13508006840429831,0.8716732414764001,0.024,False
189.55856155834735,0.019886407313060264,0.13504594992518634,0.8716445830454899,0.024,False
189.60279927265216,0.0198864782806791,0.13501180044999714,0.8716158859630971,0.024,False
189.64703698695695,0.019886549312590877,0.13497762003749342,0.8715871502359235,0.024,False
189.69127470126173,0.0198866204086734,0.13494340874647176,0.8715583758707021,0.024,False
189.73551241556655,0.019886691568804432,0.1349091666357611,0.8715295628741965,0.024,False
189.77975012987133,0.019886762792861626,0.13487489376422276,0.8715007112532016,0.024,False
189.82398784417617,0.019886834080722598,0.1348405901907489,0.871471821014542,0.024,False
189.86822555848093,0.019886905432264727,0.1348062559742637,0.8714428921650738,0.024,False
189.91246327278574,0.019886976847365713,0.13477189117371988,0.8714139247116797,0.024,False
189.95670098709056,0.01988704832590293,0.13473749584810082,0.871384918661274,0.024,False
190.0009387013953,0.019887119867753735,0.13470307005641896,0.8713558740208,0.024,False
190.04517641570013,0.01988719147279545,0.1346686138577148,0.8713267907972293,0.024,False
190.08941413000494,0.01988726314090533,0.1346341273110567,0.8712976689975623,0.024,False
190.13365184430972,0.019887334871960524,0.13459961047554084,0.8712685086288285,0.024,False
190.17788955861454,0.019887406665838166,0.13456506341028937,0.8712393096980843,0.024,False
190.22212727291932,0.01988747852241537,0.1345304861744506,0.871210072212414,0.024,False
190.26636498722414,0.019887550441569153,0.1344958788271982,0.8711807961789296,0.024,False
190.31060270152892,0.019887622423176494,0.1344612414277308,0.87115148160477,0.024,False
190.35484041583373,0.0198876944671143,0.13442657403527142,0.8711221284971011,0.024,False
190.39907813013852,0.01988776657325949,0.1343918767090659,0.8710927368631148,0.024,False
190.4433158444433,0.019887838741488827,0.13435714950838398,0.8710633067100303,0.024,False
190.48755355874812,0.01988791097167915,0.13432239249251793,0.871033838045092,0.024,False
190.53179127305293,0.019887983263707148,0.13428760572078097,0.87100433087557,0.024,False
190.57602898735772,0.019888055617449572,0.13425278925250858,0.8709747852087598,0.024,False
190.6202667016625,0.01988812803278305,0.13421794314705668,0.8709452010519827,0.024,False
190.66450441596731,0.01988820050958427,0.1341830674638009,0.8709155784125836,0.024,False
190.7087421302721,0.01988827304772966,0.134148162262137,0.8708859172979333,0.024,False
190.75297984457688,0.01988834564709565,0.1341132276014797,0.8708562177154275,0.024,False
190.79721755888173,0.01988841830755894,0.13407826354126107,0.8708264796724827,0.024,False
190.84145527318648,0.01988849102899592,0.13404327014093298,0.8707967031765423,0.024,False
190.8856929874913,0.019888563811283035,0.1340082474599625,0.8707668882350711,0.024,False
190.9299307017961,0.01988863665429664,0.13397319555783516,0.870737034855559,0.024,False
190.9741684161009,0.019888709557913067,0.1339381144940515,0.870707143045517,0.024,False
191.0184061304057,0.019888782522008625,0.13390300432812818,0.8706772128124803,0.024,False
191.0626438447105,0.019888855546459642,0.13386786511959625,0.8706472441640049,0.024,False
191.10688155901528,0.01988892863114237,0.13383269692800231,0.8706172371076699,0.024,False
191.1511192733201,0.019889001775933016,0.13379749981290606,0.8705871916510762,0.024,False
191.19535698762488,0.019889074980707716,0.1337622738338805,0.8705571078018459,0.024,False
191.23959470192972,0.019889148245342728,0.13372701905051196,0.8705269855676223,0.024,False
191.28383241623447,0.019889221569714215,0.1336917355223992,0.8704968249560704,0.024,False
191.32807013053932,0.019889294953698237,0.13365642330915128,0.8704666259748745,0.024,False
191.3723078448441,0.019889368397170922,0.13362108247038995,0.8704363886317407,0.024,False
191.41654555914886,0.01988944190000833,0.1335857130657474,0.8704061129343953,0.024,False
191.4607832734537,0.019889515462086522,0.13355031515486515,0.8703757988905836,0.024,False
191.50502098775848,0.019889589083281537,0.13351488879739434,0.870345446508071,0.024,False
191.54925870206333,0.019889662763469436,0.13347943405299584,0.8703150557946421,0.024,False
191.59349641636808,0.019889736502525956,0.13344395098133874,0.8702846267581026,0.024,False
191.63773413067287,0.019889810300327385,0.1334084396420998,0.8702541594062736,0.024,False
191.6819718449777,0.019889884156749613,0.13337290009496333,0.870223653746997,0.024,False
191.72620955928247,0.019889958071668594,0.13333733239962026,0.870193109788132,0.024,False
191.77044727358728,0.019890032044960253,0.13330173661576822,0.8701625275375571,0.024,False
191.8146849878921,0.019890106076500515,0.13326611280311046,0.8701319070031677,0.024,False
191.85892270219685,0.019890180166165294,0.13323046102135622,0.8701012481928777,0.024,False
191.9031604165017,0.01989025431383051,0.13319478133021845,0.8700705511146168,0.024,False
191.94739813080648,0.019890328519372037,0.13315907378941425,0.8700398157763327,0.024,False
191.99163584511126,0.019890402782665816,0.13312333845866597,0.8700090421859898,0.024,False
192.03587355941607,0.019890477103587614,0.1330875753976977,0.8699782303515695,0.024,False
192.08011127372086,0.01989055148201341,0.13305178466623702,0.8699473802810684,0.024,False
192.12434898802564,0.019890625917819052,0.13301596632401347,0.8699164919824999,0.024,False
192.16858670233046,0.01989070041088043,0.13298012043075824,0.8698855654638924,0.024,False
192.21282441663527,0.019890774961073384,0.132944247046204,0.8698546007332909,0.024,False
192.25706213094008,0.019890849568273795,0.13290834623008413,0.8698235977987552,0.024,False
192.30129984524484,0.019890924232357488,0.13287241804213168,0.8697925566683599,0.024,False
192.34553755954965,0.019890998953200394,0.1328364625420797,0.869761477350194,0.024,False
192.38977527385447,0.019891073730678343,0.13280047978965984,0.8697303598523616,0.024,False
192.43401298815925,0.019891148564667248,0.1327644698446043,0.8696992041829811,0.024,False
192.47825070246404,0.019891223455042746,0.13272843276664167,0.869668010350186,0.024,False
192.52248841676885,0.01989129840168096,0.13269236861549835,0.8696367783621204,0.024,False
192.56672613107364,0.01989137340445773,0.13265627745089875,0.8696055082269444,0.024,False
192.61096384537845,0.019891448463248997,0.13262015933256377,0.8695741999528306,0.024,False
192.65520155968326,0.0198915235779306,0.13258401432021033,0.8695428535479648,0.024,False
192.69943927398802,0.019891598748378425,0.13254784247355145,0.8695114690205462,0.024,False
192.74367698829286,0.01989167397446845,0.1325116438522951,0.8694800463787852,0.024,False
192.78791470259765,0.019891749256076546,0.1324754185161439,0.8694485856309052,0.024,False
192.8321524169024,0.019891824593078703,0.1324391665247954,0.8694170867851417,0.024,False
192.87639013120724,0.01989189998535089,0.13240288793794094,0.8693855498497423,0.024,False
192.92062784551203,0.01989197543276891,0.1323665828152643,0.8693539748329657,0.024,False
192.96486555981687,0.019892050935208933,0.13233025121644315,0.8693223617430815,0.024,False
193.00910327412163,0.019892126492546874,0.1322938932011474,0.8692907105883715,0.024,False
193.0533409884264,0.019892202104658745,0.132257508829039,0.8692590213771278,0.024,False
193.09757870273125,0.019892277771420643,0.13222109815977057,0.8692272941176524,0.024,False
193.141816417036,0.01989235349270853,0.1321846612529872,0.8691955288182591,0.024,False
193.18605413134085,0.019892429268398522,0.1321481981683231,0.8691637254872707,0.024,False
193.23029184564564,0.01989250509836672,0.13211170896540367,0.8691318841330201,0.024,False
193.2745295599504,0.01989258098248924,0.13207519370384338,0.8691000047638501,0.024,False
193.31876727425524,0.019892656920642245,0.1320386524432463,0.8690680873881129,0.024,False
193.36300498856002,0.01989273291270159,0.13200208524320484,0.8690361320141712,0.024,False
193.40724270286483,0.019892808958543794,0.13196549216330022,0.869004138650394,0.024,False
193.45148041716962,0.019892885058045005,0.13192887326310127,0.8689721073051605,0.024,False
193.4957181314744,0.019892961211081393,0.131892228602164,0.8689400379868587,0.024,False
193.53995584577922,0.01989303741752928,0.1318555582400321,0.8689079307038842,0.024,False
193.584193560084,0.019893113677264932,0.13181886223623465,0.8688757854646411,0.024,False
193.62843127438884,0.019893189990164633,0.13178214065028787,0.8688436022775412,0.024,False
193.67266898869363,0.019893266356104767,0.13174539354169337,0.868811381151004,0.024,False
193.7169067029984,0.019893342774961718,0.13170862096993755,0.8687791220934561,0.024,False
193.76114441730323,0.019893419246611848,0.13167182299449182,0.8687468251133316,0.024,False
193.805382131608,0.019893495770931618,0.13163499967481213,0.8687144902190712,0.024,False
193.8496198459128,0.019893572347797536,0.13159815107033834,0.8686821174191225,0.024,False
193.8938575602176,0.01989364897708611,0.13156127724049377,0.8686497067219395,0.024,False
193.9380952745224,0.019893725658673863,0.13152437824468446,0.8686172581359828,0.024,False
193.98233298882718,0.019893802392437373,0.1314874541422992,0.8685847716697181,0.024,False
194.026570703132,0.019893879178253266,0.13145050499270916,0.8685522473316178,0.024,False
194.0708084174368,0.019893956015998217,0.13141353085526744,0.8685196851301598,0.024,False
194.1150461317416,0.0198940329055489,0.13137653178930836,0.8684870850738271,0.024,False
194.1592838460464,0.019894109846782068,0.13133950785414722,0.8684544471711078,0.024,False
194.2035215603512,0.01989418683957448,0.13130245910907976,0.8684217714304955,0.024,False
194.24775927465598,0.019894263883802728,0.131265385613382,0.8683890578604891,0.024,False
194.2919969889608,0.019894340979343957,0.13122828742630985,0.8683563064695898,0.024,False
194.33623470326557,0.01989441812607503,0.13119116460709826,0.8683235172663044,0.024,False
194.38047241757042,0.019894495323872826,0.1311540172149609,0.868290690259144,0.024,False
194.42471013187517,0.019894572572614372,0.13111684530909,0.8682578254566228,0.024,False
194.46894784618,0.01989464987217671,0.13107964894865684,0.8682249228672598,0.024,False
194.5131855604848,0.019894727222436886,0.13104242819280917,0.8681919824995766,0.024,False
194.55742327478956,0.019894804623272054,0.13100518310067247,0.8681590043620978,0.024,False
194.6016609890944,0.019894882074559403,0.1309679137313497,0.8681259884633521,0.024,False
194.64589870339918,0.019894959576176117,0.1309306201439196,0.8680929348118702,0.024,False
194.69013641770394,0.01989503712799945,0.13089330239743713,0.8680598434161858,0.024,False
194.73437413200878,0.019895114729906797,0.13085596055093351,0.8680267142848342,0.024,False
194.77861184631357,0.019895192381775537,0.13081859466341472,0.8679935474263537,0.024,False
194.82284956061838,0.01989527008348303,0.13078120479386213,0.8679603428492847,0.024,False
194.86708727492316,0.019895347834906804,0.1307437910012313,0.8679271005621684,0.024,False
194.91132498922795,0.01989542563592437,0.1307063533444525,0.8678938205735491,0.024,False
194.95556270353276,0.019895503486413373,0.13066889188242936,0.8678605028919708,0.024,False
194.99980041783755,0.019895581386251398,0.13063140667403933,0.8678271475259799,0.024,False
195.0440381321424,0.019895659335316177,0.13059389777813246,0.8677937544841231,0.024,False
195.08827584644717,0.01989573733348538,0.13055636525353173,0.8677603237749485,0.024,False
195.13251356075193,0.019895815380636787,0.13051880915903308,0.8677268554070051,0.024,False
195.17675127505677,0.019895893476648455,0.13048122955340352,0.8676933493888405,0.024,False
195.22098898936156,0.019895971621398213,0.1304436264953814,0.867659805729003,0.024,False
195.26522670366637,0.019896049814764064,0.1304060000436771,0.8676262244360424,0.024,False
195.30946441797116,0.0198961280566241,0.13036835025697185,0.8675926055185066,0.024,False
195.35370213227594,0.019896206346856408,0.1303306771939168,0.8675589489849441,0.024,False
195.39793984658075,0.01989628468533913,0.1302929809131339,0.8675252548439026,0.024,False
195.44217756088554,0.019896363071950543,0.13025526147321392,0.8674915231039285,0.024,False
195.48641527519038,0.019896441506568937,0.13021751893271802,0.8674577537735674,0.024,False
195.53065298949514,0.019896519989072672,0.13017975335017576,0.8674239468613638,0.024,False
195.57489070379995,0.01989659851934016,0.13014196478408596,0.8673901023758614,0.024,False
195.61912841810476,0.01989667709724989,0.13010415329291525,0.8673562203256013,0.024,False
195.66336613240952,0.019896755722680504,0.13006631893509876,0.8673223007191232,0.024,False
195.70760384671433,0.019896834395510578,0.13002846176903887,0.8672883435649649,0.024,False
195.75184156101915,0.019896913115618788,0.1299905818531054,0.867254348871662,0.024,False
195.79607927532396,0.019896991882883953,0.12995267924563592,0.867220316647748,0.024,False
195.84031698962875,0.01989707069718488,0.12991475400493316,0.8671862469017536,0.024,False
195.88455470393353,0.019897149558400513,0.12987680618926703,0.8671521396422063,0.024,False
195.92879241823834,0.01989722846640983,0.12983883585687336,0.8671179948776315,0.024,False
195.97303013254313,0.01989730742109179,0.12980084306595388,0.8670838126165519,0.024,False
196.01726784684794,0.019897386422325438,0.1297628278746749,0.8670495928674863,0.024,False
196.06150556115273,0.019897465469990168,0.12972479034116813,0.8670153356389493,0.024,False
196.1057432754575,0.019897544563965173,0.12968673052352972,0.8669810409394524,0.024,False
196.14998098976233,0.019897623704129834,0.12964864847982052,0.8669467087775037,0.024,False
196.19421870406714,0.01989770289036353,0.12961054426806468,0.866912339161607,0.024,False
196.23845641837192,0.019897782122545712,0.12957241794625057,0.866877932100262,0.024,False
196.2826941326767,0.019897861400556018,0.12953426957232972,0.8668434876019638,0.024,False
196.32693184698152,0.019897940724274074,0.1294960992042166,0.8668090056752032,0.024,False
196.3711695612863,0.019898020093579567,0.12945790689978862,0.8667744863284662,0.024,False
196.4154072755911,0.01989809950835235,0.1294196927168852,0.8667399295702337,0.024,False
196.45964498989593,0.019898178968472215,0.12938145671330778,0.8667053354089821,0.024,False
196.50388270420072,0.019898258473819184,0.12934319894682034,0.866670703853182,0.024,False
196.5481204185055,0.019898338024273356,0.12930491947514747,0.8666360349112981,0.024,False
196.59235813281032,0.019898417619714722,0.12926661835597517,0.8666013285917911,0.024,False
196.6365958471151,0.019898497260023552,0.12922829564695032,0.8665665849031143,0.024,False
196.68083356141992,0.019898576945080165,0.12918995140568026,0.8665318038537158,0.024,False
196.7250712757247,0.019898656674764842,0.12915158568973212,0.866496985452037,0.024,False
196.7693089900295,0.019898736448958083,0.12911319855663367,0.8664621297065139,0.024,False
196.8135467043343,0.01989881626754044,0.129074790063872,0.8664272366255753,0.024,False
196.85778441863908,0.019898896130392585,0.12903636026889326,0.8663923062176432,0.024,False
196.90202213294393,0.019898976037394864,0.12899790922910284,0.866357338491135,0.024,False
196.94625984724868,0.01989905598842842,0.12895943700186524,0.8663223334544577,0.024,False
196.99049756155352,0.019899135983374085,0.12892094364450257,0.8662872911160127,0.024,False
197.0347352758583,0.019899216022112816,0.1288824292142957,0.8662522114841942,0.024,False
197.07897299016307,0.019899296104525607,0.12884389376848324,0.8662170945673894,0.024,False
197.1232107044679,0.019899376230493628,0.1288053373642609,0.8661819403739764,0.024,False
197.1674484187727,0.01989945639989811,0.12876676005878238,0.8661467489123269,0.024,False
197.21168613307754,0.019899536612620325,0.128728161909158,0.8661115201908045,0.024,False
197.2559238473823,0.019899616868541713,0.12868954297245505,0.8660762542177638,0.024,False
197.30016156168708,0.019899697167543775,0.12865090330569684,0.8660409510015515,0.024,False
197.34439927599192,0.019899777509508047,0.12861224296586266,0.866005610550506,0.024,False
197.38863699029667,0.01989985789431626,0.12857356200988843,0.8659702328729568,0.024,False
197.4328747046015,0.019899938321850184,0.1285348604946652,0.8659348179772245,0.024,False
197.4771124189063,0.019900018791991683,0.1284961384770397,0.8658993658716215,0.024,False
197.52135013321106,0.019900099304622682,0.12845739601381315,0.8658638765644503,0.024,False
197.5655878475159,0.01990017985962524,0.128418633161742,0.8658283500640046,0.024,False
197.60982556182068,0.01990026045688155,0.12837984997753724,0.865792786378568,0.024,False
197.65406327612547,0.019900341096273814,0.12834104651786382,0.8657571855164156,0.024,False
197.69830099043028,0.019900421777684366,0.12830222283934126,0.865721547485812,0.024,False
197.74253870473507,0.01990050250099569,0.12826337899854198,0.8656858722950114,0.024,False
197.78677641903985,0.01990058326609029,0.12822451505199214,0.865650159952259,0.024,False
197.83101413334467,0.019900664072850602,0.12818563105617148,0.8656144104657902,0.024,False
197.87525184764948,0.01990074492115959,0.12814672706751273,0.8655786238438284,0.024,False
197.9194895619543,0.0199008258109,0.12810780314240078,0.8655428000945874,0.024,False
197.96372727625905,0.019900906741954803,0.1280688593371736,0.8655069392262702,0.024,False
198.00796499056386,0.019900987714206984,0.12802989570812073,0.865471041247069,0.024,False
198.05220270486868,0.019901068727539616,0.12799091231148352,0.8654351061651648,0.024,False
198.09644041917346,0.019901149781836,0.12795190920345553,0.8653991339887275,0.024,False
198.14067813347825,0.01990123087697938,0.12791288644018228,0.8653631247259169,0.024,False
198.18491584778306,0.01990131201285326,0.12787384407775965,0.8653270783848799,0.024,False
198.22915356208784,0.01990139318934113,0.12783478217223432,0.8652909949737518,0.024,False
198.27339127639266,0.019901474406326607,0.12779570077960467,0.865254874500658,0.024,False
198.31762899069747,0.019901555663693386,0.12775659995581848,0.8652187169737101,0.024,False
198.36186670500223,0.019901636961325384,0.12771747975677428,0.865182522401008,0.024,False
198.40610441930707,0.01990171829910649,0.1276783402383206,0.8651462907906403,0.024,False
198.45034213361185,0.019901799676920726,0.12763918145625586,0.8651100221506827,0.024,False
198.4945798479166,0.019901881094652303,0.12760000346632783,0.8650737164891986,0.024,False
198.53881756222145,0.019901962552185414,0.12756080632423367,0.8650373738142391,0.024,False
198.58305527652624,0.019902044049404488,0.12752159008561928,0.8650009941338415,0.024,False
198.62729299083108,0.01990212558619392,0.12748235480608,0.8649645774560317,0.024,False
198.67153070513584,0.019902207162438335,0.12744310054115915,0.8649281237888213,0.024,False
198.71576841944062,0.01990228877802242,0.12740382734634872,0.8648916331402097,0.024,False
198.76000613374546,0.01990237043283074,0.12736453527708935,0.8648551055181837,0.024,False
198.80424384805022,0.0199024521267484,0.12732522438876848,0.8648185409307141,0.024,False
198.84848156235506,0.01990253385966041,0.12728589473672233,0.8647819393857601,0.024,False
198.89271927665985,0.019902615631451848,0.12724654637623456,0.8647453008912669,0.024,False
198.9369569909646,0.019902697442007955,0.12720717936253495,0.8647086254551649,0.024,False
198.98119470526944,0.01990277929121404,0.12716779375080234,0.8646719130853727,0.024,False
199.02543241957423,0.01990286117895556,0.1271283895961606,0.8646351637897923,0.024,False
199.06967013387904,0.01990294310511805,0.1270889669536812,0.8645983775763132,0.024,False
199.11390784818383,0.01990302506958719,0.12704952587838175,0.8645615544528098,0.024,False
199.1581455624886,0.019903107072248752,0.12701006642522628,0.864524694427142,0.024,False
199.20238327679346,0.01990318911298859,0.12697058864912408,0.8644877975071547,0.024,False
199.2466209910982,0.019903271191692728,0.12693109260493143,0.8644508637006788,0.024,False
199.29085870540305,0.0199033533082473,0.12689157834744938,0.8644138930155296,0.024,False
199.33509641970784,0.019903435462538525,0.12685204593142477,0.864376885459508,0.024,False
199.3793341340126,0.019903517654452776,0.12681249541155007,0.8643398410403994,0.024,False
199.42357184831744,0.019903599883876452,0.12677292684246141,0.8643027597659737,0.024,False
199.46780956262222,0.019903682150696156,0.12673334027874078,0.8642656416439853,0.024,False
199.512047276927,0.019903764454798547,0.12669373577491463,0.8642284866821737,0.024,False
199.55628499123182,0.019903846796070435,0.126654113385454,0.8641912948882624,0.024,False
199.6005227055366,0.01990392917439878,0.1266144731647737,0.8641540662699585,0.024,False
199.64476041984142,0.019904011589670607,0.12657481516723257,0.8641168008349535,0.024,False
199.6889981341462,0.019904094041772877,0.12653513944713374,0.8640794985909245,0.024,False
199.73323584845102,0.019904176530593027,0.12649544605872323,0.864042159545529,0.024,False
199.7774735627558,0.019904259056018458,0.1264557350561914,0.8640047837064107,0.024,False
199.82171127706061,0.01990434161793665,0.1264160064936715,0.8639673710811958,0.024,False
199.8659489913654,0.019904424216235277,0.1263762604252399,0.8639299216774943,0.024,False
199.91018670567018,0.019904506850801966,0.1263364969049155,0.8638924355029,0.024,False
199.954424419975,0.019904589521524647,0.1262967159866605,0.8638549125649888,0.024,False
199.9986621342798,0.0199046722282913,0.1262569177243794,0.8638173528713206,0.024,False
200.04289984858463,0.019904754970989997,0.1262171021719195,0.8637797564294379,0.024,False
200.08713756288938,0.019904837749508984,0.12617726938306942,0.863742123246866,0.024,False
200.1313752771942,0.019904920563736547,0.1261374194115605,0.8637044533311131,0.024,False
200.175612991499,0.019905003413561204,0.12609755231106598,0.8636667466896698,0.024,False
200.21985070580376,0.01990508629887148,0.1260576681351999,0.8636290033300089,0.024,False
200.2640884201086,0.01990516921955611,0.12601776693751843,0.8635912232595858,0.024,False
200.3083261344134,0.019905252175503898,0.1259778487715194,0.8635534064858383,0.024,False
200.35256384871818,0.01990533516660378,0.1259379136906417,0.8635155530161869,0.024,False
200.396801563023,0.019905418192744884,0.12589796174826406,0.863477662858032,0.024,False
200.44103927732777,0.01990550125381635,0.12585799299770728,0.8634397360187578,0.024,False
200.4852769916326,0.019905584349707517,0.1258180074922327,0.8634017725057299,0.024,False
200.52951470593737,0.019905667480307802,0.12577800528504152,0.863363772326295,0.024,False
200.57375242024216,0.0199057506455068,0.12573798642927622,0.8633257354877822,0.024,False
200.617990134547,0.019905833845194218,0.1256979509780186,0.8632876619975008,0.024,False
200.66222784885176,0.019905917079259747,0.1256578989842912,0.8632495518627435,0.024,False
200.7064655631566,0.019906000347593312,0.12561783050105546,0.8632114050907824,0.024,False
200.75070327746138,0.019906083650085133,0.1255777455812135,0.8631732216888703,0.024,False
200.79494099176614,0.019906166986625343,0.12553764427760677,0.8631350016642426,0.024,False
200.83917870607098,0.019906250357104256,0.12549752664301583,0.8630967450241144,0.024,False
200.88341642037577,0.01990633376141229,0.12545739273016043,0.8630584517756819,0.024,False
200.92765413468058,0.019906417199440033,0.12541724259169976,0.8630201219261222,0.024,False
200.97189184898536,0.01990650067107817,0.1253770762802322,0.862981755482593,0.024,False
201.01612956329015,0.019906584176217483,0.1253368938482942,0.862943352452232,0.024,False
201.06036727759496,0.019906667714748975,0.1252966953483618,0.8629049128421579,0.024,False
201.10460499189975,0.01990675128656369,0.12525648083284835,0.8628664366594684,0.024,False
201.1488427062046,0.01990683489155286,0.1252162503541067,0.8628279239112424,0.024,False
201.19308042050935,0.019906918529607742,0.12517600396442774,0.8627893746045394,0.024,False
201.23731813481413,0.019907002200619875,0.12513574171603986,0.8627507887463971,0.024,False
201.28155584911897,0.0199070859044808,0.12509546366110966,0.8627121663438337,0.024,False
201.32579356342373,0.019907169641082283,0.12505516985174167,0.8626735074038472,0.024,False
201.37003127772857,0.019907253410316125,0.12501486033997825,0.8626348119334156,0.024,False
201.41426899203336,0.01990733721207431,0.12497453517779929,0.8625960799394962,0.024,False
201.45850670633817,0.01990742104624898,0.1249341944171219,0.8625573114290253,0.024,False
201.50274442064295,0.01990750491273236,0.12489383810980019,0.862518506408918,0.024,False
201.54698213494774,0.019907588811416826,0.12485346630762655,0.8624796648860709,0.024,False
201.59121984925255,0.019907672742194862,0.12481307906232908,0.8624407868673569,0.024,False
201.63545756355734,0.019907756704959197,0.12477267642557341,0.862401872359629,0.024,False
201.67969527786215,0.019907840699602167,0.12473225844896194,0.8623629213697217,0.024,False
201.72393299216697,0.019907924726017132,0.12469182518403374,0.8623239339044433,0.024,False
201.76817070647172,0.01990800878409706,0.12465137668226432,0.8622849099705837,0.024,False
201.81240842077653,0.019908092873735014,0.12461091299506488,0.8622458495749108,0.024,False
201.85664613508135,0.019908176994824292,0.12457043417378451,0.8622067527241721,0.024,False
201.90088384938613,0.019908261147258327,0.12452994026970675,0.8621676194250922,0.024,False
201.94512156369092,0.01990834533093069,0.12448943133405244,0.8621284496843744,0.024,False
201.98935927799573,0.019908429545735025,0.12444890741797744,0.8620892435087004,0.024,False
202.03359699230055,0.01990851379156518,0.12440836857257417,0.8620500009047302,0.024,False
202.07783470660533,0.01990859806831512,0.12436781484887027,0.8620107218791012,0.024,False
202.12207242091014,0.019908682375878912,0.12432724629782901,0.8619714064384294,0.024,False
202.16631013521493,0.0199087667141508,0.12428666297034917,0.8619320545893081,0.024,False
202.2105478495197,0.019908851083025092,0.12424606491726499,0.8618926663383092,0.024,False
202.25478556382453,0.01990893548239636,0.12420545218934599,0.861853241691981,0.024,False
202.2990232781293,0.019909019912159213,0.1241648248372963,0.8618137806568499,0.024,False
202.34326099243413,0.019909104372208396,0.1241241829117553,0.8617742832394201,0.024,False
202.3874987067389,0.019909188862438826,0.12408352646329797,0.8617347494461735,0.024,False
202.4317364210437,0.01990927338274548,0.12404285554243324,0.8616951792835685,0.024,False
202.4759741353485,0.019909357933023595,0.12400217019960527,0.8616555727580412,0.024,False
202.5202118496533,0.019909442513168455,0.12396147048519278,0.8616159298760045,0.024,False
202.56444956395814,0.0199095271230755,0.12392075644950802,0.8615762506438486,0.024,False
202.6086872782629,0.019909611762640306,0.12388002814279893,0.86153653506794,0.024,False
202.65292499256768,0.01990969643175861,0.12383928561524739,0.8614967831546234,0.024,False
202.69716270687252,0.01990978113032602,0.1237985289169686,0.86145699491022,0.024,False
202.74140042117727,0.019909865858238823,0.12375775809801336,0.861417170341026,0.024,False
202.78563813548212,0.01990995061539312,0.12371697320836561,0.8613773094533155,0.024,False
202.8298758497869,0.019910035401685136,0.12367617429794298,0.8613374122533392,0.024,False
202.87411356409174,0.019910120217011225,0.12363536141659782,0.8612974787473243,0.024,False
202.9183512783965,0.01991020506126796,0.12359453461411529,0.8612575089414741,0.024,False
202.96258899270128,0.019910289934352,0.12355369394021466,0.861217502841968,0.024,False
203.00682670700613,0.019910374836160177,0.12351283944454829,0.8611774604549615,0.024,False
203.05106442131088,0.019910459766589415,0.12347197117670262,0.861137381786587,0.024,False
203.09530213561573,0.01991054472553684,0.12343108918619702,0.8610972668429518,0.024,False
203.1395398499205,0.01991062971289966,0.12339019352248456,0.8610571156301405,0.024,False
203.18377756422527,0.01991071472857523,0.12334928423495063,0.8610169281542119,0.024,False
203.2280152785301,0.019910799772461046,0.12330836137291482,0.8609767044212023,0.024,False
203.2722529928349,0.01991088484445477,0.12326742498562901,0.8609364444371224,0.024,False
203.31649070713968,0.019910969944454206,0.12322647512227838,0.8608961482079588,0.024,False
203.3607284214445,0.01991105507235729,0.12318551183198105,0.8608558157396743,0.024,False
203.40496613574928,0.01991114022806206,0.12314453516378758,0.8608154470382063,0.024,False
203.44920385005412,0.019911225411466733,0.1231035451666816,0.8607750421094684,0.024,False
203.49344156435887,0.01991131062246964,0.12306254188957928,0.8607346009593493,0.024,False
203.5376792786637,0.019911395860969284,0.12302152538132878,0.8606941235937119,0.024,False
203.5819169929685,0.01991148112686428,0.1229804956907115,0.8606536100183956,0.024,False
203.62615470727326,0.019911566420053418,0.12293945286644137,0.8606130602392147,0.024,False
203.67039242157807,0.019911651740435573,0.12289839695716351,0.8605724742619577,0.024,False
203.71463013588289,0.019911737087909862,0.12285732801145655,0.8605318520923885,0.024,False
203.75886785018767,0.019911822462375148,0.12281624607783007,0.860491193736247,0.024,False
203.80310556449245,0.019911907863731093,0.12277515120472707,0.8604504991992455,0.024,False
203.84734327879727,0.01991199329187716,0.12273404344052183,0.8604097684870724,0.024,False
203.89158099310205,0.0199120787467129,0.12269292283352058,0.8603690016053903,0.024,False
203.93581870740687,0.019912164228138077,0.12265178943196196,0.860328198559837,0.024,False
203.98005642171168,0.01991224973605258,0.12261064328401584,0.8602873593560245,0.024,False
204.02429413601644,0.019912335270356397,0.1225694844377843,0.8602464839995393,0.024,False
204.06853185032125,0.019912420830949736,0.12252831294130119,0.8602055724959422,0.024,False
204.11276956462606,0.019912506417732925,0.12248712884253171,0.8601646248507678,0.024,False
204.15700727893082,0.01991259203060642,0.122445932189373,0.860123641069526,0.024,False
204.20124499323566,0.01991267766947081,0.12240472302965327,0.8600826211576996,0.024,False
204.24548270754045,0.019912763334226924,0.1223635014111323,0.8600415651207456,0.024,False
204.2897204218453,0.019912849024775563,0.12232226738150137,0.8600004729640958,0.024,False
204.33395813615004,0.019912934741017782,0.12228102098838364,0.8599593446931558,0.024,False
204.37819585045483,0.019913020482854735,0.12223976227933256,0.8599181803133044,0.024,False
204.42243356475967,0.01991310625018777,0.12219849130183401,0.8598769798298952,0.024,False
204.46667127906443,0.01991319204291838,0.12215720810330427,0.8598357432482544,0.024,False
204.51090899336927,0.019913277860948094,0.1221159127310906,0.8597944705736827,0.024,False
204.55514670767406,0.01991336370417873,0.12207460523247173,0.8597531618114539,0.024,False
204.5993844219788,0.0199134495725121,0.12203328565465744,0.8597118169668158,0.024,False
204.64362213628365,0.0199135354658503,0.12199195404478871,0.8596704360449894,0.024,False
204.68785985058844,0.019913621384095487,0.12195061044993633,0.8596290190511685,0.024,False
204.73209756489328,0.01991370732715001,0.12190925491710332,0.8595875659905212,0.024,False
204.77633527919804,0.019913793294916337,0.12186788749322283,0.8595460768681885,0.024,False
204.82057299350282,0.019913879287297098,0.12182650822515886,0.8595045516892841,0.024,False
204.86481070780766,0.019913965304194804,0.12178511715970619,0.8594629904588968,0.024,False
204.90904842211242,0.019914051345512555,0.12174371434359059,0.8594213931820864,0.024,False
204.95328613641726,0.01991413741115346,0.12170229982346821,0.8593797598638857,0.024,False
204.99752385072205,0.01991422350102063,0.12166087364592554,0.8593380905093012,0.024,False
205.0417615650268,0.019914309615017396,0.12161943585748018,0.8592963851233125,0.024,False
205.08599927933165,0.0199143957530472,0.12157798650457974,0.8592546437108719,0.024,False
205.13023699363643,0.019914481915013712,0.12153652563360283,0.8592128662769043,0.024,False
205.17447470794122,0.019914568100820686,0.12149505329085815,0.8591710528263068,0.024,False
205.21871242224603,0.01991465431037201,0.1214535695225849,0.8591292033639504,0.024,False
205.2629501365508,0.019914740543571726,0.12141207437495254,0.8590873178946778,0.024,False
205.30718785085563,0.019914826800324054,0.12137056789406103,0.8590453964233041,0.024,False
205.3514255651604,0.019914913080533326,0.1213290501259407,0.8590034389546177,0.024,False
205.39566327946523,0.019914999384103987,0.12128752111655183,0.8589614454933792,0.024,False
205.43990099377,0.019915085710940705,0.12124598091178522,0.8589194160443208,0.024,False
205.4841387080748,0.019915172060948276,0.12120442955746126,0.8588773506121472,0.024,False
205.5283764223796,0.01991525843403164,0.12116286709933119,0.8588352492015356,0.024,False
205.57261413668442,0.019915344830095827,0.12112129358307662,0.8587931118171364,0.024,False
205.6168518509892,0.019915431249046055,0.12107970905430848,0.8587509384635704,0.024,False
205.66108956529402,0.019915517690787664,0.12103811355856822,0.8587087291454318,0.024,False
205.70532727959883,0.019915604155226186,0.12099650714132722,0.8586664838672863,0.024,False
205.7495649939036,0.019915690642267246,0.12095488984798679,0.8586242026336713,0.024,False
205.7938027082084,0.019915777151816652,0.12091326172387788,0.8585818854490962,0.024,False
205.83804042251322,0.01991586368378034,0.12087162281426234,0.8585395323180428,0.024,False
205.88227813681797,0.019915950238064403,0.1208299731643313,0.8584971432449644,0.024,False
205.92651585112282,0.0199160368145751,0.1207883128192059,0.8584547182342858,0.024,False
205.9707535654276,0.019916123413218786,0.12074664182393702,0.8584122572904035,0.024,False
206.01499127973239,0.019916210033901788,0.12070496022350621,0.858369760417688,0.024,False
206.0592289940372,0.01991629667653098,0.12066326806282368,0.8583272276204773,0.024,False
206.10346670834198,0.019916383341013214,0.12062156538673009,0.8582846589030827,0.024,False
206.14770442264683,0.019916470027255394,0.12057985223999566,0.8582420542697877,0.024,False
206.19194213695158,0.019916556735164636,0.12053812866732103,0.8581994137248471,0.024,False
206.23617985125637,0.019916643464648165,0.12049639471333562,0.8581567372724863,0.024,False
206.2804175655612,0.019916730215613396,0.1204546504225992,0.8581140249169028,0.024,False
206.32465527986596,0.019916816987967875,0.1204128958396011,0.8580712766622647,0.024,False
206.3688929941708,0.019916903781619297,0.12037113100876061,0.8580284925127123,0.024,False
206.4131307084756,0.019916990596475462,0.1203293559744268,0.8579856724723569,0.024,False
206.45736842278035,0.019917077432444384,0.12028757078087753,0.8579428165452798,0.024,False
206.5016061370852,0.01991716428943418,0.12024577547232157,0.8578999247355349,0.024,False
206.54584385138998,0.01991725116735313,0.120203970092896,0.8578569970471459,0.024,False
206.5900815656948,0.019917338066109583,0.12016215468666876,0.8578140334841087,0.024,False
206.63431927999957,0.019917424985612168,0.12012032929763658,0.8577710340503891,0.024,False
206.67855699430436,0.01991751192576962,0.1200784939697264,0.8577279987499243,0.024,False
206.72279470860917,0.01991759888649079,0.12003664874679461,0.8576849275866224,0.024,False
206.76703242291396,0.01991768586768467,0.11999479367262687,0.8576418205643622,0.024,False
206.8112701372188,0.01991777286926041,0.1199529287909385,0.857598677686993,0.024,False
206.85550785152356,0.01991785989112733,0.11991105414537515,0.857555498958336,0.024,False
206.89974556582834,0.019917946933194843,0.11986916977951106,0.8575122843821815,0.024,False
206.94398328013318,0.019918033995372585,0.11982727573685054,0.8574690339622912,0.024,False
206.98822099443797,0.019918121077570246,0.1197853720608274,0.8574257477023979,0.024,False
207.03245870874278,0.019918208179697732,0.11974345879480484,0.8573824256062036,0.024,False
207.07669642304757,0.019918295301665046,0.11970153598207578,0.8573390676773823,0.024,False
207.12093413735238,0.01991838244338245,0.11965960366586245,0.8572956739195768,0.024,False
207.16517185165716,0.019918469604760184,0.11961766188931718,0.8572522443364023,0.024,False
207.20940956596195,0.019918556785708558,0.11957571069552135,0.8572087789314443,0.024,False
207.25364728026676,0.01991864398613842,0.1195337501274861,0.8571652777082557,0.024,False
207.29788499457155,0.019918731205960553,0.119491780228152,0.8571217406703623,0.024,False
207.34212270887636,0.01991881844508577,0.11944980104038955,0.85707816782126,0.024,False
207.38636042318117,0.019918905703425163,0.11940781260699801,0.857034559164414,0.024,False
207.43059813748593,0.019918992980889928,0.11936581497070695,0.8569909147032603,0.024,False
207.47483585179074,0.0199190802773914,0.1193238081741748,0.8569472344412046,0.024,False
207.51907356609556,0.019919167592841076,0.11928179225999035,0.8569035183816233,0.024,False
207.56331128040037,0.019919254927150624,0.11923976727067162,0.8568597665278626,0.024,False
207.60754899470513,0.019919342280231792,0.11919773324866552,0.856815978883238,0.024,False
207.65178670900994,0.019919429651996518,0.11915569023634992,0.8567721554510367,0.024,False
207.69602442331475,0.01991951704235688,0.11911363827603101,0.856728296234514,0.024,False
207.74026213761954,0.01991960445122513,0.11907157740994527,0.8566844012368958,0.024,False
207.78449985192435,0.019919691878513557,0.11902950768025816,0.8566404704613785,0.024,False
207.82873756622914,0.01991977932413479,0.11898742912906513,0.8565965039111264,0.024,False
207.87297528053392,0.019919866788001443,0.11894534179839104,0.8565525015892756,0.024,False
207.91721299483874,0.019919954270026345,0.11890324573019086,0.8565084634989312,0.024,False
207.96145070914352,0.019920041770122462,0.1188611409663488,0.8564643896431678,0.024,False
208.00568842344833,0.01992012928820285,0.11881902754867876,0.8564202800250303,0.024,False
208.04992613775312,0.019920216824180804,0.11877690551892443,0.8563761346475328,0.024,False
208.09416385205793,0.019920304377969704,0.11873477491875861,0.8563319535136587,0.024,False
208.13840156636272,0.01992039194948311,0.11869263578978437,0.8562877366263612,0.024,False
208.1826392806675,0.019920479538634715,0.11865048817353442,0.8562434839885633,0.024,False
208.22687699497234,0.019920567145338304,0.11860833211147057,0.8561991956031573,0.024,False
208.2711147092771,0.019920654769507898,0.11856616764498532,0.856154871473005,0.024,False
208.31535242358188,0.019920742411057655,0.11852399481539949,0.8561105116009369,0.024,False
208.35959013788673,0.019920830069901845,0.11848181366396528,0.8560661159897539,0.024,False
208.4038278521915,0.019920917745954808,0.1184396242318634,0.8560216846422262,0.024,False
208.44806556649633,0.019921005439130956,0.11839742656020508,0.8559772175610942,0.024,False
208.4923032808011,0.019921093149345266,0.118355220690031,0.8559327147490647,0.024,False
208.53654099510595,0.01992118087651253,0.11831300666231163,0.8558881762088159,0.024,False
208.5807787094107,0.019921268620547765,0.11827078451794733,0.8558436019429945,0.024,False
208.6250164237155,0.01992135638136609,0.11822855429776835,0.8557989919542169,0.024,False
208.66925413802034,0.01992144415888282,0.1181863160425347,0.8557543462450682,0.024,False
208.7134918523251,0.01992153195301339,0.11814406979293629,0.855709664818103,0.024,False
208.75772956662993,0.019921619763673345,0.11810181558959318,0.855664947675845,0.024,False
208.80196728093472,0.019921707590778475,0.11805955347305513,0.8556201948207867,0.024,False
208.84620499523948,0.019921795434244615,0.11801728348380217,0.85557540625539,0.024,False
208.89044270954432,0.019921883293987808,0.11797500566224384,0.8555305819820852,0.024,False
208.9346804238491,0.019921971169924207,0.11793272004871974,0.8554857220032721,0.024,False
208.97891813815392,0.019922059061970157,0.11789042668349967,0.8554408263213187,0.024,False
209.0231558524587,0.01992214697004206,0.1178481256067834,0.8553958949385633,0.024,False
209.06739356676349,0.01992223489405647,0.11780581685870105,0.8553509278573121,0.024,False
209.11163128106833,0.019922322833930233,0.11776350047931232,0.8553059250798399,0.024,False
209.15586899537308,0.019922410789580243,0.11772117650860732,0.8552608866083906,0.024,False
209.2001067096779,0.01992249876092351,0.11767884498650655,0.8552158124451776,0.024,False
209.2443444239827,0.019922586747877277,0.11763650595286028,0.8551707025923816,0.024,False
209.28858213828747,0.019922674750358752,0.11759415944744912,0.8551255570521537,0.024,False
209.33281985259228,0.01992276276828551,0.11755180550998431,0.8550803758266129,0.024,False
209.3770575668971,0.01992285080157512,0.1175094441801062,0.8550351589178461,0.024,False
209.42129528120188,0.019922938850145407,0.11746707549738672,0.8549899063279102,0.024,False
209.4655329955067,0.01992302691391423,0.11742469950132775,0.8549446180588302,0.024,False
209.50977070981148,0.019923114992799668,0.1173823162313611,0.8548992941125992,0.024,False
209.55400842411626,0.019923203086719892,0.11733992572684958,0.8548539344911804,0.024,False
209.59824613842108,0.01992329119559328,0.11729752802708558,0.8548085391965032,0.024,False
209.6424838527259,0.01992337931933829,0.1172551231712929,0.854763108230468,0.024,False
209.68672156703065,0.01992346745787367,0.11721271119862527,0.8547176415949411,0.024,False
209.73095928133546,0.019923555611117808,0.11717029214816703,0.8546721392917613,0.024,False
209.77519699564027,0.019923643778989957,0.11712786605893288,0.8546266013227315,0.024,False
209.81943470994509,0.019923731961409157,0.11708543296986841,0.8545810276896242,0.024,False
209.86367242424987,0.01992382015829462,0.11704299291984974,0.8545354183941816,0.024,False
209.90791013855466,0.019923908369565667,0.11700054594768362,0.8544897734381132,0.024,False
209.9521478528595,0.01992399659514179,0.11695809209210713,0.8544440928230972,0.024,False
209.99638556716425,0.01992408483494262,0.11691563139178875,0.8543983765507803,0.024,False
210.04062328146904,0.01992417308888796,0.11687316388532755,0.8543526246227776,0.024,False
210.08486099577388,0.019924261356897774,0.11683068961125281,0.8543068370406712,0.024,False
210.12909871007864,0.01992434963889209,0.11678820860802563,0.8542610138060137,0.024,False
210.17333642438348,0.01992443793479113,0.1167457209140365,0.8542151549203233,0.024,False
210.21757413868826,0.01992452624451524,0.11670322656760836,0.854169260385089,0.024,False
210.26181185299302,0.01992461456798495,0.11666072560699403,0.8541233302017655,0.024,False
210.30604956729786,0.0199247029051209,0.11661821807037873,0.8540773643717783,0.024,False
210.35028728160265,0.019924791255843934,0.11657570399587691,0.8540313628965186,0.024,False
210.3945249959075,0.019924879620074862,0.116533183421535,0.8539853257773473,0.024,False
210.43876271021225,0.019924967997734862,0.11649065638533056,0.8539392530155927,0.024,False
210.48300042451703,0.01992505638874508,0.11644812292517172,0.8538931446125512,0.024,False
210.52723813882187,0.019925144793026917,0.11640558307889912,0.8538470005694877,0.024,False
210.57147585312663,0.019925233210501894,0.11636303688428327,0.8538008208876349,0.024,False
210.61571356743147,0.01992532164109161,0.11632048437902649,0.8537546055681933,0.024,False
210.65995128173626,0.019925410084717876,0.11627792560076256,0.8537083546123315,0.024,False
210.704188996041,0.019925498541302662,0.11623536058705632,0.853662068021186,0.024,False
210.74842671034585,0.019925587010768023,0.11619278937540407,0.8536157457958614,0.024,False
210.79266442465064,0.01992567549303618,0.11615021200323436,0.853569387937431,0.024,False
210.83690213895545,0.01992576398802951,0.11610762850790582,0.8535229944469341,0.024,False
210.88113985326024,0.01992585249567046,0.11606503892670922,0.8534765653253794,0.024,False
210.92537756756502,0.01992594101588173,0.11602244329686738,0.8534301005737434,0.024,False
210.96961528186984,0.01992602954858609,0.11597984165553475,0.8533836001929701,0.024,False
211.01385299617462,0.01992611809370651,0.11593723403979647,0.8533370641839709,0.024,False
211.05809071047943,0.01992620665116606,0.1158946204866705,0.8532904925476259,0.024,False
211.10232842478425,0.019926295220887697,0.11585200103310606,0.8532438852847839,0.024,False
211.146566139089,0.019926383802795,0.11580937571598394,0.8531972423962588,0.024,False
211.19080385339385,0.01992647239681151,0.11576674457211761,0.853150563882834,0.024,False
211.23504156769863,0.01992656100286081,0.11572410763825132,0.8531038497452595,0.024,False
211.27927928200342,0.019926649620866703,0.11568146495106282,0.8530570999842552,0.024,False
211.32351699630823,0.01992673825075311,0.11563881654716052,0.8530103146005066,0.024,False
211.36775471061304,0.019926826892444058,0.1155961624630851,0.8529634935946677,0.024,False
211.4119924249178,0.01992691554586379,0.11555350273531002,0.8529166369673601,0.024,False
211.4562301392226,0.019927004210936572,0.11551083740024067,0.8528697447191742,0.024,False
211.50046785352743,0.01992709288758698,0.11546816649421411,0.8528228168506656,0.024,False
211.5447055678322,0.0199271815757396,0.11542549005350033,0.8527758533623596,0.024,False
211.58894328213702,0.019927270275319157,0.11538280811430099,0.8527288542547485,0.024,False
211.6331809964418,0.019927358986250608,0.11534012071275115,0.8526818195282921,0.024,False
211.6774187107466,0.019927447708458994,0.11529742788491736,0.8526347491834181,0.024,False
211.7216564250514,0.019927536441869488,0.1152547296667987,0.8525876432205209,0.024,False
211.7658941393562,0.019927625186407442,0.1152120260943279,0.8525405016399639,0.024,False
211.81013185366103,0.019927713941998278,0.11516931720336854,0.8524933244420768,0.024,False
211.8543695679658,0.01992780270856763,0.11512660302971796,0.8524461116271571,0.024,False
211.89860728227058,0.019927891486041304,0.11508388360910611,0.8523988631954699,0.024,False
211.94284499657542,0.019927980274345135,0.11504115897719555,0.8523515791472482,0.024,False
211.98708271088017,0.019928069073405115,0.11499842916958142,0.8523042594826923,0.024,False
212.03132042518502,0.019928157883147442,0.11495569422179219,0.8522569042019698,0.024,False
212.0755581394898,0.019928246703498385,0.11491295416928857,0.8522095133052155,0.024,False
212.11979585379456,0.019928335534384445,0.11487020904746492,0.852162086792532,0.024,False
212.1640335680994,0.019928424375732175,0.11482745889164832,0.8521146246639895,0.024,False
212.20827128240418,0.019928513227468376,0.11478470373709898,0.8520671269196248,0.024,False
212.252508996709,0.019928602089519784,0.11474194361901056,0.8520195935594441,0.024,False
212.29674671101378,0.01992869096181351,0.11469917857250916,0.851972024583418,0.024,False
212.34098442531857,0.019928779844276618,0.11465640863265536,0.8519244199914878,0.024,False
212.38522213962338,0.019928868736836452,0.11461363383444136,0.851876779783559,0.024,False
212.42945985392817,0.019928957639420392,0.11457085421279417,0.8518291039595066,0.024,False
212.473697568233,0.019929046551956035,0.11452806980257318,0.8517813925191716,0.024,False
212.5179352825378,0.019929135474371074,0.11448528063857251,0.8517336454623636,0.024,False
212.56217299684255,0.019929224406593102,0.11444248675551855,0.8516858627888599,0.024,False
212.6064107111474,0.019929313348550307,0.1143996881880723,0.8516380444984033,0.024,False
212.65064842545218,0.01992940230017079,0.11435688497082769,0.8515901905907045,0.024,False
212.694886139757,0.019929491261382815,0.11431407713831286,0.8515423010654416,0.024,False
212.73912385406177,0.019929580232114753,0.11427126472498986,0.8514943759222607,0.024,False
212.7833615683666,0.019929669212295106,0.11422844776525422,0.8514464151607746,0.024,False
212.82759928267137,0.01992975820185252,0.11418562629343534,0.8513984187805631,0.024,False
212.87183699697616,0.019929847200715795,0.1141428003437967,0.8513503867811737,0.024,False
212.916074711281,0.019929936208813885,0.11409996995053648,0.8513023191621215,0.024,False
212.96031242558576,0.01993002522607579,0.1140571351477853,0.8512542159228874,0.024,False
213.00455013989057,0.019930114252430808,0.11401429596960948,0.8512060770629206,0.024,False
213.04878785419538,0.019930203287808205,0.11397145245000896,0.8511579025816376,0.024,False
213.09302556850014,0.0199302923321375,0.1139286046229185,0.8511096924784222,0.024,False
213.13726328280495,0.019930381385348306,0.11388575252220662,0.8510614467526244,0.024,False
213.18150099710977,0.019930470447370355,0.11384289618167617,0.8510131654035623,0.024,False
213.22573871141458,0.01993055951813359,0.11380003563506488,0.8509648484305209,0.024,False
213.26997642571934,0.019930648597567945,0.11375717091604473,0.8509164958327523,0.024,False
213.31421414002415,0.019930737685603623,0.11371430205822303,0.8508681076094762,0.024,False
213.35845185432896,0.019930826782170872,0.11367142909514036,0.8508196837598789,0.024,False
213.40268956863375,0.01993091588720021,0.11362855206027325,0.8507712242831134,0.024,False
213.44692728293856,0.019931005000622164,0.11358567098703287,0.8507227291783014,0.024,False
213.49116499724335,0.019931094122367432,0.11354278590876522,0.8506741984445307,0.024,False
213.53540271154813,0.0199311832523669,0.11349989685875049,0.8506256320808554,0.024,False
213.57964042585294,0.019931272390551445,0.11345700387020438,0.8505770300862983,0.024,False
213.62387814015773,0.019931361536852227,0.11341410697627825,0.8505283924598488,0.024,False
213.66811585446254,0.019931450691200475,0.11337120621005822,0.8504797192004635,0.024,False
213.71235356876733,0.01993153985352758,0.11332830160456442,0.8504310103070645,0.024,False
213.75659128307214,0.01993162902376505,0.11328539319275396,0.8503822657785431,0.024,False
213.80082899737693,0.01993171820184451,0.11324248100751896,0.8503334856137577,0.024,False
213.8450667116817,0.019931807387697797,0.11319956508168609,0.8502846698115315,0.024,False
213.88930442598655,0.01993189658125677,0.11315664544801814,0.8502358183706571,0.024,False
213.93354214029134,0.0199319857824535,0.11311372213921309,0.8501869312898926,0.024,False
213.9777798545961,0.019932074991220183,0.11307079518790512,0.8501380085679646,0.024,False
214.02201756890094,0.019932164207489157,0.11302786462666324,0.8500890502035652,0.024,False
214.06625528320572,0.01993225343119286,0.1129849304879928,0.850040056195354,0.024,False
214.11049299751053,0.019932342662263677,0.11294199280433519,0.8499910265419605,0.024,False
214.15473071181532,0.019932431900634467,0.11289905160806685,0.8499419612419765,0.024,False
214.19896842612016,0.019932521146238166,0.11285610693150097,0.849892860293963,0.024,False
214.24320614042492,0.0199326103990077,0.11281315880688667,0.8498437236964489,0.024,False
214.2874438547297,0.01993269965887619,0.11277020726640789,0.8497945514479278,0.024,False
214.33168156903454,0.019932788925776823,0.11272725234218639,0.8497453435468627,0.024,False
214.3759192833393,0.019932878199643084,0.11268429406627982,0.8496960999916826,0.024,False
214.42015699764414,0.019932967480408396,0.11264133247068148,0.8496468207807834,0.024,False
214.46439471194893,0.019933056768006455,0.11259836758732165,0.8495975059125281,0.024,False
214.50863242625368,0.019933146062371,0.11255539944806717,0.8495481553852475,0.024,False
214.55287014055853,0.01993323536343595,0.11251242808472024,0.8494987691972375,0.024,False
214.5971078548633,0.019933324671135347,0.112469453529021,0.8494493473467627,0.024,False
214.64134556916812,0.01993341398540335,0.11242647581264553,0.8493998898320541,0.024,False
214.6855832834729,0.019933503306174275,0.11238349496720715,0.8493503966513095,0.024,False
214.7298209977777,0.01993359263338259,0.11234051102425528,0.8493008678026935,0.024,False
214.77405871208254,0.0199336819669628,0.11229752401527686,0.8492513032843385,0.024,False
214.8182964263873,0.019933771306849632,0.11225453397169521,0.849201703094343,0.024,False
214.8625341406921,0.01993386065297794,0.11221154092487164,0.8491520672307732,0.024,False
214.90677185499692,0.01993395000528261,0.11216854490610323,0.8491023956916615,0.024,False
214.95100956930168,0.01993403936369875,0.11212554594662544,0.849052688475008,0.024,False
214.9952472836065,0.019934128728161613,0.1120825440776101,0.8490029455787791,0.024,False
215.0394849979113,0.019934218098606543,0.11203953933016701,0.8489531670009088,0.024,False
215.0837227122161,0.019934307474969017,0.11199653173534274,0.8489033527392968,0.024,False
215.1279604265209,0.019934396857184653,0.1119535213241217,0.8488535027918113,0.024,False
215.17219814082569,0.019934486245189176,0.11191050812742609,0.8488036171562866,0.024,False
215.21643585513047,0.019934575638918414,0.1118674921761148,0.848753695830524,0.024,False
215.26067356943528,0.019934665038308406,0.11182447350098537,0.8487037388122919,0.024,False
215.3049112837401,0.019934754443295295,0.11178145213277295,0.8486537460993256,0.024,False
215.34914899804488,0.01993484385381531,0.11173842810215028,0.8486037176893275,0.024,False
215.39338671234967,0.01993493326980485,0.11169540143972759,0.8485536535799661,0.024,False
215.43762442665448,0.019935022691200358,0.11165237217605392,0.8485035537688783,0.024,False
215.4818621409593,0.019935112117938563,0.11160934034161615,0.8484534182536668,0.024,False
215.52609985526408,0.019935201549956212,0.11156630596683921,0.8484032470319013,0.024,False
215.57033756956886,0.019935290987190234,0.11152326908208601,0.8483530401011184,0.024,False
215.6145752838737,0.01993538042957766,0.11148022971765786,0.8483027974588222,0.024,False
215.65881299817846,0.0199354698770556,0.11143718790379474,0.8482525191024832,0.024,False
215.70305071248325,0.019935559329561443,0.11139414367067475,0.8482022050295386,0.024,False
215.7472884267881,0.019935648787032526,0.11135109704841453,0.8481518552373932,0.024,False
215.79152614109285,0.019935738249406164,0.1113080480670696,0.8481014697234203,0.024,False
215.8357638553977,0.019935827716620298,0.11126499675663444,0.8480510484849567,0.024,False
215.88000156970247,0.019935917188612665,0.11122194314704074,0.848000591519307,0.024,False
215.92423928400723,0.019936006665321252,0.11117888726816066,0.8479500988237437,0.024,False
215.96847699831207,0.01993609614668407,0.11113582914980476,0.8478995703955061,0.024,False
216.01271471261686,0.019936185632639273,0.11109276882172252,0.8478490062318006,0.024,False
216.0569524269217,0.019936275123125152,0.11104970631360199,0.8477984063297997,0.024,False
216.10119014122645,0.01993636461808014,0.11100664165507133,0.8477477706866434,0.024,False
216.14542785553124,0.019936454117442833,0.11096357487569723,0.8476970992994385,0.024,False
216.18966556983608,0.019936543621151884,0.1109205060049858,0.8476463921652585,0.024,False
216.23390328414084,0.01993663312914605,0.11087743507238251,0.8475956492811444,0.024,False
216.27814099844568,0.01993672264136437,0.11083436210727243,0.8475448706441032,0.024,False
216.32237871275046,0.019936812157745832,0.11079128713898048,0.8474940562511101,0.024,False
216.36661642705522,0.019936901678229597,0.11074821019677017,0.8474432060991062,0.024,False
216.41085414136006,0.019936991202755015,0.11070513130984551,0.8473923201849995,0.024,False
216.45509185566485,0.019937080731261513,0.11066205050735019,0.8473413985056656,0.024,False
216.49932956996966,0.019937170263688662,0.11061896781836777,0.8472904410579466,0.024,False
216.54356728427445,0.01993725979997614,0.11057588327192111,0.8472394478386511,0.024,False
216.58780499857923,0.01993734934006376,0.11053279689697393,0.8471884188445559,0.024,False
216.63204271288407,0.019937438883891476,0.11048970872242933,0.8471373540724029,0.024,False
216.67628042718883,0.01993752843139923,0.11044661877713116,0.8470862535189031,0.024,False
216.72051814149364,0.019937617982527304,0.11040352708986334,0.8470351171807331,0.024,False
216.76475585579846,0.01993770753721603,0.11036043368934943,0.8469839450545354,0.024,False
216.8089935701032,0.019937797095405784,0.11031733860425477,0.8469327371369225,0.024,False
216.85323128440805,0.019937886657037128,0.11027424186318367,0.8468814934244705,0.024,False
216.89746899871284,0.019937976222050756,0.11023114349468188,0.8468302139137243,0.024,False
216.94170671301762,0.019938065790387483,0.11018804352723571,0.8467788986011954,0.024,False
216.98594442732244,0.01993815536198818,0.11014494198927179,0.846727547483362,0.024,False
217.03018214162722,0.01993824493679392,0.11010183890915802,0.8466761605566698,0.024,False
217.074419855932,0.019938334514745897,0.11005873431520283,0.8466247378175308,0.024,False
217.11865757023682,0.019938424095785418,0.11001562823565647,0.8465732792623244,0.024,False
217.16289528454163,0.019938513679853817,0.10997252069870905,0.846521784887397,0.024,False
217.20713299884642,0.019938603266892712,0.10992941173249217,0.8464702546890615,0.024,False
217.25137071315123,0.019938692856843757,0.10988630136507868,0.8464186886635972,0.024,False
217.29560842745602,0.01993878244964865,0.10984318962448289,0.8463670868072524,0.024,False
217.33984614176083,0.01993887204524934,0.10980007653866075,0.8463154491162409,0.024,False
217.38408385606562,0.019938961643587844,0.10975696213550884,0.8462637755867433,0.024,False
217.4283215703704,0.019939051244606334,0.10971384644286579,0.8462120662149075,0.024,False
217.47255928467524,0.019939140848247088,0.10967072948851207,0.8461603209968487,0.024,False
217.51679699898,0.019939230454452478,0.10962761130016897,0.8461085399286482,0.024,False
217.5610347132848,0.019939320063164963,0.10958449190550008,0.8460567230063551,0.024,False
217.60527242758963,0.01993940967432707,0.10954137133211161,0.8460048702259871,0.024,False
217.64951014189438,0.019939499287881784,0.1094982496075506,0.8459529815835246,0.024,False
217.69374785619922,0.019939588903771923,0.10945512675930603,0.8459010570749176,0.024,False
217.737985570504,0.019939678521940497,0.10941200281480995,0.845849096696083,0.024,False
217.78222328480877,0.019939768142330595,0.10936887780143588,0.8457971004429048,0.024,False
217.8264609991136,0.01993985776488544,0.10932575174649965,0.8457450683112336,0.024,False
217.8706987134184,0.0199399473895484,0.10928262467725973,0.8456930002968875,0.024,False
217.9149364277232,0.019940037016262905,0.10923949662091677,0.8456408963956509,0.024,False
217.959174142028,0.019940126644972574,0.10919636760461407,0.8455887566032759,0.024,False
218.00341185633278,0.019940216275621127,0.10915323765543766,0.8455365809154815,0.024,False
218.04764957063762,0.019940305908152357,0.10911010680041597,0.8454843693279532,0.024,False
218.09188728494237,0.01994039554251025,0.10906697506652,0.8454321218363435,0.024,False
218.13612499924722,0.019940485178638816,0.10902384248066366,0.8453798384362727,0.024,False
218.180362713552,0.01994057481648234,0.10898070906970424,0.8453275191233269,0.024,False
218.22460042785676,0.01994066445598505,0.1089375748604419,0.8452751638930608,0.024,False
218.2688381421616,0.01994075409709135,0.10889443987961965,0.8452227727409953,0.024,False
218.31307585646638,0.01994084373974587,0.10885130415392363,0.8451703456626177,0.024,False
218.3573135707712,0.019940933383893186,0.1088081677099837,0.8451178826533838,0.024,False
218.40155128507598,0.0199410230294781,0.10876503057437266,0.8450653837087155,0.024,False
218.44578899938077,0.01994111267644555,0.10872189277360668,0.8450128488240017,0.024,False
218.49002671368558,0.019941202324740497,0.10867875433414569,0.8449602779945986,0.024,False
218.53426442799037,0.019941291974308085,0.10863561528239299,0.8449076712158295,0.024,False
218.5785021422952,0.019941381625093547,0.10859247564469575,0.8448550284829849,0.024,False
218.62273985659996,0.019941471277042298,0.10854933544734453,0.8448023497913215,0.024,False
218.66697757090478,0.019941560930099776,0.10850619471657459,0.8447496351360648,0.024,False
218.7112152852096,0.01994165058421162,0.10846305347856412,0.8446968845124058,0.024,False
218.75545299951438,0.019941740239323488,0.10841991175943581,0.8446440979155034,0.024,False
218.79969071381916,0.019941829895381215,0.1083767695852559,0.8445912753404826,0.024,False
218.84392842812397,0.01994191955233078,0.10833362698203546,0.8445384167824368,0.024,False
218.8881661424288,0.019942009210118183,0.10829048397573005,0.8444855222364265,0.024,False
218.93240385673357,0.019942098868689664,0.10824734059223867,0.844432591697478,0.024,False
218.97664157103836,0.01994218852799149,0.10820419685740541,0.8443796251605858,0.024,False
219.02087928534317,0.019942278187970085,0.10816105279701861,0.8443266226207112,0.024,False
219.06511699964796,0.019942367848571948,0.10811790843681081,0.8442735840727822,0.024,False
219.10935471395277,0.019942457509743758,0.10807476380245974,0.8442205095116941,0.024,False
219.15359242825755,0.01994254717143216,0.10803161891958785,0.8441673989323105,0.024,False
219.19783014256234,0.019942636833584142,0.1079884738137624,0.8441142523294604,0.024,False
219.24206785686715,0.019942726496146666,0.10794532851049578,0.8440610696979414,0.024,False
219.28630557117197,0.019942816159066762,0.10790218303524526,0.8440078510325179,0.024,False
219.33054328547675,0.019942905822291718,0.10785903741341299,0.8439545963279206,0.024,False
219.37478099978154,0.01994299548576882,0.10781589167034612,0.843901305578848,0.024,False
219.41901871408635,0.019943085149445525,0.1077727458313376,0.843847978779966,0.024,False
219.46325642839116,0.019943174813269376,0.10772959992162535,0.843794615925907,0.024,False
219.50749414269592,0.01994326447718802,0.10768645396639302,0.8437412170112718,0.024,False
219.55173185700076,0.01994335414114932,0.10764330799076967,0.8436877820306266,0.024,False
219.59596957130555,0.019943443805100734,0.10760016201982983,0.8436343109785088,0.024,False
219.64020728561033,0.019943533468990672,0.10755701607859394,0.8435808038494178,0.024,False
219.68444499991514,0.01994362313276725,0.10751387019202821,0.8435272606378222,0.024,False
219.72868271421993,0.019943712796378684,0.10747072438504429,0.8434736813381578,0.024,False
219.77292042852474,0.019943802459773265,0.10742757868249975,0.8434200659448282,0.024,False
219.81715814282953,0.01994389212289948,0.10738443310919922,0.8433664144522044,0.024,False
219.8613958571343,0.01994398178570588,0.10734128768989207,0.8433127268546233,0.024,False
219.90563357143913,0.01994407144814113,0.10729814244927453,0.8432590031463906,0.024,False
219.9498712857439,0.019944161110154016,0.10725499741198902,0.8432052433217779,0.024,False
219.99410900004875,0.019944250771693473,0.10721185260262443,0.8431514473750249,0.024,False
220.0383467143535,0.019944340432708478,0.1071687080457166,0.8430976153003392,0.024,False
220.08258442865835,0.01994443009314814,0.10712556376574667,0.8430437470918942,0.024,False
220.12682214296314,0.01994451975296173,0.1070824197871435,0.8429898427438314,0.024,False
220.17105985726792,0.019944609412098552,0.10703927613428153,0.8429359022502592,0.024,False
220.21529757157273,0.0199446990705081,0.10699613283148338,0.8428819256052534,0.024,False
220.25953528587752,0.019944788728139918,0.10695298990301756,0.842827912802858,0.024,False
220.30377300018236,0.01994487838494367,0.10690984737309979,0.8427738638370827,0.024,False
220.34801071448712,0.019944968040869173,0.10686670526589319,0.8427197787019062,0.024,False
220.3922484287919,0.019945057695866318,0.10682356360550709,0.8426656573912725,0.024,False
220.43648614309674,0.01994514734988513,0.10678042241599928,0.8426114998990952,0.024,False
220.4807238574015,0.019945237002875645,0.10673728172137338,0.8425573062192534,0.024,False
220.5249615717063,0.019945326654788143,0.1066941415455817,0.8425030763455946,0.024,False
220.56919928601113,0.01994541630557297,0.10665100191252357,0.8424488102719336,0.024,False
220.61343700031588,0.019945505955180527,0.10660786284604538,0.8423945079920517,0.024,False
220.65767471462073,0.019945595603561333,0.1065647243699419,0.8423401694996993,0.024,False
220.7019124289255,0.019945685250666152,0.10652158650795529,0.8422857947885919,0.024,False
220.7461501432303,0.019945774896445684,0.10647844928377531,0.8422313838524136,0.024,False
220.7903878575351,0.019945864540850834,0.10643531272103984,0.8421769366848162,0.024,False
220.8346255718399,0.019945954183832607,0.10639217684333471,0.8421224532794181,0.024,False
220.8788632861447,0.01994604382534199,0.10634904167419404,0.8420679336298065,0.024,False
220.9231010004495,0.019946133465330283,0.10630590723709965,0.8420133777295341,0.024,False
220.9673387147543,0.019946223103748804,0.10626277355548176,0.8419587855721219,0.024,False
221.01157642905912,0.019946312740548873,0.10621964065271884,0.8419041571510589,0.024,False
221.05581414336388,0.019946402375682105,0.10617650855213825,0.841849492459801,0.024,False
221.1000518576687,0.019946492009100102,0.10613337727701497,0.8417947914917709,0.024,False
221.1442895719735,0.01994658164075457,0.10609024685057349,0.8417400542403605,0.024,False
221.1885272862783,0.01994667127059741,0.10604711729598625,0.8416852806989271,0.024,False
221.23276500058307,0.019946760898580513,0.10600398863637436,0.8416304708607968,0.024,False
221.27700271488789,0.019946850524655967,0.10596086089480827,0.8415756247192627,0.024,False
221.32124042919267,0.019946940148775936,0.10591773409430766,0.8415207422675863,0.024,False
221.36547814349748,0.019947029770892678,0.10587460825783973,0.8414658234989946,0.024,False
221.4097158578023,0.019947119390958588,0.10583148340832219,0.8414108684066838,0.024,False
221.45395357210705,0.019947209008926083,0.10578835956862147,0.8413558769838176,0.024,False
221.4981912864119,0.01994729862474779,0.10574523676155316,0.8413008492235265,0.024,False
221.54242900071668,0.01994738823837641,0.10570211500988214,0.8412457851189087,0.024,False
221.58666671502147,0.01994747784976474,0.10565899433632238,0.8411906846630294,0.024,False
221.63090442932628,0.019947567458865695,0.10561587476353836,0.8411355478489224,0.024,False
221.67514214363106,0.0199476570656323,0.10557275631414334,0.8410803746695885,0.024,False
221.7193798579359,0.019947746670017617,0.10552963901070035,0.8410251651179964,0.024,False
221.76361757224066,0.019947836271974637,0.10548652287572238,0.8409699191870836,0.024,False
221.80785528654545,0.01994792587145696,0.10544340793167219,0.8409146368697519,0.024,False
221.8520930008503,0.019948015468417922,0.10540029420096217,0.8408593181588726,0.024,False
221.89633071515505,0.019948105062811135,0.10535718170595486,0.8408039630472841,0.024,False
221.9405684294599,0.019948194654590197,0.10531407046896353,0.8407485715277934,0.024,False
221.98480614376467,0.019948284243708803,0.10527096051225063,0.8406931435931742,0.024,False
222.02904385806943,0.019948373830120845,0.10522785185802971,0.8406376792361682,0.024,False
222.07328157237427,0.019948463413780232,0.10518474452846413,0.8405821784494847,0.024,False
222.11751928667906,0.019948552994641,0.10514163854566828,0.8405266412258011,0.024,False
222.1617570009839,0.019948642572657313,0.10509853393170618,0.8404710675577614,0.024,False
222.20599471528865,0.01994873214778343,0.10505543070859276,0.8404154574379769,0.024,False
222.25023242959344,0.01994882171997366,0.10501232889829415,0.8403598108590289,0.024,False
222.29447014389828,0.019948911289182435,0.10496922852272718,0.840304127813465,0.024,False
222.33870785820304,0.01994900085536438,0.10492612960375883,0.8402484082937994,0.024,False
222.38294557250788,0.01994909041847414,0.10488303216320746,0.8401926522925153,0.024,False
222.42718328681266,0.01994917997846642,0.10483993622284236,0.8401368598020635,0.024,False
222.47142100111742,0.019949269535296157,0.10479684180438416,0.8400810308148617,0.024,False
222.51565871542226,0.019949359088918275,0.1047537489295048,0.840025165323297,0.024,False
222.55989642972705,0.01994944863928781,0.10471065761982676,0.8399692633197222,0.024,False
222.60413414403183,0.019949538186359934,0.10466756789692466,0.8399133247964595,0.024,False
222.64837185833665,0.01994962773008995,0.10462447978232395,0.8398573497457972,0.024,False
222.69260957264143,0.019949717270433227,0.1045813932975023,0.839801338159993,0.024,False
222.73684728694624,0.0199498068073452,0.10453830846388858,0.8397452900312715,0.024,False
222.78108500125103,0.019949896340781464,0.10449522530286325,0.8396892053518251,0.024,False
222.82532271555584,0.019949985870697705,0.10445214383575857,0.8396330841138137,0.024,False
222.86956042986066,0.019950075397049627,0.10440906408385911,0.8395769263093662,0.024,False
222.91379814416544,0.01995016491979314,0.10436598606840111,0.8395207319305782,0.024,False
222.95803585847023,0.019950254438884138,0.10432290981057268,0.8394645009695137,0.024,False
223.00227357277504,0.019950343954278735,0.10427983533151397,0.8394082334182037,0.024,False
223.04651128707982,0.019950433465933164,0.10423676265231802,0.8393519292686474,0.024,False
223.0907490013846,0.019950522973803637,0.10419369179402903,0.8392955885128119,0.024,False
223.13498671568945,0.019950612477846515,0.10415062277764475,0.8392392111426326,0.024,False
223.1792244299942,0.01995070197801825,0.10410755562411456,0.8391827971500121,0.024,False
223.22346214429902,0.01995079147427544,0.10406449035434143,0.8391263465268217,0.024,False
223.26769985860383,0.019950880966574734,0.10402142698917927,0.8390698592648993,0.024,False
223.3119375729086,0.019950970454872867,0.10397836554943617,0.8390133353560519,0.024,False
223.35617528721343,0.01995105993912671,0.10393530605587192,0.838956774792053,0.024,False
223.40041300151822,0.01995114941929318,0.10389224852920023,0.8389001775646459,0.024,False
223.44465071582297,0.019951238895329387,0.10384919299008691,0.8388435436655399,0.024,False
223.48888843012782,0.019951328367192465,0.10380613945915149,0.8387868730864136,0.024,False
223.5331261444326,0.01995141783483966,0.10376308795696611,0.8387301658189129,0.024,False
223.57736385873744,0.01995150729822835,0.1037200385040564,0.8386734218546513,0.024,False
223.6216015730422,0.01995159675731587,0.10367699112090126,0.838616641185212,0.024,False
223.66583928734698,0.01995168621205986,0.10363394582793276,0.8385598238021436,0.024,False
223.71007700165183,0.019951775662417914,0.10359090264553658,0.8385029696969644,0.024,False
223.75431471595658,0.019951865108347754,0.1035478615940521,0.8384460788611603,0.024,False
223.79855243026142,0.01995195454980724,0.10350482269377247,0.8383891512861856,0.024,False
223.8427901445662,0.019952043986754302,0.10346178596494363,0.8383321869634611,0.024,False
223.88702785887097,0.01995213341914695,0.10341875142776621,0.8382751858843771,0.024,False
223.9312655731758,0.01995222284694323,0.10337571910239422,0.8382181480402916,0.024,False
223.9755032874806,0.019952312270101472,0.10333268900893586,0.8381610734225295,0.024,False
224.0197410017854,0.01995240168857992,0.10328966116745339,0.8381039620223855,0.024,False
224.0639787160902,0.019952491102336992,0.1032466355979632,0.8380468138311213,0.024,False
224.10821643039498,0.01995258051133118,0.10320361232043561,0.8379896288399666,0.024,False
224.1524541446998,0.019952669915521103,0.10316059135479586,0.8379324070401198,0.024,False
224.19669185900457,0.01995275931486543,0.1031175727209227,0.8378751484227468,0.024,False
224.24092957330942,0.01995284870932271,0.10307455643864993,0.8378178529789831,0.024,False
224.2851672876142,0.019952938098852013,0.10303154252776589,0.8377605206999302,0.024,False
224.32940500191899,0.019953027483412385,0.10298853100801302,0.8377031515766573,0.024,False
224.3736427162238,0.019953116862962906,0.10294552189908933,0.8376457456002037,0.024,False
224.41788043052858,0.019953206237462676,0.10290251522064697,0.8375883027615758,0.024,False
224.46211814483337,0.019953295606870994,0.1028595109922932,0.8375308230517485,0.024,False
224.50635585913818,0.019953384971147178,0.10281650923358965,0.8374733064616641,0.024,False
224.550593573443,0.019953474330250597,0.10277350996405381,0.8374157529822347,0.024,False
224.59483128774778,0.019953563684140887,0.10273051320315772,0.8373581626043382,0.024,False
224.63906900205257,0.019953653032777595,0.10268751897032927,0.8373005353188233,0.024,False
224.68330671635738,0.01995374237612044,0.10264452728495083,0.8372428711165051,0.024,False
224.72754443066216,0.019953831714129264,0.10260153816636032,0.8371851699881667,0.024,False
224.77178214496698,0.019953921046763953,0.10255855163385189,0.8371274319245611,0.024,False
224.81601985927176,0.019954010373984536,0.10251556770667371,0.837069656916407,0.024,False
224.86025757357655,0.019954099695751036,0.10247258640403083,0.8370118449543936,0.024,False
224.90449528788136,0.01995418901202371,0.102429607745084,0.8369539960291775,0.024,False
224.94873300218617,0.019954278322762815,0.10238663174894908,0.8368961101313835,0.024,False
224.992970716491,0.019954367627928755,0.10234365843469805,0.8368381872516041,0.024,False
225.03720843079574,0.019954456927481875,0.10230068782135891,0.8367802273804016,0.024,False
225.08144614510056,0.019954546221382825,0.10225771992791537,0.8367222305083046,0.024,False
225.12568385940537,0.019954635509592193,0.1022147547733076,0.8366641966258116,0.024,False
225.16992157371013,0.019954724792070746,0.10217179237643174,0.8366061257233883,0.024,False
225.21415928801497,0.019954814068779272,0.10212883275614039,0.8365480177914696,0.024,False
225.25839700231975,0.0199549033396787,0.10208587593124223,0.836489872820458,0.024,False
225.30263471662454,0.01995499260473005,0.10204292192050249,0.8364316908007242,0.024,False
225.34687243092935,0.019955081863894372,0.10199997074264287,0.8363734717226082,0.024,False
225.39111014523414,0.019955171117132856,0.1019570224163415,0.8363152155764172,0.024,False
225.43534785953895,0.019955260364406792,0.1019140769602335,0.8362569223524274,0.024,False
225.47958557384374,0.01995534960567756,0.10187113439291096,0.8361985920408836,0.024,False
225.52382328814852,0.01995543884090654,0.10182819473292187,0.8361402246319983,0.024,False
225.56806100245333,0.01995552807005538,0.1017852579987719,0.8360818201159524,0.024,False
225.61229871675812,0.019955617293085585,0.10174232420892343,0.836023378482896,0.024,False
225.65653643106296,0.019955706509958933,0.10169939338179626,0.8359648997229473,0.024,False
225.70077414536775,0.019955795720637274,0.10165646553576695,0.8359063838261919,0.024,False
225.74501185967256,0.019955884925082497,0.10161354068916924,0.8358478307826844,0.024,False
225.78924957397734,0.019955974123256597,0.10157061886029416,0.8357892405824481,0.024,False
225.83348728828213,0.0199560633151216,0.10152770006739048,0.835730613215475,0.024,False
225.87772500258694,0.01995615250063974,0.10148478432866467,0.835671948671725,0.024,False
225.92196271689173,0.019956241679773206,0.10144187166227989,0.8356132469411266,0.024,False
225.96620043119657,0.01995633085248441,0.1013989620863575,0.8355545080135764,0.024,False
226.01043814550133,0.01995642001873569,0.10135605561897638,0.8354957318789404,0.024,False
226.0546758598061,0.019956509178489668,0.10131315227817383,0.8354369185270526,0.024,False
226.09891357411095,0.019956598331708843,0.1012702520819437,0.8353780679477149,0.024,False
226.1431512884157,0.019956687478355956,0.10122735504823922,0.8353191801306988,0.024,False
226.18738900272052,0.019956776618393776,0.10118446119497079,0.8352602550657436,0.024,False
226.23162671702534,0.019956865751785218,0.10114157054000703,0.8352012927425567,0.024,False
226.2758644313301,0.019956954878493173,0.10109868310117473,0.8351422931508149,0.024,False
226.32010214563493,0.019957043998480667,0.10105579889625928,0.8350832562801634,0.024,False
226.36433985993972,0.019957133111710875,0.10101291794300479,0.8350241821202166,0.024,False
226.40857757424453,0.019957222218147,0.10097004025911238,0.8349650706605551,0.024,False
226.45281528854932,0.01995731131775236,0.10092716586224332,0.834905921890731,0.024,False
226.4970530028541,0.019957400410490277,0.10088429477001619,0.8348467358002629,0.024,False
226.54129071715892,0.019957489496324247,0.10084142700000852,0.8347875123786387,0.024,False
226.5855284314637,0.01995757857521787,0.10079856256975718,0.8347282516153147,0.024,False
226.6297661457685,0.019957667647134764,0.10075570149675774,0.8346689534997166,0.024,False
226.67400386007333,0.019957756712038584,0.10071284379846378,0.8346096180212379,0.024,False
226.71824157437808,0.019957845769893224,0.10066998949228877,0.8345502451692408,0.024,False
226.7624792886829,0.01995793482066257,0.10062713859560513,0.8344908349330563,0.024,False
226.8067170029877,0.01995802386431062,0.10058429112574434,0.8344313873019843,0.024,False
226.8509547172925,0.01995811290080139,0.100541447099997,0.8343719022652933,0.024,False
226.89519243159728,0.019958201930099083,0.10049860653561322,0.8343123798122202,0.024,False
226.9394301459021,0.019958290952167935,0.10045576944980197,0.8342528199319701,0.024,False
226.98366786020688,0.019958379966972282,0.1004129358597323,0.8341932226137178,0.024,False
227.0279055745117,0.019958468974476447,0.10037010578253273,0.834133587846607,0.024,False
227.0721432888165,0.01995855797464473,0.10032727923529063,0.8340739156197502,0.024,False
227.1163810031213,0.019958646967441925,0.10028445623505401,0.8340142059222267,0.024,False
227.1606187174261,0.019958735952832787,0.10024163679883005,0.833954458743085,0.024,False
227.2048564317309,0.01995882493078195,0.1001988209435862,0.833894674071344,0.024,False
227.24909414603567,0.019958913901254326,0.10015600868624959,0.8338348518959896,0.024,False
227.2933318603405,0.019959002864214745,0.10011320004370729,0.8337749922059778,0.024,False
227.33756957464527,0.01995909181962825,0.10007039503280682,0.8337150949902329,0.024,False
227.3818072889501,0.0199591807674598,0.10002759367035545,0.8336551602376484,0.024,False
227.42604500325487,0.01995926970767467,0.09998479597312092,0.8335951879370854,0.024,False
227.47028271755966,0.01995935864023802,0.0999420019578312,0.8335351780773752,0.024,False
227.5145204318645,0.0199594475651152,0.09989921164117435,0.8334751306473164,0.024,False
227.55875814616925,0.019959536482271546,0.0998564250397995,0.8334150456356781,0.024,False
227.6029958604741,0.01995962539167261,0.09981364217031607,0.8333549230311973,0.024,False
227.64723357477888,0.01995971429328392,0.09977086304929379,0.8332947628225793,0.024,False
227.69147128908364,0.019959803187071197,0.09972808769326348,0.8332345649984989,0.024,False
227.73570900338848,0.019959892073000068,0.09968531611871677,0.8331743295476006,0.024,False
227.77994671769326,0.01995998095103639,0.09964254834210608,0.8331140564584966,0.024,False
227.8241844319981,0.019960069821146023,0.09959978437984478,0.8330537457197684,0.024,False
227.86842214630286,0.019960158683294957,0.09955702424830677,0.832993397319966,0.024,False
227.91265986060765,0.01996024753744917,0.0995142679638276,0.832933011247609,0.024,False
227.9568975749125,0.019960336383574882,0.09947151554270375,0.832872587491185,0.024,False
228.00113528921725,0.019960425221638312,0.09942876700119296,0.8328121260391508,0.024,False
228.0453730035221,0.019960514051605746,0.09938602235551412,0.8327516268799321,0.024,False
228.08961071782687,0.01996060287344353,0.09934328162184801,0.8326910900019244,0.024,False
228.13384843213163,0.019960691687118098,0.09930054481633695,0.8326305153934922,0.024,False
228.17808614643647,0.01996078049259604,0.09925781195508367,0.8325699030429667,0.024,False
228.22232386074126,0.01996086928984401,0.09921508305415357,0.8325092529386499,0.024,False
228.26656157504604,0.019960958078828635,0.09917235812957392,0.8324485650688134,0.024,False
228.31079928935085,0.019961046859516683,0.09912963719733248,0.8323878394216958,0.024,False
228.35503700365564,0.019961135631875015,0.09908692027338006,0.8323270759855065,0.024,False
228.39927471796048,0.01996122439587061,0.09904420737362926,0.8322662747484227,0.024,False
228.44351243226524,0.019961313151470438,0.09900149851395428,0.8322054356985916,0.024,False
228.48775014657005,0.019961401898641557,0.09895879371019153,0.832144558824129,0.024,False
228.53198786087486,0.01996149063735118,0.09891609297813936,0.8320836441131189,0.024,False
228.57622557517965,0.019961579367566564,0.09887339633355897,0.8320226915536155,0.024,False
228.62046328948443,0.019961668089255022,0.09883070379217296,0.8319617011336413,0.024,False
228.66470100378925,0.019961756802383865,0.09878801536966697,0.8319006728411888,0.024,False
228.70893871809403,0.019961845506920643,0.09874533108168915,0.8318396066642189,0.024,False
228.75317643239885,0.019961934202832946,0.09870265094384977,0.8317785025906612,0.024,False
228.79741414670366,0.019962022890088447,0.09865997497172181,0.8317173606084145,0.024,False
228.84165186100842,0.019962111568654767,0.09861730318084153,0.8316561807053482,0.024,False
228.88588957531323,0.01996220023849974,0.09857463558670695,0.831594962869299,0.024,False
228.93012728961804,0.019962288899591243,0.09853197220477936,0.8315337070880731,0.024,False
228.9743650039228,0.019962377551897257,0.09848931305048292,0.8314724133494459,0.024,False
229.01860271822764,0.019962466195385664,0.09844665813920489,0.8314110816411631,0.024,False
229.06284043253243,0.019962554830024685,0.09840400748629577,0.8313497119509381,0.024,False
229.1070781468372,0.01996264345578246,0.09836136110706861,0.8312883042664538,0.024,False
229.15131586114202,0.019962732072627276,0.0983187190168002,0.8312268585753626,0.024,False
229.1955535754468,0.01996282068052742,0.09827608123073021,0.8311653748652859,0.024,False
229.23979128975165,0.01996290927945126,0.0982334477640618,0.8311038531238144,0.024,False
229.2840290040564,0.019962997869367345,0.09819081863196202,0.8310422933385082,0.024,False
229.3282667183612,0.0199630864502442,0.09814819384956007,0.830980695496895,0.024,False
229.37250443266603,0.019963175022050493,0.09810557343195035,0.8309190595864742,0.024,False
229.4167421469708,0.01996326358475488,0.0980629573941895,0.8308573855947122,0.024,False
229.46097986127563,0.019963352138326215,0.09802034575129864,0.8307956735090456,0.024,False
229.50521757558042,0.019963440682733313,0.09797773851826287,0.8307339233168809,0.024,False
229.54945528988517,0.01996352921794513,0.09793513571003054,0.8306721350055927,0.024,False
229.59369300419002,0.01996361774393062,0.09789253734151446,0.8306103085625259,0.024,False
229.6379307184948,0.019963706260658947,0.09784994342759118,0.8305484439749939,0.024,False
229.6821684327996,0.0199637947680992,0.0978073539831015,0.8304865412302802,0.024,False
229.7264061471044,0.019963883266220665,0.09776476902284988,0.8304246003156359,0.024,False
229.77064386140918,0.019963971754992576,0.09772218856160535,0.8303626212182831,0.024,False
229.81488157571403,0.019964060234384403,0.09767961261410137,0.8303006039254123,0.024,False
229.85911929001878,0.01996414870436557,0.09763704119503631,0.8302385484241848,0.024,False
229.90335700432362,0.019964237164905606,0.09759447431907145,0.8301764547017285,0.024,False
229.9475947186284,0.019964325615974086,0.09755191200083344,0.8301143227451427,0.024,False
229.9918324329332,0.019964414057540725,0.09750935425491354,0.8300521525414951,0.024,False
230.036070147238,0.019964502489575264,0.09746680109586842,0.8299899440778243,0.024,False
230.0803078615428,0.01996459091204754,0.09742425253821768,0.8299276973411358,0.024,False
230.1245455758476,0.019964679324927483,0.0973817085964474,0.8298654123184062,0.024,False
230.1687832901524,0.019964767728184906,0.09733916928500794,0.8298030889965822,0.024,False
230.2130210044572,0.019964856121790015,0.09729663461831424,0.8297407273625774,0.024,False
230.257258718762,0.01996494450571289,0.09725410461074682,0.8296783274032766,0.024,False
230.30149643306677,0.01996503287992373,0.09721157927665086,0.8296158891055332,0.024,False
230.3457341473716,0.01996512124439276,0.09716905863033727,0.8295534124561712,0.024,False
230.38997186167637,0.019965209599090265,0.09712654268608159,0.8294908974419832,0.024,False
230.43420957598119,0.019965297943986476,0.09708403145812484,0.8294283440497323,0.024,False
230.478447290286,0.019965386279052078,0.09704152496067345,0.8293657522661487,0.024,False
230.52268500459076,0.019965474604257738,0.09699902320789981,0.8293031220779329,0.024,False
230.56692271889557,0.019965562919573934,0.09695652621394073,0.8292404534717556,0.024,False
230.61116043320038,0.01996565122497146,0.09691403399289975,0.8291777464342567,0.024,False
230.6553981475052,0.019965739520421022,0.09687154655884514,0.8291150009520452,0.024,False
230.69963586180995,0.019965827805893475,0.09682906392581164,0.8290522170117003,0.024,False
230.74387357611477,0.01996591608135967,0.09678658610779911,0.8289893945997705,0.024,False
230.78811129041958,0.019966004346790613,0.09674411311877412,0.8289265337027737,0.024,False
230.83234900472436,0.019966092602157363,0.09670164497266827,0.8288636343071968,0.024,False
230.87658671902918,0.01996618084743102,0.09665918168337999,0.8288006963994972,0.024,False
230.92082443333396,0.019966269082582817,0.09661672326477296,0.8287377199661004,0.024,False
230.96506214763875,0.019966357307583876,0.09657426973067768,0.8286747049934037,0.024,False
231.00929986194356,0.019966445522405656,0.09653182109489111,0.8286116514677722,0.024,False
231.05353757624835,0.0199665337270195,0.09648937737117534,0.8285485593755404,0.024,False
231.09777529055316,0.01996662192139691,0.09644693857326012,0.8284854287030134,0.024,False
231.14201300485794,0.0199667101055094,0.09640450471484076,0.8284222594364654,0.024,False
231.18625071916273,0.019966798279328526,0.09636207580957915,0.8283590515621398,0.024,False
231.23048843346757,0.019966886442826057,0.09631965187110426,0.8282958050662502,0.024,False
231.27472614777233,0.01996697459597371,0.09627723291301171,0.8282325199349799,0.024,False
231.31896386207717,0.019967062738743303,0.09623481894886309,0.8281691961544809,0.024,False
231.36320157638195,0.019967150871106645,0.0961924099921874,0.8281058337108763,0.024,False
231.40743929068677,0.019967238993035763,0.09615000605648052,0.8280424325902577,0.024,False
231.45167700499155,0.019967327104502684,0.09610760715520443,0.8279789927786856,0.024,False
231.49591471929634,0.019967415205479514,0.09606521330178923,0.8279155142621916,0.024,False
231.54015243360115,0.019967503295938386,0.09602282450963162,0.8278519970267769,0.024,False
231.58439014790594,0.01996759137585149,0.09598044079209507,0.8277884410584119,0.024,False
231.62862786221078,0.01996767944519121,0.09593806216251084,0.8277248463430362,0.024,False
231.67286557651553,0.01996776750392981,0.09589568863417676,0.82766121286656,0.024,False
231.71710329082032,0.01996785555203978,0.0958533202203587,0.8275975406148627,0.024,False
231.76134100512516,0.019967943589493605,0.09581095693428981,0.8275338295737937,0.024,False
231.80557871942992,0.019968031616263836,0.09576859878917034,0.8274700797291721,0.024,False
231.84981643373476,0.019968119632323117,0.09572624579816792,0.8274062910667855,0.024,False
231.89405414803954,0.019968207637644175,0.09568389797441854,0.8273424635723929,0.024,False
231.9382918623443,0.019968295632199796,0.09564155533102572,0.8272785972317227,0.024,False
231.98252957664914,0.01996838361596272,0.09559921788105993,0.8272146920304723,0.024,False
232.02676729095393,0.019968471588905964,0.09555688563756036,0.827150747954309,0.024,False
232.07100500525874,0.019968559551002445,0.09551455861353345,0.8270867649888703,0.024,False
232.11524271956353,0.01996864750222522,0.09547223682195387,0.8270227431197632,0.024,False
232.1594804338683,0.019968735442547403,0.09542992027576407,0.8269586823325641,0.024,False
232.20371814817315,0.019968823371942095,0.09538760898787467,0.8268945826128198,0.024,False
232.2479558624779,0.019968911290382634,0.09534530297116524,0.8268304439460473,0.024,False
232.29219357678272,0.019968999197842275,0.09530300223848245,0.8267662663177322,0.024,False
232.33643129108754,0.019969087094294333,0.09526070680264144,0.8267020497133306,0.024,False
232.3806690053923,0.019969174979712245,0.0952184166764264,0.8266377941182692,0.024,False
232.4249067196971,0.01996926285406955,0.09517613187258905,0.8265734995179426,0.024,False
232.46914443400192,0.019969350717339854,0.09513385240385011,0.8265091658977162,0.024,False
232.5133821483067,0.019969438569496734,0.09509157828289865,0.8264447932429253,0.024,False
232.5576198626115,0.019969526410513916,0.09504930952239274,0.8263803815388756,0.024,False
232.6018575769163,0.019969614240365165,0.09500704613495854,0.8263159307708415,0.024,False
232.64609529122112,0.01996970205902425,0.09496478813319147,0.8262514409240687,0.024,False
232.6903330055259,0.019969789866465106,0.09492253552965553,0.8261869119837713,0.024,False
232.7345707198307,0.01996987766266165,0.0948802883368837,0.8261223439351346,0.024,False
232.7788084341355,0.01996996544758794,0.09483804656737754,0.8260577367633122,0.024,False
232.82304614844028,0.019970053221218035,0.09479581023360836,0.8259930904534295,0.024,False
232.8672838627451,0.019970140983526098,0.0947535793480155,0.8259284049905797,0.024,False
232.91152157704988,0.01997022873448634,0.09471135392300842,0.8258636803598278,0.024,False
232.9557592913547,0.019970316474073022,0.09466913397096535,0.8257989165462076,0.024,False
232.99999700565948,0.019970404202260515,0.09462691950423387,0.8257341135347233,0.024,False
233.04423471996432,0.019970491919023125,0.09458471053513079,0.8256692713103492,0.024,False
233.08847243426908,0.019970579624335398,0.09454250707594257,0.8256043898580291,0.024,False
233.13271014857386,0.019970667318171886,0.09450030913892467,0.825539469162676,0.024,False
233.1769478628787,0.019970755000507153,0.09445811673630276,0.8254745092091746,0.024,False
233.22118557718346,0.01997084267131589,0.09441592988027177,0.8254095099823786,0.024,False
233.2654232914883,0.019970930330572775,0.09437374858299627,0.825344471467112,0.024,False
233.3096610057931,0.01997101797825259,0.09433157285661055,0.8252793936481685,0.024,False
233.35389872009785,0.01997110561433019,0.09428940271321867,0.8252142765103117,0.024,False
233.3981364344027,0.019971193238780483,0.09424723816489437,0.8251491200382749,0.024,False
233.44237414870747,0.019971280851578444,0.09420507922368213,0.8250839242167629,0.024,False
233.4866118630123,0.019971368452699065,0.09416292590159546,0.8250186890304492,0.024,False
233.53084957731707,0.019971456042117506,0.09412077821061855,0.8249534144639773,0.024,False
233.57508729162186,0.019971543619808935,0.0940786361627049,0.8248881005019602,0.024,False
233.6193250059267,0.019971631185748524,0.09403649976977939,0.8248227471289831,0.024,False
233.66356272023145,0.019971718739911548,0.09399436904373619,0.8247573543295994,0.024,False
233.7078004345363,0.01997180628227336,0.09395224399644005,0.824691922088333,0.024,False
233.75203814884108,0.019971893812809383,0.09391012463972649,0.8246264503896782,0.024,False
233.79627586314584,0.01997198133149506,0.09386801098540072,0.8245609392180986,0.024,False
233.84051357745068,0.019972068838305924,0.093825903045239,0.8244953885580287,0.024,False
233.88475129175546,0.019972156333217566,0.09378380083098836,0.8244297983938731,0.024,False
233.92898900606025,0.019972243816205645,0.09374170435436577,0.8243641687100056,0.024,False
233.97322672036506,0.01997233128724583,0.0936996136270591,0.8242984994907707,0.024,False
234.01746443466985,0.01997241874631394,0.09365752866072756,0.8242327907204834,0.024,False
234.0617021489747,0.01997250619338576,0.09361544946700029,0.8241670423834278,0.024,False
234.10593986327945,0.01997259362843724,0.09357337605747809,0.8241012544638586,0.024,False
234.15017757758426,0.019972681051444292,0.09353130844373249,0.8240354269460016,0.024,False
234.19441529188907,0.019972768462382898,0.09348924663730533,0.8239695598140511,0.024,False
234.23865300619383,0.019972855861229193,0.09344719064971052,0.8239036530521723,0.024,False
234.28289072049864,0.0199729432479593,0.09340514049243255,0.8238377066445005,0.024,False
234.32712843480346,0.019973030622549424,0.09336309617692713,0.8237717205751409,0.024,False
234.37136614910824,0.019973117984975843,0.09332105771462124,0.8237056948281687,0.024,False
234.41560386341305,0.019973205335214787,0.09327902511691362,0.823639629387631,0.024,False
234.45984157771787,0.019973292673242656,0.09323699839517383,0.8235735242375432,0.024,False
234.50407929202262,0.01997337999903574,0.09319497756074294,0.8235073793618923,0.024,False
234.54831700632744,0.019973467312570634,0.09315296262493426,0.823441194744635,0.024,False
234.59255472063225,0.01997355461382398,0.09311095359903158,0.8233749703696959,0.024,False
234.636792434937,0.019973641902772333,0.09306895049429068,0.8233087062209724,0.024,False
234.68103014924185,0.01997372917939241,0.0930269533219395,0.8232424022823315,0.024,False
234.72526786354663,0.01997381644366093,0.09298496209317733,0.8231760585376103,0.024,False
234.76950557785145,0.01997390369555466,0.0929429768191753,0.8231096749706164,0.024,False
234.81374329215623,0.019973990935050468,0.09290099751107639,0.823043251565127,0.024,False
234.85798100646102,0.01997407816212519,0.09285902417999566,0.8229767883048906,0.024,False
234.90221872076586,0.0199741653767558,0.09281705683701987,0.8229102851736253,0.024,False
234.94645643507062,0.01997425257891935,0.09277509549320842,0.8228437421550192,0.024,False
234.9906941493754,0.019974339768592878,0.0927331401595922,0.8227771592327313,0.024,False
235.03493186368024,0.019974426945753538,0.09269119084717492,0.8227105363903907,0.024,False
235.079169577985,0.01997451411037849,0.09264924756693231,0.8226438736115972,0.024,False
235.12340729228984,0.019974601262444998,0.09260731032981127,0.8225771708799186,0.024,False
235.16764500659463,0.019974688401930393,0.09256537914673262,0.8225104281788953,0.024,False
235.21188272089938,0.019974775528812,0.09252345402858891,0.8224436454920377,0.024,False
235.25612043520422,0.019974862643067293,0.09248153498624576,0.8223768228028263,0.024,False
235.300358149509,0.019974949744673728,0.09243962203054047,0.8223099600947115,0.024,False
235.34459586381385,0.01997503683360875,0.09239771517228342,0.822243057351115,0.024,False
235.3888335781186,0.01997512390985006,0.09235581442225743,0.822176114555427,0.024,False
235.4330712924234,0.019975210973375256,0.09231391979121842,0.8221091316910103,0.024,False
235.47730900672823,0.019975298024162067,0.09227203128989495,0.8220421087411965,0.024,False
235.521546721033,0.01997538506218826,0.09223014892898795,0.8219750456892873,0.024,False
235.56578443533783,0.01997547208743162,0.09218827271917182,0.8219079425185563,0.024,False
235.61002214964262,0.019975559099870026,0.09214640267109386,0.8218407992122461,0.024,False
235.65425986394737,0.01997564609948143,0.09210453879537421,0.8217736157535703,0.024,False
235.69849757825222,0.019975733086243782,0.09206268110260604,0.8217063921257126,0.024,False
235.742735292557,0.01997582006013514,0.09202082960335586,0.8216391283118274,0.024,False
235.7869730068618,0.019975907021133634,0.09197898430816362,0.8215718242950393,0.024,False
235.8312107211666,0.019975993969217336,0.09193714522754154,0.8215044800584428,0.024,False
235.8754484354714,0.019976080904364566,0.0918953123719762,0.8214370955851032,0.024,False
235.9196861497762,0.0199761678265535,0.09185348575192716,0.8213696708580567,0.024,False
235.96392386408098,0.019976254735762495,0.09181166537782766,0.8213022058603096,0.024,False
236.0081615783858,0.01997634163196992,0.09176985126008382,0.8212347005748378,0.024,False
236.05239929269058,0.019976428515154198,0.09172804340907569,0.8211671549845884,0.024,False
236.0966370069954,0.019976515385293797,0.09168624183515721,0.8210995690724794,0.024,False
236.1408747213002,0.019976602242367275,0.09164444654865582,0.8210319428213986,0.024,False
236.185112435605,0.019976689086353173,0.09160265755987256,0.8209642762142046,0.024,False
236.22935014990978,0.01997677591723019,0.09156087487908222,0.8208965692337259,0.024,False
236.2735878642146,0.019976862734977095,0.0915190985165332,0.8208288218627606,0.024,False
236.3178255785194,0.019976949539572467,0.09147732848244838,0.82076103408408,0.024,False
236.36206329282416,0.01997703633099527,0.09143556478702412,0.8206932058804228,0.024,False
236.40630100712897,0.019977123109224337,0.09139380744043127,0.8206253372345005,0.024,False
236.4505387214338,0.01997720987423855,0.09135205645281418,0.8205574281289938,0.024,False
236.49477643573857,0.019977296626016917,0.09131031183429204,0.8204894785465546,0.024,False
236.53901415004339,0.019977383364538446,0.09126857359495776,0.8204214884698052,0.024,False
236.58325186434817,0.019977470089782186,0.09122684174487812,0.8203534578813374,0.024,False
236.62748957865296,0.01997755680172731,0.09118511629409479,0.8202853867637145,0.024,False
236.67172729295777,0.019977643500352995,0.09114339725262414,0.8202172750994706,0.024,False
236.71596500726255,0.019977730185638486,0.09110168463045601,0.8201491228711093,0.024,False
236.7602027215674,0.01997781685756308,0.09105997843755533,0.8200809300611054,0.024,False
236.80444043587215,0.019977903516106035,0.09101827868386163,0.8200126966519047,0.024,False
236.84867815017697,0.019977990161246833,0.09097658537928836,0.8199444226259218,0.024,False
236.89291586448178,0.01997807679296492,0.0909348985337244,0.8198761079655436,0.024,False
236.93715357878654,0.01997816341123975,0.09089321815703295,0.8198077526531269,0.024,False
236.98139129309138,0.019978250016050886,0.09085154425905197,0.8197393566709988,0.024,False
237.02562900739616,0.019978336607377918,0.0908098768495943,0.8196709200014578,0.024,False
237.06986672170092,0.01997842318520047,0.09076821593844776,0.8196024426267723,0.024,False
237.11410443600576,0.019978509749498392,0.09072656153537483,0.8195339245291804,0.024,False
237.15834215031055,0.019978596300251412,0.09068491365011341,0.8194653656908923,0.024,False
237.20257986461536,0.019978682837439324,0.09064327229237576,0.8193967660940877,0.024,False
237.24681757892014,0.019978769361042002,0.09060163747184972,0.8193281257209176,0.024,False
237.29105529322499,0.019978855871039345,0.09056000919819841,0.8192594445535036,0.024,False
237.33529300752974,0.019978942367411337,0.09051838748105984,0.8191907225739378,0.024,False
237.37953072183453,0.01997902885013801,0.09047677233004722,0.819121959764282,0.024,False
237.42376843613937,0.019979115319199433,0.09043516375474914,0.8190531561065696,0.024,False
237.46800615044413,0.01997920177457573,0.09039356176472982,0.8189843115828045,0.024,False
237.51224386474897,0.019979288216247077,0.09035196636952886,0.8189154261749614,0.024,False
237.55648157905375,0.019979374644193644,0.09031037757866116,0.8188464998649855,0.024,False
237.60071929335854,0.019979461058395757,0.09026879540161721,0.8187775326347922,0.024,False
237.64495700766335,0.019979547458833763,0.09022721984786307,0.8187085244662676,0.024,False
237.68919472196814,0.01997963384548802,0.09018565092684044,0.8186394753412688,0.024,False
237.73343243627295,0.019979720218338964,0.0901440886479667,0.8185703852416232,0.024,False
237.77767015057773,0.019979806577367087,0.09010253302063535,0.8185012541491293,0.024,False
237.82190786488252,0.01997989292255287,0.09006098405421523,0.8184320820455563,0.024,False
237.86614557918736,0.019979979253876925,0.09001944175805146,0.8183628689126438,0.024,False
237.91038329349212,0.01998006557131989,0.08997790614146453,0.8182936147321015,0.024,False
237.95462100779693,0.01998015187486238,0.08993637721375128,0.818224319485611,0.024,False
237.99885872210174,0.019980238164485176,0.08989485498418431,0.8181549831548232,0.024,False
238.0430964364065,0.019980324440169114,0.08985333946201264,0.81808560572136,0.024,False
238.0873341507113,0.01998041070189492,0.08981183065646142,0.8180161871668157,0.024,False
238.13157186501613,0.019980496949643524,0.08977032857673203,0.8179467274727537,0.024,False
238.17580957932094,0.01998058318339584,0.08972883323200151,0.8178772266207076,0.024,False
238.22004729362573,0.019980669403132843,0.08968734463142414,0.8178076845921836,0.024,False
238.2642850079305,0.019980755608835596,0.08964586278412981,0.8177381013686569,0.024,False
238.30852272223532,0.01998084180048516,0.08960438769922517,0.8176684769315743,0.024,False
238.3527604365401,0.019980927978062606,0.08956291938579287,0.817598811262353,0.024,False
238.39699815084492,0.019981014141549135,0.08952145785289242,0.8175291043423806,0.024,False
238.4412358651497,0.01998110029092599,0.08948000310956047,0.8174593561530169,0.024,False
238.4854735794545,0.019981186426174413,0.0894385551648089,0.8173895666755902,0.024,False
238.5297112937593,0.019981272547275768,0.0893971140276273,0.8173197358914007,0.024,False
238.57394900806412,0.01998135865421142,0.08935567970698215,0.81724986378172,0.024,False
238.6181867223689,0.019981444746962704,0.0893142522118159,0.8171799503277901,0.024,False
238.6624244366737,0.019981530825511153,0.08927283155104819,0.8171099955108225,0.024,False
238.70666215097853,0.01998161688983826,0.0892314177335759,0.8170399993120014,0.024,False
238.7508998652833,0.0199817029399256,0.08919001076827228,0.8169699617124803,0.024,False
238.79513757958807,0.019981788975754772,0.0891486106639883,0.8168998826933846,0.024,False
238.8393752938929,0.019981874997307462,0.08910721742955094,0.8168297622358089,0.024,False
238.88361300819767,0.019981961004565285,0.08906583107376495,0.8167596003208206,0.024,False
238.9278507225025,0.019982046997510036,0.08902445160541204,0.8166893969294562,0.024,False
238.9720884368073,0.019982132976123536,0.08898307903325155,0.8166191520427242,0.024,False
239.01632615111208,0.019982218940387597,0.08894171336601937,0.8165488656416031,0.024,False
239.0605638654169,0.01998230489028414,0.08890035461242873,0.8164785377070417,0.024,False
239.10480157972168,0.0199823908257951,0.08885900278117081,0.816408168219961,0.024,False
239.14903929402652,0.019982476746902407,0.08881765788091375,0.8163377571612525,0.024,False
239.19327700833128,0.019982562653588148,0.08877631992030341,0.8162673045117776,0.024,False
239.23751472263606,0.0199826485458344,0.08873498890796287,0.8161968102523696,0.024,False
239.2817524369409,0.019982734423623288,0.08869366485249319,0.816126274363832,0.024,False
239.32599015124566,0.019982820286937004,0.08865234776247283,0.8160556968269397,0.024,False
239.3702278655505,0.019982906135757747,0.08861103764645707,0.8159850776224365,0.024,False
239.4144655798553,0.019982991970067823,0.08856973451298013,0.8159144167310395,0.024,False
239.45870329416005,0.01998307778984941,0.0885284383705535,0.8158437141334363,0.024,False
239.5029410084649,0.01998316359508499,0.08848714922766693,0.8157729698102846,0.024,False
239.54717872276967,0.01998324938575695,0.08844586709278725,0.8157021837422128,0.024,False
239.5914164370745,0.019983335161847714,0.0884045919743595,0.8156313559098204,0.024,False
239.63565415137927,0.019983420923339802,0.08836332388080712,0.8155604862936783,0.024,False
239.67989186568406,0.019983506670215798,0.08832206282053069,0.8154895748743266,0.024,False
239.7241295799889,0.019983592402458106,0.08828080880190953,0.8154186216322793,0.024,False
239.76836729429365,0.01998367812004959,0.08823956183330105,0.8153476265480177,0.024,False
239.81260500859847,0.019983763822972803,0.0881983219230408,0.8152765896019972,0.024,False
239.85684272290328,0.019983849511210367,0.08815708907944196,0.8152055107746423,0.024,False
239.90108043720804,0.01998393518474517,0.08811586331079711,0.8151343900463491,0.024,False
239.94531815151288,0.019984020843559894,0.08807464462537616,0.8150632273974847,0.024,False
239.98955586581766,0.019984106487637515,0.08803343303142769,0.8149920228083857,0.024,False
240.03379358012245,0.019984192116961,0.08799222853717883,0.81492077625936,0.024,False
240.07803129442726,0.019984277731513282,0.08795103115083493,0.8148494877306872,0.024,False
240.12226900873208,0.019984363331277327,0.0879098408805802,0.8147781572026178,0.024,False
240.16650672303683,0.019984448916236183,0.08786865773457701,0.8147067846553727,0.024,False
240.21074443734165,0.019984534486372937,0.08782748172096673,0.8146353700691442,0.024,False
240.25498215164646,0.019984620041670693,0.08778631284786885,0.8145639134240951,0.024,False
240.29921986595127,0.019984705582112572,0.08774515112338227,0.81449241470036,0.024,False
240.34345758025606,0.019984791107681876,0.08770399655558445,0.8144208738780436,0.024,False
240.38769529456084,0.019984876618361826,0.08766284915253117,0.8143492909372215,0.024,False
240.43193300886566,0.01998496211413571,0.08762170892225772,0.8142776658579407,0.024,False
240.47617072317044,0.01998504759498688,0.08758057587277798,0.8142059986202193,0.024,False
240.52040843747523,0.019985133060898736,0.0875394500120845,0.8141342892040451,0.024,False
240.56464615178007,0.019985218511854676,0.0874983313481494,0.8140625375893784,0.024,False
240.60888386608482,0.019985303947838172,0.08745721988892337,0.8139907437561498,0.024,False
240.6531215803896,0.019985389368832783,0.08741611564233687,0.8139189076842608,0.024,False
240.69735929469445,0.019985474774822033,0.08737501861629857,0.8138470293535839,0.024,False
240.7415970089992,0.019985560165789545,0.08733392881869738,0.8137751087439629,0.024,False
240.78583472330405,0.019985645541718996,0.08729284625740069,0.8137031458352121,0.024,False
240.83007243760883,0.019985730902594083,0.08725177094025524,0.8136311406071164,0.024,False
240.8743101519136,0.01998581624839844,0.08721070287508743,0.8135590930394333,0.024,False
240.91854786621843,0.019985901579115964,0.08716964206970308,0.8134870031118896,0.024,False
240.96278558052322,0.019985986894730426,0.08712858853188718,0.813414870804184,0.024,False
241.00702329482806,0.019986072195225694,0.08708754226940407,0.8133426960959854,0.024,False
241.05126100913282,0.019986157480585687,0.08704650328999824,0.8132704789669348,0.024,False
241.0954987234376,0.019986242750794365,0.08700547160139292,0.8131982193966426,0.024,False
241.13973643774244,0.019986328005835663,0.0869644472112919,0.8131259173646928,0.024,False
241.1839741520472,0.01998641324569367,0.08692343012737788,0.8130535728506376,0.024,False
241.22821186635204,0.01998649847035246,0.08688242035731393,0.812981185834002,0.024,False
241.27244958065683,0.019986583679796166,0.08684141790874264,0.8129087562942818,0.024,False
241.31668729496158,0.019986668874008885,0.08680042278928567,0.8128362842109426,0.024,False
241.36092500926642,0.01998675405297487,0.08675943500654576,0.8127637695634226,0.024,False
241.4051627235712,0.019986839216678376,0.08671845456810474,0.8126912123311296,0.024,False
241.44940043787602,0.0199869243651036,0.08667748148152503,0.8126186124934447,0.024,False
241.4936381521808,0.019987009498234915,0.08663651575434848,0.8125459700297177,0.024,False
241.53787586648562,0.01998709461605673,0.08659555739409733,0.8124732849192702,0.024,False
241.5821135807904,0.01998717971855338,0.08655460640827342,0.8124005571413948,0.024,False
241.6263512950952,0.019987264805709372,0.08651366280435946,0.8123277866753554,0.024,False
241.67058900940003,0.01998734987750919,0.08647272658981786,0.8122549735003866,0.024,False
241.71482672370482,0.019987434933937395,0.08643179777209142,0.812182117595694,0.024,False
241.7590644380096,0.019987519974978458,0.08639087635860354,0.812109218940456,0.024,False
241.80330215231442,0.019987605000617078,0.08634996235675733,0.8120362775138192,0.024,False
241.8475398666192,0.0199876900108379,0.08630905577393655,0.8119632932949029,0.024,False
241.89177758092399,0.01998777500562562,0.08626815661750571,0.8118902662627976,0.024,False
241.9360152952288,0.01998785998496499,0.08622726489480918,0.8118171963965638,0.024,False
241.9802530095336,0.019987944948840763,0.08618638061317237,0.8117440836752344,0.024,False
242.02449072383837,0.01998802989723773,0.0861455037799009,0.8116709280778127,0.024,False
242.06872843814318,0.01998811483014076,0.08610463440228142,0.8115977295832735,0.024,False
242.112966152448,0.019988199747534796,0.08606377248758043,0.811524488170561,0.024,False
242.15720386675278,0.01998828464940472,0.0860229180430459,0.8114512038185928,0.024,False
242.2014415810576,0.01998836953573552,0.08598207107590639,0.8113778765062566,0.024,False
242.24567929536238,0.019988454406512236,0.08594123159337116,0.8113045062124112,0.024,False
242.28991700966716,0.019988539261719958,0.08590039960263052,0.8112310929158865,0.024,False
242.33415472397198,0.01998862410134369,0.08585957511085479,0.811157636595483,0.024,False
242.37839243827676,0.01998870892536863,0.08581875812519611,0.8110841372299732,0.024,False
242.4226301525816,0.01998879373377997,0.08577794865278739,0.8110105947980998,0.024,False
242.46686786688636,0.019988878526562927,0.08573714670074285,0.810937009278578,0.024,False
242.51110558119117,0.019988963303702735,0.0856963522761568,0.8108633806500926,0.024,False
242.555343295496,0.019989048065184704,0.08565556538610501,0.8107897088912992,0.024,False
242.59958100980074,0.01998913281099416,0.08561478603764548,0.8107159939808269,0.024,False
242.64381872410559,0.01998921754111645,0.08557401423781638,0.810642235897275,0.024,False
242.68805643841037,0.01998930225553695,0.08553324999363678,0.8105684346192121,0.024,False
242.73229415271513,0.0199893869542412,0.08549249331210765,0.8104945901251793,0.024,False
242.77653186701997,0.019989471637214658,0.08545174420021166,0.8104207023936895,0.024,False
242.82076958132475,0.019989556304442838,0.0854110026649122,0.8103467714032261,0.024,False
242.86500729562957,0.01998964095591135,0.08537026871315402,0.8102727971322427,0.024,False
242.90924500993435,0.019989725591605775,0.08532954235186364,0.8101987795591653,0.024,False
242.9534827242392,0.019989810211511732,0.0852888235879489,0.8101247186623907,0.024,False
242.99772043854395,0.01998989481561487,0.08524811242829937,0.8100506144202873,0.024,False
243.04195815284874,0.01998997940390098,0.08520740887978602,0.8099764668111934,0.024,False
243.08619586715358,0.01999006397635583,0.08516671294926165,0.8099022758134192,0.024,False
243.13043358145836,0.01999014853296518,0.08512602464356062,0.8098280414052467,0.024,False
243.17467129576318,0.01999023307371487,0.08508534396949882,0.8097537635649279,0.024,False
243.21890901006796,0.0199903175985908,0.08504467093387397,0.809679442270686,0.024,False
243.26314672437275,0.01999040210757879,0.08500400554346565,0.8096050775007164,0.024,False
243.30738443867756,0.019990486600664877,0.08496334780503574,0.8095306692331854,0.024,False
243.35162215298234,0.019990571077835036,0.08492269772532746,0.8094562174462299,0.024,False
243.39585986728716,0.019990655539075263,0.08488205531106588,0.8093817221179578,0.024,False
243.44009758159194,0.01999073998437156,0.08484142056895853,0.8093071832264499,0.024,False
243.48433529589673,0.019990824413710116,0.08480079350569453,0.8092326007497558,0.024,False
243.52857301020157,0.01999090882707708,0.08476017412794552,0.8091579746658977,0.024,False
243.57281072450633,0.019990993224458655,0.08471956244236493,0.8090833049528684,0.024,False
243.61704843881114,0.0199910776058409,0.084678958455588,0.8090085915886328,0.024,False
243.66128615311595,0.0199911619712102,0.08463836217423279,0.8089338345511257,0.024,False
243.7055238674207,0.01999124632055281,0.08459777360489909,0.8088590338182535,0.024,False
243.74976158172552,0.019991330653855038,0.0845571927541693,0.8087841893678944,0.024,False
243.79399929603034,0.01999141497110325,0.08451661962860829,0.8087093011778979,0.024,False
243.83823701033515,0.019991499272283844,0.08447605423476287,0.8086343692260837,0.024,False
243.88247472463993,0.019991583557383275,0.08443549657916226,0.808559393490243,0.024,False
243.92671243894472,0.01999166782638786,0.08439494666831814,0.8084843739481393,0.024,False
243.97095015324953,0.019991752079284282,0.08435440450872506,0.8084093105775055,0.024,False
244.01518786755432,0.019991836316059008,0.08431387010685959,0.8083342033560467,0.024,False
244.05942558185913,0.01999192053669864,0.08427334346918147,0.8082590522614398,0.024,False
244.10366329616392,0.019992004741189767,0.08423282460213244,0.8081838572713319,0.024,False
244.1479010104687,0.019992088929519015,0.08419231351213745,0.8081086183633425,0.024,False
244.1921387247735,0.019992173101673075,0.08415181020560325,0.8080333355150603,0.024,False
244.23637643907833,0.019992257257638615,0.08411131468892041,0.8079580087040479,0.024,False
244.2806141533831,0.019992341397402472,0.0840708269684616,0.8078826379078367,0.024,False
244.3248518676879,0.019992425520951446,0.0840303470505824,0.8078072231039299,0.024,False
244.36908958199274,0.019992509628272374,0.08398987494162148,0.8077317642698028,0.024,False
244.4133272962975,0.01999259371935209,0.08394941064790012,0.8076562613829013,0.024,False
244.45756501060228,0.019992677794177502,0.08390895417572268,0.8075807144206427,0.024,False
244.50180272490712,0.01999276185273555,0.08386850553137656,0.8075051233604157,0.024,False
244.5460404392119,0.01999284589501327,0.0838280647211319,0.8074294881795788,0.024,False
244.59027815351672,0.01999292992099747,0.08378763175124247,0.8073538088554657,0.024,False
244.6345158678215,0.019993013930675353,0.08374720662794438,0.8072780853653763,0.024,False
244.6787535821263,0.019993097924033983,0.08370678935745753,0.8072023176865846,0.024,False
244.7229912964311,0.019993181901060437,0.08366637994598457,0.8071265057963355,0.024,False
244.7672290107359,0.019993265861741816,0.08362597839971184,0.8070506496718457,0.024,False
244.81146672504073,0.019993349806065364,0.08358558472480836,0.8069747492903013,0.024,False
244.8557044393455,0.0199934337340183,0.08354519892742708,0.8068988046288615,0.024,False
244.89994215365027,0.019993517645587836,0.08350482101370384,0.8068228156646561,0.024,False
244.9441798679551,0.019993601540761238,0.08346445098975784,0.8067467823747858,0.024,False
244.98841758225987,0.01999368541952589,0.0834240888616919,0.8066707047363227,0.024,False
245.0326552965647,0.019993769281869116,0.08338373463559237,0.8065945827263105,0.024,False
245.0768930108695,0.019993853127778266,0.08334338831752872,0.8065184163217638,0.024,False
245.12113072517425,0.019993936957240797,0.08330304991355476,0.8064422054996694,0.024,False
245.1653684394791,0.019994020770244175,0.08326271942970684,0.8063659502369835,0.024,False
245.20960615378388,0.01999410456677593,0.08322239687200572,0.8062896505106351,0.024,False
245.25384386808872,0.01999418834682339,0.0831820822464559,0.8062133062975261,0.024,False
245.29808158239348,0.019994272110374276,0.0831417755590443,0.8061369175745244,0.024,False
245.34231929669826,0.019994355857416154,0.0831014768157431,0.806060484318474,0.024,False
245.3865570110031,0.019994439587936615,0.08306118602250742,0.8059840065061882,0.024,False
245.43079472530786,0.019994523301923382,0.0830209031852766,0.8059074841144518,0.024,False
245.47503243961268,0.019994606999364038,0.08298062830997399,0.8058309171200225,0.024,False
245.5192701539175,0.019994690680246393,0.0829403614025062,0.8057543054996265,0.024,False
245.56350786822225,0.019994774344558142,0.08290010246876438,0.8056776492299637,0.024,False
245.6077455825271,0.0199948579922871,0.08285985151462304,0.805600948287703,0.024,False
245.65198329683187,0.019994941623421126,0.08281960854594149,0.8055242026494869,0.024,False
245.69622101113666,0.019995025237948064,0.0827793735685621,0.8054474122919268,0.024,False
245.74045872544147,0.019995108835855795,0.08273914658831234,0.8053705771916077,0.024,False
245.78469643974628,0.019995192417132258,0.08269892761100332,0.8052936973250846,0.024,False
245.82893415405104,0.0199952759817654,0.08265871664243019,0.8052167726688839,0.024,False
245.87317186835585,0.01999535952974322,0.08261851368837245,0.8051398031995035,0.024,False
245.91740958266067,0.01999544306105369,0.08257831875459407,0.8050627888934131,0.024,False
245.96164729696548,0.01999552657568486,0.08253813184684294,0.8049857297270531,0.024,False
246.00588501127027,0.019995610073624888,0.08249795297085186,0.8049086256768354,0.024,False
246.05012272557505,0.01999569355486185,0.08245778213233705,0.8048314767191425,0.024,False
246.09436043987986,0.01999577701938392,0.08241761933699975,0.8047542828303288,0.024,False
246.13859815418465,0.019995860467179286,0.08237746459052561,0.8046770439867202,0.024,False
246.18283586848943,0.01999594389823615,0.08233731789858469,0.8045997601646139,0.024,False
246.22707358279428,0.019996027312542783,0.08229717926683187,0.8045224313402786,0.024,False
246.27131129709903,0.01999611071008735,0.08225704870090568,0.8044450574899537,0.024,False
246.31554901140385,0.019996194090858302,0.08221692620643006,0.8043676385898495,0.024,False
246.35978672570866,0.01999627745484396,0.08217681178901347,0.804290174616149,0.024,False
246.40402444001342,0.01999636080203269,0.08213670545424895,0.8042126655450058,0.024,False
246.44826215431826,0.019996444132412892,0.08209660720771385,0.8041351113525445,0.024,False
246.49249986862304,0.019996527445972998,0.08205651705497077,0.8040575120148613,0.024,False
246.5367375829278,0.01999661074270149,0.08201643500156701,0.8039798675080242,0.024,False
246.58097529723264,0.019996694022586903,0.08197636105303467,0.8039021778080722,0.024,False
246.62521301153743,0.01999677728561764,0.08193629521489021,0.8038244428910155,0.024,False
246.66945072584227,0.019996860531782408,0.08189623749263567,0.8037466627328352,0.024,False
246.71368844014702,0.019996943761069787,0.08185618789175748,0.8036688373094838,0.024,False
246.7579261544518,0.019997026973468376,0.08181614641772761,0.8035909665968867,0.024,False
246.80216386875665,0.019997110168966836,0.08177611307600247,0.8035130505709388,0.024,False
246.8464015830614,0.019997193347553874,0.08173608787202369,0.803435089207507,0.024,False
246.89063929736625,0.019997276509218186,0.081696070811218,0.8033570824824294,0.024,False
246.93487701167103,0.019997359653948586,0.0816560618989972,0.8032790303715155,0.024,False
246.9791147259758,0.019997442781733748,0.08161606114075842,0.803200932850547,0.024,False
247.02335244028063,0.019997525892562568,0.08157606854188355,0.8031227898952751,0.024,False
247.06759015458542,0.01999760898642388,0.08153608410774021,0.8030446014814239,0.024,False
247.11182786889023,0.019997692063306566,0.08149610784368094,0.8029663675846884,0.024,False
247.15606558319502,0.019997775123199512,0.0814561397550436,0.8028880881807345,0.024,False
247.20030329749983,0.019997858166091682,0.08141617984715192,0.802809763245201,0.024,False
247.24454101180464,0.019997941191972037,0.08137622812531381,0.8027313927536954,0.024,False
247.2887787261094,0.019998024200829585,0.0813362845948232,0.8026529766817979,0.024,False
247.33301644041424,0.019998107192653294,0.08129634926095983,0.802574515005061,0.024,False
247.37725415471903,0.019998190167432265,0.08125642212898869,0.802496007699008,0.024,False
247.4214918690238,0.019998273125155598,0.08121650320415982,0.8024174547391321,0.024,False
247.46572958332862,0.01999835606581241,0.08117659249170964,0.8023388561008999,0.024,False
247.5099672976334,0.01999843898939183,0.08113668999685952,0.8022602117597488,0.024,False
247.5542050119382,0.019998521895883033,0.0810967957248163,0.8021815216910865,0.024,False
247.598442726243,0.01999860478527525,0.08105690968077323,0.8021027858702935,0.024,False
247.64268044054782,0.01999868765755773,0.08101703186990808,0.8020240042727196,0.024,False
247.6869181548526,0.019998770512719685,0.0809771622973854,0.8019451768736884,0.024,False
247.7311558691574,0.019998853350750377,0.08093730096835534,0.8018663036484948,0.024,False
247.7753935834622,0.019998936171639125,0.08089744788795293,0.8017873845724022,0.024,False
247.819631297767,0.019999018975375555,0.08085760306130035,0.801708419620647,0.024,False
247.8638690120718,0.019999101761948565,0.08081776649350456,0.8016294087684397,0.024,False
247.9081067263766,0.019999184531347844,0.08077793818965882,0.8015503519909576,0.024,False
247.9523444406814,0.019999267283562886,0.08073811815484278,0.8014712492633519,0.024,False
247.99658215498619,0.019999350018583165,0.08069830639412136,0.8013921005607441,0.024,False
248.040819869291,0.01999943273639825,0.08065850291254562,0.8013129058582269,0.024,False
248.0850575835958,0.019999515436997482,0.08061870771515285,0.8012336651308669,0.024,False
248.12929529790057,0.019999598120370582,0.0805789208069663,0.8011543783536987,0.024,False
248.17353301220538,0.019999680786507098,0.08053914219299525,0.8010750455017303,0.024,False
248.2177707265102,0.01999976343539669,0.0804993718782353,0.8009956665499403,0.024,False
248.26200844081495,0.01999984606702892,0.08045960986766817,0.8009162414732798,0.024,False
248.3062461551198,0.01999992868139352,0.08041985616626174,0.8008367702466701,0.024,False
248.35048386942458,0.020000011278480164,0.08038011077897014,0.8007572528450044,0.024,False
248.39472158372936,0.020000093858278608,0.08034037371073346,0.8006776892431464,0.024,False
248.43895929803418,0.020000176420778514,0.08030064496647862,0.8005980794159332,0.024,False
248.48319701233896,0.020000258965969787,0.08026092455111858,0.8005184233381708,0.024,False
248.52743472664378,0.02000034149384222,0.08022121246955274,0.800438720984638,0.024,False
248.57167244094856,0.020000424004385658,0.080181508726667,0.8003589723300849,0.024,False
248.61591015525335,0.02000050649758998,0.08014181332733346,0.8002791773492324,0.024,False
248.6601478695582,0.020000588973445074,0.08010212627641121,0.8001993360167742,0.024,False
248.70438558386294,0.020000671431940852,0.08006244757874506,0.8001194483073734,0.024,False
248.7486232981678,0.02000075387306731,0.08002277723916693,0.8000395141956657,0.024,False
248.79286101247257,0.02000083629681441,0.07998311526249542,0.7999595336562584,0.024,False
248.83709872677738,0.020000918703172124,0.07994346165353546,0.7998795066637301,0.024,False
248.88133644108217,0.02000100109213056,0.07990381641707857,0.7997994331926297,0.024,False
248.92557415538695,0.02000108346367978,0.07986417955790306,0.7997193132174784,0.024,False
248.96981186969177,0.020001165817809894,0.07982455108077363,0.7996391467127676,0.024,False
249.01404958399655,0.020001248154510976,0.07978493099044238,0.7995589336529624,0.024,False
249.0582872983014,0.020001330473773216,0.07974531929164769,0.7994786740124974,0.024,False
249.10252501260615,0.020001412775586796,0.07970571598911501,0.7993983677657793,0.024,False
249.14676272691094,0.020001495059941924,0.07966612108755644,0.799318014887186,0.024,False
249.19100044121578,0.02000157732682873,0.079626534591671,0.7992376153510675,0.024,False
249.23523815552053,0.020001659576237604,0.079586956506145,0.7991571691317445,0.024,False
249.27947586982535,0.02000174180815882,0.07954738683565098,0.7990766762035081,0.024,False
249.32371358413016,0.020001824022582684,0.07950782558484892,0.7989961365406224,0.024,False
249.36795129843495,0.020001906219499502,0.07946827275838572,0.7989155501173227,0.024,False
249.41218901273976,0.02000198839889968,0.07942872836089548,0.7988349169078153,0.024,False
249.45642672704454,0.02000207056077361,0.07938919239699886,0.7987542368862772,0.024,False
249.50066444134936,0.020002152705111707,0.07934966487130397,0.7986735100268578,0.024,False
249.54490215565414,0.020002234831904418,0.07931014578840606,0.7985927363036776,0.024,False
249.58913986995893,0.02000231694114209,0.07927063515288796,0.7985119156908304,0.024,False
249.63337758426374,0.020002399032815442,0.07923113296931894,0.798431048162377,0.024,False
249.67761529856853,0.020002481106914893,0.07919163924225582,0.7983501336923533,0.024,False
249.72185301287334,0.020002563163431058,0.07915215397624296,0.7982691722547652,0.024,False
249.76609072717815,0.020002645202354473,0.07911267717581166,0.7981881638235905,0.024,False
249.8103284414829,0.02000272722367577,0.07907320884548068,0.7981071083727781,0.024,False
249.85456615578772,0.020002809227385586,0.07903374898975629,0.7980260058762485,0.024,False
249.89880387009254,0.020002891213474587,0.0789942976131315,0.7979448563078926,0.024,False
249.94304158439732,0.020002973181933503,0.07895485472008787,0.7978636596415744,0.024,False
249.9872792987021,0.02000305513275286,0.07891542031509308,0.7977824158511286,0.024,False
250.03151701300692,0.020003137065923566,0.07887599440260326,0.7977011249103604,0.024,False
250.07575472731173,0.02000321898143637,0.07883657698706184,0.7976197867930473,0.024,False
250.11999244161652,0.020003300879282038,0.07879716807290009,0.7975384014729392,0.024,False
250.16423015592133,0.020003382759451394,0.07875776766453602,0.797456968923755,0.024,False
250.20846787022612,0.020003464621935304,0.07871837576637623,0.7973754891191871,0.024,False
250.25270558453093,0.02000354646672462,0.0786789923828143,0.7972939620328983,0.024,False
250.2969432988357,0.020003628293810246,0.07863961751823166,0.797212387638523,0.024,False
250.3411810131405,0.02000371010318311,0.07860025117699766,0.7971307659096671,0.024,False
250.3854187274453,0.020003791894834057,0.07856089336346898,0.7970490968199084,0.024,False
250.4296564417501,0.020003873668754182,0.07852154408199072,0.7969673803427955,0.024,False
250.47389415605494,0.020003955424934435,0.07848220333689487,0.7968856164518475,0.024,False
250.5181318703597,0.020004037163365834,0.07844287113250195,0.7968038051205567,0.024,False
250.56236958466448,0.020004118884039444,0.07840354747312028,0.796721946322386,0.024,False
250.60660729896932,0.020004200586946325,0.07836423236304604,0.79664004003077,0.024,False
250.65084501327408,0.02000428227207756,0.07832492580656265,0.7965580862191136,0.024,False
250.69508272757892,0.02000436393942431,0.07828562780794261,0.7964760848607945,0.024,False
250.7393204418837,0.02000444558897771,0.07824633837144555,0.7963940359291609,0.024,False
250.7835581561885,0.020004527220728843,0.07820705750131964,0.7963119393975339,0.024,False
250.8277958704933,0.020004608834669015,0.07816778520180102,0.7962297952392042,0.024,False
250.8720335847981,0.02000469043078943,0.0781285214771134,0.7961476034274343,0.024,False
250.91627129910293,0.020004772009081323,0.07808926633146908,0.7960653639354586,0.024,False
250.9605090134077,0.02000485356953597,0.07805001976906895,0.7959830767364837,0.024,False
251.00474672771247,0.020004935112144632,0.0780107817941007,0.7959007418036855,0.024,False
251.04898444201731,0.020005016636898697,0.07797155241074168,0.7958183591102133,0.024,False
251.09322215632207,0.020005098143789462,0.0779323316231565,0.7957359286291867,0.024,False
251.1374598706269,0.020005179632808356,0.0778931194354986,0.7956534503336972,0.024,False
251.1816975849317,0.020005261103946584,0.0778539158519092,0.7955709241968084,0.024,False
251.22593529923645,0.020005342557195743,0.07781472087651872,0.7954883501915544,0.024,False
251.2701730135413,0.020005423992547233,0.07777553451344443,0.7954057282909395,0.024,False
251.31441072784608,0.020005505409992526,0.07773635676679334,0.7953230584679414,0.024,False
251.35864844215087,0.0200055868095231,0.07769718764066029,0.7952403406955089,0.024,False
251.40288615645568,0.02000566819113048,0.0776580271391286,0.7951575749465611,0.024,False
251.44712387076046,0.020005749554806197,0.07761887526627004,0.7950747611939899,0.024,False
251.4913615850653,0.020005830900541827,0.07757973202614547,0.7949918994106585,0.024,False
251.53559929937006,0.020005912228328974,0.07754059742280325,0.7949089895694,0.024,False
251.57983701367488,0.020005993538159076,0.07750147146028136,0.7948260316430229,0.024,False
251.6240747279797,0.02000607483002396,0.0774623541426054,0.7947430256043013,0.024,False
251.66831244228447,0.020006156103915262,0.07742324547379002,0.7946599714259842,0.024,False
251.71255015658926,0.020006237359824566,0.07738414545783863,0.7945768690807924,0.024,False
251.75678787089407,0.020006318597743666,0.07734505409874301,0.7944937185414164,0.024,False
251.80102558519886,0.020006399817664257,0.0773059714004839,0.7944105197805191,0.024,False
251.84526329950364,0.0200064810195781,0.0772668973670306,0.7943272727707346,0.024,False
251.88950101380848,0.020006562203476987,0.07722783200234191,0.7942439774846696,0.024,False
251.93373872811324,0.02000664336935272,0.07718877531036396,0.7941606338948995,0.024,False
251.97797644241805,0.020006724517196994,0.0771497272950327,0.7940772419739743,0.024,False
252.02221415672287,0.0200068056470018,0.07711068796027312,0.7939938016944136,0.024,False
252.06645187102762,0.02000688675875896,0.07707165730999811,0.7939103130287076,0.024,False
252.11068958533247,0.02000696785246035,0.0770326353481103,0.7938267759493198,0.024,False
252.15492729963725,0.020007048928097945,0.07699362207850141,0.7937431904286849,0.024,False
252.19916501394204,0.02000712998566358,0.07695461750505117,0.7936595564392082,0.024,False
252.24340272824685,0.020007211025149282,0.07691562163162935,0.793575873953267,0.024,False
252.28764044255163,0.020007292046547012,0.0768766344620939,0.7934921429432095,0.024,False
252.33187815685648,0.020007373049848804,0.07683765600029215,0.7934083633813553,0.024,False
252.37611587116123,0.02000745403504667,0.0767986862500606,0.7933245352399962,0.024,False
252.42035358546602,0.02000753500213253,0.07675972521522478,0.7932406584913959,0.024,False
252.46459129977086,0.020007615951098612,0.07672077289959976,0.7931567331077886,0.024,False
252.50882901407562,0.020007696881936966,0.07668182930698839,0.793072759061378,0.024,False
252.55306672838046,0.02000777779463967,0.0766428944411842,0.7929887363243426,0.024,False
252.59730444268524,0.020007858689198944,0.07660396830596948,0.7929046648688307,0.024,False
252.64154215699,0.020007939565606904,0.07656505090511566,0.7928205446669626,0.024,False
252.68577987129484,0.020008020423855744,0.07652614224238365,0.79273637569083,0.024,False
252.73001758559963,0.02000810126393768,0.07648724232152314,0.7926521579124949,0.024,False
252.77425529990447,0.020008182085844976,0.07644835114627346,0.7925678913039912,0.024,False
252.81849301420922,0.020008262889569757,0.07640946872036372,0.7924835758373266,0.024,False
252.862730728514,0.02000834367510439,0.0763705950475117,0.7923992114844769,0.024,False
252.90696844281885,0.020008424442441188,0.0763317301314248,0.79231479821739,0.024,False
252.9512061571236,0.02000850519157245,0.07629287397580035,0.7922303360079874,0.024,False
252.99544387142845,0.0200085859224905,0.07625402658432465,0.7921458248281602,0.024,False
253.03968158573323,0.0200086666351877,0.07621518796067339,0.7920612646497708,0.024,False
253.08391930003802,0.02000874732965646,0.07617635810851241,0.7919766554446542,0.024,False
253.12815701434283,0.02000882800588915,0.07613753703149641,0.7918919971846163,0.024,False
253.17239472864762,0.02000890866387823,0.07609872473326991,0.7918072898414334,0.024,False
253.2166324429524,0.020008989303616168,0.07605992121746735,0.7917225333868553,0.024,False
253.26087015725722,0.02000906992509527,0.07602112648771224,0.7916377277926022,0.024,False
253.30510787156203,0.02000915052830821,0.07598234054761817,0.791552873030365,0.024,False
253.3493455858668,0.020009231113247445,0.07594356340078834,0.7914679690718072,0.024,False
253.3935833001716,0.0200093116799055,0.07590479505081528,0.7913830158885625,0.024,False
253.4378210144764,0.02000939222827493,0.07586603550128201,0.7912980134522379,0.024,False
253.48205872878123,0.020009472758348308,0.07582728475576035,0.7912129617344096,0.024,False
253.526296443086,0.02000955327011825,0.07578854281781307,0.7911278607066278,0.024,False
253.5705341573908,0.020009633763577353,0.07574980969099167,0.7910427103404116,0.024,False
253.6147718716956,0.020009714238718296,0.07571108537883825,0.7909575106072533,0.024,False
253.6590095860004,0.02000979469553374,0.07567236988488402,0.7908722614786149,0.024,False
253.7032473003052,0.020009875134016225,0.07563366321265089,0.7907869629259329,0.024,False
253.74748501461002,0.020009955554158593,0.0755949653656503,0.7907016149206121,0.024,False
253.79172272891478,0.020010035955953548,0.07555627634738384,0.7906162174340303,0.024,False
253.8359604432196,0.020010116339393823,0.07551759616134242,0.7905307704375355,0.024,False
253.8801981575244,0.020010196704472193,0.07547892481100812,0.7904452739024495,0.024,False
253.92443587182916,0.020010277051181427,0.0754402622998522,0.7903597278000637,0.024,False
253.968673586134,0.020010357379514346,0.075401608631336,0.7902741321016408,0.024,False
254.0129113004388,0.0200104376894637,0.07536296380891112,0.7901884867784161,0.024,False
254.05714901474357,0.020010517981022376,0.07532432783601953,0.7901027918015961,0.024,False
254.1013867290484,0.02001059825418331,0.0752857007160927,0.7900170471423571,0.024,False
254.14562444335317,0.020010678508939245,0.07524708245255327,0.7899312527718506,0.024,False
254.189862157658,0.020010758745283255,0.07520847304881265,0.7898454086611941,0.024,False
254.23409987196277,0.020010838963208214,0.07516987250827373,0.7897595147814811,0.024,False
254.27833758626755,0.020010919162707072,0.07513128083432902,0.7896735711037746,0.024,False
254.3225753005724,0.020010999343772814,0.0750926980303615,0.7895875775991095,0.024,False
254.36681301487715,0.020011079506398414,0.07505412409974435,0.7895015342384922,0.024,False
254.411050729182,0.020011159650576885,0.07501555904584088,0.7894154409929,0.024,False
254.45528844348678,0.020011239776301253,0.07497700287200501,0.7893292978332821,0.024,False
254.4995261577916,0.020011319883564586,0.07493845558158113,0.7892431047305598,0.024,False
254.54376387209638,0.02001139997235994,0.07489991717790387,0.7891568616556248,0.024,False
254.58800158640116,0.020011480042680326,0.07486138766429824,0.7890705685793417,0.024,False
254.63223930070598,0.020011560094518946,0.07482286704407952,0.788984225472544,0.024,False
254.67647701501076,0.020011640127868907,0.07478435532055366,0.7888978323060386,0.024,False
254.7207147293156,0.020011720142723368,0.07474585249701751,0.788811389050604,0.024,False
254.76495244362036,0.020011800139075477,0.07470735857675789,0.7887248956769897,0.024,False
254.80919015792514,0.020011880116918464,0.07466887356305235,0.7886383521559159,0.024,False
254.85342787223,0.0200119600762455,0.07463039745916858,0.7885517584580746,0.024,False
254.89766558653477,0.02001204001704982,0.07459193026836536,0.7884651145541297,0.024,False
254.94190330083956,0.020012119939324675,0.07455347199389206,0.7883784204147165,0.024,False
254.98614101514437,0.020012199843063412,0.07451502263898893,0.7882916760104416,0.024,False
255.03037872944915,0.020012279728259082,0.07447658220688647,0.7882048813118848,0.024,False
255.07461644375397,0.020012359594905205,0.07443815070080552,0.788118036289593,0.024,False
255.11885415805875,0.02001243944299505,0.07439972812395866,0.7880311409140888,0.024,False
255.16309187236357,0.020012519272521928,0.07436131447954804,0.7879441951558636,0.024,False
255.20732958666835,0.020012599083479257,0.07432290977076758,0.7878571989853816,0.024,False
255.25156730097314,0.020012678875860387,0.07428451400080183,0.7877701523730791,0.024,False
255.29580501527795,0.020012758649658718,0.07424612717282579,0.7876830552893627,0.024,False
255.34004272958273,0.020012838404867683,0.07420774929000525,0.7875959077046099,0.024,False
255.38428044388755,0.02001291814148072,0.07416938035549724,0.7875087095891711,0.024,False
255.42851815819236,0.020012997859491323,0.07413102037244944,0.7874214609133668,0.024,False
255.47275587249712,0.02001307755889279,0.07409266934400058,0.7873341616474916,0.024,False
255.51699358680193,0.02001315723967884,0.07405432727328005,0.7872468117618071,0.024,False
255.56123130110674,0.02001323690184293,0.07401599416340889,0.7871594112265504,0.024,False
255.60546901541156,0.020013316545378544,0.07397767001749828,0.7870719600119283,0.024,False
255.6497067297163,0.02001339617027926,0.07393935483865079,0.7869844580881189,0.024,False
255.69394444402113,0.020013475776538642,0.0739010486299604,0.7868969054252734,0.024,False
255.73818215832594,0.020013555364150275,0.07386275139451146,0.7868093019935121,0.024,False
255.78241987263073,0.020013634933107805,0.07382446313538016,0.7867216477629289,0.024,False
255.82665758693554,0.02001371448340483,0.07378618385563285,0.786633942703587,0.024,False
255.87089530124032,0.020013794015035044,0.07374791355832774,0.7865461867855225,0.024,False
255.91513301554514,0.020013873527991954,0.07370965224651393,0.7864583799787437,0.024,False
255.95937072984992,0.020013953022269382,0.07367139992323202,0.786370522253229,0.024,False
256.0036084441547,0.02001403249786101,0.07363315659151334,0.786282613578928,0.024,False
256.04784615845955,0.02001411195476055,0.07359492225438058,0.7861946539257626,0.024,False
256.0920838727643,0.020014191392961723,0.07355669691484815,0.7861066432636267,0.024,False
256.1363215870691,0.020014270812458292,0.07351848057592134,0.7860185815623848,0.024,False
256.18055930137393,0.020014350213244037,0.07348027324059643,0.7859304687918724,0.024,False
256.2247970156787,0.020014429595312744,0.07344207491186136,0.7858423049218971,0.024,False
256.2690347299835,0.02001450895865822,0.07340388559269584,0.7857540899222387,0.024,False
256.3132724442883,0.020014588303274294,0.07336570528607012,0.7856658237626472,0.024,False
256.35751015859313,0.020014667629154857,0.07332753399494633,0.7855775064128441,0.024,False
256.4017478728979,0.02001474693629358,0.07328937172227845,0.7854891378425256,0.024,False
256.4459855872027,0.020014826224684538,0.07325121847101058,0.7854007180213534,0.024,False
256.4902233015075,0.020014905494321587,0.07321307424407937,0.7853122469189647,0.024,False
256.53446101581227,0.020014984745198635,0.07317493904441279,0.7852237245049678,0.024,False
256.57869873011714,0.02001506397730963,0.07313681287493048,0.7851351507489427,0.024,False
256.6229364444219,0.020015143190648454,0.07309869573854291,0.7850465256204395,0.024,False
256.66717415872665,0.020015222385209145,0.07306058763815257,0.7849578490889804,0.024,False
256.7114118730315,0.020015301560985684,0.07302248857665393,0.7848691211240598,0.024,False
256.7556495873363,0.020015380717971962,0.07298439855693223,0.7847803416951434,0.024,False
256.79988730164115,0.020015459856162186,0.07294631758186533,0.7846915107716675,0.024,False
256.8441250159459,0.02001553897555025,0.07290824565432141,0.78460262832304,0.024,False
256.88836273025066,0.02001561807613022,0.07287018277716124,0.7845136943186408,0.024,False
256.93260044455553,0.020015697157896247,0.07283212895323697,0.7844247087278201,0.024,False
256.9768381588603,0.020015776220842416,0.07279408418539307,0.784335671519902,0.024,False
257.0210758731651,0.02001585526496278,0.07275604847646511,0.7842465826641803,0.024,False
257.0653135874699,0.020015934290251527,0.07271802182928051,0.7841574421299202,0.024,False
257.1095513017747,0.020016013296702728,0.07268000424665838,0.784068249886359,0.024,False
257.1537890160795,0.020016092284310578,0.07264199573141045,0.7839790059027065,0.024,False
257.1980267303843,0.020016171253069228,0.07260399628633887,0.7838897101481409,0.024,False
257.24226444468906,0.02001625020297289,0.07256600591423874,0.7838003625918148,0.024,False
257.28650215899387,0.020016329134015822,0.07252802461789672,0.7837109632028506,0.024,False
257.3307398732987,0.020016408046192053,0.07249005240009133,0.7836215119503446,0.024,False
257.3749775876035,0.020016486939496023,0.07245208926359314,0.7835320088033613,0.024,False
257.41921530190825,0.02001656581392195,0.07241413521116422,0.7834424537309379,0.024,False
257.46345301621307,0.020016644669464116,0.07237619024555943,0.7833528467020845,0.024,False
257.5076907305179,0.02001672350611678,0.07233825436952475,0.7832631876857807,0.024,False
257.5519284448227,0.020016802323874237,0.07230032758579864,0.7831734766509796,0.024,False
257.59616615912745,0.020016881122730833,0.07226240989711166,0.7830837135666042,0.024,False
257.64040387343226,0.020016959902680938,0.07222450130618607,0.7829938984015494,0.024,False
257.6846415877371,0.020017038663718862,0.07218660181573627,0.7829040311246814,0.024,False
257.72887930204183,0.020017117405839016,0.07214871142846907,0.7828141117048384,0.024,False
257.7731170163467,0.020017196129035842,0.07211083014708339,0.7827241401108301,0.024,False
257.81735473065146,0.020017274833303508,0.07207295797426952,0.7826341163114381,0.024,False
257.8615924449563,0.020017353518636642,0.07203509491271093,0.782544040275414,0.024,False
257.9058301592611,0.02001743218502964,0.07199724096508284,0.7824539119714825,0.024,False
257.95006787356584,0.020017510832476947,0.07195939613405257,0.7823637313683386,0.024,False
257.99430558787066,0.02001758946097308,0.0719215604222796,0.7822734984346487,0.024,False
258.03854330217547,0.02001766807051249,0.07188373383241595,0.7821832131390519,0.024,False
258.0827810164802,0.0200177466610897,0.07184591636710576,0.782092875450158,0.024,False
258.12701873078504,0.020017825232699227,0.07180810802898542,0.7820024853365485,0.024,False
258.17125644508985,0.02001790378533562,0.07177030882068376,0.7819120427667761,0.024,False
258.21549415939467,0.02001798231899344,0.07173251874482188,0.7818215477093654,0.024,False
258.2597318736994,0.020018060833667285,0.07169473780401311,0.7817310001328123,0.024,False
258.30396958800424,0.02001813932935157,0.07165696600086348,0.7816404000055854,0.024,False
258.34820730230905,0.02001821780604106,0.07161920333797096,0.7815497472961227,0.024,False
258.3924450166138,0.02001829626373035,0.07158144981792636,0.7814590419728346,0.024,False
258.4366827309187,0.020018374702414084,0.07154370544331266,0.781368284004103,0.024,False
258.48092044522343,0.020018453122086898,0.0715059702167059,0.7812774733582829,0.024,False
258.5251581595282,0.020018531522743424,0.07146824414067322,0.7811866100036975,0.024,False
258.56939587383306,0.020018609904378388,0.07143052721777539,0.7810956939086435,0.024,False
258.6136335881378,0.020018688266986457,0.07139281945056548,0.7810047250413893,0.024,False
258.6578713024427,0.020018766610562372,0.07135512084158925,0.7809137033701746,0.024,False
258.70210901674744,0.020018844935100828,0.07131743139338473,0.7808226288632106,0.024,False
258.74634673105226,0.020018923240596606,0.07127975110848271,0.7807315014886798,0.024,False
258.79058444535707,0.020019001527044344,0.07124207998940649,0.7806403212147371,0.024,False
258.8348221596618,0.020019079794438916,0.07120441803867203,0.7805490880095075,0.024,False
258.87905987396664,0.02001915804277511,0.07116676525878796,0.7804578018410879,0.024,False
258.92329758827145,0.020019236272047696,0.07112912165225534,0.7803664626775472,0.024,False
258.9675353025762,0.020019314482251513,0.07109148722156841,0.7802750704869258,0.024,False
259.011773016881,0.020019392673381393,0.07105386196921411,0.7801836252372362,0.024,False
259.05601073118584,0.02001947084543216,0.07101624589767146,0.7800921268964608,0.024,False
259.1002484454906,0.02001954899839869,0.0709786390094125,0.7800005754325543,0.024,False
259.1444861597954,0.020019627132275845,0.0709410413069022,0.7799089708134432,0.024,False
259.1887238741002,0.02001970524705855,0.07090345279259865,0.779817313007026,0.024,False
259.23296158840503,0.020019783342741723,0.07086587346895201,0.779725601981171,0.024,False
259.2771993027098,0.02001986141932019,0.0708283033384061,0.7796338377037212,0.024,False
259.3214370170146,0.02001993947678894,0.07079074240339678,0.7795420201424876,0.024,False
259.3656747313194,0.020020017515142943,0.07075319066635304,0.7794501492652542,0.024,False
259.40991244562423,0.020020095534377166,0.07071564812969718,0.779358225039777,0.024,False
259.454150159929,0.02002017353448659,0.07067811479584393,0.7792662474337829,0.024,False
259.4983878742338,0.020020251515466245,0.07064059066720106,0.7791742164149701,0.024,False
259.5426255885386,0.02002032947731105,0.07060307574616934,0.7790821319510093,0.024,False
259.5868633028434,0.02002040742001611,0.07056557003514276,0.7789899940095425,0.024,False
259.63110101714824,0.020020485343576446,0.07052807353650799,0.7788978025581826,0.024,False
259.675338731453,0.020020563247987108,0.07049058625264502,0.7788055575645155,0.024,False
259.7195764457578,0.02002064113324318,0.07045310818592616,0.7787132589960958,0.024,False
259.7638141600626,0.020020718999339732,0.07041563933871743,0.7786209068204523,0.024,False
259.8080518743674,0.02002079684627176,0.0703781797133775,0.7785285010050843,0.024,False
259.8522895886722,0.020020874674034513,0.07034072931225893,0.7784360415174636,0.024,False
259.896527302977,0.0200209524826231,0.0703032881377066,0.7783435283250321,0.024,False
259.94076501728176,0.020021030272032628,0.07026585619205927,0.7782509613952053,0.024,False
259.9850027315866,0.02002110804225827,0.07022843347764733,0.7781583406953665,0.024,False
260.0292404458914,0.020021185793295176,0.07019101999679588,0.7780656661928744,0.024,False
260.0734781601962,0.020021263525138538,0.07015361575182275,0.7779729378550578,0.024,False
260.11771587450096,0.02002134123778355,0.07011622074503897,0.7778801556492174,0.024,False
260.16195358880583,0.020021418931225422,0.0700788349787487,0.7777873195426251,0.024,False
260.2061913031106,0.020021496605459384,0.07004145845524908,0.7776944295025234,0.024,False
260.25042901741534,0.02002157426048073,0.0700040911768314,0.7776014854961286,0.024,False
260.2946667317202,0.020021651896284548,0.06996673314577938,0.7775084874906281,0.024,False
260.33890444602497,0.020021729512866238,0.06992938436437023,0.7774154354531784,0.024,False
260.3831421603298,0.02002180711022107,0.06989204483487498,0.7773223293509107,0.024,False
260.4273798746346,0.020021884688344364,0.06985471455955743,0.7772291691509258,0.024,False
260.47161758893935,0.020021962247231365,0.06981739354067477,0.7771359548202965,0.024,False
260.51585530324417,0.020022039786877457,0.06978008178047765,0.777042686326067,0.024,False
260.560093017549,0.020022117307277907,0.06974277928121053,0.7769493636352547,0.024,False
260.6043307318538,0.020022194808428113,0.069705486045111,0.7768559867148469,0.024,False
260.64856844615855,0.02002227229032343,0.06966820207440975,0.7767625555318024,0.024,False
260.69280616046336,0.020022349752959228,0.06963092737133153,0.7766690700530527,0.024,False
260.7370438747682,0.020022427196330926,0.06959366193809412,0.7765755302455001,0.024,False
260.78128158907293,0.020022504620433944,0.06955640577690936,0.776481936076019,0.024,False
260.82551930337775,0.020022582025263535,0.06951915888998166,0.7763882875114556,0.024,False
260.86975701768256,0.020022659410815286,0.06948192127950965,0.7762945845186262,0.024,False
260.9139947319874,0.020022736777084604,0.06944469294768515,0.7762008270643194,0.024,False
260.9582324462922,0.02002281412406697,0.06940747389669422,0.7761070151152965,0.024,False
261.00247016059694,0.020022891451757844,0.06937026412871584,0.7760131486382893,0.024,False
261.04670787490176,0.02002296876015271,0.06933306364592307,0.7759192276000021,0.024,False
261.09094558920657,0.020023046049247054,0.06929587245048212,0.7758252519671097,0.024,False
261.1351833035113,0.020023123319036377,0.0692586905445531,0.7757312217062593,0.024,False
261.17942101781614,0.02002320056951623,0.06922151793028959,0.7756371367840686,0.024,False
261.22365873212095,0.02002327780068216,0.06918435460983946,0.775542997167129,0.024,False
261.26789644642577,0.020023355012529716,0.06914720058534382,0.7754488028220021,0.024,False
261.3121341607305,0.02002343220505435,0.069110055858937,0.775354553715221,0.024,False
261.35637187503534,0.020023509378251744,0.06907292043274818,0.7752602498132913,0.024,False
261.40060958934015,0.020023586532117485,0.0690357943088994,0.7751658910826889,0.024,False
261.44484730364496,0.020023663666647196,0.06899867748950678,0.7750714774898617,0.024,False
261.4890850179498,0.02002374078183645,0.0689615699766804,0.7749770090012303,0.024,False
261.53332273225453,0.02002381787768089,0.06892447177252396,0.7748824855831866,0.024,False
261.57756044655935,0.02002389495417614,0.06888738287913516,0.7747879072020937,0.024,False
261.62179816086416,0.020023972011317885,0.06885030329860507,0.7746932738242854,0.024,False
261.6660358751689,0.020024049049101753,0.06881323303301928,0.7745985854160694,0.024,False
261.71027358947373,0.020024126067523452,0.06877617208445679,0.7745038419437231,0.024,False
261.75451130377854,0.020024203066578653,0.06873912045499043,0.7744090433734958,0.024,False
261.79874901808336,0.020024280046263124,0.06870207814668775,0.7743141896716097,0.024,False
261.8429867323881,0.020024357006572426,0.06866504516160929,0.7742192808042584,0.024,False
261.8872244466929,0.02002443394750243,0.06862802150181012,0.7741243167376058,0.024,False
261.93146216099774,0.020024510869048873,0.06859100716933933,0.7740292974377889,0.024,False
261.9756998753025,0.020024587771207466,0.06855400216623914,0.7739342228709144,0.024,False
262.01993758960737,0.02002466465397399,0.06851700649454674,0.7738390930030628,0.024,False
262.0641753039121,0.020024741517344225,0.06848002015629308,0.7737439078002857,0.024,False
262.1084130182169,0.020024818361313944,0.06844304315350294,0.7736486672286056,0.024,False
262.15265073252175,0.020024895185878966,0.0684060754881954,0.7735533712540177,0.024,False
262.1968884468265,0.020024971991035107,0.06836911716238392,0.7734580198424891,0.024,False
262.2411261611313,0.020025048776778215,0.06833216817807497,0.7733626129599558,0.024,False
262.28536387543613,0.020025125543104108,0.06829522853727005,0.7732671505723284,0.024,False
262.3296015897409,0.020025202290008676,0.06825829824196449,0.7731716326454878,0.024,False
262.3738393040457,0.02002527901748768,0.06822137729414815,0.7730760591452888,0.024,False
262.4180770183505,0.020025355725537076,0.06818446569580458,0.7729804300375548,0.024,False
262.46231473265533,0.02002543241415276,0.06814756344891217,0.7728847452880834,0.024,False
262.5065524469601,0.020025509083330627,0.06811067055544223,0.7727890048626409,0.024,False
262.5507901612649,0.020025585733066585,0.06807378701736135,0.7726932087269678,0.024,False
262.5950278755697,0.02002566236335657,0.06803691283662994,0.7725973568467751,0.024,False
262.63926558987447,0.02002573897419651,0.06800004801520344,0.7725014491877477,0.024,False
262.6835033041793,0.020025815565582358,0.06796319255503049,0.7724054857155391,0.024,False
262.7277410184841,0.020025892137510066,0.06792634645805465,0.772309466395777,0.024,False
262.77197873278885,0.0200259686899756,0.06788950972621367,0.7722133911940596,0.024,False
262.8162164470937,0.020026045222974985,0.06785268236143943,0.7721172600759564,0.024,False
262.8604541613985,0.02002612173650424,0.0678158643656583,0.7720210730070091,0.024,False
262.9046918757033,0.020026198230559164,0.06777905574079067,0.771924829952732,0.024,False
262.9489295900081,0.02002627470513599,0.0677422564887522,0.7718285308786104,0.024,False
262.9931673043129,0.020026351160230726,0.06770546661145213,0.7717321757501003,0.024,False
263.0374050186177,0.020026427595839405,0.0676686861107947,0.7716357645326319,0.024,False
263.0816427329225,0.02002650401195806,0.06763191498867746,0.7715392971916039,0.024,False
263.1258804472273,0.02002658040858277,0.06759515324699371,0.7714427736923894,0.024,False
263.1701181615321,0.02002665678570956,0.0675584008876304,0.7713461940003326,0.024,False
263.2143558758369,0.020026733143334603,0.06752165791246924,0.7712495580807482,0.024,False
263.2585935901417,0.020026809481453953,0.06748492432338642,0.7711528658989242,0.024,False
263.3028313044465,0.02002688580006373,0.06744820012225258,0.7710561174201196,0.024,False
263.34706901875126,0.02002696209916005,0.06741148531093308,0.770959312609566,0.024,False
263.39130673305607,0.02002703837873908,0.06737477989128748,0.770862451432465,0.024,False
263.4355444473609,0.020027114638796903,0.06733808386517004,0.7707655338539917,0.024,False
263.47978216166564,0.02002719087932969,0.0673013972344299,0.7706685598392929,0.024,False
263.52401987597045,0.020027267100333656,0.06726472000091027,0.7705715293534856,0.024,False
263.56825759027527,0.020027343301804945,0.06722805216644949,0.7704744423616604,0.024,False
263.61249530458,0.020027419483739782,0.06719139373287988,0.7703772988288777,0.024,False
263.6567330188849,0.020027495646134378,0.06715474470202921,0.770280098720172,0.024,False
263.70097073318965,0.020027571788984896,0.06711810507571918,0.7701828420005479,0.024,False
263.74520844749446,0.02002764791228761,0.0670814748557664,0.7700855286349817,0.024,False
263.7894461617993,0.02002772401603871,0.06704485404398233,0.7699881585884231,0.024,False
263.83368387610403,0.02002780010023447,0.06700824264217305,0.7698907318257922,0.024,False
263.8779215904089,0.020027876164871145,0.06697164065213944,0.7697932483119815,0.024,False
263.92215930471366,0.020027952209945007,0.06693504807567677,0.7696957080118546,0.024,False
263.9663970190184,0.020028028235452335,0.06689846491457543,0.7695981108902479,0.024,False
264.0106347333233,0.02002810424138931,0.06686189117062052,0.7695004569119697,0.024,False
264.05487244762804,0.02002818022775236,0.06682532684559159,0.7694027460417983,0.024,False
264.09911016193286,0.02002825619453782,0.0667887719412637,0.7693049782444857,0.024,False
264.14334787623767,0.020028332141741937,0.06675222645940618,0.7692071534847558,0.024,False
264.1875855905424,0.020028408069361087,0.06671569040178316,0.7691092717273025,0.024,False
264.23182330484724,0.020028483977391577,0.06667916377015393,0.7690113329367936,0.024,False
264.27606101915205,0.020028559865829774,0.0666426465662722,0.7689133370778668,0.024,False
264.32029873345687,0.020028635734672038,0.0666061387918869,0.7688152841151331,0.024,False
264.3645364477616,0.020028711583914793,0.0665696404487425,0.7687171740131761,0.024,False
264.40877416206644,0.020028787413554277,0.06653315153857663,0.7686190067365487,0.024,False
264.45301187637125,0.020028863223587427,0.06649667206312325,0.7685207822497734,0.024,False
264.497249590676,0.02002893901400991,0.06646020202411115,0.7684225005173547,0.024,False
264.5414873049809,0.020029014784818264,0.06642374142326372,0.7683241615037617,0.024,False
264.58572501928563,0.020029090536009146,0.06638729026229939,0.7682257651734336,0.024,False
264.62996273359045,0.020029166267579,0.06635084854293183,0.7681273114907845,0.024,False
264.67420044789526,0.02002924197952425,0.06631441626686936,0.7680288004201995,0.024,False
264.7184381622,0.020029317671841313,0.0662779934358157,0.7679302319260373,0.024,False
264.76267587650483,0.02002939334452674,0.06624158005146911,0.7678316059726252,0.024,False
264.80691359080964,0.020029468997576953,0.06620517611552318,0.7677329225242648,0.024,False
264.85115130511446,0.020029544630988508,0.06616878162966718,0.7676341815452306,0.024,False
264.8953890194192,0.020029620244757847,0.06613239659558436,0.7675353829997661,0.024,False
264.939626733724,0.020029695838881506,0.06609602101495368,0.7674365268520887,0.024,False
264.98386444802884,0.020029771413355983,0.06605965488944913,0.7673376130663873,0.024,False
265.02810216233365,0.020029846968177847,0.06602329822073975,0.7672386416068218,0.024,False
265.0723398766384,0.02002992250334371,0.06598695101048983,0.7671396124375246,0.024,False
265.1165775909432,0.020029998018849804,0.06595061326035878,0.7670405255226028,0.024,False
265.16081530524804,0.02003007351469298,0.06591428497200136,0.766941380826131,0.024,False
265.2050530195528,0.020030148990869745,0.06587796614706705,0.7668421783121571,0.024,False
265.2492907338576,0.02003022444737671,0.06584165678720089,0.7667429179447016,0.024,False
265.2935284481624,0.02003029988421039,0.06580535689404343,0.7666435996877582,0.024,False
265.3377661624672,0.02003037530136748,0.06576906646922999,0.7665442235052902,0.024,False
265.382003876772,0.020030450698844494,0.06573278551439109,0.7664447893612337,0.024,False
265.4262415910768,0.020030526076638126,0.06569651403115304,0.7663452972194978,0.024,False
265.47047930538156,0.020030601434744964,0.06566025202113665,0.7662457470439615,0.024,False
265.51471701968643,0.020030676773161657,0.0656239994859586,0.7661461387984775,0.024,False
265.5589547339912,0.020030752091884856,0.06558775642723066,0.7660464724468692,0.024,False
265.603192448296,0.02003082739091124,0.06555152284656027,0.7659467479529335,0.024,False
265.6474301626008,0.020030902670237414,0.06551529874554976,0.7658469652804385,0.024,False
265.69166787690557,0.020030977929860062,0.06547908412579727,0.7657471243931249,0.024,False
265.73590559121044,0.02003105316977596,0.06544287898889599,0.765647225254704,0.024,False
265.7801433055152,0.02003112838998176,0.06540668333643428,0.7655472678288593,0.024,False
265.82438101981995,0.02003120359047419,0.0653704971699964,0.7654472520792476,0.024,False
265.8686187341248,0.02003127877124994,0.06533432049116165,0.7653471779694966,0.024,False
265.9128564484296,0.020031353932305766,0.06529815330150522,0.7652470454632072,0.024,False
265.9570941627344,0.02003142907363834,0.0652619956025975,0.7651468545239523,0.024,False
266.0013318770392,0.020031504195244465,0.06522584739600379,0.7650466051152741,0.024,False
266.045569591344,0.02003157929712088,0.06518970868328573,0.7649462972006903,0.024,False
266.0898073056488,0.02003165437926435,0.0651535794659999,0.7648459307436886,0.024,False
266.1340450199536,0.020031729441671652,0.06511745974569882,0.7647455057077301,0.024,False
266.1782827342584,0.020031804484339583,0.06508134952393012,0.7646450220562468,0.024,False
266.22252044856316,0.02003187950726485,0.06504524880223686,0.7645444797526433,0.024,False
266.26675816286803,0.020031954510444313,0.06500915758215818,0.7644438787602962,0.024,False
266.3109958771728,0.020032029493874833,0.06497307586522856,0.7643432190425541,0.024,False
266.35523359147754,0.020032104457553202,0.06493700365297797,0.7642425005627381,0.024,False
266.3994713057824,0.020032179401476218,0.06490094094693141,0.7641417232841393,0.024,False
266.44370902008717,0.020032254325640778,0.06486488774861059,0.764040887170024,0.024,False
266.487946734392,0.020032329230043708,0.06482884405953206,0.7639399921836285,0.024,False
266.5321844486968,0.020032404114681806,0.06479280988120865,0.7638390382881637,0.024,False
266.57642216300155,0.020032478979552005,0.06475678521514812,0.7637380254468094,0.024,False
266.62065987730637,0.020032553824651154,0.06472077006285405,0.7636369536227186,0.024,False
266.6648975916112,0.020032628649976143,0.06468476442582648,0.7635358227790185,0.024,False
266.709135305916,0.02003270345552388,0.06464876830556025,0.7634346328788061,0.024,False
266.75337302022075,0.02003277824129129,0.06461278170354615,0.7633333838851508,0.024,False
266.79761073452556,0.0200328530072752,0.06457680462127087,0.7632320757610961,0.024,False
266.8418484488304,0.020032927753472523,0.06454083706021621,0.7631307084696544,0.024,False
266.88608616313513,0.02003300247988027,0.06450487902186025,0.7630292819738117,0.024,False
266.93032387743995,0.020033077186495336,0.06446893050767706,0.7629277962365277,0.024,False
266.97456159174476,0.020033151873314697,0.06443299151913594,0.7628262512207322,0.024,False
267.0187993060495,0.020033226540335285,0.0643970620577024,0.7627246468893285,0.024,False
267.06303702035433,0.020033301187554076,0.06436114212483736,0.7626229832051913,0.024,False
267.10727473465914,0.020033375814968005,0.06432523172199783,0.7625212601311679,0.024,False
267.15151244896396,0.020033450422574112,0.06428933085063672,0.762419477630078,0.024,False
267.1957501632687,0.020033525010369334,0.06425343951220255,0.762317635664713,0.024,False
267.2399878775735,0.020033599578350703,0.06421755770813968,0.7622157341978366,0.024,False
267.28422559187834,0.020033674126515223,0.06418168543988864,0.7621137731921853,0.024,False
267.32846330618315,0.020033748654859938,0.0641458227088855,0.7620117526104665,0.024,False
267.37270102048797,0.020033823163381766,0.06410996951656221,0.7619096724153614,0.024,False
267.4169387347927,0.02003389765207777,0.06407412586434685,0.7618075325695229,0.024,False
267.46117644909754,0.02003397212094506,0.06403829175366367,0.7617053330355761,0.024,False
267.50541416340235,0.020034046569980663,0.06400246718593235,0.7616030737761177,0.024,False
267.5496518777071,0.02003412099918162,0.06396665216256886,0.7615007547537181,0.024,False
267.5938895920119,0.020034195408545008,0.06393084668498461,0.7613983759309179,0.024,False
267.63812730631673,0.020034269798067893,0.06389505075458778,0.7612959372702324,0.024,False
267.68236502062155,0.02003434416774737,0.06385926437278214,0.7611934387341479,0.024,False
267.7266027349263,0.020034418517580522,0.06382348754096723,0.7610908802851227,0.024,False
267.7708404492311,0.020034492847564454,0.06378772026053897,0.760988261885588,0.024,False
267.81507816353593,0.020034567157696255,0.06375196253288944,0.7608855834979479,0.024,False
267.85931587784074,0.020034641447973067,0.06371621435940619,0.7607828450845774,0.024,False
267.90355359214556,0.020034715718392,0.06368047574147291,0.7606800466078235,0.024,False
267.9477913064503,0.020034789968950178,0.06364474668047038,0.7605771880300091,0.024,False
267.9920290207551,0.020034864199644686,0.063609027177774,0.7604742693134254,0.024,False
268.03626673505994,0.020034938410472766,0.06357331723475614,0.7603712904203371,0.024,False
268.0805044493647,0.020035012601431545,0.06353761685278518,0.7602682513129821,0.024,False
268.12474216366957,0.0200350867725182,0.06350192603322562,0.7601651519535706,0.024,False
268.1689798779743,0.02003516092372989,0.06346624477743772,0.7600619923042836,0.024,False
268.2132175922791,0.020035235055063806,0.06343057308677842,0.7599587723272765,0.024,False
268.25745530658395,0.020035309166517093,0.0633949109626004,0.7598554919846761,0.024,False
268.3016930208887,0.020035383258086993,0.06335925840625305,0.7597521512385822,0.024,False
268.3459307351935,0.02003545732977071,0.06332361541908163,0.7596487500510668,0.024,False
268.39016844949833,0.020035531381565413,0.06328798200242698,0.7595452883841728,0.024,False
268.4344061638031,0.02003560541346836,0.06325235815762704,0.759441766199917,0.024,False
268.4786438781079,0.020035679425476776,0.06321674388601578,0.759338183460289,0.024,False
268.5228815924127,0.02003575341758792,0.0631811391889232,0.7592345401272498,0.024,False
268.56711930671753,0.020035827389798883,0.06314554406767604,0.7591308361627356,0.024,False
268.6113570210223,0.020035901342107084,0.06310995852359665,0.7590270715286503,0.024,False
268.65559473532704,0.02003597527450976,0.06307438255800381,0.758923246186873,0.024,False
268.6998324496319,0.02003604918700416,0.06303881617221317,0.7588193600992563,0.024,False
268.74407016393667,0.020036123079587548,0.06300325936753595,0.7587154132276233,0.024,False
268.78830787824154,0.02003619695225724,0.06296771214528034,0.7586114055337709,0.024,False
268.8325455925463,0.02003627080501049,0.0629321745067502,0.7585073369794676,0.024,False
268.8767833068511,0.020036344637844587,0.06289664645324611,0.7584032075264551,0.024,False
268.92102102115587,0.020036418450756852,0.062861127986065,0.7582990171364472,0.024,False
268.9652587354607,0.020036492243744593,0.06282561910649997,0.75819476577113,0.024,False
269.0094964497655,0.020036566016805146,0.06279011981584065,0.7580904533921624,0.024,False
269.0537341640703,0.020036639769935843,0.06275463011537331,0.7579860799611767,0.024,False
269.0979718783751,0.02003671350313404,0.06271915000638031,0.7578816454397767,0.024,False
269.14220959267993,0.020036787216396887,0.06268367949014081,0.7577771497895417,0.024,False
269.18644730698463,0.020036860909721954,0.06264821856792935,0.7576725929720167,0.024,False
269.2306850212895,0.020036934583106555,0.0626127672410179,0.757567974948725,0.024,False
269.27492273559426,0.02003700823654804,0.06257732551067498,0.7574632956811619,0.024,False
269.3191604498991,0.020037081870043775,0.06254189337816475,0.7573585551307933,0.024,False
269.3633981642039,0.02003715548359114,0.06250647084474883,0.7572537532590603,0.024,False
269.4076358785087,0.020037229077187548,0.062471057911684696,0.7571488900273746,0.024,False
269.45187359281346,0.020037302650830327,0.06243565458022632,0.7570439653971214,0.024,False
269.49611130711827,0.02003737620451692,0.0624002608516242,0.7569389793296574,0.024,False
269.5403490214231,0.020037449738244718,0.062364876727126206,0.7568339317863152,0.024,False
269.5845867357279,0.020037523252011143,0.062329502207975424,0.7567288227283957,0.024,False
269.62882445003265,0.020037596745813627,0.06229413729541281,0.7566236521171765,0.024,False
269.67306216433747,0.020037670219649632,0.06225878199067419,0.7565184199139028,0.024,False
269.7172998786422,0.0200377436735165,0.06222343629499356,0.756413126079798,0.024,False
269.76153759294704,0.020037817107411704,0.062188100209601034,0.7563077705760562,0.024,False
269.80577530725185,0.020037890521332764,0.062152773735722866,0.7562023533638419,0.024,False
269.85001302155666,0.02003796391527711,0.06211745687458274,0.7560968744042958,0.024,False
269.8942507358615,0.020038037289242226,0.06208214962740035,0.7559913336585296,0.024,False
269.9384884501663,0.02003811064322555,0.06204685199539203,0.7558857310876274,0.024,False
269.9827261644711,0.020038183977224566,0.062011563979771187,0.7557800666526476,0.024,False
270.0269638787758,0.020038257291236733,0.06197628558174738,0.7556743403146199,0.024,False
270.0712015930806,0.02003833058525959,0.06194101680252732,0.7555685520345475,0.024,False
270.11543930738543,0.020038403859290604,0.06190575764331405,0.7554627017734061,0.024,False
270.15967702169024,0.020038477113327305,0.06187050810530776,0.7553567894921451,0.024,False
270.20391473599506,0.020038550347367196,0.06183526818970488,0.7552508151516857,0.024,False
270.24815245029987,0.020038623561407815,0.06180003789769852,0.7551447787129211,0.024,False
270.2923901646046,0.020038696755446707,0.06176481723047878,0.7550386801367186,0.024,False
270.33662787890944,0.020038769929481157,0.06172960618923267,0.754932519383921,0.024,False
270.3808655932142,0.020038843083509023,0.06169440477514361,0.7548262964153378,0.024,False
270.42510330751907,0.020038916217527767,0.06165921298939178,0.7547200111917552,0.024,False
270.4693410218238,0.020038989331534935,0.061624030833154694,0.7546136636739329,0.024,False
270.5135787361287,0.02003906242552808,0.06158885830760614,0.7545072538226021,0.024,False
270.5578164504334,0.020039135499504764,0.06155369541391655,0.7544007815984664,0.024,False
270.6020541647382,0.02003920855346256,0.06151854215325337,0.7542942469622029,0.024,False
270.646291879043,0.020039281587399024,0.06148339852678141,0.7541876498744636,0.024,False
270.69052959334783,0.020039354601311777,0.06144826453566198,0.7540809902958715,0.024,False
270.73476730765265,0.020039427595198406,0.06141314018105249,0.7539742681870208,0.024,False
270.77900502195746,0.020039500569056522,0.06137802546410811,0.7538674835084817,0.024,False
270.8232427362622,0.020039573522883693,0.06134292038598098,0.753760636220797,0.024,False
270.86748045056703,0.020039646456677593,0.06130782494781935,0.7536537262844806,0.024,False
270.9117181648718,0.02003971937043579,0.061272739150769015,0.7535467536600212,0.024,False
270.95595587917666,0.02003979226415584,0.061237662995972504,0.753439718307881,0.024,False
271.0001935934814,0.020039865137835507,0.061202596484568765,0.7533326201884915,0.024,False
271.0444313077862,0.02003993799147239,0.0611675396176945,0.7532254592622609,0.024,False
271.08866902209104,0.02004001082506412,0.06113249239648289,0.7531182354895697,0.024,False
271.1329067363958,0.020040083638608354,0.06109745482206433,0.7530109488307712,0.024,False
271.1771444507006,0.020040156432102753,0.061062426895565874,0.7529035992461915,0.024,False
271.2213821650054,0.020040229205544997,0.06102740861811175,0.7527961866961299,0.024,False
271.2656198793102,0.020040301958932697,0.06099239999082298,0.7526887111408591,0.024,False
271.30985759361505,0.020040374692263593,0.06095740101481798,0.7525811725406246,0.024,False
271.3540953079198,0.020040447405535348,0.060922411691211785,0.7524735708556454,0.024,False
271.3983330222246,0.020040520098745615,0.060887432021116586,0.7523659060461131,0.024,False
271.4425707365294,0.02004059277189214,0.060852462005641546,0.7522581780721924,0.024,False
271.4868084508342,0.02004066542497262,0.06081750164589295,0.7521503868940213,0.024,False
271.531046165139,0.020040738057984696,0.06078255094297433,0.7520425324717124,0.024,False
271.5752838794438,0.020040810670926085,0.060747609897985944,0.75193461476535,0.024,False
271.61952159374863,0.02004088326379458,0.060712678512025185,0.7518266337349906,0.024,False
271.66375930805344,0.020040955836587892,0.060677756786186934,0.7517185893406664,0.024,False
271.7079970223582,0.02004102838930374,0.06064284472156244,0.7516104815423803,0.024,False
271.75223473666296,0.020041100921939857,0.060607942319240694,0.7515023103001105,0.024,False
271.79647245096777,0.020041173434493995,0.060573049580307445,0.751394075573807,0.024,False
271.8407101652726,0.020041245926963873,0.06053816650584586,0.7512857773233945,0.024,False
271.8849478795774,0.020041318399347266,0.06050329309693613,0.7511774155087702,0.024,False
271.9291855938822,0.02004139085164197,0.06046842935465554,0.7510689900898035,0.024,False
271.973423308187,0.02004146328384572,0.060433575280078596,0.7509605010263394,0.024,False
272.0176610224918,0.02004153569595628,0.06039873087427714,0.7508519482781952,0.024,False
272.0618987367966,0.020041608087971438,0.06036389613831963,0.7507433318051601,0.024,False
272.10613645110135,0.020041680459889,0.06032907107327236,0.750634651566998,0.024,False
272.1503741654062,0.020041752811706656,0.06029425568019853,0.7505259075234476,0.024,False
272.194611879711,0.020041825143422273,0.06025944996015872,0.7504170996342184,0.024,False
272.2388495940158,0.020041897455033684,0.06022465391421055,0.750308227858994,0.024,False
272.28308730832055,0.02004196974653868,0.06018986754340902,0.750199292157432,0.024,False
272.32732502262536,0.020042042017935087,0.060155090848806304,0.7500902924891628,0.024,False
272.3715627369302,0.02004211426922069,0.06012032383145192,0.7499812288137911,0.024,False
272.415800451235,0.020042186500393338,0.06008556649239274,0.749872101090895,0.024,False
272.46003816553974,0.020042258711450853,0.06005081883267248,0.7497629092800242,0.024,False
272.5042758798446,0.02004233090239107,0.06001608085333265,0.749653653340704,0.024,False
272.5485135941493,0.020042403073211836,0.05998135255541182,0.7495443332324323,0.024,False
272.5927513084542,0.020042475223911005,0.05994663393994591,0.7494349489146805,0.024,False
272.63698902275894,0.020042547354486403,0.05991192500796816,0.7493255003468938,0.024,False
272.68122673706375,0.0200426194649359,0.05987722576050917,0.7492159874884907,0.024,False
272.72546445136857,0.02004269155525741,0.05984253619859699,0.7491064102988632,0.024,False
272.7697021656734,0.02004276362544865,0.059807856323256955,0.7489967687373785,0.024,False
272.8139398799782,0.02004283567550762,0.059773186135511656,0.7488870627633744,0.024,False
272.85817759428295,0.020042907705432197,0.059738525636381004,0.7487772923361635,0.024,False
272.9024153085877,0.020042979715220243,0.059703874826882615,0.7486674574150329,0.024,False
272.9466530228926,0.020043051704869672,0.0596692337080312,0.7485575579592422,0.024,False
272.99089073719733,0.020043123674378344,0.05963460228083936,0.7484475939280265,0.024,False
273.0351284515022,0.02004319562374421,0.059599980546316295,0.7483375652805914,0.024,False
273.07936616580696,0.02004326755296513,0.05956536850546923,0.7482274719761188,0.024,False
273.1236038801117,0.020043339462039043,0.05953076615930275,0.7481173139737632,0.024,False
273.16784159441653,0.02004341135096387,0.05949617350881872,0.7480070912326527,0.024,False
273.21207930872134,0.020043483219737514,0.05946159055501687,0.7478968037118907,0.024,False
273.25631702302616,0.02004355506835791,0.059427017298893825,0.747786451370552,0.024,False
273.30055473733097,0.020043626896822993,0.059392453741444216,0.747676034167687,0.024,False
273.3447924516358,0.020043698705130734,0.059357899883659734,0.7475655520623182,0.024,False
273.3890301659406,0.020043770493278913,0.05932335572652979,0.7474550050134443,0.024,False
273.4332678802453,0.020043842261265658,0.059288821271041306,0.747344392980035,0.024,False
273.4775055945501,0.020043914009088906,0.05925429651817873,0.747233715921035,0.024,False
273.5217433088549,0.02004398573674658,0.05921978146892404,0.7471229737953634,0.024,False
273.56598102315974,0.02004405744423668,0.05918527612425679,0.7470121665619128,0.024,False
273.61021873746455,0.02004412913155712,0.059150780485153966,0.7469012941795496,0.024,False
273.65445645176936,0.02004420079870592,0.05911629455258992,0.7467903566071129,0.024,False
273.6986941660741,0.020044272445681043,0.05908181832753715,0.746679353803418,0.024,False
273.74293188037893,0.020044344072480468,0.05904735181096548,0.7465682857272531,0.024,False
273.78716959468375,0.020044415679102184,0.05901289500384188,0.746457152337379,0.024,False
273.8314073089885,0.020044487265544177,0.05897844790713154,0.7463459535925325,0.024,False
273.8756450232933,0.02004455883180446,0.058944010521796895,0.746234689451423,0.024,False
273.91988273759813,0.020044630377881043,0.05890958284879836,0.7461233598727348,0.024,False
273.9641204519029,0.02004470190377197,0.05887516488909346,0.7460119648151248,0.024,False
274.0083581662077,0.020044773409475095,0.05884075664363771,0.7459005042372263,0.024,False
274.0525958805125,0.020044844894988582,0.058806358113384305,0.7457889780976441,0.024,False
274.0968335948173,0.02004491636031044,0.05877196929928395,0.7456773863549584,0.024,False
274.14107130912214,0.02004498780543872,0.05873759020228513,0.7455657289677229,0.024,False
274.1853090234269,0.020045059230371424,0.05870322082333384,0.7454540058944656,0.024,False
274.22954673773177,0.02004513063510657,0.058668861163374025,0.7453422170936895,0.024,False
274.27378445203647,0.02004520201964225,0.05863451122334724,0.7452303625238705,0.024,False
274.3180221663413,0.02004527338397645,0.05860017100419244,0.7451184421434589,0.024,False
274.3622598806461,0.020045344728107276,0.0585658405068467,0.7450064559108792,0.024,False
274.4064975949509,0.020045416052032774,0.05853151973224457,0.74489440378453,0.024,False
274.4507353092557,0.020045487355750978,0.058497208681318545,0.7447822857227847,0.024,False
274.49497302356053,0.02004555863925999,0.058462907354998865,0.7446701016839906,0.024,False
274.5392107378653,0.020045629902557857,0.05842861575421314,0.7445578516264685,0.024,False
274.5834484521701,0.020045701145642667,0.05839433387988727,0.7444455355085146,0.024,False
274.62768616647486,0.020045772368512498,0.05836006173294456,0.7443331532883982,0.024,False
274.67192388077973,0.02004584357116534,0.05832579931430615,0.7442207049243644,0.024,False
274.7161615950845,0.020045914753599434,0.05829154662489126,0.744108190374631,0.024,False
274.76039930938936,0.020045985915812782,0.058257303665616766,0.7439956095973917,0.024,False
274.8046370236941,0.020046057057803532,0.05822307043739697,0.7438829625508121,0.024,False
274.84887473799887,0.0200461281795698,0.05818884694114449,0.7437702491930341,0.024,False
274.8931124523037,0.020046199281109667,0.05815463317776966,0.743657469482174,0.024,False
274.9373501666085,0.02004627036242127,0.058120429148180594,0.7435446233763219,0.024,False
274.9815878809133,0.020046341423502676,0.05808623485328319,0.7434317108335426,0.024,False
275.0258255952181,0.020046412464352053,0.05805205029398132,0.743318731811875,0.024,False
275.0700633095229,0.02004648348496751,0.058017875471176684,0.7432056862693328,0.024,False
275.1143010238277,0.02004655448534719,0.05798371038576885,0.7430925741639037,0.024,False
275.15853873813245,0.020046625465489205,0.05794955503865547,0.7429793954535513,0.024,False
275.20277645243726,0.020046696425391718,0.05791540943073169,0.7428661500962114,0.024,False
275.2470141667421,0.02004676736505283,0.057881273562890974,0.7427528380497966,0.024,False
275.2912518810469,0.020046838284470656,0.05784714743602458,0.742639459272194,0.024,False
275.3354895953517,0.020046909183643453,0.05781303105102127,0.7425260137212617,0.024,False
275.3797273096565,0.02004698006256937,0.05777892440876836,0.7424125013548359,0.024,False
275.4239650239613,0.020047050921246524,0.057744827510150795,0.7422989221307272,0.024,False
275.4682027382661,0.020047121759673082,0.05771074035605145,0.7421852760067196,0.024,False
275.51244045257084,0.02004719257784723,0.0576766629473514,0.7420715629405725,0.024,False
275.55667816687566,0.020047263375767163,0.05764259528492938,0.7419577828900193,0.024,False
275.60091588118047,0.02004733415343098,0.057608537369662205,0.7418439358127694,0.024,False
275.6451535954853,0.020047404910836928,0.057574489202424875,0.7417300216665056,0.024,False
275.68939130979004,0.02004747564798316,0.057540450784090216,0.7416160404088862,0.024,False
275.73362902409485,0.0200475463648679,0.057506422115528935,0.7415019919975433,0.024,False
275.77786673839967,0.020047617061489317,0.05747240319761023,0.7413878763900857,0.024,False
275.8221044527045,0.02004768773784564,0.05743839403120063,0.7412736935440942,0.024,False
275.8663421670093,0.020047758393935106,0.057404394617165226,0.7411594434171263,0.024,False
275.91057988131405,0.020047829029755736,0.057370404956366895,0.7410451259667155,0.024,False
275.95481759561886,0.020047899645305883,0.05733642504966669,0.7409307411503672,0.024,False
275.9990553099236,0.020047970240583763,0.05730245489792381,0.7408162889255637,0.024,False
276.04329302422843,0.0200480408155876,0.057268494501995316,0.7407017692497612,0.024,False
276.08753073853325,0.02004811137031562,0.05723454386273642,0.7405871820803913,0.024,False
276.13176845283806,0.020048181904766014,0.05720060298100059,0.7404725273748615,0.024,False
276.1760061671429,0.020048252418937033,0.05716667185763904,0.7403578050905519,0.024,False
276.2202438814477,0.020048322912826887,0.05713275049350137,0.7402430151848202,0.024,False
276.2644815957524,0.02004839338643386,0.05709883888943523,0.7401281576149972,0.024,False
276.30871931005726,0.020048463839756153,0.057064937046286325,0.7400132323383896,0.024,False
276.352957024362,0.020048534272792014,0.0570310449648985,0.7398982393122788,0.024,False
276.3971947386669,0.020048604685539723,0.056997162646113805,0.7397831784939217,0.024,False
276.44143245297164,0.020048675077997517,0.05696329009077248,0.7396680498405501,0.024,False
276.48567016727645,0.020048745450163677,0.056929427299712815,0.7395528533093708,0.024,False
276.5299078815812,0.02004881580203637,0.05689557427377116,0.7394375888575662,0.024,False
276.574145595886,0.020048886133613907,0.05686173101378225,0.7393222564422931,0.024,False
276.61838331019084,0.020048956444894617,0.05682789752057908,0.7392068560206843,0.024,False
276.66262102449565,0.020049026735876767,0.05679407379499263,0.7390913875498467,0.024,False
276.7068587388004,0.020049097006558585,0.05676025983785195,0.7389758509868636,0.024,False
276.7510964531053,0.020049167256938383,0.05672645564998469,0.7388602462887931,0.024,False
276.79533416741,0.020049237487014426,0.05669266123221645,0.7387445734126689,0.024,False
276.83957188171485,0.020049307696785035,0.05665887658537113,0.738628832315499,0.024,False
276.8838095960196,0.020049377886248457,0.056625101710270694,0.7385130229542678,0.024,False
276.9280473103244,0.020049448055402982,0.05659133660773574,0.7383971452859355,0.024,False
276.97228502462923,0.02004951820424694,0.05655758127858469,0.7382811992674357,0.024,False
277.01652273893404,0.020049588332778624,0.05652383572363464,0.7381651848556796,0.024,False
277.06076045323886,0.020049658440996345,0.056490099943700564,0.7380491020075521,0.024,False
277.1049981675436,0.02004972852889842,0.056456373939595905,0.7379329506799145,0.024,False
277.14923588184837,0.02004979859648317,0.05642265771213227,0.7378167308296028,0.024,False
277.19347359615324,0.020049868643748765,0.05638895126211972,0.7377004424134306,0.024,False
277.237711310458,0.020049938670693723,0.05635525459036663,0.7375840853881839,0.024,False
277.2819490247628,0.020050008677316312,0.056321567697679584,0.7374676597106263,0.024,False
277.3261867390676,0.020050078663614867,0.05628789058486355,0.7373511653374968,0.024,False
277.3704244533724,0.020050148629587667,0.0562542232527216,0.7372346022255092,0.024,False
277.4146621676772,0.02005021857523307,0.05622056570205545,0.7371179703313538,0.024,False
277.458899881982,0.020050288500549455,0.056186917933664905,0.7370012696116955,0.024,False
277.5031375962868,0.02005035840553507,0.05615327994834837,0.7368845000231767,0.024,False
277.54737531059163,0.02005042829018834,0.05611965174690231,0.736767661522413,0.024,False
277.59161302489645,0.02005049815450758,0.056086033330121764,0.7366507540659974,0.024,False
277.6358507392012,0.020050567998491146,0.05605242469880026,0.7365337776104991,0.024,False
277.68008845350596,0.02005063782213739,0.05601882585372951,0.7364167321124617,0.024,False
277.7243261678108,0.020050707625444687,0.05598523679569943,0.7362996175284044,0.024,False
277.7685638821156,0.0200507774084114,0.05595165752549891,0.7361824338148242,0.024,False
277.8128015964204,0.020050847171035804,0.0559180880439146,0.7360651809281924,0.024,False
277.8570393107252,0.020050916913316338,0.055884528351731966,0.7359478588249563,0.024,False
277.90127702503,0.020050986635251396,0.05585097844973489,0.7358304674615392,0.024,False
277.9455147393348,0.02005105633683935,0.05581743833870546,0.7357130067943403,0.024,False
277.98975245363954,0.02005112601807855,0.05578390801942445,0.735595476779735,0.024,False
278.0339901679444,0.02005119567896741,0.05575038749267109,0.735477877374075,0.024,False
278.07822788224917,0.020051265319504283,0.05571687675922265,0.7353602085336869,0.024,False
278.122465596554,0.02005133493968758,0.05568337581985526,0.7352424702148738,0.024,False
278.1667033108588,0.020051404539515663,0.05564988467534348,0.7351246623739158,0.024,False
278.2109410251636,0.02005147411898694,0.05561640332646023,0.7350067849670677,0.024,False
278.25517873946836,0.020051543678099807,0.0555829317739771,0.7348888379505619,0.024,False
278.2994164537732,0.020051613216852684,0.055549470018664164,0.734770821280606,0.024,False
278.34365416807793,0.020051682735243957,0.05551601806128955,0.7346527349133827,0.024,False
278.3878918823828,0.020051752233272047,0.055482575902620575,0.7345345788050534,0.024,False
278.43212959668756,0.020051821710935395,0.05544914354342233,0.7344163529117523,0.024,False
278.47636731099243,0.020051891168232215,0.05541572098445907,0.7342980571895948,0.024,False
278.52060502529713,0.020051960605161144,0.05538230822649343,0.734179691594668,0.024,False
278.56484273960194,0.020052030021720534,0.055348905270286394,0.734061256083037,0.024,False
278.60908045390676,0.020052099417908805,0.05531551211659786,0.7339427506107441,0.024,False
278.65331816821157,0.020052168793724377,0.05528212876618566,0.7338241751338057,0.024,False
278.6975558825164,0.020052238149165697,0.05524875521980681,0.733705529608217,0.024,False
278.7417935968212,0.020052307484231195,0.055215391478216524,0.7335868139899477,0.024,False
278.78603131112595,0.020052376798919257,0.05518203754216872,0.7334680282349457,0.024,False
278.83026902543077,0.02005244609322836,0.055148693412416024,0.7333491722991341,0.024,False
278.8745067397355,0.020052515367156937,0.055115359089709624,0.7332302461384133,0.024,False
278.9187444540404,0.020052584620703424,0.05508203457479901,0.7331112497086593,0.024,False
278.96298216834515,0.020052653853866266,0.055048719868432586,0.7329921829657251,0.024,False
279.00721988264996,0.02005272306664392,0.05501541497135747,0.7328730458654413,0.024,False
279.0514575969548,0.020052792259034866,0.05498211988431916,0.7327538383636133,0.024,False
279.09569531125953,0.020052861431037412,0.05494883460806169,0.7326345604160249,0.024,False
279.13993302556435,0.020052930582650137,0.05491555914332815,0.7325152119784355,0.024,False
279.18417073986916,0.02005299971387151,0.0548822934908599,0.7323957930065806,0.024,False
279.228408454174,0.02005306882469999,0.0548490376513972,0.7322763034561741,0.024,False
279.2726461684788,0.020053137915134012,0.05481579162567885,0.7321567432829053,0.024,False
279.31688388278354,0.020053206985172066,0.054782555414442276,0.732037112442441,0.024,False
279.3611215970883,0.020053276034812606,0.05474932901842354,0.731917410890424,0.024,False
279.4053593113931,0.020053345064054113,0.05471611243835758,0.7317976385824747,0.024,False
279.4495970256979,0.020053414072895053,0.054682905674978036,0.7316777954741911,0.024,False
279.49383474000274,0.020053483061333897,0.05464970872901712,0.7315578815211469,0.024,False
279.53807245430755,0.02005355202936913,0.05461652160120583,0.7314378966788931,0.024,False
279.58231016861237,0.020053620976999254,0.0545833442922738,0.7313178409029576,0.024,False
279.6265478829172,0.02005368990422275,0.05455017680294946,0.7311977141488453,0.024,False
279.67078559722194,0.020053758811038092,0.05451701913395989,0.7310775163720382,0.024,False
279.7150233115267,0.02005382769744383,0.05448387128603119,0.7309572475279957,0.024,False
279.7592610258315,0.02005389656343824,0.054450733259887696,0.7308369075721552,0.024,False
279.8034987401363,0.020053965409020047,0.05441760505625303,0.7307164964599284,0.024,False
279.84773645444113,0.02005403423418773,0.05438448667584905,0.7305960141467054,0.024,False
279.89197416874595,0.020054103038939744,0.054351378119396825,0.7304754605878544,0.024,False
279.9362118830507,0.020054171823274618,0.05431827938761605,0.7303548357387203,0.024,False
279.9804495973555,0.020054240587190804,0.05428519048122521,0.7302341395546262,0.024,False
280.02468731166033,0.02005430933068687,0.0542521114009414,0.7301133719908699,0.024,False
280.0689250259651,0.020054378053761274,0.0542190421474808,0.7299925330027295,0.024,False
280.11316274026996,0.020054446756412565,0.05418598272155823,0.7298716225454585,0.024,False
280.1574004545747,0.020054515438639245,0.054152933123887276,0.7297506405742883,0.024,False
280.20163816887947,0.02005458410043987,0.05411989335518052,0.7296295870444277,0.024,False
280.2458758831843,0.020054652741812916,0.05408686341614924,0.7295084619110636,0.024,False
280.2901135974891,0.020054721362756937,0.054053843307503624,0.7293872651293596,0.024,False
280.3343513117939,0.020054789963270446,0.054020833029952475,0.7292659966544562,0.024,False
280.3785890260987,0.020054858543351983,0.0539878325842037,0.7291446564414731,0.024,False
280.42282674040354,0.020054927102999987,0.05395484197096399,0.7290232444455074,0.024,False
280.46706445470835,0.020054995642213105,0.053921861190939016,0.7289017606216324,0.024,False
280.51130216901305,0.020055064160989865,0.05388889024483298,0.7287802049248991,0.024,False
280.5555398833179,0.020055132659328817,0.053855929133349134,0.7286585773103371,0.024,False
280.5997775976227,0.020055201137228466,0.05382297785718979,0.7285368777329541,0.024,False
280.64401531192755,0.020055269594687362,0.053790036417056104,0.7284151061477352,0.024,False
280.6882530262323,0.020055338031704083,0.0537571048136476,0.7282932625096412,0.024,False
280.7324907405371,0.020055406448277087,0.05372418304766344,0.7281713467736146,0.024,False
280.7767284548419,0.020055474844404994,0.05369127111980137,0.7280493588945729,0.024,False
280.8209661691467,0.020055543220086347,0.05365836903075812,0.7279272988274124,0.024,False
280.8652038834515,0.0200556115753197,0.05362547678122895,0.7278051665270062,0.024,False
280.9094415977563,0.02005567991010362,0.053592594371908886,0.7276829619482079,0.024,False
280.95367931206107,0.020055748224436648,0.05355972180349094,0.7275606850458459,0.024,False
280.99791702636594,0.020055816518317386,0.05352685907666767,0.7274383357747287,0.024,False
281.0421547406707,0.02005588479174426,0.05349400619213034,0.7273159140896429,0.024,False
281.08639245497545,0.020055953044715944,0.05346116315056935,0.7271934199453521,0.024,False
281.13063016928027,0.02005602127723101,0.05342832995267409,0.727070853296599,0.024,False
281.1748678835851,0.020056089489288026,0.05339550659913265,0.7269482140981035,0.024,False
281.2191055978899,0.020056157680885554,0.05336269309063243,0.7268255023045646,0.024,False
281.2633433121947,0.02005622585202217,0.05332988942785946,0.7267027178706588,0.024,False
281.3075810264995,0.020056294002696456,0.053297095611499055,0.7265798607510412,0.024,False
281.3518187408043,0.020056362132906968,0.053264311642235336,0.7264569309003457,0.024,False
281.39605645510903,0.02005643024265228,0.05323153752075159,0.7263339282731837,0.024,False
281.44029416941385,0.020056498331931016,0.053198773247730105,0.7262108528241457,0.024,False
281.48453188371866,0.020056566400741722,0.05316601882385191,0.7260877045077996,0.024,False
281.5287695980235,0.020056634449082997,0.05313327424979744,0.7259644832786928,0.024,False
281.5730073123283,0.020056702476953438,0.05310053952624583,0.7258411890913503,0.024,False
281.61724502663304,0.02005677048435163,0.05306781465387549,0.7257178219002762,0.024,False
281.66148274093786,0.02005683847127621,0.0530350996333638,0.7255943816599526,0.024,False
281.70572045524267,0.020056906437725605,0.053002394465387355,0.7254708683248431,0.024,False
281.7499581695475,0.02005697438369854,0.052969699150621316,0.7253472818493849,0.024,False
281.79419588385224,0.020057042309193616,0.05293701368974043,0.7252236221879969,0.024,False
281.8384335981571,0.020057110214209434,0.05290433808341821,0.725099889295076,0.024,False
281.88267131246187,0.0200571780987446,0.05287167233232746,0.7249760831249983,0.024,False
281.9269090267666,0.020057245962797687,0.05283901643714002,0.7248522036321189,0.024,False
281.97114674107144,0.02005731380636733,0.05280637039852661,0.7247282507707705,0.024,False
282.01538445537625,0.02005738162945211,0.05277373421715726,0.724604224495266,0.024,False
282.05962216968106,0.020057449432050647,0.05274110789370103,0.7244801247598962,0.024,False
282.1038598839859,0.020057517214161553,0.05270849142882613,0.7243559515189314,0.024,False
282.14809759829063,0.020057584975783447,0.05267588482319982,0.7242317047266206,0.024,False
282.19233531259545,0.020057652716914936,0.05264328807748843,0.7241073843371912,0.024,False
282.2365730269002,0.020057720437554646,0.05261070119235766,0.7239829903048516,0.024,False
282.2808107412051,0.0200577881377012,0.05257812416847213,0.7238585225837868,0.024,False
282.32504845550983,0.02005785581735321,0.05254555700649571,0.7237339811281631,0.024,False
282.36928616981464,0.020057923476509188,0.05251299970709136,0.7236093658921258,0.024,False
282.41352388411946,0.02005799111516793,0.05248045227092124,0.7234846768297969,0.024,False
282.45776159842427,0.020058058733328017,0.05244791469864664,0.72335991389528,0.024,False
282.501999312729,0.020058126330988055,0.052415386990927994,0.7232350770426571,0.024,False
282.54623702703384,0.020058193908146695,0.05238286914842488,0.7231101662259898,0.024,False
282.5904747413386,0.02005826146480254,0.05235036117179624,0.7229851813993196,0.024,False
282.63471245564347,0.02005832900095426,0.0523178630617,0.7228601225166659,0.024,False
282.6789501699482,0.0200583965166004,0.052285374818793334,0.7227349895320295,0.024,False
282.7231878842531,0.02005846401173967,0.05225289644373262,0.7226097823993891,0.024,False
282.7674255985578,0.02005853148637071,0.05222042793717358,0.7224845010727036,0.024,False
282.8116633128626,0.02005859894049213,0.05218796929977099,0.7223591455059115,0.024,False
282.8559010271674,0.020058666374102592,0.05215552053217878,0.7222337156529303,0.024,False
282.90013874147223,0.020058733787200744,0.05212308163505024,0.7221082114676575,0.024,False
282.94437645577705,0.020058801179785236,0.05209065260903783,0.7219826329039706,0.024,False
282.98861417008186,0.02005886855185461,0.05205823345479324,0.7218569799157271,0.024,False
283.03285188438656,0.020058935903407578,0.05202582417296764,0.7217312524567643,0.024,False
283.07708959869143,0.020059003234442874,0.051993424764210865,0.7216054504808961,0.024,False
283.1213273129962,0.020059070544959073,0.051961035229172683,0.7214795739419212,0.024,False
283.165565027301,0.020059137834954853,0.05192865556850167,0.7213536227936151,0.024,False
283.2098027416058,0.020059205104428837,0.051896285782845865,0.7212275969897344,0.024,False
283.2540404559106,0.020059272353379703,0.05186392587285251,0.721101496484015,0.024,False
283.29827817021544,0.020059339581806106,0.051831575839168226,0.7209753212301737,0.024,False
283.3425158845202,0.020059406789706646,0.0517992356824388,0.7208490711819072,0.024,False
283.386753598825,0.02005947397708006,0.05176690540330917,0.7207227462928906,0.024,False
283.4309913131298,0.020059541143924966,0.05173458500242381,0.7205963465167807,0.024,False
283.47522902743464,0.02005960829024005,0.051702274480426566,0.720469871807215,0.024,False
283.5194667417394,0.02005967541602398,0.051669973837960334,0.7203433221178097,0.024,False
283.5637044560442,0.020059742521275417,0.0516376830756675,0.7202166974021624,0.024,False
283.60794217034896,0.02005980960599306,0.05160540219418975,0.7200899976138507,0.024,False
283.6521798846538,0.020059876670175465,0.051573131194168086,0.7199632227064335,0.024,False
283.6964175989586,0.020059943713821318,0.05154087007624274,0.7198363726334489,0.024,False
283.7406553132634,0.020060010736929385,0.05150861884105348,0.7197094473484151,0.024,False
283.78489302756816,0.020060077739498312,0.05147637748923935,0.7195824468048317,0.024,False
283.82913074187303,0.020060144721526743,0.0514441460214384,0.7194553709561782,0.024,False
283.8733684561778,0.020060211683013394,0.051411924438288625,0.7193282197559152,0.024,False
283.9176061704826,0.02006027862395691,0.051379712740426985,0.7192009931574841,0.024,False
283.96184388478736,0.020060345544355953,0.05134751092848976,0.7190736911143061,0.024,False
284.00608159909217,0.020060412444209218,0.05131531900311294,0.7189463135797842,0.024,False
284.050319313397,0.020060479323515408,0.0512831369649317,0.7188188605073015,0.024,False
284.0945570277018,0.020060546182273164,0.05125096481458054,0.7186913318502219,0.024,False
284.1387947420066,0.020060613020481205,0.05121880255269361,0.7185637275618911,0.024,False
284.18303245631137,0.02006067983813821,0.05118665017990407,0.718436047595634,0.024,False
284.2272701706161,0.020060746635242842,0.051154507696844605,0.7183082919047573,0.024,False
284.271507884921,0.020060813411793863,0.05112237510414754,0.7181804604425487,0.024,False
284.31574559922575,0.020060880167789695,0.05109025240244448,0.7180525531622797,0.024,False
284.3599833135306,0.02006094690322933,0.0510581395923663,0.7179245700171965,0.024,False
284.4042210278354,0.020061013618111353,0.05102603667454346,0.7177965109605315,0.024,False
284.44845874214013,0.020061080312434476,0.050993943649605904,0.717668375945497,0.024,False
284.49269645644495,0.02006114698619738,0.050961860518182855,0.7175401649252866,0.024,False
284.53693417074976,0.02006121363939874,0.050929787280903194,0.7174118778530751,0.024,False
284.5811718850546,0.020061280272037244,0.050897723938395006,0.7172835146820187,0.024,False
284.6254095993594,0.020061346884111615,0.05086567049128579,0.7171550753652538,0.024,False
284.6696473136642,0.02006141347562054,0.05083362694020274,0.7170265598558997,0.024,False
284.713885027969,0.020061480046562705,0.050801593285772405,0.7168979681070569,0.024,False
284.7581227422737,0.020061546596936826,0.05076956952862092,0.7167693000718072,0.024,False
284.8023604565786,0.020061613126741595,0.050737555669373734,0.7166405557032138,0.024,False
284.84659817088334,0.020061679635975733,0.050705551708655774,0.7165117349543217,0.024,False
284.89083588518815,0.020061746124637944,0.05067355764709162,0.7163828377781573,0.024,False
284.93507359949297,0.02006181259272687,0.05064157348530506,0.7162538641277292,0.024,False
284.9793113137978,0.020061879040241173,0.05060959922391978,0.7161248139560286,0.024,False
285.02354902810254,0.02006194546717971,0.050577634863558645,0.7159956872160255,0.024,False
285.06778674240735,0.02006201187354113,0.050545680404844126,0.7158664838606741,0.024,False
285.11202445671216,0.02006207825932413,0.050513735848398245,0.7157372038429105,0.024,False
285.1562621710169,0.020062144624527423,0.050481801194842454,0.7156078471156517,0.024,False
285.20049988532173,0.0200622109691497,0.05044987644479781,0.7154784136317976,0.024,False
285.24473759962655,0.0200622772931897,0.05041796159888497,0.7153489033442301,0.024,False
285.28897531393136,0.020062343596646087,0.050386056657723874,0.7152193162058125,0.024,False
285.3332130282361,0.02006240987951761,0.050354161621934304,0.715089652169391,0.024,False
285.37745074254093,0.02006247614180299,0.05032227649213541,0.7149599111877935,0.024,False
285.42168845684574,0.020062542383500897,0.050290401268945926,0.7148300932138305,0.024,False
285.46592617115056,0.020062608604610083,0.0502585359529841,0.7147001982002942,0.024,False
285.5101638854553,0.020062674805129264,0.05022668054486792,0.71457022609996,0.024,False
285.5544015997602,0.02006274098505719,0.05019483504521469,0.7144401768655845,0.024,False
285.5986393140649,0.02006280714439254,0.050162999454641574,0.7143100504499085,0.024,False
285.6428770283697,0.020062873283133924,0.0501311737737651,0.7141798468056553,0.024,False
285.6871147426745,0.020062939401280212,0.05009935800320132,0.7140495658855276,0.024,False
285.7313524569793,0.020063005498830094,0.05006755214356603,0.7139192076422136,0.024,False
285.77559017128414,0.020063071575782288,0.050035756195474734,0.7137887720283841,0.024,False
285.81982788558895,0.020063137632135505,0.05000397015954218,0.713658258996691,0.024,False
285.86406559989365,0.020063203667888465,0.049972194036383054,0.7135276684997708,0.024,False
285.9083033141985,0.020063269683039932,0.04994042782661169,0.7133970004902419,0.024,False
285.9525410285033,0.020063335677588553,0.04990867153084141,0.713266254920705,0.024,False
285.99677874280815,0.020063401651533103,0.049876925149685995,0.7131354317437448,0.024,False
286.0410164571129,0.020063467604872317,0.04984518868375844,0.7130045309119288,0.024,False
286.0852541714178,0.020063533537604903,0.0498134621336712,0.7128735523778065,0.024,False
286.12949188572253,0.020063599449729595,0.0497817455000368,0.7127424960939118,0.024,False
286.1737296000273,0.020063665341245124,0.049750038783466954,0.7126113620127605,0.024,False
286.2179673143321,0.020063731212150243,0.04971834198457348,0.712480150086853,0.024,False
286.2622050286369,0.020063797062443618,0.049686655103967504,0.7123488602686722,0.024,False
286.3064427429417,0.020063862892123967,0.04965497814225994,0.7122174925106847,0.024,False
286.35068045724654,0.0200639287011901,0.049623311100061455,0.7120860467653397,0.024,False
286.3949181715513,0.020063994489640732,0.04959165397798205,0.7119545229850692,0.024,False
286.43915588585617,0.020064060257474578,0.0495600067766317,0.7118229211222904,0.024,False
286.48339360016087,0.02006412600469037,0.049528369496620005,0.7116912411294034,0.024,False
286.5276313144657,0.020064191731286866,0.04949674213855614,0.711559482958791,0.024,False
286.5718690287705,0.02006425743726276,0.04946512470304918,0.7114276465628212,0.024,False
286.6161067430753,0.020064323122616808,0.04943351719070775,0.7112957318938449,0.024,False
286.6603444573801,0.020064388787347752,0.04940191960214014,0.7111637389041962,0.024,False
286.70458217168493,0.02006445443145431,0.049370331937954294,0.7110316675461934,0.024,False
286.7488198859897,0.020064520054935257,0.049338754198758154,0.7108995177721389,0.024,False
286.7930576002945,0.02006458565778931,0.04930718638515922,0.7107672895343197,0.024,False
286.83729531459926,0.020064651240015212,0.04927562849776431,0.7106349827850039,0.024,False
286.8815330289041,0.020064716801611728,0.04924408053718048,0.7105025974764465,0.024,False
286.9257707432089,0.02006478234257742,0.04921254250401435,0.710370133560887,0.024,False
286.9700084575137,0.020064847862911208,0.049181014398872326,0.7102375909905464,0.024,False
287.01424617181846,0.020064913362611823,0.04914949622236049,0.7101049697176313,0.024,False
287.05848388612327,0.020064978841677985,0.04911798797508453,0.7099722696943318,0.024,False
287.1027216004281,0.020065044300108435,0.049086489657650265,0.7098394908728245,0.024,False
287.1469593147329,0.0200651097379019,0.049055001270662944,0.7097066332052682,0.024,False
287.1911970290377,0.02006517515505712,0.04902352281472754,0.7095736966438064,0.024,False
287.23543474334247,0.020065240551572845,0.04899205429044887,0.7094406811405672,0.024,False
287.2796724576472,0.02006530592744781,0.04896059569843174,0.7093075866476648,0.024,False
287.32391017195204,0.02006537128268079,0.04892914703928032,0.7091744131171949,0.024,False
287.36814788625685,0.020065436617270498,0.048897708313598916,0.7090411605012409,0.024,False
287.41238560056166,0.02006550193121571,0.04886627952199134,0.7089078287518686,0.024,False
287.4566233148665,0.020065567224515142,0.04883486066506141,0.7087744178211306,0.024,False
287.5008610291713,0.02006563249716756,0.04880345174341259,0.7086409276610627,0.024,False
287.5450987434761,0.020065697749171767,0.048772052757648225,0.7085073582236858,0.024,False
287.5893364577808,0.020065762980526272,0.048740663708371434,0.708373709461009,0.024,False
287.6335741720857,0.020065828191230047,0.04870928459618513,0.7082399813250209,0.024,False
287.67781188639043,0.0200658933812818,0.04867791542169197,0.7081061737676984,0.024,False
287.7220496006953,0.020065958550680243,0.048646556185494426,0.7079722867410028,0.024,False
287.76628731500006,0.020066023699424163,0.048615206888194935,0.7078383201968809,0.024,False
287.81052502930487,0.020066088827512273,0.04858386753039565,0.707704274087265,0.024,False
287.8547627436096,0.02006615393494337,0.04855253811269851,0.7075701483640717,0.024,False
287.89900045791444,0.020066219021716136,0.04852121863570538,0.7074359429792043,0.024,False
287.94323817221925,0.020066284087829366,0.04848990910001792,0.7073016578845507,0.024,False
287.98747588652407,0.02006634913328181,0.0484586095062377,0.7071672930319843,0.024,False
288.0317136008288,0.020066414158072206,0.04842731985496617,0.7070328483733652,0.024,False
288.0759513151337,0.020066479162199318,0.048396040146804264,0.7068983238605367,0.024,False
288.12018902943845,0.02006654414566188,0.04836477038235323,0.7067637194453303,0.024,False
288.16442674374326,0.02006660910845869,0.04833351056221386,0.7066290350795612,0.024,False
288.208664458048,0.020066674050588446,0.048302260686986884,0.7064942707150318,0.024,False
288.25290217235283,0.020066738972049827,0.048271020757273145,0.7063594263035313,0.024,False
288.29713988665765,0.020066803872841724,0.048239790773673186,0.7062245017968326,0.024,False
288.34137760096246,0.02006686875296284,0.04820857073678717,0.7060894971466948,0.024,False
288.3856153152673,0.020066933612411922,0.048177360647215596,0.7059544123048647,0.024,False
288.42985302957203,0.02006699845118771,0.048146160505558463,0.7058192472230739,0.024,False
288.4740907438768,0.020067063269288987,0.04811497031241599,0.7056840018530408,0.024,False
288.51832845818166,0.020067128066714516,0.04808379006838803,0.7055486761464697,0.024,False
288.5625661724864,0.02006719284346298,0.04805261977407439,0.7054132700550515,0.024,False
288.6068038867912,0.02006725759953321,0.048021459430074964,0.7052777835304633,0.024,False
288.65104160109604,0.020067322334923914,0.04799030903698948,0.7051422165243696,0.024,False
288.69527931540085,0.020067387049633883,0.04795916859541728,0.7050065689884188,0.024,False
288.7395170297056,0.02006745174366184,0.047928038105958186,0.7048708408742498,0.024,False
288.7837547440104,0.020067516417006562,0.047896917569211175,0.7047350321334835,0.024,False
288.82799245831524,0.020067581069666815,0.047865806985775784,0.7045991427177306,0.024,False
288.87223017262005,0.0200676457016413,0.04783470635625143,0.7044631725785895,0.024,False
288.91646788692486,0.020067710312928727,0.0478036156812372,0.7043271216676436,0.024,False
288.9607056012296,0.020067774903527964,0.04777253496133239,0.7041909899364627,0.024,False
289.0049433155344,0.0200678394734377,0.04774146419713607,0.7040547773366054,0.024,False
289.0491810298392,0.02006790402265674,0.04771040338924711,0.7039184838196146,0.024,False
289.093418744144,0.02006796855118381,0.04767935253826471,0.7037821093370238,0.024,False
289.1376564584488,0.02006803305901767,0.04764831164478757,0.70364565384035,0.024,False
289.18189417275363,0.020068097546157095,0.04761728070941486,0.703509117281101,0.024,False
289.22613188705844,0.02006816201260079,0.047586259732745266,0.7033724996107696,0.024,False
289.27036960136326,0.020068226458347545,0.047555248715377814,0.7032358007808371,0.024,False
289.31460731566796,0.020068290883396112,0.04752424765791119,0.7030990207427713,0.024,False
289.3588450299728,0.020068355287745254,0.04749325656094434,0.7029621594480284,0.024,False
289.4030827442776,0.02006841967139371,0.0474622754250759,0.7028252168480515,0.024,False
289.4473204585824,0.020068484034340264,0.047431304250904804,0.702688192894272,0.024,False
289.4915581728872,0.020068548376583697,0.04740034303902964,0.7025510875381076,0.024,False
289.535795887192,0.020068612698122563,0.04736939179004939,0.702413900730968,0.024,False
289.5800336014968,0.020068676998955832,0.04733845050456256,0.7022766324242444,0.024,False
289.6242713158016,0.020068741279082224,0.0473075191831681,0.7021392825693203,0.024,False
289.66850903010635,0.020068805538500465,0.04727659782646467,0.7020018511175657,0.024,False
289.7127467444112,0.020068869777209317,0.04724568643505118,0.70186433802034,0.024,False
289.756984458716,0.02006893399520754,0.04721478500952632,0.701726743228989,0.024,False
289.80122217302085,0.020068998192493893,0.04718389355048879,0.7015890666948468,0.024,False
289.84545988732555,0.02006906236906712,0.04715301205853748,0.7014513083692371,0.024,False
289.88969760163036,0.020069126524925967,0.04712214053427139,0.7013134682034718,0.024,False
289.9339353159352,0.02006919066006923,0.047091278978289554,0.7011755461488511,0.024,False
289.97817303024,0.020069254774495622,0.047060427391190644,0.7010375421566626,0.024,False
290.0224107445448,0.020069318868203918,0.04702958577357355,0.7008994561781825,0.024,False
290.0666484588496,0.02006938294119287,0.0469987541260374,0.7007612881646769,0.024,False
290.1108861731543,0.02006944699346126,0.04696793244918134,0.7006230380674003,0.024,False
290.1551238874592,0.020069511025007845,0.046937120743604586,0.7004847058375958,0.024,False
290.19936160176394,0.020069575035831205,0.046906319009906085,0.7003462914264966,0.024,False
290.2435993160688,0.020069639025930282,0.04687552724868519,0.7002077947853217,0.024,False
290.28783703037357,0.020069702995303796,0.046844745460541085,0.7000692158652809,0.024,False
290.3320747446784,0.020069766943950497,0.046813973646073335,0.6999305546175741,0.024,False
290.3763124589832,0.020069830871869143,0.04678321180588129,0.6997918109933888,0.024,False
290.42055017328795,0.020069894779058486,0.04675245994056438,0.699652984943902,0.024,False
290.46478788759276,0.020069958665517282,0.046721718050722304,0.6995140764202807,0.024,False
290.5090256018976,0.020070022531244257,0.04669098613695471,0.699375085373681,0.024,False
290.5532633162024,0.020070086376238205,0.04666026419986154,0.6992360117552485,0.024,False
290.5975010305072,0.020070150200497853,0.04662955224004233,0.6990968555161172,0.024,False
290.64173874481196,0.020070214004021973,0.0465988502580972,0.698957616607412,0.024,False
290.6859764591167,0.020070277786809306,0.04656815825462628,0.6988182949802473,0.024,False
290.73021417342153,0.020070341548858627,0.046537476230229725,0.6986788905857272,0.024,False
290.77445188772634,0.020070405290168684,0.04650680418550767,0.6985394033749446,0.024,False
290.81868960203116,0.02007046901073815,0.046476142121060555,0.6983998332989845,0.024,False
290.86292731633597,0.020070532710565792,0.04644549003748884,0.6982601803089199,0.024,False
290.9071650306408,0.02007059638965045,0.04641484793539324,0.698120444355814,0.024,False
290.9514027449456,0.020070660047990838,0.046384215815374476,0.6979806253907213,0.024,False
290.99564045925035,0.020070723685585698,0.04635359367803348,0.697840723364686,0.024,False
291.0398781735551,0.020070787302433814,0.04632298152397097,0.6977007382287407,0.024,False
291.0841158878599,0.020070850898533887,0.04629237935378822,0.6975606699339114,0.024,False
291.12835360216474,0.020070914473884708,0.04626178716808654,0.6974205184312128,0.024,False
291.17259131646955,0.020070978028485,0.04623120496746743,0.6972802836716511,0.024,False
291.21682903077436,0.02007104156233353,0.04620063275253217,0.6971399656062213,0.024,False
291.2610667450791,0.02007110507542904,0.04617007052388267,0.696999564185911,0.024,False
291.30530445938393,0.02007116856777028,0.04613951828212075,0.6968590793616981,0.024,False
291.34954217368875,0.02007123203935599,0.04610897602784847,0.6967185110845509,0.024,False
291.3937798879935,0.020071295490184923,0.046078443761667885,0.6965778593054283,0.024,False
291.4380176022984,0.020071358920255907,0.04604792148418138,0.6964371239752798,0.024,False
291.48225531660313,0.02007142232956749,0.046017409195991614,0.6962963050450498,0.024,False
291.52649303090794,0.020071485718118544,0.04598690689770094,0.6961554024656682,0.024,False
291.5707307452127,0.020071549085907834,0.04595641458991257,0.6960144161880599,0.024,False
291.6149684595175,0.0200716124329341,0.04592593227322929,0.6958733461631391,0.024,False
291.6592061738223,0.020071675759196075,0.045895459948254363,0.6957321923418126,0.024,False
291.70344388812714,0.020071739064692496,0.045864997615591124,0.695590954674978,0.024,False
291.74768160243195,0.020071802349422144,0.04583454527584329,0.6954496331135251,0.024,False
291.79191931673677,0.020071865613383737,0.0458041029296145,0.6953082276083346,0.024,False
291.83615703104147,0.020071928856576028,0.04577367057750892,0.6951667381102798,0.024,False
291.88039474534634,0.020071992078997753,0.045743248220130615,0.6950251645702252,0.024,False
291.9246324596511,0.02007205528064766,0.045712835858083965,0.6948835069390272,0.024,False
291.96887017395596,0.020072118461524496,0.04568243349197348,0.6947417651675336,0.024,False
292.0131078882607,0.02007218162162703,0.04565204112240407,0.6945999392065852,0.024,False
292.05734560256553,0.020072244760953973,0.04562165874998081,0.6944580290070153,0.024,False
292.10158331687035,0.020072307879504037,0.04559128637530872,0.6943160345196479,0.024,False
292.1458210311751,0.020072370977275936,0.045560923998993384,0.6941739556953007,0.024,False
292.1900587454799,0.02007243405426851,0.04553057162164047,0.6940317924847825,0.024,False
292.23429645978473,0.020072497110480477,0.04550022924385594,0.6938895448388954,0.024,False
292.2785341740895,0.02007256014591057,0.04546989686624586,0.6937472127084336,0.024,False
292.32277188839436,0.020072623160557534,0.04543957448941661,0.6936047960441843,0.024,False
292.3670096026991,0.020072686154420098,0.04540926211397472,0.6934622947969268,0.024,False
292.41124731700387,0.020072749127497003,0.04537895974052712,0.6933197089174341,0.024,False
292.4554850313087,0.020072812079786954,0.04534866736968105,0.6931770383564724,0.024,False
292.4997227456135,0.020072875011288727,0.045318385002043736,0.6930342830647992,0.024,False
292.5439604599183,0.020072937922001044,0.045288112638222695,0.6928914429931659,0.024,False
292.5881981742231,0.020073000811922658,0.0452578502788259,0.6927485180923171,0.024,False
292.63243588852794,0.0200730636810523,0.04522759792446137,0.6926055083129903,0.024,False
292.6766736028327,0.020073126529388714,0.0451973555757376,0.6924624136059172,0.024,False
292.72091131713745,0.020073189356930636,0.045167123233263336,0.6923192339218227,0.024,False
292.76514903144226,0.020073252163676728,0.04513690089764724,0.6921759692114242,0.024,False
292.8093867457471,0.02007331494962576,0.04510668856949857,0.6920326194254334,0.024,False
292.8536244600519,0.020073377714776516,0.0450764862494269,0.6918891845145552,0.024,False
292.8978621743567,0.020073440459127696,0.045046293938041874,0.6917456644294884,0.024,False
292.9420998886615,0.020073503182678046,0.045016111635953586,0.6916020591209262,0.024,False
292.9863376029663,0.02007356588542629,0.04498593934377235,0.6914583685395551,0.024,False
293.0305753172711,0.02007362856737116,0.04495577706210864,0.6913145926360554,0.024,False
293.0748130315759,0.02007369122851137,0.04492562479157339,0.6911707313611022,0.024,False
293.11905074588066,0.020073753868845665,0.0448954825327779,0.6910267846653646,0.024,False
293.1632884601855,0.02007381648837278,0.04486535028633368,0.6908827524995061,0.024,False
293.2075261744903,0.02007387908709142,0.044835228052852456,0.6907386348141842,0.024,False
293.25176388879504,0.020073941665000365,0.04480511583294638,0.6905944315600507,0.024,False
293.29600160309985,0.020074004222098298,0.04477501362722776,0.6904501426877521,0.024,False
293.34023931740467,0.02007406675838394,0.04474492143630935,0.69030576814793,0.024,False
293.3844770317095,0.02007412927385602,0.04471483926080427,0.6901613078912204,0.024,False
293.4287147460143,0.020074191768513196,0.044684767101325976,0.6900167618682556,0.024,False
293.47295246031905,0.02007425424235431,0.04465470495848775,0.6898721300296581,0.024,False
293.5171901746239,0.020074316695378066,0.04462465283290391,0.6897274123260503,0.024,False
293.5614278889286,0.020074379127583173,0.04459461072518861,0.6895826087080474,0.024,False
293.6056656032335,0.020074441538968344,0.04456457863595674,0.6894377191262614,0.024,False
293.64990331753825,0.020074503929532313,0.044534556565822975,0.6892927435312969,0.024,False
293.69414103184306,0.020074566299273813,0.044504544515402845,0.6891476818737563,0.024,False
293.7383787461479,0.020074628648191487,0.04447454248531203,0.6890025341042377,0.024,False
293.7826164604527,0.020074690976284157,0.04444455047616647,0.688857300173332,0.024,False
293.82685417475744,0.020074753283550472,0.04441456848858269,0.6887119800316293,0.024,False
293.87109188906226,0.02007481556998919,0.04438459652317727,0.6885665736297122,0.024,False
293.915329603367,0.020074877835598994,0.04435463458056722,0.688421080918161,0.024,False
293.9595673176719,0.020074940080378658,0.04432468266137001,0.6882755018475508,0.024,False
294.00380503197664,0.020075002304326857,0.044294740766203516,0.6881298363684545,0.024,False
294.0480427462815,0.02007506450744223,0.04426480889568588,0.6879840844314405,0.024,False
294.0922804605862,0.020075126689723582,0.04423488705043548,0.6878382459870714,0.024,False
294.136518174891,0.020075188851169566,0.04420497523107122,0.6876923209859088,0.024,False
294.18075588919584,0.020075250991778974,0.04417507343821236,0.6875463093785085,0.024,False
294.22499360350065,0.020075313111550513,0.044145181672478544,0.6874002111154238,0.024,False
294.26923131780546,0.02007537521048288,0.04411529993448978,0.687254026147205,0.024,False
294.3134690321103,0.020075437288574798,0.044085428224866496,0.6871077544243986,0.024,False
294.35770674641503,0.02007549934582497,0.04405556654422942,0.6869613958975485,0.024,False
294.40194446071985,0.020075561382232057,0.04402571489319969,0.6868149505171948,0.024,False
294.4461821750246,0.020075623397794826,0.043995873272398754,0.6866684182338741,0.024,False
294.4904198893294,0.020075685392511953,0.0439660416824487,0.6865217989981216,0.024,False
294.53465760363423,0.02007574736638216,0.04393622012397175,0.6863750927604685,0.024,False
294.57889531793904,0.02007580931940416,0.04390640859759071,0.6862282994714435,0.024,False
294.62313303224386,0.020075871251576644,0.04387660710392868,0.686081419081573,0.024,False
294.6673707465486,0.020075933162898345,0.04384681564360913,0.6859344515413803,0.024,False
294.7116084608534,0.020075995053367823,0.04381703421725591,0.6857873968013876,0.024,False
294.75584617515824,0.020076056922983945,0.04378726282549358,0.6856402548121131,0.024,False
294.80008388946305,0.020076118771745376,0.043757501468946775,0.6854930255240731,0.024,False
294.8443216037678,0.02007618059965083,0.043727750148240783,0.6853457088877828,0.024,False
294.8885593180726,0.02007624240669899,0.04369800886400106,0.6851983048537543,0.024,False
294.93279703237744,0.020076304192888545,0.04366827761685366,0.6850508133724984,0.024,False
294.9770347466822,0.020076365958218198,0.043638556407425116,0.6849032343945242,0.024,False
295.021272460987,0.02007642770268661,0.04360884523634202,0.684755567870338,0.024,False
295.0655101752918,0.02007648942629254,0.04357914410423181,0.6846078137504452,0.024,False
295.10974788959663,0.020076551129034663,0.043549453011722236,0.6844599719853501,0.024,False
295.15398560390145,0.02007661281091166,0.04351977195944153,0.6843120425255557,0.024,False
295.1982233182062,0.020076674471922223,0.043490100948018216,0.6841640253215627,0.024,False
295.242461032511,0.020076736112065063,0.043460439978081175,0.6840159203238702,0.024,False
295.2866987468158,0.02007679773133889,0.04343078905026008,0.6838677274829776,0.024,False
295.3309364611206,0.02007685932974224,0.04340114816518482,0.6837194467493846,0.024,False
295.3751741754254,0.02007692090727398,0.04337151732348572,0.6835710780735857,0.024,False
295.4194118897302,0.020076982463932757,0.043341896525793636,0.6834226214060777,0.024,False
295.463649604035,0.020077043999717253,0.043312285772739816,0.683274076697356,0.024,False
295.5078873183398,0.02007710551462615,0.0432826850649559,0.6831254438979147,0.024,False
295.55212503264454,0.020077167008658147,0.04325309440307426,0.6829767229582491,0.024,False
295.5963627469494,0.020077228481811912,0.04322351378772746,0.6828279138288529,0.024,False
295.64060046125417,0.020077289934086157,0.043193943219548656,0.6826790164602197,0.024,False
295.68483817555904,0.02007735136547952,0.04316438269917155,0.6825300308028438,0.024,False
295.7290758898638,0.020077412775990715,0.04313483222722989,0.6823809568072169,0.024,False
295.7733136041686,0.020077474165618416,0.04310529180435839,0.6822317944238333,0.024,False
295.81755131847336,0.020077535534361295,0.04307576143119202,0.6820825436031867,0.024,False
295.8617890327782,0.020077596882218038,0.043046241108366294,0.6819332042957711,0.024,False
295.906026747083,0.020077658209187325,0.04301673083651723,0.6817837764520804,0.024,False
295.9502644613878,0.02007771951526786,0.04298723061628121,0.6816342600226093,0.024,False
295.99450217569256,0.02007778080045819,0.0429577404482951,0.6814846549578539,0.024,False
296.03873988999743,0.02007784206475714,0.04292826033319647,0.681334961208309,0.024,False
296.08297760430213,0.020077903308163343,0.04289879027162315,0.6811851787244716,0.024,False
296.127215318607,0.020077964530675462,0.04286933026421358,0.6810353074568396,0.024,False
296.17145303291176,0.020078025732292188,0.04283988031160655,0.6808853473559108,0.024,False
296.21569074721657,0.020078086913012192,0.04281044041444155,0.6807352983721853,0.024,False
296.2599284615214,0.020078148072834128,0.04278101057335843,0.680585160456164,0.024,False
296.3041661758262,0.020078209211756626,0.04275159078899774,0.6804349335583505,0.024,False
296.348403890131,0.020078270329778415,0.04272218106200021,0.6802846176292466,0.024,False
296.39264160443577,0.020078331426898157,0.042692781393007424,0.6801342126193589,0.024,False
296.4368793187406,0.0200783925031145,0.04266339178266139,0.6799837184791947,0.024,False
296.4811170330454,0.020078453558426097,0.04263401223160424,0.6798331351592612,0.024,False
296.52535474735015,0.020078514592831657,0.042604642740479155,0.6796824626100699,0.024,False
296.56959246165496,0.020078575606329842,0.04257528330992942,0.6795317007821322,0.024,False
296.6138301759598,0.020078636598919133,0.0425459339405991,0.6793808496259655,0.024,False
296.65806789026453,0.02007869757059838,0.04251659463313282,0.6792299090920848,0.024,False
296.70230560456935,0.020078758521366254,0.04248726538817557,0.679078879131009,0.024,False
296.74654331887416,0.020078819451221336,0.042457946206372915,0.6789277596932608,0.024,False
296.790781033179,0.020078880360162334,0.04242863708837099,0.6787765507293642,0.024,False
296.8350187474838,0.020078941248187893,0.04239933803481643,0.6786252521898458,0.024,False
296.8792564617886,0.02007900211529666,0.04237004904635637,0.6784738640252358,0.024,False
296.9234941760933,0.02007906296148725,0.04234077012363848,0.6783223861860667,0.024,False
296.9677318903981,0.020079123786758375,0.04231150126731101,0.6781708186228738,0.024,False
297.0119696047029,0.020079184591108655,0.04228224247802297,0.6780191612861971,0.024,False
297.05620731900774,0.02007924537453674,0.04225299375642353,0.6778674141265779,0.024,False
297.10044503331255,0.0200793061370413,0.04222375510316259,0.6777155770945615,0.024,False
297.14468274761737,0.020079366878620965,0.0421945265188908,0.6775636501406982,0.024,False
297.1889204619222,0.02007942759927443,0.04216530800425874,0.6774116332155379,0.024,False
297.23315817622694,0.020079488299000234,0.042136099559918185,0.6772595262696389,0.024,False
297.2773958905317,0.02007954897779704,0.04210690118652137,0.677107329253562,0.024,False
297.32163360483656,0.020079609635663583,0.04207771288472062,0.6769550421178684,0.024,False
297.3658713191413,0.020079670272598462,0.0420485346551693,0.6768026648131276,0.024,False
297.41010903344613,0.020079730888600315,0.042019366498521185,0.6766501972899114,0.024,False
297.45434674775095,0.02007979148366779,0.041990208415430864,0.6764976394987979,0.024,False
297.4985844620557,0.020079852057799538,0.0419610604065529,0.676344991390366,0.024,False
297.5428221763605,0.02007991261099415,0.04193192247254287,0.6761922529152021,0.024,False
297.58705989066533,0.020079973143250305,0.04190279461405692,0.6760394240238965,0.024,False
297.63129760497014,0.020080033654566617,0.04187367683175151,0.6758865046670434,0.024,False
297.67553531927496,0.020080094144941725,0.041844569126284134,0.6757334947952439,0.024,False
297.7197730335797,0.020080154614374266,0.04181547149831224,0.6755803943591013,0.024,False
297.7640107478846,0.02008021506286287,0.041786383948494356,0.6754272033092262,0.024,False
297.8082484621893,0.020080275490406186,0.041757306477489604,0.6752739215962348,0.024,False
297.85248617649415,0.020080335897002814,0.041728239085957165,0.6751205491707458,0.024,False
297.8967238907989,0.02008039628265132,0.041699181774557476,0.674967085983388,0.024,False
297.9409616051037,0.02008045664735043,0.041670134543951035,0.6748135319847904,0.024,False
297.98519931940854,0.020080516991098765,0.0416410973947992,0.6746598871255914,0.024,False
298.02943703371335,0.02008057731389492,0.041612070327763914,0.6745061513564344,0.024,False
298.0736747480181,0.020080637615737543,0.0415830533435076,0.6743523246279683,0.024,False
298.1179124623229,0.02008069789662523,0.04155404644269341,0.6741984068908492,0.024,False
298.1621501766277,0.020080758156556636,0.041525049625985064,0.6740443980957382,0.024,False
298.20638789093255,0.02008081839553032,0.041496062894046754,0.6738902981933037,0.024,False
298.2506256052373,0.02008087861354496,0.04146708624754347,0.6737361071342198,0.024,False
298.2948633195421,0.020080938810599153,0.0414381196871406,0.6735818248691673,0.024,False
298.3391010338469,0.020080998986691495,0.041409163213504394,0.6734274513488351,0.024,False
298.3833387481517,0.020081059141820637,0.04138021682730145,0.6732729865239165,0.024,False
298.4275764624565,0.02008111927598518,0.04135128052919921,0.6731184303451141,0.024,False
298.4718141767613,0.020081179389183763,0.041322354319865466,0.6729637827631354,0.024,False
298.5160518910661,0.020081239481414808,0.04129343819996893,0.6728090437286992,0.024,False
298.56028960537094,0.020081299552677144,0.04126453217017887,0.6726542131925269,0.024,False
298.6045273196757,0.02008135960296932,0.0412356362311648,0.6724992911053485,0.024,False
298.64876503398045,0.02008141963228994,0.04120675038359748,0.672344277417904,0.024,False
298.69300274828527,0.020081479640637594,0.04117787462814764,0.6721891720809383,0.024,False
298.7372404625901,0.020081539628010917,0.04114900896548707,0.6720339750452056,0.024,False
298.7814781768949,0.020081599594408524,0.04112015339628814,0.671878686261468,0.024,False
298.8257158911997,0.02008165953982895,0.04109130792122379,0.6717233056804964,0.024,False
298.8699536055045,0.020081719464270842,0.04106247254096753,0.6715678332530686,0.024,False
298.9141913198093,0.020081779367732755,0.041033647256193545,0.6714122689299715,0.024,False
298.9584290341141,0.020081839250213344,0.04100483206757675,0.6712566126620003,0.024,False
299.00266674841885,0.020081899111711175,0.04097602697579258,0.6711008643999591,0.024,False
299.0469044627237,0.020081958952224872,0.04094723198151707,0.6709450240946596,0.024,False
299.0911421770285,0.02008201877175305,0.040918447085427016,0.6707890916969236,0.024,False
299.1353798913333,0.0200820785702941,0.04088967228819985,0.670633067157584,0.024,False
299.1796176056381,0.020082138347846813,0.04086090759051368,0.6704769504274786,0.024,False
299.22385531994286,0.020082198104409758,0.040832152993047266,0.6703207414574572,0.024,False
299.26809303424767,0.020082257839981507,0.04080340849647965,0.6701644401983768,0.024,False
299.3123307485525,0.020082317554560615,0.040774674101491,0.6700080466011068,0.024,False
299.35656846285724,0.020082377248145704,0.04074594980876203,0.6698515606165248,0.024,False
299.4008061771621,0.020082436920735365,0.04071723561897392,0.6696949821955177,0.024,False
299.44504389146687,0.02008249657232813,0.04068853153280873,0.6695383112889841,0.024,False
299.4892816057717,0.020082556202922628,0.04065983755094913,0.6693815478478314,0.024,False
299.53351932007644,0.020082615812517406,0.040631153674078234,0.6692246918229771,0.024,False
299.57775703438125,0.020082675401111076,0.040602479902880115,0.6690677431653493,0.024,False
299.62199474868606,0.020082734968702214,0.04057381623803914,0.6689107018258859,0.024,False
299.6662324629909,0.02008279451528938,0.04054516268024087,0.6687535677555375,0.024,False
299.7104701772957,0.020082854040871196,0.040516519230171,0.6685963409052628,0.024,False
299.7547078916005,0.02008291354544601,0.04048788588851625,0.6684390212260357,0.024,False
299.7989456059052,0.02008297302901265,0.040459262655963835,0.668281608668835,0.024,False
299.8431833202101,0.0200830324915696,0.040430649533201836,0.6681241031846558,0.024,False
299.88742103451483,0.02008309193311546,0.040402046520918694,0.6679665047245009,0.024,False
299.9316587488197,0.02008315135364879,0.040373453619803955,0.6678088132393879,0.024,False
299.97589646312446,0.02008321075316814,0.0403448708305472,0.6676510286803424,0.024,False
300.02013417742927,0.020083270131672083,0.04031629815383938,0.667493150998405,0.024,False
300.064371891734,0.02008332948915912,0.04028773559037169,0.6673351801446269,0.024,False
300.10860960603884,0.020083388825627893,0.04025918314083628,0.667177116070071,0.024,False
300.15284732034365,0.020083448141076935,0.04023064080592587,0.6670189587258128,0.024,False
300.19708503464847,0.020083507435504803,0.04020210858633369,0.6668607080629393,0.024,False
300.2413227489532,0.02008356670891006,0.0401735864827537,0.6667023640325492,0.024,False
300.2855604632581,0.020083625961291283,0.04014507449588102,0.6665439265857572,0.024,False
300.3297981775628,0.02008368519264703,0.04011657262641085,0.6663853956736868,0.024,False
300.3740358918676,0.020083744402975688,0.040088080875039456,0.6662267712474788,0.024,False
300.4182736061724,0.020083803592275996,0.040059599242463606,0.6660680532582813,0.024,False
300.46251132047723,0.020083862760546484,0.040031127729380875,0.6659092416572592,0.024,False
300.50674903478205,0.020083921907785685,0.04000266633648955,0.6657503363955901,0.024,False
300.55098674908686,0.020083981033992122,0.039974215064488415,0.6655913374244645,0.024,False
300.5952244633917,0.02008404013916436,0.03994577391407702,0.6654322446950858,0.024,False
300.63946217769643,0.020084099223300945,0.039917342885955914,0.6652730581586734,0.024,False
300.68369989200124,0.02008415828640037,0.03988892198082602,0.665113777766459,0.024,False
300.727937606306,0.020084217328461256,0.039860511199389194,0.6649544034696881,0.024,False
300.7721753206108,0.020084276349482094,0.03983211054234777,0.6647949352196207,0.024,False
300.8164130349156,0.02008433534946144,0.0398037200104051,0.664635372967532,0.024,False
300.86065074922044,0.02008439432839784,0.03977533960426477,0.6644757166647087,0.024,False
300.9048884635252,0.020084453286289817,0.039746969324631364,0.6643159662624544,0.024,False
300.94912617783,0.020084512223135956,0.039718609172210276,0.6641561217120868,0.024,False
300.9933638921348,0.02008457113893465,0.03969025914770749,0.6639961829649403,0.024,False
301.03760160643964,0.020084630033684516,0.03966191925182976,0.6638361499723618,0.024,False
301.0818393207444,0.0200846889073841,0.03963358948528451,0.6636760226857139,0.024,False
301.12607703504926,0.020084747760031944,0.03960526984877984,0.6635158010563743,0.024,False
301.17031474935396,0.020084806591626553,0.03957696034302452,0.6633554850357364,0.024,False
301.2145524636588,0.020084865402166443,0.039548660968728375,0.6631950745752105,0.024,False
301.2587901779636,0.020084924191650158,0.039520371726601465,0.6630345696262202,0.024,False
301.3030278922684,0.020084982960076166,0.03949209261735501,0.6628739701402077,0.024,False
301.3472656065732,0.02008504170744306,0.0394638236417008,0.6627132760686292,0.024,False
301.39150332087803,0.020085100433749326,0.03943556480035115,0.662552487362957,0.024,False
301.4357410351828,0.020085159138993496,0.03940731609401938,0.662391603974681,0.024,False
301.4799787494876,0.020085217823174097,0.039379077523419334,0.662230625855306,0.024,False
301.52421646379236,0.02008527648628961,0.039350849089265894,0.6620695529563565,0.024,False
301.5684541780972,0.020085335128338593,0.03932263079227428,0.6619083852293695,0.024,False
301.612691892402,0.02008539374931935,0.03929442263316078,0.6617471226259046,0.024,False
301.6569296067068,0.020085452349230672,0.03926622461264202,0.6615857650975305,0.024,False
301.7011673210116,0.02008551092807097,0.03923803673143589,0.6614243125958402,0.024,False
301.74540503531637,0.020085569485838773,0.0392098589902606,0.6612627650724405,0.024,False
301.7896427496212,0.020085628022532546,0.03918169138983521,0.6611011224789571,0.024,False
301.833880463926,0.020085686538150804,0.03915353393087967,0.6609393847670336,0.024,False
301.8781181782308,0.020085745032692056,0.03912538661411439,0.6607775518883301,0.024,False
301.9223558925356,0.02008580350615479,0.03909724944026082,0.6606156237945262,0.024,False
301.9665936068404,0.020085861958537506,0.03906912241004087,0.6604536004373183,0.024,False
302.01083132114525,0.0200859203898387,0.039041005524177406,0.660291481768422,0.024,False
302.05506903544995,0.02008597880005688,0.039012898783394014,0.6601292677395715,0.024,False
302.09930674975476,0.020086037189190536,0.0389848021884149,0.6599669583025186,0.024,False
302.1435444640596,0.02008609555723817,0.03895671573996517,0.6598045534090349,0.024,False
302.1877821783644,0.02008615390419832,0.03892863943877064,0.6596420530109102,0.024,False
302.2320198926692,0.02008621223006934,0.0389005732855577,0.6594794570599544,0.024,False
302.276257606974,0.0200862705348498,0.0388725172810538,0.6593167655079959,0.024,False
302.32049532127877,0.02008632881853821,0.038844471425986835,0.6591539783068816,0.024,False
302.3647330355836,0.020086387081133042,0.03881643572108587,0.6589910954084806,0.024,False
302.40897074988834,0.020086445322632776,0.03878841016708017,0.6588281167646785,0.024,False
302.45320846419315,0.020086503543035875,0.03876039476470022,0.6586650423273834,0.024,False
302.49744617849797,0.020086561742340865,0.03873238951467715,0.6585018720485223,0.024,False
302.5416838928028,0.020086619920546136,0.038704394417742594,0.6583386058800424,0.024,False
302.5859216071076,0.02008667807765026,0.03867640947462912,0.6581752437739105,0.024,False
302.63015932141235,0.02008673621365169,0.038648434686070265,0.6580117856821155,0.024,False
302.67439703571716,0.020086794328548888,0.03862047005280014,0.6578482315566666,0.024,False
302.718634750022,0.020086852422340325,0.038592515575553446,0.6576845813495926,0.024,False
302.7628724643268,0.020086910495024493,0.03856457125506598,0.6575208350129448,0.024,False
302.80711017863155,0.0200869685465999,0.03853663709207399,0.6573569924987936,0.024,False
302.85134789293636,0.0200870265770648,0.03850871308731486,0.657193053759236,0.024,False
302.8955856072411,0.020087084586417853,0.038480799241526344,0.6570290187463832,0.024,False
302.93982332154593,0.0200871425746575,0.038452895555447265,0.6568648874123726,0.024,False
302.98406103585074,0.020087200541782188,0.038425002029817086,0.6567006597093623,0.024,False
303.02829875015556,0.020087258487790388,0.038397118665376144,0.6565363355895327,0.024,False
303.0725364644603,0.02008731641268053,0.038369245462865395,0.6563719150050863,0.024,False
303.1167741787652,0.020087374316451117,0.0383413824230266,0.6562073979082467,0.024,False
303.1610118930699,0.02008743219910055,0.03831352954660243,0.6560427842512621,0.024,False
303.20524960737475,0.020087490060627336,0.0382856868343361,0.655878073986401,0.024,False
303.2494873216795,0.020087547901029894,0.038257854286971676,0.6557132670659558,0.024,False
303.2937250359844,0.020087605720306708,0.03823003190525428,0.655548363442243,0.024,False
303.33796275028914,0.020087663518456207,0.03820221968992952,0.6553833630676009,0.024,False
303.38220046459395,0.020087721295476858,0.03817441764174381,0.6552182658943911,0.024,False
303.42643817889876,0.02008777905136709,0.03814662576144439,0.6550530718749991,0.024,False
303.4706758932035,0.020087836786125267,0.03811884404977931,0.6548877809618349,0.024,False
303.51491360750833,0.020087894499749962,0.03809107250749725,0.6547223931073293,0.024,False
303.55915132181315,0.020087952192239612,0.03806331113534783,0.6545569082639393,0.024,False
303.6033890361179,0.0200880098635926,0.0380355599340816,0.6543913263841475,0.024,False
303.6476267504228,0.0200880675138074,0.03800781890444958,0.6542256474204583,0.024,False
303.69186446472753,0.02008812514288242,0.037980088047203646,0.654059871325401,0.024,False
303.73610217903234,0.0200881827508161,0.037952367363096665,0.653893998051531,0.024,False
303.7803398933371,0.020088240337606894,0.037924656852881974,0.6537280275514264,0.024,False
303.8245776076419,0.02008829790325324,0.03789695651731398,0.6535619597776918,0.024,False
303.8688153219467,0.02008835544775354,0.037869266357147734,0.6533957946829568,0.024,False
303.91305303625154,0.02008841297110624,0.03784158637313909,0.6532295322198758,0.024,False
303.95729075055635,0.020088470473309774,0.037813916566044735,0.6530631723411292,0.024,False
304.00152846486117,0.02008852795436259,0.037786256936622166,0.6528967149994226,0.024,False
304.04576617916587,0.020088585414263053,0.037758607485629654,0.652730160147489,0.024,False
304.09000389347074,0.020088642853009556,0.03773096821382622,0.6525635077380861,0.024,False
304.1342416077755,0.020088700270600623,0.03770333912197174,0.6523967577239973,0.024,False
304.1784793220803,0.02008875766703465,0.0376757202108268,0.6522299100580329,0.024,False
304.2227170363851,0.020088815042310016,0.03764811148115293,0.6520629646930307,0.024,False
304.26695475068993,0.020088872396425154,0.03762051293371205,0.6518959215818528,0.024,False
304.3111924649947,0.020088929729378494,0.037592924569267334,0.6517287806773904,0.024,False
304.3554301792995,0.020088987041168422,0.037565346388582756,0.6515615419325623,0.024,False
304.3996678936043,0.020089044331793374,0.037537778392422755,0.6513942053003126,0.024,False
304.4439056079091,0.02008910160125176,0.03751022058155283,0.6512267707336137,0.024,False
304.4881433222139,0.020089158849541964,0.03748267295673917,0.651059238185466,0.024,False
304.5323810365187,0.020089216076662413,0.037455135518748774,0.6508916076088969,0.024,False
304.57661875082346,0.02008927328261151,0.03742760826834949,0.6507238789569624,0.024,False
304.62085646512827,0.020089330467387676,0.037400091206309945,0.6505560521827464,0.024,False
304.6650941794331,0.020089387630989178,0.03737258433339954,0.6503881272393627,0.024,False
304.7093318937379,0.020089444773414553,0.03734508765038864,0.6502201040799511,0.024,False
304.7535696080427,0.020089501894662198,0.03731760115804801,0.6500519826576797,0.024,False
304.79780732234747,0.020089558994730482,0.037290124857149526,0.6498837629257473,0.024,False
304.84204503665234,0.020089616073617797,0.03726265874846592,0.6497154448373822,0.024,False
304.88628275095704,0.02008967313132253,0.037235202832770604,0.6495470283458407,0.024,False
304.9305204652619,0.020089730167843104,0.037207757110837916,0.649378513404409,0.024,False
304.97475817956666,0.020089787183177863,0.037180321583442796,0.6492098999664027,0.024,False
305.0189958938715,0.0200898441773252,0.0371528962513612,0.6490411879851675,0.024,False
305.0632336081763,0.020089901150283532,0.0371254811153697,0.6488723774140782,0.024,False
305.1074713224811,0.02008995810205123,0.03709807617624588,0.6487034682065409,0.024,False
305.15170903678586,0.020090015032626675,0.03707068143476812,0.648534460315992,0.024,False
305.1959467510907,0.02009007194200826,0.037043296891715365,0.6483653536958972,0.024,False
305.24018446539543,0.02009012883019441,0.03701592254786751,0.6481961482997525,0.024,False
305.2844221797003,0.020090185697183318,0.036988558404005493,0.6480268440810896,0.024,False
305.32865989400506,0.02009024254297348,0.03696120446091054,0.6478574409934642,0.024,False
305.3728976083099,0.020090299367563288,0.03693386071936511,0.6476879389904671,0.024,False
305.4171353226147,0.020090356170951104,0.03690652718015245,0.6475183380257208,0.024,False
305.46137303691944,0.0200904129531353,0.036879203844056456,0.6473486380528781,0.024,False
305.50561075122425,0.02009046971411424,0.03685189071186194,0.6471788390256247,0.024,False
305.54984846552907,0.020090526453886304,0.03682458778435468,0.6470089408976785,0.024,False
305.5940861798339,0.020090583172449827,0.03679729506232087,0.6468389436227879,0.024,False
305.6383238941387,0.020090639869803206,0.03677001254654776,0.6466688471547348,0.024,False
305.68256160844345,0.02009069654594479,0.03674274023782351,0.6464986514473339,0.024,False
305.72679932274826,0.020090753200872925,0.03671547813693685,0.6463283564544321,0.024,False
305.771037037053,0.020090809834586,0.03668822624467751,0.6461579621299094,0.024,False
305.81527475135783,0.02009086644708237,0.036660984561836064,0.6459874684276794,0.024,False
305.85951246566265,0.020090923038360367,0.03663375308920372,0.6458168753016884,0.024,False
305.90375017996746,0.020090979608418262,0.03660653182757278,0.6456461827059186,0.024,False
305.9479878942723,0.020091036157254546,0.036579320777735985,0.6454753905943806,0.024,False
305.9922256085771,0.020091092684867518,0.036552119940487224,0.645304498921124,0.024,False
306.03646332288184,0.02009114919125553,0.03652492931662113,0.6451335076402304,0.024,False
306.08070103718666,0.020091205676416937,0.03649774890693302,0.6449624167058154,0.024,False
306.12493875149147,0.020091262140350095,0.036470578712219225,0.6447912260720303,0.024,False
306.1691764657962,0.020091318583053304,0.036443418733276715,0.6446199356930603,0.024,False
306.21341418010104,0.02009137500452493,0.03641626897090336,0.6444485455231254,0.024,False
306.25765189440585,0.020091431404763323,0.036389129425897816,0.6442770555164804,0.024,False
306.3018896087106,0.020091487783766817,0.03636200009905968,0.6441054656274166,0.024,False
306.3461273230154,0.02009154414153373,0.0363348809911893,0.6439337758102601,0.024,False
306.39036503732024,0.02009160047806242,0.036307772103087804,0.6437619860193723,0.024,False
306.43460275162505,0.020091656793351224,0.03628067343555727,0.6435900962091514,0.024,False
306.47884046592986,0.02009171308739826,0.036253584989400275,0.6434181063340317,0.024,False
306.5230781802346,0.020091769360202117,0.036226506765420524,0.643246016348481,0.024,False
306.56731589453943,0.020091825611761125,0.03619943876442249,0.6430738262070053,0.024,False
306.6115536088442,0.020091881842073552,0.03617238098721152,0.642901535864149,0.024,False
306.655791323149,0.02009193805113773,0.036145333434593765,0.642729145274492,0.024,False
306.7000290374538,0.020091994238951968,0.03611829610737597,0.6425566543926504,0.024,False
306.74426675175863,0.020092050405514608,0.03609126900636574,0.6423840631732769,0.024,False
306.78850446606344,0.02009210655082392,0.03606425213237191,0.6422113715710656,0.024,False
306.83274218036826,0.02009216267487828,0.036037245486203774,0.6420385795407442,0.024,False
306.87697989467296,0.020092218777675974,0.036010249068671625,0.6418656870370806,0.024,False
306.9212176089778,0.020092274859215335,0.035983262880586384,0.641692694014879,0.024,False
306.9654553232826,0.020092330919494656,0.03595628692276008,0.641519600428984,0.024,False
307.00969303758745,0.020092386958512277,0.035929321196005316,0.6413464062342764,0.024,False
307.0539307518922,0.020092442976266556,0.03590236570113556,0.6411731113856759,0.024,False
307.098168466197,0.020092498972755553,0.03587542043896521,0.6409997158381451,0.024,False
307.1424061805018,0.020092554947977813,0.035848485410309446,0.6408262195466794,0.024,False
307.1866438948066,0.020092610901931575,0.03582156061598429,0.6406526224663177,0.024,False
307.2308816091114,0.020092666834615143,0.03579464605680668,0.6404789245521378,0.024,False
307.2751193234162,0.02009272274602684,0.035767741733594,0.6403051257592546,0.024,False
307.319357037721,0.020092778636164956,0.03574084764716476,0.6401312260428251,0.024,False
307.36359475202585,0.02009283450502777,0.035713963798338424,0.6399572253580474,0.024,False
307.40783246633055,0.020092890352613576,0.035687090187935075,0.6397831236601585,0.024,False
307.4520701806354,0.02009294617892068,0.0356602268167756,0.6396089209044353,0.024,False
307.4963078949402,0.020093001983947378,0.03563337368568179,0.6394346170461962,0.024,False
307.540545609245,0.020093057767691953,0.03560653079547635,0.6392602120408012,0.024,False
307.5847833235498,0.02009311353015272,0.03557969814698255,0.6390857058436492,0.024,False
307.6290210378546,0.020093169271327965,0.035552875741024774,0.638911098410183,0.024,False
307.6732587521594,0.02009322499121587,0.03552606357842807,0.6387363896958868,0.024,False
307.7174964664642,0.020093280689814773,0.0354992616600184,0.6385615796562851,0.024,False
307.761734180769,0.020093336367123016,0.03547246998662251,0.6383866682469446,0.024,False
307.8059718950738,0.02009339202313883,0.03544568855906794,0.6382116554234747,0.024,False
307.85020960937857,0.02009344765786053,0.035418917378183104,0.6380365411415267,0.024,False
307.8944473236834,0.020093503271286367,0.03539215644479727,0.6378613253567955,0.024,False
307.9386850379882,0.02009355886341463,0.03536540575974036,0.6376860080250173,0.024,False
307.98292275229295,0.020093614434243554,0.03533866532384343,0.6375105891019734,0.024,False
308.02716046659776,0.02009366998377145,0.035311935137938136,0.6373350685434868,0.024,False
308.0713981809026,0.020093725511996577,0.03528521520285685,0.6371594463054229,0.024,False
308.1156358952074,0.020093781018917213,0.03525850551943306,0.6369837223436933,0.024,False
308.1598736095122,0.02009383650453162,0.035231806088501044,0.6368078966142527,0.024,False
308.204111323817,0.020093891968838058,0.0352051169108956,0.6366319690730985,0.024,False
308.2483490381218,0.020093947411834814,0.035178437987452724,0.6364559396762741,0.024,False
308.29258675242653,0.020094002833519982,0.03515176931900908,0.6362798083798687,0.024,False
308.33682446673134,0.02009405823389202,0.0351251109064021,0.6361035751400117,0.024,False
308.38106218103616,0.020094113612949147,0.03509846275047022,0.6359272399128815,0.024,False
308.42529989534097,0.020094168970689604,0.0350718248520527,0.6357508026547011,0.024,False
308.4695376096458,0.020094224307111646,0.03504519721198918,0.6355742633217359,0.024,False
308.5137753239506,0.020094279622213534,0.035018579831120764,0.6353976218703012,0.024,False
308.55801303825535,0.020094334915993484,0.03499197271028878,0.6352208782567547,0.024,False
308.6022507525601,0.020094390188449773,0.03496537585033595,0.6350440324375026,0.024,False
308.646488466865,0.020094445439580652,0.03493878925210536,0.6348670843689956,0.024,False
308.69072618116974,0.020094500669384355,0.034912212916441115,0.6346900340077315,0.024,False
308.73496389547455,0.02009455587785915,0.034885646844188274,0.6345128813102556,0.024,False
308.77920160977936,0.02009461106500326,0.03485909103619257,0.6343356262331599,0.024,False
308.8234393240842,0.020094666230814965,0.034832545493300546,0.6341582687330822,0.024,False
308.86767703838893,0.020094721375292317,0.03480601021635965,0.6339808087667113,0.024,False
308.91191475269375,0.02009477649843375,0.034779485206218305,0.6338032462907801,0.024,False
308.95615246699856,0.020094831600237464,0.03475297046372518,0.6336255812620679,0.024,False
309.0003901813034,0.020094886680701703,0.034726465989730254,0.6334478136374053,0.024,False
309.04462789560813,0.02009494173982469,0.034699971785084396,0.6332699433736714,0.024,False
309.088865609913,0.020094996777604617,0.034673487850638986,0.6330919704277921,0.024,False
309.1331033242177,0.02009505179403976,0.0346470141872465,0.6329138947567431,0.024,False
309.17734103852257,0.02009510678912828,0.03462055079576004,0.632735716317549,0.024,False
309.2215787528273,0.020095161762868487,0.03459409767703358,0.6325574350672818,0.024,False
309.26581646713214,0.020095216715258546,0.034567654831921875,0.6323790509630649,0.024,False
309.31005418143695,0.020095271646296698,0.03454122226128064,0.6322005639620708,0.024,False
309.35429189574177,0.020095326555981157,0.034514799965966396,0.6320219740215226,0.024,False
309.3985296100465,0.02009538144431017,0.03448838794683631,0.6318432810986914,0.024,False
309.44276732435134,0.020095436311281866,0.03446198620474858,0.6316644851509016,0.024,False
309.4870050386561,0.0200954911568945,0.034435594740562084,0.6314855861355259,0.024,False
309.53124275296096,0.020095545981146327,0.0344092135551367,0.6313065840099887,0.024,False
309.5754804672657,0.020095600784035553,0.03438284264933285,0.6311274787317644,0.024,False
309.61971818157053,0.02009565556556037,0.034356482024011946,0.6309482702583796,0.024,False
309.66395589587535,0.020095710325718993,0.034330131680036124,0.6307689585474116,0.024,False
309.7081936101801,0.020095765064509642,0.03430379161826846,0.6305895435564902,0.024,False
309.7524313244849,0.02009581978193049,0.03427746183957288,0.6304100252432977,0.024,False
309.79666903878973,0.020095874477979773,0.034251142344814016,0.6302304035655675,0.024,False
309.84090675309454,0.020095929152655678,0.034224833134857295,0.6300506784810852,0.024,False
309.88514446739936,0.0200959838059564,0.034198534210568975,0.6298708499476894,0.024,False
309.9293821817041,0.02009603843788013,0.03417224557281623,0.6296909179232723,0.024,False
309.97361989600887,0.02009609304842509,0.03414596722246713,0.629510882365779,0.024,False
310.0178576103137,0.02009614763758945,0.034119699160390225,0.6293307432332068,0.024,False
310.0620953246185,0.020096202205371314,0.034093441387455146,0.6291505004836087,0.024,False
310.1063330389233,0.020096256751769036,0.034067193904532236,0.6289701540750879,0.024,False
310.1505707532281,0.02009631127678075,0.03404095671249273,0.6287897039658051,0.024,False
310.19480846753294,0.02009636578040464,0.034014729812208634,0.628609150113974,0.024,False
310.23904618183775,0.020096420262638876,0.033988513204552706,0.6284284924778627,0.024,False
310.2832838961425,0.020096474723481653,0.0339623068903986,0.6282477310157941,0.024,False
310.32752161044726,0.020096529162931167,0.03393611087062083,0.6280668656861469,0.024,False
310.37175932475213,0.020096583580985577,0.033909925146094595,0.6278858964473543,0.024,False
310.4159970390569,0.02009663797764309,0.0338837497176961,0.6277048232579054,0.024,False
310.4602347533617,0.020096692352901846,0.03385758458630193,0.6275236460763435,0.024,False
310.5044724676665,0.02009674670676004,0.03383142975278994,0.6273423648612697,0.024,False
310.5487101819713,0.020096801039215864,0.03380528521803863,0.6271609795713408,0.024,False
310.5929478962761,0.020096855350267513,0.0337791509829274,0.6269794901652699,0.024,False
310.6371856105809,0.02009690963991302,0.03375302704833631,0.6267978966018284,0.024,False
310.68142332488566,0.020096963908150658,0.03372691341514618,0.626616198839841,0.024,False
310.7256610391905,0.020097018154978597,0.033700810084238836,0.6264343968381922,0.024,False
310.7698987534953,0.020097072380395018,0.033674717056496745,0.6262524905558228,0.024,False
310.81413646780015,0.020097126584398047,0.03364863433280343,0.6260704799517331,0.024,False
310.85837418210485,0.02009718076698588,0.03362256191404287,0.6258883649849789,0.024,False
310.90261189640967,0.02009723492815668,0.033596499801099994,0.6257061456146747,0.024,False
310.9468496107145,0.020097289067908544,0.033570447994860704,0.6255238217999959,0.024,False
310.9910873250193,0.020097343186239694,0.033544406496211446,0.6253413935001728,0.024,False
311.0353250393241,0.020097397283148254,0.03351837530603972,0.6251588606744978,0.024,False
311.0795627536289,0.02009745135863238,0.0334923544252336,0.6249762232823203,0.024,False
311.1238004679336,0.020097505412690255,0.03346634385468216,0.6247934812830501,0.024,False
311.1680381822385,0.020097559445320025,0.033440343595275056,0.6246106346361555,0.024,False
311.21227589654325,0.02009761345651975,0.033414353647902885,0.624427683301167,0.024,False
311.2565136108481,0.02009766744628764,0.03338837401345702,0.6242446272376728,0.024,False
311.3007513251529,0.020097721414621867,0.03336240469282974,0.6240614664053229,0.024,False
311.3449890394577,0.02009777536152057,0.03333644568691387,0.6238782007638266,0.024,False
311.38922675376244,0.02009782928698189,0.033310496996603364,0.623694830272956,0.024,False
311.43346446806726,0.020097883191003946,0.03328455862279246,0.6235113548925416,0.024,False
311.47770218237207,0.0200979370735849,0.033258630566376894,0.6233277745824789,0.024,False
311.5219398966769,0.02009799093472284,0.0332327128282525,0.6231440893027216,0.024,False
311.56617761098164,0.020098044774415947,0.03320680540931648,0.6229602990132881,0.024,False
311.6104153252865,0.020098098592662404,0.033180908310466474,0.6227764036742562,0.024,False
311.65465303959127,0.02009815238946022,0.03315502153260097,0.6225924032457686,0.024,False
311.698890753896,0.020098206164807605,0.03312914507661943,0.6224082976880296,0.024,False
311.74312846820084,0.020098259918702694,0.03310327894342165,0.6222240869613039,0.024,False
311.78736618250565,0.02009831365114362,0.03307742313390891,0.6220397710259246,0.024,False
311.83160389681046,0.020098367362128382,0.033051577648982644,0.6218553498422847,0.024,False
311.8758416111153,0.02009842105165524,0.03302574248954552,0.6216708233708416,0.024,False
311.9200793254201,0.0200984747197223,0.03299991765650065,0.6214861915721154,0.024,False
311.96431703972485,0.020098528366327684,0.03297410315075227,0.6213014544066929,0.024,False
312.00855475402966,0.020098581991469484,0.0329482989732052,0.6211166118352245,0.024,False
312.0527924683344,0.020098635595145856,0.032922505124765036,0.6209316638184236,0.024,False
312.09703018263923,0.020098689177354905,0.03289672160633821,0.6207466103170702,0.024,False
312.14126789694404,0.020098742738094713,0.03287094841883174,0.6205614512920083,0.024,False
312.18550561124886,0.02009879627736342,0.032845185563153835,0.6203761867041495,0.024,False
312.2297433255536,0.020098849795159125,0.03281943304021311,0.6201908165144688,0.024,False
312.2739810398584,0.020098903291479956,0.03279369085091916,0.6200053406840086,0.024,False
312.31821875416324,0.02009895676632402,0.03276795899618222,0.6198197591738762,0.024,False
312.36245646846805,0.02009901021968938,0.032742237476913585,0.6196340719452487,0.024,False
312.4066941827728,0.020099063651574114,0.03271652629402508,0.6194482789593672,0.024,False
312.4509318970777,0.020099117061976417,0.032690825448429196,0.6192623801775384,0.024,False
312.49516961138244,0.02009917045089438,0.032665134941039516,0.6190763755611393,0.024,False
312.5394073256872,0.020099223818326083,0.03263945477277021,0.6188902650716134,0.024,False
312.583645039992,0.020099277164269624,0.03261378494453615,0.6187040486704715,0.024,False
312.6278827542968,0.020099330488723102,0.03258812545725324,0.6185177263192937,0.024,False
312.67212046860163,0.020099383791684602,0.03256247631183796,0.6183312979797281,0.024,False
312.71635818290645,0.020099437073152218,0.03253683750920765,0.618144763613491,0.024,False
312.7605958972112,0.02009949033312404,0.03251120905028008,0.6179581231823662,0.024,False
312.804833611516,0.02009954357159817,0.03248559093597439,0.6177713766482099,0.024,False
312.8490713258208,0.020099596788572687,0.032459983167210146,0.6175845239729462,0.024,False
312.89330904012564,0.020099649984045696,0.032434385744907625,0.6173975651185678,0.024,False
312.9375467544304,0.02009970315801528,0.032408798669987915,0.6172105000471381,0.024,False
312.9817844687352,0.020099756310479413,0.03238322194337304,0.6170233287207932,0.024,False
313.02602218304,0.020099809441436328,0.03235765556598545,0.6168360511017341,0.024,False
313.07025989734484,0.020099862550884053,0.032332099538748785,0.6166486671522384,0.024,False
313.1144976116496,0.020099915638820652,0.03230655386258708,0.6164611768346514,0.024,False
313.1587353259544,0.02009996870524418,0.03228101853842529,0.6162735801113911,0.024,False
313.20297304025917,0.02010002175015275,0.03225549356718922,0.6160858769449468,0.024,False
313.24721075456404,0.02010007477354445,0.032229978949805234,0.6158980672978787,0.024,False
313.2914484688688,0.02010012777541736,0.03220447468720055,0.6157101511328201,0.024,False
313.33568618317366,0.02010018075576953,0.032178980780303075,0.6155221284124763,0.024,False
313.37992389747836,0.020100233714599056,0.03215349723004158,0.6153339990996256,0.024,False
313.4241616117832,0.020100286651903984,0.03212802403734552,0.6151457631571193,0.024,False
313.468399326088,0.0201003395676824,0.0321025612031451,0.6149574205478816,0.024,False
313.5126370403928,0.02010039246193239,0.032077108728371384,0.6147689712349108,0.024,False
313.5568747546976,0.02010044533465185,0.03205166661395605,0.6145804151812803,0.024,False
313.60111246900243,0.020100498185839023,0.03202623486083146,0.614391752350133,0.024,False
313.64535018330724,0.020100551015491932,0.03200081346993089,0.6142029827046896,0.024,False
313.689587897612,0.02010060382360863,0.031975402442188335,0.6140141062082459,0.024,False
313.73382561191676,0.020100656610187187,0.0319500017785386,0.6138251228241716,0.024,False
313.77806332622157,0.020100709375225647,0.0319246114799171,0.6136360325159114,0.024,False
313.8223010405264,0.02010076211872205,0.031899231547259724,0.6134468352469837,0.024,False
313.8665387548312,0.02010081484067446,0.03187386198150364,0.6132575309809863,0.024,False
313.910776469136,0.02010086754108092,0.03184850278358641,0.6130681196815904,0.024,False
313.95501418344077,0.020100920219939502,0.03182315395444652,0.6128786013125446,0.024,False
313.9992518977456,0.020100972877248238,0.03179781549502312,0.612688975837674,0.024,False
314.0434896120504,0.020101025513005192,0.03177248740625612,0.6124992432208805,0.024,False
314.0877273263552,0.020101078127208447,0.03174716968908584,0.6123094034261404,0.024,False
314.13196504065996,0.02010113071985584,0.031721862344453955,0.6121194564175149,0.024,False
314.1762027549648,0.020101183290945623,0.03169656537330248,0.611929402159135,0.024,False
314.22044046926953,0.02010123584047579,0.03167127877657408,0.6117392406152125,0.024,False
314.26467818357435,0.020101288368444385,0.03164600255521237,0.6115489717500382,0.024,False
314.30891589787916,0.020101340874849424,0.031620736710161634,0.6113585955279811,0.024,False
314.353153612184,0.020101393359688975,0.031595481242366906,0.6111681119134892,0.024,False
314.3973913264888,0.020101445822961046,0.03157023615277368,0.6109775208710878,0.024,False
314.4416290407936,0.020101498264663623,0.031545001442328593,0.6107868223653856,0.024,False
314.48586675509836,0.020101550684794814,0.031519777111978675,0.6105960163610664,0.024,False
314.53010446940317,0.020101603083352623,0.03149456316267188,0.6104051028228971,0.024,False
314.5743421837079,0.02010165546033509,0.03146935959535668,0.6102140817157231,0.024,False
314.61857989801274,0.020101707815740243,0.03144416641098244,0.6100229530044713,0.024,False
314.66281761231755,0.020101760149566165,0.0314189836104993,0.6098317166541499,0.024,False
314.70705532662237,0.020101812461810652,0.031393811194857714,0.6096403726298479,0.024,False
314.7512930409272,0.02010186475247193,0.03136864916500938,0.6094489208967353,0.024,False
314.79553075523194,0.020101917021547986,0.03134349752190633,0.6092573614200633,0.024,False
314.83976846953675,0.020101969269036846,0.0313183562665015,0.6090656941651665,0.024,False
314.88400618384156,0.020102021494936506,0.031293225399748346,0.6088739190974604,0.024,False
314.9282438981463,0.02010207369924498,0.03126810492260134,0.6086820361824453,0.024,False
314.9724816124512,0.02010212588196027,0.0312429948360153,0.608490045385702,0.024,False
315.01671932675595,0.020102178043080416,0.031217895140945914,0.6082979466728949,0.024,False
315.0609570410608,0.020102230182603428,0.031192805838349665,0.6081057400097735,0.024,False
315.1051947553655,0.02010228230052733,0.03116772692918355,0.6079134253621687,0.024,False
315.14943246967033,0.0201023343968501,0.03114265841440556,0.6077210026959992,0.024,False
315.19367018397514,0.02010238647156979,0.031117600294973864,0.6075284719772623,0.024,False
315.23790789827996,0.02010243852468441,0.031092552571847874,0.6073358331720452,0.024,False
315.28214561258477,0.020102490556191777,0.031067515245987484,0.6071430862465207,0.024,False
315.3263833268896,0.02010254256609012,0.031042488318353087,0.6069502311669399,0.024,False
315.3706210411943,0.020102594554377386,0.031017471789906135,0.6067572678996463,0.024,False
315.41485875549915,0.02010264652105158,0.030992465661608525,0.6065641964110665,0.024,False
315.4590964698039,0.02010269846611068,0.030967469934422707,0.6063710166677124,0.024,False
315.5033341841087,0.02010275038955269,0.030942484609312038,0.6061777286361835,0.024,False
315.54757189841354,0.020102802291375597,0.030917509687240663,0.6059843322831675,0.024,False
315.59180961271835,0.020102854171577398,0.03089254516917319,0.6057908275754369,0.024,False
315.6360473270231,0.020102906030156083,0.03086759105607501,0.6055972144798529,0.024,False
315.6802850413279,0.020102957867109666,0.03084264734891224,0.605403492963364,0.024,False
315.72452275563273,0.020103009682436127,0.03081771404865168,0.6052096629930073,0.024,False
315.76876046993755,0.020103061476133464,0.030792791156260473,0.6050157245359051,0.024,False
315.8129981842423,0.02010311324819968,0.03076787867270677,0.6048216775592712,0.024,False
315.8572358985471,0.020103164998632597,0.03074297659895938,0.6046275220304098,0.024,False
315.90147361285193,0.020103216727430415,0.030718084935987898,0.6044332579167111,0.024,False
315.9457113271567,0.02010326843459106,0.03069320368476206,0.6042388851856535,0.024,False
315.9899490414615,0.020103320120112508,0.030668332846252803,0.6040444038048092,0.024,False
316.0341867557663,0.020103371783992723,0.03064347242143146,0.6038498137418379,0.024,False
316.0784244700711,0.020103423426229693,0.03061862241127024,0.6036551149644916,0.024,False
316.12266218437594,0.020103475046821386,0.030593782816741688,0.6034603074406106,0.024,False
316.16689989868075,0.020103526645765788,0.03056895363881942,0.6032653911381289,0.024,False
316.21113761298545,0.02010357822306087,0.030544134878477392,0.6030703660250696,0.024,False
316.2553753272903,0.02010362977870461,0.030519326536690317,0.6028752320695482,0.024,False
316.2996130415951,0.02010368131269498,0.030494528614433688,0.6026799892397731,0.024,False
316.3438507558999,0.02010373282502997,0.030469741112683375,0.6024846375040427,0.024,False
316.3880884702047,0.020103784315707543,0.03044496403241621,0.6022891768307503,0.024,False
316.4323261845095,0.020103835784725556,0.0304201973746093,0.602093607188381,0.024,False
316.47656389881433,0.02010388723208214,0.030395441140240825,0.6018979285455126,0.024,False
316.5208016131191,0.020103938657775215,0.030370695330289244,0.6017021408708162,0.024,False
316.56503932742385,0.020103990061802753,0.03034595994573387,0.6015062441330575,0.024,False
316.6092770417287,0.020104041444162703,0.03032123498755468,0.6013102383010972,0.024,False
316.6535147560335,0.020104092804853015,0.030296520456732107,0.6011141233438886,0.024,False
316.69775247033834,0.020104144143871648,0.030271816354247524,0.6009178992304821,0.024,False
316.7419901846431,0.02010419546121656,0.030247122681082515,0.6007215659300198,0.024,False
316.78622789894786,0.020104246756885758,0.03022243943821961,0.6005251234117409,0.024,False
316.83046561325267,0.020104298030877148,0.030197766626641902,0.6003285716449812,0.024,False
316.8747033275575,0.020104349283188695,0.030173104247333115,0.6001319105991716,0.024,False
316.9189410418623,0.02010440051381837,0.030148452301277665,0.5999351402438395,0.024,False
316.9631787561671,0.02010445172276416,0.030123810789460432,0.599738260548608,0.024,False
317.00741647047187,0.020104502910023823,0.030099179712867036,0.5995412714832004,0.024,False
317.05165418477674,0.020104554075595523,0.030074559072483697,0.5993441730174321,0.024,False
317.09589189908144,0.020104605219477146,0.030049948869296995,0.5991469651212178,0.024,False
317.1401296133863,0.020104656341666662,0.030025349104294687,0.5989496477645733,0.024,False
317.18436732769106,0.020104707442161987,0.03000075977846485,0.5987522209176105,0.024,False
317.2286050419959,0.020104758520961066,0.02997618089279608,0.5985546845505394,0.024,False
317.2728427563007,0.020104809578061843,0.029951612448277543,0.598357038633668,0.024,False
317.3170804706055,0.020104860613462287,0.029927054445899284,0.5981592831374056,0.024,False
317.36131818491026,0.020104911627160296,0.029902506886651754,0.5979614180322602,0.024,False
317.4055558992151,0.02010496261915386,0.029877969771526215,0.59776344328884,0.024,False
317.44979361351983,0.020105013589440893,0.029853443101514162,0.5975653588778516,0.024,False
317.4940313278247,0.020105064538019343,0.029828926877607954,0.5973671647701033,0.024,False
317.53826904212946,0.020105115464887077,0.029804421100800598,0.5971688609365059,0.024,False
317.58250675643427,0.020105166370042067,0.029779925772085557,0.5969704473480688,0.024,False
317.626744470739,0.020105217253482317,0.029755440892457113,0.5967719239759042,0.024,False
317.67098218504384,0.020105268115205712,0.029730966462909677,0.5965732907912239,0.024,False
317.71521989934865,0.020105318955210193,0.029706502484438693,0.5963745477653445,0.024,False
317.75945761365347,0.02010536977349366,0.029682048958040157,0.5961756948696852,0.024,False
317.8036953279583,0.02010542057005409,0.029657605884710482,0.595976732075766,0.024,False
317.8479330422631,0.02010547134488936,0.029633173265446698,0.595777659355211,0.024,False
317.8921707565679,0.020105522097997444,0.02960875110124654,0.5955784766797477,0.024,False
317.9364084708726,0.020105572829376233,0.029584339393107954,0.5953791840212054,0.024,False
317.9806461851774,0.020105623539023672,0.029559938142029934,0.5951797813515204,0.024,False
318.02488389948223,0.020105674226937674,0.029535547349011773,0.5949802686427318,0.024,False
318.06912161378705,0.020105724893116187,0.029511167015053522,0.5947806458669842,0.024,False
318.11335932809186,0.020105775537557057,0.029486797141155638,0.5945809129965274,0.024,False
318.1575970423967,0.020105826160258227,0.029462437728319305,0.5943810700037168,0.024,False
318.20183475670143,0.020105876761217684,0.029438088777546122,0.594181116861011,0.024,False
318.24607247100624,0.020105927340433302,0.02941375028983836,0.5939810535409779,0.024,False
318.290310185311,0.020105977897902985,0.02938942226619861,0.5937808800162888,0.024,False
318.33454789961587,0.02010602843362466,0.02936510470763033,0.593580596259724,0.024,False
318.3787856139206,0.02010607894759627,0.029340797615137543,0.5933802022441709,0.024,False
318.42302332822544,0.020106129439815643,0.029316500989724527,0.593179697942623,0.024,False
318.4672610425302,0.02010617991028078,0.029292214832396413,0.592979083328182,0.024,False
318.511498756835,0.020106230358989535,0.029267939144158567,0.5927783583740571,0.024,False
318.5557364711398,0.02010628078593986,0.029243673926017375,0.592577523053568,0.024,False
318.59997418544464,0.02010633119112963,0.029219419178979356,0.592376577340141,0.024,False
318.6442118997494,0.020106381574556825,0.02919517490405172,0.5921755212073115,0.024,False
318.68844961405426,0.020106431936219193,0.029170941102242137,0.5919743546287262,0.024,False
318.732687328359,0.02010648227611474,0.029146717774558916,0.5917730775781392,0.024,False
318.77692504266383,0.020106532594241402,0.02912250492201109,0.5915716900294177,0.024,False
318.8211627569686,0.020106582890597042,0.029098302545607895,0.5913701919565364,0.024,False
318.8654004712734,0.020106633165179553,0.029074110646358876,0.5911685833335794,0.024,False
318.9096381855782,0.020106683417986836,0.02904992922527485,0.5909668641347477,0.024,False
318.95387589988303,0.020106733649016804,0.02902575828336667,0.5907650343343493,0.024,False
318.99811361418784,0.020106783858267363,0.029001597821645738,0.5905630939068048,0.024,False
319.0423513284926,0.020106834045736398,0.02897744784112399,0.5903610428266468,0.024,False
319.0865890427974,0.020106884211421813,0.028953308342814017,0.5901588810685213,0.024,False
319.1308267571022,0.020106934355321494,0.028929179327728913,0.5899566086071873,0.024,False
319.175064471407,0.020106984477433358,0.02890506079688206,0.5897542254175149,0.024,False
319.21930218571185,0.020107034577755305,0.028880952751287665,0.5895517314744901,0.024,False
319.2635399000166,0.020107084656285114,0.028856855191960226,0.5893491267532127,0.024,False
319.3077776143214,0.020107134713020752,0.028832768119914864,0.5891464112288953,0.024,False
319.3520153286262,0.020107184747960135,0.028808691536166987,0.5889435848768637,0.024,False
319.396253042931,0.020107234761101152,0.028784625441733026,0.5887406476725635,0.024,False
319.4404907572358,0.020107284752441647,0.0287605698376292,0.5885375995915499,0.024,False
319.4847284715406,0.02010733472197954,0.02873652472487267,0.5883344406094966,0.024,False
319.52896618584543,0.020107384669712673,0.02871249010448109,0.5881311707021941,0.024,False
319.57320390015025,0.020107434595638997,0.028688465977472457,0.5879277898455466,0.024,False
319.61744161445495,0.02010748449975637,0.028664452344865445,0.5877242980155777,0.024,False
319.66167932875976,0.02010753438206265,0.02864044920767898,0.587520695188426,0.024,False
319.7059170430646,0.02010758424255573,0.028616456566932725,0.5873169813403488,0.024,False
319.7501547573694,0.020107634081233516,0.028592474423646423,0.5871131564477181,0.024,False
319.7943924716742,0.020107683898093875,0.028568502778840654,0.586909220487027,0.024,False
319.838630185979,0.02010773369313458,0.02854454163353645,0.5867051734348879,0.024,False
319.8828679002838,0.020107783466353658,0.028520590988755264,0.5865010152680289,0.024,False
319.9271056145886,0.020107833217748942,0.028496650845518962,0.5862967459632983,0.024,False
319.9713433288934,0.020107882947318287,0.028472721204849945,0.5860923654976645,0.024,False
320.01558104319815,0.020107932655059585,0.0284488020677711,0.5858878738482157,0.024,False
320.05981875750297,0.02010798234097069,0.028424893435305645,0.585683270992159,0.024,False
320.1040564718078,0.020108032005049473,0.02840099530847748,0.5854785569068243,0.024,False
320.1482941861126,0.020108081647293826,0.028377107688310695,0.585273731569659,0.024,False
320.19253190041735,0.020108131267701636,0.028353230575830043,0.5850687949582344,0.024,False
320.23676961472216,0.020108180866270732,0.028329363972060595,0.5848637470502426,0.024,False
320.281007329027,0.020108230442999014,0.028305507878028015,0.5846585878234977,0.024,False
320.3252450433318,0.02010827999788434,0.02828166229475831,0.584453317255936,0.024,False
320.36948275763655,0.020108329530924555,0.02825782722327796,0.5842479353256169,0.024,False
320.4137204719414,0.020108379042117486,0.028234002664613966,0.5840424420107235,0.024,False
320.4579581862461,0.020108428531461102,0.02821018861979363,0.5838368372895596,0.024,False
320.502195900551,0.020108477998953194,0.028186385089844637,0.583631121140554,0.024,False
320.54643361485574,0.020108527444591656,0.028162592075795332,0.5834252935422608,0.024,False
320.59067132916056,0.020108576868374344,0.028138809578674363,0.5832193544733575,0.024,False
320.63490904346537,0.02010862627029916,0.028115037599510836,0.5830133039126463,0.024,False
320.6791467577702,0.02010867565036389,0.028091276139334258,0.5828071418390558,0.024,False
320.723384472075,0.020108725008566426,0.02806752519917454,0.5826008682316385,0.024,False
320.76762218637975,0.020108774344904625,0.028043784780061982,0.5823944830695731,0.024,False
320.8118599006845,0.02010882365937636,0.028020054883027445,0.5821879863321656,0.024,False
320.8560976149894,0.02010887295197948,0.02799633550910211,0.5819813779988481,0.024,False
320.90033532929414,0.020108922222711857,0.027972626659317542,0.5817746580491792,0.024,False
320.944573043599,0.020108971471571306,0.02794892833470577,0.5815678264628457,0.024,False
320.98881075790376,0.020109020698555656,0.027925240536299217,0.5813608832196623,0.024,False
321.0330484722085,0.02010906990366282,0.027901563265130692,0.5811538282995706,0.024,False
321.07728618651333,0.020109119086890656,0.027877896522233405,0.5809466616826409,0.024,False
321.12152390081815,0.020109168248237,0.027854240308640938,0.5807393833490728,0.024,False
321.16576161512296,0.020109217387699697,0.02783059462538736,0.5805319932791957,0.024,False
321.2099993294278,0.020109266505276627,0.027806959473507052,0.5803244914534672,0.024,False
321.25423704373253,0.020109315600965575,0.027783334854034728,0.5801168778524758,0.024,False
321.2984747580374,0.020109364674764447,0.02775972076800565,0.57990915245694,0.024,False
321.3427124723421,0.02010941372667107,0.027736117216455337,0.579701315247709,0.024,False
321.3869501866469,0.020109462756683294,0.02771252420041967,0.5794933662057625,0.024,False
321.4311879009517,0.02010951176479898,0.02768894172093504,0.5792853053122129,0.024,False
321.47542561525654,0.020109560751016022,0.027665369779038038,0.5790771325483021,0.024,False
321.51966332956135,0.020109609715332058,0.02764180837576578,0.5788688478954086,0.024,False
321.56390104386617,0.02010965865774512,0.0276182575121557,0.5786604513350386,0.024,False
321.6081387581709,0.020109707578253005,0.02759471718924548,0.5784519428488328,0.024,False
321.65237647247574,0.020109756476853567,0.02757118740807334,0.5782433224185659,0.024,False
321.6966141867805,0.02010980535354464,0.02754766816967771,0.5780345900261454,0.024,False
321.7408519010853,0.02010985420832407,0.0275241594750975,0.5778257456536136,0.024,False
321.7850896153901,0.020109903041189668,0.027500661325371895,0.5776167892831469,0.024,False
321.82932732969493,0.020109951852139315,0.027477173721540477,0.5774077208970564,0.024,False
321.8735650439997,0.020110000641170828,0.027453696664643177,0.5771985404777888,0.024,False
321.9178027583045,0.020110049408282045,0.02743023015572013,0.5769892480079248,0.024,False
321.9620404726093,0.02011009815347081,0.027406774195811976,0.5767798434701826,0.024,False
322.00627818691413,0.02011014687673497,0.027383328785959626,0.576570326847416,0.024,False
322.05051590121894,0.020110195578072414,0.027359893927204417,0.5763606981226159,0.024,False
322.0947536155237,0.02011024425748077,0.027336469620587854,0.5761509572789115,0.024,False
322.13899132982857,0.020110292914958045,0.027313055867151805,0.5759411042995656,0.024,False
322.18322904413327,0.020110341550502064,0.027289652667938574,0.5757311391679816,0.024,False
322.2274667584381,0.020110390164110634,0.027266260023990657,0.5755210618677007,0.024,False
322.2717044727429,0.02011043875578159,0.027242877936350916,0.5753108723824021,0.024,False
322.3159421870477,0.020110487325512794,0.02721950640606265,0.5751005706959051,0.024,False
322.3601799013525,0.02011053587330202,0.027196145434169247,0.5748901567921673,0.024,False
322.40441761565734,0.020110584399147147,0.027172795021714585,0.5746796306552863,0.024,False
322.44865532996204,0.020110632903045975,0.027149455169742726,0.5744689922694998,0.024,False
322.4928930442669,0.020110681384996356,0.02712612587929809,0.5742582416191854,0.024,False
322.53713075857166,0.020110729844996098,0.027102807151425365,0.5740473786888624,0.024,False
322.58136847287653,0.020110778283043078,0.027079498987169597,0.5738364034631906,0.024,False
322.6256061871813,0.020110826699135033,0.027056201387576067,0.5736253159269731,0.024,False
322.6698439014861,0.020110875093269812,0.02703291435369035,0.573414116065153,0.024,False
322.7140816157909,0.020110923465445307,0.02700963788655837,0.5732028038628164,0.024,False
322.7583193300957,0.020110971815659313,0.026986371987226206,0.5729913793051918,0.024,False
322.8025570444005,0.020111020143909652,0.026963116656740338,0.5727798423776521,0.024,False
322.8467947587053,0.02011106845019415,0.026939871896147466,0.5725681930657129,0.024,False
322.89103247301006,0.020111116734510652,0.02691663770649449,0.5723564313550327,0.024,False
322.9352701873149,0.020111164996856928,0.026893414088828737,0.5721445572314168,0.024,False
322.9795079016197,0.020111213237230852,0.02687020104419774,0.5719325706808136,0.024,False
323.0237456159245,0.02011126145563023,0.026846998573649212,0.5717204716893164,0.024,False
323.06798333022925,0.020111309652052895,0.026823806678231223,0.5715082602431647,0.024,False
323.11222104453407,0.020111357826496652,0.026800625358992105,0.5712959363287443,0.024,False
323.1564587588389,0.020111405978959353,0.026777454616980296,0.5710834999325851,0.024,False
323.2006964731437,0.020111454109438744,0.02675429445324467,0.5708709510413672,0.024,False
323.2449341874485,0.020111502217932647,0.02673114486883425,0.5706582896419153,0.024,False
323.28917190175326,0.020111550304438973,0.026708005864798268,0.5704455157212008,0.024,False
323.3334096160581,0.020111598368955475,0.026684877442186245,0.5702326292663448,0.024,False
323.3776473303629,0.02011164641148,0.026661759602047932,0.5700196302646154,0.024,False
323.42188504466765,0.02011169443201034,0.02663865234543333,0.5698065187034308,0.024,False
323.46612275897246,0.020111742430544345,0.026615555673392716,0.5695932945703572,0.024,False
323.5103604732773,0.020111790407079815,0.026592469586976444,0.56937995785311,0.024,False
323.5545981875821,0.020111838361614568,0.02656939408723512,0.5691665085395542,0.024,False
323.59883590188684,0.020111886294146408,0.026546329175219735,0.5689529466177067,0.024,False
323.64307361619166,0.020111934204673176,0.02652327485198127,0.5687392720757328,0.024,False
323.68731133049647,0.02011198209319266,0.02650023111857109,0.5685254849019505,0.024,False
323.7315490448012,0.020112029959702727,0.02647719797604071,0.5683115850848282,0.024,False
323.7757867591061,0.02011207780420106,0.026454175425441793,0.5680975726129875,0.024,False
323.82002447341085,0.020112125626685576,0.026431163467826244,0.5678834474751998,0.024,False
323.8642621877156,0.0201121734271541,0.026408162104246246,0.567669209660391,0.024,False
323.9084999020204,0.02011222120560442,0.02638517133575399,0.567454859157639,0.024,False
323.95273761632524,0.02011226896203437,0.02636219116340204,0.5672403959561755,0.024,False
323.99697533063005,0.020112316696441746,0.0263392215882431,0.5670258200453867,0.024,False
324.04121304493486,0.020112364408824353,0.026316262611329928,0.5668111314148113,0.024,False
324.0854507592396,0.020112412099180018,0.02629331423371559,0.5665963300541438,0.024,False
324.1296884735445,0.020112459767506512,0.02627037645645332,0.566381415953234,0.024,False
324.1739261878492,0.02011250741380166,0.026247449280596483,0.5661663891020862,0.024,False
324.21816390215406,0.02011255503806333,0.02622453270719865,0.5659512494908604,0.024,False
324.2624016164588,0.02011260264028929,0.02620162673731353,0.5657359971098735,0.024,False
324.30663933076363,0.02011265022047732,0.026178731371995004,0.5655206319495995,0.024,False
324.35087704506844,0.020112697778625177,0.02615584661229711,0.5653051540006688,0.024,False
324.39511475937326,0.020112745314730788,0.026132972459274005,0.5650895632538678,0.024,False
324.439352473678,0.020112792828791956,0.02611010891398007,0.5648738597001424,0.024,False
324.4835901879828,0.02011284032080647,0.026087255977469668,0.564658043330595,0.024,False
324.5278279022876,0.0201128877907721,0.02606441365079761,0.5644421141364904,0.024,False
324.57206561659245,0.020112935238686652,0.02604158193501847,0.5642260721092479,0.024,False
324.6163033308972,0.020112982664548033,0.026018760831187218,0.5640099172404481,0.024,False
324.6605410452021,0.020113030068353882,0.025995950340358922,0.5637936495218336,0.024,False
324.7047787595068,0.020113077450101984,0.025973150463588737,0.5635772689453059,0.024,False
324.74901647381165,0.020113124809790297,0.025950361201931917,0.563360775502924,0.024,False
324.7932541881164,0.02011317214741669,0.02592758255644388,0.56314416918691,0.024,False
324.8374919024212,0.02011321946297897,0.025904814528180137,0.5629274499896479,0.024,False
324.88172961672603,0.020113266756474832,0.02588205711819624,0.5627106179036843,0.024,False
324.92596733103085,0.02011331402790201,0.025859310327547947,0.5624936729217282,0.024,False
324.97020504533566,0.020113361277258397,0.025836574157291146,0.5622766150366502,0.024,False
325.0144427596404,0.02011340850454187,0.02581384860848182,0.5620594442414837,0.024,False
325.0586804739452,0.020113455709750126,0.025791133682175896,0.5618421605294263,0.024,False
325.10291818825,0.020113502892881045,0.02576842937942959,0.5616247638938394,0.024,False
325.1471559025548,0.02011355005393243,0.025745735701299087,0.5614072543282486,0.024,False
325.1913936168596,0.020113597192902,0.025723052648840772,0.5611896318263461,0.024,False
325.2356313311644,0.020113644309787633,0.025700380223110997,0.5609718963819865,0.024,False
325.2798690454692,0.02011369140458712,0.02567771842516612,0.56075404798919,0.024,False
325.324106759774,0.020113738477298276,0.025655067256062744,0.5605360866421447,0.024,False
325.3683444740788,0.020113785527918898,0.02563242671685755,0.560318012335205,0.024,False
325.4125821883836,0.020113832556446852,0.02560979680860719,0.5600998250628899,0.024,False
325.4568199026884,0.020113879562879747,0.025587177532368378,0.5598815248198901,0.024,False
325.5010576169932,0.020113926547215565,0.025564568889197933,0.5596631116010585,0.024,False
325.545295331298,0.020113973509452054,0.02554197088015267,0.5594445854014193,0.024,False
325.58953304560276,0.020114020449587044,0.025519383506289545,0.5592259462161644,0.024,False
325.6337707599076,0.020114067367618296,0.025496806768665465,0.5590071940406549,0.024,False
325.6780084742124,0.02011411426354367,0.025474240668337478,0.558788328870421,0.024,False
325.7222461885172,0.020114161137360923,0.025451685206362585,0.5585693507011626,0.024,False
325.766483902822,0.020114207989067868,0.025429140383797823,0.5583502595287497,0.024,False
325.8107216171268,0.020114254818662296,0.02540660620170028,0.5581310553492231,0.024,False
325.8549593314316,0.02011430162614201,0.025384082661127162,0.5579117381587952,0.024,False
325.89919704573634,0.020114348411504866,0.025361569763135628,0.5576923079538486,0.024,False
325.94343476004116,0.020114395174748636,0.0253390675087827,0.5574727647309372,0.024,False
325.98767247434597,0.020114441915871153,0.025316575899125646,0.5572531084867889,0.024,False
326.0319101886508,0.02011448863487003,0.02529409493522169,0.5570333392183058,0.024,False
326.0761479029556,0.020114535331743278,0.025271624618128014,0.5568134569225587,0.024,False
326.12038561726035,0.020114582006488652,0.02524916494890181,0.5565934615967942,0.024,False
326.16462333156517,0.020114628659103937,0.02522671592860026,0.556373353238433,0.024,False
326.20886104587,0.020114675289586957,0.02520427755828057,0.5561531318450698,0.024,False
326.25309876017474,0.020114721897935492,0.025181849838999962,0.5559327974144749,0.024,False
326.2973364744796,0.020114768484147356,0.02515943277181557,0.5557123499445923,0.024,False
326.34157418878436,0.02011481504822035,0.02513702635778453,0.5554917894335426,0.024,False
326.38581190308923,0.02011486159015229,0.025114630597964028,0.5552711158796227,0.024,False
326.43004961739393,0.020114908109940974,0.025092245493411127,0.5550503292813052,0.024,False
326.47428733169875,0.02011495460758419,0.025069871045182917,0.5548294296372404,0.024,False
326.51852504600356,0.02011500108307978,0.025047507254336476,0.5546084169462551,0.024,False
326.5627627603084,0.020115047536425516,0.025025154121928708,0.554387291207354,0.024,False
326.6070004746132,0.02011509396761912,0.025002811649016632,0.5541660524197218,0.024,False
326.651238188918,0.020115140376658493,0.02498047983665714,0.553944700582719,0.024,False
326.6954759032227,0.02011518676354144,0.024958158685907107,0.5537232356958863,0.024,False
326.73971361752757,0.020115233128265735,0.024935848197823355,0.5535016577589448,0.024,False
326.7839513318323,0.020115279470829202,0.024913548373462626,0.5532799667717943,0.024,False
326.82818904613714,0.020115325791229648,0.024891259213881575,0.5530581627345148,0.024,False
326.87242676044195,0.020115372089464827,0.024868980720136828,0.5528362456473684,0.024,False
326.91666447474677,0.020115418365532618,0.024846712893284863,0.552614215510796,0.024,False
326.9609021890516,0.020115464619430777,0.024824455734382266,0.5523920723254235,0.024,False
327.00513990335634,0.02011551085115712,0.024802209244485337,0.5521698160920558,0.024,False
327.04937761766115,0.02011555706070947,0.024779973424650333,0.551947446811681,0.024,False
327.09361533196596,0.02011560324808565,0.02475774827593361,0.5517249644854716,0.024,False
327.1378530462707,0.02011564941328332,0.024735533799391193,0.5515023691147833,0.024,False
327.18209076057553,0.02011569555630041,0.02471332999607906,0.5512796607011528,0.024,False
327.22632847488035,0.02011574167713475,0.024691136867053168,0.5510568392463027,0.024,False
327.2705661891851,0.020115787775784107,0.024668954413369366,0.5508339047521412,0.024,False
327.3148039034899,0.0201158338522463,0.024646782636083386,0.5506108572207612,0.024,False
327.35904161779473,0.020115879906519127,0.024624621536250727,0.5503876966544395,0.024,False
327.40327933209954,0.020115925938600416,0.024602471114926826,0.5501644230556395,0.024,False
327.44751704640436,0.020115971948487917,0.02458033137316702,0.5499410364270121,0.024,False
327.49175476070917,0.020116017936179485,0.02455820231202661,0.5497175367713945,0.024,False
327.53599247501387,0.020116063901672917,0.02453608393256065,0.5494939240918107,0.024,False
327.5802301893187,0.02011610984496602,0.024513976235824065,0.5492701983914725,0.024,False
327.6244679036235,0.020116155766056614,0.024491879222871656,0.5490463596737796,0.024,False
327.6687056179283,0.02011620166494252,0.024469792894758074,0.5488224079423203,0.024,False
327.7129433322331,0.020116247541621363,0.02444771725253778,0.548598343200874,0.024,False
327.75718104653794,0.02011629339609118,0.024425652297265187,0.548374165453405,0.024,False
327.80141876084275,0.0201163392283497,0.024403598029994346,0.54814987470407,0.024,False
327.8456564751475,0.02011638503839477,0.02438155445177954,0.5479254709572178,0.024,False
327.88989418945226,0.020116430826224163,0.0243595215636744,0.5477009542173844,0.024,False
327.93413190375713,0.0201164765918357,0.02433749936673267,0.547476324489299,0.024,False
327.9783696180619,0.020116522335227205,0.024315487862007882,0.547251581777882,0.024,False
328.02260733236676,0.020116568056396444,0.024293487050553418,0.547026726088247,0.024,False
328.0668450466715,0.020116613755341267,0.02427149693342231,0.5468017574256975,0.024,False
328.1110827609763,0.020116659432059477,0.024249517511667505,0.5465766757957312,0.024,False
328.1553204752811,0.020116705086548895,0.02422754878634173,0.5463514812040389,0.024,False
328.1995581895859,0.02011675071880732,0.024205590758497635,0.5461261736565067,0.024,False
328.2437959038907,0.02011679632883263,0.02418364342918751,0.5459007531592123,0.024,False
328.2880336181955,0.02011684191662242,0.024161706799463556,0.545675219718433,0.024,False
328.3322713325003,0.020116887482174696,0.02413978087037763,0.5454495733406346,0.024,False
328.37650904680515,0.020116933025487255,0.024117865642981483,0.545223814032482,0.024,False
328.42074676110985,0.020116978546557904,0.0240959611183266,0.544997941800836,0.024,False
328.4649844754147,0.020117024045384443,0.024074067297464204,0.5447719566527532,0.024,False
328.5092221897195,0.02011706952196471,0.024052184181445276,0.5445458585954868,0.024,False
328.5534599040243,0.020117114976296473,0.02403031177132066,0.5443196476364888,0.024,False
328.5976976183291,0.020117160408377584,0.024008450068140896,0.5440933237834077,0.024,False
328.6419353326339,0.020117205818205853,0.023986599072956354,0.5438668870440911,0.024,False
328.6861730469387,0.02011725120577911,0.023964758786816923,0.5436403374265832,0.024,False
328.7304107612435,0.02011729657109518,0.023942929210772578,0.5434136749391304,0.024,False
328.77464847554825,0.020117341914151873,0.023921110345872756,0.543186899590176,0.024,False
328.8188861898531,0.020117387234946958,0.023899302193166713,0.5429600113883648,0.024,False
328.8631239041579,0.020117432533478245,0.02387750475370345,0.5427330103425416,0.024,False
328.9073616184627,0.020117477809743645,0.023855718028531796,0.5425058964617518,0.024,False
328.95159933276744,0.020117523063740934,0.023833942018700097,0.5422786697552421,0.024,False
328.99583704707226,0.020117568295467965,0.02381217672525658,0.5420513302324612,0.024,False
329.04007476137707,0.02011761350492252,0.023790422149249063,0.5418238779030599,0.024,False
329.0843124756819,0.020117658692102462,0.02376867829172514,0.5415963127768911,0.024,False
329.1285501899867,0.020117703857005554,0.023746945153732067,0.5413686348640121,0.024,False
329.1727879042915,0.020117748999629665,0.023725222736316925,0.5411408441746834,0.024,False
329.2170256185963,0.020117794119972627,0.023703511040526287,0.5409129407193681,0.024,False
329.261263332901,0.020117839218032247,0.02368181006740663,0.540684924508736,0.024,False
329.30550104720584,0.020117884293806353,0.02366011981800392,0.5404567955536597,0.024,False
329.34973876151065,0.020117929347292795,0.023638440293363924,0.5402285538652184,0.024,False
329.39397647581546,0.02011797437848933,0.023616771494531966,0.5400001994546965,0.024,False
329.4382141901203,0.020118019387393802,0.02359511342255319,0.5397717323335857,0.024,False
329.4824519044251,0.02011806437400409,0.023573466078472306,0.5395431525135825,0.024,False
329.52668961872985,0.020118109338318018,0.02355182946333373,0.5393144600065919,0.024,False
329.57092733303466,0.020118154280333395,0.023530203578181454,0.539085654824726,0.024,False
329.6151650473394,0.020118199200048086,0.023508588424059278,0.5388567369803057,0.024,False
329.6594027616443,0.020118244097459895,0.02348698400201042,0.5386277064858588,0.024,False
329.70364047594904,0.020118288972566623,0.02346539031307792,0.5383985633541242,0.024,False
329.74787819025386,0.020118333825366156,0.02344380735830439,0.5381693075980479,0.024,False
329.79211590455867,0.0201183786558563,0.02342223513873199,0.537939939230787,0.024,False
329.8363536188634,0.020118423464034904,0.02340067365540269,0.5377104582657092,0.024,False
329.88059133316824,0.020118468249899803,0.02337912290935798,0.5374808647163924,0.024,False
329.92482904747305,0.020118513013448865,0.023357582901638953,0.5372511585966256,0.024,False
329.9690667617778,0.020118557754679786,0.02333605363328623,0.5370213399204103,0.024,False
330.0133044760827,0.020118602473590513,0.023314535105340203,0.5367914087019587,0.024,False
330.05754219038744,0.02011864717017888,0.023293027318840857,0.5365613649556974,0.024,False
330.10177990469225,0.02011869184444273,0.02327153027482753,0.5363312086962627,0.024,False
330.146017618997,0.020118736496379904,0.023250043974339444,0.5361009399385078,0.024,False
330.1902553333018,0.020118781125988243,0.023228568418415307,0.535870558697499,0.024,False
330.23449304760663,0.020118825733265597,0.023207103608093322,0.5356400649885155,0.024,False
330.27873076191145,0.020118870318209775,0.023185649544411352,0.5354094588270532,0.024,False
330.32296847621626,0.020118914880818652,0.02316420622840687,0.5351787402288225,0.024,False
330.3672061905211,0.020118959421090064,0.023142773661116785,0.534947909209749,0.024,False
330.4114439048258,0.020119003939021878,0.02312135184357763,0.5347169657859746,0.024,False
330.45568161913064,0.02011904843461193,0.023099940776825534,0.5344859099738587,0.024,False
330.4999193334354,0.020119092907858092,0.023078540461896096,0.5342547417899766,0.024,False
330.54415704774027,0.020119137358758064,0.02305715089982458,0.5340234612511242,0.024,False
330.588394762045,0.02011918178730983,0.02303577209164564,0.5337920683743111,0.024,False
330.63263247634984,0.020119226193511235,0.023014404038393586,0.5335605631767676,0.024,False
330.6768701906546,0.020119270577360123,0.0229930467411022,0.5333289456759428,0.024,False
330.7211079049594,0.020119314938854348,0.022971700200804735,0.5330972158895042,0.024,False
330.7653456192642,0.02011935927799175,0.02295036441853416,0.5328653738353418,0.024,False
330.80958333356904,0.020119403594770185,0.022929039395322717,0.5326334195315628,0.024,False
330.85382104787385,0.020119447889187517,0.02290772513220227,0.5324013529964964,0.024,False
330.89805876217866,0.020119492161241617,0.022886421630204174,0.5321691742486928,0.024,False
330.94229647648336,0.02011953641093031,0.022865128890359323,0.5319368833069248,0.024,False
330.9865341907882,0.02011958063825149,0.02284384691369805,0.5317044801901861,0.024,False
331.030771905093,0.020119624843203014,0.02282257570125025,0.5314719649176941,0.024,False
331.0750096193978,0.02011966902578275,0.022801315254045197,0.5312393375088881,0.024,False
331.1192473337026,0.020119713185988392,0.022780065573111668,0.5310065979834331,0.024,False
331.16348504800743,0.020119757323817992,0.022758826659477965,0.5307737463612145,0.024,False
331.20772276231224,0.020119801439269405,0.022737598514171866,0.5305407826623446,0.024,False
331.251960476617,0.02011984553234046,0.022716381138220547,0.5303077069071602,0.024,False
331.2961981909218,0.020119889603029014,0.02269517453265059,0.5300745191162224,0.024,False
331.34043590522657,0.020119933651332977,0.022673978698488147,0.5298412193103191,0.024,False
331.3846736195314,0.02011997767725018,0.02265279363675885,0.5296078075104654,0.024,False
331.4289113338362,0.020120021680778474,0.022631619348487644,0.5293742837379017,0.024,False
331.473149048141,0.02012006566191579,0.02261045583469896,0.5291406480140953,0.024,False
331.51738676244577,0.020120109620659955,0.022589303096416644,0.5289069003607422,0.024,False
331.5616244767506,0.020120153557008857,0.022568161134664,0.5286730407997656,0.024,False
331.6058621910554,0.020120197470960395,0.02254702995046379,0.5284390693533185,0.024,False
331.63638621392573,0.020120227758527065,0.02253245571775196,0.5282775638321376,0.024,False
